zone_key,neighborhood_name,district_name,destination_id,destination_name,service_date,morning_start_datetime,morning_end_datetime,morning_transit_modes,morning_routes_used,morning_agencies_used,morning_duration_minutes,morning_walk_time_minutes,morning_waiting_time_minutes,morning_walk_distance_meters,morning_number_of_transfers,evening_start_datetime,evening_end_datetime,evening_transit_modes,evening_routes_used,evening_agencies_used,evening_duration_minutes,evening_walk_time_minutes,evening_waiting_time_minutes,evening_walk_distance_meters,evening_number_of_transfers,commute_daily_minutes,commute_daily_walk_minutes,commute_daily_waiting_minutes,commute_daily_transfers
MAD-011,Palacio,Centro,DEST_002,Nuevos Ministerios,2026-07-29,2026-07-29T07:51:00+02:00,2026-07-29T08:51:33+02:00,BUS,C1,Información oficial: Consorcio Regional de Transportes de Madrid,60.55,10.633333333333333,13.0,707.85,1.0,2026-07-29T18:00:00+02:00,2026-07-29T18:51:57+02:00,BUS,147,Información oficial: Consorcio Regional de Transportes de Madrid,51.95,21.35,7.0,1545.31,0.0,112.5,31.983333333333334,20.0,1.0
MAD-011,Palacio,Centro,DEST_003,UC3M Campus de Leganés,2026-07-29,2026-07-29T07:38:00+02:00,2026-07-29T08:56:51+02:00,BUS,39|482,Información oficial: Consorcio Regional de Transportes de Madrid|Consorcio Regional de Transportes de Madrid,78.85,32.65,11.066666666666666,2306.94,1.0,2026-07-29T18:00:58+02:00,2026-07-29T19:23:49+02:00,BUS,493|138,Consorcio Regional de Transportes de Madrid|Información oficial: Consorcio Regional de Transportes de Madrid,82.85,17.266666666666666,12.0,1257.27,1.0,161.7,49.916666666666664,23.066666666666666,2.0
MAD-012,Embajadores,Centro,DEST_002,Nuevos Ministerios,2026-07-29,2026-07-29T07:58:00+02:00,2026-07-29T08:49:26+02:00,BUS,27,Información oficial: Consorcio Regional de Transportes de Madrid,51.43333333333333,13.7,5.0,969.01,0.0,2026-07-29T18:00:00+02:00,2026-07-29T18:45:13+02:00,BUS,27,Información oficial: Consorcio Regional de Transportes de Madrid,45.21666666666667,8.633333333333333,7.0,616.35,0.0,96.65,22.333333333333332,12.0,0.0
MAD-012,Embajadores,Centro,DEST_003,UC3M Campus de Leganés,2026-07-29,2026-07-29T07:46:00+02:00,2026-07-29T08:56:51+02:00,BUS,E1|482,Información oficial: Consorcio Regional de Transportes de Madrid|Consorcio Regional de Transportes de Madrid,70.85,14.05,12.1,1017.18,1.0,2026-07-29T18:00:58+02:00,2026-07-29T19:16:38+02:00,BUS,493|34,Consorcio Regional de Transportes de Madrid|Información oficial: Consorcio Regional de Transportes de Madrid,75.66666666666667,13.533333333333331,10.0,999.35,1.0,146.51666666666665,27.583333333333332,22.1,2.0
MAD-013,Cortes,Centro,DEST_002,Nuevos Ministerios,2026-07-29,2026-07-29T08:06:00+02:00,2026-07-29T08:49:21+02:00,BUS,14,Información oficial: Consorcio Regional de Transportes de Madrid,43.35,12.466666666666669,8.0,790.59,0.0,2026-07-29T18:00:00+02:00,2026-07-29T18:35:21+02:00,BUS,27,Información oficial: Consorcio Regional de Transportes de Madrid,35.35,6.766666666666667,7.0,492.28,0.0,78.7,19.233333333333334,15.0,0.0
MAD-013,Cortes,Centro,DEST_003,UC3M Campus de Leganés,2026-07-29,2026-07-29T07:42:00+02:00,2026-07-29T08:56:51+02:00,BUS,E1|482,Información oficial: Consorcio Regional de Transportes de Madrid|Consorcio Regional de Transportes de Madrid,74.85,16.633333333333333,12.416666666666666,1194.67,1.0,2026-07-29T18:00:58+02:00,2026-07-29T19:21:38+02:00,BUS,480|E1,Consorcio Regional de Transportes de Madrid|Información oficial: Consorcio Regional de Transportes de Madrid,80.66666666666667,16.283333333333335,13.0,1177.08,1.0,155.51666666666665,32.91666666666667,25.416666666666664,2.0
MAD-014,Justicia,Centro,DEST_002,Nuevos Ministerios,2026-07-29,2026-07-29T08:22:00+02:00,2026-07-29T08:59:45+02:00,BUS,14,Información oficial: Consorcio Regional de Transportes de Madrid,37.75,12.983333333333333,8.0,762.46,0.0,2026-07-29T18:00:00+02:00,2026-07-29T18:31:51+02:00,BUS,27,Información oficial: Consorcio Regional de Transportes de Madrid,31.85,9.45,7.0,616.6600000000001,0.0,69.6,22.43333333333333,15.0,0.0
MAD-014,Justicia,Centro,DEST_003,UC3M Campus de Leganés,2026-07-29,2026-07-29T07:36:00+02:00,2026-07-29T08:56:51+02:00,BUS,E1|482,Información oficial: Consorcio Regional de Transportes de Madrid|Consorcio Regional de Transportes de Madrid,80.85,15.233333333333333,12.833333333333334,1058.2,1.0,2026-07-29T18:00:58+02:00,2026-07-29T19:25:11+02:00,BUS,480|E1,Consorcio Regional de Transportes de Madrid|Información oficial: Consorcio Regional de Transportes de Madrid,84.21666666666667,15.483333333333333,13.0,1080.12,1.0,165.06666666666666,30.716666666666665,25.833333333333336,2.0
MAD-015,Universidad,Centro,DEST_002,Nuevos Ministerios,2026-07-29,2026-07-29T08:13:00+02:00,2026-07-29T08:47:59+02:00,BUS,147,Información oficial: Consorcio Regional de Transportes de Madrid,34.983333333333334,9.233333333333333,7.0,594.23,0.0,2026-07-29T18:00:00+02:00,2026-07-29T18:31:14+02:00,BUS,147,Información oficial: Consorcio Regional de Transportes de Madrid,31.23333333333333,4.283333333333333,7.0,264.86,0.0,66.21666666666667,13.516666666666666,14.0,0.0
MAD-015,Universidad,Centro,DEST_003,UC3M Campus de Leganés,2026-07-29,2026-07-29T07:35:00+02:00,2026-07-29T08:56:51+02:00,BUS,39|482,Información oficial: Consorcio Regional de Transportes de Madrid|Consorcio Regional de Transportes de Madrid,81.85,30.65,11.95,2174.29,1.0,2026-07-29T18:00:58+02:00,2026-07-29T19:31:54+02:00,BUS,493|486|25,Consorcio Regional de Transportes de Madrid|Información oficial: Consorcio Regional de Transportes de Madrid,90.93333333333334,22.366666666666667,17.85,1727.24,2.0,172.78333333333333,53.016666666666666,29.8,3.0
MAD-016,Sol,Centro,DEST_002,Nuevos Ministerios,2026-07-29,2026-07-29T08:08:00+02:00,2026-07-29T08:50:43+02:00,BUS,147,Información oficial: Consorcio Regional de Transportes de Madrid,42.71666666666667,13.05,7.0,954.04,0.0,2026-07-29T18:00:00+02:00,2026-07-29T18:37:55+02:00,BUS,150,Información oficial: Consorcio Regional de Transportes de Madrid,37.91666666666666,9.85,10.0,688.4200000000001,0.0,80.63333333333333,22.9,17.0,0.0
MAD-016,Sol,Centro,DEST_003,UC3M Campus de Leganés,2026-07-29,2026-07-29T07:34:00+02:00,2026-07-29T08:56:51+02:00,BUS,27|E1|482,Información oficial: Consorcio Regional de Transportes de Madrid|Consorcio Regional de Transportes de Madrid,82.85,15.666666666666666,18.466666666666665,1118.1999999999998,2.0,2026-07-29T18:03:27+02:00,2026-07-29T19:21:19+02:00,BUS,485|484|35,Consorcio Regional de Transportes de Madrid|Información oficial: Consorcio Regional de Transportes de Madrid,77.86666666666666,10.916666666666666,13.483333333333333,812.07,2.0,160.71666666666664,26.583333333333332,31.949999999999996,4.0
MAD-021,Imperial,Arganzuela,DEST_001,Puerta del Sol,2026-07-29,2026-07-29T08:28:00+02:00,2026-07-29T08:59:15+02:00,BUS,17,Información oficial: Consorcio Regional de Transportes de Madrid,31.25,12.183333333333334,10.0,853.3699999999999,0.0,2026-07-29T18:00:00+02:00,2026-07-29T18:29:32+02:00,BUS,17,Información oficial: Consorcio Regional de Transportes de Madrid,29.53333333333333,11.7,10.0,845.0999999999999,0.0,60.78333333333333,23.883333333333333,20.0,0.0
MAD-021,Imperial,Arganzuela,DEST_002,Nuevos Ministerios,2026-07-29,2026-07-29T07:40:00+02:00,2026-07-29T08:43:33+02:00,BUS,C1,Información oficial: Consorcio Regional de Transportes de Madrid,63.55,9.416666666666666,13.0,647.75,1.0,2026-07-29T18:00:00+02:00,2026-07-29T19:04:35+02:00,BUS,27,Información oficial: Consorcio Regional de Transportes de Madrid,64.58333333333333,26.066666666666663,7.0,1741.52,0.0,128.13333333333333,35.48333333333333,20.0,1.0
MAD-021,Imperial,Arganzuela,DEST_003,UC3M Campus de Leganés,2026-07-29,2026-07-29T07:46:00+02:00,2026-07-29T08:56:51+02:00,BUS,34|482,Información oficial: Consorcio Regional de Transportes de Madrid|Consorcio Regional de Transportes de Madrid,70.85,15.05,10.55,1020.38,1.0,2026-07-29T18:00:58+02:00,2026-07-29T19:14:57+02:00,BUS,493|34,Consorcio Regional de Transportes de Madrid|Información oficial: Consorcio Regional de Transportes de Madrid,73.98333333333333,19.266666666666666,10.0,1346.08,1.0,144.83333333333331,34.31666666666666,20.55,2.0
MAD-022,Acacias,Arganzuela,DEST_001,Puerta del Sol,2026-07-29,2026-07-29T08:26:00+02:00,2026-07-29T08:59:08+02:00,BUS,23,Información oficial: Consorcio Regional de Transportes de Madrid,33.13333333333333,19.35,7.0,1429.65,0.0,2026-07-29T18:00:00+02:00,2026-07-29T18:36:58+02:00,BUS,23,Información oficial: Consorcio Regional de Transportes de Madrid,36.96666666666667,20.133333333333333,9.0,1457.25,0.0,70.1,39.483333333333334,16.0,0.0
MAD-022,Acacias,Arganzuela,DEST_002,Nuevos Ministerios,2026-07-29,2026-07-29T07:48:00+02:00,2026-07-29T08:49:42+02:00,BUS,27,Información oficial: Consorcio Regional de Transportes de Madrid,61.7,21.03333333333333,5.0,1426.73,0.0,2026-07-29T18:00:00+02:00,2026-07-29T18:55:01+02:00,BUS,27,Información oficial: Consorcio Regional de Transportes de Madrid,55.016666666666666,16.5,7.0,1087.27,0.0,116.71666666666667,37.53333333333333,12.0,0.0
MAD-022,Acacias,Arganzuela,DEST_003,UC3M Campus de Leganés,2026-07-29,2026-07-29T07:49:00+02:00,2026-07-29T08:56:51+02:00,BUS,34|482,Información oficial: Consorcio Regional de Transportes de Madrid|Consorcio Regional de Transportes de Madrid,67.85,11.383333333333333,10.166666666666666,800.6899999999999,1.0,2026-07-29T18:00:58+02:00,2026-07-29T19:10:46+02:00,BUS,480,Consorcio Regional de Transportes de Madrid,69.8,35.93333333333333,0.0,2647.25,0.0,137.64999999999998,47.31666666666666,10.166666666666666,1.0
MAD-023,Chopera,Arganzuela,DEST_001,Puerta del Sol,2026-07-29,2026-07-29T08:22:00+02:00,2026-07-29T08:59:16+02:00,BUS,6,Información oficial: Consorcio Regional de Transportes de Madrid,37.266666666666666,10.416666666666666,9.0,762.06,0.0,2026-07-29T18:00:00+02:00,2026-07-29T18:42:41+02:00,BUS,6,Información oficial: Consorcio Regional de Transportes de Madrid,42.68333333333333,16.316666666666666,9.0,1211.94,0.0,79.94999999999999,26.733333333333334,18.0,0.0
MAD-023,Chopera,Arganzuela,DEST_002,Nuevos Ministerios,2026-07-29,2026-07-29T07:52:00+02:00,2026-07-29T08:51:43+02:00,BUS,45,Información oficial: Consorcio Regional de Transportes de Madrid,59.71666666666667,21.116666666666667,9.0,1458.52,0.0,2026-07-29T18:00:00+02:00,2026-07-29T18:58:31+02:00,BUS,27,Información oficial: Consorcio Regional de Transportes de Madrid,58.516666666666666,21.933333333333334,7.0,1594.95,0.0,118.23333333333333,43.05,16.0,0.0
MAD-023,Chopera,Arganzuela,DEST_003,UC3M Campus de Leganés,2026-07-29,2026-07-29T07:45:05+02:00,2026-07-29T08:59:59+02:00,BUS,480,Consorcio Regional de Transportes de Madrid,74.9,32.78333333333333,0.0,2381.68,0.0,2026-07-29T18:00:58+02:00,2026-07-29T19:07:29+02:00,BUS,480|E1,Consorcio Regional de Transportes de Madrid|Información oficial: Consorcio Regional de Transportes de Madrid,66.51666666666667,10.833333333333334,13.0,773.2099999999999,1.0,141.41666666666669,43.61666666666667,13.0,1.0
MAD-024,Legazpi,Arganzuela,DEST_001,Puerta del Sol,2026-07-29,2026-07-29T08:09:00+02:00,2026-07-29T08:59:32+02:00,BUS,6,Información oficial: Consorcio Regional de Transportes de Madrid,50.53333333333333,20.666666666666668,9.0,1486.24,0.0,2026-07-29T18:00:00+02:00,2026-07-29T18:52:40+02:00,BUS,45,Información oficial: Consorcio Regional de Transportes de Madrid,52.66666666666666,24.016666666666666,10.0,1740.9499999999998,0.0,103.19999999999999,44.68333333333334,19.0,0.0
MAD-024,Legazpi,Arganzuela,DEST_002,Nuevos Ministerios,2026-07-29,2026-07-29T07:54:00+02:00,2026-07-29T08:59:01+02:00,BUS,45,Información oficial: Consorcio Regional de Transportes de Madrid,65.01666666666667,23.766666666666666,9.0,1708.82,0.0,2026-07-29T18:00:00+02:00,2026-07-29T19:08:18+02:00,BUS,19,Información oficial: Consorcio Regional de Transportes de Madrid,68.3,24.6,5.0,1755.66,0.0,133.31666666666666,48.36666666666667,14.0,0.0
MAD-024,Legazpi,Arganzuela,DEST_003,UC3M Campus de Leganés,2026-07-29,2026-07-29T07:31:00+02:00,2026-07-29T08:56:51+02:00,BUS,47|484|482,Información oficial: Consorcio Regional de Transportes de Madrid|Consorcio Regional de Transportes de Madrid,85.85,14.366666666666667,25.25,1023.63,2.0,2026-07-29T18:04:55+02:00,2026-07-29T19:15:08+02:00,BUS,485|432|423,Consorcio Regional de Transportes de Madrid,70.21666666666667,14.2,14.866666666666667,1042.06,2.0,156.06666666666666,28.566666666666666,40.11666666666667,4.0
MAD-025,Delicias,Arganzuela,DEST_001,Puerta del Sol,2026-07-29,2026-07-29T08:19:00+02:00,2026-07-29T08:59:40+02:00,BUS,6,Información oficial: Consorcio Regional de Transportes de Madrid,40.66666666666666,21.016666666666666,9.0,1568.44,0.0,2026-07-29T18:00:00+02:00,2026-07-29T18:47:09+02:00,BUS,45,Información oficial: Consorcio Regional de Transportes de Madrid,47.15,24.15,10.0,1746.82,0.0,87.81666666666666,45.166666666666664,19.0,0.0
MAD-025,Delicias,Arganzuela,DEST_002,Nuevos Ministerios,2026-07-29,2026-07-29T07:48:00+02:00,2026-07-29T08:45:20+02:00,BUS,45,Información oficial: Consorcio Regional de Transportes de Madrid,57.333333333333336,20.25,9.0,1466.94,0.0,2026-07-29T18:00:00+02:00,2026-07-29T18:59:57+02:00,BUS,27,Información oficial: Consorcio Regional de Transportes de Madrid,59.95,26.133333333333333,7.0,1849.5,0.0,117.28333333333333,46.38333333333333,16.0,0.0
MAD-025,Delicias,Arganzuela,DEST_003,UC3M Campus de Leganés,2026-07-29,2026-07-29T07:32:00+02:00,2026-07-29T08:56:51+02:00,BUS,E1|482,Información oficial: Consorcio Regional de Transportes de Madrid|Consorcio Regional de Transportes de Madrid,84.85,27.55,12.6,1948.89,1.0,2026-07-29T18:04:55+02:00,2026-07-29T19:18:45+02:00,BUS,485|432|422,Consorcio Regional de Transportes de Madrid,73.83333333333333,17.183333333333334,13.583333333333334,1243.46,2.0,158.68333333333334,44.733333333333334,26.183333333333334,3.0
MAD-026,Palos de la Frontera,Arganzuela,DEST_001,Puerta del Sol,2026-07-29,2026-07-29T08:31:00+02:00,2026-07-29T08:59:43+02:00,BUS,6,Información oficial: Consorcio Regional de Transportes de Madrid,28.716666666666665,9.066666666666666,9.0,625.45,0.0,2026-07-29T18:00:00+02:00,2026-07-29T18:35:16+02:00,BUS,6,Información oficial: Consorcio Regional de Transportes de Madrid,35.266666666666666,12.416666666666666,9.0,859.4599999999999,0.0,63.983333333333334,21.483333333333334,18.0,0.0
MAD-026,Palos de la Frontera,Arganzuela,DEST_002,Nuevos Ministerios,2026-07-29,2026-07-29T08:02:00+02:00,2026-07-29T08:45:39+02:00,BUS,27,Información oficial: Consorcio Regional de Transportes de Madrid,43.65,9.516666666666667,5.0,666.35,0.0,2026-07-29T18:00:00+02:00,2026-07-29T18:45:23+02:00,BUS,27,Información oficial: Consorcio Regional de Transportes de Madrid,45.38333333333333,11.566666666666666,7.0,770.76,0.0,89.03333333333333,21.083333333333336,12.0,0.0
MAD-026,Palos de la Frontera,Arganzuela,DEST_003,UC3M Campus de Leganés,2026-07-29,2026-07-29T07:47:00+02:00,2026-07-29T08:56:51+02:00,BUS,E1|482,Información oficial: Consorcio Regional de Transportes de Madrid|Consorcio Regional de Transportes de Madrid,69.85,12.983333333333333,12.166666666666666,870.14,1.0,2026-07-29T18:00:58+02:00,2026-07-29T19:07:53+02:00,BUS,480|E1,Consorcio Regional de Transportes de Madrid|Información oficial: Consorcio Regional de Transportes de Madrid,66.91666666666667,6.433333333333334,13.0,416.95,1.0,136.76666666666665,19.416666666666664,25.166666666666664,2.0
MAD-027,Atocha,Arganzuela,DEST_001,Puerta del Sol,2026-07-29,2026-07-29T08:17:00+02:00,2026-07-29T08:59:35+02:00,BUS,32,Información oficial: Consorcio Regional de Transportes de Madrid,42.583333333333336,21.566666666666663,9.0,1545.41,0.0,2026-07-29T18:00:00+02:00,2026-07-29T18:47:05+02:00,BUS,32,Información oficial: Consorcio Regional de Transportes de Madrid,47.083333333333336,27.08333333333333,8.0,1960.61,0.0,89.66666666666667,48.64999999999999,17.0,0.0
MAD-027,Atocha,Arganzuela,DEST_002,Nuevos Ministerios,2026-07-29,2026-07-29T07:55:00+02:00,2026-07-29T08:56:15+02:00,BUS,14,Información oficial: Consorcio Regional de Transportes de Madrid,61.25,19.366666666666667,8.0,1286.47,0.0,2026-07-29T18:00:00+02:00,2026-07-29T18:59:33+02:00,BUS,14,Información oficial: Consorcio Regional de Transportes de Madrid,59.55,20.25,10.0,1452.64,0.0,120.8,39.61666666666667,18.0,0.0
MAD-027,Atocha,Arganzuela,DEST_003,UC3M Campus de Leganés,2026-07-29,2026-07-29T07:31:00+02:00,2026-07-29T08:56:51+02:00,BUS,102|E1|482,Información oficial: Consorcio Regional de Transportes de Madrid|Consorcio Regional de Transportes de Madrid,85.85,11.483333333333333,21.25,753.8299999999999,2.0,2026-07-29T18:04:55+02:00,2026-07-29T19:18:38+02:00,BUS,485|432|423,Consorcio Regional de Transportes de Madrid,73.71666666666667,15.066666666666666,14.866666666666667,1068.0,2.0,159.56666666666666,26.549999999999997,36.11666666666667,4.0
MAD-031,Pacífico,Retiro,DEST_001,Puerta del Sol,2026-07-29,2026-07-29T08:21:00+02:00,2026-07-29T08:54:34+02:00,BUS,26,Información oficial: Consorcio Regional de Transportes de Madrid,33.56666666666667,11.366666666666667,9.0,805.6500000000001,0.0,2026-07-29T18:00:00+02:00,2026-07-29T18:37:53+02:00,BUS,37,Información oficial: Consorcio Regional de Transportes de Madrid,37.88333333333333,12.9,11.0,911.73,0.0,71.45,24.266666666666666,20.0,0.0
MAD-031,Pacífico,Retiro,DEST_002,Nuevos Ministerios,2026-07-29,2026-07-29T07:58:00+02:00,2026-07-29T08:49:03+02:00,BUS,14,Información oficial: Consorcio Regional de Transportes de Madrid,51.05,9.166666666666666,8.0,546.71,0.0,2026-07-29T18:00:00+02:00,2026-07-29T18:53:06+02:00,BUS,14,Información oficial: Consorcio Regional de Transportes de Madrid,53.1,10.75,10.0,731.87,0.0,104.15,19.916666666666664,18.0,0.0
MAD-031,Pacífico,Retiro,DEST_003,UC3M Campus de Leganés,2026-07-29,2026-07-29T07:36:00+02:00,2026-07-29T08:56:51+02:00,BUS,C1|E1|482,Información oficial: Consorcio Regional de Transportes de Madrid|Consorcio Regional de Transportes de Madrid,80.85,9.8,19.53333333333333,644.5400000000001,2.0,2026-07-29T18:04:55+02:00,2026-07-29T19:27:29+02:00,BUS,485|432|423,Consorcio Regional de Transportes de Madrid,82.56666666666666,23.916666666666668,14.866666666666667,1731.46,2.0,163.41666666666666,33.71666666666667,34.4,4.0
MAD-032,Adelfas,Retiro,DEST_001,Puerta del Sol,2026-07-29,2026-07-29T08:17:00+02:00,2026-07-29T08:59:40+02:00,BUS,32,Información oficial: Consorcio Regional de Transportes de Madrid,42.66666666666666,21.65,9.0,1568.21,0.0,2026-07-29T18:00:00+02:00,2026-07-29T18:44:52+02:00,BUS,37,Información oficial: Consorcio Regional de Transportes de Madrid,44.86666666666667,15.616666666666667,11.0,1108.26,0.0,87.53333333333333,37.266666666666666,20.0,0.0
MAD-032,Adelfas,Retiro,DEST_002,Nuevos Ministerios,2026-07-29,2026-07-29T07:59:00+02:00,2026-07-29T08:59:13+02:00,BUS,56|C2,Información oficial: Consorcio Regional de Transportes de Madrid,60.21666666666667,3.55,16.0,255.26,1.0,2026-07-29T18:00:00+02:00,2026-07-29T19:00:20+02:00,BUS,14,Información oficial: Consorcio Regional de Transportes de Madrid,60.333333333333336,11.2,10.0,778.08,0.0,120.55000000000001,14.75,26.0,1.0
MAD-032,Adelfas,Retiro,DEST_003,UC3M Campus de Leganés,2026-07-29,2026-07-29T07:26:00+02:00,2026-07-29T08:56:51+02:00,BUS,C1|E1|482,Información oficial: Consorcio Regional de Transportes de Madrid|Consorcio Regional de Transportes de Madrid,90.85,20.08333333333333,19.25,1407.1,2.0,2026-07-29T18:04:55+02:00,2026-07-29T19:24:31+02:00,BUS,485|432|423,Consorcio Regional de Transportes de Madrid,79.6,20.95,14.866666666666667,1513.55,2.0,170.45,41.03333333333333,34.11666666666667,4.0
MAD-033,Estrella,Retiro,DEST_001,Puerta del Sol,2026-07-29,2026-07-29T08:12:00+02:00,2026-07-29T08:58:51+02:00,BUS,32,Información oficial: Consorcio Regional de Transportes de Madrid,46.85,14.066666666666666,9.0,1021.53,0.0,2026-07-29T18:00:00+02:00,2026-07-29T18:46:38+02:00,BUS,20,Información oficial: Consorcio Regional de Transportes de Madrid,46.63333333333333,17.75,9.0,1248.61,0.0,93.48333333333333,31.816666666666666,18.0,0.0
MAD-033,Estrella,Retiro,DEST_002,Nuevos Ministerios,2026-07-29,2026-07-29T08:01:00+02:00,2026-07-29T08:55:09+02:00,BUS,143|C2,Información oficial: Consorcio Regional de Transportes de Madrid,54.15,9.2,16.0,634.4499999999999,1.0,2026-07-29T18:00:00+02:00,2026-07-29T18:56:48+02:00,BUS,C1|56,Información oficial: Consorcio Regional de Transportes de Madrid,56.8,11.016666666666667,15.0,736.3,1.0,110.94999999999999,20.21666666666667,31.0,2.0
MAD-033,Estrella,Retiro,DEST_003,UC3M Campus de Leganés,2026-07-29,2026-07-29T07:18:00+02:00,2026-07-29T08:56:51+02:00,BUS,32|E1|482,Información oficial: Consorcio Regional de Transportes de Madrid|Consorcio Regional de Transportes de Madrid,98.85,12.8,24.23333333333333,882.1500000000001,2.0,2026-07-29T18:00:58+02:00,2026-07-29T19:48:26+02:00,BUS,480|E1|C2,Consorcio Regional de Transportes de Madrid|Información oficial: Consorcio Regional de Transportes de Madrid,107.46666666666668,23.866666666666667,22.0,1647.47,2.0,206.31666666666666,36.66666666666667,46.233333333333334,4.0
MAD-034,Ibiza,Retiro,DEST_001,Puerta del Sol,2026-07-29,2026-07-29T08:19:00+02:00,2026-07-29T08:52:20+02:00,BUS,20,Información oficial: Consorcio Regional de Transportes de Madrid,33.333333333333336,14.666666666666666,9.0,1055.4,0.0,2026-07-29T18:00:00+02:00,2026-07-29T18:35:09+02:00,BUS,20,Información oficial: Consorcio Regional de Transportes de Madrid,35.15,16.683333333333334,9.0,1220.2,0.0,68.48333333333333,31.35,18.0,0.0
MAD-034,Ibiza,Retiro,DEST_002,Nuevos Ministerios,2026-07-29,2026-07-29T08:07:00+02:00,2026-07-29T08:45:14+02:00,BUS,C2,Información oficial: Consorcio Regional de Transportes de Madrid,38.23333333333333,6.316666666666666,5.0,462.18,0.0,2026-07-29T18:00:00+02:00,2026-07-29T18:42:59+02:00,BUS,C1,Información oficial: Consorcio Regional de Transportes de Madrid,42.98333333333333,8.083333333333334,6.0,552.76,0.0,81.21666666666665,14.4,11.0,0.0
MAD-034,Ibiza,Retiro,DEST_003,UC3M Campus de Leganés,2026-07-29,2026-07-29T07:25:00+02:00,2026-07-29T08:56:51+02:00,BUS,C1|E1|482,Información oficial: Consorcio Regional de Transportes de Madrid|Consorcio Regional de Transportes de Madrid,91.85,9.883333333333333,19.383333333333333,656.9699999999999,2.0,2026-07-29T18:00:58+02:00,2026-07-29T19:39:32+02:00,BUS,480|E1,Consorcio Regional de Transportes de Madrid|Información oficial: Consorcio Regional de Transportes de Madrid,98.56666666666666,29.83333333333333,13.0,2190.51,1.0,190.41666666666666,39.71666666666666,32.38333333333333,3.0
MAD-035,Los Jerónimos,Retiro,DEST_002,Nuevos Ministerios,2026-07-29,2026-07-29T08:06:00+02:00,2026-07-29T08:54:35+02:00,BUS,14,Información oficial: Consorcio Regional de Transportes de Madrid,48.583333333333336,15.916666666666666,8.0,1037.24,0.0,2026-07-29T18:00:00+02:00,2026-07-29T18:43:41+02:00,BUS,19,Información oficial: Consorcio Regional de Transportes de Madrid,43.68333333333333,17.7,5.0,1240.5,0.0,92.26666666666667,33.61666666666667,13.0,0.0
MAD-035,Los Jerónimos,Retiro,DEST_003,UC3M Campus de Leganés,2026-07-29,2026-07-29T07:39:00+02:00,2026-07-29T08:56:51+02:00,BUS,E1|482,Información oficial: Consorcio Regional de Transportes de Madrid|Consorcio Regional de Transportes de Madrid,77.85,19.55,12.5,1380.4699999999998,1.0,2026-07-29T18:00:58+02:00,2026-07-29T19:23:35+02:00,BUS,480|E1,Consorcio Regional de Transportes de Madrid|Información oficial: Consorcio Regional de Transportes de Madrid,82.61666666666666,18.23333333333333,13.0,1301.35,1.0,160.46666666666664,37.78333333333333,25.5,2.0
MAD-036,Niño Jesús,Retiro,DEST_001,Puerta del Sol,2026-07-29,2026-07-29T08:19:00+02:00,2026-07-29T08:55:50+02:00,BUS,20,Información oficial: Consorcio Regional de Transportes de Madrid,36.833333333333336,10.683333333333334,9.0,778.15,0.0,2026-07-29T18:00:00+02:00,2026-07-29T18:37:43+02:00,BUS,20,Información oficial: Consorcio Regional de Transportes de Madrid,37.71666666666667,13.6,9.0,969.45,0.0,74.55000000000001,24.28333333333333,18.0,0.0
MAD-036,Niño Jesús,Retiro,DEST_002,Nuevos Ministerios,2026-07-29,2026-07-29T08:03:00+02:00,2026-07-29T08:48:14+02:00,BUS,C2,Información oficial: Consorcio Regional de Transportes de Madrid,45.23333333333333,5.883333333333334,5.0,402.01,0.0,2026-07-29T18:00:00+02:00,2026-07-29T18:51:46+02:00,BUS,C1,Información oficial: Consorcio Regional de Transportes de Madrid,51.766666666666666,8.083333333333334,6.0,543.54,0.0,97.0,13.966666666666669,11.0,0.0
MAD-036,Niño Jesús,Retiro,DEST_003,UC3M Campus de Leganés,2026-07-29,2026-07-29T07:30:00+02:00,2026-07-29T08:56:51+02:00,BUS,C1|E1|482,Información oficial: Consorcio Regional de Transportes de Madrid|Consorcio Regional de Transportes de Madrid,86.85,10.766666666666667,19.633333333333333,720.21,2.0,2026-07-29T18:00:58+02:00,2026-07-29T19:35:25+02:00,BUS,480|E1|C2,Consorcio Regional de Transportes de Madrid|Información oficial: Consorcio Regional de Transportes de Madrid,94.45,10.85,22.0,702.6600000000001,2.0,181.3,21.616666666666667,41.63333333333333,4.0
MAD-041,Recoletos,Salamanca,DEST_001,Puerta del Sol,2026-07-29,2026-07-29T08:31:00+02:00,2026-07-29T08:58:12+02:00,BUS,9,Información oficial: Consorcio Regional de Transportes de Madrid,27.2,12.7,7.0,881.71,0.0,2026-07-29T18:00:00+02:00,2026-07-29T18:29:10+02:00,BUS,20,Información oficial: Consorcio Regional de Transportes de Madrid,29.166666666666668,14.733333333333333,9.0,1100.69,0.0,56.36666666666667,27.43333333333333,16.0,0.0
MAD-041,Recoletos,Salamanca,DEST_002,Nuevos Ministerios,2026-07-29,2026-07-29T08:18:00+02:00,2026-07-29T08:53:47+02:00,BUS,14,Información oficial: Consorcio Regional de Transportes de Madrid,35.78333333333333,11.016666666666667,8.0,681.34,0.0,2026-07-29T18:00:00+02:00,2026-07-29T18:32:21+02:00,BUS,27,Información oficial: Consorcio Regional de Transportes de Madrid,32.35,9.95,7.0,615.38,0.0,68.13333333333333,20.96666666666667,15.0,0.0
MAD-041,Recoletos,Salamanca,DEST_003,UC3M Campus de Leganés,2026-07-29,2026-07-29T07:33:00+02:00,2026-07-29T08:56:51+02:00,BUS,27|E1|482,Información oficial: Consorcio Regional de Transportes de Madrid|Consorcio Regional de Transportes de Madrid,83.85,11.433333333333334,18.616666666666667,721.17,2.0,2026-07-29T18:00:58+02:00,2026-07-29T19:29:42+02:00,BUS,480|E1,Consorcio Regional de Transportes de Madrid|Información oficial: Consorcio Regional de Transportes de Madrid,88.73333333333333,20.0,13.0,1477.0,1.0,172.58333333333331,31.433333333333334,31.616666666666667,3.0
MAD-042,Goya,Salamanca,DEST_001,Puerta del Sol,2026-07-29,2026-07-29T08:17:00+02:00,2026-07-29T08:51:17+02:00,BUS,53,Información oficial: Consorcio Regional de Transportes de Madrid,34.28333333333333,9.133333333333333,10.0,627.79,0.0,2026-07-29T18:00:00+02:00,2026-07-29T18:31:16+02:00,BUS,146,Información oficial: Consorcio Regional de Transportes de Madrid,31.266666666666666,6.766666666666667,9.0,505.96,0.0,65.55,15.899999999999999,19.0,0.0
MAD-042,Goya,Salamanca,DEST_002,Nuevos Ministerios,2026-07-29,2026-07-29T08:17:00+02:00,2026-07-29T08:51:38+02:00,BUS,C2,Información oficial: Consorcio Regional de Transportes de Madrid,34.63333333333333,5.65,5.0,388.32,0.0,2026-07-29T18:00:00+02:00,2026-07-29T18:34:40+02:00,BUS,C1,Información oficial: Consorcio Regional de Transportes de Madrid,34.666666666666664,4.466666666666667,6.0,273.79,0.0,69.3,10.116666666666667,11.0,0.0
MAD-042,Goya,Salamanca,DEST_003,UC3M Campus de Leganés,2026-07-29,2026-07-29T07:22:00+02:00,2026-07-29T08:56:51+02:00,BUS,C1|E1|482,Información oficial: Consorcio Regional de Transportes de Madrid|Consorcio Regional de Transportes de Madrid,94.85,7.15,19.48333333333333,450.46,2.0,2026-07-29T18:00:58+02:00,2026-07-29T19:36:05+02:00,BUS,480|E1|146,Consorcio Regional de Transportes de Madrid|Información oficial: Consorcio Regional de Transportes de Madrid,95.11666666666666,6.533333333333333,23.0,395.51,2.0,189.96666666666664,13.683333333333334,42.483333333333334,4.0
MAD-043,Fuente del Berro,Salamanca,DEST_001,Puerta del Sol,2026-07-29,2026-07-29T08:09:00+02:00,2026-07-29T08:57:17+02:00,BUS,146,Información oficial: Consorcio Regional de Transportes de Madrid,48.28333333333333,17.7,10.0,1324.5300000000002,0.0,2026-07-29T18:00:00+02:00,2026-07-29T18:46:50+02:00,BUS,146,Información oficial: Consorcio Regional de Transportes de Madrid,46.833333333333336,17.283333333333335,9.0,1327.23,0.0,95.11666666666667,34.983333333333334,19.0,0.0
MAD-043,Fuente del Berro,Salamanca,DEST_002,Nuevos Ministerios,2026-07-29,2026-07-29T08:08:00+02:00,2026-07-29T08:43:17+02:00,BUS,C2,Información oficial: Consorcio Regional de Transportes de Madrid,35.28333333333333,11.6,5.0,843.75,0.0,2026-07-29T18:00:00+02:00,2026-07-29T18:38:49+02:00,BUS,C1,Información oficial: Consorcio Regional de Transportes de Madrid,38.81666666666667,13.6,6.0,961.24,0.0,74.1,25.2,11.0,0.0
MAD-043,Fuente del Berro,Salamanca,DEST_003,UC3M Campus de Leganés,2026-07-29,2026-07-29T07:10:00+02:00,2026-07-29T08:56:51+02:00,BUS,C1|E1|482,Información oficial: Consorcio Regional de Transportes de Madrid|Consorcio Regional de Transportes de Madrid,106.85,16.933333333333334,19.016666666666666,1194.5300000000002,2.0,2026-07-29T18:00:58+02:00,2026-07-29T19:49:01+02:00,BUS,480|E1|203,Consorcio Regional de Transportes de Madrid|Información oficial: Consorcio Regional de Transportes de Madrid,108.05,18.1,30.0,1340.18,2.0,214.89999999999998,35.03333333333333,49.016666666666666,4.0
MAD-044,Guindalera,Salamanca,DEST_001,Puerta del Sol,2026-07-29,2026-07-29T07:59:00+02:00,2026-07-29T08:47:53+02:00,BUS,53,Información oficial: Consorcio Regional de Transportes de Madrid,48.88333333333333,15.016666666666667,10.0,1113.59,0.0,2026-07-29T18:00:00+02:00,2026-07-29T18:51:10+02:00,BUS,146,Información oficial: Consorcio Regional de Transportes de Madrid,51.16666666666666,19.666666666666668,9.0,1411.48,0.0,100.04999999999998,34.68333333333334,19.0,0.0
MAD-044,Guindalera,Salamanca,DEST_002,Nuevos Ministerios,2026-07-29,2026-07-29T08:25:00+02:00,2026-07-29T08:52:31+02:00,BUS,C2,Información oficial: Consorcio Regional de Transportes de Madrid,27.516666666666666,9.366666666666667,5.0,709.1899999999999,0.0,2026-07-29T18:00:00+02:00,2026-07-29T18:30:40+02:00,BUS,C1,Información oficial: Consorcio Regional de Transportes de Madrid,30.666666666666668,10.616666666666667,6.0,798.35,0.0,58.18333333333334,19.983333333333334,11.0,0.0
MAD-044,Guindalera,Salamanca,DEST_003,UC3M Campus de Leganés,2026-07-29,2026-07-29T07:09:00+02:00,2026-07-29T08:56:51+02:00,BUS,27|E1|482,Información oficial: Consorcio Regional de Transportes de Madrid|Consorcio Regional de Transportes de Madrid,107.85,30.35,18.666666666666668,2220.48,2.0,2026-07-29T18:00:58+02:00,2026-07-29T19:55:09+02:00,BUS,480|E1|146,Consorcio Regional de Transportes de Madrid|Información oficial: Consorcio Regional de Transportes de Madrid,114.18333333333334,19.433333333333334,23.0,1301.03,2.0,222.03333333333333,49.78333333333333,41.66666666666667,4.0
MAD-045,Lista,Salamanca,DEST_001,Puerta del Sol,2026-07-29,2026-07-29T08:10:00+02:00,2026-07-29T08:51:18+02:00,BUS,52,Información oficial: Consorcio Regional de Transportes de Madrid,41.3,11.95,11.0,848.62,0.0,2026-07-29T18:00:00+02:00,2026-07-29T18:44:41+02:00,BUS,52,Información oficial: Consorcio Regional de Transportes de Madrid,44.68333333333333,17.016666666666666,10.0,1258.02,0.0,85.98333333333332,28.966666666666665,21.0,0.0
MAD-045,Lista,Salamanca,DEST_002,Nuevos Ministerios,2026-07-29,2026-07-29T08:28:00+02:00,2026-07-29T08:52:53+02:00,BUS,C2,Información oficial: Consorcio Regional de Transportes de Madrid,24.883333333333333,6.733333333333333,5.0,408.54,0.0,2026-07-29T18:00:00+02:00,2026-07-29T18:27:10+02:00,BUS,C1,Información oficial: Consorcio Regional de Transportes de Madrid,27.166666666666668,7.116666666666666,6.0,457.92,0.0,52.05,13.85,11.0,0.0
MAD-045,Lista,Salamanca,DEST_003,UC3M Campus de Leganés,2026-07-29,2026-07-29T07:19:00+02:00,2026-07-29T08:56:51+02:00,BUS,27|E1|482,Información oficial: Consorcio Regional de Transportes de Madrid|Consorcio Regional de Transportes de Madrid,97.85,20.616666666666667,18.4,1469.71,2.0,2026-07-29T18:00:58+02:00,2026-07-29T19:46:05+02:00,BUS,480|E1|19,Consorcio Regional de Transportes de Madrid|Información oficial: Consorcio Regional de Transportes de Madrid,105.11666666666666,15.5,20.0,1122.81,2.0,202.96666666666664,36.11666666666667,38.4,4.0
MAD-046,Castellana,Salamanca,DEST_001,Puerta del Sol,2026-07-29,2026-07-29T08:19:00+02:00,2026-07-29T08:53:13+02:00,BUS,9,Información oficial: Consorcio Regional de Transportes de Madrid,34.21666666666667,13.1,7.0,923.55,0.0,2026-07-29T18:00:00+02:00,2026-07-29T18:35:26+02:00,BUS,51,Información oficial: Consorcio Regional de Transportes de Madrid,35.43333333333333,8.116666666666667,10.0,572.75,0.0,69.65,21.21666666666667,17.0,0.0
MAD-046,Castellana,Salamanca,DEST_002,Nuevos Ministerios,2026-07-29,2026-07-29T08:30:00+02:00,2026-07-29T08:59:00+02:00,BUS,19|C2,Información oficial: Consorcio Regional de Transportes de Madrid,29.0,3.9,13.0,265.14,1.0,2026-07-29T18:00:00+02:00,2026-07-29T18:26:17+02:00,BUS,27,Información oficial: Consorcio Regional de Transportes de Madrid,26.28333333333333,10.016666666666667,7.0,672.25,0.0,55.28333333333333,13.916666666666668,20.0,1.0
MAD-046,Castellana,Salamanca,DEST_003,UC3M Campus de Leganés,2026-07-29,2026-07-29T07:28:00+02:00,2026-07-29T08:56:51+02:00,BUS,27|E1|482,Información oficial: Consorcio Regional de Transportes de Madrid|Consorcio Regional de Transportes de Madrid,88.85,11.5,18.516666666666666,778.04,2.0,2026-07-29T18:00:58+02:00,2026-07-29T19:36:30+02:00,BUS,480|E1|19,Consorcio Regional de Transportes de Madrid|Información oficial: Consorcio Regional de Transportes de Madrid,95.53333333333332,5.916666666666667,20.0,399.76,2.0,184.38333333333333,17.416666666666668,38.516666666666666,4.0
MAD-051,El Viso,Chamartín,DEST_001,Puerta del Sol,2026-07-29,2026-07-29T08:11:00+02:00,2026-07-29T08:55:03+02:00,BUS,51,Información oficial: Consorcio Regional de Transportes de Madrid,44.05,10.316666666666666,11.0,681.89,0.0,2026-07-29T18:00:00+02:00,2026-07-29T18:45:43+02:00,BUS,150,Información oficial: Consorcio Regional de Transportes de Madrid,45.71666666666667,16.533333333333335,10.0,1179.71,0.0,89.76666666666667,26.85,21.0,0.0
MAD-051,El Viso,Chamartín,DEST_003,UC3M Campus de Leganés,2026-07-29,2026-07-29T07:27:00+02:00,2026-07-29T08:56:51+02:00,BUS,19|E1|482,Información oficial: Consorcio Regional de Transportes de Madrid|Consorcio Regional de Transportes de Madrid,89.85,12.716666666666669,20.55,843.9300000000001,2.0,2026-07-29T18:00:58+02:00,2026-07-29T19:46:54+02:00,BUS,480|E1|19,Consorcio Regional de Transportes de Madrid|Información oficial: Consorcio Regional de Transportes de Madrid,105.93333333333334,7.75,20.0,543.1800000000001,2.0,195.78333333333333,20.46666666666667,40.55,4.0
MAD-052,Prosperidad,Chamartín,DEST_001,Puerta del Sol,2026-07-29,2026-07-29T07:57:00+02:00,2026-07-29T08:45:27+02:00,BUS,9,Información oficial: Consorcio Regional de Transportes de Madrid,48.45,14.416666666666666,7.0,1061.53,0.0,2026-07-29T18:00:00+02:00,2026-07-29T18:53:31+02:00,BUS,9,Información oficial: Consorcio Regional de Transportes de Madrid,53.516666666666666,16.466666666666665,9.0,1216.2,0.0,101.96666666666667,30.883333333333333,16.0,0.0
MAD-052,Prosperidad,Chamartín,DEST_002,Nuevos Ministerios,2026-07-29,2026-07-29T08:25:52+02:00,2026-07-29T08:57:44+02:00,BUS,223|C2,Consorcio Regional de Transportes de Madrid|Información oficial: Consorcio Regional de Transportes de Madrid,31.866666666666667,11.333333333333334,8.0,780.22,1.0,2026-07-29T18:00:00+02:00,2026-07-29T18:38:41+02:00,BUS,C1,Información oficial: Consorcio Regional de Transportes de Madrid,38.68333333333333,24.98333333333333,6.0,1788.7800000000002,0.0,70.55,36.31666666666666,14.0,1.0
MAD-052,Prosperidad,Chamartín,DEST_003,UC3M Campus de Leganés,2026-07-29,2026-07-29T07:09:00+02:00,2026-07-29T08:56:51+02:00,BUS,19|E1|482,Información oficial: Consorcio Regional de Transportes de Madrid|Consorcio Regional de Transportes de Madrid,107.85,27.73333333333333,20.73333333333333,2047.12,2.0,2026-07-29T18:00:58+02:00,2026-07-29T19:59:56+02:00,BUS,480|E1|9,Consorcio Regional de Transportes de Madrid|Información oficial: Consorcio Regional de Transportes de Madrid,118.96666666666668,12.716666666666669,24.0,868.45,2.0,226.81666666666666,40.45,44.733333333333334,4.0
MAD-053,Ciudad Jardín,Chamartín,DEST_001,Puerta del Sol,2026-07-29,2026-07-29T08:01:00+02:00,2026-07-29T08:45:36+02:00,BUS,9,Información oficial: Consorcio Regional de Transportes de Madrid,44.6,13.1,7.0,954.21,0.0,2026-07-29T18:00:00+02:00,2026-07-29T18:50:42+02:00,BUS,9,Información oficial: Consorcio Regional de Transportes de Madrid,50.7,15.2,9.0,1116.29,0.0,95.30000000000001,28.299999999999997,16.0,0.0
MAD-053,Ciudad Jardín,Chamartín,DEST_003,UC3M Campus de Leganés,2026-07-29,2026-07-29T07:20:00+02:00,2026-07-29T08:56:51+02:00,BUS,19|E1|482,Información oficial: Consorcio Regional de Transportes de Madrid|Consorcio Regional de Transportes de Madrid,96.85,17.316666666666666,20.15,1246.2199999999998,2.0,2026-07-29T18:00:58+02:00,2026-07-29T19:52:37+02:00,BUS,480|E1|19,Consorcio Regional de Transportes de Madrid|Información oficial: Consorcio Regional de Transportes de Madrid,111.65,11.166666666666666,20.0,812.71,2.0,208.5,28.483333333333334,40.15,4.0
MAD-054,Hispanoamérica,Chamartín,DEST_001,Puerta del Sol,2026-07-29,2026-07-29T07:57:00+02:00,2026-07-29T08:49:16+02:00,BUS,51,Información oficial: Consorcio Regional de Transportes de Madrid,52.266666666666666,8.716666666666667,11.0,573.92,0.0,2026-07-29T18:00:00+02:00,2026-07-29T18:53:06+02:00,BUS,51,Información oficial: Consorcio Regional de Transportes de Madrid,53.1,6.233333333333333,10.0,449.23,0.0,105.36666666666667,14.95,21.0,0.0
MAD-054,Hispanoamérica,Chamartín,DEST_002,Nuevos Ministerios,2026-07-29,2026-07-29T08:31:00+02:00,2026-07-29T08:59:31+02:00,BUS,14,Información oficial: Consorcio Regional de Transportes de Madrid,28.516666666666666,11.083333333333334,8.0,724.1600000000001,0.0,2026-07-29T18:00:00+02:00,2026-07-29T18:29:57+02:00,BUS,7,Información oficial: Consorcio Regional de Transportes de Madrid,29.95,4.616666666666666,13.0,322.45,0.0,58.46666666666667,15.7,21.0,0.0
MAD-054,Hispanoamérica,Chamartín,DEST_003,UC3M Campus de Leganés,2026-07-29,2026-07-29T07:16:00+02:00,2026-07-29T08:56:51+02:00,BUS,19|E1|482,Información oficial: Consorcio Regional de Transportes de Madrid|Consorcio Regional de Transportes de Madrid,100.85,21.15,20.316666666666663,1533.12,2.0,2026-07-29T18:00:58+02:00,2026-07-29T19:56:27+02:00,BUS,480|E1|19,Consorcio Regional de Transportes de Madrid|Información oficial: Consorcio Regional de Transportes de Madrid,115.48333333333332,15.0,20.0,1099.61,2.0,216.33333333333331,36.15,40.31666666666666,4.0
MAD-055,Nueva España,Chamartín,DEST_001,Puerta del Sol,2026-07-29,2026-07-29T07:52:00+02:00,2026-07-29T08:46:29+02:00,BUS,150,Información oficial: Consorcio Regional de Transportes de Madrid,54.48333333333333,12.466666666666669,10.0,910.61,0.0,2026-07-29T18:00:00+02:00,2026-07-29T18:59:36+02:00,BUS,14,Información oficial: Consorcio Regional de Transportes de Madrid,59.6,18.95,10.0,1381.62,0.0,114.08333333333333,31.416666666666668,20.0,0.0
MAD-055,Nueva España,Chamartín,DEST_002,Nuevos Ministerios,2026-07-29,2026-07-29T08:23:00+02:00,2026-07-29T08:52:27+02:00,BUS,14,Información oficial: Consorcio Regional de Transportes de Madrid,29.45,6.7,8.0,483.61,0.0,2026-07-29T18:00:00+02:00,2026-07-29T18:30:54+02:00,BUS,14,Información oficial: Consorcio Regional de Transportes de Madrid,30.9,8.983333333333333,10.0,578.87,0.0,60.349999999999994,15.683333333333334,18.0,0.0
MAD-055,Nueva España,Chamartín,DEST_003,UC3M Campus de Leganés,2026-07-29,2026-07-29T07:06:00+02:00,2026-07-29T08:56:51+02:00,BUS,14|E1|482,Información oficial: Consorcio Regional de Transportes de Madrid|Consorcio Regional de Transportes de Madrid,110.85,8.183333333333334,21.383333333333333,589.4,2.0,2026-07-29T18:00:58+02:00,2026-07-29T20:01:46+02:00,BUS,480|E1|14,Consorcio Regional de Transportes de Madrid|Información oficial: Consorcio Regional de Transportes de Madrid,120.8,9.416666666666666,25.0,655.4200000000001,2.0,231.64999999999998,17.6,46.38333333333333,4.0
MAD-056,Castilla,Chamartín,DEST_001,Puerta del Sol,2026-07-29,2026-07-29T07:50:00+02:00,2026-07-29T08:58:55+02:00,BUS,150,Información oficial: Consorcio Regional de Transportes de Madrid,68.91666666666667,30.5,10.0,2249.53,0.0,2026-07-29T18:00:00+02:00,2026-07-29T19:10:47+02:00,BUS,27,Información oficial: Consorcio Regional de Transportes de Madrid,70.78333333333333,33.3,7.0,2406.3,0.0,139.7,63.8,17.0,0.0
MAD-056,Castilla,Chamartín,DEST_002,Nuevos Ministerios,2026-07-29,2026-07-29T08:17:00+02:00,2026-07-29T08:54:58+02:00,BUS,27,Información oficial: Consorcio Regional de Transportes de Madrid,37.96666666666667,20.9,5.0,1497.01,0.0,2026-07-29T18:00:00+02:00,2026-07-29T18:38:24+02:00,BUS,S10,Información oficial: Consorcio Regional de Transportes de Madrid,38.4,22.966666666666665,3.0,1644.18,0.0,76.36666666666667,43.86666666666666,8.0,0.0
MAD-056,Castilla,Chamartín,DEST_003,UC3M Campus de Leganés,2026-07-29,2026-07-29T06:59:46+02:00,2026-07-29T08:56:51+02:00,BUS,171|27|E1|482,Consorcio Regional de Transportes de Madrid|Información oficial: Consorcio Regional de Transportes de Madrid,117.08333333333331,13.183333333333334,24.1,941.98,3.0,2026-07-29T18:00:58+02:00,2026-07-29T20:12:47+02:00,BUS,480|E1|27,Consorcio Regional de Transportes de Madrid|Información oficial: Consorcio Regional de Transportes de Madrid,131.81666666666666,22.53333333333333,22.0,1624.72,2.0,248.89999999999998,35.71666666666667,46.1,5.0
MAD-061,Bellas Vistas,Tetuán,DEST_001,Puerta del Sol,2026-07-29,2026-07-29T08:00:00+02:00,2026-07-29T08:52:29+02:00,BUS,3,Información oficial: Consorcio Regional de Transportes de Madrid,52.48333333333333,18.133333333333333,10.0,1312.47,0.0,2026-07-29T18:00:00+02:00,2026-07-29T18:50:22+02:00,BUS,3,Información oficial: Consorcio Regional de Transportes de Madrid,50.36666666666667,15.4,10.0,1103.81,0.0,102.85,33.53333333333333,20.0,0.0
MAD-061,Bellas Vistas,Tetuán,DEST_002,Nuevos Ministerios,2026-07-29,2026-07-29T07:42:00+02:00,2026-07-29T08:06:45+02:00,BUS,C1,Información oficial: Consorcio Regional de Transportes de Madrid,24.75,14.7,5.0,1045.95,0.0,2026-07-29T18:00:00+02:00,2026-07-29T18:25:03+02:00,BUS,C2,Información oficial: Consorcio Regional de Transportes de Madrid,25.05,13.416666666666666,6.0,967.4,0.0,49.8,28.116666666666667,11.0,0.0
MAD-061,Bellas Vistas,Tetuán,DEST_003,UC3M Campus de Leganés,2026-07-29,2026-07-29T07:04:00+02:00,2026-07-29T08:56:51+02:00,BUS,27|E1|482,Información oficial: Consorcio Regional de Transportes de Madrid|Consorcio Regional de Transportes de Madrid,112.85,25.55,18.2,1849.32,2.0,2026-07-29T18:00:58+02:00,2026-07-29T20:01:41+02:00,BUS,480|E1|45,Consorcio Regional de Transportes de Madrid|Información oficial: Consorcio Regional de Transportes de Madrid,120.71666666666668,13.783333333333331,25.0,972.73,2.0,233.56666666666666,39.33333333333333,43.2,4.0
MAD-062,Cuatro Caminos,Tetuán,DEST_001,Puerta del Sol,2026-07-29,2026-07-29T08:03:00+02:00,2026-07-29T08:44:18+02:00,BUS,147,Información oficial: Consorcio Regional de Transportes de Madrid,41.3,16.45,8.0,1168.11,0.0,2026-07-29T18:00:00+02:00,2026-07-29T18:50:55+02:00,BUS,150,Información oficial: Consorcio Regional de Transportes de Madrid,50.91666666666666,16.733333333333334,10.0,1124.53,0.0,92.21666666666665,33.18333333333334,18.0,0.0
MAD-062,Cuatro Caminos,Tetuán,DEST_003,UC3M Campus de Leganés,2026-07-29,2026-07-29T07:18:00+02:00,2026-07-29T08:56:51+02:00,BUS,27|E1|482,Información oficial: Consorcio Regional de Transportes de Madrid|Consorcio Regional de Transportes de Madrid,98.85,11.566666666666666,18.183333333333334,766.6,2.0,2026-07-29T18:00:58+02:00,2026-07-29T19:53:40+02:00,BUS,480|E1|27,Consorcio Regional de Transportes de Madrid|Información oficial: Consorcio Regional de Transportes de Madrid,112.7,12.766666666666667,22.0,833.38,2.0,211.55,24.333333333333336,40.18333333333334,4.0
MAD-063,Castillejos,Tetuán,DEST_001,Puerta del Sol,2026-07-29,2026-07-29T08:00:00+02:00,2026-07-29T08:44:42+02:00,BUS,147,Información oficial: Consorcio Regional de Transportes de Madrid,44.7,15.716666666666669,8.0,1141.49,0.0,2026-07-29T18:00:00+02:00,2026-07-29T18:56:15+02:00,BUS,27,Información oficial: Consorcio Regional de Transportes de Madrid,56.25,23.016666666666666,7.0,1572.0,0.0,100.95,38.733333333333334,15.0,0.0
MAD-063,Castillejos,Tetuán,DEST_002,Nuevos Ministerios,2026-07-29,2026-07-29T08:35:00+02:00,2026-07-29T08:58:27+02:00,BUS,27,Información oficial: Consorcio Regional de Transportes de Madrid,23.45,9.35,5.0,634.19,0.0,2026-07-29T18:00:00+02:00,2026-07-29T18:23:10+02:00,BUS,S10,Información oficial: Consorcio Regional de Transportes de Madrid,23.166666666666668,11.0,3.0,690.41,0.0,46.61666666666667,20.35,8.0,0.0
MAD-063,Castillejos,Tetuán,DEST_003,UC3M Campus de Leganés,2026-07-29,2026-07-29T07:14:00+02:00,2026-07-29T08:56:51+02:00,BUS,27|E1|482,Información oficial: Consorcio Regional de Transportes de Madrid|Consorcio Regional de Transportes de Madrid,102.85,11.566666666666666,18.53333333333333,790.0,2.0,2026-07-29T18:00:58+02:00,2026-07-29T19:58:15+02:00,BUS,480|E1|27,Consorcio Regional de Transportes de Madrid|Información oficial: Consorcio Regional de Transportes de Madrid,117.28333333333332,12.25,22.0,790.42,2.0,220.13333333333333,23.816666666666666,40.53333333333333,4.0
MAD-064,Almenara,Tetuán,DEST_001,Puerta del Sol,2026-07-29,2026-07-29T07:54:00+02:00,2026-07-29T08:41:22+02:00,BUS,147,Información oficial: Consorcio Regional de Transportes de Madrid,47.36666666666667,16.283333333333335,8.0,1210.59,0.0,2026-07-29T18:00:00+02:00,2026-07-29T19:00:46+02:00,BUS,27,Información oficial: Consorcio Regional de Transportes de Madrid,60.766666666666666,23.28333333333333,7.0,1667.36,0.0,108.13333333333333,39.56666666666666,15.0,0.0
MAD-064,Almenara,Tetuán,DEST_002,Nuevos Ministerios,2026-07-29,2026-07-29T08:23:00+02:00,2026-07-29T08:50:57+02:00,BUS,27,Información oficial: Consorcio Regional de Transportes de Madrid,27.95,10.883333333333333,5.0,758.07,0.0,2026-07-29T18:00:00+02:00,2026-07-29T18:30:36+02:00,BUS,S10,Información oficial: Consorcio Regional de Transportes de Madrid,30.6,15.166666666666666,3.0,1033.47,0.0,58.55,26.049999999999997,8.0,0.0
MAD-064,Almenara,Tetuán,DEST_003,UC3M Campus de Leganés,2026-07-29,2026-07-29T07:09:00+02:00,2026-07-29T08:56:51+02:00,BUS,27|E1|482,Información oficial: Consorcio Regional de Transportes de Madrid|Consorcio Regional de Transportes de Madrid,107.85,12.366666666666667,18.15,863.86,2.0,2026-07-29T18:00:58+02:00,2026-07-29T20:02:46+02:00,BUS,480|E1|27,Consorcio Regional de Transportes de Madrid|Información oficial: Consorcio Regional de Transportes de Madrid,121.8,12.516666666666667,22.0,885.78,2.0,229.64999999999998,24.883333333333333,40.15,4.0
MAD-065,Valdeacederas,Tetuán,DEST_001,Puerta del Sol,2026-07-29,2026-07-29T07:45:00+02:00,2026-07-29T08:51:21+02:00,BUS,27,Información oficial: Consorcio Regional de Transportes de Madrid,66.35,32.56666666666667,5.0,2384.95,0.0,2026-07-29T18:00:00+02:00,2026-07-29T19:08:43+02:00,BUS,44,Información oficial: Consorcio Regional de Transportes de Madrid,68.71666666666667,16.65,13.0,1208.92,0.0,135.06666666666666,49.21666666666667,18.0,0.0
MAD-065,Valdeacederas,Tetuán,DEST_002,Nuevos Ministerios,2026-07-29,2026-07-29T08:17:00+02:00,2026-07-29T08:51:44+02:00,BUS,49|27,Información oficial: Consorcio Regional de Transportes de Madrid,34.733333333333334,4.633333333333334,14.0,266.5,1.0,2026-07-29T18:00:00+02:00,2026-07-29T18:38:34+02:00,BUS,S10,Información oficial: Consorcio Regional de Transportes de Madrid,38.56666666666667,23.133333333333333,3.0,1592.0700000000002,0.0,73.30000000000001,27.766666666666666,17.0,1.0
MAD-065,Valdeacederas,Tetuán,DEST_003,UC3M Campus de Leganés,2026-07-29,2026-07-29T07:02:00+02:00,2026-07-29T08:56:51+02:00,BUS,49|27|E1|482,Información oficial: Consorcio Regional de Transportes de Madrid|Consorcio Regional de Transportes de Madrid,114.85,6.116666666666666,27.266666666666666,372.29,3.0,2026-07-29T18:00:58+02:00,2026-07-29T20:13:08+02:00,BUS,480|E1|27,Consorcio Regional de Transportes de Madrid|Información oficial: Consorcio Regional de Transportes de Madrid,132.16666666666666,23.916666666666668,22.0,1680.0400000000002,2.0,247.01666666666665,30.033333333333335,49.266666666666666,5.0
MAD-066,Berruguete,Tetuán,DEST_001,Puerta del Sol,2026-07-29,2026-07-29T07:56:00+02:00,2026-07-29T08:52:34+02:00,BUS,3,Información oficial: Consorcio Regional de Transportes de Madrid,56.56666666666667,18.7,10.0,1343.58,0.0,2026-07-29T18:00:00+02:00,2026-07-29T18:57:25+02:00,BUS,3,Información oficial: Consorcio Regional de Transportes de Madrid,57.41666666666666,21.066666666666663,10.0,1497.61,0.0,113.98333333333332,39.766666666666666,20.0,0.0
MAD-066,Berruguete,Tetuán,DEST_002,Nuevos Ministerios,2026-07-29,2026-07-29T08:28:00+02:00,2026-07-29T08:59:08+02:00,BUS,126,Información oficial: Consorcio Regional de Transportes de Madrid,31.133333333333333,8.333333333333334,10.0,600.85,0.0,2026-07-29T18:00:00+02:00,2026-07-29T18:32:13+02:00,BUS,126,Información oficial: Consorcio Regional de Transportes de Madrid,32.21666666666667,6.716666666666667,12.0,481.37,0.0,63.35,15.05,22.0,0.0
MAD-066,Berruguete,Tetuán,DEST_003,UC3M Campus de Leganés,2026-07-29,2026-07-29T07:02:00+02:00,2026-07-29T08:56:51+02:00,BUS,27|E1|482,Información oficial: Consorcio Regional de Transportes de Madrid|Consorcio Regional de Transportes de Madrid,114.85,25.0,18.016666666666666,1704.92,2.0,2026-07-29T18:00:58+02:00,2026-07-29T20:09:08+02:00,BUS,480|E1|27,Consorcio Regional de Transportes de Madrid|Información oficial: Consorcio Regional de Transportes de Madrid,128.16666666666666,25.683333333333334,22.0,1750.5500000000002,2.0,243.01666666666665,50.68333333333334,40.016666666666666,4.0
MAD-071,Gaztambide,Chamberí,DEST_001,Puerta del Sol,2026-07-29,2026-07-29T08:22:00+02:00,2026-07-29T08:56:35+02:00,BUS,2,Información oficial: Consorcio Regional de Transportes de Madrid,34.583333333333336,10.966666666666669,9.0,801.53,0.0,2026-07-29T18:00:00+02:00,2026-07-29T18:30:52+02:00,BUS,133,Información oficial: Consorcio Regional de Transportes de Madrid,30.866666666666667,18.08333333333333,8.0,1294.4499999999998,0.0,65.45,29.049999999999997,17.0,0.0
MAD-071,Gaztambide,Chamberí,DEST_002,Nuevos Ministerios,2026-07-29,2026-07-29T08:17:00+02:00,2026-07-29T08:58:02+02:00,BUS,C1,Información oficial: Consorcio Regional de Transportes de Madrid,41.03333333333333,7.966666666666667,13.0,546.76,1.0,2026-07-29T18:00:00+02:00,2026-07-29T18:44:01+02:00,BUS,147,Información oficial: Consorcio Regional de Transportes de Madrid,44.016666666666666,19.98333333333333,7.0,1446.1,0.0,85.05,27.949999999999996,20.0,1.0
MAD-071,Gaztambide,Chamberí,DEST_003,UC3M Campus de Leganés,2026-07-29,2026-07-29T07:23:00+02:00,2026-07-29T08:56:51+02:00,BUS,C2|39|482,Información oficial: Consorcio Regional de Transportes de Madrid|Consorcio Regional de Transportes de Madrid,93.85,28.4,18.85,1994.2,2.0,2026-07-29T18:00:58+02:00,2026-07-29T19:36:06+02:00,BUS,493|138,Consorcio Regional de Transportes de Madrid|Información oficial: Consorcio Regional de Transportes de Madrid,95.13333333333334,14.466666666666669,12.0,1038.23,1.0,188.98333333333335,42.86666666666667,30.85,3.0
MAD-072,Arapiles,Chamberí,DEST_001,Puerta del Sol,2026-07-29,2026-07-29T08:25:00+02:00,2026-07-29T08:59:41+02:00,BUS,147,Información oficial: Consorcio Regional de Transportes de Madrid,34.68333333333333,19.23333333333333,8.0,1409.16,0.0,2026-07-29T18:00:00+02:00,2026-07-29T18:35:09+02:00,BUS,147,Información oficial: Consorcio Regional de Transportes de Madrid,35.15,19.933333333333334,8.0,1429.13,0.0,69.83333333333333,39.166666666666664,16.0,0.0
MAD-072,Arapiles,Chamberí,DEST_002,Nuevos Ministerios,2026-07-29,2026-07-29T08:19:00+02:00,2026-07-29T08:59:38+02:00,BUS,147,Información oficial: Consorcio Regional de Transportes de Madrid,40.63333333333333,20.916666666666668,7.0,1464.46,0.0,2026-07-29T18:00:00+02:00,2026-07-29T18:35:00+02:00,BUS,149,Información oficial: Consorcio Regional de Transportes de Madrid,35.0,10.75,11.0,750.03,0.0,75.63333333333333,31.666666666666668,18.0,0.0
MAD-072,Arapiles,Chamberí,DEST_003,UC3M Campus de Leganés,2026-07-29,2026-07-29T07:25:00+02:00,2026-07-29T08:56:51+02:00,BUS,39|482,Información oficial: Consorcio Regional de Transportes de Madrid|Consorcio Regional de Transportes de Madrid,91.85,41.56666666666667,11.033333333333331,2979.35,1.0,2026-07-29T18:00:58+02:00,2026-07-29T19:42:23+02:00,BUS,493|486|25,Consorcio Regional de Transportes de Madrid|Información oficial: Consorcio Regional de Transportes de Madrid,101.41666666666669,34.666666666666664,16.033333333333335,2583.1800000000003,2.0,193.26666666666668,76.23333333333333,27.066666666666666,3.0
MAD-073,Trafalgar,Chamberí,DEST_001,Puerta del Sol,2026-07-29,2026-07-29T08:28:00+02:00,2026-07-29T08:59:04+02:00,BUS,147,Información oficial: Consorcio Regional de Transportes de Madrid,31.066666666666663,13.0,8.0,958.06,0.0,2026-07-29T18:00:00+02:00,2026-07-29T18:31:37+02:00,BUS,147,Información oficial: Consorcio Regional de Transportes de Madrid,31.616666666666667,12.783333333333331,8.0,942.96,0.0,62.68333333333333,25.78333333333333,16.0,0.0
MAD-073,Trafalgar,Chamberí,DEST_002,Nuevos Ministerios,2026-07-29,2026-07-29T08:30:00+02:00,2026-07-29T08:59:33+02:00,BUS,147,Información oficial: Consorcio Regional de Transportes de Madrid,29.55,7.883333333333334,7.0,499.32,0.0,2026-07-29T18:00:00+02:00,2026-07-29T18:27:10+02:00,BUS,147,Información oficial: Consorcio Regional de Transportes de Madrid,27.166666666666668,6.633333333333334,7.0,450.76,0.0,56.71666666666667,14.516666666666667,14.0,0.0
MAD-073,Trafalgar,Chamberí,DEST_003,UC3M Campus de Leganés,2026-07-29,2026-07-29T07:20:00+02:00,2026-07-29T08:56:51+02:00,BUS,27|E1|482,Información oficial: Consorcio Regional de Transportes de Madrid|Consorcio Regional de Transportes de Madrid,96.85,21.45,18.666666666666668,1534.2199999999998,2.0,2026-07-29T18:00:58+02:00,2026-07-29T19:42:15+02:00,BUS,480|E1,Consorcio Regional de Transportes de Madrid|Información oficial: Consorcio Regional de Transportes de Madrid,101.28333333333332,32.55,13.0,2339.73,1.0,198.13333333333333,54.0,31.666666666666668,3.0
MAD-074,Almagro,Chamberí,DEST_001,Puerta del Sol,2026-07-29,2026-07-29T08:27:00+02:00,2026-07-29T08:59:48+02:00,BUS,147,Información oficial: Consorcio Regional de Transportes de Madrid,32.8,11.3,8.0,828.44,0.0,2026-07-29T18:00:00+02:00,2026-07-29T18:32:41+02:00,BUS,147,Información oficial: Consorcio Regional de Transportes de Madrid,32.68333333333333,10.483333333333333,8.0,780.3,0.0,65.48333333333332,21.78333333333333,16.0,0.0
MAD-074,Almagro,Chamberí,DEST_002,Nuevos Ministerios,2026-07-29,2026-07-29T08:35:00+02:00,2026-07-29T08:59:11+02:00,BUS,147,Información oficial: Consorcio Regional de Transportes de Madrid,24.183333333333334,8.566666666666666,7.0,616.82,0.0,2026-07-29T18:00:00+02:00,2026-07-29T18:20:47+02:00,BUS,147,Información oficial: Consorcio Regional de Transportes de Madrid,20.78333333333333,5.383333333333334,7.0,375.16,0.0,44.96666666666667,13.95,14.0,0.0
MAD-074,Almagro,Chamberí,DEST_003,UC3M Campus de Leganés,2026-07-29,2026-07-29T07:30:00+02:00,2026-07-29T08:56:51+02:00,BUS,27|E1|482,Información oficial: Consorcio Regional de Transportes de Madrid|Consorcio Regional de Transportes de Madrid,86.85,9.966666666666669,18.05,701.2800000000001,2.0,2026-07-29T18:00:58+02:00,2026-07-29T19:40:12+02:00,BUS,480|E1,Consorcio Regional de Transportes de Madrid|Información oficial: Consorcio Regional de Transportes de Madrid,99.23333333333332,30.5,13.0,2203.24,1.0,186.08333333333331,40.46666666666667,31.05,3.0
MAD-075,Ríos Rosas,Chamberí,DEST_001,Puerta del Sol,2026-07-29,2026-07-29T08:14:00+02:00,2026-07-29T08:56:34+02:00,BUS,45,Información oficial: Consorcio Regional de Transportes de Madrid,42.56666666666667,12.166666666666666,9.0,861.6600000000001,0.0,2026-07-29T18:00:00+02:00,2026-07-29T18:42:26+02:00,BUS,3,Información oficial: Consorcio Regional de Transportes de Madrid,42.43333333333333,15.3,10.0,1104.68,0.0,85.0,27.46666666666667,19.0,0.0
MAD-075,Ríos Rosas,Chamberí,DEST_003,UC3M Campus de Leganés,2026-07-29,2026-07-29T07:22:00+02:00,2026-07-29T08:56:51+02:00,BUS,27|E1|482,Información oficial: Consorcio Regional de Transportes de Madrid|Consorcio Regional de Transportes de Madrid,94.85,12.783333333333331,18.633333333333333,906.09,2.0,2026-07-29T18:00:58+02:00,2026-07-29T19:48:00+02:00,BUS,480|E1|27,Consorcio Regional de Transportes de Madrid|Información oficial: Consorcio Regional de Transportes de Madrid,107.03333333333332,13.6,22.0,958.17,2.0,201.88333333333333,26.383333333333333,40.63333333333333,4.0
MAD-076,Vallehermoso,Chamberí,DEST_001,Puerta del Sol,2026-07-29,2026-07-29T08:11:00+02:00,2026-07-29T08:51:05+02:00,BUS,2,Información oficial: Consorcio Regional de Transportes de Madrid,40.083333333333336,9.666666666666666,9.0,677.0699999999999,0.0,2026-07-29T18:00:00+02:00,2026-07-29T18:43:38+02:00,BUS,44,Información oficial: Consorcio Regional de Transportes de Madrid,43.63333333333333,12.033333333333331,13.0,870.64,0.0,83.71666666666667,21.699999999999996,22.0,0.0
MAD-076,Vallehermoso,Chamberí,DEST_002,Nuevos Ministerios,2026-07-29,2026-07-29T07:38:00+02:00,2026-07-29T08:06:24+02:00,BUS,C1,Información oficial: Consorcio Regional de Transportes de Madrid,28.4,18.35,5.0,1222.97,0.0,2026-07-29T18:00:00+02:00,2026-07-29T18:28:54+02:00,BUS,C2,Información oficial: Consorcio Regional de Transportes de Madrid,28.9,17.266666666666666,6.0,1149.47,0.0,57.3,35.61666666666667,11.0,0.0
MAD-076,Vallehermoso,Chamberí,DEST_003,UC3M Campus de Leganés,2026-07-29,2026-07-29T07:12:00+02:00,2026-07-29T08:56:51+02:00,BUS,C2|39|482,Información oficial: Consorcio Regional de Transportes de Madrid|Consorcio Regional de Transportes de Madrid,104.85,35.31666666666667,18.716666666666665,2517.68,2.0,2026-07-29T18:00:58+02:00,2026-07-29T19:46:15+02:00,BUS,493|138,Consorcio Regional de Transportes de Madrid|Información oficial: Consorcio Regional de Transportes de Madrid,105.28333333333332,21.1,12.0,1531.4899999999998,1.0,210.13333333333333,56.41666666666667,30.716666666666665,3.0
MAD-082,Fuentelarreina,Fuencarral - El Pardo,DEST_001,Puerta del Sol,2026-07-29,2026-07-29T07:54:00+02:00,2026-07-29T08:50:07+02:00,BUS,133,Información oficial: Consorcio Regional de Transportes de Madrid,56.11666666666667,18.15,7.0,1400.23,0.0,2026-07-29T18:00:00+02:00,2026-07-29T18:58:58+02:00,BUS,133,Información oficial: Consorcio Regional de Transportes de Madrid,58.96666666666667,16.966666666666665,8.0,1259.48,0.0,115.08333333333334,35.11666666666666,15.0,0.0
MAD-082,Fuentelarreina,Fuencarral - El Pardo,DEST_002,Nuevos Ministerios,2026-07-29,2026-07-29T08:02:10+02:00,2026-07-29T08:57:49+02:00,BUS,815|147,Consorcio Regional de Transportes de Madrid|Información oficial: Consorcio Regional de Transportes de Madrid,55.65,9.116666666666667,9.0,647.0400000000001,1.0,2026-07-29T18:00:00+02:00,2026-07-29T19:11:52+02:00,BUS,64|82,Información oficial: Consorcio Regional de Transportes de Madrid,71.86666666666666,21.5,23.0,1662.59,1.0,127.51666666666665,30.616666666666667,32.0,2.0
MAD-082,Fuentelarreina,Fuencarral - El Pardo,DEST_003,UC3M Campus de Leganés,2026-07-29,2026-07-29T06:56:00+02:00,2026-07-29T08:56:51+02:00,BUS,133|39|482,Información oficial: Consorcio Regional de Transportes de Madrid|Consorcio Regional de Transportes de Madrid,120.85,34.016666666666666,21.4,2451.31,2.0,2026-07-29T18:00:58+02:00,2026-07-29T20:12:22+02:00,BUS,493|138|133,Consorcio Regional de Transportes de Madrid|Información oficial: Consorcio Regional de Transportes de Madrid,131.4,15.433333333333334,23.0,1187.49,2.0,252.25,49.45,44.4,4.0
MAD-083,Peñagrande,Fuencarral - El Pardo,DEST_001,Puerta del Sol,2026-07-29,2026-07-29T07:52:00+02:00,2026-07-29T08:50:37+02:00,BUS,133,Información oficial: Consorcio Regional de Transportes de Madrid,58.61666666666667,18.5,7.0,1356.84,0.0,2026-07-29T18:00:00+02:00,2026-07-29T18:58:39+02:00,BUS,133,Información oficial: Consorcio Regional de Transportes de Madrid,58.65,12.5,8.0,880.75,0.0,117.26666666666667,31.0,15.0,0.0
MAD-083,Peñagrande,Fuencarral - El Pardo,DEST_002,Nuevos Ministerios,2026-07-29,2026-07-29T08:09:38+02:00,2026-07-29T08:57:49+02:00,BUS,815|147,Consorcio Regional de Transportes de Madrid|Información oficial: Consorcio Regional de Transportes de Madrid,48.18333333333333,4.933333333333334,9.0,315.58,1.0,2026-07-29T18:00:00+02:00,2026-07-29T18:59:43+02:00,BUS,147,Información oficial: Consorcio Regional de Transportes de Madrid,59.71666666666667,20.633333333333333,7.0,1504.04,0.0,107.9,25.566666666666666,16.0,1.0
MAD-083,Peñagrande,Fuencarral - El Pardo,DEST_003,UC3M Campus de Leganés,2026-07-29,2026-07-29T06:54:00+02:00,2026-07-29T08:56:51+02:00,BUS,133|39|482,Información oficial: Consorcio Regional de Transportes de Madrid|Consorcio Regional de Transportes de Madrid,122.85,34.36666666666667,21.1,2407.92,2.0,2026-07-29T18:00:58+02:00,2026-07-29T20:11:50+02:00,BUS,493|138|133,Consorcio Regional de Transportes de Madrid|Información oficial: Consorcio Regional de Transportes de Madrid,130.86666666666667,10.966666666666669,23.0,808.76,2.0,253.71666666666667,45.333333333333336,44.1,4.0
MAD-084,Pilar,Fuencarral - El Pardo,DEST_001,Puerta del Sol,2026-07-29,2026-07-29T07:47:00+02:00,2026-07-29T08:44:22+02:00,BUS,147,Información oficial: Consorcio Regional de Transportes de Madrid,57.36666666666667,14.066666666666666,8.0,998.47,0.0,2026-07-29T18:00:00+02:00,2026-07-29T19:13:45+02:00,BUS,133,Información oficial: Consorcio Regional de Transportes de Madrid,73.75,22.383333333333333,8.0,1576.01,0.0,131.11666666666667,36.45,16.0,0.0
MAD-084,Pilar,Fuencarral - El Pardo,DEST_002,Nuevos Ministerios,2026-07-29,2026-07-29T08:15:34+02:00,2026-07-29T08:55:09+02:00,BUS,712|147,Consorcio Regional de Transportes de Madrid|Información oficial: Consorcio Regional de Transportes de Madrid,39.583333333333336,14.65,9.0,1024.2,1.0,2026-07-29T18:00:00+02:00,2026-07-29T18:44:09+02:00,BUS,147,Información oficial: Consorcio Regional de Transportes de Madrid,44.15,9.4,7.0,586.23,0.0,83.73333333333333,24.05,16.0,1.0
MAD-084,Pilar,Fuencarral - El Pardo,DEST_003,UC3M Campus de Leganés,2026-07-29,2026-07-29T06:55:55+02:00,2026-07-29T08:56:51+02:00,BUS,712|27|E1|482,Consorcio Regional de Transportes de Madrid|Información oficial: Consorcio Regional de Transportes de Madrid,120.93333333333334,19.116666666666667,22.133333333333333,1267.4,3.0,2026-07-29T18:00:58+02:00,2026-07-29T20:26:42+02:00,BUS,493|138|133,Consorcio Regional de Transportes de Madrid|Información oficial: Consorcio Regional de Transportes de Madrid,145.73333333333332,20.85,23.0,1504.02,2.0,266.66666666666663,39.96666666666667,45.13333333333333,5.0
MAD-085,La Paz,Fuencarral - El Pardo,DEST_001,Puerta del Sol,2026-07-29,2026-07-29T07:49:08+02:00,2026-07-29T08:44:59+02:00,BUS,159|147,Consorcio Regional de Transportes de Madrid|Información oficial: Consorcio Regional de Transportes de Madrid,55.85,18.466666666666665,10.0,1391.13,1.0,2026-07-29T18:05:00+02:00,2026-07-29T19:18:33+02:00,BUS,27|171,Información oficial: Consorcio Regional de Transportes de Madrid|Consorcio Regional de Transportes de Madrid,73.55,33.88333333333333,9.183333333333334,2421.19,1.0,129.4,52.349999999999994,19.183333333333334,2.0
MAD-085,La Paz,Fuencarral - El Pardo,DEST_002,Nuevos Ministerios,2026-07-29,2026-07-29T08:19:08+02:00,2026-07-29T08:57:47+02:00,BUS,159|147,Consorcio Regional de Transportes de Madrid|Información oficial: Consorcio Regional de Transportes de Madrid,38.65,12.1,9.0,883.83,1.0,2026-07-29T18:00:00+02:00,2026-07-29T18:46:08+02:00,BUS,147,Información oficial: Consorcio Regional de Transportes de Madrid,46.13333333333333,21.266666666666666,7.0,1482.81,0.0,84.78333333333333,33.36666666666667,16.0,1.0
MAD-085,La Paz,Fuencarral - El Pardo,DEST_003,UC3M Campus de Leganés,2026-07-29,2026-07-29T06:48:50+02:00,2026-07-29T08:56:51+02:00,BUS,712|27|E1|482,Consorcio Regional de Transportes de Madrid|Información oficial: Consorcio Regional de Transportes de Madrid,128.01666666666668,26.2,22.133333333333333,1846.34,3.0,2026-07-29T18:00:58+02:00,2026-07-29T20:24:57+02:00,BUS,480|E1|27|67,Consorcio Regional de Transportes de Madrid|Información oficial: Consorcio Regional de Transportes de Madrid,143.98333333333332,7.3,37.0,518.0,3.0,272.0,33.5,59.13333333333333,6.0
MAD-086,Valverde,Fuencarral - El Pardo,DEST_001,Puerta del Sol,2026-07-29,2026-07-29T07:35:37+02:00,2026-07-29T08:59:21+02:00,BUS,183|27,Consorcio Regional de Transportes de Madrid|Información oficial: Consorcio Regional de Transportes de Madrid,83.73333333333333,38.21666666666667,7.0,2698.52,1.0,2026-07-29T18:05:00+02:00,2026-07-29T19:19:24+02:00,BUS,27|171,Información oficial: Consorcio Regional de Transportes de Madrid|Consorcio Regional de Transportes de Madrid,74.4,34.733333333333334,9.183333333333334,2617.0,1.0,158.13333333333333,72.95,16.183333333333334,2.0
MAD-086,Valverde,Fuencarral - El Pardo,DEST_002,Nuevos Ministerios,2026-07-29,2026-07-29T08:04:44+02:00,2026-07-29T08:55:48+02:00,BUS,161|147,Consorcio Regional de Transportes de Madrid|Información oficial: Consorcio Regional de Transportes de Madrid,51.06666666666667,22.566666666666663,9.0,1720.72,1.0,2026-07-29T18:04:00+02:00,2026-07-29T18:53:22+02:00,BUS,S10|182,Información oficial: Consorcio Regional de Transportes de Madrid|Consorcio Regional de Transportes de Madrid,49.36666666666667,27.566666666666663,5.4,1949.56,1.0,100.43333333333334,50.133333333333326,14.4,2.0
MAD-086,Valverde,Fuencarral - El Pardo,DEST_003,UC3M Campus de Leganés,2026-07-29,2026-07-29T06:43:33+02:00,2026-07-29T08:56:51+02:00,BUS,171|27|E1|482,Consorcio Regional de Transportes de Madrid|Información oficial: Consorcio Regional de Transportes de Madrid,133.3,23.45,24.1,1806.82,3.0,2026-07-29T18:03:27+02:00,2026-07-29T20:19:24+02:00,BUS,485|E1|27|171,Consorcio Regional de Transportes de Madrid|Información oficial: Consorcio Regional de Transportes de Madrid,135.95,27.05,26.75,2111.99,3.0,269.25,50.5,50.85,6.0
MAD-087,Mirasierra,Fuencarral - El Pardo,DEST_001,Puerta del Sol,2026-07-29,2026-07-29T07:35:00+02:00,2026-07-29T08:55:38+02:00,BUS,133,Información oficial: Consorcio Regional de Transportes de Madrid,80.63333333333334,22.9,7.0,1794.82,0.0,2026-07-29T18:00:00+02:00,2026-07-29T19:28:31+02:00,BUS,133,Información oficial: Consorcio Regional de Transportes de Madrid,88.51666666666667,22.683333333333334,8.0,1729.9699999999998,0.0,169.15,45.58333333333333,15.0,0.0
MAD-087,Mirasierra,Fuencarral - El Pardo,DEST_002,Nuevos Ministerios,2026-07-29,2026-07-29T07:59:59+02:00,2026-07-29T08:55:09+02:00,BUS,712|147,Consorcio Regional de Transportes de Madrid|Información oficial: Consorcio Regional de Transportes de Madrid,55.16666666666666,26.65,9.0,2041.75,1.0,2026-07-29T18:04:00+02:00,2026-07-29T19:09:38+02:00,BUS,S10|717,Información oficial: Consorcio Regional de Transportes de Madrid|Consorcio Regional de Transportes de Madrid,65.63333333333334,42.91666666666666,5.033333333333333,3115.28,1.0,120.8,69.56666666666666,14.033333333333333,2.0
MAD-087,Mirasierra,Fuencarral - El Pardo,DEST_003,UC3M Campus de Leganés,2026-07-29,2026-07-29T06:39:28+02:00,2026-07-29T08:56:51+02:00,BUS,712|27|E1|482,Consorcio Regional de Transportes de Madrid|Información oficial: Consorcio Regional de Transportes de Madrid,137.38333333333333,31.116666666666667,22.133333333333333,2284.95,3.0,2026-07-29T18:00:58+02:00,2026-07-29T20:40:43+02:00,BUS,493|138|133,Consorcio Regional de Transportes de Madrid|Información oficial: Consorcio Regional de Transportes de Madrid,159.75,21.15,23.0,1657.98,2.0,297.1333333333333,52.266666666666666,45.13333333333333,5.0
MAD-088,El Goloso,Fuencarral - El Pardo,DEST_001,Puerta del Sol,2026-07-29,2026-07-29T07:36:52+02:00,2026-07-29T08:59:43+02:00,BUS,713|27,Consorcio Regional de Transportes de Madrid|Información oficial: Consorcio Regional de Transportes de Madrid,82.85,32.233333333333334,7.0,2317.64,1.0,2026-07-29T18:00:00+02:00,2026-07-29T19:15:46+02:00,BUS,27|714,Información oficial: Consorcio Regional de Transportes de Madrid|Consorcio Regional de Transportes de Madrid,75.76666666666667,23.516666666666666,9.183333333333334,1714.23,1.0,158.61666666666667,55.75,16.183333333333334,2.0
MAD-088,El Goloso,Fuencarral - El Pardo,DEST_002,Nuevos Ministerios,2026-07-29,2026-07-29T08:11:38+02:00,2026-07-29T09:00:00+02:00,BUS,714|27,Consorcio Regional de Transportes de Madrid|Información oficial: Consorcio Regional de Transportes de Madrid,48.36666666666667,11.116666666666667,7.0,804.94,1.0,2026-07-29T18:04:00+02:00,2026-07-29T18:48:57+02:00,BUS,S10|876,Información oficial: Consorcio Regional de Transportes de Madrid|Consorcio Regional de Transportes de Madrid,44.95,16.683333333333334,5.516666666666667,1199.39,1.0,93.31666666666666,27.8,12.516666666666666,2.0
MAD-088,El Goloso,Fuencarral - El Pardo,DEST_003,UC3M Campus de Leganés,2026-07-29,2026-07-29T06:39:36+02:00,2026-07-29T08:56:51+02:00,BUS,712|27|E1|482,Consorcio Regional de Transportes de Madrid|Información oficial: Consorcio Regional de Transportes de Madrid,137.25,23.55,22.133333333333333,1679.0499999999995,3.0,2026-07-29T18:03:27+02:00,2026-07-29T20:29:04+02:00,BUS,485|E1|27|712,Consorcio Regional de Transportes de Madrid|Información oficial: Consorcio Regional de Transportes de Madrid,145.61666666666667,18.65,30.03333333333333,1319.96,3.0,282.8666666666667,42.2,52.166666666666664,6.0
MAD-091,Casa de Campo,Moncloa - Aravaca,DEST_001,Puerta del Sol,2026-07-29,2026-07-29T07:59:00+02:00,2026-07-29T08:55:01+02:00,BUS,31,Información oficial: Consorcio Regional de Transportes de Madrid,56.016666666666666,39.25,7.0,2920.44,0.0,2026-07-29T18:00:00+02:00,2026-07-29T18:56:32+02:00,BUS,31,Información oficial: Consorcio Regional de Transportes de Madrid,56.53333333333333,37.7,8.0,2843.86,0.0,112.55,76.95,15.0,0.0
MAD-091,Casa de Campo,Moncloa - Aravaca,DEST_002,Nuevos Ministerios,2026-07-29,2026-07-29T07:30:00+02:00,2026-07-29T08:56:43+02:00,BUS,C1,Información oficial: Consorcio Regional de Transportes de Madrid,86.71666666666667,39.43333333333333,13.0,2968.57,1.0,2026-07-29T18:00:00+02:00,2026-07-29T19:27:27+02:00,BUS,147|39,Información oficial: Consorcio Regional de Transportes de Madrid,87.45,37.38333333333333,19.0,2808.01,1.0,174.16666666666669,76.81666666666666,32.0,2.0
MAD-091,Casa de Campo,Moncloa - Aravaca,DEST_003,UC3M Campus de Leganés,2026-07-29,2026-07-29T07:18:00+02:00,2026-07-29T08:56:51+02:00,BUS,39|482,Información oficial: Consorcio Regional de Transportes de Madrid|Consorcio Regional de Transportes de Madrid,98.85,53.66666666666666,11.666666666666666,3973.77,1.0,2026-07-29T18:00:58+02:00,2026-07-29T19:44:31+02:00,BUS,493|138,Consorcio Regional de Transportes de Madrid|Información oficial: Consorcio Regional de Transportes de Madrid,103.55,41.45,12.0,3126.37,1.0,202.39999999999998,95.11666666666666,23.666666666666664,2.0
MAD-092,Argüelles,Moncloa - Aravaca,DEST_001,Puerta del Sol,2026-07-29,2026-07-29T08:32:00+02:00,2026-07-29T08:58:12+02:00,BUS,133,Información oficial: Consorcio Regional de Transportes de Madrid,26.2,15.766666666666667,7.0,1208.2,0.0,,,,,,,,,,,,,,
MAD-092,Argüelles,Moncloa - Aravaca,DEST_002,Nuevos Ministerios,2026-07-29,2026-07-29T08:04:00+02:00,2026-07-29T08:50:04+02:00,BUS,C1,Información oficial: Consorcio Regional de Transportes de Madrid,46.06666666666667,8.816666666666666,13.0,597.5600000000001,1.0,2026-07-29T18:00:00+02:00,2026-07-29T18:42:20+02:00,BUS,147,Información oficial: Consorcio Regional de Transportes de Madrid,42.333333333333336,18.3,7.0,1260.93,0.0,88.4,27.116666666666667,20.0,1.0
MAD-092,Argüelles,Moncloa - Aravaca,DEST_003,UC3M Campus de Leganés,2026-07-29,2026-07-29T07:33:00+02:00,2026-07-29T08:56:51+02:00,BUS,39|482,Información oficial: Consorcio Regional de Transportes de Madrid|Consorcio Regional de Transportes de Madrid,83.85,33.833333333333336,11.566666666666666,2498.16,1.0,2026-07-29T18:00:58+02:00,2026-07-29T19:33:00+02:00,BUS,493|138,Consorcio Regional de Transportes de Madrid|Información oficial: Consorcio Regional de Transportes de Madrid,92.03333333333332,15.033333333333331,12.0,1086.06,1.0,175.88333333333333,48.86666666666667,23.566666666666666,2.0
MAD-093,Ciudad Universitaria,Moncloa - Aravaca,DEST_001,Puerta del Sol,2026-07-29,2026-07-29T07:54:00+02:00,2026-07-29T08:53:30+02:00,BUS,82|133,Información oficial: Consorcio Regional de Transportes de Madrid,59.5,22.45,18.0,1715.9299999999998,1.0,2026-07-29T18:00:00+02:00,2026-07-29T18:59:50+02:00,BUS,133,Información oficial: Consorcio Regional de Transportes de Madrid,59.833333333333336,35.766666666666666,8.0,2701.33,0.0,119.33333333333334,58.21666666666667,26.0,1.0
MAD-093,Ciudad Universitaria,Moncloa - Aravaca,DEST_002,Nuevos Ministerios,2026-07-29,2026-07-29T07:53:00+02:00,2026-07-29T08:56:43+02:00,BUS,126,Información oficial: Consorcio Regional de Transportes de Madrid,63.71666666666667,26.433333333333334,10.0,2003.81,0.0,2026-07-29T18:00:00+02:00,2026-07-29T18:59:18+02:00,BUS,F,Información oficial: Consorcio Regional de Transportes de Madrid,59.3,33.93333333333333,13.0,2489.23,0.0,123.01666666666667,60.36666666666666,23.0,0.0
MAD-093,Ciudad Universitaria,Moncloa - Aravaca,DEST_003,UC3M Campus de Leganés,2026-07-29,2026-07-29T06:49:00+02:00,2026-07-29T08:56:51+02:00,BUS,133|39|482,Información oficial: Consorcio Regional de Transportes de Madrid|Consorcio Regional de Transportes de Madrid,127.85,56.43333333333333,21.45,4160.24,2.0,2026-07-29T18:11:02+02:00,2026-07-29T20:06:48+02:00,BUS,482|561|560|656|629,Consorcio Regional de Transportes de Madrid,115.76666666666668,31.65,17.75,2425.55,4.0,243.61666666666667,88.08333333333333,39.2,6.0
MAD-094,Valdezarza,Moncloa - Aravaca,DEST_001,Puerta del Sol,2026-07-29,2026-07-29T07:41:33+02:00,2026-07-29T08:55:04+02:00,BUS,44,Información oficial: Consorcio Regional de Transportes de Madrid,73.51666666666667,23.5,10.0,1775.92,0.0,2026-07-29T18:00:00+02:00,2026-07-29T19:06:54+02:00,BUS,133|82,Información oficial: Consorcio Regional de Transportes de Madrid,66.9,24.383333333333333,20.0,1714.9499999999998,1.0,140.41666666666669,47.88333333333333,30.0,1.0
MAD-094,Valdezarza,Moncloa - Aravaca,DEST_002,Nuevos Ministerios,2026-07-29,2026-07-29T08:10:00+02:00,2026-07-29T08:53:15+02:00,BUS,126,Información oficial: Consorcio Regional de Transportes de Madrid,43.25,7.45,10.0,529.27,0.0,2026-07-29T18:00:00+02:00,2026-07-29T18:43:17+02:00,BUS,126,Información oficial: Consorcio Regional de Transportes de Madrid,43.28333333333333,7.15,12.0,495.88,0.0,86.53333333333333,14.600000000000001,22.0,0.0
MAD-094,Valdezarza,Moncloa - Aravaca,DEST_003,UC3M Campus de Leganés,2026-07-29,2026-07-29T06:51:00+02:00,2026-07-29T08:56:51+02:00,BUS,126|27|E1|482,Información oficial: Consorcio Regional de Transportes de Madrid|Consorcio Regional de Transportes de Madrid,125.85,9.066666666666666,32.5,627.83,3.0,2026-07-29T18:00:58+02:00,2026-07-29T20:13:56+02:00,BUS,493|138|82,Consorcio Regional de Transportes de Madrid|Información oficial: Consorcio Regional de Transportes de Madrid,132.96666666666667,20.216666666666665,24.0,1482.94,2.0,258.81666666666666,29.28333333333333,56.5,5.0
MAD-095,Valdemarín,Moncloa - Aravaca,DEST_001,Puerta del Sol,2026-07-29,2026-07-29T08:05:18+02:00,2026-07-29T08:57:52+02:00,BUS,625|133,Consorcio Regional de Transportes de Madrid|Información oficial: Consorcio Regional de Transportes de Madrid,52.56666666666667,30.55,9.0,2335.89,1.0,2026-07-29T18:00:00+02:00,2026-07-29T19:06:02+02:00,BUS,133|624|162,Información oficial: Consorcio Regional de Transportes de Madrid|Consorcio Regional de Transportes de Madrid,66.03333333333333,18.383333333333333,24.9,1359.4699999999998,2.0,118.6,48.93333333333334,33.9,3.0
MAD-095,Valdemarín,Moncloa - Aravaca,DEST_002,Nuevos Ministerios,2026-07-29,2026-07-29T07:42:39+02:00,2026-07-29T08:49:11+02:00,BUS,625|C1,Consorcio Regional de Transportes de Madrid|Información oficial: Consorcio Regional de Transportes de Madrid,66.53333333333333,23.966666666666665,15.0,1766.83,2.0,2026-07-29T18:00:00+02:00,2026-07-29T19:21:40+02:00,BUS,C2|661|162,Información oficial: Consorcio Regional de Transportes de Madrid|Consorcio Regional de Transportes de Madrid,81.66666666666667,24.35,22.266666666666666,1729.62,2.0,148.2,48.31666666666666,37.266666666666666,4.0
MAD-095,Valdemarín,Moncloa - Aravaca,DEST_003,UC3M Campus de Leganés,2026-07-29,2026-07-29T07:20:00+02:00,2026-07-29T08:56:51+02:00,BUS|TRAM,161|ML2|574|482,Información oficial: Consorcio Regional de Transportes de Madrid|Consorcio Regional de Transportes de Madrid,96.85,10.966666666666669,22.883333333333333,717.15,3.0,2026-07-29T18:11:02+02:00,2026-07-29T19:40:20+02:00,BUS,482|561|560|656,Consorcio Regional de Transportes de Madrid,89.3,15.083333333333334,15.266666666666667,1184.0,3.0,186.14999999999998,26.050000000000004,38.15,6.0
MAD-096,El Plantío,Moncloa - Aravaca,DEST_001,Puerta del Sol,2026-07-29,2026-07-29T07:56:00+02:00,2026-07-29T08:57:52+02:00,BUS,162|625|133,Información oficial: Consorcio Regional de Transportes de Madrid|Consorcio Regional de Transportes de Madrid,61.86666666666667,15.1,21.7,1125.0,2.0,2026-07-29T18:00:00+02:00,2026-07-29T18:55:44+02:00,BUS,133|624|652,Información oficial: Consorcio Regional de Transportes de Madrid|Consorcio Regional de Transportes de Madrid,55.73333333333333,19.216666666666665,15.633333333333333,1418.6899999999998,2.0,117.6,34.31666666666666,37.33333333333333,4.0
MAD-096,El Plantío,Moncloa - Aravaca,DEST_002,Nuevos Ministerios,2026-07-29,2026-07-29T07:34:00+02:00,2026-07-29T08:56:42+02:00,BUS,162|C1,Información oficial: Consorcio Regional de Transportes de Madrid,82.7,20.1,17.0,1379.96,1.0,2026-07-29T18:00:00+02:00,2026-07-29T19:12:29+02:00,BUS,C2|661|651,Información oficial: Consorcio Regional de Transportes de Madrid|Consorcio Regional de Transportes de Madrid,72.48333333333333,25.183333333333334,11.016666666666667,1788.84,2.0,155.18333333333334,45.28333333333333,28.016666666666666,3.0
MAD-096,El Plantío,Moncloa - Aravaca,DEST_003,UC3M Campus de Leganés,2026-07-29,2026-07-29T07:01:55+02:00,2026-07-29T08:49:27+02:00,BUS,563|485,Consorcio Regional de Transportes de Madrid,107.53333333333332,18.95,5.0,1471.56,1.0,2026-07-29T18:11:02+02:00,2026-07-29T19:46:09+02:00,BUS,482|561|654,Consorcio Regional de Transportes de Madrid,95.11666666666666,2.566666666666667,8.2,190.9,2.0,202.64999999999998,21.516666666666666,13.2,3.0
MAD-097,Aravaca,Moncloa - Aravaca,DEST_001,Puerta del Sol,2026-07-29,2026-07-29T08:07:07+02:00,2026-07-29T08:58:21+02:00,BUS,657|643|133,Consorcio Regional de Transportes de Madrid|Información oficial: Consorcio Regional de Transportes de Madrid,51.23333333333333,20.766666666666666,11.683333333333334,1586.89,2.0,2026-07-29T18:00:00+02:00,2026-07-29T19:13:03+02:00,BUS,133|160,Información oficial: Consorcio Regional de Transportes de Madrid,73.05,15.883333333333333,27.0,1166.46,1.0,124.28333333333333,36.65,38.68333333333334,3.0
MAD-097,Aravaca,Moncloa - Aravaca,DEST_002,Nuevos Ministerios,2026-07-29,2026-07-29T07:47:07+02:00,2026-07-29T08:57:38+02:00,BUS,657|C1,Consorcio Regional de Transportes de Madrid|Información oficial: Consorcio Regional de Transportes de Madrid,70.51666666666667,13.116666666666667,15.0,945.31,2.0,2026-07-29T18:04:00+02:00,2026-07-29T19:18:09+02:00,BUS,C2|658,Información oficial: Consorcio Regional de Transportes de Madrid|Consorcio Regional de Transportes de Madrid,74.15,11.333333333333334,16.05,843.53,2.0,144.66666666666669,24.450000000000003,31.05,4.0
MAD-097,Aravaca,Moncloa - Aravaca,DEST_003,UC3M Campus de Leganés,2026-07-29,2026-07-29T07:27:31+02:00,2026-07-29T08:56:51+02:00,TRAM|BUS,ML2|574|482,Consorcio Regional de Transportes de Madrid,89.33333333333333,26.98333333333333,11.116666666666667,1901.26,2.0,2026-07-29T18:11:02+02:00,2026-07-29T19:31:03+02:00,BUS,482|561|658,Consorcio Regional de Transportes de Madrid,80.01666666666667,6.466666666666667,10.25,470.97,2.0,169.35,33.449999999999996,21.366666666666667,4.0
MAD-101,Los Cármenes,Latina,DEST_001,Puerta del Sol,2026-07-29,2026-07-29T08:07:00+02:00,2026-07-29T08:53:11+02:00,BUS,17,Información oficial: Consorcio Regional de Transportes de Madrid,46.18333333333333,14.6,10.0,1047.64,0.0,2026-07-29T18:00:00+02:00,2026-07-29T18:46:29+02:00,BUS,17,Información oficial: Consorcio Regional de Transportes de Madrid,46.48333333333333,15.083333333333334,10.0,1096.63,0.0,92.66666666666666,29.683333333333334,20.0,0.0
MAD-101,Los Cármenes,Latina,DEST_002,Nuevos Ministerios,2026-07-29,2026-07-29T07:39:00+02:00,2026-07-29T08:59:40+02:00,BUS,25|147,Información oficial: Consorcio Regional de Transportes de Madrid,80.66666666666667,16.283333333333335,18.0,1071.5700000000002,1.0,2026-07-29T18:00:00+02:00,2026-07-29T19:16:48+02:00,BUS,147|39,Información oficial: Consorcio Regional de Transportes de Madrid,76.8,17.916666666666668,19.0,1326.5,1.0,157.46666666666667,34.2,37.0,2.0
MAD-101,Los Cármenes,Latina,DEST_003,UC3M Campus de Leganés,2026-07-29,2026-07-29T07:55:50+02:00,2026-07-29T08:47:11+02:00,BUS,486|491,Consorcio Regional de Transportes de Madrid,51.35,26.75,3.966666666666667,2066.7200000000003,1.0,2026-07-29T18:00:58+02:00,2026-07-29T19:00:18+02:00,BUS,493|486,Consorcio Regional de Transportes de Madrid,59.333333333333336,29.8,5.033333333333333,2298.45,1.0,110.68333333333334,56.55,9.0,2.0
MAD-102,Puerta del Ángel,Latina,DEST_001,Puerta del Sol,2026-07-29,2026-07-29T08:20:00+02:00,2026-07-29T08:52:04+02:00,BUS,31,Información oficial: Consorcio Regional de Transportes de Madrid,32.06666666666667,13.416666666666666,7.0,945.76,0.0,2026-07-29T18:00:00+02:00,2026-07-29T18:33:04+02:00,BUS,31,Información oficial: Consorcio Regional de Transportes de Madrid,33.06666666666667,12.466666666666669,8.0,901.5,0.0,65.13333333333334,25.883333333333333,15.0,0.0
MAD-102,Puerta del Ángel,Latina,DEST_002,Nuevos Ministerios,2026-07-29,2026-07-29T07:53:00+02:00,2026-07-29T09:00:00+02:00,BUS,39|147,Información oficial: Consorcio Regional de Transportes de Madrid,67.0,14.233333333333333,18.0,940.84,1.0,2026-07-29T18:00:00+02:00,2026-07-29T19:03:30+02:00,BUS,147|39,Información oficial: Consorcio Regional de Transportes de Madrid,63.5,12.15,19.0,865.6500000000001,1.0,130.5,26.383333333333333,37.0,2.0
MAD-102,Puerta del Ángel,Latina,DEST_003,UC3M Campus de Leganés,2026-07-29,2026-07-29T07:44:00+02:00,2026-07-29T08:56:51+02:00,BUS,138|482,Información oficial: Consorcio Regional de Transportes de Madrid|Consorcio Regional de Transportes de Madrid,72.85,12.916666666666666,12.983333333333333,922.9,1.0,2026-07-29T18:00:58+02:00,2026-07-29T19:15:18+02:00,BUS,493|486,Consorcio Regional de Transportes de Madrid,74.33333333333333,44.8,5.033333333333333,3436.31,1.0,147.18333333333334,57.71666666666666,18.016666666666666,2.0
MAD-103,Lucero,Latina,DEST_001,Puerta del Sol,2026-07-29,2026-07-29T08:06:00+02:00,2026-07-29T08:55:40+02:00,BUS,65,Información oficial: Consorcio Regional de Transportes de Madrid,49.66666666666666,13.916666666666666,14.0,1010.54,0.0,2026-07-29T18:00:00+02:00,2026-07-29T18:46:26+02:00,BUS,31,Información oficial: Consorcio Regional de Transportes de Madrid,46.43333333333333,16.966666666666665,8.0,1250.05,0.0,96.1,30.883333333333333,22.0,0.0
MAD-103,Lucero,Latina,DEST_002,Nuevos Ministerios,2026-07-29,2026-07-29T07:39:00+02:00,2026-07-29T08:59:46+02:00,BUS,39|147,Información oficial: Consorcio Regional de Transportes de Madrid,80.76666666666667,20.78333333333333,18.0,1385.25,1.0,2026-07-29T18:00:00+02:00,2026-07-29T19:16:08+02:00,BUS,147|39,Información oficial: Consorcio Regional de Transportes de Madrid,76.13333333333334,12.833333333333334,19.0,898.26,1.0,156.9,33.61666666666667,37.0,2.0
MAD-103,Lucero,Latina,DEST_003,UC3M Campus de Leganés,2026-07-29,2026-07-29T08:02:00+02:00,2026-07-29T08:56:51+02:00,BUS,138|482,Información oficial: Consorcio Regional de Transportes de Madrid|Consorcio Regional de Transportes de Madrid,54.85,5.583333333333333,12.116666666666667,364.5,1.0,2026-07-29T18:00:58+02:00,2026-07-29T18:58:48+02:00,BUS,493|138,Consorcio Regional de Transportes de Madrid|Información oficial: Consorcio Regional de Transportes de Madrid,57.833333333333336,11.15,12.0,794.1399999999999,1.0,112.68333333333334,16.733333333333334,24.116666666666667,2.0
MAD-104,Aluche,Latina,DEST_001,Puerta del Sol,2026-07-29,2026-07-29T08:06:00+02:00,2026-07-29T08:59:26+02:00,BUS,31,Información oficial: Consorcio Regional de Transportes de Madrid,53.43333333333333,15.25,7.0,1089.86,0.0,2026-07-29T18:00:00+02:00,2026-07-29T18:53:36+02:00,BUS,31,Información oficial: Consorcio Regional de Transportes de Madrid,53.6,12.65,8.0,943.37,0.0,107.03333333333333,27.9,15.0,0.0
MAD-104,Aluche,Latina,DEST_002,Nuevos Ministerios,2026-07-29,2026-07-29T07:34:00+02:00,2026-07-29T08:59:19+02:00,BUS,39|147,Información oficial: Consorcio Regional de Transportes de Madrid,85.31666666666666,17.833333333333332,18.0,1230.3200000000002,1.0,2026-07-29T18:00:00+02:00,2026-07-29T19:20:48+02:00,BUS,147|39,Información oficial: Consorcio Regional de Transportes de Madrid,80.8,16.166666666666668,19.0,1155.0500000000002,1.0,166.11666666666667,34.0,37.0,2.0
MAD-104,Aluche,Latina,DEST_003,UC3M Campus de Leganés,2026-07-29,2026-07-29T08:13:56+02:00,2026-07-29T08:56:51+02:00,BUS,482,Consorcio Regional de Transportes de Madrid,42.91666666666666,16.933333333333334,0.0,1269.0300000000002,0.0,2026-07-29T18:00:58+02:00,2026-07-29T18:47:04+02:00,BUS,493,Consorcio Regional de Transportes de Madrid,46.1,22.216666666666665,0.0,1675.04,0.0,89.01666666666665,39.15,0.0,0.0
MAD-105,Campamento,Latina,DEST_001,Puerta del Sol,2026-07-29,,,,,,,,,,,2026-07-29T18:00:00+02:00,2026-07-29T19:44:41+02:00,BUS,39,Información oficial: Consorcio Regional de Transportes de Madrid,104.68333333333334,55.266666666666666,10.0,4336.04,0.0,,,,
MAD-105,Campamento,Latina,DEST_002,Nuevos Ministerios,2026-07-29,2026-07-29T06:55:28+02:00,2026-07-29T08:50:06+02:00,BUS,573|C1,Consorcio Regional de Transportes de Madrid|Información oficial: Consorcio Regional de Transportes de Madrid,114.63333333333334,49.5,15.0,3784.55,2.0,2026-07-29T18:00:00+02:00,2026-07-29T20:05:54+02:00,BUS,147|39,Información oficial: Consorcio Regional de Transportes de Madrid,125.9,44.91666666666666,19.0,3502.13,1.0,240.53333333333336,94.41666666666666,34.0,3.0
MAD-105,Campamento,Latina,DEST_003,UC3M Campus de Leganés,2026-07-29,2026-07-29T07:39:20+02:00,2026-07-29T08:46:45+02:00,BUS,511|450,Consorcio Regional de Transportes de Madrid,67.41666666666667,25.4,5.916666666666667,2014.41,1.0,2026-07-29T18:11:02+02:00,2026-07-29T19:30:07+02:00,BUS,482|561|560,Consorcio Regional de Transportes de Madrid,79.08333333333333,27.133333333333333,8.883333333333333,2104.33,2.0,146.5,52.53333333333333,14.8,3.0
MAD-106,Cuatro Vientos,Latina,DEST_001,Puerta del Sol,2026-07-29,2026-07-29T07:30:07+02:00,2026-07-29T08:56:47+02:00,BUS,487|17,Consorcio Regional de Transportes de Madrid|Información oficial: Consorcio Regional de Transportes de Madrid,86.66666666666667,23.516666666666666,12.0,1799.33,1.0,2026-07-29T18:09:00+02:00,2026-07-29T19:26:48+02:00,BUS,17|486,Información oficial: Consorcio Regional de Transportes de Madrid|Consorcio Regional de Transportes de Madrid,77.8,23.25,12.333333333333334,1779.25,1.0,164.46666666666667,46.766666666666666,24.333333333333336,2.0
MAD-106,Cuatro Vientos,Latina,DEST_002,Nuevos Ministerios,2026-07-29,2026-07-29T06:58:20+02:00,2026-07-29T08:58:56+02:00,BUS,483|34|14,Consorcio Regional de Transportes de Madrid|Información oficial: Consorcio Regional de Transportes de Madrid,120.6,21.183333333333334,20.0,1546.28,2.0,2026-07-29T18:01:00+02:00,2026-07-29T19:46:48+02:00,BUS,27|34|486,Información oficial: Consorcio Regional de Transportes de Madrid|Consorcio Regional de Transportes de Madrid,105.8,18.98333333333333,19.23333333333333,1421.9499999999998,2.0,226.39999999999998,40.166666666666664,39.233333333333334,4.0
MAD-106,Cuatro Vientos,Latina,DEST_003,UC3M Campus de Leganés,2026-07-29,2026-07-29T08:14:44+02:00,2026-07-29T08:58:15+02:00,BUS,486|1,Consorcio Regional de Transportes de Madrid,43.516666666666666,23.716666666666665,4.933333333333334,1855.05,1.0,2026-07-29T18:02:56+02:00,2026-07-29T18:42:40+02:00,BUS,483,Consorcio Regional de Transportes de Madrid,39.73333333333333,21.933333333333334,0.0,1722.29,0.0,83.25,45.65,4.933333333333334,1.0
MAD-107,Águilas,Latina,DEST_001,Puerta del Sol,2026-07-29,2026-07-29T07:47:00+02:00,2026-07-29T08:59:51+02:00,BUS,17,Información oficial: Consorcio Regional de Transportes de Madrid,72.85,16.633333333333333,10.0,1224.35,0.0,2026-07-29T18:00:00+02:00,2026-07-29T19:12:10+02:00,BUS,17,Información oficial: Consorcio Regional de Transportes de Madrid,72.16666666666667,18.08333333333333,10.0,1322.4699999999998,0.0,145.01666666666665,34.71666666666666,20.0,0.0
MAD-107,Águilas,Latina,DEST_002,Nuevos Ministerios,2026-07-29,2026-07-29T07:11:20+02:00,2026-07-29T08:57:49+02:00,BUS,483|492|34|27,Consorcio Regional de Transportes de Madrid|Información oficial: Consorcio Regional de Transportes de Madrid,106.48333333333332,16.716666666666665,19.0,1200.51,3.0,2026-07-29T18:00:00+02:00,2026-07-29T19:41:03+02:00,BUS,147|138,Información oficial: Consorcio Regional de Transportes de Madrid,101.05,20.416666666666668,19.0,1452.85,1.0,207.5333333333333,37.13333333333333,38.0,4.0
MAD-107,Águilas,Latina,DEST_003,UC3M Campus de Leganés,2026-07-29,2026-07-29T08:15:20+02:00,2026-07-29T08:53:20+02:00,BUS,483|493,Consorcio Regional de Transportes de Madrid,38.0,15.433333333333334,2.0,1169.8,1.0,2026-07-29T18:02:56+02:00,2026-07-29T18:41:32+02:00,BUS,483,Consorcio Regional de Transportes de Madrid,38.6,14.866666666666667,0.0,1131.66,0.0,76.6,30.3,2.0,1.0
MAD-111,Comillas,Carabanchel,DEST_001,Puerta del Sol,2026-07-29,2026-07-29T08:21:00+02:00,2026-07-29T08:58:38+02:00,BUS,23,Información oficial: Consorcio Regional de Transportes de Madrid,37.63333333333333,13.15,7.0,975.41,0.0,2026-07-29T18:00:00+02:00,2026-07-29T18:40:27+02:00,BUS,23,Información oficial: Consorcio Regional de Transportes de Madrid,40.45,15.2,9.0,1117.28,0.0,78.08333333333334,28.35,16.0,0.0
MAD-111,Comillas,Carabanchel,DEST_002,Nuevos Ministerios,2026-07-29,2026-07-29T07:45:00+02:00,2026-07-29T08:59:48+02:00,BUS,34|27,Información oficial: Consorcio Regional de Transportes de Madrid,74.8,17.383333333333333,15.0,1291.95,1.0,2026-07-29T18:00:00+02:00,2026-07-29T19:06:42+02:00,BUS,27|E1,Información oficial: Consorcio Regional de Transportes de Madrid,66.7,8.083333333333334,20.0,582.41,1.0,141.5,25.46666666666667,35.0,2.0
MAD-111,Comillas,Carabanchel,DEST_003,UC3M Campus de Leganés,2026-07-29,2026-07-29T08:00:00+02:00,2026-07-29T08:56:51+02:00,BUS,E1|482,Información oficial: Consorcio Regional de Transportes de Madrid|Consorcio Regional de Transportes de Madrid,56.85,9.566666666666666,12.016666666666667,688.1999999999999,1.0,2026-07-29T18:00:58+02:00,2026-07-29T18:54:30+02:00,BUS,480,Consorcio Regional de Transportes de Madrid,53.53333333333333,19.666666666666668,0.0,1358.53,0.0,110.38333333333333,29.233333333333334,12.016666666666667,1.0
MAD-112,Opañel,Carabanchel,DEST_001,Puerta del Sol,2026-07-29,2026-07-29T08:17:00+02:00,2026-07-29T08:59:33+02:00,BUS,23,Información oficial: Consorcio Regional de Transportes de Madrid,42.55,21.566666666666663,7.0,1616.85,0.0,2026-07-29T18:00:00+02:00,2026-07-29T18:41:12+02:00,BUS,35,Información oficial: Consorcio Regional de Transportes de Madrid,41.2,13.383333333333333,9.0,1008.62,0.0,83.75,34.949999999999996,16.0,0.0
MAD-112,Opañel,Carabanchel,DEST_002,Nuevos Ministerios,2026-07-29,2026-07-29T07:45:00+02:00,2026-07-29T08:59:34+02:00,BUS,34|14,Información oficial: Consorcio Regional de Transportes de Madrid,74.56666666666666,9.25,18.0,603.1600000000001,1.0,2026-07-29T18:00:00+02:00,2026-07-29T19:09:05+02:00,BUS,27|34,Información oficial: Consorcio Regional de Transportes de Madrid,69.08333333333333,6.766666666666667,17.0,492.25,1.0,143.64999999999998,16.016666666666666,35.0,2.0
MAD-112,Opañel,Carabanchel,DEST_003,UC3M Campus de Leganés,2026-07-29,2026-07-29T08:08:03+02:00,2026-07-29T08:56:51+02:00,BUS,484|482,Consorcio Regional de Transportes de Madrid,48.8,13.716666666666669,7.416666666666667,989.17,1.0,2026-07-29T18:03:27+02:00,2026-07-29T18:44:54+02:00,BUS,485|484,Consorcio Regional de Transportes de Madrid,41.45,12.483333333333333,2.4833333333333334,936.8,1.0,90.25,26.200000000000003,9.9,2.0
MAD-113,San Isidro,Carabanchel,DEST_001,Puerta del Sol,2026-07-29,2026-07-29T08:09:00+02:00,2026-07-29T08:56:21+02:00,BUS,35,Información oficial: Consorcio Regional de Transportes de Madrid,47.35,16.183333333333334,11.0,1206.87,0.0,2026-07-29T18:00:00+02:00,2026-07-29T18:43:31+02:00,BUS,17,Información oficial: Consorcio Regional de Transportes de Madrid,43.516666666666666,20.75,10.0,1478.89,0.0,90.86666666666667,36.93333333333334,21.0,0.0
MAD-113,San Isidro,Carabanchel,DEST_002,Nuevos Ministerios,2026-07-29,2026-07-29T07:33:00+02:00,2026-07-29T08:51:21+02:00,BUS,34|14,Información oficial: Consorcio Regional de Transportes de Madrid,78.35,11.883333333333333,18.0,797.04,1.0,2026-07-29T18:00:00+02:00,2026-07-29T19:12:52+02:00,BUS,27|34,Información oficial: Consorcio Regional de Transportes de Madrid,72.86666666666666,9.3,17.0,678.48,1.0,151.21666666666664,21.183333333333334,35.0,2.0
MAD-113,San Isidro,Carabanchel,DEST_003,UC3M Campus de Leganés,2026-07-29,2026-07-29T08:00:30+02:00,2026-07-29T08:56:51+02:00,BUS,484|482,Consorcio Regional de Transportes de Madrid,56.35,18.366666666666667,7.416666666666667,1357.7199999999998,1.0,2026-07-29T18:03:27+02:00,2026-07-29T18:53:30+02:00,BUS,485|484,Consorcio Regional de Transportes de Madrid,50.05,18.933333333333334,2.4833333333333334,1397.9,1.0,106.4,37.3,9.9,2.0
MAD-114,Vista Alegre,Carabanchel,DEST_001,Puerta del Sol,2026-07-29,2026-07-29T08:08:00+02:00,2026-07-29T08:59:21+02:00,BUS,17,Información oficial: Consorcio Regional de Transportes de Madrid,51.35,9.0,10.0,651.29,0.0,2026-07-29T18:00:00+02:00,2026-07-29T18:51:09+02:00,BUS,17,Información oficial: Consorcio Regional de Transportes de Madrid,51.15,9.416666666666666,10.0,686.0799999999999,0.0,102.5,18.416666666666664,20.0,0.0
MAD-114,Vista Alegre,Carabanchel,DEST_002,Nuevos Ministerios,2026-07-29,2026-07-29T07:36:00+02:00,2026-07-29T08:59:58+02:00,BUS,34|27,Información oficial: Consorcio Regional de Transportes de Madrid,83.96666666666667,8.933333333333334,15.0,583.47,1.0,2026-07-29T18:00:00+02:00,2026-07-29T19:23:03+02:00,BUS,27|34,Información oficial: Consorcio Regional de Transportes de Madrid,83.05,7.2,17.0,519.15,1.0,167.01666666666665,16.133333333333333,32.0,2.0
MAD-114,Vista Alegre,Carabanchel,DEST_003,UC3M Campus de Leganés,2026-07-29,2026-07-29T08:17:28+02:00,2026-07-29T08:56:51+02:00,BUS,482,Consorcio Regional de Transportes de Madrid,39.38333333333333,19.28333333333333,0.0,1390.15,0.0,2026-07-29T18:00:58+02:00,2026-07-29T18:35:52+02:00,BUS,493|486,Consorcio Regional de Transportes de Madrid,34.9,8.25,5.033333333333333,622.36,1.0,74.28333333333333,27.53333333333333,5.033333333333333,1.0
MAD-115,Puerta Bonita,Carabanchel,DEST_001,Puerta del Sol,2026-07-29,2026-07-29T07:58:00+02:00,2026-07-29T08:59:10+02:00,BUS,35,Información oficial: Consorcio Regional de Transportes de Madrid,61.16666666666666,19.133333333333333,11.0,1415.98,0.0,2026-07-29T18:00:00+02:00,2026-07-29T18:59:31+02:00,BUS,35,Información oficial: Consorcio Regional de Transportes de Madrid,59.516666666666666,19.666666666666668,9.0,1441.0500000000002,0.0,120.68333333333332,38.8,20.0,0.0
MAD-115,Puerta Bonita,Carabanchel,DEST_002,Nuevos Ministerios,2026-07-29,2026-07-29T07:34:00+02:00,2026-07-29T08:59:54+02:00,BUS,34|27,Información oficial: Consorcio Regional de Transportes de Madrid,85.9,10.866666666666667,15.0,768.58,1.0,2026-07-29T18:00:00+02:00,2026-07-29T19:25:43+02:00,BUS,27|34,Información oficial: Consorcio Regional de Transportes de Madrid,85.71666666666667,9.866666666666667,17.0,705.0400000000001,1.0,171.61666666666667,20.733333333333334,32.0,2.0
MAD-115,Puerta Bonita,Carabanchel,DEST_003,UC3M Campus de Leganés,2026-07-29,2026-07-29T08:15:16+02:00,2026-07-29T08:56:51+02:00,BUS,482,Consorcio Regional de Transportes de Madrid,41.583333333333336,21.48333333333333,0.0,1570.66,0.0,2026-07-29T18:03:27+02:00,2026-07-29T18:39:37+02:00,BUS,485,Consorcio Regional de Transportes de Madrid,36.16666666666666,14.683333333333334,0.0,1126.8,0.0,77.75,36.166666666666664,0.0,0.0
MAD-116,Buenavista,Carabanchel,DEST_001,Puerta del Sol,2026-07-29,2026-07-29T07:54:40+02:00,2026-07-29T08:56:50+02:00,BUS,484|35,Consorcio Regional de Transportes de Madrid|Información oficial: Consorcio Regional de Transportes de Madrid,62.16666666666666,12.883333333333333,13.0,904.45,1.0,2026-07-29T18:00:00+02:00,2026-07-29T19:03:11+02:00,BUS,35|484,Información oficial: Consorcio Regional de Transportes de Madrid|Consorcio Regional de Transportes de Madrid,63.18333333333333,13.366666666666667,11.266666666666667,949.96,1.0,125.35,26.25,24.266666666666666,2.0
MAD-116,Buenavista,Carabanchel,DEST_002,Nuevos Ministerios,2026-07-29,2026-07-29T07:38:19+02:00,2026-07-29T08:59:09+02:00,BUS,480|E1|27,Consorcio Regional de Transportes de Madrid|Información oficial: Consorcio Regional de Transportes de Madrid,80.83333333333333,10.95,19.0,720.22,2.0,2026-07-29T18:00:00+02:00,2026-07-29T19:21:04+02:00,BUS,27|E1,Información oficial: Consorcio Regional de Transportes de Madrid,81.06666666666666,7.966666666666667,20.0,573.4200000000001,1.0,161.89999999999998,18.916666666666664,39.0,3.0
MAD-116,Buenavista,Carabanchel,DEST_003,UC3M Campus de Leganés,2026-07-29,2026-07-29T08:28:21+02:00,2026-07-29T08:56:51+02:00,BUS,484|482,Consorcio Regional de Transportes de Madrid,28.5,3.283333333333333,7.416666666666667,225.07,1.0,2026-07-29T18:03:27+02:00,2026-07-29T18:26:34+02:00,BUS,485,Consorcio Regional de Transportes de Madrid,23.116666666666667,4.083333333333333,0.0,261.62,0.0,51.61666666666667,7.366666666666666,7.416666666666667,1.0
MAD-117,Abrantes,Carabanchel,DEST_001,Puerta del Sol,2026-07-29,2026-07-29T07:57:00+02:00,2026-07-29T08:59:16+02:00,BUS,E1,Información oficial: Consorcio Regional de Transportes de Madrid,62.266666666666666,28.4,10.0,2051.74,0.0,2026-07-29T18:00:00+02:00,2026-07-29T19:03:39+02:00,BUS,35|484,Información oficial: Consorcio Regional de Transportes de Madrid|Consorcio Regional de Transportes de Madrid,63.65,23.7,11.266666666666667,1724.96,1.0,125.91666666666666,52.099999999999994,21.266666666666666,1.0
MAD-117,Abrantes,Carabanchel,DEST_002,Nuevos Ministerios,2026-07-29,2026-07-29T07:41:00+02:00,2026-07-29T08:59:57+02:00,BUS,E1|27,Información oficial: Consorcio Regional de Transportes de Madrid,78.95,17.466666666666665,17.0,1223.52,1.0,2026-07-29T18:00:00+02:00,2026-07-29T19:18:41+02:00,BUS,27|E1,Información oficial: Consorcio Regional de Transportes de Madrid,78.68333333333334,12.95,20.0,918.21,1.0,157.63333333333333,30.416666666666664,37.0,2.0
MAD-117,Abrantes,Carabanchel,DEST_003,UC3M Campus de Leganés,2026-07-29,2026-07-29T08:09:32+02:00,2026-07-29T08:56:51+02:00,BUS,484|482,Consorcio Regional de Transportes de Madrid,47.31666666666667,13.316666666666666,7.416666666666667,1001.76,1.0,2026-07-29T18:03:27+02:00,2026-07-29T18:44:57+02:00,BUS,485|484,Consorcio Regional de Transportes de Madrid,41.5,13.7,2.4833333333333334,1028.24,1.0,88.81666666666666,27.016666666666666,9.9,2.0
MAD-121,Orcasitas,Usera,DEST_001,Puerta del Sol,2026-07-29,2026-07-29T07:55:00+02:00,2026-07-29T08:59:50+02:00,BUS,6,Información oficial: Consorcio Regional de Transportes de Madrid,64.83333333333333,14.65,9.0,1095.27,0.0,2026-07-29T18:00:00+02:00,2026-07-29T19:10:17+02:00,BUS,60,Información oficial: Consorcio Regional de Transportes de Madrid,70.28333333333333,18.8,10.0,1362.76,0.0,135.11666666666667,33.45,19.0,0.0
MAD-121,Orcasitas,Usera,DEST_002,Nuevos Ministerios,2026-07-29,2026-07-29T07:31:10+02:00,2026-07-29T08:59:34+02:00,BUS,464|E1|27,Consorcio Regional de Transportes de Madrid|Información oficial: Consorcio Regional de Transportes de Madrid,88.4,21.383333333333333,19.0,1512.35,2.0,2026-07-29T18:01:00+02:00,2026-07-29T19:32:18+02:00,BUS,19|422,Información oficial: Consorcio Regional de Transportes de Madrid|Consorcio Regional de Transportes de Madrid,91.3,40.81666666666667,7.583333333333333,2944.54,1.0,179.7,62.2,26.583333333333332,3.0
MAD-121,Orcasitas,Usera,DEST_003,UC3M Campus de Leganés,2026-07-29,2026-07-29T07:58:00+02:00,2026-07-29T08:56:51+02:00,BUS,131|485|482,Información oficial: Consorcio Regional de Transportes de Madrid|Consorcio Regional de Transportes de Madrid,58.85,3.85,17.083333333333332,248.45,2.0,2026-07-29T18:03:27+02:00,2026-07-29T18:57:38+02:00,BUS,485|131,Consorcio Regional de Transportes de Madrid|Información oficial: Consorcio Regional de Transportes de Madrid,54.18333333333333,4.65,17.0,308.02,1.0,113.03333333333333,8.5,34.08333333333333,3.0
MAD-122,Orcasur,Usera,DEST_001,Puerta del Sol,2026-07-29,2026-07-29T08:03:39+02:00,2026-07-29T08:55:06+02:00,BUS,423|6,Consorcio Regional de Transportes de Madrid|Información oficial: Consorcio Regional de Transportes de Madrid,51.45,17.433333333333334,11.0,1248.05,1.0,2026-07-29T18:01:00+02:00,2026-07-29T18:54:33+02:00,BUS,23|424,Información oficial: Consorcio Regional de Transportes de Madrid|Consorcio Regional de Transportes de Madrid,53.55,16.516666666666666,11.066666666666666,1190.62,1.0,105.0,33.95,22.066666666666666,2.0
MAD-122,Orcasur,Usera,DEST_002,Nuevos Ministerios,2026-07-29,2026-07-29T07:44:00+02:00,2026-07-29T08:59:47+02:00,BUS,85|27,Información oficial: Consorcio Regional de Transportes de Madrid,75.78333333333333,11.6,16.0,768.55,1.0,2026-07-29T18:00:00+02:00,2026-07-29T19:11:01+02:00,BUS,19|411,Información oficial: Consorcio Regional de Transportes de Madrid|Consorcio Regional de Transportes de Madrid,71.01666666666667,21.75,7.566666666666666,1522.83,1.0,146.8,33.35,23.566666666666666,2.0
MAD-122,Orcasur,Usera,DEST_003,UC3M Campus de Leganés,2026-07-29,2026-07-29T07:45:00+02:00,2026-07-29T08:56:51+02:00,BUS,121|485|482,Información oficial: Consorcio Regional de Transportes de Madrid|Consorcio Regional de Transportes de Madrid,71.85,13.0,18.48333333333333,961.44,2.0,2026-07-29T18:04:55+02:00,2026-07-29T19:10:07+02:00,BUS,485|432|422,Consorcio Regional de Transportes de Madrid,65.2,11.633333333333333,13.583333333333334,829.08,2.0,137.05,24.633333333333333,32.06666666666666,4.0
MAD-123,San Fermín,Usera,DEST_001,Puerta del Sol,2026-07-29,2026-07-29T08:06:00+02:00,2026-07-29T08:59:22+02:00,BUS,23,Información oficial: Consorcio Regional de Transportes de Madrid,53.36666666666667,10.2,7.0,748.38,0.0,2026-07-29T18:00:00+02:00,2026-07-29T18:58:19+02:00,BUS,23,Información oficial: Consorcio Regional de Transportes de Madrid,58.31666666666667,10.416666666666666,9.0,774.21,0.0,111.68333333333334,20.616666666666667,16.0,0.0
MAD-123,San Fermín,Usera,DEST_002,Nuevos Ministerios,2026-07-29,2026-07-29T07:44:06+02:00,2026-07-29T08:52:35+02:00,BUS,422|45,Consorcio Regional de Transportes de Madrid|Información oficial: Consorcio Regional de Transportes de Madrid,68.48333333333333,20.8,11.0,1491.32,1.0,2026-07-29T18:01:00+02:00,2026-07-29T19:11:33+02:00,BUS,19|422,Información oficial: Consorcio Regional de Transportes de Madrid|Consorcio Regional de Transportes de Madrid,70.55,20.066666666666663,7.583333333333333,1420.9,1.0,139.03333333333333,40.86666666666666,18.583333333333332,2.0
MAD-123,San Fermín,Usera,DEST_003,UC3M Campus de Leganés,2026-07-29,2026-07-29T07:40:00+02:00,2026-07-29T08:56:51+02:00,BUS,121|485|482,Información oficial: Consorcio Regional de Transportes de Madrid|Consorcio Regional de Transportes de Madrid,76.85,13.0,19.416666666666668,868.67,2.0,2026-07-29T18:04:55+02:00,2026-07-29T19:07:02+02:00,BUS,485|432|422,Consorcio Regional de Transportes de Madrid,62.11666666666667,9.9,13.583333333333334,740.0699999999999,2.0,138.96666666666667,22.9,33.0,4.0
MAD-124,Almendrales,Usera,DEST_001,Puerta del Sol,2026-07-29,2026-07-29T08:13:00+02:00,2026-07-29T08:59:25+02:00,BUS,6,Información oficial: Consorcio Regional de Transportes de Madrid,46.41666666666666,8.883333333333333,9.0,649.44,0.0,2026-07-29T18:00:00+02:00,2026-07-29T18:48:59+02:00,BUS,23,Información oficial: Consorcio Regional de Transportes de Madrid,48.98333333333333,15.066666666666666,9.0,1090.77,0.0,95.39999999999998,23.95,18.0,0.0
MAD-124,Almendrales,Usera,DEST_002,Nuevos Ministerios,2026-07-29,2026-07-29T07:53:00+02:00,2026-07-29T08:59:17+02:00,BUS,85|27,Información oficial: Consorcio Regional de Transportes de Madrid,66.28333333333333,6.433333333333334,16.0,366.82,1.0,2026-07-29T18:00:00+02:00,2026-07-29T19:06:27+02:00,BUS,27|85,Información oficial: Consorcio Regional de Transportes de Madrid,66.45,4.916666666666667,19.0,310.41,1.0,132.73333333333335,11.350000000000001,35.0,2.0
MAD-124,Almendrales,Usera,DEST_003,UC3M Campus de Leganés,2026-07-29,2026-07-29T07:49:26+02:00,2026-07-29T08:59:59+02:00,BUS,480,Consorcio Regional de Transportes de Madrid,70.55,28.433333333333334,0.0,2090.91,0.0,2026-07-29T18:00:58+02:00,2026-07-29T19:03:50+02:00,BUS,480,Consorcio Regional de Transportes de Madrid,62.86666666666667,29.0,0.0,2131.09,0.0,133.41666666666666,57.43333333333334,0.0,0.0
MAD-125,Moscardó,Usera,DEST_001,Puerta del Sol,2026-07-29,2026-07-29T08:20:00+02:00,2026-07-29T08:59:06+02:00,BUS,23,Información oficial: Consorcio Regional de Transportes de Madrid,39.1,12.266666666666667,7.0,851.5899999999999,0.0,2026-07-29T18:00:00+02:00,2026-07-29T18:40:24+02:00,BUS,23,Información oficial: Consorcio Regional de Transportes de Madrid,40.4,10.583333333333334,9.0,781.44,0.0,79.5,22.85,16.0,0.0
MAD-125,Moscardó,Usera,DEST_002,Nuevos Ministerios,2026-07-29,2026-07-29T07:50:00+02:00,2026-07-29T08:59:52+02:00,BUS,27,Información oficial: Consorcio Regional de Transportes de Madrid,69.86666666666666,31.933333333333334,5.0,2235.3700000000003,0.0,2026-07-29T18:00:00+02:00,2026-07-29T19:10:04+02:00,BUS,27,Información oficial: Consorcio Regional de Transportes de Madrid,70.06666666666666,33.483333333333334,7.0,2406.72,0.0,139.93333333333334,65.41666666666667,12.0,0.0
MAD-125,Moscardó,Usera,DEST_003,UC3M Campus de Leganés,2026-07-29,2026-07-29T07:55:43+02:00,2026-07-29T08:59:59+02:00,BUS,480,Consorcio Regional de Transportes de Madrid,64.26666666666667,22.15,0.0,1638.81,0.0,2026-07-29T18:00:58+02:00,2026-07-29T18:57:33+02:00,BUS,480,Consorcio Regional de Transportes de Madrid,56.583333333333336,22.716666666666665,0.0,1678.99,0.0,120.85,44.86666666666666,0.0,0.0
MAD-126,Zofío,Usera,DEST_001,Puerta del Sol,2026-07-29,2026-07-29T08:02:00+02:00,2026-07-29T08:59:54+02:00,BUS,6,Información oficial: Consorcio Regional de Transportes de Madrid,57.9,12.95,9.0,976.29,0.0,2026-07-29T18:00:00+02:00,2026-07-29T19:03:43+02:00,BUS,23,Información oficial: Consorcio Regional de Transportes de Madrid,63.71666666666667,36.16666666666666,9.0,2717.9100000000003,0.0,121.61666666666667,49.11666666666666,18.0,0.0
MAD-126,Zofío,Usera,DEST_002,Nuevos Ministerios,2026-07-29,2026-07-29T07:39:00+02:00,2026-07-29T08:59:21+02:00,BUS,E1|27,Información oficial: Consorcio Regional de Transportes de Madrid,80.35,17.5,17.0,1252.29,1.0,2026-07-29T18:00:00+02:00,2026-07-29T19:24:21+02:00,BUS,27|E1,Información oficial: Consorcio Regional de Transportes de Madrid,84.35,18.616666666666667,20.0,1332.45,1.0,164.7,36.11666666666667,37.0,2.0
MAD-126,Zofío,Usera,DEST_003,UC3M Campus de Leganés,2026-07-29,2026-07-29T08:04:25+02:00,2026-07-29T08:56:51+02:00,BUS,484|482,Consorcio Regional de Transportes de Madrid,52.43333333333333,18.433333333333334,7.416666666666667,1380.48,1.0,2026-07-29T18:03:27+02:00,2026-07-29T18:50:05+02:00,BUS,485|484,Consorcio Regional de Transportes de Madrid,46.63333333333333,18.83333333333333,2.4833333333333334,1406.96,1.0,99.06666666666666,37.266666666666666,9.9,2.0
MAD-127,Pradolongo,Usera,DEST_001,Puerta del Sol,2026-07-29,2026-07-29T08:05:00+02:00,2026-07-29T08:59:51+02:00,BUS,6,Información oficial: Consorcio Regional de Transportes de Madrid,54.85,17.316666666666666,9.0,1326.86,0.0,2026-07-29T18:00:00+02:00,2026-07-29T19:00:37+02:00,BUS,23,Información oficial: Consorcio Regional de Transportes de Madrid,60.61666666666667,22.716666666666665,9.0,1723.52,0.0,115.46666666666667,40.03333333333333,18.0,0.0
MAD-127,Pradolongo,Usera,DEST_002,Nuevos Ministerios,2026-07-29,2026-07-29T07:41:00+02:00,2026-07-29T08:59:17+02:00,BUS,85|27,Información oficial: Consorcio Regional de Transportes de Madrid,78.28333333333333,17.283333333333335,16.0,1214.83,1.0,2026-07-29T18:00:00+02:00,2026-07-29T19:19:02+02:00,BUS,27|85,Información oficial: Consorcio Regional de Transportes de Madrid,79.03333333333333,16.45,19.0,1213.95,1.0,157.31666666666666,33.733333333333334,35.0,2.0
MAD-127,Pradolongo,Usera,DEST_003,UC3M Campus de Leganés,2026-07-29,2026-07-29T07:54:03+02:00,2026-07-29T08:59:59+02:00,BUS,480,Consorcio Regional de Transportes de Madrid,65.93333333333334,23.816666666666663,0.0,1711.19,0.0,2026-07-29T18:00:58+02:00,2026-07-29T18:59:13+02:00,BUS,480,Consorcio Regional de Transportes de Madrid,58.25,24.383333333333333,0.0,1751.37,0.0,124.18333333333334,48.199999999999996,0.0,0.0
MAD-131,Entrevías,Puente de Vallecas,DEST_001,Puerta del Sol,2026-07-29,2026-07-29T07:57:00+02:00,2026-07-29T08:58:12+02:00,BUS,102|6,Información oficial: Consorcio Regional de Transportes de Madrid,61.2,11.55,18.0,863.28,1.0,2026-07-29T18:00:00+02:00,2026-07-29T19:01:30+02:00,BUS,102,Información oficial: Consorcio Regional de Transportes de Madrid,61.5,30.133333333333333,8.0,2261.29,0.0,122.7,41.68333333333334,26.0,1.0
MAD-131,Entrevías,Puente de Vallecas,DEST_002,Nuevos Ministerios,2026-07-29,2026-07-29T07:23:00+02:00,2026-07-29T08:36:39+02:00,BUS,102|27,Información oficial: Consorcio Regional de Transportes de Madrid,73.65,11.483333333333333,13.0,840.39,1.0,2026-07-29T18:00:00+02:00,2026-07-29T19:16:31+02:00,BUS,14|102,Información oficial: Consorcio Regional de Transportes de Madrid,76.51666666666667,6.15,20.0,445.75,1.0,150.16666666666669,17.633333333333333,33.0,2.0
MAD-131,Entrevías,Puente de Vallecas,DEST_003,UC3M Campus de Leganés,2026-07-29,2026-07-29T07:16:00+02:00,2026-07-29T08:56:51+02:00,BUS,102|E1|482,Información oficial: Consorcio Regional de Transportes de Madrid|Consorcio Regional de Transportes de Madrid,100.85,11.516666666666667,21.15,760.89,2.0,2026-07-29T18:04:55+02:00,2026-07-29T19:37:07+02:00,BUS,485|432|423|102,Consorcio Regional de Transportes de Madrid|Información oficial: Consorcio Regional de Transportes de Madrid,92.2,11.166666666666666,24.866666666666667,792.84,3.0,193.05,22.683333333333334,46.016666666666666,5.0
MAD-132,San Diego,Puente de Vallecas,DEST_001,Puerta del Sol,2026-07-29,2026-07-29T08:05:00+02:00,2026-07-29T08:59:58+02:00,BUS,24|32,Información oficial: Consorcio Regional de Transportes de Madrid,54.96666666666667,7.916666666666667,18.0,572.16,1.0,2026-07-29T18:00:00+02:00,2026-07-29T18:54:57+02:00,BUS,10,Información oficial: Consorcio Regional de Transportes de Madrid,54.95,20.066666666666663,9.0,1484.9699999999998,0.0,109.91666666666667,27.98333333333333,27.0,1.0
MAD-132,San Diego,Puente de Vallecas,DEST_002,Nuevos Ministerios,2026-07-29,2026-07-29T07:43:00+02:00,2026-07-29T08:56:38+02:00,BUS,24|14,Información oficial: Consorcio Regional de Transportes de Madrid,73.63333333333334,5.716666666666667,17.0,313.22,1.0,2026-07-29T18:00:00+02:00,2026-07-29T19:12:09+02:00,BUS,14|24,Información oficial: Consorcio Regional de Transportes de Madrid,72.15,4.516666666666667,21.0,297.89,1.0,145.78333333333336,10.233333333333334,38.0,2.0
MAD-132,San Diego,Puente de Vallecas,DEST_003,UC3M Campus de Leganés,2026-07-29,2026-07-29T07:21:00+02:00,2026-07-29T08:56:51+02:00,BUS,102|E1|482,Información oficial: Consorcio Regional de Transportes de Madrid|Consorcio Regional de Transportes de Madrid,95.85,13.316666666666666,21.33333333333333,854.79,2.0,2026-07-29T18:04:55+02:00,2026-07-29T19:23:40+02:00,BUS,485|432|423,Consorcio Regional de Transportes de Madrid,78.75,20.1,14.866666666666667,1460.14,2.0,174.6,33.41666666666667,36.199999999999996,4.0
MAD-133,Palomeras Bajas,Puente de Vallecas,DEST_001,Puerta del Sol,2026-07-29,2026-07-29T07:57:00+02:00,2026-07-29T08:59:53+02:00,BUS,10,Información oficial: Consorcio Regional de Transportes de Madrid,62.88333333333333,23.85,8.0,1730.74,0.0,2026-07-29T18:00:00+02:00,2026-07-29T19:01:02+02:00,BUS,10,Información oficial: Consorcio Regional de Transportes de Madrid,61.03333333333333,20.966666666666665,9.0,1539.86,0.0,123.91666666666666,44.81666666666666,17.0,0.0
MAD-133,Palomeras Bajas,Puente de Vallecas,DEST_002,Nuevos Ministerios,2026-07-29,2026-07-29T07:34:00+02:00,2026-07-29T08:59:40+02:00,BUS,10|C2,Información oficial: Consorcio Regional de Transportes de Madrid,85.66666666666667,12.883333333333333,16.0,924.51,1.0,2026-07-29T18:00:00+02:00,2026-07-29T19:21:20+02:00,BUS,27|10,Información oficial: Consorcio Regional de Transportes de Madrid,81.33333333333333,10.683333333333334,18.0,774.1400000000001,1.0,167.0,23.566666666666666,34.0,2.0
MAD-133,Palomeras Bajas,Puente de Vallecas,DEST_003,UC3M Campus de Leganés,2026-07-29,2026-07-29T07:07:00+02:00,2026-07-29T08:56:51+02:00,BUS,10|E1|482,Información oficial: Consorcio Regional de Transportes de Madrid|Consorcio Regional de Transportes de Madrid,109.85,14.45,22.116666666666667,1016.01,2.0,2026-07-29T18:04:55+02:00,2026-07-29T19:39:09+02:00,BUS,485|432|423,Consorcio Regional de Transportes de Madrid,94.23333333333332,35.583333333333336,14.866666666666667,2593.23,2.0,204.08333333333331,50.03333333333333,36.983333333333334,4.0
MAD-134,Palomeras Sureste,Puente de Vallecas,DEST_001,Puerta del Sol,2026-07-29,2026-07-29T07:45:00+02:00,2026-07-29T08:59:28+02:00,BUS,10,Información oficial: Consorcio Regional de Transportes de Madrid,74.46666666666667,26.48333333333333,8.0,1957.93,0.0,2026-07-29T18:00:00+02:00,2026-07-29T19:13:27+02:00,BUS,10,Información oficial: Consorcio Regional de Transportes de Madrid,73.45,24.6,9.0,1842.06,0.0,147.91666666666669,51.08333333333333,17.0,0.0
MAD-134,Palomeras Sureste,Puente de Vallecas,DEST_002,Nuevos Ministerios,2026-07-29,2026-07-29T07:36:00+02:00,2026-07-29T08:59:34+02:00,BUS,143|C2,Información oficial: Consorcio Regional de Transportes de Madrid,83.56666666666666,4.55,17.0,321.26,1.0,2026-07-29T18:00:00+02:00,2026-07-29T19:20:40+02:00,BUS,C1|143,Información oficial: Consorcio Regional de Transportes de Madrid,80.66666666666667,5.366666666666666,19.0,371.76,1.0,164.23333333333335,9.916666666666666,36.0,2.0
MAD-134,Palomeras Sureste,Puente de Vallecas,DEST_003,UC3M Campus de Leganés,2026-07-29,2026-07-29T07:00:14+02:00,2026-07-29T08:56:51+02:00,BUS,352|102|E1|482,Consorcio Regional de Transportes de Madrid|Información oficial: Consorcio Regional de Transportes de Madrid,116.61666666666666,31.85,23.433333333333334,2259.12,3.0,2026-07-29T18:04:55+02:00,2026-07-29T19:46:35+02:00,BUS,485|432|423|331,Consorcio Regional de Transportes de Madrid,101.66666666666669,27.816666666666663,18.066666666666663,2073.56,3.0,218.28333333333336,59.666666666666664,41.5,6.0
MAD-135,Portazgo,Puente de Vallecas,DEST_001,Puerta del Sol,2026-07-29,2026-07-29T07:55:00+02:00,2026-07-29T09:00:00+02:00,BUS,10,Información oficial: Consorcio Regional de Transportes de Madrid,65.0,22.58333333333333,8.0,1638.9499999999998,0.0,2026-07-29T18:00:00+02:00,2026-07-29T19:04:42+02:00,BUS,10,Información oficial: Consorcio Regional de Transportes de Madrid,64.7,19.8,9.0,1469.46,0.0,129.7,42.383333333333326,17.0,0.0
MAD-135,Portazgo,Puente de Vallecas,DEST_002,Nuevos Ministerios,2026-07-29,2026-07-29T07:42:00+02:00,2026-07-29T08:59:34+02:00,BUS,143|C2,Información oficial: Consorcio Regional de Transportes de Madrid,77.56666666666666,6.016666666666667,17.0,419.77,1.0,2026-07-29T18:00:00+02:00,2026-07-29T19:16:16+02:00,BUS,C1|143,Información oficial: Consorcio Regional de Transportes de Madrid,76.26666666666667,5.083333333333333,19.0,353.08000000000004,1.0,153.83333333333331,11.1,36.0,2.0
MAD-135,Portazgo,Puente de Vallecas,DEST_003,UC3M Campus de Leganés,2026-07-29,2026-07-29T07:07:35+02:00,2026-07-29T08:56:51+02:00,BUS,352|102|E1|482,Consorcio Regional de Transportes de Madrid|Información oficial: Consorcio Regional de Transportes de Madrid,109.26666666666668,24.5,23.433333333333334,1630.58,3.0,2026-07-29T18:04:55+02:00,2026-07-29T19:39:36+02:00,BUS,485|432|423|331,Consorcio Regional de Transportes de Madrid,94.68333333333334,22.83333333333333,18.066666666666663,1630.52,3.0,203.95000000000002,47.33333333333333,41.5,6.0
MAD-136,Numancia,Puente de Vallecas,DEST_001,Puerta del Sol,2026-07-29,2026-07-29T08:01:00+02:00,2026-07-29T08:59:50+02:00,BUS,10,Información oficial: Consorcio Regional de Transportes de Madrid,58.833333333333336,26.78333333333333,8.0,1958.02,0.0,2026-07-29T18:00:00+02:00,2026-07-29T18:59:20+02:00,BUS,37,Información oficial: Consorcio Regional de Transportes de Madrid,59.333333333333336,27.966666666666665,11.0,2060.88,0.0,118.16666666666667,54.75,19.0,0.0
MAD-136,Numancia,Puente de Vallecas,DEST_002,Nuevos Ministerios,2026-07-29,2026-07-29T07:44:00+02:00,2026-07-29T08:52:32+02:00,BUS,56|C2,Información oficial: Consorcio Regional de Transportes de Madrid,68.53333333333333,6.55,15.0,454.93,1.0,2026-07-29T18:00:00+02:00,2026-07-29T19:11:40+02:00,BUS,C1|143,Información oficial: Consorcio Regional de Transportes de Madrid,71.66666666666667,13.266666666666667,19.0,963.39,1.0,140.2,19.816666666666666,34.0,2.0
MAD-136,Numancia,Puente de Vallecas,DEST_003,UC3M Campus de Leganés,2026-07-29,2026-07-29T07:11:00+02:00,2026-07-29T08:56:51+02:00,BUS,10|E1|482,Información oficial: Consorcio Regional de Transportes de Madrid|Consorcio Regional de Transportes de Madrid,105.85,17.383333333333333,22.166666666666668,1243.29,2.0,2026-07-29T18:04:55+02:00,2026-07-29T19:37:37+02:00,BUS,485|432|423,Consorcio Regional de Transportes de Madrid,92.7,34.05,14.866666666666667,2498.9,2.0,198.55,51.43333333333333,37.03333333333333,4.0
MAD-141,Pavones,Moratalaz,DEST_001,Puerta del Sol,2026-07-29,2026-07-29T07:55:00+02:00,2026-07-29T08:59:31+02:00,BUS,20,Información oficial: Consorcio Regional de Transportes de Madrid,64.51666666666667,9.35,7.0,663.79,0.0,2026-07-29T18:00:00+02:00,2026-07-29T19:09:06+02:00,BUS,20,Información oficial: Consorcio Regional de Transportes de Madrid,69.1,10.5,9.0,780.96,0.0,133.61666666666667,19.85,16.0,0.0
MAD-141,Pavones,Moratalaz,DEST_002,Nuevos Ministerios,2026-07-29,2026-07-29T07:46:00+02:00,2026-07-29T08:59:11+02:00,BUS,E4|C2,Información oficial: Consorcio Regional de Transportes de Madrid,73.18333333333334,9.216666666666669,15.0,672.35,1.0,2026-07-29T18:00:00+02:00,2026-07-29T19:09:17+02:00,BUS,C1|E4,Información oficial: Consorcio Regional de Transportes de Madrid,69.28333333333333,14.733333333333333,16.0,1038.86,1.0,142.46666666666667,23.950000000000003,31.0,2.0
MAD-141,Pavones,Moratalaz,DEST_003,UC3M Campus de Leganés,2026-07-29,2026-07-29T07:09:10+02:00,2026-07-29T08:56:51+02:00,BUS,352|102|E1|482,Consorcio Regional de Transportes de Madrid|Información oficial: Consorcio Regional de Transportes de Madrid,107.68333333333334,22.916666666666668,23.433333333333334,1542.15,3.0,2026-07-29T18:04:55+02:00,2026-07-29T19:39:47+02:00,BUS,485|432|423|331,Consorcio Regional de Transportes de Madrid,94.86666666666666,23.016666666666666,18.066666666666663,1665.38,3.0,202.55,45.93333333333334,41.5,6.0
MAD-142,Horcajo,Moratalaz,DEST_001,Puerta del Sol,2026-07-29,2026-07-29T07:53:00+02:00,2026-07-29T08:59:14+02:00,BUS,E4|20,Información oficial: Consorcio Regional de Transportes de Madrid,66.23333333333333,19.466666666666665,16.0,1393.14,1.0,2026-07-29T18:00:00+02:00,2026-07-29T19:05:14+02:00,BUS,146|E4,Información oficial: Consorcio Regional de Transportes de Madrid,65.23333333333333,14.983333333333333,19.0,1064.03,1.0,131.46666666666667,34.449999999999996,35.0,2.0
MAD-142,Horcajo,Moratalaz,DEST_002,Nuevos Ministerios,2026-07-29,2026-07-29T07:48:00+02:00,2026-07-29T08:52:43+02:00,BUS,E4|C2,Información oficial: Consorcio Regional de Transportes de Madrid,64.71666666666667,10.7,14.0,796.86,1.0,2026-07-29T18:00:00+02:00,2026-07-29T19:05:31+02:00,BUS,C1|E4,Información oficial: Consorcio Regional de Transportes de Madrid,65.51666666666667,15.116666666666667,16.0,1044.8200000000002,1.0,130.23333333333335,25.816666666666666,30.0,2.0
MAD-142,Horcajo,Moratalaz,DEST_003,UC3M Campus de Leganés,2026-07-29,2026-07-29T06:53:00+02:00,2026-07-29T08:56:51+02:00,BUS,E4|C1|E1|482,Información oficial: Consorcio Regional de Transportes de Madrid|Consorcio Regional de Transportes de Madrid,123.85,12.583333333333334,32.31666666666667,830.5000000000001,3.0,2026-07-29T18:04:55+02:00,2026-07-29T19:57:21+02:00,BUS,485|432|423|331,Consorcio Regional de Transportes de Madrid,112.43333333333334,40.583333333333336,18.066666666666663,2997.15,3.0,236.28333333333333,53.16666666666667,50.38333333333333,6.0
MAD-143,Marroquina,Moratalaz,DEST_001,Puerta del Sol,2026-07-29,2026-07-29T08:02:00+02:00,2026-07-29T08:59:23+02:00,BUS,32,Información oficial: Consorcio Regional de Transportes de Madrid,57.38333333333333,8.683333333333334,9.0,610.65,0.0,2026-07-29T18:00:00+02:00,2026-07-29T19:05:24+02:00,BUS,20,Información oficial: Consorcio Regional de Transportes de Madrid,65.4,24.85,9.0,1850.23,0.0,122.78333333333333,33.53333333333333,18.0,0.0
MAD-143,Marroquina,Moratalaz,DEST_002,Nuevos Ministerios,2026-07-29,2026-07-29T07:43:00+02:00,2026-07-29T08:59:59+02:00,BUS,71|C2,Información oficial: Consorcio Regional de Transportes de Madrid,76.98333333333333,8.616666666666667,21.0,627.86,1.0,2026-07-29T18:00:00+02:00,2026-07-29T19:11:26+02:00,BUS,C1|30,Información oficial: Consorcio Regional de Transportes de Madrid,71.43333333333334,6.85,16.0,439.34,1.0,148.41666666666669,15.466666666666667,37.0,2.0
MAD-143,Marroquina,Moratalaz,DEST_003,UC3M Campus de Leganés,2026-07-29,2026-07-29T07:09:00+02:00,2026-07-29T08:56:51+02:00,BUS,32|E1|482,Información oficial: Consorcio Regional de Transportes de Madrid|Consorcio Regional de Transportes de Madrid,107.85,7.416666666666667,24.766666666666666,471.27,2.0,2026-07-29T18:04:55+02:00,2026-07-29T19:46:29+02:00,BUS,485|432|423|331,Consorcio Regional de Transportes de Madrid,101.56666666666666,32.71666666666667,18.066666666666663,2414.25,3.0,209.41666666666666,40.13333333333333,42.83333333333333,5.0
MAD-144,Media Legua,Moratalaz,DEST_001,Puerta del Sol,2026-07-29,2026-07-29T08:07:00+02:00,2026-07-29T08:50:57+02:00,BUS,20,Información oficial: Consorcio Regional de Transportes de Madrid,43.95,12.083333333333334,9.0,848.5699999999999,0.0,2026-07-29T18:00:00+02:00,2026-07-29T18:46:28+02:00,BUS,20,Información oficial: Consorcio Regional de Transportes de Madrid,46.46666666666667,14.85,9.0,1105.91,0.0,90.41666666666667,26.933333333333334,18.0,0.0
MAD-144,Media Legua,Moratalaz,DEST_002,Nuevos Ministerios,2026-07-29,2026-07-29T07:52:00+02:00,2026-07-29T08:50:53+02:00,BUS,30|C2,Información oficial: Consorcio Regional de Transportes de Madrid,58.88333333333333,7.0,17.0,484.37,1.0,2026-07-29T18:00:00+02:00,2026-07-29T18:57:50+02:00,BUS,C1|30,Información oficial: Consorcio Regional de Transportes de Madrid,57.833333333333336,7.866666666666666,16.0,539.19,1.0,116.71666666666667,14.866666666666667,33.0,2.0
MAD-144,Media Legua,Moratalaz,DEST_003,UC3M Campus de Leganés,2026-07-29,2026-07-29T07:18:00+02:00,2026-07-29T08:56:51+02:00,BUS,32|E1|482,Información oficial: Consorcio Regional de Transportes de Madrid|Consorcio Regional de Transportes de Madrid,98.85,9.533333333333331,24.716666666666665,633.14,2.0,2026-07-29T18:04:55+02:00,2026-07-29T19:44:17+02:00,BUS,485|432|423|113,Consorcio Regional de Transportes de Madrid|Información oficial: Consorcio Regional de Transportes de Madrid,99.36666666666666,11.966666666666669,25.866666666666667,857.1200000000001,3.0,198.21666666666664,21.5,50.58333333333333,5.0
MAD-145,Fontarrón,Moratalaz,DEST_001,Puerta del Sol,2026-07-29,2026-07-29T08:02:00+02:00,2026-07-29T08:59:34+02:00,BUS,20,Información oficial: Consorcio Regional de Transportes de Madrid,57.56666666666667,11.75,7.0,833.36,0.0,2026-07-29T18:00:00+02:00,2026-07-29T18:56:35+02:00,BUS,20,Información oficial: Consorcio Regional de Transportes de Madrid,56.583333333333336,11.75,9.0,876.55,0.0,114.15,23.5,16.0,0.0
MAD-145,Fontarrón,Moratalaz,DEST_002,Nuevos Ministerios,2026-07-29,2026-07-29T07:49:00+02:00,2026-07-29T08:59:54+02:00,BUS,143|C2,Información oficial: Consorcio Regional de Transportes de Madrid,70.9,7.116666666666666,17.0,530.33,1.0,2026-07-29T18:00:00+02:00,2026-07-29T19:07:35+02:00,BUS,C1|30,Información oficial: Consorcio Regional de Transportes de Madrid,67.58333333333333,8.716666666666667,16.0,610.58,1.0,138.48333333333335,15.833333333333332,33.0,2.0
MAD-145,Fontarrón,Moratalaz,DEST_003,UC3M Campus de Leganés,2026-07-29,2026-07-29T07:10:04+02:00,2026-07-29T08:56:51+02:00,BUS,352|102|E1|482,Consorcio Regional de Transportes de Madrid|Información oficial: Consorcio Regional de Transportes de Madrid,106.78333333333332,22.016666666666666,23.433333333333334,1512.92,3.0,2026-07-29T18:04:55+02:00,2026-07-29T19:30:10+02:00,BUS,485|432|423|331,Consorcio Regional de Transportes de Madrid,85.25,16.4,18.066666666666663,1214.69,3.0,192.0333333333333,38.416666666666664,41.5,6.0
MAD-146,Vinateros,Moratalaz,DEST_001,Puerta del Sol,2026-07-29,2026-07-29T08:03:00+02:00,2026-07-29T08:59:41+02:00,BUS,20,Información oficial: Consorcio Regional de Transportes de Madrid,56.68333333333333,10.866666666666667,7.0,787.29,0.0,2026-07-29T18:00:00+02:00,2026-07-29T18:56:54+02:00,BUS,20,Información oficial: Consorcio Regional de Transportes de Madrid,56.9,13.6,9.0,1002.88,0.0,113.58333333333333,24.46666666666667,16.0,0.0
MAD-146,Vinateros,Moratalaz,DEST_002,Nuevos Ministerios,2026-07-29,2026-07-29T07:47:00+02:00,2026-07-29T08:59:09+02:00,BUS,30|C2,Información oficial: Consorcio Regional de Transportes de Madrid,72.15,5.783333333333333,18.0,423.09,1.0,2026-07-29T18:00:00+02:00,2026-07-29T19:07:42+02:00,BUS,C1|30,Información oficial: Consorcio Regional de Transportes de Madrid,67.7,8.833333333333334,16.0,612.1,1.0,139.85000000000002,14.616666666666667,34.0,2.0
MAD-146,Vinateros,Moratalaz,DEST_003,UC3M Campus de Leganés,2026-07-29,2026-07-29T07:08:00+02:00,2026-07-29T08:56:51+02:00,BUS,32|E1|482,Información oficial: Consorcio Regional de Transportes de Madrid|Consorcio Regional de Transportes de Madrid,108.85,11.333333333333334,24.23333333333333,764.64,2.0,2026-07-29T18:04:55+02:00,2026-07-29T19:36:41+02:00,BUS,485|432|423|331,Consorcio Regional de Transportes de Madrid,91.76666666666668,22.916666666666668,18.066666666666663,1705.95,3.0,200.61666666666667,34.25,42.3,5.0
MAD-151,Ventas,Ciudad Lineal,DEST_001,Puerta del Sol,2026-07-29,2026-07-29T08:01:00+02:00,2026-07-29T08:58:34+02:00,BUS,28|20,Información oficial: Consorcio Regional de Transportes de Madrid,57.56666666666667,15.783333333333331,16.0,1087.06,1.0,2026-07-29T18:00:00+02:00,2026-07-29T18:56:08+02:00,BUS,28,Información oficial: Consorcio Regional de Transportes de Madrid,56.13333333333333,29.633333333333333,6.0,2062.06,0.0,113.7,45.416666666666664,22.0,1.0
MAD-151,Ventas,Ciudad Lineal,DEST_002,Nuevos Ministerios,2026-07-29,2026-07-29T07:48:00+02:00,2026-07-29T08:50:11+02:00,BUS,210|C2,Información oficial: Consorcio Regional de Transportes de Madrid,62.18333333333333,3.1166666666666667,17.0,224.94,1.0,2026-07-29T18:00:00+02:00,2026-07-29T19:00:14+02:00,BUS,C1,Información oficial: Consorcio Regional de Transportes de Madrid,60.23333333333333,35.016666666666666,6.0,2567.05,0.0,122.41666666666666,38.13333333333333,23.0,1.0
MAD-151,Ventas,Ciudad Lineal,DEST_003,UC3M Campus de Leganés,2026-07-29,2026-07-29T07:06:00+02:00,2026-07-29T08:56:51+02:00,BUS,28|E1|482,Información oficial: Consorcio Regional de Transportes de Madrid|Consorcio Regional de Transportes de Madrid,110.85,20.45,22.53333333333333,1396.96,2.0,2026-07-29T18:00:58+02:00,2026-07-29T19:56:46+02:00,BUS,480|E1|28,Consorcio Regional de Transportes de Madrid|Información oficial: Consorcio Regional de Transportes de Madrid,115.8,20.016666666666666,22.0,1401.39,2.0,226.64999999999998,40.46666666666667,44.53333333333333,4.0
MAD-152,Pueblo Nuevo,Ciudad Lineal,DEST_001,Puerta del Sol,2026-07-29,2026-07-29T07:53:00+02:00,2026-07-29T08:58:09+02:00,BUS,28|20,Información oficial: Consorcio Regional de Transportes de Madrid,65.15,18.45,14.3,1388.15,1.0,2026-07-29T18:00:00+02:00,2026-07-29T19:06:19+02:00,BUS,28,Información oficial: Consorcio Regional de Transportes de Madrid,66.31666666666666,29.466666666666665,6.0,2106.78,0.0,131.46666666666667,47.916666666666664,20.3,1.0
MAD-152,Pueblo Nuevo,Ciudad Lineal,DEST_002,Nuevos Ministerios,2026-07-29,2026-07-29T07:47:00+02:00,2026-07-29T08:47:48+02:00,BUS,106|C2,Información oficial: Consorcio Regional de Transportes de Madrid,60.8,7.1,20.0,504.67,1.0,2026-07-29T18:00:00+02:00,2026-07-29T19:07:08+02:00,BUS,C1|223|70,Información oficial: Consorcio Regional de Transportes de Madrid|Consorcio Regional de Transportes de Madrid,67.13333333333334,23.383333333333333,17.966666666666665,1652.96,2.0,127.93333333333334,30.483333333333334,37.96666666666667,3.0
MAD-152,Pueblo Nuevo,Ciudad Lineal,DEST_003,UC3M Campus de Leganés,2026-07-29,2026-07-29T06:58:00+02:00,2026-07-29T08:56:51+02:00,BUS,28|E1|482,Información oficial: Consorcio Regional de Transportes de Madrid|Consorcio Regional de Transportes de Madrid,118.85,23.116666666666667,23.183333333333334,1698.0499999999995,2.0,2026-07-29T18:00:58+02:00,2026-07-29T20:05:41+02:00,BUS,480|E1|28,Consorcio Regional de Transportes de Madrid|Información oficial: Consorcio Regional de Transportes de Madrid,124.71666666666668,19.85,22.0,1446.11,2.0,243.56666666666666,42.96666666666667,45.18333333333334,4.0
MAD-153,Quintana,Ciudad Lineal,DEST_001,Puerta del Sol,2026-07-29,2026-07-29T07:51:00+02:00,2026-07-29T08:51:20+02:00,BUS,146,Información oficial: Consorcio Regional de Transportes de Madrid,60.333333333333336,12.916666666666666,10.0,939.04,0.0,2026-07-29T18:00:00+02:00,2026-07-29T18:55:17+02:00,BUS,146,Información oficial: Consorcio Regional de Transportes de Madrid,55.28333333333333,12.183333333333334,9.0,934.54,0.0,115.61666666666667,25.1,19.0,0.0
MAD-153,Quintana,Ciudad Lineal,DEST_002,Nuevos Ministerios,2026-07-29,2026-07-29T08:05:54+02:00,2026-07-29T08:57:44+02:00,BUS,223|C2,Consorcio Regional de Transportes de Madrid|Información oficial: Consorcio Regional de Transportes de Madrid,51.833333333333336,30.78333333333333,8.0,2245.8,1.0,2026-07-29T18:00:00+02:00,2026-07-29T18:52:30+02:00,BUS,C1|223,Información oficial: Consorcio Regional de Transportes de Madrid|Consorcio Regional de Transportes de Madrid,52.5,31.3,8.966666666666667,2269.43,1.0,104.33333333333334,62.08333333333333,16.96666666666667,2.0
MAD-153,Quintana,Ciudad Lineal,DEST_003,UC3M Campus de Leganés,2026-07-29,2026-07-29T06:56:00+02:00,2026-07-29T08:56:51+02:00,BUS,28|E1|482,Información oficial: Consorcio Regional de Transportes de Madrid|Consorcio Regional de Transportes de Madrid,120.85,25.933333333333334,23.53333333333333,1912.2499999999995,2.0,2026-07-29T18:00:58+02:00,2026-07-29T19:57:54+02:00,BUS,480|E1|146,Consorcio Regional de Transportes de Madrid|Información oficial: Consorcio Regional de Transportes de Madrid,116.93333333333334,11.95,23.0,824.09,2.0,237.78333333333333,37.88333333333333,46.53333333333333,4.0
MAD-154,La Concepción,Ciudad Lineal,DEST_001,Puerta del Sol,2026-07-29,2026-07-29T07:55:00+02:00,2026-07-29T08:49:40+02:00,BUS,146,Información oficial: Consorcio Regional de Transportes de Madrid,54.66666666666666,9.5,10.0,675.8800000000001,0.0,2026-07-29T18:00:00+02:00,2026-07-29T18:54:35+02:00,BUS,146,Información oficial: Consorcio Regional de Transportes de Madrid,54.583333333333336,11.483333333333333,9.0,844.9200000000001,0.0,109.25,20.983333333333334,19.0,0.0
MAD-154,La Concepción,Ciudad Lineal,DEST_002,Nuevos Ministerios,2026-07-29,2026-07-29T08:08:34+02:00,2026-07-29T08:57:44+02:00,BUS,223|C2,Consorcio Regional de Transportes de Madrid|Información oficial: Consorcio Regional de Transportes de Madrid,49.16666666666666,28.116666666666667,8.0,2010.15,1.0,2026-07-29T18:01:29+02:00,2026-07-29T18:52:50+02:00,BUS,223,Consorcio Regional de Transportes de Madrid,51.35,50.38333333333333,0.0,3618.43,0.0,100.51666666666665,78.5,8.0,1.0
MAD-154,La Concepción,Ciudad Lineal,DEST_003,UC3M Campus de Leganés,2026-07-29,2026-07-29T07:00:00+02:00,2026-07-29T08:56:51+02:00,BUS,21|27|E1|482,Información oficial: Consorcio Regional de Transportes de Madrid|Consorcio Regional de Transportes de Madrid,116.85,10.833333333333334,28.5,701.46,3.0,2026-07-29T18:00:58+02:00,2026-07-29T19:57:12+02:00,BUS,480|E1|146,Consorcio Regional de Transportes de Madrid|Información oficial: Consorcio Regional de Transportes de Madrid,116.23333333333332,11.25,23.0,734.47,2.0,233.08333333333331,22.083333333333336,51.5,5.0
MAD-155,San Pascual,Ciudad Lineal,DEST_001,Puerta del Sol,2026-07-29,2026-07-29T07:52:00+02:00,2026-07-29T08:45:30+02:00,BUS,53,Información oficial: Consorcio Regional de Transportes de Madrid,53.5,8.55,10.0,600.94,0.0,2026-07-29T18:00:00+02:00,2026-07-29T19:01:03+02:00,BUS,146,Información oficial: Consorcio Regional de Transportes de Madrid,61.05,19.83333333333333,9.0,1442.73,0.0,114.55,28.38333333333333,19.0,0.0
MAD-155,San Pascual,Ciudad Lineal,DEST_002,Nuevos Ministerios,2026-07-29,2026-07-29T08:18:53+02:00,2026-07-29T08:57:44+02:00,BUS,223|C2,Consorcio Regional de Transportes de Madrid|Información oficial: Consorcio Regional de Transportes de Madrid,38.85,17.8,8.0,1278.75,1.0,2026-07-29T18:00:00+02:00,2026-07-29T18:43:04+02:00,BUS,C1|223,Información oficial: Consorcio Regional de Transportes de Madrid|Consorcio Regional de Transportes de Madrid,43.06666666666667,21.866666666666667,8.966666666666667,1549.2600000000002,1.0,81.91666666666667,39.66666666666667,16.96666666666667,2.0
MAD-155,San Pascual,Ciudad Lineal,DEST_003,UC3M Campus de Leganés,2026-07-29,2026-07-29T07:00:53+02:00,2026-07-29T08:56:51+02:00,BUS,223|19|E1|482,Consorcio Regional de Transportes de Madrid|Información oficial: Consorcio Regional de Transportes de Madrid,115.96666666666668,37.56666666666667,22.58333333333333,2715.4,3.0,2026-07-29T18:00:58+02:00,2026-07-29T20:03:53+02:00,BUS,480|E1|146,Consorcio Regional de Transportes de Madrid|Información oficial: Consorcio Regional de Transportes de Madrid,122.91666666666669,19.6,23.0,1332.28,2.0,238.88333333333338,57.16666666666667,45.58333333333333,5.0
MAD-156,San Juan Bautista,Ciudad Lineal,DEST_001,Puerta del Sol,2026-07-29,2026-07-29T07:50:00+02:00,2026-07-29T08:52:05+02:00,BUS,53,Información oficial: Consorcio Regional de Transportes de Madrid,62.083333333333336,12.166666666666666,10.0,882.1800000000001,0.0,2026-07-29T18:00:00+02:00,2026-07-29T19:01:44+02:00,BUS,52|223,Información oficial: Consorcio Regional de Transportes de Madrid|Consorcio Regional de Transportes de Madrid,61.73333333333333,23.5,12.116666666666667,1650.16,1.0,123.81666666666666,35.666666666666664,22.116666666666667,1.0
MAD-156,San Juan Bautista,Ciudad Lineal,DEST_002,Nuevos Ministerios,2026-07-29,2026-07-29T08:22:16+02:00,2026-07-29T08:57:44+02:00,BUS,223|C2,Consorcio Regional de Transportes de Madrid|Información oficial: Consorcio Regional de Transportes de Madrid,35.46666666666667,14.416666666666666,8.0,1032.47,1.0,2026-07-29T18:00:00+02:00,2026-07-29T18:38:44+02:00,BUS,C1|223,Información oficial: Consorcio Regional de Transportes de Madrid|Consorcio Regional de Transportes de Madrid,38.73333333333333,17.533333333333335,8.966666666666667,1231.66,1.0,74.19999999999999,31.950000000000003,16.96666666666667,2.0
MAD-156,San Juan Bautista,Ciudad Lineal,DEST_003,UC3M Campus de Leganés,2026-07-29,2026-07-29T07:04:16+02:00,2026-07-29T08:56:51+02:00,BUS,223|19|E1|482,Consorcio Regional de Transportes de Madrid|Información oficial: Consorcio Regional de Transportes de Madrid,112.58333333333331,34.18333333333333,22.58333333333333,2469.12,3.0,2026-07-29T18:00:58+02:00,2026-07-29T20:06:26+02:00,BUS,480|E1|19|224A,Consorcio Regional de Transportes de Madrid|Información oficial: Consorcio Regional de Transportes de Madrid,125.46666666666668,26.53333333333333,22.08333333333333,1898.79,3.0,238.05,60.71666666666666,44.66666666666666,6.0
MAD-157,Colina,Ciudad Lineal,DEST_001,Puerta del Sol,2026-07-29,2026-07-29T07:51:00+02:00,2026-07-29T08:45:26+02:00,BUS,9,Información oficial: Consorcio Regional de Transportes de Madrid,54.43333333333333,11.583333333333334,7.0,816.27,0.0,2026-07-29T18:00:00+02:00,2026-07-29T19:00:04+02:00,BUS,9,Información oficial: Consorcio Regional de Transportes de Madrid,60.06666666666667,13.033333333333331,9.0,960.73,0.0,114.5,24.616666666666667,16.0,0.0
MAD-157,Colina,Ciudad Lineal,DEST_002,Nuevos Ministerios,2026-07-29,2026-07-29T08:10:00+02:00,2026-07-29T08:54:52+02:00,BUS,9|C2,Información oficial: Consorcio Regional de Transportes de Madrid,44.86666666666667,9.033333333333331,14.0,645.5,1.0,2026-07-29T18:00:00+02:00,2026-07-29T18:46:08+02:00,BUS,120,Información oficial: Consorcio Regional de Transportes de Madrid,46.13333333333333,17.733333333333334,12.0,1294.7600000000002,0.0,91.0,26.766666666666666,26.0,1.0
MAD-157,Colina,Ciudad Lineal,DEST_003,UC3M Campus de Leganés,2026-07-29,2026-07-29T07:00:00+02:00,2026-07-29T08:56:51+02:00,BUS,9|E1|482,Información oficial: Consorcio Regional de Transportes de Madrid|Consorcio Regional de Transportes de Madrid,116.85,12.216666666666669,23.03333333333333,735.19,2.0,2026-07-29T18:00:58+02:00,2026-07-29T20:06:29+02:00,BUS,480|E1|9,Consorcio Regional de Transportes de Madrid|Información oficial: Consorcio Regional de Transportes de Madrid,125.51666666666668,9.283333333333331,24.0,612.98,2.0,242.36666666666667,21.5,47.03333333333333,4.0
MAD-158,Atalaya,Ciudad Lineal,DEST_001,Puerta del Sol,2026-07-29,2026-07-29T07:44:00+02:00,2026-07-29T08:46:14+02:00,BUS,9,Información oficial: Consorcio Regional de Transportes de Madrid,62.23333333333333,16.05,7.0,1170.8,0.0,2026-07-29T18:00:00+02:00,2026-07-29T19:09:36+02:00,BUS,9,Información oficial: Consorcio Regional de Transportes de Madrid,69.6,20.45,9.0,1462.2,0.0,131.83333333333331,36.5,16.0,0.0
MAD-158,Atalaya,Ciudad Lineal,DEST_002,Nuevos Ministerios,2026-07-29,2026-07-29T08:08:00+02:00,2026-07-29T08:52:56+02:00,BUS,7,Información oficial: Consorcio Regional de Transportes de Madrid,44.93333333333333,6.483333333333333,12.0,399.44,0.0,2026-07-29T18:00:00+02:00,2026-07-29T18:43:05+02:00,BUS,7,Información oficial: Consorcio Regional de Transportes de Madrid,43.083333333333336,5.55,13.0,392.87,0.0,88.01666666666667,12.033333333333333,25.0,0.0
MAD-158,Atalaya,Ciudad Lineal,DEST_003,UC3M Campus de Leganés,2026-07-29,2026-07-29T06:53:00+02:00,2026-07-29T08:56:51+02:00,BUS,7|27|E1|482,Información oficial: Consorcio Regional de Transportes de Madrid|Consorcio Regional de Transportes de Madrid,123.85,6.416666666666667,32.416666666666664,403.61,3.0,2026-07-29T18:00:58+02:00,2026-07-29T20:16:01+02:00,BUS,480|E1|9,Consorcio Regional de Transportes de Madrid|Información oficial: Consorcio Regional de Transportes de Madrid,135.05,16.7,24.0,1114.45,2.0,258.9,23.116666666666667,56.416666666666664,5.0
MAD-161,Palomas,Hortaleza,DEST_001,Puerta del Sol,2026-07-29,2026-07-29T07:44:02+02:00,2026-07-29T08:50:10+02:00,BUS,223|52,Consorcio Regional de Transportes de Madrid|Información oficial: Consorcio Regional de Transportes de Madrid,66.13333333333334,29.266666666666666,13.0,2016.6,1.0,2026-07-29T18:00:00+02:00,2026-07-29T19:07:43+02:00,BUS,52|223,Información oficial: Consorcio Regional de Transportes de Madrid|Consorcio Regional de Transportes de Madrid,67.71666666666667,28.0,12.116666666666667,1931.02,1.0,133.85000000000002,57.266666666666666,25.116666666666667,2.0
MAD-161,Palomas,Hortaleza,DEST_002,Nuevos Ministerios,2026-07-29,2026-07-29T08:13:43+02:00,2026-07-29T08:58:31+02:00,BUS,224A,Consorcio Regional de Transportes de Madrid,44.8,44.8,0.0,3164.62,0.0,2026-07-29T18:00:00+02:00,2026-07-29T18:44:43+02:00,BUS,C1|223,Información oficial: Consorcio Regional de Transportes de Madrid|Consorcio Regional de Transportes de Madrid,44.71666666666667,22.03333333333333,8.966666666666667,1512.52,1.0,89.51666666666667,66.83333333333333,8.966666666666667,1.0
MAD-161,Palomas,Hortaleza,DEST_003,UC3M Campus de Leganés,2026-07-29,2026-07-29T06:39:02+02:00,2026-07-29T08:49:27+02:00,BUS,223|C1|E1|485,Consorcio Regional de Transportes de Madrid|Información oficial: Consorcio Regional de Transportes de Madrid,130.41666666666666,29.016666666666666,30.266666666666666,2016.06,3.0,2026-07-29T18:00:58+02:00,2026-07-29T20:16:28+02:00,BUS,480|E1|19|224A,Consorcio Regional de Transportes de Madrid|Información oficial: Consorcio Regional de Transportes de Madrid,135.5,31.03333333333333,22.08333333333333,2179.65,3.0,265.91666666666663,60.05,52.349999999999994,6.0
MAD-162,Piovera,Hortaleza,DEST_001,Puerta del Sol,2026-07-29,2026-07-29T07:44:40+02:00,2026-07-29T08:44:42+02:00,BUS,223|9,Consorcio Regional de Transportes de Madrid|Información oficial: Consorcio Regional de Transportes de Madrid,60.03333333333333,27.883333333333333,9.0,2088.49,1.0,2026-07-29T18:00:00+02:00,2026-07-29T19:11:51+02:00,BUS,52|223|224A,Información oficial: Consorcio Regional de Transportes de Madrid|Consorcio Regional de Transportes de Madrid,71.85,27.933333333333334,15.333333333333334,2033.52,2.0,131.88333333333333,55.81666666666666,24.333333333333336,3.0
MAD-162,Piovera,Hortaleza,DEST_002,Nuevos Ministerios,2026-07-29,2026-07-29T08:18:09+02:00,2026-07-29T08:58:31+02:00,BUS,224A,Consorcio Regional de Transportes de Madrid,40.36666666666667,40.36666666666667,0.0,2934.57,0.0,2026-07-29T18:03:00+02:00,2026-07-29T18:53:22+02:00,BUS,C1|224|223,Información oficial: Consorcio Regional de Transportes de Madrid|Consorcio Regional de Transportes de Madrid,50.36666666666667,21.966666666666665,13.4,1615.02,2.0,90.73333333333333,62.33333333333333,13.4,2.0
MAD-162,Piovera,Hortaleza,DEST_003,UC3M Campus de Leganés,2026-07-29,2026-07-29T06:44:40+02:00,2026-07-29T08:49:27+02:00,BUS,223|C1|E1|485,Consorcio Regional de Transportes de Madrid|Información oficial: Consorcio Regional de Transportes de Madrid,124.78333333333332,24.58333333333333,30.266666666666666,1786.0099999999998,3.0,2026-07-29T18:03:27+02:00,2026-07-29T20:23:22+02:00,BUS,485|E1|52|224|223,Consorcio Regional de Transportes de Madrid|Información oficial: Consorcio Regional de Transportes de Madrid,139.91666666666666,30.7,34.983333333333334,2221.2200000000003,4.0,264.7,55.28333333333333,65.25,7.0
MAD-163,Canillas,Hortaleza,DEST_001,Puerta del Sol,2026-07-29,2026-07-29T07:29:00+02:00,2026-07-29T08:48:32+02:00,BUS,120|9,Información oficial: Consorcio Regional de Transportes de Madrid,79.53333333333333,11.166666666666666,22.0,790.87,1.0,2026-07-29T18:00:00+02:00,2026-07-29T19:22:31+02:00,BUS,9,Información oficial: Consorcio Regional de Transportes de Madrid,82.51666666666667,30.25,9.0,2275.77,0.0,162.05,41.416666666666664,31.0,1.0
MAD-163,Canillas,Hortaleza,DEST_002,Nuevos Ministerios,2026-07-29,2026-07-29T08:01:00+02:00,2026-07-29T08:55:47+02:00,BUS,120,Información oficial: Consorcio Regional de Transportes de Madrid,54.78333333333333,13.4,13.0,974.29,0.0,2026-07-29T18:00:00+02:00,2026-07-29T18:54:20+02:00,BUS,120,Información oficial: Consorcio Regional de Transportes de Madrid,54.333333333333336,13.983333333333333,12.0,1022.19,0.0,109.11666666666667,27.383333333333333,25.0,0.0
MAD-163,Canillas,Hortaleza,DEST_003,UC3M Campus de Leganés,2026-07-29,2026-07-29T06:43:00+02:00,2026-07-29T08:56:51+02:00,BUS,120|19|E1|482,Información oficial: Consorcio Regional de Transportes de Madrid|Consorcio Regional de Transportes de Madrid,133.85,19.316666666666663,39.266666666666666,1368.63,3.0,2026-07-29T18:00:58+02:00,2026-07-29T20:28:56+02:00,BUS,480|E1|9,Consorcio Regional de Transportes de Madrid|Información oficial: Consorcio Regional de Transportes de Madrid,147.96666666666667,26.5,24.0,1928.02,2.0,281.81666666666666,45.81666666666666,63.266666666666666,5.0
MAD-164,Pinar del Rey,Hortaleza,DEST_001,Puerta del Sol,2026-07-29,2026-07-29T07:35:00+02:00,2026-07-29T08:46:03+02:00,BUS,9,Información oficial: Consorcio Regional de Transportes de Madrid,71.05,13.75,7.0,943.94,0.0,2026-07-29T18:00:00+02:00,2026-07-29T19:17:57+02:00,BUS,9,Información oficial: Consorcio Regional de Transportes de Madrid,77.95,17.033333333333335,9.0,1259.58,0.0,149.0,30.783333333333335,16.0,0.0
MAD-164,Pinar del Rey,Hortaleza,DEST_002,Nuevos Ministerios,2026-07-29,2026-07-29T07:53:00+02:00,2026-07-29T08:56:57+02:00,BUS,87|40,Información oficial: Consorcio Regional de Transportes de Madrid,63.95,6.533333333333333,26.0,461.05,1.0,2026-07-29T18:00:00+02:00,2026-07-29T19:03:17+02:00,BUS,40|87,Información oficial: Consorcio Regional de Transportes de Madrid,63.28333333333333,8.833333333333334,25.0,557.02,1.0,127.23333333333333,15.366666666666667,51.0,2.0
MAD-164,Pinar del Rey,Hortaleza,DEST_003,UC3M Campus de Leganés,2026-07-29,2026-07-29T06:45:00+02:00,2026-07-29T08:56:51+02:00,BUS,9|E1|482,Información oficial: Consorcio Regional de Transportes de Madrid|Consorcio Regional de Transportes de Madrid,131.85,15.566666666666666,23.183333333333334,1003.34,2.0,2026-07-29T18:00:58+02:00,2026-07-29T20:24:37+02:00,BUS,480|E1|9,Consorcio Regional de Transportes de Madrid|Información oficial: Consorcio Regional de Transportes de Madrid,143.65,11.7,24.0,757.87,2.0,275.5,27.266666666666666,47.18333333333334,4.0
MAD-165,Apóstol Santiago,Hortaleza,DEST_001,Puerta del Sol,2026-07-29,2026-07-29T07:37:00+02:00,2026-07-29T08:56:48+02:00,BUS,150,Información oficial: Consorcio Regional de Transportes de Madrid,79.8,19.683333333333334,10.0,1410.65,0.0,2026-07-29T18:00:00+02:00,2026-07-29T19:24:59+02:00,BUS,7,Información oficial: Consorcio Regional de Transportes de Madrid,84.98333333333333,23.016666666666666,13.0,1695.7199999999998,0.0,164.78333333333333,42.7,23.0,0.0
MAD-165,Apóstol Santiago,Hortaleza,DEST_002,Nuevos Ministerios,2026-07-29,2026-07-29T08:04:00+02:00,2026-07-29T08:58:32+02:00,BUS,150,Información oficial: Consorcio Regional de Transportes de Madrid,54.53333333333333,24.8,10.0,1876.08,0.0,2026-07-29T18:00:00+02:00,2026-07-29T18:54:51+02:00,BUS,7,Información oficial: Consorcio Regional de Transportes de Madrid,54.85,6.133333333333334,13.0,429.62,0.0,109.38333333333333,30.933333333333334,23.0,0.0
MAD-165,Apóstol Santiago,Hortaleza,DEST_003,UC3M Campus de Leganés,2026-07-29,2026-07-29T06:46:00+02:00,2026-07-29T08:56:51+02:00,BUS,29|19|E1|482,Información oficial: Consorcio Regional de Transportes de Madrid|Consorcio Regional de Transportes de Madrid,130.85,16.55,39.36666666666667,1150.69,3.0,2026-07-29T18:00:58+02:00,2026-07-29T20:31:06+02:00,BUS,480|E1|14,Consorcio Regional de Transportes de Madrid|Información oficial: Consorcio Regional de Transportes de Madrid,150.13333333333333,35.93333333333333,25.0,2696.37,2.0,280.98333333333335,52.483333333333334,64.36666666666667,5.0
MAD-166,Valdefuentes,Hortaleza,DEST_001,Puerta del Sol,2026-07-29,2026-07-29T07:18:26+02:00,2026-07-29T08:59:21+02:00,BUS,183|27,Consorcio Regional de Transportes de Madrid|Información oficial: Consorcio Regional de Transportes de Madrid,100.91666666666669,54.73333333333333,7.0,4069.95,1.0,2026-07-29T18:05:00+02:00,2026-07-29T19:36:09+02:00,BUS,27|171,Información oficial: Consorcio Regional de Transportes de Madrid|Consorcio Regional de Transportes de Madrid,91.15,51.48333333333333,9.183333333333334,3929.52,1.0,192.0666666666667,106.21666666666665,16.183333333333334,2.0
MAD-166,Valdefuentes,Hortaleza,DEST_002,Nuevos Ministerios,2026-07-29,2026-07-29T07:47:39+02:00,2026-07-29T08:55:47+02:00,TRAM|BUS,ML1|185|147,Consorcio Regional de Transportes de Madrid|Información oficial: Consorcio Regional de Transportes de Madrid,68.13333333333334,34.0,11.75,2515.24,2.0,2026-07-29T18:04:00+02:00,2026-07-29T19:11:14+02:00,BUS,S10|182,Información oficial: Consorcio Regional de Transportes de Madrid|Consorcio Regional de Transportes de Madrid,67.23333333333333,44.31666666666667,5.4,3262.08,1.0,135.36666666666667,78.31666666666666,17.15,3.0
MAD-166,Valdefuentes,Hortaleza,DEST_003,UC3M Campus de Leganés,2026-07-29,2026-07-29T06:26:39+02:00,2026-07-29T08:56:51+02:00,TRAM|BUS,ML1|181|27|E1|482,Consorcio Regional de Transportes de Madrid|Información oficial: Consorcio Regional de Transportes de Madrid,150.2,38.46666666666667,25.166666666666668,2758.44,4.0,2026-07-29T18:03:27+02:00,2026-07-29T20:36:09+02:00,BUS,485|E1|27|171,Consorcio Regional de Transportes de Madrid|Información oficial: Consorcio Regional de Transportes de Madrid,152.7,43.8,26.75,3424.51,3.0,302.9,82.26666666666667,51.91666666666667,7.0
MAD-171,Villaverde Alto - Casco Histórico de Villaverde,Villaverde,DEST_001,Puerta del Sol,2026-07-29,2026-07-29T07:40:29+02:00,2026-07-29T08:55:06+02:00,BUS,423|6,Consorcio Regional de Transportes de Madrid|Información oficial: Consorcio Regional de Transportes de Madrid,74.61666666666666,36.833333333333336,11.0,2620.43,1.0,2026-07-29T18:01:00+02:00,2026-07-29T19:14:09+02:00,BUS,23|424,Información oficial: Consorcio Regional de Transportes de Madrid|Consorcio Regional de Transportes de Madrid,73.15,33.53333333333333,11.066666666666666,2494.56,1.0,147.76666666666665,70.36666666666667,22.066666666666666,2.0
MAD-171,Villaverde Alto - Casco Histórico de Villaverde,Villaverde,DEST_002,Nuevos Ministerios,2026-07-29,2026-07-29T07:27:49+02:00,2026-07-29T08:51:10+02:00,BUS,432|423|45,Consorcio Regional de Transportes de Madrid|Información oficial: Consorcio Regional de Transportes de Madrid,83.35,17.433333333333334,17.266666666666666,1208.88,2.0,2026-07-29T18:03:00+02:00,2026-07-29T19:30:23+02:00,BUS,19|423|448,Información oficial: Consorcio Regional de Transportes de Madrid|Consorcio Regional de Transportes de Madrid,87.38333333333334,20.15,15.216666666666669,1420.21,2.0,170.73333333333335,37.58333333333333,32.483333333333334,4.0
MAD-171,Villaverde Alto - Casco Histórico de Villaverde,Villaverde,DEST_003,UC3M Campus de Leganés,2026-07-29,2026-07-29T07:48:10+02:00,2026-07-29T08:32:11+02:00,BUS,432,Consorcio Regional de Transportes de Madrid,44.016666666666666,4.15,0.0,308.51,0.0,2026-07-29T18:04:55+02:00,2026-07-29T18:41:35+02:00,BUS,485|432,Consorcio Regional de Transportes de Madrid,36.66666666666666,3.316666666666667,8.6,244.04,1.0,80.68333333333332,7.466666666666667,8.6,1.0
MAD-172,San Cristóbal,Villaverde,DEST_001,Puerta del Sol,2026-07-29,2026-07-29T07:44:49+02:00,2026-07-29T08:55:06+02:00,BUS,423|6,Consorcio Regional de Transportes de Madrid|Información oficial: Consorcio Regional de Transportes de Madrid,70.28333333333333,32.5,11.0,2427.86,1.0,2026-07-29T18:01:00+02:00,2026-07-29T19:10:26+02:00,BUS,23|424,Información oficial: Consorcio Regional de Transportes de Madrid|Consorcio Regional de Transportes de Madrid,69.43333333333334,29.816666666666663,11.066666666666666,2130.89,1.0,139.71666666666667,62.31666666666666,22.066666666666666,2.0
MAD-172,San Cristóbal,Villaverde,DEST_002,Nuevos Ministerios,2026-07-29,2026-07-29T07:25:01+02:00,2026-07-29T08:51:10+02:00,BUS,423|45,Consorcio Regional de Transportes de Madrid|Información oficial: Consorcio Regional de Transportes de Madrid,86.15,36.81666666666667,11.0,2692.8500000000004,1.0,2026-07-29T18:01:00+02:00,2026-07-29T19:29:08+02:00,BUS,19|422,Información oficial: Consorcio Regional de Transportes de Madrid|Consorcio Regional de Transportes de Madrid,88.13333333333334,34.03333333333333,7.583333333333333,2420.15,1.0,174.28333333333336,70.85,18.583333333333332,2.0
MAD-172,San Cristóbal,Villaverde,DEST_003,UC3M Campus de Leganés,2026-07-29,2026-07-29T07:40:00+02:00,2026-07-29T08:48:47+02:00,BUS,447|450,Consorcio Regional de Transportes de Madrid,68.78333333333333,10.316666666666666,3.1333333333333333,738.1,1.0,2026-07-29T18:04:55+02:00,2026-07-29T19:12:28+02:00,BUS,485|432,Consorcio Regional de Transportes de Madrid,67.55,23.883333333333333,8.6,1771.21,1.0,136.33333333333331,34.2,11.733333333333333,2.0
MAD-173,Butarque,Villaverde,DEST_001,Puerta del Sol,2026-07-29,2026-07-29T07:34:00+02:00,2026-07-29T08:55:06+02:00,BUS,85|423|6,Información oficial: Consorcio Regional de Transportes de Madrid|Consorcio Regional de Transportes de Madrid,81.1,15.916666666666666,22.48333333333333,1160.58,2.0,2026-07-29T18:01:00+02:00,2026-07-29T19:25:06+02:00,BUS,23|424|85,Información oficial: Consorcio Regional de Transportes de Madrid|Consorcio Regional de Transportes de Madrid,84.1,16.85,23.066666666666663,1176.6,2.0,165.2,32.766666666666666,45.55,4.0
MAD-173,Butarque,Villaverde,DEST_002,Nuevos Ministerios,2026-07-29,2026-07-29T07:18:00+02:00,2026-07-29T08:59:42+02:00,BUS,85|27,Información oficial: Consorcio Regional de Transportes de Madrid,101.7,5.833333333333333,16.0,375.47,1.0,2026-07-29T18:00:00+02:00,2026-07-29T19:26:38+02:00,BUS,19|411,Información oficial: Consorcio Regional de Transportes de Madrid|Consorcio Regional de Transportes de Madrid,86.63333333333334,20.366666666666667,7.566666666666666,1478.13,1.0,188.33333333333334,26.2,23.566666666666666,2.0
MAD-173,Butarque,Villaverde,DEST_003,UC3M Campus de Leganés,2026-07-29,2026-07-29T07:23:11+02:00,2026-07-29T08:48:47+02:00,BUS,447|450,Consorcio Regional de Transportes de Madrid,85.6,27.133333333333333,3.1333333333333333,2015.1,1.0,2026-07-29T18:04:55+02:00,2026-07-29T19:23:48+02:00,BUS,485|432|85,Consorcio Regional de Transportes de Madrid|Información oficial: Consorcio Regional de Transportes de Madrid,78.88333333333334,7.583333333333333,20.6,557.28,2.0,164.48333333333335,34.71666666666667,23.733333333333334,3.0
MAD-174,Los Rosales,Villaverde,DEST_001,Puerta del Sol,2026-07-29,2026-07-29T07:56:42+02:00,2026-07-29T08:55:06+02:00,BUS,423|6,Consorcio Regional de Transportes de Madrid|Información oficial: Consorcio Regional de Transportes de Madrid,58.4,20.616666666666667,11.0,1426.68,1.0,2026-07-29T18:08:00+02:00,2026-07-29T19:11:54+02:00,BUS,45|423,Información oficial: Consorcio Regional de Transportes de Madrid|Consorcio Regional de Transportes de Madrid,63.9,26.55,12.666666666666666,1785.66,1.0,122.3,47.16666666666667,23.666666666666664,2.0
MAD-174,Los Rosales,Villaverde,DEST_002,Nuevos Ministerios,2026-07-29,2026-07-29T07:36:54+02:00,2026-07-29T08:51:10+02:00,BUS,423|45,Consorcio Regional de Transportes de Madrid|Información oficial: Consorcio Regional de Transportes de Madrid,74.26666666666667,24.933333333333334,11.0,1691.67,1.0,2026-07-29T18:00:00+02:00,2026-07-29T19:19:57+02:00,BUS,19|411,Información oficial: Consorcio Regional de Transportes de Madrid|Consorcio Regional de Transportes de Madrid,79.95,19.683333333333334,7.566666666666666,1377.91,1.0,154.21666666666667,44.61666666666667,18.566666666666666,2.0
MAD-174,Los Rosales,Villaverde,DEST_003,UC3M Campus de Leganés,2026-07-29,2026-07-29T07:33:41+02:00,2026-07-29T08:48:47+02:00,BUS,447|450,Consorcio Regional de Transportes de Madrid,75.1,11.433333333333334,3.1333333333333333,807.98,1.0,2026-07-29T18:04:55+02:00,2026-07-29T19:01:08+02:00,BUS,485|432,Consorcio Regional de Transportes de Madrid,56.21666666666667,12.55,8.6,849.01,1.0,131.31666666666666,23.983333333333334,11.733333333333333,2.0
MAD-175,Ángeles,Villaverde,DEST_001,Puerta del Sol,2026-07-29,2026-07-29T07:52:49+02:00,2026-07-29T08:55:06+02:00,BUS,423|6,Consorcio Regional de Transportes de Madrid|Información oficial: Consorcio Regional de Transportes de Madrid,62.28333333333333,24.5,11.0,1722.29,1.0,2026-07-29T18:01:00+02:00,2026-07-29T19:03:33+02:00,BUS,23|424,Información oficial: Consorcio Regional de Transportes de Madrid|Consorcio Regional de Transportes de Madrid,62.55,22.933333333333334,11.066666666666666,1667.04,1.0,124.83333333333333,47.43333333333334,22.066666666666666,2.0
MAD-175,Ángeles,Villaverde,DEST_002,Nuevos Ministerios,2026-07-29,2026-07-29T07:33:01+02:00,2026-07-29T08:51:10+02:00,BUS,423|45,Consorcio Regional de Transportes de Madrid|Información oficial: Consorcio Regional de Transportes de Madrid,78.15,28.816666666666663,11.0,1987.28,1.0,2026-07-29T18:00:00+02:00,2026-07-29T19:21:40+02:00,BUS,19|411,Información oficial: Consorcio Regional de Transportes de Madrid|Consorcio Regional de Transportes de Madrid,81.66666666666667,25.4,7.566666666666666,1774.77,1.0,159.81666666666666,54.21666666666666,18.566666666666666,2.0
MAD-175,Ángeles,Villaverde,DEST_003,UC3M Campus de Leganés,2026-07-29,2026-07-29T07:36:00+02:00,2026-07-29T08:56:51+02:00,BUS,131|485|482,Información oficial: Consorcio Regional de Transportes de Madrid|Consorcio Regional de Transportes de Madrid,80.85,16.066666666666666,16.783333333333335,1140.9699999999998,2.0,2026-07-29T18:04:55+02:00,2026-07-29T18:57:25+02:00,BUS,485|432,Consorcio Regional de Transportes de Madrid,52.5,13.25,8.6,979.54,1.0,133.35,29.316666666666666,25.383333333333333,3.0
MAD-181,Casco Histórico de Vallecas,Villa de Vallecas,DEST_001,Puerta del Sol,2026-07-29,2026-07-29T06:58:00+02:00,2026-07-29T08:59:02+02:00,BUS,145|32,Información oficial: Consorcio Regional de Transportes de Madrid,121.03333333333332,41.28333333333333,24.0,3157.72,1.0,2026-07-29T18:00:00+02:00,2026-07-29T20:03:29+02:00,BUS,14|145,Información oficial: Consorcio Regional de Transportes de Madrid,123.48333333333332,48.583333333333336,24.0,3757.69,1.0,244.51666666666665,89.86666666666667,48.0,2.0
MAD-181,Casco Histórico de Vallecas,Villa de Vallecas,DEST_002,Nuevos Ministerios,2026-07-29,2026-07-29T06:40:00+02:00,2026-07-29T08:59:56+02:00,BUS,145|C2,Información oficial: Consorcio Regional de Transportes de Madrid,139.93333333333334,39.25,21.0,2924.08,1.0,2026-07-29T18:00:00+02:00,2026-07-29T20:15:51+02:00,BUS,14|145,Información oficial: Consorcio Regional de Transportes de Madrid,135.85,37.53333333333333,24.0,2853.0,1.0,275.7833333333333,76.78333333333333,45.0,2.0
MAD-181,Casco Histórico de Vallecas,Villa de Vallecas,DEST_003,UC3M Campus de Leganés,2026-07-29,2026-07-29T06:14:00+02:00,2026-07-29T08:56:51+02:00,BUS,145|352|102|E1|482,Información oficial: Consorcio Regional de Transportes de Madrid|Consorcio Regional de Transportes de Madrid,162.85,46.63333333333333,40.3,3444.24,4.0,2026-07-29T18:04:55+02:00,2026-07-29T20:38:32+02:00,BUS,485|432|423|331|145,Consorcio Regional de Transportes de Madrid|Información oficial: Consorcio Regional de Transportes de Madrid,153.61666666666667,44.083333333333336,32.06666666666667,3360.2200000000003,4.0,316.4666666666667,90.71666666666667,72.36666666666667,8.0
MAD-182,Santa Eugenia,Villa de Vallecas,DEST_001,Puerta del Sol,2026-07-29,2026-07-29T07:46:40+02:00,2026-07-29T08:59:22+02:00,BUS,333|37,Consorcio Regional de Transportes de Madrid|Información oficial: Consorcio Regional de Transportes de Madrid,72.7,32.05,13.0,2276.49,1.0,2026-07-29T18:00:00+02:00,2026-07-29T19:20:34+02:00,BUS,14|145,Información oficial: Consorcio Regional de Transportes de Madrid,80.56666666666666,13.983333333333333,24.0,1013.56,1.0,153.26666666666665,46.03333333333333,37.0,2.0
MAD-182,Santa Eugenia,Villa de Vallecas,DEST_002,Nuevos Ministerios,2026-07-29,2026-07-29T07:28:49+02:00,2026-07-29T08:58:25+02:00,BUS,313|63|C2,Consorcio Regional de Transportes de Madrid|Información oficial: Consorcio Regional de Transportes de Madrid,89.6,15.45,17.0,1144.26,2.0,2026-07-29T18:00:00+02:00,2026-07-29T19:31:13+02:00,BUS,14|145,Información oficial: Consorcio Regional de Transportes de Madrid,91.21666666666668,3.7,24.0,247.84,1.0,180.81666666666666,19.15,41.0,3.0
MAD-182,Santa Eugenia,Villa de Vallecas,DEST_003,UC3M Campus de Leganés,2026-07-29,2026-07-29T07:07:45+02:00,2026-07-29T08:56:51+02:00,BUS,352|102|E1|482,Consorcio Regional de Transportes de Madrid|Información oficial: Consorcio Regional de Transportes de Madrid,109.1,21.03333333333333,23.433333333333334,1462.65,3.0,2026-07-29T18:04:55+02:00,2026-07-29T19:46:26+02:00,BUS,485|432|423|352,Consorcio Regional de Transportes de Madrid,101.51666666666668,22.73333333333333,27.866666666666667,1748.06,3.0,210.61666666666667,43.766666666666666,51.3,6.0
MAD-183,Ensanche de Vallecas,Villa de Vallecas,DEST_001,Puerta del Sol,2026-07-29,2026-07-29T07:28:00+02:00,2026-07-29T08:59:40+02:00,BUS,145|32,Información oficial: Consorcio Regional de Transportes de Madrid,91.66666666666669,11.916666666666666,24.0,875.6,1.0,2026-07-29T18:00:00+02:00,2026-07-29T19:33:58+02:00,BUS,14|145,Información oficial: Consorcio Regional de Transportes de Madrid,93.96666666666668,16.583333333333332,24.0,1207.02,1.0,185.63333333333338,28.5,48.0,2.0
MAD-183,Ensanche de Vallecas,Villa de Vallecas,DEST_002,Nuevos Ministerios,2026-07-29,2026-07-29T07:09:00+02:00,2026-07-29T08:59:34+02:00,BUS,145|C2,Información oficial: Consorcio Regional de Transportes de Madrid,110.56666666666666,9.883333333333333,21.0,641.96,1.0,2026-07-29T18:00:00+02:00,2026-07-29T19:44:37+02:00,BUS,14|145,Información oficial: Consorcio Regional de Transportes de Madrid,104.61666666666666,6.3,24.0,441.3,1.0,215.18333333333334,16.183333333333334,45.0,2.0
MAD-183,Ensanche de Vallecas,Villa de Vallecas,DEST_003,UC3M Campus de Leganés,2026-07-29,2026-07-29T06:44:00+02:00,2026-07-29T08:56:51+02:00,BUS,145|352|102|E1|482,Información oficial: Consorcio Regional de Transportes de Madrid|Consorcio Regional de Transportes de Madrid,132.85,17.266666666666666,39.66666666666666,1162.12,4.0,2026-07-29T18:04:55+02:00,2026-07-29T20:07:18+02:00,BUS,485|432|423|331|145,Consorcio Regional de Transportes de Madrid|Información oficial: Consorcio Regional de Transportes de Madrid,122.38333333333334,12.85,32.06666666666667,948.52,4.0,255.23333333333335,30.116666666666667,71.73333333333332,8.0
MAD-191,Casco Histórico de Vicálvaro,Vicálvaro,DEST_001,Puerta del Sol,2026-07-29,2026-07-29T07:24:00+02:00,2026-07-29T08:59:27+02:00,BUS,E3|20,Información oficial: Consorcio Regional de Transportes de Madrid,95.45,42.7,14.0,2960.6600000000003,1.0,2026-07-29T18:07:00+02:00,2026-07-29T19:26:29+02:00,BUS,32|102|353|341,Información oficial: Consorcio Regional de Transportes de Madrid|Consorcio Regional de Transportes de Madrid,79.48333333333333,17.116666666666667,23.216666666666665,1243.48,3.0,174.93333333333334,59.81666666666667,37.21666666666667,4.0
MAD-191,Casco Histórico de Vicálvaro,Vicálvaro,DEST_002,Nuevos Ministerios,2026-07-29,2026-07-29T07:24:42+02:00,2026-07-29T08:52:31+02:00,BUS,341|282|224A,Consorcio Regional de Transportes de Madrid,87.81666666666666,35.11666666666667,16.033333333333335,2509.19,2.0,2026-07-29T18:00:00+02:00,2026-07-29T19:34:40+02:00,BUS,C1|E5,Información oficial: Consorcio Regional de Transportes de Madrid,94.66666666666669,33.45,18.0,2527.55,1.0,182.48333333333335,68.56666666666666,34.03333333333333,3.0
MAD-191,Casco Histórico de Vicálvaro,Vicálvaro,DEST_003,UC3M Campus de Leganés,2026-07-29,2026-07-29T06:50:12+02:00,2026-07-29T08:32:11+02:00,BUS,341|352|423|432,Consorcio Regional de Transportes de Madrid,101.98333333333332,14.133333333333333,12.15,1083.44,3.0,2026-07-29T18:04:55+02:00,2026-07-29T19:47:06+02:00,BUS,485|432|423|352|341,Consorcio Regional de Transportes de Madrid,102.18333333333334,9.666666666666666,31.9,734.4300000000001,4.0,204.16666666666666,23.799999999999997,44.05,7.0
MAD-192,Valdebernardo,Vicálvaro,DEST_001,Puerta del Sol,2026-07-29,2026-07-29T07:49:06+02:00,2026-07-29T08:59:22+02:00,BUS,333|37,Consorcio Regional de Transportes de Madrid|Información oficial: Consorcio Regional de Transportes de Madrid,70.26666666666667,32.61666666666667,13.0,2336.23,1.0,2026-07-29T18:00:00+02:00,2026-07-29T19:11:03+02:00,BUS,203|E4,Información oficial: Consorcio Regional de Transportes de Madrid,71.05,19.383333333333333,25.0,1376.43,1.0,141.31666666666666,52.0,38.0,2.0
MAD-192,Valdebernardo,Vicálvaro,DEST_002,Nuevos Ministerios,2026-07-29,2026-07-29T07:43:00+02:00,2026-07-29T08:59:40+02:00,BUS,E4|C2,Información oficial: Consorcio Regional de Transportes de Madrid,76.66666666666667,7.883333333333334,15.0,579.9,1.0,2026-07-29T18:00:00+02:00,2026-07-29T19:11:04+02:00,BUS,C1|E4,Información oficial: Consorcio Regional de Transportes de Madrid,71.06666666666666,11.5,16.0,804.76,1.0,147.73333333333335,19.383333333333333,31.0,2.0
MAD-192,Valdebernardo,Vicálvaro,DEST_003,UC3M Campus de Leganés,2026-07-29,2026-07-29T07:08:57+02:00,2026-07-29T08:56:51+02:00,BUS,352|102|E1|482,Consorcio Regional de Transportes de Madrid|Información oficial: Consorcio Regional de Transportes de Madrid,107.9,21.6,23.433333333333334,1522.39,3.0,2026-07-29T18:04:55+02:00,2026-07-29T19:43:32+02:00,BUS,485|432|423|331,Consorcio Regional de Transportes de Madrid,98.61666666666666,23.766666666666666,18.066666666666663,1785.04,3.0,206.51666666666665,45.36666666666667,41.5,6.0
MAD-193,Valderrivas,Vicálvaro,DEST_001,Puerta del Sol,2026-07-29,2026-07-29T07:49:00+02:00,2026-07-29T08:59:34+02:00,BUS,E3|20,Información oficial: Consorcio Regional de Transportes de Madrid,70.56666666666666,15.15,14.0,1063.84,1.0,2026-07-29T18:00:00+02:00,2026-07-29T19:12:51+02:00,BUS,203|E3,Información oficial: Consorcio Regional de Transportes de Madrid,72.85,17.866666666666667,24.0,1266.46,1.0,143.41666666666666,33.016666666666666,38.0,2.0
MAD-193,Valderrivas,Vicálvaro,DEST_002,Nuevos Ministerios,2026-07-29,2026-07-29T07:48:00+02:00,2026-07-29T08:59:51+02:00,BUS,E3|C2,Información oficial: Consorcio Regional de Transportes de Madrid,71.85,6.383333333333334,13.0,467.56,1.0,2026-07-29T18:00:00+02:00,2026-07-29T19:11:43+02:00,BUS,C1|E5,Información oficial: Consorcio Regional de Transportes de Madrid,71.71666666666667,11.466666666666669,18.0,849.28,1.0,143.56666666666666,17.85,31.0,2.0
MAD-193,Valderrivas,Vicálvaro,DEST_003,UC3M Campus de Leganés,2026-07-29,2026-07-29T06:52:56+02:00,2026-07-29T08:56:51+02:00,BUS,352|102|E1|482,Consorcio Regional de Transportes de Madrid|Información oficial: Consorcio Regional de Transportes de Madrid,123.91666666666669,35.85,23.433333333333334,2591.26,3.0,2026-07-29T18:04:55+02:00,2026-07-29T19:56:04+02:00,BUS,485|432|423|352,Consorcio Regional de Transportes de Madrid,111.15,32.36666666666667,27.866666666666667,2466.7200000000003,3.0,235.0666666666667,68.21666666666667,51.3,6.0
MAD-194,El Cañaveral,Vicálvaro,DEST_001,Puerta del Sol,2026-07-29,2026-07-29T07:22:00+02:00,2026-07-29T08:59:32+02:00,BUS,E5|20,Información oficial: Consorcio Regional de Transportes de Madrid,97.53333333333332,20.35,18.0,1453.62,1.0,2026-07-29T18:00:00+02:00,2026-07-29T19:33:13+02:00,BUS,203|E5,Información oficial: Consorcio Regional de Transportes de Madrid,93.21666666666668,23.08333333333333,27.0,1653.87,1.0,190.75,43.43333333333333,45.0,2.0
MAD-194,El Cañaveral,Vicálvaro,DEST_002,Nuevos Ministerios,2026-07-29,2026-07-29T07:28:29+02:00,2026-07-29T08:58:31+02:00,BUS,281|224A,Consorcio Regional de Transportes de Madrid,90.03333333333333,68.18333333333334,6.183333333333334,5029.4,1.0,2026-07-29T18:00:00+02:00,2026-07-29T19:25:25+02:00,BUS,C1|223|283,Información oficial: Consorcio Regional de Transportes de Madrid|Consorcio Regional de Transportes de Madrid,85.41666666666667,47.46666666666667,12.466666666666669,3540.96,2.0,175.45,115.65,18.650000000000002,3.0
MAD-194,El Cañaveral,Vicálvaro,DEST_003,UC3M Campus de Leganés,2026-07-29,2026-07-29T06:28:42+02:00,2026-07-29T08:32:11+02:00,BUS,341|352|423|432,Consorcio Regional de Transportes de Madrid,123.48333333333332,24.75,12.15,1904.78,3.0,2026-07-29T18:04:55+02:00,2026-07-29T20:11:59+02:00,BUS,485|432|423|352|341,Consorcio Regional de Transportes de Madrid,127.06666666666666,25.016666666666666,31.9,1925.92,4.0,250.54999999999998,49.766666666666666,44.05,7.0
MAD-201,Simancas,San Blas - Canillejas,DEST_001,Puerta del Sol,2026-07-29,2026-07-29T07:52:00+02:00,2026-07-29T08:58:02+02:00,BUS,28|20,Información oficial: Consorcio Regional de Transportes de Madrid,66.03333333333333,9.433333333333334,16.0,677.8,1.0,2026-07-29T18:00:00+02:00,2026-07-29T19:06:54+02:00,BUS,28,Información oficial: Consorcio Regional de Transportes de Madrid,66.9,23.7,6.0,1661.94,0.0,132.93333333333334,33.13333333333333,22.0,1.0
MAD-201,Simancas,San Blas - Canillejas,DEST_002,Nuevos Ministerios,2026-07-29,2026-07-29T07:56:00+02:00,2026-07-29T08:58:31+02:00,BUS,28|224A,Información oficial: Consorcio Regional de Transportes de Madrid|Consorcio Regional de Transportes de Madrid,62.516666666666666,46.41666666666666,8.1,3294.1800000000003,1.0,2026-07-29T18:00:00+02:00,2026-07-29T19:01:10+02:00,BUS,C1|223|77,Información oficial: Consorcio Regional de Transportes de Madrid|Consorcio Regional de Transportes de Madrid,61.16666666666666,19.366666666666667,18.966666666666665,1361.9700000000005,2.0,123.68333333333332,65.78333333333333,27.066666666666663,3.0
MAD-201,Simancas,San Blas - Canillejas,DEST_003,UC3M Campus de Leganés,2026-07-29,2026-07-29T07:01:00+02:00,2026-07-29T08:56:51+02:00,BUS,28|E1|482,Información oficial: Consorcio Regional de Transportes de Madrid|Consorcio Regional de Transportes de Madrid,115.85,14.1,23.266666666666666,987.7,2.0,2026-07-29T18:00:58+02:00,2026-07-29T20:05:31+02:00,BUS,480|E1|28,Consorcio Regional de Transportes de Madrid|Información oficial: Consorcio Regional de Transportes de Madrid,124.55,14.083333333333334,22.0,1001.27,2.0,240.39999999999998,28.183333333333334,45.266666666666666,4.0
MAD-202,Hellín,San Blas - Canillejas,DEST_001,Puerta del Sol,2026-07-29,2026-07-29T07:44:08+02:00,2026-07-29T08:58:33+02:00,BUS,288|28|20,Consorcio Regional de Transportes de Madrid|Información oficial: Consorcio Regional de Transportes de Madrid,74.41666666666667,13.35,18.0,943.02,2.0,2026-07-29T18:00:00+02:00,2026-07-29T19:14:33+02:00,BUS,28|288,Información oficial: Consorcio Regional de Transportes de Madrid|Consorcio Regional de Transportes de Madrid,74.55,26.966666666666665,8.016666666666667,1915.89,1.0,148.96666666666667,40.31666666666666,26.016666666666666,3.0
MAD-202,Hellín,San Blas - Canillejas,DEST_002,Nuevos Ministerios,2026-07-29,2026-07-29T07:52:48+02:00,2026-07-29T08:52:31+02:00,BUS,165|224A,Información oficial: Consorcio Regional de Transportes de Madrid|Consorcio Regional de Transportes de Madrid,59.71666666666667,34.9,15.85,2449.46,1.0,2026-07-29T18:00:00+02:00,2026-07-29T19:00:56+02:00,BUS,C1|223|165,Información oficial: Consorcio Regional de Transportes de Madrid|Consorcio Regional de Transportes de Madrid,60.93333333333333,12.733333333333333,26.966666666666665,855.0800000000002,2.0,120.65,47.63333333333333,42.81666666666666,3.0
MAD-202,Hellín,San Blas - Canillejas,DEST_003,UC3M Campus de Leganés,2026-07-29,2026-07-29T06:51:58+02:00,2026-07-29T08:56:51+02:00,BUS,289|28|E1|482,Consorcio Regional de Transportes de Madrid|Información oficial: Consorcio Regional de Transportes de Madrid,124.88333333333334,18.016666666666666,26.83333333333333,1252.9199999999996,3.0,2026-07-29T18:03:27+02:00,2026-07-29T20:14:33+02:00,BUS,485|E1|28|288,Consorcio Regional de Transportes de Madrid|Información oficial: Consorcio Regional de Transportes de Madrid,131.1,20.433333333333334,24.53333333333333,1531.79,3.0,255.98333333333335,38.45,51.36666666666666,6.0
MAD-203,Amposta,San Blas - Canillejas,DEST_001,Puerta del Sol,2026-07-29,2026-07-29T07:44:00+02:00,2026-07-29T08:59:44+02:00,BUS,28|20,Información oficial: Consorcio Regional de Transportes de Madrid,75.73333333333333,22.916666666666668,14.0,1653.55,1.0,2026-07-29T18:00:00+02:00,2026-07-29T19:19:09+02:00,BUS,28,Información oficial: Consorcio Regional de Transportes de Madrid,79.15,35.95,6.0,2566.26,0.0,154.88333333333333,58.866666666666674,20.0,1.0
MAD-203,Amposta,San Blas - Canillejas,DEST_002,Nuevos Ministerios,2026-07-29,2026-07-29T07:48:00+02:00,2026-07-29T08:52:31+02:00,BUS,165|224A,Información oficial: Consorcio Regional de Transportes de Madrid|Consorcio Regional de Transportes de Madrid,64.51666666666667,34.016666666666666,20.133333333333333,2373.61,1.0,2026-07-29T18:00:00+02:00,2026-07-29T19:03:30+02:00,BUS,C1|223|165,Información oficial: Consorcio Regional de Transportes de Madrid|Consorcio Regional de Transportes de Madrid,63.5,11.65,26.966666666666665,771.3000000000001,2.0,128.01666666666665,45.666666666666664,47.099999999999994,3.0
MAD-203,Amposta,San Blas - Canillejas,DEST_003,UC3M Campus de Leganés,2026-07-29,2026-07-29T06:48:00+02:00,2026-07-29T08:56:51+02:00,BUS,28|E1|482,Información oficial: Consorcio Regional de Transportes de Madrid|Consorcio Regional de Transportes de Madrid,128.85,26.816666666666663,23.55,1917.54,2.0,2026-07-29T18:03:27+02:00,2026-07-29T20:17:30+02:00,BUS,485|E1|28,Consorcio Regional de Transportes de Madrid|Información oficial: Consorcio Regional de Transportes de Madrid,134.05,31.6,22.0,2294.82,2.0,262.9,58.416666666666664,45.55,4.0
MAD-204,Arcos,San Blas - Canillejas,DEST_001,Puerta del Sol,2026-07-29,2026-07-29T07:52:00+02:00,2026-07-29T08:59:55+02:00,BUS,E2|20,Información oficial: Consorcio Regional de Transportes de Madrid,67.91666666666667,18.316666666666663,19.0,1307.0,1.0,2026-07-29T18:00:00+02:00,2026-07-29T19:10:26+02:00,BUS,203|E2,Información oficial: Consorcio Regional de Transportes de Madrid,70.43333333333334,22.23333333333333,27.0,1532.2,1.0,138.35000000000002,40.55,46.0,2.0
MAD-204,Arcos,San Blas - Canillejas,DEST_002,Nuevos Ministerios,2026-07-29,2026-07-29T07:45:00+02:00,2026-07-29T08:51:25+02:00,BUS,106|C2,Información oficial: Consorcio Regional de Transportes de Madrid,66.41666666666667,4.933333333333334,20.0,337.03,1.0,2026-07-29T18:01:29+02:00,2026-07-29T19:10:58+02:00,BUS,223|165,Consorcio Regional de Transportes de Madrid|Información oficial: Consorcio Regional de Transportes de Madrid,69.48333333333333,37.86666666666667,18.0,2726.33,1.0,135.9,42.8,38.0,2.0
MAD-204,Arcos,San Blas - Canillejas,DEST_003,UC3M Campus de Leganés,2026-07-29,2026-07-29T06:50:00+02:00,2026-07-29T08:56:51+02:00,BUS,E2|C1|E1|482,Información oficial: Consorcio Regional de Transportes de Madrid|Consorcio Regional de Transportes de Madrid,126.85,11.433333333333334,35.25,744.36,3.0,2026-07-29T18:00:58+02:00,2026-07-29T20:10:48+02:00,BUS,480|E1|203|E2,Consorcio Regional de Transportes de Madrid|Información oficial: Consorcio Regional de Transportes de Madrid,129.83333333333334,10.9,42.0,728.9000000000001,3.0,256.68333333333334,22.333333333333336,77.25,6.0
MAD-205,Rosas,San Blas - Canillejas,DEST_001,Puerta del Sol,2026-07-29,2026-07-29T07:30:06+02:00,2026-07-29T08:58:33+02:00,BUS,288|28|20,Consorcio Regional de Transportes de Madrid|Información oficial: Consorcio Regional de Transportes de Madrid,88.45,21.6,18.0,1634.88,2.0,2026-07-29T18:00:00+02:00,2026-07-29T19:27:41+02:00,BUS,28|288,Información oficial: Consorcio Regional de Transportes de Madrid|Consorcio Regional de Transportes de Madrid,87.68333333333334,34.13333333333333,8.016666666666667,2466.02,1.0,176.13333333333333,55.733333333333334,26.016666666666666,3.0
MAD-205,Rosas,San Blas - Canillejas,DEST_002,Nuevos Ministerios,2026-07-29,2026-07-29T07:47:30+02:00,2026-07-29T08:58:31+02:00,BUS,224A,Consorcio Regional de Transportes de Madrid,71.01666666666667,71.01666666666667,0.0,5270.77,0.0,2026-07-29T18:00:00+02:00,2026-07-29T19:12:07+02:00,BUS,C1|223,Información oficial: Consorcio Regional de Transportes de Madrid|Consorcio Regional de Transportes de Madrid,72.11666666666666,49.43333333333333,8.966666666666667,3691.43,1.0,143.13333333333333,120.44999999999999,8.966666666666667,1.0
MAD-205,Rosas,San Blas - Canillejas,DEST_003,UC3M Campus de Leganés,2026-07-29,2026-07-29T06:39:32+02:00,2026-07-29T08:56:51+02:00,BUS,289|28|E1|482,Consorcio Regional de Transportes de Madrid|Información oficial: Consorcio Regional de Transportes de Madrid,137.31666666666666,26.266666666666666,26.83333333333333,1944.78,3.0,2026-07-29T18:03:27+02:00,2026-07-29T20:27:41+02:00,BUS,485|E1|28|288,Consorcio Regional de Transportes de Madrid|Información oficial: Consorcio Regional de Transportes de Madrid,144.23333333333332,27.6,24.53333333333333,2081.92,3.0,281.54999999999995,53.86666666666667,51.36666666666666,6.0
MAD-206,Rejas,San Blas - Canillejas,DEST_001,Puerta del Sol,2026-07-29,2026-07-29T07:41:17+02:00,2026-07-29T08:44:42+02:00,BUS,223|9,Consorcio Regional de Transportes de Madrid|Información oficial: Consorcio Regional de Transportes de Madrid,63.41666666666666,28.433333333333334,9.0,2111.92,1.0,2026-07-29T18:00:00+02:00,2026-07-29T19:04:21+02:00,BUS,52|223,Información oficial: Consorcio Regional de Transportes de Madrid|Consorcio Regional de Transportes de Madrid,64.35,23.15,12.116666666666667,1632.27,1.0,127.76666666666665,51.58333333333333,21.116666666666667,2.0
MAD-206,Rejas,San Blas - Canillejas,DEST_002,Nuevos Ministerios,2026-07-29,2026-07-29T08:17:36+02:00,2026-07-29T08:58:31+02:00,BUS,224A,Consorcio Regional de Transportes de Madrid,40.91666666666666,40.91666666666666,0.0,2958.0,0.0,2026-07-29T18:00:00+02:00,2026-07-29T18:41:21+02:00,BUS,C1|223,Información oficial: Consorcio Regional de Transportes de Madrid|Consorcio Regional de Transportes de Madrid,41.35,17.183333333333334,8.966666666666667,1213.77,1.0,82.26666666666665,58.099999999999994,8.966666666666667,1.0
MAD-206,Rejas,San Blas - Canillejas,DEST_003,UC3M Campus de Leganés,2026-07-29,2026-07-29T06:36:17+02:00,2026-07-29T08:39:25+02:00,BUS,223|C1|E1|492,Consorcio Regional de Transportes de Madrid|Información oficial: Consorcio Regional de Transportes de Madrid,123.13333333333334,27.316666666666663,23.95,1970.74,3.0,2026-07-29T18:03:27+02:00,2026-07-29T20:14:04+02:00,BUS,485|E1|52|224,Consorcio Regional de Transportes de Madrid|Información oficial: Consorcio Regional de Transportes de Madrid,130.61666666666667,25.916666666666668,30.55,1819.97,3.0,253.75,53.233333333333334,54.5,6.0
MAD-207,Canillejas,San Blas - Canillejas,DEST_001,Puerta del Sol,2026-07-29,2026-07-29T07:43:14+02:00,2026-07-29T08:47:22+02:00,BUS,224|52,Consorcio Regional de Transportes de Madrid|Información oficial: Consorcio Regional de Transportes de Madrid,64.13333333333334,26.433333333333334,13.2,1811.02,1.0,2026-07-29T18:00:00+02:00,2026-07-29T19:05:54+02:00,BUS,52|223,Información oficial: Consorcio Regional de Transportes de Madrid|Consorcio Regional de Transportes de Madrid,65.9,26.183333333333334,12.116666666666667,1792.89,1.0,130.03333333333336,52.61666666666667,25.316666666666666,2.0
MAD-207,Canillejas,San Blas - Canillejas,DEST_002,Nuevos Ministerios,2026-07-29,2026-07-29T08:15:24+02:00,2026-07-29T08:58:31+02:00,BUS,224A,Consorcio Regional de Transportes de Madrid,43.11666666666667,43.11666666666667,0.0,2972.76,0.0,2026-07-29T18:00:00+02:00,2026-07-29T18:42:54+02:00,BUS,C1|223,Información oficial: Consorcio Regional de Transportes de Madrid|Consorcio Regional de Transportes de Madrid,42.9,20.216666666666665,8.966666666666667,1374.39,1.0,86.01666666666667,63.33333333333333,8.966666666666667,1.0
MAD-207,Canillejas,San Blas - Canillejas,DEST_003,UC3M Campus de Leganés,2026-07-29,2026-07-29T06:51:00+02:00,2026-07-29T08:56:51+02:00,BUS,28|E1|482,Información oficial: Consorcio Regional de Transportes de Madrid|Consorcio Regional de Transportes de Madrid,125.85,16.95,23.466666666666665,1200.0899999999997,2.0,2026-07-29T18:00:58+02:00,2026-07-29T20:14:39+02:00,BUS,480|E1|19|224A,Consorcio Regional de Transportes de Madrid|Información oficial: Consorcio Regional de Transportes de Madrid,133.68333333333334,29.216666666666665,22.08333333333333,2041.52,3.0,259.5333333333333,46.166666666666664,45.55,5.0
MAD-208,El Salvador,San Blas - Canillejas,DEST_001,Puerta del Sol,2026-07-29,2026-07-29T07:38:00+02:00,2026-07-29T08:54:22+02:00,BUS,146,Información oficial: Consorcio Regional de Transportes de Madrid,76.36666666666666,15.516666666666667,10.0,1117.9,0.0,2026-07-29T18:00:00+02:00,2026-07-29T19:13:46+02:00,BUS,146,Información oficial: Consorcio Regional de Transportes de Madrid,73.76666666666667,13.133333333333333,9.0,1004.12,0.0,150.13333333333333,28.65,19.0,0.0
MAD-208,El Salvador,San Blas - Canillejas,DEST_002,Nuevos Ministerios,2026-07-29,2026-07-29T08:01:00+02:00,2026-07-29T08:57:55+02:00,BUS,114|C2,Información oficial: Consorcio Regional de Transportes de Madrid,56.91666666666666,13.066666666666666,14.0,927.82,1.0,2026-07-29T18:00:00+02:00,2026-07-29T18:56:02+02:00,BUS,C1|223|77,Información oficial: Consorcio Regional de Transportes de Madrid|Consorcio Regional de Transportes de Madrid,56.03333333333333,14.233333333333333,18.966666666666665,987.24,2.0,112.94999999999999,27.299999999999997,32.96666666666667,3.0
MAD-208,El Salvador,San Blas - Canillejas,DEST_003,UC3M Campus de Leganés,2026-07-29,2026-07-29T06:44:00+02:00,2026-07-29T08:56:51+02:00,BUS,28|E1|482,Información oficial: Consorcio Regional de Transportes de Madrid|Consorcio Regional de Transportes de Madrid,132.85,29.9,23.416666666666668,2196.34,2.0,2026-07-29T18:00:58+02:00,2026-07-29T20:14:20+02:00,BUS,480|E1|146,Consorcio Regional de Transportes de Madrid|Información oficial: Consorcio Regional de Transportes de Madrid,133.36666666666667,12.9,23.0,893.67,2.0,266.2166666666667,42.8,46.41666666666667,4.0
MAD-211,Alameda de Osuna,Barajas,DEST_001,Puerta del Sol,2026-07-29,2026-07-29T07:50:55+02:00,2026-07-29T08:55:10+02:00,BUS,223|52,Consorcio Regional de Transportes de Madrid|Información oficial: Consorcio Regional de Transportes de Madrid,64.25,26.95,13.0,1918.71,1.0,2026-07-29T18:00:00+02:00,2026-07-29T19:13:58+02:00,BUS,52|223|224A,Información oficial: Consorcio Regional de Transportes de Madrid|Consorcio Regional de Transportes de Madrid,73.96666666666667,30.05,15.333333333333334,2165.68,2.0,138.21666666666667,57.0,28.333333333333336,3.0
MAD-211,Alameda de Osuna,Barajas,DEST_002,Nuevos Ministerios,2026-07-29,2026-07-29T08:16:02+02:00,2026-07-29T08:58:31+02:00,BUS,224A,Consorcio Regional de Transportes de Madrid,42.48333333333333,42.48333333333333,0.0,3066.73,0.0,2026-07-29T18:00:00+02:00,2026-07-29T18:49:28+02:00,BUS,C1|223|212,Información oficial: Consorcio Regional de Transportes de Madrid|Consorcio Regional de Transportes de Madrid,49.46666666666667,16.233333333333334,13.533333333333331,1096.16,2.0,91.94999999999999,58.71666666666666,13.533333333333331,2.0
MAD-211,Alameda de Osuna,Barajas,DEST_003,UC3M Campus de Leganés,2026-07-29,2026-07-29T06:35:55+02:00,2026-07-29T08:39:25+02:00,BUS,223|C1|E1|492,Consorcio Regional de Transportes de Madrid|Información oficial: Consorcio Regional de Transportes de Madrid,123.5,28.883333333333333,23.95,2079.4700000000003,3.0,2026-07-29T18:03:27+02:00,2026-07-29T20:16:36+02:00,BUS,485|E1|19|229|213,Consorcio Regional de Transportes de Madrid|Información oficial: Consorcio Regional de Transportes de Madrid,133.15,28.316666666666663,26.65,2039.86,4.0,256.65,57.199999999999996,50.599999999999994,7.0
MAD-212,Aeropuerto,Barajas,DEST_001,Puerta del Sol,2026-07-29,2026-07-29T07:03:46+02:00,2026-07-29T08:58:10+02:00,BUS,212|223|52,Consorcio Regional de Transportes de Madrid|Información oficial: Consorcio Regional de Transportes de Madrid,114.4,56.16666666666666,17.116666666666667,4208.34,2.0,2026-07-29T18:00:00+02:00,2026-07-29T19:58:28+02:00,BUS,52|223|212,Información oficial: Consorcio Regional de Transportes de Madrid|Consorcio Regional de Transportes de Madrid,118.46666666666668,51.266666666666666,18.683333333333334,3888.06,2.0,232.86666666666667,107.43333333333332,35.8,4.0
MAD-212,Aeropuerto,Barajas,DEST_002,Nuevos Ministerios,2026-07-29,2026-07-29T07:31:30+02:00,2026-07-29T08:58:31+02:00,BUS,213|224A,Consorcio Regional de Transportes de Madrid,87.01666666666667,71.7,3.1666666666666665,5356.360000000001,1.0,2026-07-29T18:00:00+02:00,2026-07-29T19:33:28+02:00,BUS,C1|223|212,Información oficial: Consorcio Regional de Transportes de Madrid|Consorcio Regional de Transportes de Madrid,93.46666666666668,45.3,13.533333333333331,3469.56,2.0,180.48333333333335,117.0,16.7,3.0
MAD-212,Aeropuerto,Barajas,DEST_003,UC3M Campus de Leganés,2026-07-29,,,,,,,,,,,2026-07-29T18:03:27+02:00,2026-07-29T20:54:13+02:00,BUS,485|E1|19|229|213,Consorcio Regional de Transportes de Madrid|Información oficial: Consorcio Regional de Transportes de Madrid,170.76666666666668,57.38333333333333,26.65,4413.26,4.0,,,,
MAD-213,Casco Histórico de Barajas,Barajas,DEST_001,Puerta del Sol,2026-07-29,2026-07-29T07:46:06+02:00,2026-07-29T08:58:10+02:00,BUS,212|223|52,Consorcio Regional de Transportes de Madrid|Información oficial: Consorcio Regional de Transportes de Madrid,72.06666666666666,23.566666666666663,17.116666666666667,1578.09,2.0,2026-07-29T18:00:00+02:00,2026-07-29T19:17:17+02:00,BUS,52|223|212,Información oficial: Consorcio Regional de Transportes de Madrid|Consorcio Regional de Transportes de Madrid,77.28333333333333,20.766666666666666,18.683333333333334,1418.48,2.0,149.35,44.33333333333333,35.8,4.0
MAD-213,Casco Histórico de Barajas,Barajas,DEST_002,Nuevos Ministerios,2026-07-29,2026-07-29T08:10:23+02:00,2026-07-29T08:58:31+02:00,BUS,213|224A,Consorcio Regional de Transportes de Madrid,48.13333333333333,39.1,3.1666666666666665,2726.11,1.0,2026-07-29T18:00:00+02:00,2026-07-29T18:52:17+02:00,BUS,C1|223|212,Información oficial: Consorcio Regional de Transportes de Madrid|Consorcio Regional de Transportes de Madrid,52.28333333333333,14.8,13.533333333333331,999.98,2.0,100.41666666666666,53.900000000000006,16.7,3.0
MAD-213,Casco Histórico de Barajas,Barajas,DEST_003,UC3M Campus de Leganés,2026-07-29,2026-07-29T06:42:00+02:00,2026-07-29T08:56:51+02:00,BUS,203|E1|482,Información oficial: Consorcio Regional de Transportes de Madrid|Consorcio Regional de Transportes de Madrid,134.85,26.03333333333333,32.1,1919.86,2.0,2026-07-29T18:03:27+02:00,2026-07-29T20:17:32+02:00,BUS,485|E1|19|229|213,Consorcio Regional de Transportes de Madrid|Información oficial: Consorcio Regional de Transportes de Madrid,134.08333333333334,26.883333333333333,26.65,1943.68,4.0,268.93333333333334,52.916666666666664,58.75,6.0
MAD-214,Timón,Barajas,DEST_001,Puerta del Sol,2026-07-29,2026-07-29T07:28:49+02:00,2026-07-29T08:55:10+02:00,BUS,828|223|52,Consorcio Regional de Transportes de Madrid|Información oficial: Consorcio Regional de Transportes de Madrid,86.35,31.53333333333333,16.666666666666668,2227.27,2.0,2026-07-29T18:00:00+02:00,2026-07-29T19:21:40+02:00,BUS,52|223|828,Información oficial: Consorcio Regional de Transportes de Madrid|Consorcio Regional de Transportes de Madrid,81.66666666666667,24.2,18.366666666666667,1722.21,2.0,168.01666666666665,55.733333333333334,35.03333333333333,4.0
MAD-214,Timón,Barajas,DEST_002,Nuevos Ministerios,2026-07-29,2026-07-29T07:41:20+02:00,2026-07-29T08:55:48+02:00,BUS,828|161|147,Consorcio Regional de Transportes de Madrid|Información oficial: Consorcio Regional de Transportes de Madrid,74.46666666666667,13.7,14.5,1016.64,2.0,2026-07-29T18:10:00+02:00,2026-07-29T19:21:22+02:00,BUS,C1|223|827,Información oficial: Consorcio Regional de Transportes de Madrid|Consorcio Regional de Transportes de Madrid,71.36666666666666,37.6,13.216666666666669,2840.98,2.0,145.83333333333331,51.3,27.71666666666667,4.0
MAD-214,Timón,Barajas,DEST_003,UC3M Campus de Leganés,2026-07-29,2026-07-29T06:15:00+02:00,2026-07-29T08:56:51+02:00,BUS,BR1|185|27|E1|482,Información oficial: Consorcio Regional de Transportes de Madrid|Consorcio Regional de Transportes de Madrid,161.85,26.9,38.266666666666666,1878.47,4.0,2026-07-29T18:04:55+02:00,2026-07-29T20:51:22+02:00,BUS,485|432|422|19|223|827,Consorcio Regional de Transportes de Madrid|Información oficial: Consorcio Regional de Transportes de Madrid,166.45,46.71666666666667,34.9,3534.15,5.0,328.29999999999995,73.61666666666667,73.16666666666666,9.0
MAD-215,Corralejos,Barajas,DEST_001,Puerta del Sol,2026-07-29,2026-07-29T07:41:14+02:00,2026-07-29T08:58:10+02:00,BUS,223|52,Consorcio Regional de Transportes de Madrid|Información oficial: Consorcio Regional de Transportes de Madrid,76.93333333333334,40.06666666666667,13.0,2890.11,1.0,2026-07-29T18:00:00+02:00,2026-07-29T19:17:19+02:00,BUS,52|223|828,Información oficial: Consorcio Regional de Transportes de Madrid|Consorcio Regional de Transportes de Madrid,77.31666666666666,23.85,18.366666666666667,1672.81,2.0,154.25,63.91666666666667,31.366666666666667,3.0
MAD-215,Corralejos,Barajas,DEST_002,Nuevos Ministerios,2026-07-29,2026-07-29T08:05:10+02:00,2026-07-29T08:58:31+02:00,BUS,213|224A,Consorcio Regional de Transportes de Madrid,53.35,48.0,3.1666666666666665,3427.88,1.0,2026-07-29T18:00:00+02:00,2026-07-29T18:58:23+02:00,BUS,C1|223,Información oficial: Consorcio Regional de Transportes de Madrid|Consorcio Regional de Transportes de Madrid,58.38333333333333,35.7,8.966666666666667,2567.96,1.0,111.73333333333333,83.7,12.133333333333333,2.0
MAD-215,Corralejos,Barajas,DEST_003,UC3M Campus de Leganés,2026-07-29,2026-07-29T06:28:14+02:00,2026-07-29T08:49:27+02:00,BUS,223|C1|E1|485,Consorcio Regional de Transportes de Madrid|Información oficial: Consorcio Regional de Transportes de Madrid,141.21666666666667,39.81666666666667,30.266666666666666,2889.57,3.0,2026-07-29T18:03:27+02:00,2026-07-29T20:25:20+02:00,BUS,485|E1|19|229|213,Consorcio Regional de Transportes de Madrid|Información oficial: Consorcio Regional de Transportes de Madrid,141.88333333333333,37.73333333333333,26.65,2762.85,4.0,283.1,77.55,56.916666666666664,7.0
