zone_key,neighborhood_name,district_name,destination_id,destination_name,transport_mode,transport_mode_label,service_date,morning_requested_datetime,morning_route_status,morning_routing_errors_json,morning_request_error,evening_requested_datetime,evening_route_status,evening_routing_errors_json,evening_request_error,morning_start_datetime,morning_end_datetime,morning_all_modes,morning_transit_modes,morning_routes_used,morning_agencies_used,morning_duration_minutes,morning_distance_meters,morning_walk_time_minutes,morning_waiting_time_minutes,morning_walk_distance_meters,morning_number_of_transfers,evening_start_datetime,evening_end_datetime,evening_all_modes,evening_transit_modes,evening_routes_used,evening_agencies_used,evening_duration_minutes,evening_distance_meters,evening_walk_time_minutes,evening_waiting_time_minutes,evening_walk_distance_meters,evening_number_of_transfers,route_status,route_available,no_route_scenarios,commute_daily_minutes,commute_daily_distance_meters,commute_daily_walk_minutes,commute_daily_waiting_minutes,commute_daily_walk_distance_meters,commute_daily_transfers
MAD-011,Palacio,Centro,DEST_001,Puerta del Sol,BICYCLE,Bicicleta,2026-07-29,2026-07-29T09:00:00+02:00,success,[],,2026-07-29T18:00:00+02:00,success,[],,2026-07-29T08:51:56+02:00,2026-07-29T09:00:00+02:00,BICYCLE,,,,8.066666666666666,1216.02,0.0,0.0,0.0,0.0,2026-07-29T18:00:00+02:00,2026-07-29T18:07:40+02:00,BICYCLE,,,,7.666666666666667,1203.25,0.0,0.0,0.0,0.0,complete_route,True,0,15.733333333333334,2419.27,0.0,0.0,0.0,0.0
MAD-011,Palacio,Centro,DEST_001,Puerta del Sol,CAR,Coche,2026-07-29,2026-07-29T09:00:00+02:00,success,[],,2026-07-29T18:00:00+02:00,success,[],,2026-07-29T08:51:46+02:00,2026-07-29T09:00:00+02:00,CAR,,,,8.233333333333333,3518.59,0.0,0.0,0.0,0.0,2026-07-29T18:00:00+02:00,2026-07-29T18:07:59+02:00,CAR,,,,7.983333333333333,2981.15,0.0,0.0,0.0,0.0,complete_route,True,0,16.216666666666665,6499.74,0.0,0.0,0.0,0.0
MAD-011,Palacio,Centro,DEST_001,Puerta del Sol,TRANSIT,Transporte público,2026-07-29,2026-07-29T09:00:00+02:00,no_route,"[{""code"":""WALKING_BETTER_THAN_TRANSIT"",""description"":""ES-los Origin is within a trivial distance of the destination."",""inputField"":null}]",,2026-07-29T18:00:00+02:00,no_route,"[{""code"":""WALKING_BETTER_THAN_TRANSIT"",""description"":""ES-los Origin is within a trivial distance of the destination."",""inputField"":null}]",,,,,,,,,,,,,,,,,,,,,,,,,,no_route,False,2,,,,,,
MAD-011,Palacio,Centro,DEST_001,Puerta del Sol,WALK,A pie,2026-07-29,2026-07-29T09:00:00+02:00,success,[],,2026-07-29T18:00:00+02:00,success,[],,2026-07-29T08:42:29+02:00,2026-07-29T09:00:00+02:00,WALK,,,,17.516666666666666,1203.25,17.516666666666666,0.0,1203.25,0.0,2026-07-29T18:00:00+02:00,2026-07-29T18:17:24+02:00,WALK,,,,17.4,1203.25,17.4,0.0,1203.25,0.0,complete_route,True,0,34.916666666666664,2406.5,34.916666666666664,0.0,2406.5,0.0
MAD-012,Embajadores,Centro,DEST_001,Puerta del Sol,BICYCLE,Bicicleta,2026-07-29,2026-07-29T09:00:00+02:00,success,[],,2026-07-29T18:00:00+02:00,success,[],,2026-07-29T08:46:47+02:00,2026-07-29T09:00:00+02:00,BICYCLE,,,,13.216666666666669,1709.43,0.0,0.0,0.0,0.0,2026-07-29T18:00:00+02:00,2026-07-29T18:09:58+02:00,BICYCLE,,,,9.966666666666669,1618.61,0.0,0.0,0.0,0.0,complete_route,True,0,23.183333333333337,3328.04,0.0,0.0,0.0,0.0
MAD-012,Embajadores,Centro,DEST_001,Puerta del Sol,CAR,Coche,2026-07-29,2026-07-29T09:00:00+02:00,success,[],,2026-07-29T18:00:00+02:00,success,[],,2026-07-29T08:49:53+02:00,2026-07-29T09:00:00+02:00,CAR,,,,10.116666666666667,4598.2,0.0,0.0,0.0,0.0,2026-07-29T18:00:00+02:00,2026-07-29T18:11:06+02:00,CAR,,,,11.1,3772.46,0.0,0.0,0.0,0.0,complete_route,True,0,21.21666666666667,8370.66,0.0,0.0,0.0,0.0
MAD-012,Embajadores,Centro,DEST_001,Puerta del Sol,TRANSIT,Transporte público,2026-07-29,2026-07-29T09:00:00+02:00,no_route,"[{""code"":""WALKING_BETTER_THAN_TRANSIT"",""description"":""ES-los Origin is within a trivial distance of the destination."",""inputField"":null}]",,2026-07-29T18:00:00+02:00,no_route,"[{""code"":""WALKING_BETTER_THAN_TRANSIT"",""description"":""ES-los Origin is within a trivial distance of the destination."",""inputField"":null}]",,,,,,,,,,,,,,,,,,,,,,,,,,no_route,False,2,,,,,,
MAD-012,Embajadores,Centro,DEST_001,Puerta del Sol,WALK,A pie,2026-07-29,2026-07-29T09:00:00+02:00,success,[],,2026-07-29T18:00:00+02:00,success,[],,2026-07-29T08:46:30+02:00,2026-07-29T09:00:00+02:00,WALK,,,,13.5,1007.32,13.5,0.0,1007.32,0.0,2026-07-29T18:00:00+02:00,2026-07-29T18:13:26+02:00,WALK,,,,13.433333333333334,1025.09,13.433333333333334,0.0,1025.09,0.0,complete_route,True,0,26.933333333333334,2032.4099999999999,26.933333333333334,0.0,2032.4099999999999,0.0
MAD-013,Cortes,Centro,DEST_001,Puerta del Sol,BICYCLE,Bicicleta,2026-07-29,2026-07-29T09:00:00+02:00,success,[],,2026-07-29T18:00:00+02:00,success,[],,2026-07-29T08:53:24+02:00,2026-07-29T09:00:00+02:00,BICYCLE,,,,6.6,938.1,0.0,0.0,0.0,0.0,2026-07-29T18:00:00+02:00,2026-07-29T18:09:26+02:00,BICYCLE,,,,9.433333333333334,1267.5,0.0,0.0,0.0,0.0,complete_route,True,0,16.03333333333333,2205.6,0.0,0.0,0.0,0.0
MAD-013,Cortes,Centro,DEST_001,Puerta del Sol,CAR,Coche,2026-07-29,2026-07-29T09:00:00+02:00,success,[],,2026-07-29T18:00:00+02:00,success,[],,2026-07-29T08:53:11+02:00,2026-07-29T09:00:00+02:00,CAR,,,,6.816666666666666,2762.06,0.0,0.0,0.0,0.0,2026-07-29T18:00:00+02:00,2026-07-29T18:06:46+02:00,CAR,,,,6.766666666666667,2256.7,0.0,0.0,0.0,0.0,complete_route,True,0,13.583333333333332,5018.76,0.0,0.0,0.0,0.0
MAD-013,Cortes,Centro,DEST_001,Puerta del Sol,TRANSIT,Transporte público,2026-07-29,2026-07-29T09:00:00+02:00,no_route,"[{""code"":""WALKING_BETTER_THAN_TRANSIT"",""description"":""ES-los Origin is within a trivial distance of the destination."",""inputField"":null}]",,2026-07-29T18:00:00+02:00,no_route,"[{""code"":""WALKING_BETTER_THAN_TRANSIT"",""description"":""ES-los Origin is within a trivial distance of the destination."",""inputField"":null}]",,,,,,,,,,,,,,,,,,,,,,,,,,no_route,False,2,,,,,,
MAD-013,Cortes,Centro,DEST_001,Puerta del Sol,WALK,A pie,2026-07-29,2026-07-29T09:00:00+02:00,success,[],,2026-07-29T18:00:00+02:00,success,[],,2026-07-29T08:49:28+02:00,2026-07-29T09:00:00+02:00,WALK,,,,10.533333333333331,794.34,10.533333333333331,0.0,794.34,0.0,2026-07-29T18:00:00+02:00,2026-07-29T18:10:38+02:00,WALK,,,,10.633333333333333,815.68,10.633333333333333,0.0,815.68,0.0,complete_route,True,0,21.166666666666664,1610.02,21.166666666666664,0.0,1610.02,0.0
MAD-014,Justicia,Centro,DEST_001,Puerta del Sol,BICYCLE,Bicicleta,2026-07-29,2026-07-29T09:00:00+02:00,success,[],,2026-07-29T18:00:00+02:00,success,[],,2026-07-29T08:51:14+02:00,2026-07-29T09:00:00+02:00,BICYCLE,,,,8.766666666666667,1439.22,0.0,0.0,0.0,0.0,2026-07-29T18:00:00+02:00,2026-07-29T18:10:33+02:00,BICYCLE,,,,10.55,1868.35,0.0,0.0,0.0,0.0,complete_route,True,0,19.31666666666667,3307.5699999999997,0.0,0.0,0.0,0.0
MAD-014,Justicia,Centro,DEST_001,Puerta del Sol,CAR,Coche,2026-07-29,2026-07-29T09:00:00+02:00,success,[],,2026-07-29T18:00:00+02:00,success,[],,2026-07-29T08:56:13+02:00,2026-07-29T09:00:00+02:00,CAR,,,,3.783333333333333,1379.56,0.0,0.0,0.0,0.0,2026-07-29T18:00:00+02:00,2026-07-29T18:05:26+02:00,CAR,,,,5.433333333333334,2158.4,0.0,0.0,0.0,0.0,complete_route,True,0,9.216666666666667,3537.96,0.0,0.0,0.0,0.0
MAD-014,Justicia,Centro,DEST_001,Puerta del Sol,TRANSIT,Transporte público,2026-07-29,2026-07-29T09:00:00+02:00,no_route,"[{""code"":""WALKING_BETTER_THAN_TRANSIT"",""description"":""ES-los Origin is within a trivial distance of the destination."",""inputField"":null}]",,2026-07-29T18:00:00+02:00,no_route,"[{""code"":""WALKING_BETTER_THAN_TRANSIT"",""description"":""ES-los Origin is within a trivial distance of the destination."",""inputField"":null}]",,,,,,,,,,,,,,,,,,,,,,,,,,no_route,False,2,,,,,,
MAD-014,Justicia,Centro,DEST_001,Puerta del Sol,WALK,A pie,2026-07-29,2026-07-29T09:00:00+02:00,success,[],,2026-07-29T18:00:00+02:00,success,[],,2026-07-29T08:42:24+02:00,2026-07-29T09:00:00+02:00,WALK,,,,17.6,1304.62,17.6,0.0,1304.62,0.0,2026-07-29T18:00:00+02:00,2026-07-29T18:17:43+02:00,WALK,,,,17.716666666666665,1322.03,17.716666666666665,0.0,1322.03,0.0,complete_route,True,0,35.31666666666666,2626.6499999999996,35.31666666666666,0.0,2626.6499999999996,0.0
MAD-015,Universidad,Centro,DEST_001,Puerta del Sol,BICYCLE,Bicicleta,2026-07-29,2026-07-29T09:00:00+02:00,success,[],,2026-07-29T18:00:00+02:00,success,[],,2026-07-29T08:51:46+02:00,2026-07-29T09:00:00+02:00,BICYCLE,,,,8.233333333333333,1308.58,0.0,0.0,0.0,0.0,2026-07-29T18:00:00+02:00,2026-07-29T18:09:07+02:00,BICYCLE,,,,9.116666666666667,1559.59,0.0,0.0,0.0,0.0,complete_route,True,0,17.35,2868.17,0.0,0.0,0.0,0.0
MAD-015,Universidad,Centro,DEST_001,Puerta del Sol,CAR,Coche,2026-07-29,2026-07-29T09:00:00+02:00,success,[],,2026-07-29T18:00:00+02:00,success,[],,2026-07-29T08:53:56+02:00,2026-07-29T09:00:00+02:00,CAR,,,,6.066666666666666,2179.94,0.0,0.0,0.0,0.0,2026-07-29T18:00:00+02:00,2026-07-29T18:03:56+02:00,CAR,,,,3.933333333333333,1372.27,0.0,0.0,0.0,0.0,complete_route,True,0,10.0,3552.21,0.0,0.0,0.0,0.0
MAD-015,Universidad,Centro,DEST_001,Puerta del Sol,TRANSIT,Transporte público,2026-07-29,2026-07-29T09:00:00+02:00,no_route,"[{""code"":""WALKING_BETTER_THAN_TRANSIT"",""description"":""ES-los Origin is within a trivial distance of the destination."",""inputField"":null}]",,2026-07-29T18:00:00+02:00,no_route,"[{""code"":""WALKING_BETTER_THAN_TRANSIT"",""description"":""ES-los Origin is within a trivial distance of the destination."",""inputField"":null}]",,,,,,,,,,,,,,,,,,,,,,,,,,no_route,False,2,,,,,,
MAD-015,Universidad,Centro,DEST_001,Puerta del Sol,WALK,A pie,2026-07-29,2026-07-29T09:00:00+02:00,success,[],,2026-07-29T18:00:00+02:00,success,[],,2026-07-29T08:43:40+02:00,2026-07-29T09:00:00+02:00,WALK,,,,16.333333333333332,1209.84,16.333333333333332,0.0,1209.84,0.0,2026-07-29T18:00:00+02:00,2026-07-29T18:16:14+02:00,WALK,,,,16.233333333333334,1209.84,16.233333333333334,0.0,1209.84,0.0,complete_route,True,0,32.56666666666666,2419.68,32.56666666666666,0.0,2419.68,0.0
MAD-016,Sol,Centro,DEST_001,Puerta del Sol,BICYCLE,Bicicleta,2026-07-29,2026-07-29T09:00:00+02:00,success,[],,2026-07-29T18:00:00+02:00,success,[],,2026-07-29T08:58:06+02:00,2026-07-29T09:00:00+02:00,BICYCLE,,,,1.9,112.42,0.0,0.0,0.0,0.0,2026-07-29T18:00:00+02:00,2026-07-29T18:01:48+02:00,BICYCLE,,,,1.8,112.42,0.0,0.0,0.0,0.0,complete_route,True,0,3.7,224.84,0.0,0.0,0.0,0.0
MAD-016,Sol,Centro,DEST_001,Puerta del Sol,CAR,Coche,2026-07-29,2026-07-29T09:00:00+02:00,success,[],,2026-07-29T18:00:00+02:00,success,[],,2026-07-29T08:53:32+02:00,2026-07-29T09:00:00+02:00,CAR,,,,6.466666666666667,2348.01,0.0,0.0,0.0,0.0,2026-07-29T18:00:00+02:00,2026-07-29T18:05:06+02:00,CAR,,,,5.1,1547.95,0.0,0.0,0.0,0.0,complete_route,True,0,11.566666666666666,3895.96,0.0,0.0,0.0,0.0
MAD-016,Sol,Centro,DEST_001,Puerta del Sol,TRANSIT,Transporte público,2026-07-29,2026-07-29T09:00:00+02:00,no_route,"[{""code"":""WALKING_BETTER_THAN_TRANSIT"",""description"":""ES-los Origin is within a trivial distance of the destination."",""inputField"":null}]",,2026-07-29T18:00:00+02:00,no_route,"[{""code"":""WALKING_BETTER_THAN_TRANSIT"",""description"":""ES-los Origin is within a trivial distance of the destination."",""inputField"":null}]",,,,,,,,,,,,,,,,,,,,,,,,,,no_route,False,2,,,,,,
MAD-016,Sol,Centro,DEST_001,Puerta del Sol,WALK,A pie,2026-07-29,2026-07-29T09:00:00+02:00,success,[],,2026-07-29T18:00:00+02:00,success,[],,2026-07-29T08:58:06+02:00,2026-07-29T09:00:00+02:00,WALK,,,,1.9,112.42,1.9,0.0,112.42,0.0,2026-07-29T18:00:00+02:00,2026-07-29T18:01:48+02:00,WALK,,,,1.8,112.42,1.8,0.0,112.42,0.0,complete_route,True,0,3.7,224.84,3.7,0.0,224.84,0.0
MAD-021,Imperial,Arganzuela,DEST_001,Puerta del Sol,BICYCLE,Bicicleta,2026-07-29,2026-07-29T09:00:00+02:00,success,[],,2026-07-29T18:00:00+02:00,success,[],,2026-07-29T08:47:25+02:00,2026-07-29T09:00:00+02:00,BICYCLE,,,,12.583333333333334,2400.54,0.0,0.0,0.0,0.0,2026-07-29T18:00:00+02:00,2026-07-29T18:12:00+02:00,BICYCLE,,,,12.0,2344.62,0.0,0.0,0.0,0.0,complete_route,True,0,24.583333333333336,4745.16,0.0,0.0,0.0,0.0
MAD-021,Imperial,Arganzuela,DEST_001,Puerta del Sol,CAR,Coche,2026-07-29,2026-07-29T09:00:00+02:00,success,[],,2026-07-29T18:00:00+02:00,success,[],,2026-07-29T08:49:42+02:00,2026-07-29T09:00:00+02:00,CAR,,,,10.3,4868.42,0.0,0.0,0.0,0.0,2026-07-29T18:00:00+02:00,2026-07-29T18:10:42+02:00,CAR,,,,10.7,4465.48,0.0,0.0,0.0,0.0,complete_route,True,0,21.0,9333.9,0.0,0.0,0.0,0.0
MAD-021,Imperial,Arganzuela,DEST_001,Puerta del Sol,TRANSIT,Transporte público,2026-07-29,2026-07-29T09:00:00+02:00,success,[],,2026-07-29T18:00:00+02:00,success,[],,2026-07-29T08:28:00+02:00,2026-07-29T08:59:15+02:00,WALK|BUS,BUS,17,Información oficial: Consorcio Regional de Transportes de Madrid,31.25,2481.37,12.183333333333334,10.0,853.3699999999999,0.0,2026-07-29T18:00:00+02:00,2026-07-29T18:29:32+02:00,WALK|BUS,BUS,17,Información oficial: Consorcio Regional de Transportes de Madrid,29.53333333333333,2162.1,11.7,10.0,845.0999999999999,0.0,complete_route,True,0,60.78333333333333,4643.469999999999,23.883333333333333,20.0,1698.4699999999998,0.0
MAD-021,Imperial,Arganzuela,DEST_001,Puerta del Sol,WALK,A pie,2026-07-29,2026-07-29T09:00:00+02:00,success,[],,2026-07-29T18:00:00+02:00,success,[],,2026-07-29T08:27:44+02:00,2026-07-29T09:00:00+02:00,WALK,,,,32.266666666666666,2281.32,32.266666666666666,0.0,2281.32,0.0,2026-07-29T18:00:00+02:00,2026-07-29T18:32:09+02:00,WALK,,,,32.15,2281.32,32.15,0.0,2281.32,0.0,complete_route,True,0,64.41666666666666,4562.64,64.41666666666666,0.0,4562.64,0.0
MAD-022,Acacias,Arganzuela,DEST_001,Puerta del Sol,BICYCLE,Bicicleta,2026-07-29,2026-07-29T09:00:00+02:00,success,[],,2026-07-29T18:00:00+02:00,success,[],,2026-07-29T08:45:14+02:00,2026-07-29T09:00:00+02:00,BICYCLE,,,,14.766666666666667,2756.1,0.0,0.0,0.0,0.0,2026-07-29T18:00:00+02:00,2026-07-29T18:15:38+02:00,BICYCLE,,,,15.633333333333333,3297.61,0.0,0.0,0.0,0.0,complete_route,True,0,30.4,6053.71,0.0,0.0,0.0,0.0
MAD-022,Acacias,Arganzuela,DEST_001,Puerta del Sol,CAR,Coche,2026-07-29,2026-07-29T09:00:00+02:00,success,[],,2026-07-29T18:00:00+02:00,success,[],,2026-07-29T08:49:51+02:00,2026-07-29T09:00:00+02:00,CAR,,,,10.15,5339.23,0.0,0.0,0.0,0.0,2026-07-29T18:00:00+02:00,2026-07-29T18:11:02+02:00,CAR,,,,11.033333333333331,5107.38,0.0,0.0,0.0,0.0,complete_route,True,0,21.18333333333333,10446.61,0.0,0.0,0.0,0.0
MAD-022,Acacias,Arganzuela,DEST_001,Puerta del Sol,TRANSIT,Transporte público,2026-07-29,2026-07-29T09:00:00+02:00,success,[],,2026-07-29T18:00:00+02:00,success,[],,2026-07-29T08:26:00+02:00,2026-07-29T08:59:08+02:00,WALK|BUS,BUS,23,Información oficial: Consorcio Regional de Transportes de Madrid,33.13333333333333,2717.65,19.35,7.0,1429.65,0.0,2026-07-29T18:00:00+02:00,2026-07-29T18:36:58+02:00,WALK|BUS,BUS,23,Información oficial: Consorcio Regional de Transportes de Madrid,36.96666666666667,2828.25,20.133333333333333,9.0,1457.25,0.0,complete_route,True,0,70.1,5545.9,39.483333333333334,16.0,2886.9,0.0
MAD-022,Acacias,Arganzuela,DEST_001,Puerta del Sol,WALK,A pie,2026-07-29,2026-07-29T09:00:00+02:00,success,[],,2026-07-29T18:00:00+02:00,success,[],,2026-07-29T08:25:11+02:00,2026-07-29T09:00:00+02:00,WALK,,,,34.81666666666667,2506.76,34.81666666666667,0.0,2506.76,0.0,2026-07-29T18:00:00+02:00,2026-07-29T18:34:06+02:00,WALK,,,,34.1,2458.98,34.1,0.0,2458.98,0.0,complete_route,True,0,68.91666666666667,4965.74,68.91666666666667,0.0,4965.74,0.0
MAD-023,Chopera,Arganzuela,DEST_001,Puerta del Sol,BICYCLE,Bicicleta,2026-07-29,2026-07-29T09:00:00+02:00,success,[],,2026-07-29T18:00:00+02:00,success,[],,2026-07-29T08:42:44+02:00,2026-07-29T09:00:00+02:00,BICYCLE,,,,17.266666666666666,3633.44,0.0,0.0,0.0,0.0,2026-07-29T18:00:00+02:00,2026-07-29T18:17:54+02:00,BICYCLE,,,,17.9,3862.03,0.0,0.0,0.0,0.0,complete_route,True,0,35.166666666666664,7495.47,0.0,0.0,0.0,0.0
MAD-023,Chopera,Arganzuela,DEST_001,Puerta del Sol,CAR,Coche,2026-07-29,2026-07-29T09:00:00+02:00,success,[],,2026-07-29T18:00:00+02:00,success,[],,2026-07-29T08:49:59+02:00,2026-07-29T09:00:00+02:00,CAR,,,,10.016666666666667,4718.98,0.0,0.0,0.0,0.0,2026-07-29T18:00:00+02:00,2026-07-29T18:09:19+02:00,CAR,,,,9.316666666666666,4536.54,0.0,0.0,0.0,0.0,complete_route,True,0,19.333333333333336,9255.52,0.0,0.0,0.0,0.0
MAD-023,Chopera,Arganzuela,DEST_001,Puerta del Sol,TRANSIT,Transporte público,2026-07-29,2026-07-29T09:00:00+02:00,success,[],,2026-07-29T18:00:00+02:00,success,[],,2026-07-29T08:22:00+02:00,2026-07-29T08:59:16+02:00,WALK|BUS,BUS,6,Información oficial: Consorcio Regional de Transportes de Madrid,37.266666666666666,3855.06,10.416666666666666,9.0,762.06,0.0,2026-07-29T18:00:00+02:00,2026-07-29T18:42:41+02:00,WALK|BUS,BUS,6,Información oficial: Consorcio Regional de Transportes de Madrid,42.68333333333333,3596.94,16.316666666666666,9.0,1211.94,0.0,complete_route,True,0,79.94999999999999,7452.0,26.733333333333334,18.0,1974.0,0.0
MAD-023,Chopera,Arganzuela,DEST_001,Puerta del Sol,WALK,A pie,2026-07-29,2026-07-29T09:00:00+02:00,success,[],,2026-07-29T18:00:00+02:00,success,[],,2026-07-29T08:21:06+02:00,2026-07-29T09:00:00+02:00,WALK,,,,38.9,2896.01,38.9,0.0,2896.01,0.0,2026-07-29T18:00:00+02:00,2026-07-29T18:38:50+02:00,WALK,,,,38.833333333333336,2913.78,38.833333333333336,0.0,2913.78,0.0,complete_route,True,0,77.73333333333333,5809.790000000001,77.73333333333333,0.0,5809.790000000001,0.0
MAD-024,Legazpi,Arganzuela,DEST_001,Puerta del Sol,BICYCLE,Bicicleta,2026-07-29,2026-07-29T09:00:00+02:00,success,[],,2026-07-29T18:00:00+02:00,success,[],,2026-07-29T08:33:22+02:00,2026-07-29T09:00:00+02:00,BICYCLE,,,,26.633333333333333,5800.91,0.0,0.0,0.0,0.0,2026-07-29T18:00:00+02:00,2026-07-29T18:29:40+02:00,BICYCLE,,,,29.666666666666668,6628.88,0.0,0.0,0.0,0.0,complete_route,True,0,56.3,12429.79,0.0,0.0,0.0,0.0
MAD-024,Legazpi,Arganzuela,DEST_001,Puerta del Sol,CAR,Coche,2026-07-29,2026-07-29T09:00:00+02:00,success,[],,2026-07-29T18:00:00+02:00,success,[],,2026-07-29T08:49:03+02:00,2026-07-29T09:00:00+02:00,CAR,,,,10.95,5496.27,0.0,0.0,0.0,0.0,2026-07-29T18:00:00+02:00,2026-07-29T18:10:58+02:00,CAR,,,,10.966666666666669,8892.49,0.0,0.0,0.0,0.0,complete_route,True,0,21.916666666666668,14388.76,0.0,0.0,0.0,0.0
MAD-024,Legazpi,Arganzuela,DEST_001,Puerta del Sol,TRANSIT,Transporte público,2026-07-29,2026-07-29T09:00:00+02:00,success,[],,2026-07-29T18:00:00+02:00,success,[],,2026-07-29T08:09:00+02:00,2026-07-29T08:59:32+02:00,WALK|BUS,BUS,6,Información oficial: Consorcio Regional de Transportes de Madrid,50.53333333333333,5101.24,20.666666666666668,9.0,1486.24,0.0,2026-07-29T18:00:00+02:00,2026-07-29T18:52:40+02:00,WALK|BUS,BUS,45,Información oficial: Consorcio Regional de Transportes de Madrid,52.66666666666666,4729.95,24.016666666666666,10.0,1740.9499999999998,0.0,complete_route,True,0,103.19999999999999,9831.189999999999,44.68333333333334,19.0,3227.1899999999996,0.0
MAD-024,Legazpi,Arganzuela,DEST_001,Puerta del Sol,WALK,A pie,2026-07-29,2026-07-29T09:00:00+02:00,success,[],,2026-07-29T18:00:00+02:00,success,[],,2026-07-29T08:03:38+02:00,2026-07-29T09:00:00+02:00,WALK,,,,56.36666666666667,4185.95,56.36666666666667,0.0,4185.95,0.0,2026-07-29T18:00:00+02:00,2026-07-29T18:56:28+02:00,WALK,,,,56.46666666666667,4207.28,56.46666666666667,0.0,4207.28,0.0,complete_route,True,0,112.83333333333334,8393.23,112.83333333333334,0.0,8393.23,0.0
MAD-025,Delicias,Arganzuela,DEST_001,Puerta del Sol,BICYCLE,Bicicleta,2026-07-29,2026-07-29T09:00:00+02:00,success,[],,2026-07-29T18:00:00+02:00,success,[],,2026-07-29T08:35:48+02:00,2026-07-29T09:00:00+02:00,BICYCLE,,,,24.2,4591.33,0.0,0.0,0.0,0.0,2026-07-29T18:00:00+02:00,2026-07-29T18:24:54+02:00,BICYCLE,,,,24.9,4789.72,0.0,0.0,0.0,0.0,complete_route,True,0,49.099999999999994,9381.05,0.0,0.0,0.0,0.0
MAD-025,Delicias,Arganzuela,DEST_001,Puerta del Sol,CAR,Coche,2026-07-29,2026-07-29T09:00:00+02:00,success,[],,2026-07-29T18:00:00+02:00,success,[],,2026-07-29T08:48:31+02:00,2026-07-29T09:00:00+02:00,CAR,,,,11.483333333333333,4949.51,0.0,0.0,0.0,0.0,2026-07-29T18:00:00+02:00,2026-07-29T18:10:58+02:00,CAR,,,,10.966666666666669,4899.57,0.0,0.0,0.0,0.0,complete_route,True,0,22.450000000000003,9849.08,0.0,0.0,0.0,0.0
MAD-025,Delicias,Arganzuela,DEST_001,Puerta del Sol,TRANSIT,Transporte público,2026-07-29,2026-07-29T09:00:00+02:00,success,[],,2026-07-29T18:00:00+02:00,success,[],,2026-07-29T08:19:00+02:00,2026-07-29T08:59:40+02:00,WALK|BUS,BUS,6,Información oficial: Consorcio Regional de Transportes de Madrid,40.66666666666666,3413.44,21.016666666666666,9.0,1568.44,0.0,2026-07-29T18:00:00+02:00,2026-07-29T18:47:09+02:00,WALK|BUS,BUS,45,Información oficial: Consorcio Regional de Transportes de Madrid,47.15,3827.82,24.15,10.0,1746.82,0.0,complete_route,True,0,87.81666666666666,7241.26,45.166666666666664,19.0,3315.26,0.0
MAD-025,Delicias,Arganzuela,DEST_001,Puerta del Sol,WALK,A pie,2026-07-29,2026-07-29T09:00:00+02:00,success,[],,2026-07-29T18:00:00+02:00,success,[],,2026-07-29T08:14:30+02:00,2026-07-29T09:00:00+02:00,WALK,,,,45.5,3344.37,45.5,0.0,3344.37,0.0,2026-07-29T18:00:00+02:00,2026-07-29T18:45:37+02:00,WALK,,,,45.61666666666667,3365.71,45.61666666666667,0.0,3365.71,0.0,complete_route,True,0,91.11666666666667,6710.08,91.11666666666667,0.0,6710.08,0.0
MAD-026,Palos de la Frontera,Arganzuela,DEST_001,Puerta del Sol,BICYCLE,Bicicleta,2026-07-29,2026-07-29T09:00:00+02:00,success,[],,2026-07-29T18:00:00+02:00,success,[],,2026-07-29T08:43:19+02:00,2026-07-29T09:00:00+02:00,BICYCLE,,,,16.683333333333334,2449.8,0.0,0.0,0.0,0.0,2026-07-29T18:00:00+02:00,2026-07-29T18:16:43+02:00,BICYCLE,,,,16.716666666666665,3051.61,0.0,0.0,0.0,0.0,complete_route,True,0,33.4,5501.41,0.0,0.0,0.0,0.0
MAD-026,Palos de la Frontera,Arganzuela,DEST_001,Puerta del Sol,CAR,Coche,2026-07-29,2026-07-29T09:00:00+02:00,success,[],,2026-07-29T18:00:00+02:00,success,[],,2026-07-29T08:52:00+02:00,2026-07-29T09:00:00+02:00,CAR,,,,8.0,3416.1,0.0,0.0,0.0,0.0,2026-07-29T18:00:00+02:00,2026-07-29T18:08:28+02:00,CAR,,,,8.466666666666667,3616.43,0.0,0.0,0.0,0.0,complete_route,True,0,16.46666666666667,7032.53,0.0,0.0,0.0,0.0
MAD-026,Palos de la Frontera,Arganzuela,DEST_001,Puerta del Sol,TRANSIT,Transporte público,2026-07-29,2026-07-29T09:00:00+02:00,success,[],,2026-07-29T18:00:00+02:00,success,[],,2026-07-29T08:31:00+02:00,2026-07-29T08:59:43+02:00,WALK|BUS,BUS,6,Información oficial: Consorcio Regional de Transportes de Madrid,28.716666666666665,2470.45,9.066666666666666,9.0,625.45,0.0,2026-07-29T18:00:00+02:00,2026-07-29T18:35:16+02:00,WALK|BUS,BUS,6,Información oficial: Consorcio Regional de Transportes de Madrid,35.266666666666666,2760.46,12.416666666666666,9.0,859.4599999999999,0.0,complete_route,True,0,63.983333333333334,5230.91,21.483333333333334,18.0,1484.9099999999999,0.0
MAD-026,Palos de la Frontera,Arganzuela,DEST_001,Puerta del Sol,WALK,A pie,2026-07-29,2026-07-29T09:00:00+02:00,success,[],,2026-07-29T18:00:00+02:00,success,[],,2026-07-29T08:31:59+02:00,2026-07-29T09:00:00+02:00,WALK,,,,28.016666666666666,2057.67,28.016666666666666,0.0,2057.67,0.0,2026-07-29T18:00:00+02:00,2026-07-29T18:27:57+02:00,WALK,,,,27.95,2075.44,27.95,0.0,2075.44,0.0,complete_route,True,0,55.96666666666667,4133.110000000001,55.96666666666667,0.0,4133.110000000001,0.0
MAD-027,Atocha,Arganzuela,DEST_001,Puerta del Sol,BICYCLE,Bicicleta,2026-07-29,2026-07-29T09:00:00+02:00,success,[],,2026-07-29T18:00:00+02:00,success,[],,2026-07-29T08:39:40+02:00,2026-07-29T09:00:00+02:00,BICYCLE,,,,20.33333333333333,3779.51,0.0,0.0,0.0,0.0,2026-07-29T18:00:00+02:00,2026-07-29T18:24:59+02:00,BICYCLE,,,,24.98333333333333,4757.64,0.0,0.0,0.0,0.0,complete_route,True,0,45.31666666666666,8537.150000000001,0.0,0.0,0.0,0.0
MAD-027,Atocha,Arganzuela,DEST_001,Puerta del Sol,CAR,Coche,2026-07-29,2026-07-29T09:00:00+02:00,success,[],,2026-07-29T18:00:00+02:00,success,[],,2026-07-29T08:50:17+02:00,2026-07-29T09:00:00+02:00,CAR,,,,9.716666666666669,4516.09,0.0,0.0,0.0,0.0,2026-07-29T18:00:00+02:00,2026-07-29T18:10:24+02:00,CAR,,,,10.4,5128.7,0.0,0.0,0.0,0.0,complete_route,True,0,20.116666666666667,9644.79,0.0,0.0,0.0,0.0
MAD-027,Atocha,Arganzuela,DEST_001,Puerta del Sol,TRANSIT,Transporte público,2026-07-29,2026-07-29T09:00:00+02:00,success,[],,2026-07-29T18:00:00+02:00,success,[],,2026-07-29T08:17:00+02:00,2026-07-29T08:59:35+02:00,WALK|BUS,BUS,32,Información oficial: Consorcio Regional de Transportes de Madrid,42.583333333333336,3638.41,21.566666666666663,9.0,1545.41,0.0,2026-07-29T18:00:00+02:00,2026-07-29T18:47:05+02:00,WALK|BUS,BUS,32,Información oficial: Consorcio Regional de Transportes de Madrid,47.083333333333336,3868.61,27.08333333333333,8.0,1960.61,0.0,complete_route,True,0,89.66666666666667,7507.02,48.64999999999999,17.0,3506.02,0.0
MAD-027,Atocha,Arganzuela,DEST_001,Puerta del Sol,WALK,A pie,2026-07-29,2026-07-29T09:00:00+02:00,success,[],,2026-07-29T18:00:00+02:00,success,[],,2026-07-29T08:14:32+02:00,2026-07-29T09:00:00+02:00,WALK,,,,45.46666666666667,3367.66,45.46666666666667,0.0,3367.66,0.0,2026-07-29T18:00:00+02:00,2026-07-29T18:45:35+02:00,WALK,,,,45.583333333333336,3388.99,45.583333333333336,0.0,3388.99,0.0,complete_route,True,0,91.05000000000001,6756.65,91.05000000000001,0.0,6756.65,0.0
MAD-031,Pacífico,Retiro,DEST_001,Puerta del Sol,BICYCLE,Bicicleta,2026-07-29,2026-07-29T09:00:00+02:00,success,[],,2026-07-29T18:00:00+02:00,success,[],,2026-07-29T08:42:13+02:00,2026-07-29T09:00:00+02:00,BICYCLE,,,,17.783333333333335,3282.05,0.0,0.0,0.0,0.0,2026-07-29T18:00:00+02:00,2026-07-29T18:17:23+02:00,BICYCLE,,,,17.383333333333333,3600.94,0.0,0.0,0.0,0.0,complete_route,True,0,35.16666666666667,6882.99,0.0,0.0,0.0,0.0
MAD-031,Pacífico,Retiro,DEST_001,Puerta del Sol,CAR,Coche,2026-07-29,2026-07-29T09:00:00+02:00,success,[],,2026-07-29T18:00:00+02:00,success,[],,2026-07-29T08:51:49+02:00,2026-07-29T09:00:00+02:00,CAR,,,,8.183333333333334,4070.19,0.0,0.0,0.0,0.0,2026-07-29T18:00:00+02:00,2026-07-29T18:08:07+02:00,CAR,,,,8.116666666666667,4048.98,0.0,0.0,0.0,0.0,complete_route,True,0,16.3,8119.17,0.0,0.0,0.0,0.0
MAD-031,Pacífico,Retiro,DEST_001,Puerta del Sol,TRANSIT,Transporte público,2026-07-29,2026-07-29T09:00:00+02:00,success,[],,2026-07-29T18:00:00+02:00,success,[],,2026-07-29T08:21:00+02:00,2026-07-29T08:54:34+02:00,WALK|BUS,BUS,26,Información oficial: Consorcio Regional de Transportes de Madrid,33.56666666666667,2899.65,11.366666666666667,9.0,805.6500000000001,0.0,2026-07-29T18:00:00+02:00,2026-07-29T18:37:53+02:00,WALK|BUS,BUS,37,Información oficial: Consorcio Regional de Transportes de Madrid,37.88333333333333,3030.73,12.9,11.0,911.73,0.0,complete_route,True,0,71.45,5930.38,24.266666666666666,20.0,1717.38,0.0
MAD-031,Pacífico,Retiro,DEST_001,Puerta del Sol,WALK,A pie,2026-07-29,2026-07-29T09:00:00+02:00,success,[],,2026-07-29T18:00:00+02:00,success,[],,2026-07-29T08:17:09+02:00,2026-07-29T09:00:00+02:00,WALK,,,,42.85,3086.42,42.85,0.0,3086.42,0.0,2026-07-29T18:00:00+02:00,2026-07-29T18:42:57+02:00,WALK,,,,42.95,3107.76,42.95,0.0,3107.76,0.0,complete_route,True,0,85.80000000000001,6194.18,85.80000000000001,0.0,6194.18,0.0
MAD-032,Adelfas,Retiro,DEST_001,Puerta del Sol,BICYCLE,Bicicleta,2026-07-29,2026-07-29T09:00:00+02:00,success,[],,2026-07-29T18:00:00+02:00,success,[],,2026-07-29T08:38:11+02:00,2026-07-29T09:00:00+02:00,BICYCLE,,,,21.816666666666663,4079.03,0.0,0.0,0.0,0.0,2026-07-29T18:00:00+02:00,2026-07-29T18:20:41+02:00,BICYCLE,,,,20.683333333333334,4392.12,0.0,0.0,0.0,0.0,complete_route,True,0,42.5,8471.15,0.0,0.0,0.0,0.0
MAD-032,Adelfas,Retiro,DEST_001,Puerta del Sol,CAR,Coche,2026-07-29,2026-07-29T09:00:00+02:00,success,[],,2026-07-29T18:00:00+02:00,success,[],,2026-07-29T08:50:34+02:00,2026-07-29T09:00:00+02:00,CAR,,,,9.433333333333334,4573.77,0.0,0.0,0.0,0.0,2026-07-29T18:00:00+02:00,2026-07-29T18:10:18+02:00,CAR,,,,10.3,6898.39,0.0,0.0,0.0,0.0,complete_route,True,0,19.733333333333334,11472.16,0.0,0.0,0.0,0.0
MAD-032,Adelfas,Retiro,DEST_001,Puerta del Sol,TRANSIT,Transporte público,2026-07-29,2026-07-29T09:00:00+02:00,success,[],,2026-07-29T18:00:00+02:00,success,[],,2026-07-29T08:17:00+02:00,2026-07-29T08:59:40+02:00,WALK|BUS,BUS,32,Información oficial: Consorcio Regional de Transportes de Madrid,42.66666666666666,3661.21,21.65,9.0,1568.21,0.0,2026-07-29T18:00:00+02:00,2026-07-29T18:44:52+02:00,WALK|BUS,BUS,37,Información oficial: Consorcio Regional de Transportes de Madrid,44.86666666666667,3873.26,15.616666666666667,11.0,1108.26,0.0,complete_route,True,0,87.53333333333333,7534.47,37.266666666666666,20.0,2676.4700000000003,0.0
MAD-032,Adelfas,Retiro,DEST_001,Puerta del Sol,WALK,A pie,2026-07-29,2026-07-29T09:00:00+02:00,success,[],,2026-07-29T18:00:00+02:00,success,[],,2026-07-29T08:07:59+02:00,2026-07-29T09:00:00+02:00,WALK,,,,52.016666666666666,3795.62,52.016666666666666,0.0,3795.62,0.0,2026-07-29T18:00:00+02:00,2026-07-29T18:52:07+02:00,WALK,,,,52.11666666666667,3816.95,52.11666666666667,0.0,3816.95,0.0,complete_route,True,0,104.13333333333333,7612.57,104.13333333333333,0.0,7612.57,0.0
MAD-033,Estrella,Retiro,DEST_001,Puerta del Sol,BICYCLE,Bicicleta,2026-07-29,2026-07-29T09:00:00+02:00,success,[],,2026-07-29T18:00:00+02:00,success,[],,2026-07-29T08:34:15+02:00,2026-07-29T09:00:00+02:00,BICYCLE,,,,25.75,4526.24,0.0,0.0,0.0,0.0,2026-07-29T18:00:00+02:00,2026-07-29T18:23:53+02:00,BICYCLE,,,,23.883333333333333,4449.61,0.0,0.0,0.0,0.0,complete_route,True,0,49.63333333333333,8975.849999999999,0.0,0.0,0.0,0.0
MAD-033,Estrella,Retiro,DEST_001,Puerta del Sol,CAR,Coche,2026-07-29,2026-07-29T09:00:00+02:00,success,[],,2026-07-29T18:00:00+02:00,success,[],,2026-07-29T08:49:34+02:00,2026-07-29T09:00:00+02:00,CAR,,,,10.433333333333334,4747.37,0.0,0.0,0.0,0.0,2026-07-29T18:00:00+02:00,2026-07-29T18:08:59+02:00,CAR,,,,8.983333333333333,5011.79,0.0,0.0,0.0,0.0,complete_route,True,0,19.416666666666664,9759.16,0.0,0.0,0.0,0.0
MAD-033,Estrella,Retiro,DEST_001,Puerta del Sol,TRANSIT,Transporte público,2026-07-29,2026-07-29T09:00:00+02:00,success,[],,2026-07-29T18:00:00+02:00,success,[],,2026-07-29T08:12:00+02:00,2026-07-29T08:58:51+02:00,WALK|BUS,BUS,32,Información oficial: Consorcio Regional de Transportes de Madrid,46.85,5165.53,14.066666666666666,9.0,1021.53,0.0,2026-07-29T18:00:00+02:00,2026-07-29T18:46:38+02:00,WALK|BUS,BUS,20,Información oficial: Consorcio Regional de Transportes de Madrid,46.63333333333333,4876.61,17.75,9.0,1248.61,0.0,complete_route,True,0,93.48333333333333,10042.14,31.816666666666666,18.0,2270.14,0.0
MAD-033,Estrella,Retiro,DEST_001,Puerta del Sol,WALK,A pie,2026-07-29,2026-07-29T09:00:00+02:00,success,[],,2026-07-29T18:00:00+02:00,success,[],,2026-07-29T08:03:04+02:00,2026-07-29T09:00:00+02:00,WALK,,,,56.93333333333333,4188.98,56.93333333333333,0.0,4188.98,0.0,2026-07-29T18:00:00+02:00,2026-07-29T18:57:03+02:00,WALK,,,,57.05,4210.32,57.05,0.0,4210.32,0.0,complete_route,True,0,113.98333333333332,8399.3,113.98333333333332,0.0,8399.3,0.0
MAD-034,Ibiza,Retiro,DEST_001,Puerta del Sol,BICYCLE,Bicicleta,2026-07-29,2026-07-29T09:00:00+02:00,success,[],,2026-07-29T18:00:00+02:00,success,[],,2026-07-29T08:43:12+02:00,2026-07-29T09:00:00+02:00,BICYCLE,,,,16.8,3025.93,0.0,0.0,0.0,0.0,2026-07-29T18:00:00+02:00,2026-07-29T18:17:06+02:00,BICYCLE,,,,17.1,3384.43,0.0,0.0,0.0,0.0,complete_route,True,0,33.900000000000006,6410.36,0.0,0.0,0.0,0.0
MAD-034,Ibiza,Retiro,DEST_001,Puerta del Sol,CAR,Coche,2026-07-29,2026-07-29T09:00:00+02:00,success,[],,2026-07-29T18:00:00+02:00,success,[],,2026-07-29T08:53:44+02:00,2026-07-29T09:00:00+02:00,CAR,,,,6.266666666666667,3039.96,0.0,0.0,0.0,0.0,2026-07-29T18:00:00+02:00,2026-07-29T18:07:32+02:00,CAR,,,,7.533333333333333,3641.44,0.0,0.0,0.0,0.0,complete_route,True,0,13.8,6681.4,0.0,0.0,0.0,0.0
MAD-034,Ibiza,Retiro,DEST_001,Puerta del Sol,TRANSIT,Transporte público,2026-07-29,2026-07-29T09:00:00+02:00,success,[],,2026-07-29T18:00:00+02:00,success,[],,2026-07-29T08:19:00+02:00,2026-07-29T08:52:20+02:00,WALK|BUS,BUS,20,Información oficial: Consorcio Regional de Transportes de Madrid,33.333333333333336,2882.4,14.666666666666666,9.0,1055.4,0.0,2026-07-29T18:00:00+02:00,2026-07-29T18:35:09+02:00,WALK|BUS,BUS,20,Información oficial: Consorcio Regional de Transportes de Madrid,35.15,2944.2,16.683333333333334,9.0,1220.2,0.0,complete_route,True,0,68.48333333333333,5826.6,31.35,18.0,2275.6000000000004,0.0
MAD-034,Ibiza,Retiro,DEST_001,Puerta del Sol,WALK,A pie,2026-07-29,2026-07-29T09:00:00+02:00,success,[],,2026-07-29T18:00:00+02:00,success,[],,2026-07-29T08:19:51+02:00,2026-07-29T09:00:00+02:00,WALK,,,,40.15,2932.93,40.15,0.0,2932.93,0.0,2026-07-29T18:00:00+02:00,2026-07-29T18:40:16+02:00,WALK,,,,40.266666666666666,2954.27,40.266666666666666,0.0,2954.27,0.0,complete_route,True,0,80.41666666666666,5887.2,80.41666666666666,0.0,5887.2,0.0
MAD-035,Los Jerónimos,Retiro,DEST_001,Puerta del Sol,BICYCLE,Bicicleta,2026-07-29,2026-07-29T09:00:00+02:00,success,[],,2026-07-29T18:00:00+02:00,success,[],,2026-07-29T08:44:41+02:00,2026-07-29T09:00:00+02:00,BICYCLE,,,,15.316666666666666,2506.88,0.0,0.0,0.0,0.0,2026-07-29T18:00:00+02:00,2026-07-29T18:11:51+02:00,BICYCLE,,,,11.85,2229.9,0.0,0.0,0.0,0.0,complete_route,True,0,27.166666666666664,4736.780000000001,0.0,0.0,0.0,0.0
MAD-035,Los Jerónimos,Retiro,DEST_001,Puerta del Sol,CAR,Coche,2026-07-29,2026-07-29T09:00:00+02:00,no_route,"[{""code"":""NO_DIRECT_MODE_CONNECTION"",""description"":""No route found for the requested direct mode. The origin and destination may be too far apart or not connected by the requested mode of transport."",""inputField"":null}]",,2026-07-29T18:00:00+02:00,no_route,"[{""code"":""NO_DIRECT_MODE_CONNECTION"",""description"":""No route found for the requested direct mode. The origin and destination may be too far apart or not connected by the requested mode of transport."",""inputField"":null}]",,,,,,,,,,,,,,,,,,,,,,,,,,no_route,False,2,,,,,,
MAD-035,Los Jerónimos,Retiro,DEST_001,Puerta del Sol,TRANSIT,Transporte público,2026-07-29,2026-07-29T09:00:00+02:00,no_route,"[{""code"":""WALKING_BETTER_THAN_TRANSIT"",""description"":""ES-los Origin is within a trivial distance of the destination."",""inputField"":null}]",,2026-07-29T18:00:00+02:00,no_route,"[{""code"":""WALKING_BETTER_THAN_TRANSIT"",""description"":""ES-los Origin is within a trivial distance of the destination."",""inputField"":null}]",,,,,,,,,,,,,,,,,,,,,,,,,,no_route,False,2,,,,,,
MAD-035,Los Jerónimos,Retiro,DEST_001,Puerta del Sol,WALK,A pie,2026-07-29,2026-07-29T09:00:00+02:00,success,[],,2026-07-29T18:00:00+02:00,success,[],,2026-07-29T08:32:50+02:00,2026-07-29T09:00:00+02:00,WALK,,,,27.166666666666668,1918.49,27.166666666666668,0.0,1918.49,0.0,2026-07-29T18:00:00+02:00,2026-07-29T18:27:17+02:00,WALK,,,,27.28333333333333,1939.83,27.28333333333333,0.0,1939.83,0.0,complete_route,True,0,54.45,3858.3199999999997,54.45,0.0,3858.3199999999997,0.0
MAD-036,Niño Jesús,Retiro,DEST_001,Puerta del Sol,BICYCLE,Bicicleta,2026-07-29,2026-07-29T09:00:00+02:00,success,[],,2026-07-29T18:00:00+02:00,success,[],,2026-07-29T08:38:45+02:00,2026-07-29T09:00:00+02:00,BICYCLE,,,,21.25,3814.72,0.0,0.0,0.0,0.0,2026-07-29T18:00:00+02:00,2026-07-29T18:23:18+02:00,BICYCLE,,,,23.3,3731.73,0.0,0.0,0.0,0.0,complete_route,True,0,44.55,7546.45,0.0,0.0,0.0,0.0
MAD-036,Niño Jesús,Retiro,DEST_001,Puerta del Sol,CAR,Coche,2026-07-29,2026-07-29T09:00:00+02:00,success,[],,2026-07-29T18:00:00+02:00,success,[],,2026-07-29T08:51:34+02:00,2026-07-29T09:00:00+02:00,CAR,,,,8.433333333333334,3748.11,0.0,0.0,0.0,0.0,2026-07-29T18:00:00+02:00,2026-07-29T18:08:53+02:00,CAR,,,,8.883333333333333,4434.13,0.0,0.0,0.0,0.0,complete_route,True,0,17.316666666666666,8182.24,0.0,0.0,0.0,0.0
MAD-036,Niño Jesús,Retiro,DEST_001,Puerta del Sol,TRANSIT,Transporte público,2026-07-29,2026-07-29T09:00:00+02:00,success,[],,2026-07-29T18:00:00+02:00,success,[],,2026-07-29T08:19:00+02:00,2026-07-29T08:55:50+02:00,WALK|BUS,BUS,20,Información oficial: Consorcio Regional de Transportes de Madrid,36.833333333333336,3663.15,10.683333333333334,9.0,778.15,0.0,2026-07-29T18:00:00+02:00,2026-07-29T18:37:43+02:00,WALK|BUS,BUS,20,Información oficial: Consorcio Regional de Transportes de Madrid,37.71666666666667,3724.45,13.6,9.0,969.45,0.0,complete_route,True,0,74.55000000000001,7387.6,24.28333333333333,18.0,1747.6,0.0
MAD-036,Niño Jesús,Retiro,DEST_001,Puerta del Sol,WALK,A pie,2026-07-29,2026-07-29T09:00:00+02:00,success,[],,2026-07-29T18:00:00+02:00,success,[],,2026-07-29T08:16:05+02:00,2026-07-29T09:00:00+02:00,WALK,,,,43.91666666666666,3244.18,43.91666666666666,0.0,3244.18,0.0,2026-07-29T18:00:00+02:00,2026-07-29T18:44:02+02:00,WALK,,,,44.03333333333333,3265.52,44.03333333333333,0.0,3265.52,0.0,complete_route,True,0,87.94999999999999,6509.7,87.94999999999999,0.0,6509.7,0.0
MAD-041,Recoletos,Salamanca,DEST_001,Puerta del Sol,BICYCLE,Bicicleta,2026-07-29,2026-07-29T09:00:00+02:00,success,[],,2026-07-29T18:00:00+02:00,success,[],,2026-07-29T08:46:38+02:00,2026-07-29T09:00:00+02:00,BICYCLE,,,,13.366666666666667,2213.97,0.0,0.0,0.0,0.0,2026-07-29T18:00:00+02:00,2026-07-29T18:13:58+02:00,BICYCLE,,,,13.966666666666669,2277.0,0.0,0.0,0.0,0.0,complete_route,True,0,27.333333333333336,4490.969999999999,0.0,0.0,0.0,0.0
MAD-041,Recoletos,Salamanca,DEST_001,Puerta del Sol,CAR,Coche,2026-07-29,2026-07-29T09:00:00+02:00,success,[],,2026-07-29T18:00:00+02:00,success,[],,2026-07-29T08:55:17+02:00,2026-07-29T09:00:00+02:00,CAR,,,,4.716666666666667,2058.1,0.0,0.0,0.0,0.0,2026-07-29T18:00:00+02:00,2026-07-29T18:05:05+02:00,CAR,,,,5.083333333333333,2296.06,0.0,0.0,0.0,0.0,complete_route,True,0,9.8,4354.16,0.0,0.0,0.0,0.0
MAD-041,Recoletos,Salamanca,DEST_001,Puerta del Sol,TRANSIT,Transporte público,2026-07-29,2026-07-29T09:00:00+02:00,success,[],,2026-07-29T18:00:00+02:00,success,[],,2026-07-29T08:31:00+02:00,2026-07-29T08:58:12+02:00,WALK|BUS,BUS,9,Información oficial: Consorcio Regional de Transportes de Madrid,27.2,2252.71,12.7,7.0,881.71,0.0,2026-07-29T18:00:00+02:00,2026-07-29T18:29:10+02:00,WALK|BUS,BUS,20,Información oficial: Consorcio Regional de Transportes de Madrid,29.166666666666668,2092.69,14.733333333333333,9.0,1100.69,0.0,complete_route,True,0,56.36666666666667,4345.4,27.43333333333333,16.0,1982.4,0.0
MAD-041,Recoletos,Salamanca,DEST_001,Puerta del Sol,WALK,A pie,2026-07-29,2026-07-29T09:00:00+02:00,success,[],,2026-07-29T18:00:00+02:00,success,[],,2026-07-29T08:30:57+02:00,2026-07-29T09:00:00+02:00,WALK,,,,29.05,2056.06,29.05,0.0,2056.06,0.0,2026-07-29T18:00:00+02:00,2026-07-29T18:29:10+02:00,WALK,,,,29.166666666666668,2073.47,29.166666666666668,0.0,2073.47,0.0,complete_route,True,0,58.21666666666667,4129.53,58.21666666666667,0.0,4129.53,0.0
MAD-042,Goya,Salamanca,DEST_001,Puerta del Sol,BICYCLE,Bicicleta,2026-07-29,2026-07-29T09:00:00+02:00,success,[],,2026-07-29T18:00:00+02:00,success,[],,2026-07-29T08:39:05+02:00,2026-07-29T09:00:00+02:00,BICYCLE,,,,20.916666666666668,3882.65,0.0,0.0,0.0,0.0,2026-07-29T18:00:00+02:00,2026-07-29T18:19:03+02:00,BICYCLE,,,,19.05,3517.17,0.0,0.0,0.0,0.0,complete_route,True,0,39.96666666666667,7399.82,0.0,0.0,0.0,0.0
MAD-042,Goya,Salamanca,DEST_001,Puerta del Sol,CAR,Coche,2026-07-29,2026-07-29T09:00:00+02:00,success,[],,2026-07-29T18:00:00+02:00,success,[],,2026-07-29T08:53:29+02:00,2026-07-29T09:00:00+02:00,CAR,,,,6.516666666666667,2803.7,0.0,0.0,0.0,0.0,2026-07-29T18:00:00+02:00,2026-07-29T18:06:53+02:00,CAR,,,,6.883333333333334,3068.75,0.0,0.0,0.0,0.0,complete_route,True,0,13.4,5872.45,0.0,0.0,0.0,0.0
MAD-042,Goya,Salamanca,DEST_001,Puerta del Sol,TRANSIT,Transporte público,2026-07-29,2026-07-29T09:00:00+02:00,success,[],,2026-07-29T18:00:00+02:00,success,[],,2026-07-29T08:17:00+02:00,2026-07-29T08:51:17+02:00,WALK|BUS,BUS,53,Información oficial: Consorcio Regional de Transportes de Madrid,34.28333333333333,3157.79,9.133333333333333,10.0,627.79,0.0,2026-07-29T18:00:00+02:00,2026-07-29T18:31:16+02:00,WALK|BUS,BUS,146,Información oficial: Consorcio Regional de Transportes de Madrid,31.266666666666666,2979.96,6.766666666666667,9.0,505.96,0.0,complete_route,True,0,65.55,6137.75,15.899999999999999,19.0,1133.75,0.0
MAD-042,Goya,Salamanca,DEST_001,Puerta del Sol,WALK,A pie,2026-07-29,2026-07-29T09:00:00+02:00,success,[],,2026-07-29T18:00:00+02:00,success,[],,2026-07-29T08:17:32+02:00,2026-07-29T09:00:00+02:00,WALK,,,,42.46666666666667,2963.92,42.46666666666667,0.0,2963.92,0.0,2026-07-29T18:00:00+02:00,2026-07-29T18:42:35+02:00,WALK,,,,42.583333333333336,2981.33,42.583333333333336,0.0,2981.33,0.0,complete_route,True,0,85.05000000000001,5945.25,85.05000000000001,0.0,5945.25,0.0
MAD-043,Fuente del Berro,Salamanca,DEST_001,Puerta del Sol,BICYCLE,Bicicleta,2026-07-29,2026-07-29T09:00:00+02:00,success,[],,2026-07-29T18:00:00+02:00,success,[],,2026-07-29T08:36:00+02:00,2026-07-29T09:00:00+02:00,BICYCLE,,,,24.0,4526.33,0.0,0.0,0.0,0.0,2026-07-29T18:00:00+02:00,2026-07-29T18:25:18+02:00,BICYCLE,,,,25.3,4529.54,0.0,0.0,0.0,0.0,complete_route,True,0,49.3,9055.869999999999,0.0,0.0,0.0,0.0
MAD-043,Fuente del Berro,Salamanca,DEST_001,Puerta del Sol,CAR,Coche,2026-07-29,2026-07-29T09:00:00+02:00,success,[],,2026-07-29T18:00:00+02:00,success,[],,2026-07-29T08:51:21+02:00,2026-07-29T09:00:00+02:00,CAR,,,,8.65,4190.59,0.0,0.0,0.0,0.0,2026-07-29T18:00:00+02:00,2026-07-29T18:08:53+02:00,CAR,,,,8.883333333333333,4266.1,0.0,0.0,0.0,0.0,complete_route,True,0,17.53333333333333,8456.69,0.0,0.0,0.0,0.0
MAD-043,Fuente del Berro,Salamanca,DEST_001,Puerta del Sol,TRANSIT,Transporte público,2026-07-29,2026-07-29T09:00:00+02:00,success,[],,2026-07-29T18:00:00+02:00,success,[],,2026-07-29T08:09:00+02:00,2026-07-29T08:57:17+02:00,WALK|BUS,BUS,146,Información oficial: Consorcio Regional de Transportes de Madrid,48.28333333333333,4535.53,17.7,10.0,1324.5300000000002,0.0,2026-07-29T18:00:00+02:00,2026-07-29T18:46:50+02:00,WALK|BUS,BUS,146,Información oficial: Consorcio Regional de Transportes de Madrid,46.833333333333336,4607.23,17.283333333333335,9.0,1327.23,0.0,complete_route,True,0,95.11666666666667,9142.759999999998,34.983333333333334,19.0,2651.76,0.0
MAD-043,Fuente del Berro,Salamanca,DEST_001,Puerta del Sol,WALK,A pie,2026-07-29,2026-07-29T09:00:00+02:00,success,[],,2026-07-29T18:00:00+02:00,success,[],,2026-07-29T08:03:00+02:00,2026-07-29T09:00:00+02:00,WALK,,,,57.0,4165.21,57.0,0.0,4165.21,0.0,2026-07-29T18:00:00+02:00,2026-07-29T18:57:07+02:00,WALK,,,,57.11666666666667,4182.61,57.11666666666667,0.0,4182.61,0.0,complete_route,True,0,114.11666666666667,8347.82,114.11666666666667,0.0,8347.82,0.0
MAD-044,Guindalera,Salamanca,DEST_001,Puerta del Sol,BICYCLE,Bicicleta,2026-07-29,2026-07-29T09:00:00+02:00,success,[],,2026-07-29T18:00:00+02:00,success,[],,2026-07-29T08:35:28+02:00,2026-07-29T09:00:00+02:00,BICYCLE,,,,24.53333333333333,4884.69,0.0,0.0,0.0,0.0,2026-07-29T18:00:00+02:00,2026-07-29T18:23:48+02:00,BICYCLE,,,,23.8,4826.68,0.0,0.0,0.0,0.0,complete_route,True,0,48.33333333333333,9711.369999999999,0.0,0.0,0.0,0.0
MAD-044,Guindalera,Salamanca,DEST_001,Puerta del Sol,CAR,Coche,2026-07-29,2026-07-29T09:00:00+02:00,success,[],,2026-07-29T18:00:00+02:00,success,[],,2026-07-29T08:50:16+02:00,2026-07-29T09:00:00+02:00,CAR,,,,9.733333333333333,4847.07,0.0,0.0,0.0,0.0,2026-07-29T18:00:00+02:00,2026-07-29T18:09:52+02:00,CAR,,,,9.866666666666667,5448.8,0.0,0.0,0.0,0.0,complete_route,True,0,19.6,10295.869999999999,0.0,0.0,0.0,0.0
MAD-044,Guindalera,Salamanca,DEST_001,Puerta del Sol,TRANSIT,Transporte público,2026-07-29,2026-07-29T09:00:00+02:00,success,[],,2026-07-29T18:00:00+02:00,success,[],,2026-07-29T07:59:00+02:00,2026-07-29T08:47:53+02:00,WALK|BUS,BUS,53,Información oficial: Consorcio Regional de Transportes de Madrid,48.88333333333333,5102.59,15.016666666666667,10.0,1113.59,0.0,2026-07-29T18:00:00+02:00,2026-07-29T18:51:10+02:00,WALK|BUS,BUS,146,Información oficial: Consorcio Regional de Transportes de Madrid,51.16666666666666,5003.48,19.666666666666668,9.0,1411.48,0.0,complete_route,True,0,100.04999999999998,10106.07,34.68333333333334,19.0,2525.0699999999997,0.0
MAD-044,Guindalera,Salamanca,DEST_001,Puerta del Sol,WALK,A pie,2026-07-29,2026-07-29T09:00:00+02:00,success,[],,2026-07-29T18:00:00+02:00,success,[],,2026-07-29T07:57:47+02:00,2026-07-29T09:00:00+02:00,WALK,,,,62.21666666666667,4554.39,62.21666666666667,0.0,4554.39,0.0,2026-07-29T18:00:00+02:00,2026-07-29T19:02:20+02:00,WALK,,,,62.333333333333336,4571.8,62.333333333333336,0.0,4571.8,0.0,complete_route,True,0,124.55000000000001,9126.19,124.55000000000001,0.0,9126.19,0.0
MAD-045,Lista,Salamanca,DEST_001,Puerta del Sol,BICYCLE,Bicicleta,2026-07-29,2026-07-29T09:00:00+02:00,success,[],,2026-07-29T18:00:00+02:00,success,[],,2026-07-29T08:37:41+02:00,2026-07-29T09:00:00+02:00,BICYCLE,,,,22.316666666666663,4147.9,0.0,0.0,0.0,0.0,2026-07-29T18:00:00+02:00,2026-07-29T18:20:23+02:00,BICYCLE,,,,20.383333333333333,4157.39,0.0,0.0,0.0,0.0,complete_route,True,0,42.699999999999996,8305.29,0.0,0.0,0.0,0.0
MAD-045,Lista,Salamanca,DEST_001,Puerta del Sol,CAR,Coche,2026-07-29,2026-07-29T09:00:00+02:00,success,[],,2026-07-29T18:00:00+02:00,success,[],,2026-07-29T08:51:45+02:00,2026-07-29T09:00:00+02:00,CAR,,,,8.25,4101.63,0.0,0.0,0.0,0.0,2026-07-29T18:00:00+02:00,2026-07-29T18:08:30+02:00,CAR,,,,8.5,4209.79,0.0,0.0,0.0,0.0,complete_route,True,0,16.75,8311.42,0.0,0.0,0.0,0.0
MAD-045,Lista,Salamanca,DEST_001,Puerta del Sol,TRANSIT,Transporte público,2026-07-29,2026-07-29T09:00:00+02:00,success,[],,2026-07-29T18:00:00+02:00,success,[],,2026-07-29T08:10:00+02:00,2026-07-29T08:51:18+02:00,WALK|BUS,BUS,52,Información oficial: Consorcio Regional de Transportes de Madrid,41.3,3863.62,11.95,11.0,848.62,0.0,2026-07-29T18:00:00+02:00,2026-07-29T18:44:41+02:00,WALK|BUS,BUS,52,Información oficial: Consorcio Regional de Transportes de Madrid,44.68333333333333,3746.02,17.016666666666666,10.0,1258.02,0.0,complete_route,True,0,85.98333333333332,7609.639999999999,28.966666666666665,21.0,2106.64,0.0
MAD-045,Lista,Salamanca,DEST_001,Puerta del Sol,WALK,A pie,2026-07-29,2026-07-29T09:00:00+02:00,success,[],,2026-07-29T18:00:00+02:00,success,[],,2026-07-29T08:06:47+02:00,2026-07-29T09:00:00+02:00,WALK,,,,53.21666666666667,3885.7,53.21666666666667,0.0,3885.7,0.0,2026-07-29T18:00:00+02:00,2026-07-29T18:53:20+02:00,WALK,,,,53.333333333333336,3903.11,53.333333333333336,0.0,3903.11,0.0,complete_route,True,0,106.55000000000001,7788.8099999999995,106.55000000000001,0.0,7788.8099999999995,0.0
MAD-046,Castellana,Salamanca,DEST_001,Puerta del Sol,BICYCLE,Bicicleta,2026-07-29,2026-07-29T09:00:00+02:00,success,[],,2026-07-29T18:00:00+02:00,success,[],,2026-07-29T08:42:01+02:00,2026-07-29T09:00:00+02:00,BICYCLE,,,,17.983333333333334,3340.1,0.0,0.0,0.0,0.0,2026-07-29T18:00:00+02:00,2026-07-29T18:17:59+02:00,BICYCLE,,,,17.983333333333334,3320.27,0.0,0.0,0.0,0.0,complete_route,True,0,35.96666666666667,6660.37,0.0,0.0,0.0,0.0
MAD-046,Castellana,Salamanca,DEST_001,Puerta del Sol,CAR,Coche,2026-07-29,2026-07-29T09:00:00+02:00,success,[],,2026-07-29T18:00:00+02:00,success,[],,2026-07-29T08:53:49+02:00,2026-07-29T09:00:00+02:00,CAR,,,,6.183333333333334,3307.01,0.0,0.0,0.0,0.0,2026-07-29T18:00:00+02:00,2026-07-29T18:07:18+02:00,CAR,,,,7.3,3344.29,0.0,0.0,0.0,0.0,complete_route,True,0,13.483333333333334,6651.3,0.0,0.0,0.0,0.0
MAD-046,Castellana,Salamanca,DEST_001,Puerta del Sol,TRANSIT,Transporte público,2026-07-29,2026-07-29T09:00:00+02:00,success,[],,2026-07-29T18:00:00+02:00,success,[],,2026-07-29T08:19:00+02:00,2026-07-29T08:53:13+02:00,WALK|BUS,BUS,9,Información oficial: Consorcio Regional de Transportes de Madrid,34.21666666666667,3509.55,13.1,7.0,923.55,0.0,2026-07-29T18:00:00+02:00,2026-07-29T18:35:26+02:00,WALK|BUS,BUS,51,Información oficial: Consorcio Regional de Transportes de Madrid,35.43333333333333,3325.75,8.116666666666667,10.0,572.75,0.0,complete_route,True,0,69.65,6835.3,21.21666666666667,17.0,1496.3,0.0
MAD-046,Castellana,Salamanca,DEST_001,Puerta del Sol,WALK,A pie,2026-07-29,2026-07-29T09:00:00+02:00,success,[],,2026-07-29T18:00:00+02:00,success,[],,2026-07-29T08:16:57+02:00,2026-07-29T09:00:00+02:00,WALK,,,,43.05,3107.54,43.05,0.0,3107.54,0.0,2026-07-29T18:00:00+02:00,2026-07-29T18:43:10+02:00,WALK,,,,43.16666666666666,3124.95,43.16666666666666,0.0,3124.95,0.0,complete_route,True,0,86.21666666666665,6232.49,86.21666666666665,0.0,6232.49,0.0
MAD-051,El Viso,Chamartín,DEST_001,Puerta del Sol,BICYCLE,Bicicleta,2026-07-29,2026-07-29T09:00:00+02:00,success,[],,2026-07-29T18:00:00+02:00,success,[],,2026-07-29T08:37:36+02:00,2026-07-29T09:00:00+02:00,BICYCLE,,,,22.4,4281.73,0.0,0.0,0.0,0.0,2026-07-29T18:00:00+02:00,2026-07-29T18:26:25+02:00,BICYCLE,,,,26.416666666666668,4950.73,0.0,0.0,0.0,0.0,complete_route,True,0,48.81666666666666,9232.46,0.0,0.0,0.0,0.0
MAD-051,El Viso,Chamartín,DEST_001,Puerta del Sol,CAR,Coche,2026-07-29,2026-07-29T09:00:00+02:00,success,[],,2026-07-29T18:00:00+02:00,success,[],,2026-07-29T08:51:58+02:00,2026-07-29T09:00:00+02:00,CAR,,,,8.033333333333333,4362.16,0.0,0.0,0.0,0.0,2026-07-29T18:00:00+02:00,2026-07-29T18:09:44+02:00,CAR,,,,9.733333333333333,5016.59,0.0,0.0,0.0,0.0,complete_route,True,0,17.766666666666666,9378.75,0.0,0.0,0.0,0.0
MAD-051,El Viso,Chamartín,DEST_001,Puerta del Sol,TRANSIT,Transporte público,2026-07-29,2026-07-29T09:00:00+02:00,success,[],,2026-07-29T18:00:00+02:00,success,[],,2026-07-29T08:11:00+02:00,2026-07-29T08:55:03+02:00,WALK|BUS,BUS,51,Información oficial: Consorcio Regional de Transportes de Madrid,44.05,4219.89,10.316666666666666,11.0,681.89,0.0,2026-07-29T18:00:00+02:00,2026-07-29T18:45:43+02:00,WALK|BUS,BUS,150,Información oficial: Consorcio Regional de Transportes de Madrid,45.71666666666667,4594.71,16.533333333333335,10.0,1179.71,0.0,complete_route,True,0,89.76666666666667,8814.6,26.85,21.0,1861.6,0.0
MAD-051,El Viso,Chamartín,DEST_001,Puerta del Sol,WALK,A pie,2026-07-29,2026-07-29T09:00:00+02:00,success,[],,2026-07-29T18:00:00+02:00,success,[],,2026-07-29T08:02:40+02:00,2026-07-29T09:00:00+02:00,WALK,,,,57.333333333333336,4201.16,57.333333333333336,0.0,4201.16,0.0,2026-07-29T18:00:00+02:00,2026-07-29T18:54:39+02:00,WALK,,,,54.65,3993.07,54.65,0.0,3993.07,0.0,complete_route,True,0,111.98333333333333,8194.23,111.98333333333333,0.0,8194.23,0.0
MAD-052,Prosperidad,Chamartín,DEST_001,Puerta del Sol,BICYCLE,Bicicleta,2026-07-29,2026-07-29T09:00:00+02:00,success,[],,2026-07-29T18:00:00+02:00,success,[],,2026-07-29T08:30:15+02:00,2026-07-29T09:00:00+02:00,BICYCLE,,,,29.75,5963.45,0.0,0.0,0.0,0.0,2026-07-29T18:00:00+02:00,2026-07-29T18:29:08+02:00,BICYCLE,,,,29.133333333333333,5937.27,0.0,0.0,0.0,0.0,complete_route,True,0,58.88333333333333,11900.720000000001,0.0,0.0,0.0,0.0
MAD-052,Prosperidad,Chamartín,DEST_001,Puerta del Sol,CAR,Coche,2026-07-29,2026-07-29T09:00:00+02:00,success,[],,2026-07-29T18:00:00+02:00,success,[],,2026-07-29T08:50:01+02:00,2026-07-29T09:00:00+02:00,CAR,,,,9.983333333333333,5927.59,0.0,0.0,0.0,0.0,2026-07-29T18:00:00+02:00,2026-07-29T18:10:32+02:00,CAR,,,,10.533333333333331,6340.21,0.0,0.0,0.0,0.0,complete_route,True,0,20.516666666666666,12267.8,0.0,0.0,0.0,0.0
MAD-052,Prosperidad,Chamartín,DEST_001,Puerta del Sol,TRANSIT,Transporte público,2026-07-29,2026-07-29T09:00:00+02:00,success,[],,2026-07-29T18:00:00+02:00,success,[],,2026-07-29T07:57:00+02:00,2026-07-29T08:45:27+02:00,WALK|BUS,BUS,9,Información oficial: Consorcio Regional de Transportes de Madrid,48.45,6016.53,14.416666666666666,7.0,1061.53,0.0,2026-07-29T18:00:00+02:00,2026-07-29T18:53:31+02:00,WALK|BUS,BUS,9,Información oficial: Consorcio Regional de Transportes de Madrid,53.516666666666666,5728.2,16.466666666666665,9.0,1216.2,0.0,complete_route,True,0,101.96666666666667,11744.73,30.883333333333333,16.0,2277.73,0.0
MAD-052,Prosperidad,Chamartín,DEST_001,Puerta del Sol,WALK,A pie,2026-07-29,2026-07-29T09:00:00+02:00,success,[],,2026-07-29T18:00:00+02:00,success,[],,2026-07-29T07:43:58+02:00,2026-07-29T09:00:00+02:00,WALK,,,,76.03333333333333,5585.99,76.03333333333333,0.0,5585.99,0.0,2026-07-29T18:00:00+02:00,2026-07-29T19:16:09+02:00,WALK,,,,76.15,5603.4,76.15,0.0,5603.4,0.0,complete_route,True,0,152.18333333333334,11189.39,152.18333333333334,0.0,11189.39,0.0
MAD-053,Ciudad Jardín,Chamartín,DEST_001,Puerta del Sol,BICYCLE,Bicicleta,2026-07-29,2026-07-29T09:00:00+02:00,success,[],,2026-07-29T18:00:00+02:00,success,[],,2026-07-29T08:32:12+02:00,2026-07-29T09:00:00+02:00,BICYCLE,,,,27.8,5545.99,0.0,0.0,0.0,0.0,2026-07-29T18:00:00+02:00,2026-07-29T18:29:14+02:00,BICYCLE,,,,29.23333333333333,5730.25,0.0,0.0,0.0,0.0,complete_route,True,0,57.03333333333333,11276.24,0.0,0.0,0.0,0.0
MAD-053,Ciudad Jardín,Chamartín,DEST_001,Puerta del Sol,CAR,Coche,2026-07-29,2026-07-29T09:00:00+02:00,success,[],,2026-07-29T18:00:00+02:00,success,[],,2026-07-29T08:50:22+02:00,2026-07-29T09:00:00+02:00,CAR,,,,9.633333333333333,5439.34,0.0,0.0,0.0,0.0,2026-07-29T18:00:00+02:00,2026-07-29T18:10:40+02:00,CAR,,,,10.666666666666666,5764.68,0.0,0.0,0.0,0.0,complete_route,True,0,20.299999999999997,11204.02,0.0,0.0,0.0,0.0
MAD-053,Ciudad Jardín,Chamartín,DEST_001,Puerta del Sol,TRANSIT,Transporte público,2026-07-29,2026-07-29T09:00:00+02:00,success,[],,2026-07-29T18:00:00+02:00,success,[],,2026-07-29T08:01:00+02:00,2026-07-29T08:45:36+02:00,WALK|BUS,BUS,9,Información oficial: Consorcio Regional de Transportes de Madrid,44.6,5444.21,13.1,7.0,954.21,0.0,2026-07-29T18:00:00+02:00,2026-07-29T18:50:42+02:00,WALK|BUS,BUS,9,Información oficial: Consorcio Regional de Transportes de Madrid,50.7,5379.29,15.2,9.0,1116.29,0.0,complete_route,True,0,95.30000000000001,10823.5,28.299999999999997,16.0,2070.5,0.0
MAD-053,Ciudad Jardín,Chamartín,DEST_001,Puerta del Sol,WALK,A pie,2026-07-29,2026-07-29T09:00:00+02:00,success,[],,2026-07-29T18:00:00+02:00,success,[],,2026-07-29T07:49:04+02:00,2026-07-29T09:00:00+02:00,WALK,,,,70.93333333333334,5110.65,70.93333333333334,0.0,5110.65,0.0,2026-07-29T18:00:00+02:00,2026-07-29T19:11:03+02:00,WALK,,,,71.05,5128.06,71.05,0.0,5128.06,0.0,complete_route,True,0,141.98333333333335,10238.71,141.98333333333335,0.0,10238.71,0.0
MAD-054,Hispanoamérica,Chamartín,DEST_001,Puerta del Sol,BICYCLE,Bicicleta,2026-07-29,2026-07-29T09:00:00+02:00,success,[],,2026-07-29T18:00:00+02:00,success,[],,2026-07-29T08:30:07+02:00,2026-07-29T09:00:00+02:00,BICYCLE,,,,29.883333333333333,5594.15,0.0,0.0,0.0,0.0,2026-07-29T18:00:00+02:00,2026-07-29T18:33:59+02:00,BICYCLE,,,,33.983333333333334,6461.46,0.0,0.0,0.0,0.0,complete_route,True,0,63.86666666666667,12055.61,0.0,0.0,0.0,0.0
MAD-054,Hispanoamérica,Chamartín,DEST_001,Puerta del Sol,CAR,Coche,2026-07-29,2026-07-29T09:00:00+02:00,success,[],,2026-07-29T18:00:00+02:00,success,[],,2026-07-29T08:47:48+02:00,2026-07-29T09:00:00+02:00,CAR,,,,12.2,6831.2,0.0,0.0,0.0,0.0,2026-07-29T18:00:00+02:00,2026-07-29T18:11:07+02:00,CAR,,,,11.116666666666667,6094.61,0.0,0.0,0.0,0.0,complete_route,True,0,23.316666666666666,12925.81,0.0,0.0,0.0,0.0
MAD-054,Hispanoamérica,Chamartín,DEST_001,Puerta del Sol,TRANSIT,Transporte público,2026-07-29,2026-07-29T09:00:00+02:00,success,[],,2026-07-29T18:00:00+02:00,success,[],,2026-07-29T07:57:00+02:00,2026-07-29T08:49:16+02:00,WALK|BUS,BUS,51,Información oficial: Consorcio Regional de Transportes de Madrid,52.266666666666666,5640.92,8.716666666666667,11.0,573.92,0.0,2026-07-29T18:00:00+02:00,2026-07-29T18:53:06+02:00,WALK|BUS,BUS,51,Información oficial: Consorcio Regional de Transportes de Madrid,53.1,6318.2300000000005,6.233333333333333,10.0,449.23,0.0,complete_route,True,0,105.36666666666667,11959.150000000001,14.95,21.0,1023.15,0.0
MAD-054,Hispanoamérica,Chamartín,DEST_001,Puerta del Sol,WALK,A pie,2026-07-29,2026-07-29T09:00:00+02:00,success,[],,2026-07-29T18:00:00+02:00,success,[],,2026-07-29T07:43:29+02:00,2026-07-29T09:00:00+02:00,WALK,,,,76.51666666666667,5586.27,76.51666666666667,0.0,5586.27,0.0,2026-07-29T18:00:00+02:00,2026-07-29T19:13:50+02:00,WALK,,,,73.83333333333333,5378.17,73.83333333333333,0.0,5378.17,0.0,complete_route,True,0,150.35,10964.44,150.35,0.0,10964.44,0.0
MAD-055,Nueva España,Chamartín,DEST_001,Puerta del Sol,BICYCLE,Bicicleta,2026-07-29,2026-07-29T09:00:00+02:00,success,[],,2026-07-29T18:00:00+02:00,success,[],,2026-07-29T08:25:43+02:00,2026-07-29T09:00:00+02:00,BICYCLE,,,,34.28333333333333,6501.86,0.0,0.0,0.0,0.0,2026-07-29T18:00:00+02:00,2026-07-29T18:38:14+02:00,BICYCLE,,,,38.23333333333333,7269.08,0.0,0.0,0.0,0.0,complete_route,True,0,72.51666666666665,13770.939999999999,0.0,0.0,0.0,0.0
MAD-055,Nueva España,Chamartín,DEST_001,Puerta del Sol,CAR,Coche,2026-07-29,2026-07-29T09:00:00+02:00,success,[],,2026-07-29T18:00:00+02:00,success,[],,2026-07-29T08:47:49+02:00,2026-07-29T09:00:00+02:00,CAR,,,,12.183333333333334,6948.07,0.0,0.0,0.0,0.0,2026-07-29T18:00:00+02:00,2026-07-29T18:13:14+02:00,CAR,,,,13.233333333333333,7768.13,0.0,0.0,0.0,0.0,complete_route,True,0,25.416666666666664,14716.2,0.0,0.0,0.0,0.0
MAD-055,Nueva España,Chamartín,DEST_001,Puerta del Sol,TRANSIT,Transporte público,2026-07-29,2026-07-29T09:00:00+02:00,success,[],,2026-07-29T18:00:00+02:00,success,[],,2026-07-29T07:52:00+02:00,2026-07-29T08:46:29+02:00,WALK|BUS,BUS,150,Información oficial: Consorcio Regional de Transportes de Madrid,54.48333333333333,7803.61,12.466666666666669,10.0,910.61,0.0,2026-07-29T18:00:00+02:00,2026-07-29T18:59:36+02:00,WALK|BUS,BUS,14,Información oficial: Consorcio Regional de Transportes de Madrid,59.6,6759.62,18.95,10.0,1381.62,0.0,complete_route,True,0,114.08333333333333,14563.23,31.416666666666668,20.0,2292.23,0.0
MAD-055,Nueva España,Chamartín,DEST_001,Puerta del Sol,WALK,A pie,2026-07-29,2026-07-29T09:00:00+02:00,success,[],,2026-07-29T18:00:00+02:00,success,[],,2026-07-29T07:32:20+02:00,2026-07-29T09:00:00+02:00,WALK,,,,87.66666666666667,6446.02,87.66666666666667,0.0,6446.02,0.0,2026-07-29T18:00:00+02:00,2026-07-29T19:25:01+02:00,WALK,,,,85.01666666666667,6237.92,85.01666666666667,0.0,6237.92,0.0,complete_route,True,0,172.68333333333334,12683.94,172.68333333333334,0.0,12683.94,0.0
MAD-056,Castilla,Chamartín,DEST_001,Puerta del Sol,BICYCLE,Bicicleta,2026-07-29,2026-07-29T09:00:00+02:00,success,[],,2026-07-29T18:00:00+02:00,success,[],,2026-07-29T08:12:03+02:00,2026-07-29T09:00:00+02:00,BICYCLE,,,,47.95,9273.42,0.0,0.0,0.0,0.0,2026-07-29T18:00:00+02:00,2026-07-29T18:48:01+02:00,BICYCLE,,,,48.016666666666666,8911.61,0.0,0.0,0.0,0.0,complete_route,True,0,95.96666666666667,18185.03,0.0,0.0,0.0,0.0
MAD-056,Castilla,Chamartín,DEST_001,Puerta del Sol,CAR,Coche,2026-07-29,2026-07-29T09:00:00+02:00,success,[],,2026-07-29T18:00:00+02:00,success,[],,2026-07-29T08:47:39+02:00,2026-07-29T09:00:00+02:00,CAR,,,,12.35,8121.16,0.0,0.0,0.0,0.0,2026-07-29T18:00:00+02:00,2026-07-29T18:12:46+02:00,CAR,,,,12.766666666666667,11721.16,0.0,0.0,0.0,0.0,complete_route,True,0,25.116666666666667,19842.32,0.0,0.0,0.0,0.0
MAD-056,Castilla,Chamartín,DEST_001,Puerta del Sol,TRANSIT,Transporte público,2026-07-29,2026-07-29T09:00:00+02:00,success,[],,2026-07-29T18:00:00+02:00,success,[],,2026-07-29T07:50:00+02:00,2026-07-29T08:58:55+02:00,WALK|BUS,BUS,150,Información oficial: Consorcio Regional de Transportes de Madrid,68.91666666666667,8372.53,30.5,10.0,2249.53,0.0,2026-07-29T18:00:00+02:00,2026-07-29T19:10:47+02:00,WALK|BUS,BUS,27,Información oficial: Consorcio Regional de Transportes de Madrid,70.78333333333333,7954.3,33.3,7.0,2406.3,0.0,complete_route,True,0,139.7,16326.830000000002,63.8,17.0,4655.83,0.0
MAD-056,Castilla,Chamartín,DEST_001,Puerta del Sol,WALK,A pie,2026-07-29,2026-07-29T09:00:00+02:00,success,[],,2026-07-29T18:00:00+02:00,success,[],,2026-07-29T07:15:30+02:00,2026-07-29T09:00:00+02:00,WALK,,,,104.5,7650.8,104.5,0.0,7650.8,0.0,2026-07-29T18:00:00+02:00,2026-07-29T19:41:51+02:00,WALK,,,,101.85,7442.71,101.85,0.0,7442.71,0.0,complete_route,True,0,206.35,15093.51,206.35,0.0,15093.51,0.0
MAD-061,Bellas Vistas,Tetuán,DEST_001,Puerta del Sol,BICYCLE,Bicicleta,2026-07-29,2026-07-29T09:00:00+02:00,success,[],,2026-07-29T18:00:00+02:00,success,[],,2026-07-29T08:34:10+02:00,2026-07-29T09:00:00+02:00,BICYCLE,,,,25.83333333333333,5230.91,0.0,0.0,0.0,0.0,2026-07-29T18:00:00+02:00,2026-07-29T18:25:54+02:00,BICYCLE,,,,25.9,5404.01,0.0,0.0,0.0,0.0,complete_route,True,0,51.73333333333333,10634.92,0.0,0.0,0.0,0.0
MAD-061,Bellas Vistas,Tetuán,DEST_001,Puerta del Sol,CAR,Coche,2026-07-29,2026-07-29T09:00:00+02:00,success,[],,2026-07-29T18:00:00+02:00,success,[],,2026-07-29T08:48:13+02:00,2026-07-29T09:00:00+02:00,CAR,,,,11.783333333333331,5501.9,0.0,0.0,0.0,0.0,2026-07-29T18:00:00+02:00,2026-07-29T18:10:00+02:00,CAR,,,,10.0,4918.4,0.0,0.0,0.0,0.0,complete_route,True,0,21.78333333333333,10420.3,0.0,0.0,0.0,0.0
MAD-061,Bellas Vistas,Tetuán,DEST_001,Puerta del Sol,TRANSIT,Transporte público,2026-07-29,2026-07-29T09:00:00+02:00,success,[],,2026-07-29T18:00:00+02:00,success,[],,2026-07-29T08:00:00+02:00,2026-07-29T08:52:29+02:00,WALK|BUS,BUS,3,Información oficial: Consorcio Regional de Transportes de Madrid,52.48333333333333,5420.47,18.133333333333333,10.0,1312.47,0.0,2026-07-29T18:00:00+02:00,2026-07-29T18:50:22+02:00,WALK|BUS,BUS,3,Información oficial: Consorcio Regional de Transportes de Madrid,50.36666666666667,4745.81,15.4,10.0,1103.81,0.0,complete_route,True,0,102.85,10166.28,33.53333333333333,20.0,2416.2799999999997,0.0
MAD-061,Bellas Vistas,Tetuán,DEST_001,Puerta del Sol,WALK,A pie,2026-07-29,2026-07-29T09:00:00+02:00,success,[],,2026-07-29T18:00:00+02:00,success,[],,2026-07-29T07:58:51+02:00,2026-07-29T09:00:00+02:00,WALK,,,,61.15,4461.57,61.15,0.0,4461.57,0.0,2026-07-29T18:00:00+02:00,2026-07-29T19:01:04+02:00,WALK,,,,61.06666666666667,4461.57,61.06666666666667,0.0,4461.57,0.0,complete_route,True,0,122.21666666666667,8923.14,122.21666666666667,0.0,8923.14,0.0
MAD-062,Cuatro Caminos,Tetuán,DEST_001,Puerta del Sol,BICYCLE,Bicicleta,2026-07-29,2026-07-29T09:00:00+02:00,success,[],,2026-07-29T18:00:00+02:00,success,[],,2026-07-29T08:33:25+02:00,2026-07-29T09:00:00+02:00,BICYCLE,,,,26.58333333333333,5598.74,0.0,0.0,0.0,0.0,2026-07-29T18:00:00+02:00,2026-07-29T18:26:32+02:00,BICYCLE,,,,26.53333333333333,5575.68,0.0,0.0,0.0,0.0,complete_route,True,0,53.11666666666666,11174.42,0.0,0.0,0.0,0.0
MAD-062,Cuatro Caminos,Tetuán,DEST_001,Puerta del Sol,CAR,Coche,2026-07-29,2026-07-29T09:00:00+02:00,success,[],,2026-07-29T18:00:00+02:00,success,[],,2026-07-29T08:50:27+02:00,2026-07-29T09:00:00+02:00,CAR,,,,9.55,5468.48,0.0,0.0,0.0,0.0,2026-07-29T18:00:00+02:00,2026-07-29T18:09:53+02:00,CAR,,,,9.883333333333333,4661.67,0.0,0.0,0.0,0.0,complete_route,True,0,19.433333333333334,10130.15,0.0,0.0,0.0,0.0
MAD-062,Cuatro Caminos,Tetuán,DEST_001,Puerta del Sol,TRANSIT,Transporte público,2026-07-29,2026-07-29T09:00:00+02:00,success,[],,2026-07-29T18:00:00+02:00,success,[],,2026-07-29T08:03:00+02:00,2026-07-29T08:44:18+02:00,WALK|BUS,BUS,147,Información oficial: Consorcio Regional de Transportes de Madrid,41.3,5893.11,16.45,8.0,1168.11,0.0,2026-07-29T18:00:00+02:00,2026-07-29T18:50:55+02:00,WALK|BUS,BUS,150,Información oficial: Consorcio Regional de Transportes de Madrid,50.91666666666666,5430.53,16.733333333333334,10.0,1124.53,0.0,complete_route,True,0,92.21666666666665,11323.64,33.18333333333334,18.0,2292.64,0.0
MAD-062,Cuatro Caminos,Tetuán,DEST_001,Puerta del Sol,WALK,A pie,2026-07-29,2026-07-29T09:00:00+02:00,success,[],,2026-07-29T18:00:00+02:00,success,[],,2026-07-29T08:01:05+02:00,2026-07-29T09:00:00+02:00,WALK,,,,58.91666666666666,4320.81,58.91666666666666,0.0,4320.81,0.0,2026-07-29T18:00:00+02:00,2026-07-29T18:58:50+02:00,WALK,,,,58.833333333333336,4320.81,58.833333333333336,0.0,4320.81,0.0,complete_route,True,0,117.75,8641.62,117.75,0.0,8641.62,0.0
MAD-063,Castillejos,Tetuán,DEST_001,Puerta del Sol,BICYCLE,Bicicleta,2026-07-29,2026-07-29T09:00:00+02:00,success,[],,2026-07-29T18:00:00+02:00,success,[],,2026-07-29T08:28:44+02:00,2026-07-29T09:00:00+02:00,BICYCLE,,,,31.266666666666666,6782.92,0.0,0.0,0.0,0.0,2026-07-29T18:00:00+02:00,2026-07-29T18:32:15+02:00,BICYCLE,,,,32.25,6501.3,0.0,0.0,0.0,0.0,complete_route,True,0,63.516666666666666,13284.220000000001,0.0,0.0,0.0,0.0
MAD-063,Castillejos,Tetuán,DEST_001,Puerta del Sol,CAR,Coche,2026-07-29,2026-07-29T09:00:00+02:00,success,[],,2026-07-29T18:00:00+02:00,success,[],,2026-07-29T08:49:07+02:00,2026-07-29T09:00:00+02:00,CAR,,,,10.883333333333333,6271.28,0.0,0.0,0.0,0.0,2026-07-29T18:00:00+02:00,2026-07-29T18:11:33+02:00,CAR,,,,11.55,6754.62,0.0,0.0,0.0,0.0,complete_route,True,0,22.433333333333334,13025.9,0.0,0.0,0.0,0.0
MAD-063,Castillejos,Tetuán,DEST_001,Puerta del Sol,TRANSIT,Transporte público,2026-07-29,2026-07-29T09:00:00+02:00,success,[],,2026-07-29T18:00:00+02:00,success,[],,2026-07-29T08:00:00+02:00,2026-07-29T08:44:42+02:00,WALK|BUS,BUS,147,Información oficial: Consorcio Regional de Transportes de Madrid,44.7,7023.49,15.716666666666669,8.0,1141.49,0.0,2026-07-29T18:00:00+02:00,2026-07-29T18:56:15+02:00,WALK|BUS,BUS,27,Información oficial: Consorcio Regional de Transportes de Madrid,56.25,6330.0,23.016666666666666,7.0,1572.0,0.0,complete_route,True,0,100.95,13353.49,38.733333333333334,15.0,2713.49,0.0
MAD-063,Castillejos,Tetuán,DEST_001,Puerta del Sol,WALK,A pie,2026-07-29,2026-07-29T09:00:00+02:00,success,[],,2026-07-29T18:00:00+02:00,success,[],,2026-07-29T07:46:10+02:00,2026-07-29T09:00:00+02:00,WALK,,,,73.83333333333333,5471.92,73.83333333333333,0.0,5471.92,0.0,2026-07-29T18:00:00+02:00,2026-07-29T19:13:59+02:00,WALK,,,,73.98333333333333,5486.31,73.98333333333333,0.0,5486.31,0.0,complete_route,True,0,147.81666666666666,10958.23,147.81666666666666,0.0,10958.23,0.0
MAD-064,Almenara,Tetuán,DEST_001,Puerta del Sol,BICYCLE,Bicicleta,2026-07-29,2026-07-29T09:00:00+02:00,success,[],,2026-07-29T18:00:00+02:00,success,[],,2026-07-29T08:22:07+02:00,2026-07-29T09:00:00+02:00,BICYCLE,,,,37.88333333333333,7634.89,0.0,0.0,0.0,0.0,2026-07-29T18:00:00+02:00,2026-07-29T18:37:14+02:00,BICYCLE,,,,37.23333333333333,7566.46,0.0,0.0,0.0,0.0,complete_route,True,0,75.11666666666666,15201.35,0.0,0.0,0.0,0.0
MAD-064,Almenara,Tetuán,DEST_001,Puerta del Sol,CAR,Coche,2026-07-29,2026-07-29T09:00:00+02:00,success,[],,2026-07-29T18:00:00+02:00,success,[],,2026-07-29T08:48:10+02:00,2026-07-29T09:00:00+02:00,CAR,,,,11.833333333333334,7168.73,0.0,0.0,0.0,0.0,2026-07-29T18:00:00+02:00,2026-07-29T18:11:50+02:00,CAR,,,,11.833333333333334,7339.26,0.0,0.0,0.0,0.0,complete_route,True,0,23.666666666666668,14507.99,0.0,0.0,0.0,0.0
MAD-064,Almenara,Tetuán,DEST_001,Puerta del Sol,TRANSIT,Transporte público,2026-07-29,2026-07-29T09:00:00+02:00,success,[],,2026-07-29T18:00:00+02:00,success,[],,2026-07-29T07:54:00+02:00,2026-07-29T08:41:22+02:00,WALK|BUS,BUS,147,Información oficial: Consorcio Regional de Transportes de Madrid,47.36666666666667,7683.59,16.283333333333335,8.0,1210.59,0.0,2026-07-29T18:00:00+02:00,2026-07-29T19:00:46+02:00,WALK|BUS,BUS,27,Información oficial: Consorcio Regional de Transportes de Madrid,60.766666666666666,7215.36,23.28333333333333,7.0,1667.36,0.0,complete_route,True,0,108.13333333333333,14898.95,39.56666666666666,15.0,2877.95,0.0
MAD-064,Almenara,Tetuán,DEST_001,Puerta del Sol,WALK,A pie,2026-07-29,2026-07-29T09:00:00+02:00,success,[],,2026-07-29T18:00:00+02:00,success,[],,2026-07-29T07:28:40+02:00,2026-07-29T09:00:00+02:00,WALK,,,,91.33333333333331,6581.28,91.33333333333331,0.0,6581.28,0.0,2026-07-29T18:00:00+02:00,2026-07-29T19:31:15+02:00,WALK,,,,91.25,6581.28,91.25,0.0,6581.28,0.0,complete_route,True,0,182.58333333333331,13162.56,182.58333333333331,0.0,13162.56,0.0
MAD-065,Valdeacederas,Tetuán,DEST_001,Puerta del Sol,BICYCLE,Bicicleta,2026-07-29,2026-07-29T09:00:00+02:00,success,[],,2026-07-29T18:00:00+02:00,success,[],,2026-07-29T08:25:09+02:00,2026-07-29T09:00:00+02:00,BICYCLE,,,,34.85,6906.49,0.0,0.0,0.0,0.0,2026-07-29T18:00:00+02:00,2026-07-29T18:35:44+02:00,BICYCLE,,,,35.733333333333334,7284.18,0.0,0.0,0.0,0.0,complete_route,True,0,70.58333333333334,14190.67,0.0,0.0,0.0,0.0
MAD-065,Valdeacederas,Tetuán,DEST_001,Puerta del Sol,CAR,Coche,2026-07-29,2026-07-29T09:00:00+02:00,success,[],,2026-07-29T18:00:00+02:00,success,[],,2026-07-29T08:47:03+02:00,2026-07-29T09:00:00+02:00,CAR,,,,12.95,7824.04,0.0,0.0,0.0,0.0,2026-07-29T18:00:00+02:00,2026-07-29T18:13:25+02:00,CAR,,,,13.416666666666666,7962.7,0.0,0.0,0.0,0.0,complete_route,True,0,26.366666666666667,15786.74,0.0,0.0,0.0,0.0
MAD-065,Valdeacederas,Tetuán,DEST_001,Puerta del Sol,TRANSIT,Transporte público,2026-07-29,2026-07-29T09:00:00+02:00,success,[],,2026-07-29T18:00:00+02:00,success,[],,2026-07-29T07:45:00+02:00,2026-07-29T08:51:21+02:00,WALK|BUS,BUS,27,Información oficial: Consorcio Regional de Transportes de Madrid,66.35,7797.95,32.56666666666667,5.0,2384.95,0.0,2026-07-29T18:00:00+02:00,2026-07-29T19:08:43+02:00,WALK|BUS,BUS,44,Información oficial: Consorcio Regional de Transportes de Madrid,68.71666666666667,7618.92,16.65,13.0,1208.92,0.0,complete_route,True,0,135.06666666666666,15416.869999999999,49.21666666666667,18.0,3593.87,0.0
MAD-065,Valdeacederas,Tetuán,DEST_001,Puerta del Sol,WALK,A pie,2026-07-29,2026-07-29T09:00:00+02:00,success,[],,2026-07-29T18:00:00+02:00,success,[],,2026-07-29T07:35:31+02:00,2026-07-29T09:00:00+02:00,WALK,,,,84.48333333333333,6151.64,84.48333333333333,0.0,6151.64,0.0,2026-07-29T18:00:00+02:00,2026-07-29T19:24:24+02:00,WALK,,,,84.4,6151.64,84.4,0.0,6151.64,0.0,complete_route,True,0,168.88333333333333,12303.28,168.88333333333333,0.0,12303.28,0.0
MAD-066,Berruguete,Tetuán,DEST_001,Puerta del Sol,BICYCLE,Bicicleta,2026-07-29,2026-07-29T09:00:00+02:00,success,[],,2026-07-29T18:00:00+02:00,success,[],,2026-07-29T08:29:25+02:00,2026-07-29T09:00:00+02:00,BICYCLE,,,,30.58333333333333,5875.36,0.0,0.0,0.0,0.0,2026-07-29T18:00:00+02:00,2026-07-29T18:30:56+02:00,BICYCLE,,,,30.933333333333334,6321.22,0.0,0.0,0.0,0.0,complete_route,True,0,61.516666666666666,12196.58,0.0,0.0,0.0,0.0
MAD-066,Berruguete,Tetuán,DEST_001,Puerta del Sol,CAR,Coche,2026-07-29,2026-07-29T09:00:00+02:00,success,[],,2026-07-29T18:00:00+02:00,success,[],,2026-07-29T08:46:37+02:00,2026-07-29T09:00:00+02:00,CAR,,,,13.383333333333333,6789.4,0.0,0.0,0.0,0.0,2026-07-29T18:00:00+02:00,2026-07-29T18:11:54+02:00,CAR,,,,11.9,6012.21,0.0,0.0,0.0,0.0,complete_route,True,0,25.28333333333333,12801.61,0.0,0.0,0.0,0.0
MAD-066,Berruguete,Tetuán,DEST_001,Puerta del Sol,TRANSIT,Transporte público,2026-07-29,2026-07-29T09:00:00+02:00,success,[],,2026-07-29T18:00:00+02:00,success,[],,2026-07-29T07:56:00+02:00,2026-07-29T08:52:34+02:00,WALK|BUS,BUS,3,Información oficial: Consorcio Regional de Transportes de Madrid,56.56666666666667,6045.58,18.7,10.0,1343.58,0.0,2026-07-29T18:00:00+02:00,2026-07-29T18:57:25+02:00,WALK|BUS,BUS,3,Información oficial: Consorcio Regional de Transportes de Madrid,57.41666666666666,5340.61,21.066666666666663,10.0,1497.61,0.0,complete_route,True,0,113.98333333333332,11386.189999999999,39.766666666666666,20.0,2841.1899999999996,0.0
MAD-066,Berruguete,Tetuán,DEST_001,Puerta del Sol,WALK,A pie,2026-07-29,2026-07-29T09:00:00+02:00,success,[],,2026-07-29T18:00:00+02:00,success,[],,2026-07-29T07:48:51+02:00,2026-07-29T09:00:00+02:00,WALK,,,,71.15,5135.57,71.15,0.0,5135.57,0.0,2026-07-29T18:00:00+02:00,2026-07-29T19:11:04+02:00,WALK,,,,71.06666666666666,5135.57,71.06666666666666,0.0,5135.57,0.0,complete_route,True,0,142.21666666666667,10271.14,142.21666666666667,0.0,10271.14,0.0
MAD-071,Gaztambide,Chamberí,DEST_001,Puerta del Sol,BICYCLE,Bicicleta,2026-07-29,2026-07-29T09:00:00+02:00,success,[],,2026-07-29T18:00:00+02:00,success,[],,2026-07-29T08:41:27+02:00,2026-07-29T09:00:00+02:00,BICYCLE,,,,18.55,3387.92,0.0,0.0,0.0,0.0,2026-07-29T18:00:00+02:00,2026-07-29T18:17:34+02:00,BICYCLE,,,,17.566666666666666,3666.42,0.0,0.0,0.0,0.0,complete_route,True,0,36.11666666666667,7054.34,0.0,0.0,0.0,0.0
MAD-071,Gaztambide,Chamberí,DEST_001,Puerta del Sol,CAR,Coche,2026-07-29,2026-07-29T09:00:00+02:00,success,[],,2026-07-29T18:00:00+02:00,success,[],,2026-07-29T08:51:34+02:00,2026-07-29T09:00:00+02:00,CAR,,,,8.433333333333334,4117.69,0.0,0.0,0.0,0.0,2026-07-29T18:00:00+02:00,2026-07-29T18:06:27+02:00,CAR,,,,6.45,2732.11,0.0,0.0,0.0,0.0,complete_route,True,0,14.883333333333333,6849.799999999999,0.0,0.0,0.0,0.0
MAD-071,Gaztambide,Chamberí,DEST_001,Puerta del Sol,TRANSIT,Transporte público,2026-07-29,2026-07-29T09:00:00+02:00,success,[],,2026-07-29T18:00:00+02:00,success,[],,2026-07-29T08:22:00+02:00,2026-07-29T08:56:35+02:00,WALK|BUS,BUS,2,Información oficial: Consorcio Regional de Transportes de Madrid,34.583333333333336,3034.53,10.966666666666669,9.0,801.53,0.0,2026-07-29T18:00:00+02:00,2026-07-29T18:30:52+02:00,WALK|BUS,BUS,133,Información oficial: Consorcio Regional de Transportes de Madrid,30.866666666666667,2506.45,18.08333333333333,8.0,1294.4499999999998,0.0,complete_route,True,0,65.45,5540.98,29.049999999999997,17.0,2095.9799999999996,0.0
MAD-071,Gaztambide,Chamberí,DEST_001,Puerta del Sol,WALK,A pie,2026-07-29,2026-07-29T09:00:00+02:00,success,[],,2026-07-29T18:00:00+02:00,success,[],,2026-07-29T08:22:16+02:00,2026-07-29T09:00:00+02:00,WALK,,,,37.73333333333333,2684.64,37.73333333333333,0.0,2684.64,0.0,2026-07-29T18:00:00+02:00,2026-07-29T18:37:41+02:00,WALK,,,,37.68333333333333,2684.64,37.68333333333333,0.0,2684.64,0.0,complete_route,True,0,75.41666666666666,5369.28,75.41666666666666,0.0,5369.28,0.0
MAD-072,Arapiles,Chamberí,DEST_001,Puerta del Sol,BICYCLE,Bicicleta,2026-07-29,2026-07-29T09:00:00+02:00,success,[],,2026-07-29T18:00:00+02:00,success,[],,2026-07-29T08:43:05+02:00,2026-07-29T09:00:00+02:00,BICYCLE,,,,16.916666666666668,2997.08,0.0,0.0,0.0,0.0,2026-07-29T18:00:00+02:00,2026-07-29T18:17:19+02:00,BICYCLE,,,,17.316666666666666,3347.01,0.0,0.0,0.0,0.0,complete_route,True,0,34.233333333333334,6344.09,0.0,0.0,0.0,0.0
MAD-072,Arapiles,Chamberí,DEST_001,Puerta del Sol,CAR,Coche,2026-07-29,2026-07-29T09:00:00+02:00,success,[],,2026-07-29T18:00:00+02:00,success,[],,2026-07-29T08:51:43+02:00,2026-07-29T09:00:00+02:00,CAR,,,,8.283333333333333,4022.71,0.0,0.0,0.0,0.0,2026-07-29T18:00:00+02:00,2026-07-29T18:06:05+02:00,CAR,,,,6.083333333333333,2633.09,0.0,0.0,0.0,0.0,complete_route,True,0,14.366666666666667,6655.8,0.0,0.0,0.0,0.0
MAD-072,Arapiles,Chamberí,DEST_001,Puerta del Sol,TRANSIT,Transporte público,2026-07-29,2026-07-29T09:00:00+02:00,success,[],,2026-07-29T18:00:00+02:00,success,[],,2026-07-29T08:25:00+02:00,2026-07-29T08:59:41+02:00,WALK|BUS,BUS,147,Información oficial: Consorcio Regional de Transportes de Madrid,34.68333333333333,2726.16,19.23333333333333,8.0,1409.16,0.0,2026-07-29T18:00:00+02:00,2026-07-29T18:35:09+02:00,WALK|BUS,BUS,147,Información oficial: Consorcio Regional de Transportes de Madrid,35.15,2668.13,19.933333333333334,8.0,1429.13,0.0,complete_route,True,0,69.83333333333333,5394.29,39.166666666666664,16.0,2838.29,0.0
MAD-072,Arapiles,Chamberí,DEST_001,Puerta del Sol,WALK,A pie,2026-07-29,2026-07-29T09:00:00+02:00,success,[],,2026-07-29T18:00:00+02:00,success,[],,2026-07-29T08:27:12+02:00,2026-07-29T09:00:00+02:00,WALK,,,,32.8,2370.01,32.8,0.0,2370.01,0.0,2026-07-29T18:00:00+02:00,2026-07-29T18:32:42+02:00,WALK,,,,32.7,2370.01,32.7,0.0,2370.01,0.0,complete_route,True,0,65.5,4740.02,65.5,0.0,4740.02,0.0
MAD-073,Trafalgar,Chamberí,DEST_001,Puerta del Sol,BICYCLE,Bicicleta,2026-07-29,2026-07-29T09:00:00+02:00,success,[],,2026-07-29T18:00:00+02:00,success,[],,2026-07-29T08:45:08+02:00,2026-07-29T09:00:00+02:00,BICYCLE,,,,14.866666666666667,2690.23,0.0,0.0,0.0,0.0,2026-07-29T18:00:00+02:00,2026-07-29T18:15:21+02:00,BICYCLE,,,,15.35,2766.3,0.0,0.0,0.0,0.0,complete_route,True,0,30.21666666666667,5456.530000000001,0.0,0.0,0.0,0.0
MAD-073,Trafalgar,Chamberí,DEST_001,Puerta del Sol,CAR,Coche,2026-07-29,2026-07-29T09:00:00+02:00,success,[],,2026-07-29T18:00:00+02:00,success,[],,2026-07-29T08:53:40+02:00,2026-07-29T09:00:00+02:00,CAR,,,,6.333333333333333,2752.26,0.0,0.0,0.0,0.0,2026-07-29T18:00:00+02:00,2026-07-29T18:05:52+02:00,CAR,,,,5.866666666666666,2560.64,0.0,0.0,0.0,0.0,complete_route,True,0,12.2,5312.9,0.0,0.0,0.0,0.0
MAD-073,Trafalgar,Chamberí,DEST_001,Puerta del Sol,TRANSIT,Transporte público,2026-07-29,2026-07-29T09:00:00+02:00,success,[],,2026-07-29T18:00:00+02:00,success,[],,2026-07-29T08:28:00+02:00,2026-07-29T08:59:04+02:00,WALK|BUS,BUS,147,Información oficial: Consorcio Regional de Transportes de Madrid,31.066666666666663,2737.06,13.0,8.0,958.06,0.0,2026-07-29T18:00:00+02:00,2026-07-29T18:31:37+02:00,WALK|BUS,BUS,147,Información oficial: Consorcio Regional de Transportes de Madrid,31.616666666666667,2800.96,12.783333333333331,8.0,942.96,0.0,complete_route,True,0,62.68333333333333,5538.02,25.78333333333333,16.0,1901.02,0.0
MAD-073,Trafalgar,Chamberí,DEST_001,Puerta del Sol,WALK,A pie,2026-07-29,2026-07-29T09:00:00+02:00,success,[],,2026-07-29T18:00:00+02:00,success,[],,2026-07-29T08:30:38+02:00,2026-07-29T09:00:00+02:00,WALK,,,,29.366666666666667,2114.62,29.366666666666667,0.0,2114.62,0.0,2026-07-29T18:00:00+02:00,2026-07-29T18:29:17+02:00,WALK,,,,29.28333333333333,2114.62,29.28333333333333,0.0,2114.62,0.0,complete_route,True,0,58.65,4229.24,58.65,0.0,4229.24,0.0
MAD-074,Almagro,Chamberí,DEST_001,Puerta del Sol,BICYCLE,Bicicleta,2026-07-29,2026-07-29T09:00:00+02:00,success,[],,2026-07-29T18:00:00+02:00,success,[],,2026-07-29T08:45:11+02:00,2026-07-29T09:00:00+02:00,BICYCLE,,,,14.816666666666666,2555.05,0.0,0.0,0.0,0.0,2026-07-29T18:00:00+02:00,2026-07-29T18:16:42+02:00,BICYCLE,,,,16.7,3072.95,0.0,0.0,0.0,0.0,complete_route,True,0,31.516666666666666,5628.0,0.0,0.0,0.0,0.0
MAD-074,Almagro,Chamberí,DEST_001,Puerta del Sol,CAR,Coche,2026-07-29,2026-07-29T09:00:00+02:00,success,[],,2026-07-29T18:00:00+02:00,success,[],,2026-07-29T08:54:04+02:00,2026-07-29T09:00:00+02:00,CAR,,,,5.933333333333334,2323.78,0.0,0.0,0.0,0.0,2026-07-29T18:00:00+02:00,2026-07-29T18:06:39+02:00,CAR,,,,6.65,3060.16,0.0,0.0,0.0,0.0,complete_route,True,0,12.583333333333334,5383.9400000000005,0.0,0.0,0.0,0.0
MAD-074,Almagro,Chamberí,DEST_001,Puerta del Sol,TRANSIT,Transporte público,2026-07-29,2026-07-29T09:00:00+02:00,success,[],,2026-07-29T18:00:00+02:00,success,[],,2026-07-29T08:27:00+02:00,2026-07-29T08:59:48+02:00,WALK|BUS,BUS,147,Información oficial: Consorcio Regional de Transportes de Madrid,32.8,3215.44,11.3,8.0,828.44,0.0,2026-07-29T18:00:00+02:00,2026-07-29T18:32:41+02:00,WALK|BUS,BUS,147,Información oficial: Consorcio Regional de Transportes de Madrid,32.68333333333333,3213.3,10.483333333333333,8.0,780.3,0.0,complete_route,True,0,65.48333333333332,6428.74,21.78333333333333,16.0,1608.74,0.0
MAD-074,Almagro,Chamberí,DEST_001,Puerta del Sol,WALK,A pie,2026-07-29,2026-07-29T09:00:00+02:00,success,[],,2026-07-29T18:00:00+02:00,success,[],,2026-07-29T08:27:23+02:00,2026-07-29T09:00:00+02:00,WALK,,,,32.61666666666667,2427.75,32.61666666666667,0.0,2427.75,0.0,2026-07-29T18:00:00+02:00,2026-07-29T18:29:58+02:00,WALK,,,,29.966666666666665,2219.65,29.966666666666665,0.0,2219.65,0.0,complete_route,True,0,62.58333333333333,4647.4,62.58333333333333,0.0,4647.4,0.0
MAD-075,Ríos Rosas,Chamberí,DEST_001,Puerta del Sol,BICYCLE,Bicicleta,2026-07-29,2026-07-29T09:00:00+02:00,success,[],,2026-07-29T18:00:00+02:00,success,[],,2026-07-29T08:38:45+02:00,2026-07-29T09:00:00+02:00,BICYCLE,,,,21.25,4294.22,0.0,0.0,0.0,0.0,2026-07-29T18:00:00+02:00,2026-07-29T18:21:24+02:00,BICYCLE,,,,21.4,4357.1,0.0,0.0,0.0,0.0,complete_route,True,0,42.65,8651.32,0.0,0.0,0.0,0.0
MAD-075,Ríos Rosas,Chamberí,DEST_001,Puerta del Sol,CAR,Coche,2026-07-29,2026-07-29T09:00:00+02:00,success,[],,2026-07-29T18:00:00+02:00,success,[],,2026-07-29T08:51:55+02:00,2026-07-29T09:00:00+02:00,CAR,,,,8.083333333333334,4339.44,0.0,0.0,0.0,0.0,2026-07-29T18:00:00+02:00,2026-07-29T18:08:56+02:00,CAR,,,,8.933333333333334,4058.3,0.0,0.0,0.0,0.0,complete_route,True,0,17.016666666666666,8397.74,0.0,0.0,0.0,0.0
MAD-075,Ríos Rosas,Chamberí,DEST_001,Puerta del Sol,TRANSIT,Transporte público,2026-07-29,2026-07-29T09:00:00+02:00,success,[],,2026-07-29T18:00:00+02:00,success,[],,2026-07-29T08:14:00+02:00,2026-07-29T08:56:34+02:00,WALK|BUS,BUS,45,Información oficial: Consorcio Regional de Transportes de Madrid,42.56666666666667,4553.66,12.166666666666666,9.0,861.6600000000001,0.0,2026-07-29T18:00:00+02:00,2026-07-29T18:42:26+02:00,WALK|BUS,BUS,3,Información oficial: Consorcio Regional de Transportes de Madrid,42.43333333333333,3604.68,15.3,10.0,1104.68,0.0,complete_route,True,0,85.0,8158.34,27.46666666666667,19.0,1966.3400000000001,0.0
MAD-075,Ríos Rosas,Chamberí,DEST_001,Puerta del Sol,WALK,A pie,2026-07-29,2026-07-29T09:00:00+02:00,success,[],,2026-07-29T18:00:00+02:00,success,[],,2026-07-29T08:13:53+02:00,2026-07-29T09:00:00+02:00,WALK,,,,46.11666666666667,3337.88,46.11666666666667,0.0,3337.88,0.0,2026-07-29T18:00:00+02:00,2026-07-29T18:46:02+02:00,WALK,,,,46.03333333333333,3337.88,46.03333333333333,0.0,3337.88,0.0,complete_route,True,0,92.15,6675.76,92.15,0.0,6675.76,0.0
MAD-076,Vallehermoso,Chamberí,DEST_001,Puerta del Sol,BICYCLE,Bicicleta,2026-07-29,2026-07-29T09:00:00+02:00,success,[],,2026-07-29T18:00:00+02:00,success,[],,2026-07-29T08:35:41+02:00,2026-07-29T09:00:00+02:00,BICYCLE,,,,24.316666666666663,4919.9,0.0,0.0,0.0,0.0,2026-07-29T18:00:00+02:00,2026-07-29T18:24:32+02:00,BICYCLE,,,,24.53333333333333,4981.13,0.0,0.0,0.0,0.0,complete_route,True,0,48.849999999999994,9901.029999999999,0.0,0.0,0.0,0.0
MAD-076,Vallehermoso,Chamberí,DEST_001,Puerta del Sol,CAR,Coche,2026-07-29,2026-07-29T09:00:00+02:00,success,[],,2026-07-29T18:00:00+02:00,success,[],,2026-07-29T08:49:49+02:00,2026-07-29T09:00:00+02:00,CAR,,,,10.183333333333334,4935.85,0.0,0.0,0.0,0.0,2026-07-29T18:00:00+02:00,2026-07-29T18:08:00+02:00,CAR,,,,8.0,3853.75,0.0,0.0,0.0,0.0,complete_route,True,0,18.183333333333334,8789.6,0.0,0.0,0.0,0.0
MAD-076,Vallehermoso,Chamberí,DEST_001,Puerta del Sol,TRANSIT,Transporte público,2026-07-29,2026-07-29T09:00:00+02:00,success,[],,2026-07-29T18:00:00+02:00,success,[],,2026-07-29T08:11:00+02:00,2026-07-29T08:51:05+02:00,WALK|BUS,BUS,2,Información oficial: Consorcio Regional de Transportes de Madrid,40.083333333333336,3953.07,9.666666666666666,9.0,677.0699999999999,0.0,2026-07-29T18:00:00+02:00,2026-07-29T18:43:38+02:00,WALK|BUS,BUS,44,Información oficial: Consorcio Regional de Transportes de Madrid,43.63333333333333,3918.64,12.033333333333331,13.0,870.64,0.0,complete_route,True,0,83.71666666666667,7871.71,21.699999999999996,22.0,1547.71,0.0
MAD-076,Vallehermoso,Chamberí,DEST_001,Puerta del Sol,WALK,A pie,2026-07-29,2026-07-29T09:00:00+02:00,success,[],,2026-07-29T18:00:00+02:00,success,[],,2026-07-29T08:11:03+02:00,2026-07-29T09:00:00+02:00,WALK,,,,48.95,3591.05,48.95,0.0,3591.05,0.0,2026-07-29T18:00:00+02:00,2026-07-29T18:48:51+02:00,WALK,,,,48.85,3591.05,48.85,0.0,3591.05,0.0,complete_route,True,0,97.80000000000001,7182.1,97.80000000000001,0.0,7182.1,0.0
MAD-081,El Pardo,Fuencarral - El Pardo,DEST_001,Puerta del Sol,BICYCLE,Bicicleta,2026-07-29,2026-07-29T09:00:00+02:00,success,[],,2026-07-29T18:00:00+02:00,success,[],,2026-07-29T07:41:34+02:00,2026-07-29T09:00:00+02:00,BICYCLE,,,,78.43333333333334,21499.44,0.0,0.0,0.0,0.0,2026-07-29T18:00:00+02:00,2026-07-29T19:18:30+02:00,BICYCLE,,,,78.5,21458.47,0.0,0.0,0.0,0.0,complete_route,True,0,156.93333333333334,42957.91,0.0,0.0,0.0,0.0
MAD-081,El Pardo,Fuencarral - El Pardo,DEST_001,Puerta del Sol,CAR,Coche,2026-07-29,2026-07-29T09:00:00+02:00,success,[],,2026-07-29T18:00:00+02:00,success,[],,2026-07-29T08:28:45+02:00,2026-07-29T09:00:00+02:00,CAR,,,,31.25,19978.71,0.0,0.0,0.0,0.0,2026-07-29T18:00:00+02:00,2026-07-29T18:28:44+02:00,CAR,,,,28.73333333333333,18839.01,0.0,0.0,0.0,0.0,complete_route,True,0,59.983333333333334,38817.72,0.0,0.0,0.0,0.0
MAD-081,El Pardo,Fuencarral - El Pardo,DEST_001,Puerta del Sol,TRANSIT,Transporte público,2026-07-29,2026-07-29T09:00:00+02:00,no_route,"[{""code"":""NO_STOPS_IN_RANGE"",""description"":""The location was found, but no stops could be found within the search radius."",""inputField"":""FROM""}]",,2026-07-29T18:00:00+02:00,no_route,"[{""code"":""NO_STOPS_IN_RANGE"",""description"":""The location was found, but no stops could be found within the search radius."",""inputField"":""TO""}]",,,,,,,,,,,,,,,,,,,,,,,,,,no_route,False,2,,,,,,
MAD-081,El Pardo,Fuencarral - El Pardo,DEST_001,Puerta del Sol,WALK,A pie,2026-07-29,2026-07-29T09:00:00+02:00,no_route,"[{""code"":""NO_DIRECT_MODE_CONNECTION"",""description"":""No route found for the requested direct mode. The origin and destination may be too far apart or not connected by the requested mode of transport."",""inputField"":null}]",,2026-07-29T18:00:00+02:00,no_route,"[{""code"":""NO_DIRECT_MODE_CONNECTION"",""description"":""No route found for the requested direct mode. The origin and destination may be too far apart or not connected by the requested mode of transport."",""inputField"":null}]",,,,,,,,,,,,,,,,,,,,,,,,,,no_route,False,2,,,,,,
MAD-082,Fuentelarreina,Fuencarral - El Pardo,DEST_001,Puerta del Sol,BICYCLE,Bicicleta,2026-07-29,2026-07-29T09:00:00+02:00,success,[],,2026-07-29T18:00:00+02:00,success,[],,2026-07-29T08:12:01+02:00,2026-07-29T09:00:00+02:00,BICYCLE,,,,47.98333333333333,11293.51,0.0,0.0,0.0,0.0,2026-07-29T18:00:00+02:00,2026-07-29T18:48:48+02:00,BICYCLE,,,,48.8,11271.98,0.0,0.0,0.0,0.0,complete_route,True,0,96.78333333333333,22565.489999999998,0.0,0.0,0.0,0.0
MAD-082,Fuentelarreina,Fuencarral - El Pardo,DEST_001,Puerta del Sol,CAR,Coche,2026-07-29,2026-07-29T09:00:00+02:00,success,[],,2026-07-29T18:00:00+02:00,success,[],,2026-07-29T08:43:48+02:00,2026-07-29T09:00:00+02:00,CAR,,,,16.2,10742.18,0.0,0.0,0.0,0.0,2026-07-29T18:00:00+02:00,2026-07-29T18:14:01+02:00,CAR,,,,14.016666666666667,9864.5,0.0,0.0,0.0,0.0,complete_route,True,0,30.21666666666667,20606.68,0.0,0.0,0.0,0.0
MAD-082,Fuentelarreina,Fuencarral - El Pardo,DEST_001,Puerta del Sol,TRANSIT,Transporte público,2026-07-29,2026-07-29T09:00:00+02:00,success,[],,2026-07-29T18:00:00+02:00,success,[],,2026-07-29T07:54:00+02:00,2026-07-29T08:50:07+02:00,WALK|BUS,BUS,133,Información oficial: Consorcio Regional de Transportes de Madrid,56.11666666666667,10156.23,18.15,7.0,1400.23,0.0,2026-07-29T18:00:00+02:00,2026-07-29T18:58:58+02:00,WALK|BUS,BUS,133,Información oficial: Consorcio Regional de Transportes de Madrid,58.96666666666667,9830.48,16.966666666666665,8.0,1259.48,0.0,complete_route,True,0,115.08333333333334,19986.71,35.11666666666666,15.0,2659.71,0.0
MAD-082,Fuentelarreina,Fuencarral - El Pardo,DEST_001,Puerta del Sol,WALK,A pie,2026-07-29,2026-07-29T09:00:00+02:00,success,[],,2026-07-29T18:00:00+02:00,success,[],,2026-07-29T07:01:22+02:00,2026-07-29T09:00:00+02:00,WALK,,,,118.63333333333334,8950.43,118.63333333333334,0.0,8950.43,0.0,2026-07-29T18:00:00+02:00,2026-07-29T19:58:34+02:00,WALK,,,,118.56666666666666,8950.43,118.56666666666666,0.0,8950.43,0.0,complete_route,True,0,237.2,17900.86,237.2,0.0,17900.86,0.0
MAD-083,Peñagrande,Fuencarral - El Pardo,DEST_001,Puerta del Sol,BICYCLE,Bicicleta,2026-07-29,2026-07-29T09:00:00+02:00,success,[],,2026-07-29T18:00:00+02:00,success,[],,2026-07-29T08:09:34+02:00,2026-07-29T09:00:00+02:00,BICYCLE,,,,50.43333333333333,12212.31,0.0,0.0,0.0,0.0,2026-07-29T18:00:00+02:00,2026-07-29T18:50:45+02:00,BICYCLE,,,,50.75,12263.4,0.0,0.0,0.0,0.0,complete_route,True,0,101.18333333333334,24475.71,0.0,0.0,0.0,0.0
MAD-083,Peñagrande,Fuencarral - El Pardo,DEST_001,Puerta del Sol,CAR,Coche,2026-07-29,2026-07-29T09:00:00+02:00,success,[],,2026-07-29T18:00:00+02:00,success,[],,2026-07-29T08:42:32+02:00,2026-07-29T09:00:00+02:00,CAR,,,,17.466666666666665,12011.5,0.0,0.0,0.0,0.0,2026-07-29T18:00:00+02:00,2026-07-29T18:14:53+02:00,CAR,,,,14.883333333333333,10698.8,0.0,0.0,0.0,0.0,complete_route,True,0,32.349999999999994,22710.3,0.0,0.0,0.0,0.0
MAD-083,Peñagrande,Fuencarral - El Pardo,DEST_001,Puerta del Sol,TRANSIT,Transporte público,2026-07-29,2026-07-29T09:00:00+02:00,success,[],,2026-07-29T18:00:00+02:00,success,[],,2026-07-29T07:52:00+02:00,2026-07-29T08:50:37+02:00,WALK|BUS,BUS,133,Información oficial: Consorcio Regional de Transportes de Madrid,58.61666666666667,10720.84,18.5,7.0,1356.84,0.0,2026-07-29T18:00:00+02:00,2026-07-29T18:58:39+02:00,WALK|BUS,BUS,133,Información oficial: Consorcio Regional de Transportes de Madrid,58.65,10493.75,12.5,8.0,880.75,0.0,complete_route,True,0,117.26666666666667,21214.59,31.0,15.0,2237.59,0.0
MAD-083,Peñagrande,Fuencarral - El Pardo,DEST_001,Puerta del Sol,WALK,A pie,2026-07-29,2026-07-29T09:00:00+02:00,success,[],,2026-07-29T18:00:00+02:00,success,[],,2026-07-29T07:09:49+02:00,2026-07-29T09:00:00+02:00,WALK,,,,110.18333333333334,8211.07,110.18333333333334,0.0,8211.07,0.0,2026-07-29T18:00:00+02:00,2026-07-29T19:50:06+02:00,WALK,,,,110.1,8211.07,110.1,0.0,8211.07,0.0,complete_route,True,0,220.28333333333333,16422.14,220.28333333333333,0.0,16422.14,0.0
MAD-084,Pilar,Fuencarral - El Pardo,DEST_001,Puerta del Sol,BICYCLE,Bicicleta,2026-07-29,2026-07-29T09:00:00+02:00,success,[],,2026-07-29T18:00:00+02:00,success,[],,2026-07-29T08:13:41+02:00,2026-07-29T09:00:00+02:00,BICYCLE,,,,46.31666666666667,8771.37,0.0,0.0,0.0,0.0,2026-07-29T18:00:00+02:00,2026-07-29T18:48:15+02:00,BICYCLE,,,,48.25,9121.8,0.0,0.0,0.0,0.0,complete_route,True,0,94.56666666666666,17893.17,0.0,0.0,0.0,0.0
MAD-084,Pilar,Fuencarral - El Pardo,DEST_001,Puerta del Sol,CAR,Coche,2026-07-29,2026-07-29T09:00:00+02:00,success,[],,2026-07-29T18:00:00+02:00,success,[],,2026-07-29T08:44:47+02:00,2026-07-29T09:00:00+02:00,CAR,,,,15.216666666666669,9818.34,0.0,0.0,0.0,0.0,2026-07-29T18:00:00+02:00,2026-07-29T18:15:37+02:00,CAR,,,,15.616666666666667,10113.36,0.0,0.0,0.0,0.0,complete_route,True,0,30.833333333333336,19931.7,0.0,0.0,0.0,0.0
MAD-084,Pilar,Fuencarral - El Pardo,DEST_001,Puerta del Sol,TRANSIT,Transporte público,2026-07-29,2026-07-29T09:00:00+02:00,success,[],,2026-07-29T18:00:00+02:00,success,[],,2026-07-29T07:47:00+02:00,2026-07-29T08:44:22+02:00,WALK|BUS,BUS,147,Información oficial: Consorcio Regional de Transportes de Madrid,57.36666666666667,10891.47,14.066666666666666,8.0,998.47,0.0,2026-07-29T18:00:00+02:00,2026-07-29T19:13:45+02:00,WALK|BUS,BUS,133,Información oficial: Consorcio Regional de Transportes de Madrid,73.75,12511.01,22.383333333333333,8.0,1576.01,0.0,complete_route,True,0,131.11666666666667,23402.48,36.45,16.0,2574.48,0.0
MAD-084,Pilar,Fuencarral - El Pardo,DEST_001,Puerta del Sol,WALK,A pie,2026-07-29,2026-07-29T09:00:00+02:00,success,[],,2026-07-29T18:00:00+02:00,success,[],,2026-07-29T07:13:17+02:00,2026-07-29T09:00:00+02:00,WALK,,,,106.71666666666668,7713.88,106.71666666666668,0.0,7713.88,0.0,2026-07-29T18:00:00+02:00,2026-07-29T19:46:41+02:00,WALK,,,,106.68333333333334,7713.88,106.68333333333334,0.0,7713.88,0.0,complete_route,True,0,213.40000000000003,15427.76,213.40000000000003,0.0,15427.76,0.0
MAD-085,La Paz,Fuencarral - El Pardo,DEST_001,Puerta del Sol,BICYCLE,Bicicleta,2026-07-29,2026-07-29T09:00:00+02:00,success,[],,2026-07-29T18:00:00+02:00,success,[],,2026-07-29T08:11:23+02:00,2026-07-29T09:00:00+02:00,BICYCLE,,,,48.61666666666667,9709.81,0.0,0.0,0.0,0.0,2026-07-29T18:00:00+02:00,2026-07-29T18:48:23+02:00,BICYCLE,,,,48.38333333333333,9593.86,0.0,0.0,0.0,0.0,complete_route,True,0,97.0,19303.67,0.0,0.0,0.0,0.0
MAD-085,La Paz,Fuencarral - El Pardo,DEST_001,Puerta del Sol,CAR,Coche,2026-07-29,2026-07-29T09:00:00+02:00,success,[],,2026-07-29T18:00:00+02:00,success,[],,2026-07-29T08:45:15+02:00,2026-07-29T09:00:00+02:00,CAR,,,,14.75,9033.9,0.0,0.0,0.0,0.0,2026-07-29T18:00:00+02:00,2026-07-29T18:15:19+02:00,CAR,,,,15.316666666666666,9234.22,0.0,0.0,0.0,0.0,complete_route,True,0,30.066666666666666,18268.12,0.0,0.0,0.0,0.0
MAD-085,La Paz,Fuencarral - El Pardo,DEST_001,Puerta del Sol,TRANSIT,Transporte público,2026-07-29,2026-07-29T09:00:00+02:00,success,[],,2026-07-29T18:00:00+02:00,success,[],,2026-07-29T07:49:08+02:00,2026-07-29T08:44:59+02:00,WALK|BUS,BUS,159|147,Consorcio Regional de Transportes de Madrid|Información oficial: Consorcio Regional de Transportes de Madrid,55.85,10166.13,18.466666666666665,10.0,1391.13,1.0,2026-07-29T18:05:00+02:00,2026-07-29T19:18:33+02:00,WALK|BUS,BUS,27|171,Información oficial: Consorcio Regional de Transportes de Madrid|Consorcio Regional de Transportes de Madrid,73.55,9346.19,33.88333333333333,9.183333333333334,2421.19,1.0,complete_route,True,0,129.4,19512.32,52.349999999999994,19.183333333333334,3812.32,2.0
MAD-085,La Paz,Fuencarral - El Pardo,DEST_001,Puerta del Sol,WALK,A pie,2026-07-29,2026-07-29T09:00:00+02:00,success,[],,2026-07-29T18:00:00+02:00,success,[],,2026-07-29T07:01:25+02:00,2026-07-29T09:00:00+02:00,WALK,,,,118.58333333333331,8589.66,118.58333333333331,0.0,8589.66,0.0,2026-07-29T18:00:00+02:00,2026-07-29T19:58:30+02:00,WALK,,,,118.5,8589.66,118.5,0.0,8589.66,0.0,complete_route,True,0,237.08333333333331,17179.32,237.08333333333331,0.0,17179.32,0.0
MAD-086,Valverde,Fuencarral - El Pardo,DEST_001,Puerta del Sol,BICYCLE,Bicicleta,2026-07-29,2026-07-29T09:00:00+02:00,success,[],,2026-07-29T18:00:00+02:00,success,[],,2026-07-29T07:59:59+02:00,2026-07-29T09:00:00+02:00,BICYCLE,,,,60.016666666666666,12824.71,0.0,0.0,0.0,0.0,2026-07-29T18:00:00+02:00,2026-07-29T18:59:21+02:00,BICYCLE,,,,59.35,12410.49,0.0,0.0,0.0,0.0,complete_route,True,0,119.36666666666667,25235.199999999997,0.0,0.0,0.0,0.0
MAD-086,Valverde,Fuencarral - El Pardo,DEST_001,Puerta del Sol,CAR,Coche,2026-07-29,2026-07-29T09:00:00+02:00,success,[],,2026-07-29T18:00:00+02:00,success,[],,2026-07-29T08:41:55+02:00,2026-07-29T09:00:00+02:00,CAR,,,,18.08333333333333,11279.31,0.0,0.0,0.0,0.0,2026-07-29T18:00:00+02:00,2026-07-29T18:18:44+02:00,CAR,,,,18.73333333333333,14669.99,0.0,0.0,0.0,0.0,complete_route,True,0,36.81666666666666,25949.3,0.0,0.0,0.0,0.0
MAD-086,Valverde,Fuencarral - El Pardo,DEST_001,Puerta del Sol,TRANSIT,Transporte público,2026-07-29,2026-07-29T09:00:00+02:00,success,[],,2026-07-29T18:00:00+02:00,success,[],,2026-07-29T07:35:37+02:00,2026-07-29T08:59:21+02:00,WALK|BUS,BUS,183|27,Consorcio Regional de Transportes de Madrid|Información oficial: Consorcio Regional de Transportes de Madrid,83.73333333333333,14164.52,38.21666666666667,7.0,2698.52,1.0,2026-07-29T18:05:00+02:00,2026-07-29T19:19:24+02:00,WALK|BUS,BUS,27|171,Información oficial: Consorcio Regional de Transportes de Madrid|Consorcio Regional de Transportes de Madrid,74.4,12284.0,34.733333333333334,9.183333333333334,2617.0,1.0,complete_route,True,0,158.13333333333333,26448.52,72.95,16.183333333333334,5315.52,2.0
MAD-086,Valverde,Fuencarral - El Pardo,DEST_001,Puerta del Sol,WALK,A pie,2026-07-29,2026-07-29T09:00:00+02:00,success,[],,2026-07-29T18:00:00+02:00,success,[],,2026-07-29T06:33:19+02:00,2026-07-29T09:00:00+02:00,WALK,,,,146.68333333333334,11006.4,146.68333333333334,0.0,11006.4,0.0,2026-07-29T18:00:00+02:00,2026-07-29T20:24:02+02:00,WALK,,,,144.03333333333333,10798.31,144.03333333333333,0.0,10798.31,0.0,complete_route,True,0,290.7166666666667,21804.71,290.7166666666667,0.0,21804.71,0.0
MAD-087,Mirasierra,Fuencarral - El Pardo,DEST_001,Puerta del Sol,BICYCLE,Bicicleta,2026-07-29,2026-07-29T09:00:00+02:00,success,[],,2026-07-29T18:00:00+02:00,success,[],,2026-07-29T07:55:06+02:00,2026-07-29T09:00:00+02:00,BICYCLE,,,,64.9,15512.76,0.0,0.0,0.0,0.0,2026-07-29T18:00:00+02:00,2026-07-29T19:03:36+02:00,BICYCLE,,,,63.6,14125.44,0.0,0.0,0.0,0.0,complete_route,True,0,128.5,29638.2,0.0,0.0,0.0,0.0
MAD-087,Mirasierra,Fuencarral - El Pardo,DEST_001,Puerta del Sol,CAR,Coche,2026-07-29,2026-07-29T09:00:00+02:00,success,[],,2026-07-29T18:00:00+02:00,success,[],,2026-07-29T08:41:06+02:00,2026-07-29T09:00:00+02:00,CAR,,,,18.9,13388.22,0.0,0.0,0.0,0.0,2026-07-29T18:00:00+02:00,2026-07-29T18:15:20+02:00,CAR,,,,15.333333333333334,12894.46,0.0,0.0,0.0,0.0,complete_route,True,0,34.233333333333334,26282.68,0.0,0.0,0.0,0.0
MAD-087,Mirasierra,Fuencarral - El Pardo,DEST_001,Puerta del Sol,TRANSIT,Transporte público,2026-07-29,2026-07-29T09:00:00+02:00,success,[],,2026-07-29T18:00:00+02:00,success,[],,2026-07-29T07:35:00+02:00,2026-07-29T08:55:38+02:00,WALK|BUS,BUS,133,Información oficial: Consorcio Regional de Transportes de Madrid,80.63333333333334,16155.82,22.9,7.0,1794.82,0.0,2026-07-29T18:00:00+02:00,2026-07-29T19:28:31+02:00,WALK|BUS,BUS,133,Información oficial: Consorcio Regional de Transportes de Madrid,88.51666666666667,16317.97,22.683333333333334,8.0,1729.9699999999998,0.0,complete_route,True,0,169.15,32473.79,45.58333333333333,15.0,3524.79,0.0
MAD-087,Mirasierra,Fuencarral - El Pardo,DEST_001,Puerta del Sol,WALK,A pie,2026-07-29,2026-07-29T09:00:00+02:00,success,[],,2026-07-29T18:00:00+02:00,success,[],,2026-07-29T06:38:30+02:00,2026-07-29T09:00:00+02:00,WALK,,,,141.5,10338.03,141.5,0.0,10338.03,0.0,2026-07-29T18:00:00+02:00,2026-07-29T20:21:25+02:00,WALK,,,,141.41666666666666,10338.03,141.41666666666666,0.0,10338.03,0.0,complete_route,True,0,282.91666666666663,20676.06,282.91666666666663,0.0,20676.06,0.0
MAD-088,El Goloso,Fuencarral - El Pardo,DEST_001,Puerta del Sol,BICYCLE,Bicicleta,2026-07-29,2026-07-29T09:00:00+02:00,success,[],,2026-07-29T18:00:00+02:00,success,[],,2026-07-29T07:30:23+02:00,2026-07-29T09:00:00+02:00,BICYCLE,,,,89.61666666666666,21858.85,0.0,0.0,0.0,0.0,2026-07-29T18:00:00+02:00,2026-07-29T19:34:20+02:00,BICYCLE,,,,94.33333333333331,21801.74,0.0,0.0,0.0,0.0,complete_route,True,0,183.95,43660.59,0.0,0.0,0.0,0.0
MAD-088,El Goloso,Fuencarral - El Pardo,DEST_001,Puerta del Sol,CAR,Coche,2026-07-29,2026-07-29T09:00:00+02:00,success,[],,2026-07-29T18:00:00+02:00,success,[],,2026-07-29T08:39:41+02:00,2026-07-29T09:00:00+02:00,CAR,,,,20.316666666666663,16889.6,0.0,0.0,0.0,0.0,2026-07-29T18:00:00+02:00,2026-07-29T18:20:05+02:00,CAR,,,,20.08333333333333,16612.78,0.0,0.0,0.0,0.0,complete_route,True,0,40.39999999999999,33502.38,0.0,0.0,0.0,0.0
MAD-088,El Goloso,Fuencarral - El Pardo,DEST_001,Puerta del Sol,TRANSIT,Transporte público,2026-07-29,2026-07-29T09:00:00+02:00,success,[],,2026-07-29T18:00:00+02:00,success,[],,2026-07-29T07:36:52+02:00,2026-07-29T08:59:43+02:00,WALK|BUS,BUS,713|27,Consorcio Regional de Transportes de Madrid|Información oficial: Consorcio Regional de Transportes de Madrid,82.85,17644.64,32.233333333333334,7.0,2317.64,1.0,2026-07-29T18:00:00+02:00,2026-07-29T19:15:46+02:00,WALK|BUS,BUS,27|714,Información oficial: Consorcio Regional de Transportes de Madrid|Consorcio Regional de Transportes de Madrid,75.76666666666667,17254.23,23.516666666666666,9.183333333333334,1714.23,1.0,complete_route,True,0,158.61666666666667,34898.869999999995,55.75,16.183333333333334,4031.87,2.0
MAD-088,El Goloso,Fuencarral - El Pardo,DEST_001,Puerta del Sol,WALK,A pie,2026-07-29,2026-07-29T09:00:00+02:00,success,[],,2026-07-29T18:00:00+02:00,success,[],,2026-07-29T05:20:46+02:00,2026-07-29T09:00:00+02:00,WALK,,,,219.2333333333333,16464.37,219.2333333333333,0.0,16464.37,0.0,2026-07-29T18:00:00+02:00,2026-07-29T21:36:35+02:00,WALK,,,,216.5833333333333,16256.27,216.5833333333333,0.0,16256.27,0.0,complete_route,True,0,435.8166666666666,32720.64,435.8166666666666,0.0,32720.64,0.0
MAD-091,Casa de Campo,Moncloa - Aravaca,DEST_001,Puerta del Sol,BICYCLE,Bicicleta,2026-07-29,2026-07-29T09:00:00+02:00,success,[],,2026-07-29T18:00:00+02:00,success,[],,2026-07-29T08:36:52+02:00,2026-07-29T09:00:00+02:00,BICYCLE,,,,23.133333333333333,5074.59,0.0,0.0,0.0,0.0,2026-07-29T18:00:00+02:00,2026-07-29T18:23:19+02:00,BICYCLE,,,,23.316666666666663,5133.3,0.0,0.0,0.0,0.0,complete_route,True,0,46.449999999999996,10207.89,0.0,0.0,0.0,0.0
MAD-091,Casa de Campo,Moncloa - Aravaca,DEST_001,Puerta del Sol,CAR,Coche,2026-07-29,2026-07-29T09:00:00+02:00,no_route,"[{""code"":""NO_DIRECT_MODE_CONNECTION"",""description"":""No route found for the requested direct mode. The origin and destination may be too far apart or not connected by the requested mode of transport."",""inputField"":null}]",,2026-07-29T18:00:00+02:00,no_route,"[{""code"":""NO_DIRECT_MODE_CONNECTION"",""description"":""No route found for the requested direct mode. The origin and destination may be too far apart or not connected by the requested mode of transport."",""inputField"":null}]",,,,,,,,,,,,,,,,,,,,,,,,,,no_route,False,2,,,,,,
MAD-091,Casa de Campo,Moncloa - Aravaca,DEST_001,Puerta del Sol,TRANSIT,Transporte público,2026-07-29,2026-07-29T09:00:00+02:00,success,[],,2026-07-29T18:00:00+02:00,success,[],,2026-07-29T07:59:00+02:00,2026-07-29T08:55:01+02:00,WALK|BUS,BUS,31,Información oficial: Consorcio Regional de Transportes de Madrid,56.016666666666666,4690.44,39.25,7.0,2920.44,0.0,2026-07-29T18:00:00+02:00,2026-07-29T18:56:32+02:00,WALK|BUS,BUS,31,Información oficial: Consorcio Regional de Transportes de Madrid,56.53333333333333,4721.86,37.7,8.0,2843.86,0.0,complete_route,True,0,112.55,9412.3,76.95,15.0,5764.3,0.0
MAD-091,Casa de Campo,Moncloa - Aravaca,DEST_001,Puerta del Sol,WALK,A pie,2026-07-29,2026-07-29T09:00:00+02:00,success,[],,2026-07-29T18:00:00+02:00,success,[],,2026-07-29T07:59:22+02:00,2026-07-29T09:00:00+02:00,WALK,,,,60.63333333333333,4480.46,60.63333333333333,0.0,4480.46,0.0,2026-07-29T18:00:00+02:00,2026-07-29T19:00:32+02:00,WALK,,,,60.53333333333333,4480.46,60.53333333333333,0.0,4480.46,0.0,complete_route,True,0,121.16666666666666,8960.92,121.16666666666666,0.0,8960.92,0.0
MAD-092,Argüelles,Moncloa - Aravaca,DEST_001,Puerta del Sol,BICYCLE,Bicicleta,2026-07-29,2026-07-29T09:00:00+02:00,success,[],,2026-07-29T18:00:00+02:00,success,[],,2026-07-29T08:47:46+02:00,2026-07-29T09:00:00+02:00,BICYCLE,,,,12.233333333333333,2238.05,0.0,0.0,0.0,0.0,2026-07-29T18:00:00+02:00,2026-07-29T18:12:20+02:00,BICYCLE,,,,12.333333333333334,2683.0,0.0,0.0,0.0,0.0,complete_route,True,0,24.566666666666666,4921.05,0.0,0.0,0.0,0.0
MAD-092,Argüelles,Moncloa - Aravaca,DEST_001,Puerta del Sol,CAR,Coche,2026-07-29,2026-07-29T09:00:00+02:00,success,[],,2026-07-29T18:00:00+02:00,success,[],,2026-07-29T08:52:23+02:00,2026-07-29T09:00:00+02:00,CAR,,,,7.616666666666666,3182.7,0.0,0.0,0.0,0.0,2026-07-29T18:00:00+02:00,2026-07-29T18:07:14+02:00,CAR,,,,7.233333333333333,3040.48,0.0,0.0,0.0,0.0,complete_route,True,0,14.85,6223.18,0.0,0.0,0.0,0.0
MAD-092,Argüelles,Moncloa - Aravaca,DEST_001,Puerta del Sol,TRANSIT,Transporte público,2026-07-29,2026-07-29T09:00:00+02:00,success,[],,2026-07-29T18:00:00+02:00,no_route,"[{""code"":""WALKING_BETTER_THAN_TRANSIT"",""description"":""ES-los Origin is within a trivial distance of the destination."",""inputField"":null}]",,2026-07-29T08:32:00+02:00,2026-07-29T08:58:12+02:00,WALK|BUS,BUS,133,Información oficial: Consorcio Regional de Transportes de Madrid,26.2,2184.2,15.766666666666667,7.0,1208.2,0.0,,,,,,,,,,,,,partial_route,False,1,,,,,,
MAD-092,Argüelles,Moncloa - Aravaca,DEST_001,Puerta del Sol,WALK,A pie,2026-07-29,2026-07-29T09:00:00+02:00,success,[],,2026-07-29T18:00:00+02:00,success,[],,2026-07-29T08:33:37+02:00,2026-07-29T09:00:00+02:00,WALK,,,,26.383333333333333,2052.01,26.383333333333333,0.0,2052.01,0.0,2026-07-29T18:00:00+02:00,2026-07-29T18:26:17+02:00,WALK,,,,26.28333333333333,2052.01,26.28333333333333,0.0,2052.01,0.0,complete_route,True,0,52.666666666666664,4104.02,52.666666666666664,0.0,4104.02,0.0
MAD-093,Ciudad Universitaria,Moncloa - Aravaca,DEST_001,Puerta del Sol,BICYCLE,Bicicleta,2026-07-29,2026-07-29T09:00:00+02:00,success,[],,2026-07-29T18:00:00+02:00,success,[],,2026-07-29T08:21:25+02:00,2026-07-29T09:00:00+02:00,BICYCLE,,,,38.583333333333336,7079.67,0.0,0.0,0.0,0.0,2026-07-29T18:00:00+02:00,2026-07-29T18:44:10+02:00,BICYCLE,,,,44.16666666666666,8557.0,0.0,0.0,0.0,0.0,complete_route,True,0,82.75,15636.67,0.0,0.0,0.0,0.0
MAD-093,Ciudad Universitaria,Moncloa - Aravaca,DEST_001,Puerta del Sol,CAR,Coche,2026-07-29,2026-07-29T09:00:00+02:00,no_route,"[{""code"":""NO_DIRECT_MODE_CONNECTION"",""description"":""No route found for the requested direct mode. The origin and destination may be too far apart or not connected by the requested mode of transport."",""inputField"":null}]",,2026-07-29T18:00:00+02:00,no_route,"[{""code"":""NO_DIRECT_MODE_CONNECTION"",""description"":""No route found for the requested direct mode. The origin and destination may be too far apart or not connected by the requested mode of transport."",""inputField"":null}]",,,,,,,,,,,,,,,,,,,,,,,,,,no_route,False,2,,,,,,
MAD-093,Ciudad Universitaria,Moncloa - Aravaca,DEST_001,Puerta del Sol,TRANSIT,Transporte público,2026-07-29,2026-07-29T09:00:00+02:00,success,[],,2026-07-29T18:00:00+02:00,success,[],,2026-07-29T07:54:00+02:00,2026-07-29T08:53:30+02:00,WALK|BUS,BUS,82|133,Información oficial: Consorcio Regional de Transportes de Madrid,59.5,6538.93,22.45,18.0,1715.9299999999998,1.0,2026-07-29T18:00:00+02:00,2026-07-29T18:59:50+02:00,WALK|BUS,BUS,133,Información oficial: Consorcio Regional de Transportes de Madrid,59.833333333333336,6762.33,35.766666666666666,8.0,2701.33,0.0,complete_route,True,0,119.33333333333334,13301.26,58.21666666666667,26.0,4417.26,1.0
MAD-093,Ciudad Universitaria,Moncloa - Aravaca,DEST_001,Puerta del Sol,WALK,A pie,2026-07-29,2026-07-29T09:00:00+02:00,success,[],,2026-07-29T18:00:00+02:00,success,[],,2026-07-29T07:32:53+02:00,2026-07-29T09:00:00+02:00,WALK,,,,87.11666666666666,6419.87,87.11666666666666,0.0,6419.87,0.0,2026-07-29T18:00:00+02:00,2026-07-29T19:27:04+02:00,WALK,,,,87.06666666666666,6419.87,87.06666666666666,0.0,6419.87,0.0,complete_route,True,0,174.18333333333334,12839.74,174.18333333333334,0.0,12839.74,0.0
MAD-094,Valdezarza,Moncloa - Aravaca,DEST_001,Puerta del Sol,BICYCLE,Bicicleta,2026-07-29,2026-07-29T09:00:00+02:00,success,[],,2026-07-29T18:00:00+02:00,success,[],,2026-07-29T08:23:34+02:00,2026-07-29T09:00:00+02:00,BICYCLE,,,,36.43333333333333,7661.29,0.0,0.0,0.0,0.0,2026-07-29T18:00:00+02:00,2026-07-29T18:37:23+02:00,BICYCLE,,,,37.38333333333333,7741.01,0.0,0.0,0.0,0.0,complete_route,True,0,73.81666666666666,15402.3,0.0,0.0,0.0,0.0
MAD-094,Valdezarza,Moncloa - Aravaca,DEST_001,Puerta del Sol,CAR,Coche,2026-07-29,2026-07-29T09:00:00+02:00,success,[],,2026-07-29T18:00:00+02:00,success,[],,2026-07-29T08:45:24+02:00,2026-07-29T09:00:00+02:00,CAR,,,,14.6,7625.59,0.0,0.0,0.0,0.0,2026-07-29T18:00:00+02:00,2026-07-29T18:13:49+02:00,CAR,,,,13.816666666666666,6999.86,0.0,0.0,0.0,0.0,complete_route,True,0,28.416666666666664,14625.45,0.0,0.0,0.0,0.0
MAD-094,Valdezarza,Moncloa - Aravaca,DEST_001,Puerta del Sol,TRANSIT,Transporte público,2026-07-29,2026-07-29T09:00:00+02:00,success,[],,2026-07-29T18:00:00+02:00,success,[],,2026-07-29T07:41:33+02:00,2026-07-29T08:55:04+02:00,WALK|BUS,BUS,44,Información oficial: Consorcio Regional de Transportes de Madrid,73.51666666666667,7804.92,23.5,10.0,1775.92,0.0,2026-07-29T18:00:00+02:00,2026-07-29T19:06:54+02:00,WALK|BUS,BUS,133|82,Información oficial: Consorcio Regional de Transportes de Madrid,66.9,7435.95,24.383333333333333,20.0,1714.9499999999998,1.0,complete_route,True,0,140.41666666666669,15240.869999999999,47.88333333333333,30.0,3490.87,1.0
MAD-094,Valdezarza,Moncloa - Aravaca,DEST_001,Puerta del Sol,WALK,A pie,2026-07-29,2026-07-29T09:00:00+02:00,success,[],,2026-07-29T18:00:00+02:00,success,[],,2026-07-29T07:32:35+02:00,2026-07-29T09:00:00+02:00,WALK,,,,87.41666666666667,6446.63,87.41666666666667,0.0,6446.63,0.0,2026-07-29T18:00:00+02:00,2026-07-29T19:27:20+02:00,WALK,,,,87.33333333333333,6446.63,87.33333333333333,0.0,6446.63,0.0,complete_route,True,0,174.75,12893.26,174.75,0.0,12893.26,0.0
MAD-095,Valdemarín,Moncloa - Aravaca,DEST_001,Puerta del Sol,BICYCLE,Bicicleta,2026-07-29,2026-07-29T09:00:00+02:00,success,[],,2026-07-29T18:00:00+02:00,success,[],,2026-07-29T08:11:08+02:00,2026-07-29T09:00:00+02:00,BICYCLE,,,,48.86666666666667,12550.69,0.0,0.0,0.0,0.0,2026-07-29T18:00:00+02:00,2026-07-29T18:47:43+02:00,BICYCLE,,,,47.71666666666667,12359.38,0.0,0.0,0.0,0.0,complete_route,True,0,96.58333333333334,24910.07,0.0,0.0,0.0,0.0
MAD-095,Valdemarín,Moncloa - Aravaca,DEST_001,Puerta del Sol,CAR,Coche,2026-07-29,2026-07-29T09:00:00+02:00,success,[],,2026-07-29T18:00:00+02:00,success,[],,2026-07-29T08:44:16+02:00,2026-07-29T09:00:00+02:00,CAR,,,,15.733333333333333,11328.62,0.0,0.0,0.0,0.0,2026-07-29T18:00:00+02:00,2026-07-29T18:12:23+02:00,CAR,,,,12.383333333333333,10128.92,0.0,0.0,0.0,0.0,complete_route,True,0,28.116666666666667,21457.54,0.0,0.0,0.0,0.0
MAD-095,Valdemarín,Moncloa - Aravaca,DEST_001,Puerta del Sol,TRANSIT,Transporte público,2026-07-29,2026-07-29T09:00:00+02:00,success,[],,2026-07-29T18:00:00+02:00,success,[],,2026-07-29T08:05:18+02:00,2026-07-29T08:57:52+02:00,WALK|BUS,BUS,625|133,Consorcio Regional de Transportes de Madrid|Información oficial: Consorcio Regional de Transportes de Madrid,52.56666666666667,10483.89,30.55,9.0,2335.89,1.0,2026-07-29T18:00:00+02:00,2026-07-29T19:06:02+02:00,WALK|BUS,BUS,133|624|162,Información oficial: Consorcio Regional de Transportes de Madrid|Consorcio Regional de Transportes de Madrid,66.03333333333333,10461.47,18.383333333333333,24.9,1359.4699999999998,2.0,complete_route,True,0,118.6,20945.36,48.93333333333334,33.9,3695.3599999999997,3.0
MAD-095,Valdemarín,Moncloa - Aravaca,DEST_001,Puerta del Sol,WALK,A pie,2026-07-29,2026-07-29T09:00:00+02:00,success,[],,2026-07-29T18:00:00+02:00,success,[],,2026-07-29T06:34:17+02:00,2026-07-29T09:00:00+02:00,WALK,,,,145.71666666666667,11251.41,145.71666666666667,0.0,11251.41,0.0,2026-07-29T18:00:00+02:00,2026-07-29T20:26:07+02:00,WALK,,,,146.11666666666667,11308.48,146.11666666666667,0.0,11308.48,0.0,complete_route,True,0,291.83333333333337,22559.89,291.83333333333337,0.0,22559.89,0.0
MAD-096,El Plantío,Moncloa - Aravaca,DEST_001,Puerta del Sol,BICYCLE,Bicicleta,2026-07-29,2026-07-29T09:00:00+02:00,success,[],,2026-07-29T18:00:00+02:00,success,[],,2026-07-29T07:55:09+02:00,2026-07-29T09:00:00+02:00,BICYCLE,,,,64.85,16208.69,0.0,0.0,0.0,0.0,2026-07-29T18:00:00+02:00,2026-07-29T18:59:49+02:00,BICYCLE,,,,59.81666666666667,15910.08,0.0,0.0,0.0,0.0,complete_route,True,0,124.66666666666666,32118.77,0.0,0.0,0.0,0.0
MAD-096,El Plantío,Moncloa - Aravaca,DEST_001,Puerta del Sol,CAR,Coche,2026-07-29,2026-07-29T09:00:00+02:00,success,[],,2026-07-29T18:00:00+02:00,success,[],,2026-07-29T08:41:25+02:00,2026-07-29T09:00:00+02:00,CAR,,,,18.58333333333333,13825.04,0.0,0.0,0.0,0.0,2026-07-29T18:00:00+02:00,2026-07-29T18:13:48+02:00,CAR,,,,13.8,12889.2,0.0,0.0,0.0,0.0,complete_route,True,0,32.383333333333326,26714.24,0.0,0.0,0.0,0.0
MAD-096,El Plantío,Moncloa - Aravaca,DEST_001,Puerta del Sol,TRANSIT,Transporte público,2026-07-29,2026-07-29T09:00:00+02:00,success,[],,2026-07-29T18:00:00+02:00,success,[],,2026-07-29T07:56:00+02:00,2026-07-29T08:57:52+02:00,WALK|BUS,BUS,162|625|133,Información oficial: Consorcio Regional de Transportes de Madrid|Consorcio Regional de Transportes de Madrid,61.86666666666667,13680.0,15.1,21.7,1125.0,2.0,2026-07-29T18:00:00+02:00,2026-07-29T18:55:44+02:00,WALK|BUS,BUS,133|624|652,Información oficial: Consorcio Regional de Transportes de Madrid|Consorcio Regional de Transportes de Madrid,55.73333333333333,16438.69,19.216666666666665,15.633333333333333,1418.6899999999998,2.0,complete_route,True,0,117.6,30118.69,34.31666666666666,37.33333333333333,2543.6899999999996,4.0
MAD-096,El Plantío,Moncloa - Aravaca,DEST_001,Puerta del Sol,WALK,A pie,2026-07-29,2026-07-29T09:00:00+02:00,success,[],,2026-07-29T18:00:00+02:00,success,[],,2026-07-29T06:01:54+02:00,2026-07-29T09:00:00+02:00,WALK,,,,178.1,13807.4,178.1,0.0,13807.4,0.0,2026-07-29T18:00:00+02:00,2026-07-29T20:58:31+02:00,WALK,,,,178.51666666666668,13864.47,178.51666666666668,0.0,13864.47,0.0,complete_route,True,0,356.6166666666667,27671.87,356.6166666666667,0.0,27671.87,0.0
MAD-097,Aravaca,Moncloa - Aravaca,DEST_001,Puerta del Sol,BICYCLE,Bicicleta,2026-07-29,2026-07-29T09:00:00+02:00,success,[],,2026-07-29T18:00:00+02:00,success,[],,2026-07-29T08:18:01+02:00,2026-07-29T09:00:00+02:00,BICYCLE,,,,41.98333333333333,9819.19,0.0,0.0,0.0,0.0,2026-07-29T18:00:00+02:00,2026-07-29T18:42:06+02:00,BICYCLE,,,,42.1,9933.68,0.0,0.0,0.0,0.0,complete_route,True,0,84.08333333333333,19752.870000000003,0.0,0.0,0.0,0.0
MAD-097,Aravaca,Moncloa - Aravaca,DEST_001,Puerta del Sol,CAR,Coche,2026-07-29,2026-07-29T09:00:00+02:00,success,[],,2026-07-29T18:00:00+02:00,success,[],,2026-07-29T08:45:25+02:00,2026-07-29T09:00:00+02:00,CAR,,,,14.583333333333334,9699.52,0.0,0.0,0.0,0.0,2026-07-29T18:00:00+02:00,2026-07-29T18:13:02+02:00,CAR,,,,13.033333333333331,10043.48,0.0,0.0,0.0,0.0,complete_route,True,0,27.616666666666667,19743.0,0.0,0.0,0.0,0.0
MAD-097,Aravaca,Moncloa - Aravaca,DEST_001,Puerta del Sol,TRANSIT,Transporte público,2026-07-29,2026-07-29T09:00:00+02:00,success,[],,2026-07-29T18:00:00+02:00,success,[],,2026-07-29T08:07:07+02:00,2026-07-29T08:58:21+02:00,WALK|BUS,BUS,657|643|133,Consorcio Regional de Transportes de Madrid|Información oficial: Consorcio Regional de Transportes de Madrid,51.23333333333333,10533.89,20.766666666666666,11.683333333333334,1586.89,2.0,2026-07-29T18:00:00+02:00,2026-07-29T19:13:03+02:00,WALK|BUS,BUS,133|160,Información oficial: Consorcio Regional de Transportes de Madrid,73.05,9803.46,15.883333333333333,27.0,1166.46,1.0,complete_route,True,0,124.28333333333333,20337.35,36.65,38.68333333333334,2753.3500000000004,3.0
MAD-097,Aravaca,Moncloa - Aravaca,DEST_001,Puerta del Sol,WALK,A pie,2026-07-29,2026-07-29T09:00:00+02:00,success,[],,2026-07-29T18:00:00+02:00,success,[],,2026-07-29T07:04:47+02:00,2026-07-29T09:00:00+02:00,WALK,,,,115.21666666666668,8868.2,115.21666666666668,0.0,8868.2,0.0,2026-07-29T18:00:00+02:00,2026-07-29T19:55:38+02:00,WALK,,,,115.63333333333334,8925.27,115.63333333333334,0.0,8925.27,0.0,complete_route,True,0,230.85000000000002,17793.47,230.85000000000002,0.0,17793.47,0.0
MAD-101,Los Cármenes,Latina,DEST_001,Puerta del Sol,BICYCLE,Bicicleta,2026-07-29,2026-07-29T09:00:00+02:00,success,[],,2026-07-29T18:00:00+02:00,success,[],,2026-07-29T08:38:31+02:00,2026-07-29T09:00:00+02:00,BICYCLE,,,,21.48333333333333,4443.08,0.0,0.0,0.0,0.0,2026-07-29T18:00:00+02:00,2026-07-29T18:22:21+02:00,BICYCLE,,,,22.35,4580.92,0.0,0.0,0.0,0.0,complete_route,True,0,43.83333333333333,9024.0,0.0,0.0,0.0,0.0
MAD-101,Los Cármenes,Latina,DEST_001,Puerta del Sol,CAR,Coche,2026-07-29,2026-07-29T09:00:00+02:00,success,[],,2026-07-29T18:00:00+02:00,success,[],,2026-07-29T08:47:11+02:00,2026-07-29T09:00:00+02:00,CAR,,,,12.816666666666666,6207.25,0.0,0.0,0.0,0.0,2026-07-29T18:00:00+02:00,2026-07-29T18:13:26+02:00,CAR,,,,13.433333333333334,6031.05,0.0,0.0,0.0,0.0,complete_route,True,0,26.25,12238.3,0.0,0.0,0.0,0.0
MAD-101,Los Cármenes,Latina,DEST_001,Puerta del Sol,TRANSIT,Transporte público,2026-07-29,2026-07-29T09:00:00+02:00,success,[],,2026-07-29T18:00:00+02:00,success,[],,2026-07-29T08:07:00+02:00,2026-07-29T08:53:11+02:00,WALK|BUS,BUS,17,Información oficial: Consorcio Regional de Transportes de Madrid,46.18333333333333,4913.64,14.6,10.0,1047.64,0.0,2026-07-29T18:00:00+02:00,2026-07-29T18:46:29+02:00,WALK|BUS,BUS,17,Información oficial: Consorcio Regional de Transportes de Madrid,46.48333333333333,4686.63,15.083333333333334,10.0,1096.63,0.0,complete_route,True,0,92.66666666666666,9600.27,29.683333333333334,20.0,2144.2700000000004,0.0
MAD-101,Los Cármenes,Latina,DEST_001,Puerta del Sol,WALK,A pie,2026-07-29,2026-07-29T09:00:00+02:00,success,[],,2026-07-29T18:00:00+02:00,success,[],,2026-07-29T08:02:23+02:00,2026-07-29T09:00:00+02:00,WALK,,,,57.61666666666667,4316.0,57.61666666666667,0.0,4316.0,0.0,2026-07-29T18:00:00+02:00,2026-07-29T18:58:12+02:00,WALK,,,,58.2,4351.07,58.2,0.0,4351.07,0.0,complete_route,True,0,115.81666666666666,8667.07,115.81666666666666,0.0,8667.07,0.0
MAD-102,Puerta del Ángel,Latina,DEST_001,Puerta del Sol,BICYCLE,Bicicleta,2026-07-29,2026-07-29T09:00:00+02:00,success,[],,2026-07-29T18:00:00+02:00,success,[],,2026-07-29T08:45:15+02:00,2026-07-29T09:00:00+02:00,BICYCLE,,,,14.75,3002.02,0.0,0.0,0.0,0.0,2026-07-29T18:00:00+02:00,2026-07-29T18:15:31+02:00,BICYCLE,,,,15.516666666666667,3019.7,0.0,0.0,0.0,0.0,complete_route,True,0,30.266666666666666,6021.719999999999,0.0,0.0,0.0,0.0
MAD-102,Puerta del Ángel,Latina,DEST_001,Puerta del Sol,CAR,Coche,2026-07-29,2026-07-29T09:00:00+02:00,success,[],,2026-07-29T18:00:00+02:00,success,[],,2026-07-29T08:49:21+02:00,2026-07-29T09:00:00+02:00,CAR,,,,10.65,4870.65,0.0,0.0,0.0,0.0,2026-07-29T18:00:00+02:00,2026-07-29T18:11:01+02:00,CAR,,,,11.016666666666667,4740.0,0.0,0.0,0.0,0.0,complete_route,True,0,21.666666666666668,9610.65,0.0,0.0,0.0,0.0
MAD-102,Puerta del Ángel,Latina,DEST_001,Puerta del Sol,TRANSIT,Transporte público,2026-07-29,2026-07-29T09:00:00+02:00,success,[],,2026-07-29T18:00:00+02:00,success,[],,2026-07-29T08:20:00+02:00,2026-07-29T08:52:04+02:00,WALK|BUS,BUS,31,Información oficial: Consorcio Regional de Transportes de Madrid,32.06666666666667,3058.76,13.416666666666666,7.0,945.76,0.0,2026-07-29T18:00:00+02:00,2026-07-29T18:33:04+02:00,WALK|BUS,BUS,31,Información oficial: Consorcio Regional de Transportes de Madrid,33.06666666666667,3085.5,12.466666666666669,8.0,901.5,0.0,complete_route,True,0,65.13333333333334,6144.26,25.883333333333333,15.0,1847.26,0.0
MAD-102,Puerta del Ángel,Latina,DEST_001,Puerta del Sol,WALK,A pie,2026-07-29,2026-07-29T09:00:00+02:00,success,[],,2026-07-29T18:00:00+02:00,success,[],,2026-07-29T08:20:05+02:00,2026-07-29T09:00:00+02:00,WALK,,,,39.91666666666666,2998.52,39.91666666666666,0.0,2998.52,0.0,2026-07-29T18:00:00+02:00,2026-07-29T18:39:48+02:00,WALK,,,,39.8,2998.52,39.8,0.0,2998.52,0.0,complete_route,True,0,79.71666666666665,5997.04,79.71666666666665,0.0,5997.04,0.0
MAD-103,Lucero,Latina,DEST_001,Puerta del Sol,BICYCLE,Bicicleta,2026-07-29,2026-07-29T09:00:00+02:00,success,[],,2026-07-29T18:00:00+02:00,success,[],,2026-07-29T08:30:50+02:00,2026-07-29T09:00:00+02:00,BICYCLE,,,,29.166666666666668,6288.34,0.0,0.0,0.0,0.0,2026-07-29T18:00:00+02:00,2026-07-29T18:31:00+02:00,BICYCLE,,,,31.0,6313.71,0.0,0.0,0.0,0.0,complete_route,True,0,60.16666666666667,12602.05,0.0,0.0,0.0,0.0
MAD-103,Lucero,Latina,DEST_001,Puerta del Sol,CAR,Coche,2026-07-29,2026-07-29T09:00:00+02:00,success,[],,2026-07-29T18:00:00+02:00,success,[],,2026-07-29T08:46:46+02:00,2026-07-29T09:00:00+02:00,CAR,,,,13.233333333333333,7438.37,0.0,0.0,0.0,0.0,2026-07-29T18:00:00+02:00,2026-07-29T18:12:50+02:00,CAR,,,,12.833333333333334,6811.04,0.0,0.0,0.0,0.0,complete_route,True,0,26.066666666666666,14249.41,0.0,0.0,0.0,0.0
MAD-103,Lucero,Latina,DEST_001,Puerta del Sol,TRANSIT,Transporte público,2026-07-29,2026-07-29T09:00:00+02:00,success,[],,2026-07-29T18:00:00+02:00,success,[],,2026-07-29T08:06:00+02:00,2026-07-29T08:55:40+02:00,WALK|BUS,BUS,65,Información oficial: Consorcio Regional de Transportes de Madrid,49.66666666666666,4985.54,13.916666666666666,14.0,1010.54,0.0,2026-07-29T18:00:00+02:00,2026-07-29T18:46:26+02:00,WALK|BUS,BUS,31,Información oficial: Consorcio Regional de Transportes de Madrid,46.43333333333333,4971.05,16.966666666666665,8.0,1250.05,0.0,complete_route,True,0,96.1,9956.59,30.883333333333333,22.0,2260.59,0.0
MAD-103,Lucero,Latina,DEST_001,Puerta del Sol,WALK,A pie,2026-07-29,2026-07-29T09:00:00+02:00,success,[],,2026-07-29T18:00:00+02:00,success,[],,2026-07-29T07:50:54+02:00,2026-07-29T09:00:00+02:00,WALK,,,,69.1,5248.43,69.1,0.0,5248.43,0.0,2026-07-29T18:00:00+02:00,2026-07-29T19:09:00+02:00,WALK,,,,69.0,5248.43,69.0,0.0,5248.43,0.0,complete_route,True,0,138.1,10496.86,138.1,0.0,10496.86,0.0
MAD-104,Aluche,Latina,DEST_001,Puerta del Sol,BICYCLE,Bicicleta,2026-07-29,2026-07-29T09:00:00+02:00,success,[],,2026-07-29T18:00:00+02:00,success,[],,2026-07-29T08:29:26+02:00,2026-07-29T09:00:00+02:00,BICYCLE,,,,30.566666666666663,6584.08,0.0,0.0,0.0,0.0,2026-07-29T18:00:00+02:00,2026-07-29T18:31:47+02:00,BICYCLE,,,,31.78333333333333,6814.92,0.0,0.0,0.0,0.0,complete_route,True,0,62.349999999999994,13399.0,0.0,0.0,0.0,0.0
MAD-104,Aluche,Latina,DEST_001,Puerta del Sol,CAR,Coche,2026-07-29,2026-07-29T09:00:00+02:00,success,[],,2026-07-29T18:00:00+02:00,success,[],,2026-07-29T08:45:34+02:00,2026-07-29T09:00:00+02:00,CAR,,,,14.433333333333334,8318.31,0.0,0.0,0.0,0.0,2026-07-29T18:00:00+02:00,2026-07-29T18:14:00+02:00,CAR,,,,14.0,7856.25,0.0,0.0,0.0,0.0,complete_route,True,0,28.433333333333334,16174.56,0.0,0.0,0.0,0.0
MAD-104,Aluche,Latina,DEST_001,Puerta del Sol,TRANSIT,Transporte público,2026-07-29,2026-07-29T09:00:00+02:00,success,[],,2026-07-29T18:00:00+02:00,success,[],,2026-07-29T08:06:00+02:00,2026-07-29T08:59:26+02:00,WALK|BUS,BUS,31,Información oficial: Consorcio Regional de Transportes de Madrid,53.43333333333333,6752.86,15.25,7.0,1089.86,0.0,2026-07-29T18:00:00+02:00,2026-07-29T18:53:36+02:00,WALK|BUS,BUS,31,Información oficial: Consorcio Regional de Transportes de Madrid,53.6,6654.37,12.65,8.0,943.37,0.0,complete_route,True,0,107.03333333333333,13407.23,27.9,15.0,2033.23,0.0
MAD-104,Aluche,Latina,DEST_001,Puerta del Sol,WALK,A pie,2026-07-29,2026-07-29T09:00:00+02:00,success,[],,2026-07-29T18:00:00+02:00,success,[],,2026-07-29T07:36:31+02:00,2026-07-29T09:00:00+02:00,WALK,,,,83.48333333333333,6302.02,83.48333333333333,0.0,6302.02,0.0,2026-07-29T18:00:00+02:00,2026-07-29T19:24:03+02:00,WALK,,,,84.05,6337.08,84.05,0.0,6337.08,0.0,complete_route,True,0,167.53333333333333,12639.1,167.53333333333333,0.0,12639.1,0.0
MAD-105,Campamento,Latina,DEST_001,Puerta del Sol,BICYCLE,Bicicleta,2026-07-29,2026-07-29T09:00:00+02:00,success,[],,2026-07-29T18:00:00+02:00,success,[],,2026-07-29T08:04:10+02:00,2026-07-29T09:00:00+02:00,BICYCLE,,,,55.833333333333336,14068.28,0.0,0.0,0.0,0.0,2026-07-29T18:00:00+02:00,2026-07-29T18:57:31+02:00,BICYCLE,,,,57.516666666666666,13824.57,0.0,0.0,0.0,0.0,complete_route,True,0,113.35,27892.85,0.0,0.0,0.0,0.0
MAD-105,Campamento,Latina,DEST_001,Puerta del Sol,CAR,Coche,2026-07-29,2026-07-29T09:00:00+02:00,success,[],,2026-07-29T18:00:00+02:00,success,[],,2026-07-29T08:37:32+02:00,2026-07-29T09:00:00+02:00,CAR,,,,22.466666666666665,23097.01,0.0,0.0,0.0,0.0,2026-07-29T18:00:00+02:00,2026-07-29T18:16:56+02:00,CAR,,,,16.933333333333334,16604.67,0.0,0.0,0.0,0.0,complete_route,True,0,39.4,39701.67999999999,0.0,0.0,0.0,0.0
MAD-105,Campamento,Latina,DEST_001,Puerta del Sol,TRANSIT,Transporte público,2026-07-29,2026-07-29T09:00:00+02:00,no_route,"[{""code"":""NO_TRANSIT_CONNECTION_IN_SEARCH_WINDOW"",""description"":""ES-los trip is not possible.  Please check that you plan is within the bound of the map."",""inputField"":""DATE_TIME""}]",,2026-07-29T18:00:00+02:00,success,[],,,,,,,,,,,,,,2026-07-29T18:00:00+02:00,2026-07-29T19:44:41+02:00,WALK|BUS,BUS,39,Información oficial: Consorcio Regional de Transportes de Madrid,104.68333333333334,13780.04,55.266666666666666,10.0,4336.04,0.0,partial_route,False,1,,,,,,
MAD-105,Campamento,Latina,DEST_001,Puerta del Sol,WALK,A pie,2026-07-29,2026-07-29T09:00:00+02:00,success,[],,2026-07-29T18:00:00+02:00,success,[],,2026-07-29T06:25:22+02:00,2026-07-29T09:00:00+02:00,WALK,,,,154.63333333333333,11968.7,154.63333333333333,0.0,11968.7,0.0,2026-07-29T18:00:00+02:00,2026-07-29T20:34:32+02:00,WALK,,,,154.53333333333333,11968.7,154.53333333333333,0.0,11968.7,0.0,complete_route,True,0,309.16666666666663,23937.4,309.16666666666663,0.0,23937.4,0.0
MAD-106,Cuatro Vientos,Latina,DEST_001,Puerta del Sol,BICYCLE,Bicicleta,2026-07-29,2026-07-29T09:00:00+02:00,success,[],,2026-07-29T18:00:00+02:00,success,[],,2026-07-29T07:54:09+02:00,2026-07-29T09:00:00+02:00,BICYCLE,,,,65.85,15905.33,0.0,0.0,0.0,0.0,2026-07-29T18:00:00+02:00,2026-07-29T18:55:48+02:00,BICYCLE,,,,55.8,12487.76,0.0,0.0,0.0,0.0,complete_route,True,0,121.64999999999999,28393.09,0.0,0.0,0.0,0.0
MAD-106,Cuatro Vientos,Latina,DEST_001,Puerta del Sol,CAR,Coche,2026-07-29,2026-07-29T09:00:00+02:00,success,[],,2026-07-29T18:00:00+02:00,success,[],,2026-07-29T08:39:58+02:00,2026-07-29T09:00:00+02:00,CAR,,,,20.03333333333333,15231.03,0.0,0.0,0.0,0.0,2026-07-29T18:00:00+02:00,2026-07-29T18:17:29+02:00,CAR,,,,17.483333333333334,14418.35,0.0,0.0,0.0,0.0,complete_route,True,0,37.516666666666666,29649.38,0.0,0.0,0.0,0.0
MAD-106,Cuatro Vientos,Latina,DEST_001,Puerta del Sol,TRANSIT,Transporte público,2026-07-29,2026-07-29T09:00:00+02:00,success,[],,2026-07-29T18:00:00+02:00,success,[],,2026-07-29T07:30:07+02:00,2026-07-29T08:56:47+02:00,WALK|BUS,BUS,487|17,Consorcio Regional de Transportes de Madrid|Información oficial: Consorcio Regional de Transportes de Madrid,86.66666666666667,12245.33,23.516666666666666,12.0,1799.33,1.0,2026-07-29T18:09:00+02:00,2026-07-29T19:26:48+02:00,WALK|BUS,BUS,17|486,Información oficial: Consorcio Regional de Transportes de Madrid|Consorcio Regional de Transportes de Madrid,77.8,10990.25,23.25,12.333333333333334,1779.25,1.0,complete_route,True,0,164.46666666666667,23235.58,46.766666666666666,24.333333333333336,3578.58,2.0
MAD-106,Cuatro Vientos,Latina,DEST_001,Puerta del Sol,WALK,A pie,2026-07-29,2026-07-29T09:00:00+02:00,success,[],,2026-07-29T18:00:00+02:00,success,[],,2026-07-29T06:39:27+02:00,2026-07-29T09:00:00+02:00,WALK,,,,140.55,10662.95,140.55,0.0,10662.95,0.0,2026-07-29T18:00:00+02:00,2026-07-29T20:20:27+02:00,WALK,,,,140.45,10662.95,140.45,0.0,10662.95,0.0,complete_route,True,0,281.0,21325.9,281.0,0.0,21325.9,0.0
MAD-107,Águilas,Latina,DEST_001,Puerta del Sol,BICYCLE,Bicicleta,2026-07-29,2026-07-29T09:00:00+02:00,success,[],,2026-07-29T18:00:00+02:00,success,[],,2026-07-29T08:18:02+02:00,2026-07-29T09:00:00+02:00,BICYCLE,,,,41.96666666666667,8997.63,0.0,0.0,0.0,0.0,2026-07-29T18:00:00+02:00,2026-07-29T18:41:36+02:00,BICYCLE,,,,41.6,8909.68,0.0,0.0,0.0,0.0,complete_route,True,0,83.56666666666666,17907.309999999998,0.0,0.0,0.0,0.0
MAD-107,Águilas,Latina,DEST_001,Puerta del Sol,CAR,Coche,2026-07-29,2026-07-29T09:00:00+02:00,success,[],,2026-07-29T18:00:00+02:00,success,[],,2026-07-29T08:41:39+02:00,2026-07-29T09:00:00+02:00,CAR,,,,18.35,10383.26,0.0,0.0,0.0,0.0,2026-07-29T18:00:00+02:00,2026-07-29T18:18:18+02:00,CAR,,,,18.3,9709.2,0.0,0.0,0.0,0.0,complete_route,True,0,36.650000000000006,20092.46,0.0,0.0,0.0,0.0
MAD-107,Águilas,Latina,DEST_001,Puerta del Sol,TRANSIT,Transporte público,2026-07-29,2026-07-29T09:00:00+02:00,success,[],,2026-07-29T18:00:00+02:00,success,[],,2026-07-29T07:47:00+02:00,2026-07-29T08:59:51+02:00,WALK|BUS,BUS,17,Información oficial: Consorcio Regional de Transportes de Madrid,72.85,9503.35,16.633333333333333,10.0,1224.35,0.0,2026-07-29T18:00:00+02:00,2026-07-29T19:12:10+02:00,WALK|BUS,BUS,17,Información oficial: Consorcio Regional de Transportes de Madrid,72.16666666666667,8730.47,18.08333333333333,10.0,1322.4699999999998,0.0,complete_route,True,0,145.01666666666665,18233.82,34.71666666666666,20.0,2546.8199999999997,0.0
MAD-107,Águilas,Latina,DEST_001,Puerta del Sol,WALK,A pie,2026-07-29,2026-07-29T09:00:00+02:00,success,[],,2026-07-29T18:00:00+02:00,success,[],,2026-07-29T07:06:01+02:00,2026-07-29T09:00:00+02:00,WALK,,,,113.98333333333332,8577.51,113.98333333333332,0.0,8577.51,0.0,2026-07-29T18:00:00+02:00,2026-07-29T19:53:52+02:00,WALK,,,,113.86666666666666,8577.51,113.86666666666666,0.0,8577.51,0.0,complete_route,True,0,227.84999999999997,17155.02,227.84999999999997,0.0,17155.02,0.0
MAD-111,Comillas,Carabanchel,DEST_001,Puerta del Sol,BICYCLE,Bicicleta,2026-07-29,2026-07-29T09:00:00+02:00,success,[],,2026-07-29T18:00:00+02:00,success,[],,2026-07-29T08:40:09+02:00,2026-07-29T09:00:00+02:00,BICYCLE,,,,19.85,4273.95,0.0,0.0,0.0,0.0,2026-07-29T18:00:00+02:00,2026-07-29T18:18:39+02:00,BICYCLE,,,,18.65,3972.28,0.0,0.0,0.0,0.0,complete_route,True,0,38.5,8246.23,0.0,0.0,0.0,0.0
MAD-111,Comillas,Carabanchel,DEST_001,Puerta del Sol,CAR,Coche,2026-07-29,2026-07-29T09:00:00+02:00,success,[],,2026-07-29T18:00:00+02:00,success,[],,2026-07-29T08:47:15+02:00,2026-07-29T09:00:00+02:00,CAR,,,,12.75,7383.21,0.0,0.0,0.0,0.0,2026-07-29T18:00:00+02:00,2026-07-29T18:09:36+02:00,CAR,,,,9.6,5145.16,0.0,0.0,0.0,0.0,complete_route,True,0,22.35,12528.369999999999,0.0,0.0,0.0,0.0
MAD-111,Comillas,Carabanchel,DEST_001,Puerta del Sol,TRANSIT,Transporte público,2026-07-29,2026-07-29T09:00:00+02:00,success,[],,2026-07-29T18:00:00+02:00,success,[],,2026-07-29T08:21:00+02:00,2026-07-29T08:58:38+02:00,WALK|BUS,BUS,23,Información oficial: Consorcio Regional de Transportes de Madrid,37.63333333333333,4288.41,13.15,7.0,975.41,0.0,2026-07-29T18:00:00+02:00,2026-07-29T18:40:27+02:00,WALK|BUS,BUS,23,Información oficial: Consorcio Regional de Transportes de Madrid,40.45,3954.28,15.2,9.0,1117.28,0.0,complete_route,True,0,78.08333333333334,8242.69,28.35,16.0,2092.69,0.0
MAD-111,Comillas,Carabanchel,DEST_001,Puerta del Sol,WALK,A pie,2026-07-29,2026-07-29T09:00:00+02:00,success,[],,2026-07-29T18:00:00+02:00,success,[],,2026-07-29T08:12:01+02:00,2026-07-29T09:00:00+02:00,WALK,,,,47.98333333333333,3491.86,47.98333333333333,0.0,3491.86,0.0,2026-07-29T18:00:00+02:00,2026-07-29T18:47:52+02:00,WALK,,,,47.86666666666667,3491.86,47.86666666666667,0.0,3491.86,0.0,complete_route,True,0,95.85,6983.72,95.85,0.0,6983.72,0.0
MAD-112,Opañel,Carabanchel,DEST_001,Puerta del Sol,BICYCLE,Bicicleta,2026-07-29,2026-07-29T09:00:00+02:00,success,[],,2026-07-29T18:00:00+02:00,success,[],,2026-07-29T08:37:21+02:00,2026-07-29T09:00:00+02:00,BICYCLE,,,,22.65,4919.82,0.0,0.0,0.0,0.0,2026-07-29T18:00:00+02:00,2026-07-29T18:20:35+02:00,BICYCLE,,,,20.58333333333333,4271.74,0.0,0.0,0.0,0.0,complete_route,True,0,43.23333333333333,9191.56,0.0,0.0,0.0,0.0
MAD-112,Opañel,Carabanchel,DEST_001,Puerta del Sol,CAR,Coche,2026-07-29,2026-07-29T09:00:00+02:00,success,[],,2026-07-29T18:00:00+02:00,success,[],,2026-07-29T08:45:53+02:00,2026-07-29T09:00:00+02:00,CAR,,,,14.116666666666667,7979.76,0.0,0.0,0.0,0.0,2026-07-29T18:00:00+02:00,2026-07-29T18:11:57+02:00,CAR,,,,11.95,7018.36,0.0,0.0,0.0,0.0,complete_route,True,0,26.066666666666666,14998.119999999999,0.0,0.0,0.0,0.0
MAD-112,Opañel,Carabanchel,DEST_001,Puerta del Sol,TRANSIT,Transporte público,2026-07-29,2026-07-29T09:00:00+02:00,success,[],,2026-07-29T18:00:00+02:00,success,[],,2026-07-29T08:17:00+02:00,2026-07-29T08:59:33+02:00,WALK|BUS,BUS,23,Información oficial: Consorcio Regional de Transportes de Madrid,42.55,4267.85,21.566666666666663,7.0,1616.85,0.0,2026-07-29T18:00:00+02:00,2026-07-29T18:41:12+02:00,WALK|BUS,BUS,35,Información oficial: Consorcio Regional de Transportes de Madrid,41.2,3985.62,13.383333333333333,9.0,1008.62,0.0,complete_route,True,0,83.75,8253.470000000001,34.949999999999996,16.0,2625.47,0.0
MAD-112,Opañel,Carabanchel,DEST_001,Puerta del Sol,WALK,A pie,2026-07-29,2026-07-29T09:00:00+02:00,success,[],,2026-07-29T18:00:00+02:00,success,[],,2026-07-29T08:07:23+02:00,2026-07-29T09:00:00+02:00,WALK,,,,52.61666666666667,3750.18,52.61666666666667,0.0,3750.18,0.0,2026-07-29T18:00:00+02:00,2026-07-29T18:52:30+02:00,WALK,,,,52.5,3750.18,52.5,0.0,3750.18,0.0,complete_route,True,0,105.11666666666667,7500.36,105.11666666666667,0.0,7500.36,0.0
MAD-113,San Isidro,Carabanchel,DEST_001,Puerta del Sol,BICYCLE,Bicicleta,2026-07-29,2026-07-29T09:00:00+02:00,success,[],,2026-07-29T18:00:00+02:00,success,[],,2026-07-29T08:37:35+02:00,2026-07-29T09:00:00+02:00,BICYCLE,,,,22.416666666666668,4061.29,0.0,0.0,0.0,0.0,2026-07-29T18:00:00+02:00,2026-07-29T18:23:20+02:00,BICYCLE,,,,23.33333333333333,4109.52,0.0,0.0,0.0,0.0,complete_route,True,0,45.75,8170.81,0.0,0.0,0.0,0.0
MAD-113,San Isidro,Carabanchel,DEST_001,Puerta del Sol,CAR,Coche,2026-07-29,2026-07-29T09:00:00+02:00,success,[],,2026-07-29T18:00:00+02:00,success,[],,2026-07-29T08:45:34+02:00,2026-07-29T09:00:00+02:00,CAR,,,,14.433333333333334,6952.71,0.0,0.0,0.0,0.0,2026-07-29T18:00:00+02:00,2026-07-29T18:13:30+02:00,CAR,,,,13.5,7276.15,0.0,0.0,0.0,0.0,complete_route,True,0,27.933333333333334,14228.86,0.0,0.0,0.0,0.0
MAD-113,San Isidro,Carabanchel,DEST_001,Puerta del Sol,TRANSIT,Transporte público,2026-07-29,2026-07-29T09:00:00+02:00,success,[],,2026-07-29T18:00:00+02:00,success,[],,2026-07-29T08:09:00+02:00,2026-07-29T08:56:21+02:00,WALK|BUS,BUS,35,Información oficial: Consorcio Regional de Transportes de Madrid,47.35,4480.87,16.183333333333334,11.0,1206.87,0.0,2026-07-29T18:00:00+02:00,2026-07-29T18:43:31+02:00,WALK|BUS,BUS,17,Información oficial: Consorcio Regional de Transportes de Madrid,43.516666666666666,3622.89,20.75,10.0,1478.89,0.0,complete_route,True,0,90.86666666666667,8103.76,36.93333333333334,21.0,2685.76,0.0
MAD-113,San Isidro,Carabanchel,DEST_001,Puerta del Sol,WALK,A pie,2026-07-29,2026-07-29T09:00:00+02:00,success,[],,2026-07-29T18:00:00+02:00,success,[],,2026-07-29T08:09:24+02:00,2026-07-29T09:00:00+02:00,WALK,,,,50.6,3651.93,50.6,0.0,3651.93,0.0,2026-07-29T18:00:00+02:00,2026-07-29T18:50:29+02:00,WALK,,,,50.48333333333333,3651.93,50.48333333333333,0.0,3651.93,0.0,complete_route,True,0,101.08333333333333,7303.86,101.08333333333333,0.0,7303.86,0.0
MAD-114,Vista Alegre,Carabanchel,DEST_001,Puerta del Sol,BICYCLE,Bicicleta,2026-07-29,2026-07-29T09:00:00+02:00,success,[],,2026-07-29T18:00:00+02:00,success,[],,2026-07-29T08:27:25+02:00,2026-07-29T09:00:00+02:00,BICYCLE,,,,32.583333333333336,6787.61,0.0,0.0,0.0,0.0,2026-07-29T18:00:00+02:00,2026-07-29T18:31:57+02:00,BICYCLE,,,,31.95,6748.95,0.0,0.0,0.0,0.0,complete_route,True,0,64.53333333333333,13536.56,0.0,0.0,0.0,0.0
MAD-114,Vista Alegre,Carabanchel,DEST_001,Puerta del Sol,CAR,Coche,2026-07-29,2026-07-29T09:00:00+02:00,success,[],,2026-07-29T18:00:00+02:00,success,[],,2026-07-29T08:43:30+02:00,2026-07-29T09:00:00+02:00,CAR,,,,16.5,8277.55,0.0,0.0,0.0,0.0,2026-07-29T18:00:00+02:00,2026-07-29T18:14:47+02:00,CAR,,,,14.783333333333331,8976.45,0.0,0.0,0.0,0.0,complete_route,True,0,31.28333333333333,17254.0,0.0,0.0,0.0,0.0
MAD-114,Vista Alegre,Carabanchel,DEST_001,Puerta del Sol,TRANSIT,Transporte público,2026-07-29,2026-07-29T09:00:00+02:00,success,[],,2026-07-29T18:00:00+02:00,success,[],,2026-07-29T08:08:00+02:00,2026-07-29T08:59:21+02:00,WALK|BUS,BUS,17,Información oficial: Consorcio Regional de Transportes de Madrid,51.35,6449.29,9.0,10.0,651.29,0.0,2026-07-29T18:00:00+02:00,2026-07-29T18:51:09+02:00,WALK|BUS,BUS,17,Información oficial: Consorcio Regional de Transportes de Madrid,51.15,6015.08,9.416666666666666,10.0,686.0799999999999,0.0,complete_route,True,0,102.5,12464.369999999999,18.416666666666664,20.0,1337.37,0.0
MAD-114,Vista Alegre,Carabanchel,DEST_001,Puerta del Sol,WALK,A pie,2026-07-29,2026-07-29T09:00:00+02:00,success,[],,2026-07-29T18:00:00+02:00,success,[],,2026-07-29T07:39:27+02:00,2026-07-29T09:00:00+02:00,WALK,,,,80.55,6027.74,80.55,0.0,6027.74,0.0,2026-07-29T18:00:00+02:00,2026-07-29T19:20:26+02:00,WALK,,,,80.43333333333334,6027.74,80.43333333333334,0.0,6027.74,0.0,complete_route,True,0,160.98333333333335,12055.48,160.98333333333335,0.0,12055.48,0.0
MAD-115,Puerta Bonita,Carabanchel,DEST_001,Puerta del Sol,BICYCLE,Bicicleta,2026-07-29,2026-07-29T09:00:00+02:00,success,[],,2026-07-29T18:00:00+02:00,success,[],,2026-07-29T08:27:01+02:00,2026-07-29T09:00:00+02:00,BICYCLE,,,,32.983333333333334,7546.29,0.0,0.0,0.0,0.0,2026-07-29T18:00:00+02:00,2026-07-29T18:34:52+02:00,BICYCLE,,,,34.86666666666667,7845.62,0.0,0.0,0.0,0.0,complete_route,True,0,67.85,15391.91,0.0,0.0,0.0,0.0
MAD-115,Puerta Bonita,Carabanchel,DEST_001,Puerta del Sol,CAR,Coche,2026-07-29,2026-07-29T09:00:00+02:00,success,[],,2026-07-29T18:00:00+02:00,success,[],,2026-07-29T08:42:26+02:00,2026-07-29T09:00:00+02:00,CAR,,,,17.566666666666666,8968.66,0.0,0.0,0.0,0.0,2026-07-29T18:00:00+02:00,2026-07-29T18:16:42+02:00,CAR,,,,16.7,9102.13,0.0,0.0,0.0,0.0,complete_route,True,0,34.266666666666666,18070.79,0.0,0.0,0.0,0.0
MAD-115,Puerta Bonita,Carabanchel,DEST_001,Puerta del Sol,TRANSIT,Transporte público,2026-07-29,2026-07-29T09:00:00+02:00,success,[],,2026-07-29T18:00:00+02:00,success,[],,2026-07-29T07:58:00+02:00,2026-07-29T08:59:10+02:00,WALK|BUS,BUS,35,Información oficial: Consorcio Regional de Transportes de Madrid,61.16666666666666,6450.98,19.133333333333333,11.0,1415.98,0.0,2026-07-29T18:00:00+02:00,2026-07-29T18:59:31+02:00,WALK|BUS,BUS,35,Información oficial: Consorcio Regional de Transportes de Madrid,59.516666666666666,6318.05,19.666666666666668,9.0,1441.0500000000002,0.0,complete_route,True,0,120.68333333333332,12769.029999999999,38.8,20.0,2857.03,0.0
MAD-115,Puerta Bonita,Carabanchel,DEST_001,Puerta del Sol,WALK,A pie,2026-07-29,2026-07-29T09:00:00+02:00,success,[],,2026-07-29T18:00:00+02:00,success,[],,2026-07-29T07:34:59+02:00,2026-07-29T09:00:00+02:00,WALK,,,,85.01666666666667,6367.87,85.01666666666667,0.0,6367.87,0.0,2026-07-29T18:00:00+02:00,2026-07-29T19:24:54+02:00,WALK,,,,84.9,6367.87,84.9,0.0,6367.87,0.0,complete_route,True,0,169.91666666666669,12735.74,169.91666666666669,0.0,12735.74,0.0
MAD-116,Buenavista,Carabanchel,DEST_001,Puerta del Sol,BICYCLE,Bicicleta,2026-07-29,2026-07-29T09:00:00+02:00,success,[],,2026-07-29T18:00:00+02:00,success,[],,2026-07-29T08:11:23+02:00,2026-07-29T09:00:00+02:00,BICYCLE,,,,48.61666666666667,11454.73,0.0,0.0,0.0,0.0,2026-07-29T18:00:00+02:00,2026-07-29T18:49:25+02:00,BICYCLE,,,,49.41666666666666,11815.92,0.0,0.0,0.0,0.0,complete_route,True,0,98.03333333333333,23270.65,0.0,0.0,0.0,0.0
MAD-116,Buenavista,Carabanchel,DEST_001,Puerta del Sol,CAR,Coche,2026-07-29,2026-07-29T09:00:00+02:00,success,[],,2026-07-29T18:00:00+02:00,success,[],,2026-07-29T08:42:51+02:00,2026-07-29T09:00:00+02:00,CAR,,,,17.15,8986.81,0.0,0.0,0.0,0.0,2026-07-29T18:00:00+02:00,2026-07-29T18:14:02+02:00,CAR,,,,14.033333333333331,8717.81,0.0,0.0,0.0,0.0,complete_route,True,0,31.18333333333333,17704.62,0.0,0.0,0.0,0.0
MAD-116,Buenavista,Carabanchel,DEST_001,Puerta del Sol,TRANSIT,Transporte público,2026-07-29,2026-07-29T09:00:00+02:00,success,[],,2026-07-29T18:00:00+02:00,success,[],,2026-07-29T07:54:40+02:00,2026-07-29T08:56:50+02:00,WALK|BUS,BUS,484|35,Consorcio Regional de Transportes de Madrid|Información oficial: Consorcio Regional de Transportes de Madrid,62.16666666666666,8647.45,12.883333333333333,13.0,904.45,1.0,2026-07-29T18:00:00+02:00,2026-07-29T19:03:11+02:00,WALK|BUS,BUS,35|484,Información oficial: Consorcio Regional de Transportes de Madrid|Consorcio Regional de Transportes de Madrid,63.18333333333333,8900.96,13.366666666666667,11.266666666666667,949.96,1.0,complete_route,True,0,125.35,17548.41,26.25,24.266666666666666,1854.41,2.0
MAD-116,Buenavista,Carabanchel,DEST_001,Puerta del Sol,WALK,A pie,2026-07-29,2026-07-29T09:00:00+02:00,success,[],,2026-07-29T18:00:00+02:00,success,[],,2026-07-29T07:20:12+02:00,2026-07-29T09:00:00+02:00,WALK,,,,99.8,7505.93,99.8,0.0,7505.93,0.0,2026-07-29T18:00:00+02:00,2026-07-29T19:39:44+02:00,WALK,,,,99.73333333333332,7523.7,99.73333333333332,0.0,7523.7,0.0,complete_route,True,0,199.5333333333333,15029.630000000001,199.5333333333333,0.0,15029.630000000001,0.0
MAD-117,Abrantes,Carabanchel,DEST_001,Puerta del Sol,BICYCLE,Bicicleta,2026-07-29,2026-07-29T09:00:00+02:00,success,[],,2026-07-29T18:00:00+02:00,success,[],,2026-07-29T08:30:58+02:00,2026-07-29T09:00:00+02:00,BICYCLE,,,,29.03333333333333,6466.77,0.0,0.0,0.0,0.0,2026-07-29T18:00:00+02:00,2026-07-29T18:27:14+02:00,BICYCLE,,,,27.23333333333333,6113.73,0.0,0.0,0.0,0.0,complete_route,True,0,56.266666666666666,12580.5,0.0,0.0,0.0,0.0
MAD-117,Abrantes,Carabanchel,DEST_001,Puerta del Sol,CAR,Coche,2026-07-29,2026-07-29T09:00:00+02:00,success,[],,2026-07-29T18:00:00+02:00,success,[],,2026-07-29T08:46:57+02:00,2026-07-29T09:00:00+02:00,CAR,,,,13.05,6899.17,0.0,0.0,0.0,0.0,2026-07-29T18:00:00+02:00,2026-07-29T18:12:07+02:00,CAR,,,,12.116666666666667,7191.35,0.0,0.0,0.0,0.0,complete_route,True,0,25.166666666666668,14090.52,0.0,0.0,0.0,0.0
MAD-117,Abrantes,Carabanchel,DEST_001,Puerta del Sol,TRANSIT,Transporte público,2026-07-29,2026-07-29T09:00:00+02:00,success,[],,2026-07-29T18:00:00+02:00,success,[],,2026-07-29T07:57:00+02:00,2026-07-29T08:59:16+02:00,WALK|BUS,BUS,E1,Información oficial: Consorcio Regional de Transportes de Madrid,62.266666666666666,7131.74,28.4,10.0,2051.74,0.0,2026-07-29T18:00:00+02:00,2026-07-29T19:03:39+02:00,WALK|BUS,BUS,35|484,Información oficial: Consorcio Regional de Transportes de Madrid|Consorcio Regional de Transportes de Madrid,63.65,6874.96,23.7,11.266666666666667,1724.96,1.0,complete_route,True,0,125.91666666666666,14006.7,52.099999999999994,21.266666666666666,3776.7,1.0
MAD-117,Abrantes,Carabanchel,DEST_001,Puerta del Sol,WALK,A pie,2026-07-29,2026-07-29T09:00:00+02:00,success,[],,2026-07-29T18:00:00+02:00,success,[],,2026-07-29T07:43:24+02:00,2026-07-29T09:00:00+02:00,WALK,,,,76.6,5694.06,76.6,0.0,5694.06,0.0,2026-07-29T18:00:00+02:00,2026-07-29T19:16:32+02:00,WALK,,,,76.53333333333333,5711.83,76.53333333333333,0.0,5711.83,0.0,complete_route,True,0,153.13333333333333,11405.89,153.13333333333333,0.0,11405.89,0.0
MAD-121,Orcasitas,Usera,DEST_001,Puerta del Sol,BICYCLE,Bicicleta,2026-07-29,2026-07-29T09:00:00+02:00,success,[],,2026-07-29T18:00:00+02:00,success,[],,2026-07-29T08:23:36+02:00,2026-07-29T09:00:00+02:00,BICYCLE,,,,36.4,8862.75,0.0,0.0,0.0,0.0,2026-07-29T18:00:00+02:00,2026-07-29T18:37:19+02:00,BICYCLE,,,,37.31666666666667,9223.93,0.0,0.0,0.0,0.0,complete_route,True,0,73.71666666666667,18086.68,0.0,0.0,0.0,0.0
MAD-121,Orcasitas,Usera,DEST_001,Puerta del Sol,CAR,Coche,2026-07-29,2026-07-29T09:00:00+02:00,success,[],,2026-07-29T18:00:00+02:00,success,[],,2026-07-29T08:44:31+02:00,2026-07-29T09:00:00+02:00,CAR,,,,15.483333333333333,8399.43,0.0,0.0,0.0,0.0,2026-07-29T18:00:00+02:00,2026-07-29T18:12:56+02:00,CAR,,,,12.933333333333334,7804.03,0.0,0.0,0.0,0.0,complete_route,True,0,28.416666666666664,16203.46,0.0,0.0,0.0,0.0
MAD-121,Orcasitas,Usera,DEST_001,Puerta del Sol,TRANSIT,Transporte público,2026-07-29,2026-07-29T09:00:00+02:00,success,[],,2026-07-29T18:00:00+02:00,success,[],,2026-07-29T07:55:00+02:00,2026-07-29T08:59:50+02:00,WALK|BUS,BUS,6,Información oficial: Consorcio Regional de Transportes de Madrid,64.83333333333333,8233.27,14.65,9.0,1095.27,0.0,2026-07-29T18:00:00+02:00,2026-07-29T19:10:17+02:00,WALK|BUS,BUS,60,Información oficial: Consorcio Regional de Transportes de Madrid,70.28333333333333,7868.76,18.8,10.0,1362.76,0.0,complete_route,True,0,135.11666666666667,16102.03,33.45,19.0,2458.0299999999997,0.0
MAD-121,Orcasitas,Usera,DEST_001,Puerta del Sol,WALK,A pie,2026-07-29,2026-07-29T09:00:00+02:00,success,[],,2026-07-29T18:00:00+02:00,success,[],,2026-07-29T07:27:56+02:00,2026-07-29T09:00:00+02:00,WALK,,,,92.06666666666666,6795.74,92.06666666666666,0.0,6795.74,0.0,2026-07-29T18:00:00+02:00,2026-07-29T19:32:00+02:00,WALK,,,,92.0,6813.51,92.0,0.0,6813.51,0.0,complete_route,True,0,184.06666666666666,13609.25,184.06666666666666,0.0,13609.25,0.0
MAD-122,Orcasur,Usera,DEST_001,Puerta del Sol,BICYCLE,Bicicleta,2026-07-29,2026-07-29T09:00:00+02:00,success,[],,2026-07-29T18:00:00+02:00,success,[],,2026-07-29T08:30:20+02:00,2026-07-29T09:00:00+02:00,BICYCLE,,,,29.666666666666668,7060.92,0.0,0.0,0.0,0.0,2026-07-29T18:00:00+02:00,2026-07-29T18:32:43+02:00,BICYCLE,,,,32.71666666666667,8138.92,0.0,0.0,0.0,0.0,complete_route,True,0,62.38333333333334,15199.84,0.0,0.0,0.0,0.0
MAD-122,Orcasur,Usera,DEST_001,Puerta del Sol,CAR,Coche,2026-07-29,2026-07-29T09:00:00+02:00,success,[],,2026-07-29T18:00:00+02:00,success,[],,2026-07-29T08:45:29+02:00,2026-07-29T09:00:00+02:00,CAR,,,,14.516666666666667,10818.97,0.0,0.0,0.0,0.0,2026-07-29T18:00:00+02:00,2026-07-29T18:13:18+02:00,CAR,,,,13.3,7891.24,0.0,0.0,0.0,0.0,complete_route,True,0,27.81666666666667,18710.21,0.0,0.0,0.0,0.0
MAD-122,Orcasur,Usera,DEST_001,Puerta del Sol,TRANSIT,Transporte público,2026-07-29,2026-07-29T09:00:00+02:00,success,[],,2026-07-29T18:00:00+02:00,success,[],,2026-07-29T08:03:39+02:00,2026-07-29T08:55:06+02:00,WALK|BUS,BUS,423|6,Consorcio Regional de Transportes de Madrid|Información oficial: Consorcio Regional de Transportes de Madrid,51.45,6819.05,17.433333333333334,11.0,1248.05,1.0,2026-07-29T18:01:00+02:00,2026-07-29T18:54:33+02:00,WALK|BUS,BUS,23|424,Información oficial: Consorcio Regional de Transportes de Madrid|Consorcio Regional de Transportes de Madrid,53.55,6754.62,16.516666666666666,11.066666666666666,1190.62,1.0,complete_route,True,0,105.0,13573.67,33.95,22.066666666666666,2438.67,2.0
MAD-122,Orcasur,Usera,DEST_001,Puerta del Sol,WALK,A pie,2026-07-29,2026-07-29T09:00:00+02:00,success,[],,2026-07-29T18:00:00+02:00,success,[],,2026-07-29T07:42:51+02:00,2026-07-29T09:00:00+02:00,WALK,,,,77.15,5827.32,77.15,0.0,5827.32,0.0,2026-07-29T18:00:00+02:00,2026-07-29T19:17:05+02:00,WALK,,,,77.08333333333333,5845.09,77.08333333333333,0.0,5845.09,0.0,complete_route,True,0,154.23333333333335,11672.41,154.23333333333335,0.0,11672.41,0.0
MAD-123,San Fermín,Usera,DEST_001,Puerta del Sol,BICYCLE,Bicicleta,2026-07-29,2026-07-29T09:00:00+02:00,success,[],,2026-07-29T18:00:00+02:00,success,[],,2026-07-29T08:32:08+02:00,2026-07-29T09:00:00+02:00,BICYCLE,,,,27.866666666666667,6694.08,0.0,0.0,0.0,0.0,2026-07-29T18:00:00+02:00,2026-07-29T18:29:07+02:00,BICYCLE,,,,29.116666666666667,7170.85,0.0,0.0,0.0,0.0,complete_route,True,0,56.983333333333334,13864.93,0.0,0.0,0.0,0.0
MAD-123,San Fermín,Usera,DEST_001,Puerta del Sol,CAR,Coche,2026-07-29,2026-07-29T09:00:00+02:00,success,[],,2026-07-29T18:00:00+02:00,success,[],,2026-07-29T08:45:42+02:00,2026-07-29T09:00:00+02:00,CAR,,,,14.3,11074.48,0.0,0.0,0.0,0.0,2026-07-29T18:00:00+02:00,2026-07-29T18:12:58+02:00,CAR,,,,12.966666666666669,8162.01,0.0,0.0,0.0,0.0,complete_route,True,0,27.26666666666667,19236.489999999998,0.0,0.0,0.0,0.0
MAD-123,San Fermín,Usera,DEST_001,Puerta del Sol,TRANSIT,Transporte público,2026-07-29,2026-07-29T09:00:00+02:00,success,[],,2026-07-29T18:00:00+02:00,success,[],,2026-07-29T08:06:00+02:00,2026-07-29T08:59:22+02:00,WALK|BUS,BUS,23,Información oficial: Consorcio Regional de Transportes de Madrid,53.36666666666667,7607.38,10.2,7.0,748.38,0.0,2026-07-29T18:00:00+02:00,2026-07-29T18:58:19+02:00,WALK|BUS,BUS,23,Información oficial: Consorcio Regional de Transportes de Madrid,58.31666666666667,7566.21,10.416666666666666,9.0,774.21,0.0,complete_route,True,0,111.68333333333334,15173.59,20.616666666666667,16.0,1522.5900000000001,0.0
MAD-123,San Fermín,Usera,DEST_001,Puerta del Sol,WALK,A pie,2026-07-29,2026-07-29T09:00:00+02:00,success,[],,2026-07-29T18:00:00+02:00,success,[],,2026-07-29T07:38:42+02:00,2026-07-29T09:00:00+02:00,WALK,,,,81.3,6146.52,81.3,0.0,6146.52,0.0,2026-07-29T18:00:00+02:00,2026-07-29T19:21:13+02:00,WALK,,,,81.21666666666667,6164.29,81.21666666666667,0.0,6164.29,0.0,complete_route,True,0,162.51666666666665,12310.810000000001,162.51666666666665,0.0,12310.810000000001,0.0
MAD-124,Almendrales,Usera,DEST_001,Puerta del Sol,BICYCLE,Bicicleta,2026-07-29,2026-07-29T09:00:00+02:00,success,[],,2026-07-29T18:00:00+02:00,success,[],,2026-07-29T08:34:37+02:00,2026-07-29T09:00:00+02:00,BICYCLE,,,,25.383333333333333,5698.35,0.0,0.0,0.0,0.0,2026-07-29T18:00:00+02:00,2026-07-29T18:25:36+02:00,BICYCLE,,,,25.6,5860.42,0.0,0.0,0.0,0.0,complete_route,True,0,50.983333333333334,11558.77,0.0,0.0,0.0,0.0
MAD-124,Almendrales,Usera,DEST_001,Puerta del Sol,CAR,Coche,2026-07-29,2026-07-29T09:00:00+02:00,success,[],,2026-07-29T18:00:00+02:00,success,[],,2026-07-29T08:47:56+02:00,2026-07-29T09:00:00+02:00,CAR,,,,12.066666666666666,6001.77,0.0,0.0,0.0,0.0,2026-07-29T18:00:00+02:00,2026-07-29T18:12:24+02:00,CAR,,,,12.4,6748.07,0.0,0.0,0.0,0.0,complete_route,True,0,24.46666666666667,12749.84,0.0,0.0,0.0,0.0
MAD-124,Almendrales,Usera,DEST_001,Puerta del Sol,TRANSIT,Transporte público,2026-07-29,2026-07-29T09:00:00+02:00,success,[],,2026-07-29T18:00:00+02:00,success,[],,2026-07-29T08:13:00+02:00,2026-07-29T08:59:25+02:00,WALK|BUS,BUS,6,Información oficial: Consorcio Regional de Transportes de Madrid,46.41666666666666,5591.44,8.883333333333333,9.0,649.44,0.0,2026-07-29T18:00:00+02:00,2026-07-29T18:48:59+02:00,WALK|BUS,BUS,23,Información oficial: Consorcio Regional de Transportes de Madrid,48.98333333333333,5439.77,15.066666666666666,9.0,1090.77,0.0,complete_route,True,0,95.39999999999998,11031.21,23.95,18.0,1740.21,0.0
MAD-124,Almendrales,Usera,DEST_001,Puerta del Sol,WALK,A pie,2026-07-29,2026-07-29T09:00:00+02:00,success,[],,2026-07-29T18:00:00+02:00,success,[],,2026-07-29T07:58:37+02:00,2026-07-29T09:00:00+02:00,WALK,,,,61.38333333333333,4577.76,61.38333333333333,0.0,4577.76,0.0,2026-07-29T18:00:00+02:00,2026-07-29T19:01:19+02:00,WALK,,,,61.31666666666667,4595.53,61.31666666666667,0.0,4595.53,0.0,complete_route,True,0,122.7,9173.29,122.7,0.0,9173.29,0.0
MAD-125,Moscardó,Usera,DEST_001,Puerta del Sol,BICYCLE,Bicicleta,2026-07-29,2026-07-29T09:00:00+02:00,success,[],,2026-07-29T18:00:00+02:00,success,[],,2026-07-29T08:39:23+02:00,2026-07-29T09:00:00+02:00,BICYCLE,,,,20.616666666666667,4528.57,0.0,0.0,0.0,0.0,2026-07-29T18:00:00+02:00,2026-07-29T18:20:17+02:00,BICYCLE,,,,20.28333333333333,4453.78,0.0,0.0,0.0,0.0,complete_route,True,0,40.9,8982.349999999999,0.0,0.0,0.0,0.0
MAD-125,Moscardó,Usera,DEST_001,Puerta del Sol,CAR,Coche,2026-07-29,2026-07-29T09:00:00+02:00,success,[],,2026-07-29T18:00:00+02:00,success,[],,2026-07-29T08:48:34+02:00,2026-07-29T09:00:00+02:00,CAR,,,,11.433333333333334,5214.45,0.0,0.0,0.0,0.0,2026-07-29T18:00:00+02:00,2026-07-29T18:10:26+02:00,CAR,,,,10.433333333333334,5607.23,0.0,0.0,0.0,0.0,complete_route,True,0,21.866666666666667,10821.68,0.0,0.0,0.0,0.0
MAD-125,Moscardó,Usera,DEST_001,Puerta del Sol,TRANSIT,Transporte público,2026-07-29,2026-07-29T09:00:00+02:00,success,[],,2026-07-29T18:00:00+02:00,success,[],,2026-07-29T08:20:00+02:00,2026-07-29T08:59:06+02:00,WALK|BUS,BUS,23,Información oficial: Consorcio Regional de Transportes de Madrid,39.1,4609.59,12.266666666666667,7.0,851.5899999999999,0.0,2026-07-29T18:00:00+02:00,2026-07-29T18:40:24+02:00,WALK|BUS,BUS,23,Información oficial: Consorcio Regional de Transportes de Madrid,40.4,4415.44,10.583333333333334,9.0,781.44,0.0,complete_route,True,0,79.5,9025.029999999999,22.85,16.0,1633.03,0.0
MAD-125,Moscardó,Usera,DEST_001,Puerta del Sol,WALK,A pie,2026-07-29,2026-07-29T09:00:00+02:00,success,[],,2026-07-29T18:00:00+02:00,success,[],,2026-07-29T08:09:35+02:00,2026-07-29T09:00:00+02:00,WALK,,,,50.41666666666666,3711.65,50.41666666666666,0.0,3711.65,0.0,2026-07-29T18:00:00+02:00,2026-07-29T18:50:21+02:00,WALK,,,,50.35,3729.42,50.35,0.0,3729.42,0.0,complete_route,True,0,100.76666666666665,7441.07,100.76666666666665,0.0,7441.07,0.0
MAD-126,Zofío,Usera,DEST_001,Puerta del Sol,BICYCLE,Bicicleta,2026-07-29,2026-07-29T09:00:00+02:00,success,[],,2026-07-29T18:00:00+02:00,success,[],,2026-07-29T08:32:29+02:00,2026-07-29T09:00:00+02:00,BICYCLE,,,,27.516666666666666,5929.79,0.0,0.0,0.0,0.0,2026-07-29T18:00:00+02:00,2026-07-29T18:26:35+02:00,BICYCLE,,,,26.58333333333333,5742.75,0.0,0.0,0.0,0.0,complete_route,True,0,54.099999999999994,11672.54,0.0,0.0,0.0,0.0
MAD-126,Zofío,Usera,DEST_001,Puerta del Sol,CAR,Coche,2026-07-29,2026-07-29T09:00:00+02:00,success,[],,2026-07-29T18:00:00+02:00,success,[],,2026-07-29T08:45:19+02:00,2026-07-29T09:00:00+02:00,CAR,,,,14.683333333333334,7570.98,0.0,0.0,0.0,0.0,2026-07-29T18:00:00+02:00,2026-07-29T18:11:42+02:00,CAR,,,,11.7,6858.46,0.0,0.0,0.0,0.0,complete_route,True,0,26.383333333333333,14429.439999999999,0.0,0.0,0.0,0.0
MAD-126,Zofío,Usera,DEST_001,Puerta del Sol,TRANSIT,Transporte público,2026-07-29,2026-07-29T09:00:00+02:00,success,[],,2026-07-29T18:00:00+02:00,success,[],,2026-07-29T08:02:00+02:00,2026-07-29T08:59:54+02:00,WALK|BUS,BUS,6,Información oficial: Consorcio Regional de Transportes de Madrid,57.9,7206.29,12.95,9.0,976.29,0.0,2026-07-29T18:00:00+02:00,2026-07-29T19:03:43+02:00,WALK|BUS,BUS,23,Información oficial: Consorcio Regional de Transportes de Madrid,63.71666666666667,5956.91,36.16666666666666,9.0,2717.9100000000003,0.0,complete_route,True,0,121.61666666666667,13163.2,49.11666666666666,18.0,3694.2000000000003,0.0
MAD-126,Zofío,Usera,DEST_001,Puerta del Sol,WALK,A pie,2026-07-29,2026-07-29T09:00:00+02:00,success,[],,2026-07-29T18:00:00+02:00,success,[],,2026-07-29T07:47:38+02:00,2026-07-29T09:00:00+02:00,WALK,,,,72.36666666666666,5384.94,72.36666666666666,0.0,5384.94,0.0,2026-07-29T18:00:00+02:00,2026-07-29T19:12:18+02:00,WALK,,,,72.3,5402.71,72.3,0.0,5402.71,0.0,complete_route,True,0,144.66666666666666,10787.65,144.66666666666666,0.0,10787.65,0.0
MAD-127,Pradolongo,Usera,DEST_001,Puerta del Sol,BICYCLE,Bicicleta,2026-07-29,2026-07-29T09:00:00+02:00,success,[],,2026-07-29T18:00:00+02:00,success,[],,2026-07-29T08:31:19+02:00,2026-07-29T09:00:00+02:00,BICYCLE,,,,28.683333333333334,6442.31,0.0,0.0,0.0,0.0,2026-07-29T18:00:00+02:00,2026-07-29T18:27:39+02:00,BICYCLE,,,,27.65,6268.33,0.0,0.0,0.0,0.0,complete_route,True,0,56.33333333333333,12710.64,0.0,0.0,0.0,0.0
MAD-127,Pradolongo,Usera,DEST_001,Puerta del Sol,CAR,Coche,2026-07-29,2026-07-29T09:00:00+02:00,success,[],,2026-07-29T18:00:00+02:00,success,[],,2026-07-29T08:46:27+02:00,2026-07-29T09:00:00+02:00,CAR,,,,13.55,6826.43,0.0,0.0,0.0,0.0,2026-07-29T18:00:00+02:00,2026-07-29T18:12:46+02:00,CAR,,,,12.766666666666667,7216.84,0.0,0.0,0.0,0.0,complete_route,True,0,26.31666666666667,14043.27,0.0,0.0,0.0,0.0
MAD-127,Pradolongo,Usera,DEST_001,Puerta del Sol,TRANSIT,Transporte público,2026-07-29,2026-07-29T09:00:00+02:00,success,[],,2026-07-29T18:00:00+02:00,success,[],,2026-07-29T08:05:00+02:00,2026-07-29T08:59:51+02:00,WALK|BUS,BUS,6,Información oficial: Consorcio Regional de Transportes de Madrid,54.85,6268.86,17.316666666666666,9.0,1326.86,0.0,2026-07-29T18:00:00+02:00,2026-07-29T19:00:37+02:00,WALK|BUS,BUS,23,Información oficial: Consorcio Regional de Transportes de Madrid,60.61666666666667,6765.52,22.716666666666665,9.0,1723.52,0.0,complete_route,True,0,115.46666666666667,13034.380000000001,40.03333333333333,18.0,3050.38,0.0
MAD-127,Pradolongo,Usera,DEST_001,Puerta del Sol,WALK,A pie,2026-07-29,2026-07-29T09:00:00+02:00,success,[],,2026-07-29T18:00:00+02:00,success,[],,2026-07-29T07:49:49+02:00,2026-07-29T09:00:00+02:00,WALK,,,,70.18333333333334,5241.74,70.18333333333334,0.0,5241.74,0.0,2026-07-29T18:00:00+02:00,2026-07-29T19:10:08+02:00,WALK,,,,70.13333333333334,5259.5,70.13333333333334,0.0,5259.5,0.0,complete_route,True,0,140.31666666666666,10501.24,140.31666666666666,0.0,10501.24,0.0
MAD-131,Entrevías,Puente de Vallecas,DEST_001,Puerta del Sol,BICYCLE,Bicicleta,2026-07-29,2026-07-29T09:00:00+02:00,success,[],,2026-07-29T18:00:00+02:00,success,[],,2026-07-29T08:24:57+02:00,2026-07-29T09:00:00+02:00,BICYCLE,,,,35.05,8716.67,0.0,0.0,0.0,0.0,2026-07-29T18:00:00+02:00,2026-07-29T18:36:31+02:00,BICYCLE,,,,36.516666666666666,9111.32,0.0,0.0,0.0,0.0,complete_route,True,0,71.56666666666666,17827.989999999998,0.0,0.0,0.0,0.0
MAD-131,Entrevías,Puente de Vallecas,DEST_001,Puerta del Sol,CAR,Coche,2026-07-29,2026-07-29T09:00:00+02:00,success,[],,2026-07-29T18:00:00+02:00,success,[],,2026-07-29T08:45:16+02:00,2026-07-29T09:00:00+02:00,CAR,,,,14.733333333333333,9910.52,0.0,0.0,0.0,0.0,2026-07-29T18:00:00+02:00,2026-07-29T18:14:07+02:00,CAR,,,,14.116666666666667,9805.45,0.0,0.0,0.0,0.0,complete_route,True,0,28.85,19715.97,0.0,0.0,0.0,0.0
MAD-131,Entrevías,Puente de Vallecas,DEST_001,Puerta del Sol,TRANSIT,Transporte público,2026-07-29,2026-07-29T09:00:00+02:00,success,[],,2026-07-29T18:00:00+02:00,success,[],,2026-07-29T07:57:00+02:00,2026-07-29T08:58:12+02:00,WALK|BUS,BUS,102|6,Información oficial: Consorcio Regional de Transportes de Madrid,61.2,6614.28,11.55,18.0,863.28,1.0,2026-07-29T18:00:00+02:00,2026-07-29T19:01:30+02:00,WALK|BUS,BUS,102,Información oficial: Consorcio Regional de Transportes de Madrid,61.5,6913.29,30.133333333333333,8.0,2261.29,0.0,complete_route,True,0,122.7,13527.57,41.68333333333334,26.0,3124.5699999999997,1.0
MAD-131,Entrevías,Puente de Vallecas,DEST_001,Puerta del Sol,WALK,A pie,2026-07-29,2026-07-29T09:00:00+02:00,success,[],,2026-07-29T18:00:00+02:00,success,[],,2026-07-29T07:31:43+02:00,2026-07-29T09:00:00+02:00,WALK,,,,88.28333333333333,6470.41,88.28333333333333,0.0,6470.41,0.0,2026-07-29T18:00:00+02:00,2026-07-29T19:28:23+02:00,WALK,,,,88.38333333333334,6491.75,88.38333333333334,0.0,6491.75,0.0,complete_route,True,0,176.66666666666669,12962.16,176.66666666666669,0.0,12962.16,0.0
MAD-132,San Diego,Puente de Vallecas,DEST_001,Puerta del Sol,BICYCLE,Bicicleta,2026-07-29,2026-07-29T09:00:00+02:00,success,[],,2026-07-29T18:00:00+02:00,success,[],,2026-07-29T08:32:00+02:00,2026-07-29T09:00:00+02:00,BICYCLE,,,,28.0,5378.64,0.0,0.0,0.0,0.0,2026-07-29T18:00:00+02:00,2026-07-29T18:29:55+02:00,BICYCLE,,,,29.916666666666668,6500.56,0.0,0.0,0.0,0.0,complete_route,True,0,57.91666666666667,11879.2,0.0,0.0,0.0,0.0
MAD-132,San Diego,Puente de Vallecas,DEST_001,Puerta del Sol,CAR,Coche,2026-07-29,2026-07-29T09:00:00+02:00,success,[],,2026-07-29T18:00:00+02:00,success,[],,2026-07-29T08:47:58+02:00,2026-07-29T09:00:00+02:00,CAR,,,,12.033333333333331,8680.81,0.0,0.0,0.0,0.0,2026-07-29T18:00:00+02:00,2026-07-29T18:12:14+02:00,CAR,,,,12.233333333333333,8084.02,0.0,0.0,0.0,0.0,complete_route,True,0,24.266666666666666,16764.83,0.0,0.0,0.0,0.0
MAD-132,San Diego,Puente de Vallecas,DEST_001,Puerta del Sol,TRANSIT,Transporte público,2026-07-29,2026-07-29T09:00:00+02:00,success,[],,2026-07-29T18:00:00+02:00,success,[],,2026-07-29T08:05:00+02:00,2026-07-29T08:59:58+02:00,WALK|BUS,BUS,24|32,Información oficial: Consorcio Regional de Transportes de Madrid,54.96666666666667,5123.16,7.916666666666667,18.0,572.16,1.0,2026-07-29T18:00:00+02:00,2026-07-29T18:54:57+02:00,WALK|BUS,BUS,10,Información oficial: Consorcio Regional de Transportes de Madrid,54.95,6031.97,20.066666666666663,9.0,1484.9699999999998,0.0,complete_route,True,0,109.91666666666667,11155.130000000001,27.98333333333333,27.0,2057.1299999999997,1.0
MAD-132,San Diego,Puente de Vallecas,DEST_001,Puerta del Sol,WALK,A pie,2026-07-29,2026-07-29T09:00:00+02:00,success,[],,2026-07-29T18:00:00+02:00,success,[],,2026-07-29T07:51:49+02:00,2026-07-29T09:00:00+02:00,WALK,,,,68.18333333333334,4950.98,68.18333333333334,0.0,4950.98,0.0,2026-07-29T18:00:00+02:00,2026-07-29T19:08:18+02:00,WALK,,,,68.3,4972.32,68.3,0.0,4972.32,0.0,complete_route,True,0,136.48333333333335,9923.3,136.48333333333335,0.0,9923.3,0.0
MAD-133,Palomeras Bajas,Puente de Vallecas,DEST_001,Puerta del Sol,BICYCLE,Bicicleta,2026-07-29,2026-07-29T09:00:00+02:00,success,[],,2026-07-29T18:00:00+02:00,success,[],,2026-07-29T08:25:15+02:00,2026-07-29T09:00:00+02:00,BICYCLE,,,,34.75,6739.43,0.0,0.0,0.0,0.0,2026-07-29T18:00:00+02:00,2026-07-29T18:33:36+02:00,BICYCLE,,,,33.6,7222.62,0.0,0.0,0.0,0.0,complete_route,True,0,68.35,13962.05,0.0,0.0,0.0,0.0
MAD-133,Palomeras Bajas,Puente de Vallecas,DEST_001,Puerta del Sol,CAR,Coche,2026-07-29,2026-07-29T09:00:00+02:00,success,[],,2026-07-29T18:00:00+02:00,success,[],,2026-07-29T08:44:30+02:00,2026-07-29T09:00:00+02:00,CAR,,,,15.5,9388.82,0.0,0.0,0.0,0.0,2026-07-29T18:00:00+02:00,2026-07-29T18:14:16+02:00,CAR,,,,14.266666666666667,9295.39,0.0,0.0,0.0,0.0,complete_route,True,0,29.766666666666666,18684.21,0.0,0.0,0.0,0.0
MAD-133,Palomeras Bajas,Puente de Vallecas,DEST_001,Puerta del Sol,TRANSIT,Transporte público,2026-07-29,2026-07-29T09:00:00+02:00,success,[],,2026-07-29T18:00:00+02:00,success,[],,2026-07-29T07:57:00+02:00,2026-07-29T08:59:53+02:00,WALK|BUS,BUS,10,Información oficial: Consorcio Regional de Transportes de Madrid,62.88333333333333,7200.74,23.85,8.0,1730.74,0.0,2026-07-29T18:00:00+02:00,2026-07-29T19:01:02+02:00,WALK|BUS,BUS,10,Información oficial: Consorcio Regional de Transportes de Madrid,61.03333333333333,6996.86,20.966666666666665,9.0,1539.86,0.0,complete_route,True,0,123.91666666666666,14197.599999999999,44.81666666666666,17.0,3270.6,0.0
MAD-133,Palomeras Bajas,Puente de Vallecas,DEST_001,Puerta del Sol,WALK,A pie,2026-07-29,2026-07-29T09:00:00+02:00,success,[],,2026-07-29T18:00:00+02:00,success,[],,2026-07-29T07:36:20+02:00,2026-07-29T09:00:00+02:00,WALK,,,,83.66666666666667,6084.07,83.66666666666667,0.0,6084.07,0.0,2026-07-29T18:00:00+02:00,2026-07-29T19:23:47+02:00,WALK,,,,83.78333333333333,6105.41,83.78333333333333,0.0,6105.41,0.0,complete_route,True,0,167.45,12189.48,167.45,0.0,12189.48,0.0
MAD-134,Palomeras Sureste,Puente de Vallecas,DEST_001,Puerta del Sol,BICYCLE,Bicicleta,2026-07-29,2026-07-29T09:00:00+02:00,success,[],,2026-07-29T18:00:00+02:00,success,[],,2026-07-29T08:08:43+02:00,2026-07-29T09:00:00+02:00,BICYCLE,,,,51.28333333333333,13061.51,0.0,0.0,0.0,0.0,2026-07-29T18:00:00+02:00,2026-07-29T18:51:03+02:00,BICYCLE,,,,51.05,13082.25,0.0,0.0,0.0,0.0,complete_route,True,0,102.33333333333333,26143.760000000002,0.0,0.0,0.0,0.0
MAD-134,Palomeras Sureste,Puente de Vallecas,DEST_001,Puerta del Sol,CAR,Coche,2026-07-29,2026-07-29T09:00:00+02:00,success,[],,2026-07-29T18:00:00+02:00,success,[],,2026-07-29T08:47:20+02:00,2026-07-29T09:00:00+02:00,CAR,,,,12.666666666666666,11281.48,0.0,0.0,0.0,0.0,2026-07-29T18:00:00+02:00,2026-07-29T18:11:42+02:00,CAR,,,,11.7,9705.81,0.0,0.0,0.0,0.0,complete_route,True,0,24.366666666666667,20987.29,0.0,0.0,0.0,0.0
MAD-134,Palomeras Sureste,Puente de Vallecas,DEST_001,Puerta del Sol,TRANSIT,Transporte público,2026-07-29,2026-07-29T09:00:00+02:00,success,[],,2026-07-29T18:00:00+02:00,success,[],,2026-07-29T07:45:00+02:00,2026-07-29T08:59:28+02:00,WALK|BUS,BUS,10,Información oficial: Consorcio Regional de Transportes de Madrid,74.46666666666667,9006.93,26.48333333333333,8.0,1957.93,0.0,2026-07-29T18:00:00+02:00,2026-07-29T19:13:27+02:00,WALK|BUS,BUS,10,Información oficial: Consorcio Regional de Transportes de Madrid,73.45,8848.06,24.6,9.0,1842.06,0.0,complete_route,True,0,147.91666666666669,17854.989999999998,51.08333333333333,17.0,3799.99,0.0
MAD-134,Palomeras Sureste,Puente de Vallecas,DEST_001,Puerta del Sol,WALK,A pie,2026-07-29,2026-07-29T09:00:00+02:00,success,[],,2026-07-29T18:00:00+02:00,success,[],,2026-07-29T07:13:12+02:00,2026-07-29T09:00:00+02:00,WALK,,,,106.8,7761.99,106.8,0.0,7761.99,0.0,2026-07-29T18:00:00+02:00,2026-07-29T19:46:54+02:00,WALK,,,,106.9,7783.32,106.9,0.0,7783.32,0.0,complete_route,True,0,213.7,15545.31,213.7,0.0,15545.31,0.0
MAD-135,Portazgo,Puente de Vallecas,DEST_001,Puerta del Sol,BICYCLE,Bicicleta,2026-07-29,2026-07-29T09:00:00+02:00,success,[],,2026-07-29T18:00:00+02:00,success,[],,2026-07-29T08:23:39+02:00,2026-07-29T09:00:00+02:00,BICYCLE,,,,36.35,7371.54,0.0,0.0,0.0,0.0,2026-07-29T18:00:00+02:00,2026-07-29T18:34:29+02:00,BICYCLE,,,,34.483333333333334,7780.61,0.0,0.0,0.0,0.0,complete_route,True,0,70.83333333333334,15152.15,0.0,0.0,0.0,0.0
MAD-135,Portazgo,Puente de Vallecas,DEST_001,Puerta del Sol,CAR,Coche,2026-07-29,2026-07-29T09:00:00+02:00,success,[],,2026-07-29T18:00:00+02:00,success,[],,2026-07-29T08:45:57+02:00,2026-07-29T09:00:00+02:00,CAR,,,,14.05,9398.24,0.0,0.0,0.0,0.0,2026-07-29T18:00:00+02:00,2026-07-29T18:13:15+02:00,CAR,,,,13.25,9130.25,0.0,0.0,0.0,0.0,complete_route,True,0,27.3,18528.489999999998,0.0,0.0,0.0,0.0
MAD-135,Portazgo,Puente de Vallecas,DEST_001,Puerta del Sol,TRANSIT,Transporte público,2026-07-29,2026-07-29T09:00:00+02:00,success,[],,2026-07-29T18:00:00+02:00,success,[],,2026-07-29T07:55:00+02:00,2026-07-29T09:00:00+02:00,WALK|BUS,BUS,10,Información oficial: Consorcio Regional de Transportes de Madrid,65.0,7704.95,22.58333333333333,8.0,1638.9499999999998,0.0,2026-07-29T18:00:00+02:00,2026-07-29T19:04:42+02:00,WALK|BUS,BUS,10,Información oficial: Consorcio Regional de Transportes de Madrid,64.7,7776.46,19.8,9.0,1469.46,0.0,complete_route,True,0,129.7,15481.41,42.383333333333326,17.0,3108.41,0.0
MAD-135,Portazgo,Puente de Vallecas,DEST_001,Puerta del Sol,WALK,A pie,2026-07-29,2026-07-29T09:00:00+02:00,success,[],,2026-07-29T18:00:00+02:00,success,[],,2026-07-29T07:30:04+02:00,2026-07-29T09:00:00+02:00,WALK,,,,89.93333333333334,6525.84,89.93333333333334,0.0,6525.84,0.0,2026-07-29T18:00:00+02:00,2026-07-29T19:30:02+02:00,WALK,,,,90.03333333333333,6547.17,90.03333333333333,0.0,6547.17,0.0,complete_route,True,0,179.96666666666667,13073.01,179.96666666666667,0.0,13073.01,0.0
MAD-136,Numancia,Puente de Vallecas,DEST_001,Puerta del Sol,BICYCLE,Bicicleta,2026-07-29,2026-07-29T09:00:00+02:00,success,[],,2026-07-29T18:00:00+02:00,success,[],,2026-07-29T08:28:27+02:00,2026-07-29T09:00:00+02:00,BICYCLE,,,,31.55,6105.94,0.0,0.0,0.0,0.0,2026-07-29T18:00:00+02:00,2026-07-29T18:27:45+02:00,BICYCLE,,,,27.75,5976.64,0.0,0.0,0.0,0.0,complete_route,True,0,59.3,12082.58,0.0,0.0,0.0,0.0
MAD-136,Numancia,Puente de Vallecas,DEST_001,Puerta del Sol,CAR,Coche,2026-07-29,2026-07-29T09:00:00+02:00,success,[],,2026-07-29T18:00:00+02:00,success,[],,2026-07-29T08:48:35+02:00,2026-07-29T09:00:00+02:00,CAR,,,,11.416666666666666,7369.73,0.0,0.0,0.0,0.0,2026-07-29T18:00:00+02:00,2026-07-29T18:11:31+02:00,CAR,,,,11.516666666666667,7548.47,0.0,0.0,0.0,0.0,complete_route,True,0,22.933333333333334,14918.2,0.0,0.0,0.0,0.0
MAD-136,Numancia,Puente de Vallecas,DEST_001,Puerta del Sol,TRANSIT,Transporte público,2026-07-29,2026-07-29T09:00:00+02:00,success,[],,2026-07-29T18:00:00+02:00,success,[],,2026-07-29T08:01:00+02:00,2026-07-29T08:59:50+02:00,WALK|BUS,BUS,10,Información oficial: Consorcio Regional de Transportes de Madrid,58.833333333333336,6198.02,26.78333333333333,8.0,1958.02,0.0,2026-07-29T18:00:00+02:00,2026-07-29T18:59:20+02:00,WALK|BUS,BUS,37,Información oficial: Consorcio Regional de Transportes de Madrid,59.333333333333336,5145.88,27.966666666666665,11.0,2060.88,0.0,complete_route,True,0,118.16666666666667,11343.900000000001,54.75,19.0,4018.9,0.0
MAD-136,Numancia,Puente de Vallecas,DEST_001,Puerta del Sol,WALK,A pie,2026-07-29,2026-07-29T09:00:00+02:00,success,[],,2026-07-29T18:00:00+02:00,success,[],,2026-07-29T07:47:38+02:00,2026-07-29T09:00:00+02:00,WALK,,,,72.36666666666666,5301.32,72.36666666666666,0.0,5301.32,0.0,2026-07-29T18:00:00+02:00,2026-07-29T19:12:25+02:00,WALK,,,,72.41666666666667,5322.66,72.41666666666667,0.0,5322.66,0.0,complete_route,True,0,144.78333333333333,10623.98,144.78333333333333,0.0,10623.98,0.0
MAD-141,Pavones,Moratalaz,DEST_001,Puerta del Sol,BICYCLE,Bicicleta,2026-07-29,2026-07-29T09:00:00+02:00,success,[],,2026-07-29T18:00:00+02:00,success,[],,2026-07-29T07:59:48+02:00,2026-07-29T09:00:00+02:00,BICYCLE,,,,60.2,15283.69,0.0,0.0,0.0,0.0,2026-07-29T18:00:00+02:00,2026-07-29T18:42:48+02:00,BICYCLE,,,,42.8,8453.16,0.0,0.0,0.0,0.0,complete_route,True,0,103.0,23736.85,0.0,0.0,0.0,0.0
MAD-141,Pavones,Moratalaz,DEST_001,Puerta del Sol,CAR,Coche,2026-07-29,2026-07-29T09:00:00+02:00,success,[],,2026-07-29T18:00:00+02:00,success,[],,2026-07-29T08:47:15+02:00,2026-07-29T09:00:00+02:00,CAR,,,,12.75,8762.55,0.0,0.0,0.0,0.0,2026-07-29T18:00:00+02:00,2026-07-29T18:12:46+02:00,CAR,,,,12.766666666666667,9277.26,0.0,0.0,0.0,0.0,complete_route,True,0,25.516666666666666,18039.809999999998,0.0,0.0,0.0,0.0
MAD-141,Pavones,Moratalaz,DEST_001,Puerta del Sol,TRANSIT,Transporte público,2026-07-29,2026-07-29T09:00:00+02:00,success,[],,2026-07-29T18:00:00+02:00,success,[],,2026-07-29T07:55:00+02:00,2026-07-29T08:59:31+02:00,WALK|BUS,BUS,20,Información oficial: Consorcio Regional de Transportes de Madrid,64.51666666666667,8756.79,9.35,7.0,663.79,0.0,2026-07-29T18:00:00+02:00,2026-07-29T19:09:06+02:00,WALK|BUS,BUS,20,Información oficial: Consorcio Regional de Transportes de Madrid,69.1,9829.96,10.5,9.0,780.96,0.0,complete_route,True,0,133.61666666666667,18586.75,19.85,16.0,1444.75,0.0
MAD-141,Pavones,Moratalaz,DEST_001,Puerta del Sol,WALK,A pie,2026-07-29,2026-07-29T09:00:00+02:00,success,[],,2026-07-29T18:00:00+02:00,success,[],,2026-07-29T07:18:19+02:00,2026-07-29T09:00:00+02:00,WALK,,,,101.68333333333334,7559.86,101.68333333333334,0.0,7559.86,0.0,2026-07-29T18:00:00+02:00,2026-07-29T19:41:48+02:00,WALK,,,,101.8,7581.19,101.8,0.0,7581.19,0.0,complete_route,True,0,203.48333333333335,15141.05,203.48333333333335,0.0,15141.05,0.0
MAD-142,Horcajo,Moratalaz,DEST_001,Puerta del Sol,BICYCLE,Bicicleta,2026-07-29,2026-07-29T09:00:00+02:00,success,[],,2026-07-29T18:00:00+02:00,success,[],,2026-07-29T07:57:33+02:00,2026-07-29T09:00:00+02:00,BICYCLE,,,,62.45,16101.61,0.0,0.0,0.0,0.0,2026-07-29T18:00:00+02:00,2026-07-29T19:03:05+02:00,BICYCLE,,,,63.083333333333336,16507.0,0.0,0.0,0.0,0.0,complete_route,True,0,125.53333333333333,32608.61,0.0,0.0,0.0,0.0
MAD-142,Horcajo,Moratalaz,DEST_001,Puerta del Sol,CAR,Coche,2026-07-29,2026-07-29T09:00:00+02:00,success,[],,2026-07-29T18:00:00+02:00,success,[],,2026-07-29T08:48:21+02:00,2026-07-29T09:00:00+02:00,CAR,,,,11.65,7820.45,0.0,0.0,0.0,0.0,2026-07-29T18:00:00+02:00,2026-07-29T18:10:46+02:00,CAR,,,,10.766666666666667,8560.84,0.0,0.0,0.0,0.0,complete_route,True,0,22.416666666666668,16381.29,0.0,0.0,0.0,0.0
MAD-142,Horcajo,Moratalaz,DEST_001,Puerta del Sol,TRANSIT,Transporte público,2026-07-29,2026-07-29T09:00:00+02:00,success,[],,2026-07-29T18:00:00+02:00,success,[],,2026-07-29T07:53:00+02:00,2026-07-29T08:59:14+02:00,WALK|BUS,BUS,E4|20,Información oficial: Consorcio Regional de Transportes de Madrid,66.23333333333333,7801.14,19.466666666666665,16.0,1393.14,1.0,2026-07-29T18:00:00+02:00,2026-07-29T19:05:14+02:00,WALK|BUS,BUS,146|E4,Información oficial: Consorcio Regional de Transportes de Madrid,65.23333333333333,8463.03,14.983333333333333,19.0,1064.03,1.0,complete_route,True,0,131.46666666666667,16264.170000000002,34.449999999999996,35.0,2457.17,2.0
MAD-142,Horcajo,Moratalaz,DEST_001,Puerta del Sol,WALK,A pie,2026-07-29,2026-07-29T09:00:00+02:00,success,[],,2026-07-29T18:00:00+02:00,success,[],,2026-07-29T07:17:00+02:00,2026-07-29T09:00:00+02:00,WALK,,,,103.0,7739.8,103.0,0.0,7739.8,0.0,2026-07-29T18:00:00+02:00,2026-07-29T19:43:07+02:00,WALK,,,,103.11666666666666,7761.14,103.11666666666666,0.0,7761.14,0.0,complete_route,True,0,206.11666666666667,15500.94,206.11666666666667,0.0,15500.94,0.0
MAD-143,Marroquina,Moratalaz,DEST_001,Puerta del Sol,BICYCLE,Bicicleta,2026-07-29,2026-07-29T09:00:00+02:00,success,[],,2026-07-29T18:00:00+02:00,success,[],,2026-07-29T08:25:54+02:00,2026-07-29T09:00:00+02:00,BICYCLE,,,,34.1,6989.63,0.0,0.0,0.0,0.0,2026-07-29T18:00:00+02:00,2026-07-29T18:38:25+02:00,BICYCLE,,,,38.41666666666666,7265.83,0.0,0.0,0.0,0.0,complete_route,True,0,72.51666666666665,14255.46,0.0,0.0,0.0,0.0
MAD-143,Marroquina,Moratalaz,DEST_001,Puerta del Sol,CAR,Coche,2026-07-29,2026-07-29T09:00:00+02:00,success,[],,2026-07-29T18:00:00+02:00,success,[],,2026-07-29T08:48:39+02:00,2026-07-29T09:00:00+02:00,CAR,,,,11.35,7031.72,0.0,0.0,0.0,0.0,2026-07-29T18:00:00+02:00,2026-07-29T18:11:27+02:00,CAR,,,,11.45,7510.24,0.0,0.0,0.0,0.0,complete_route,True,0,22.799999999999997,14541.96,0.0,0.0,0.0,0.0
MAD-143,Marroquina,Moratalaz,DEST_001,Puerta del Sol,TRANSIT,Transporte público,2026-07-29,2026-07-29T09:00:00+02:00,success,[],,2026-07-29T18:00:00+02:00,success,[],,2026-07-29T08:02:00+02:00,2026-07-29T08:59:23+02:00,WALK|BUS,BUS,32,Información oficial: Consorcio Regional de Transportes de Madrid,57.38333333333333,7523.65,8.683333333333334,9.0,610.65,0.0,2026-07-29T18:00:00+02:00,2026-07-29T19:05:24+02:00,WALK|BUS,BUS,20,Información oficial: Consorcio Regional de Transportes de Madrid,65.4,7600.23,24.85,9.0,1850.23,0.0,complete_route,True,0,122.78333333333333,15123.88,33.53333333333333,18.0,2460.88,0.0
MAD-143,Marroquina,Moratalaz,DEST_001,Puerta del Sol,WALK,A pie,2026-07-29,2026-07-29T09:00:00+02:00,success,[],,2026-07-29T18:00:00+02:00,success,[],,2026-07-29T07:35:28+02:00,2026-07-29T09:00:00+02:00,WALK,,,,84.53333333333333,6287.02,84.53333333333333,0.0,6287.02,0.0,2026-07-29T18:00:00+02:00,2026-07-29T19:24:38+02:00,WALK,,,,84.63333333333334,6308.36,84.63333333333334,0.0,6308.36,0.0,complete_route,True,0,169.16666666666669,12595.380000000001,169.16666666666669,0.0,12595.380000000001,0.0
MAD-144,Media Legua,Moratalaz,DEST_001,Puerta del Sol,BICYCLE,Bicicleta,2026-07-29,2026-07-29T09:00:00+02:00,success,[],,2026-07-29T18:00:00+02:00,success,[],,2026-07-29T08:31:15+02:00,2026-07-29T09:00:00+02:00,BICYCLE,,,,28.75,5371.8,0.0,0.0,0.0,0.0,2026-07-29T18:00:00+02:00,2026-07-29T18:27:35+02:00,BICYCLE,,,,27.58333333333333,5331.65,0.0,0.0,0.0,0.0,complete_route,True,0,56.33333333333333,10703.45,0.0,0.0,0.0,0.0
MAD-144,Media Legua,Moratalaz,DEST_001,Puerta del Sol,CAR,Coche,2026-07-29,2026-07-29T09:00:00+02:00,success,[],,2026-07-29T18:00:00+02:00,success,[],,2026-07-29T08:49:52+02:00,2026-07-29T09:00:00+02:00,CAR,,,,10.133333333333333,6386.0,0.0,0.0,0.0,0.0,2026-07-29T18:00:00+02:00,2026-07-29T18:09:53+02:00,CAR,,,,9.883333333333333,6300.1,0.0,0.0,0.0,0.0,complete_route,True,0,20.016666666666666,12686.1,0.0,0.0,0.0,0.0
MAD-144,Media Legua,Moratalaz,DEST_001,Puerta del Sol,TRANSIT,Transporte público,2026-07-29,2026-07-29T09:00:00+02:00,success,[],,2026-07-29T18:00:00+02:00,success,[],,2026-07-29T08:07:00+02:00,2026-07-29T08:50:57+02:00,WALK|BUS,BUS,20,Información oficial: Consorcio Regional de Transportes de Madrid,43.95,5170.57,12.083333333333334,9.0,848.5699999999999,0.0,2026-07-29T18:00:00+02:00,2026-07-29T18:46:28+02:00,WALK|BUS,BUS,20,Información oficial: Consorcio Regional de Transportes de Madrid,46.46666666666667,5228.91,14.85,9.0,1105.91,0.0,complete_route,True,0,90.41666666666667,10399.48,26.933333333333334,18.0,1954.48,0.0
MAD-144,Media Legua,Moratalaz,DEST_001,Puerta del Sol,WALK,A pie,2026-07-29,2026-07-29T09:00:00+02:00,success,[],,2026-07-29T18:00:00+02:00,success,[],,2026-07-29T07:53:48+02:00,2026-07-29T09:00:00+02:00,WALK,,,,66.2,4818.73,66.2,0.0,4818.73,0.0,2026-07-29T18:00:00+02:00,2026-07-29T19:06:18+02:00,WALK,,,,66.3,4840.07,66.3,0.0,4840.07,0.0,complete_route,True,0,132.5,9658.8,132.5,0.0,9658.8,0.0
MAD-145,Fontarrón,Moratalaz,DEST_001,Puerta del Sol,BICYCLE,Bicicleta,2026-07-29,2026-07-29T09:00:00+02:00,success,[],,2026-07-29T18:00:00+02:00,success,[],,2026-07-29T08:23:20+02:00,2026-07-29T09:00:00+02:00,BICYCLE,,,,36.66666666666666,7661.22,0.0,0.0,0.0,0.0,2026-07-29T18:00:00+02:00,2026-07-29T18:39:29+02:00,BICYCLE,,,,39.48333333333333,7519.35,0.0,0.0,0.0,0.0,complete_route,True,0,76.14999999999998,15180.57,0.0,0.0,0.0,0.0
MAD-145,Fontarrón,Moratalaz,DEST_001,Puerta del Sol,CAR,Coche,2026-07-29,2026-07-29T09:00:00+02:00,success,[],,2026-07-29T18:00:00+02:00,success,[],,2026-07-29T08:48:27+02:00,2026-07-29T09:00:00+02:00,CAR,,,,11.55,7883.04,0.0,0.0,0.0,0.0,2026-07-29T18:00:00+02:00,2026-07-29T18:12:59+02:00,CAR,,,,12.983333333333333,7921.54,0.0,0.0,0.0,0.0,complete_route,True,0,24.53333333333333,15804.58,0.0,0.0,0.0,0.0
MAD-145,Fontarrón,Moratalaz,DEST_001,Puerta del Sol,TRANSIT,Transporte público,2026-07-29,2026-07-29T09:00:00+02:00,success,[],,2026-07-29T18:00:00+02:00,success,[],,2026-07-29T08:02:00+02:00,2026-07-29T08:59:34+02:00,WALK|BUS,BUS,20,Información oficial: Consorcio Regional de Transportes de Madrid,57.56666666666667,7356.36,11.75,7.0,833.36,0.0,2026-07-29T18:00:00+02:00,2026-07-29T18:56:35+02:00,WALK|BUS,BUS,20,Información oficial: Consorcio Regional de Transportes de Madrid,56.583333333333336,7411.55,11.75,9.0,876.55,0.0,complete_route,True,0,114.15,14767.91,23.5,16.0,1709.9099999999999,0.0
MAD-145,Fontarrón,Moratalaz,DEST_001,Puerta del Sol,WALK,A pie,2026-07-29,2026-07-29T09:00:00+02:00,success,[],,2026-07-29T18:00:00+02:00,success,[],,2026-07-29T07:33:26+02:00,2026-07-29T09:00:00+02:00,WALK,,,,86.56666666666666,6409.58,86.56666666666666,0.0,6409.58,0.0,2026-07-29T18:00:00+02:00,2026-07-29T19:26:41+02:00,WALK,,,,86.68333333333334,6430.92,86.68333333333334,0.0,6430.92,0.0,complete_route,True,0,173.25,12840.5,173.25,0.0,12840.5,0.0
MAD-146,Vinateros,Moratalaz,DEST_001,Puerta del Sol,BICYCLE,Bicicleta,2026-07-29,2026-07-29T09:00:00+02:00,success,[],,2026-07-29T18:00:00+02:00,success,[],,2026-07-29T08:24:14+02:00,2026-07-29T09:00:00+02:00,BICYCLE,,,,35.766666666666666,7006.8,0.0,0.0,0.0,0.0,2026-07-29T18:00:00+02:00,2026-07-29T18:38:51+02:00,BICYCLE,,,,38.85,7366.41,0.0,0.0,0.0,0.0,complete_route,True,0,74.61666666666667,14373.21,0.0,0.0,0.0,0.0
MAD-146,Vinateros,Moratalaz,DEST_001,Puerta del Sol,CAR,Coche,2026-07-29,2026-07-29T09:00:00+02:00,success,[],,2026-07-29T18:00:00+02:00,success,[],,2026-07-29T08:48:06+02:00,2026-07-29T09:00:00+02:00,CAR,,,,11.9,7502.72,0.0,0.0,0.0,0.0,2026-07-29T18:00:00+02:00,2026-07-29T18:11:27+02:00,CAR,,,,11.45,7381.39,0.0,0.0,0.0,0.0,complete_route,True,0,23.35,14884.11,0.0,0.0,0.0,0.0
MAD-146,Vinateros,Moratalaz,DEST_001,Puerta del Sol,TRANSIT,Transporte público,2026-07-29,2026-07-29T09:00:00+02:00,success,[],,2026-07-29T18:00:00+02:00,success,[],,2026-07-29T08:03:00+02:00,2026-07-29T08:59:41+02:00,WALK|BUS,BUS,20,Información oficial: Consorcio Regional de Transportes de Madrid,56.68333333333333,7310.29,10.866666666666667,7.0,787.29,0.0,2026-07-29T18:00:00+02:00,2026-07-29T18:56:54+02:00,WALK|BUS,BUS,20,Información oficial: Consorcio Regional de Transportes de Madrid,56.9,7256.88,13.6,9.0,1002.88,0.0,complete_route,True,0,113.58333333333333,14567.17,24.46666666666667,16.0,1790.17,0.0
MAD-146,Vinateros,Moratalaz,DEST_001,Puerta del Sol,WALK,A pie,2026-07-29,2026-07-29T09:00:00+02:00,success,[],,2026-07-29T18:00:00+02:00,success,[],,2026-07-29T07:36:55+02:00,2026-07-29T09:00:00+02:00,WALK,,,,83.08333333333333,6159.32,83.08333333333333,0.0,6159.32,0.0,2026-07-29T18:00:00+02:00,2026-07-29T19:23:11+02:00,WALK,,,,83.18333333333334,6180.66,83.18333333333334,0.0,6180.66,0.0,complete_route,True,0,166.26666666666665,12339.98,166.26666666666665,0.0,12339.98,0.0
MAD-151,Ventas,Ciudad Lineal,DEST_001,Puerta del Sol,BICYCLE,Bicicleta,2026-07-29,2026-07-29T09:00:00+02:00,success,[],,2026-07-29T18:00:00+02:00,success,[],,2026-07-29T08:29:13+02:00,2026-07-29T09:00:00+02:00,BICYCLE,,,,30.78333333333333,5362.63,0.0,0.0,0.0,0.0,2026-07-29T18:00:00+02:00,2026-07-29T18:29:02+02:00,BICYCLE,,,,29.03333333333333,5958.58,0.0,0.0,0.0,0.0,complete_route,True,0,59.81666666666666,11321.21,0.0,0.0,0.0,0.0
MAD-151,Ventas,Ciudad Lineal,DEST_001,Puerta del Sol,CAR,Coche,2026-07-29,2026-07-29T09:00:00+02:00,success,[],,2026-07-29T18:00:00+02:00,success,[],,2026-07-29T08:49:58+02:00,2026-07-29T09:00:00+02:00,CAR,,,,10.033333333333331,5287.78,0.0,0.0,0.0,0.0,2026-07-29T18:00:00+02:00,2026-07-29T18:09:59+02:00,CAR,,,,9.983333333333333,5605.47,0.0,0.0,0.0,0.0,complete_route,True,0,20.016666666666666,10893.25,0.0,0.0,0.0,0.0
MAD-151,Ventas,Ciudad Lineal,DEST_001,Puerta del Sol,TRANSIT,Transporte público,2026-07-29,2026-07-29T09:00:00+02:00,success,[],,2026-07-29T18:00:00+02:00,success,[],,2026-07-29T08:01:00+02:00,2026-07-29T08:58:34+02:00,WALK|BUS,BUS,28|20,Información oficial: Consorcio Regional de Transportes de Madrid,57.56666666666667,5453.06,15.783333333333331,16.0,1087.06,1.0,2026-07-29T18:00:00+02:00,2026-07-29T18:56:08+02:00,WALK|BUS,BUS,28,Información oficial: Consorcio Regional de Transportes de Madrid,56.13333333333333,5645.06,29.633333333333333,6.0,2062.06,0.0,complete_route,True,0,113.7,11098.12,45.416666666666664,22.0,3149.12,1.0
MAD-151,Ventas,Ciudad Lineal,DEST_001,Puerta del Sol,WALK,A pie,2026-07-29,2026-07-29T09:00:00+02:00,success,[],,2026-07-29T18:00:00+02:00,success,[],,2026-07-29T07:46:36+02:00,2026-07-29T09:00:00+02:00,WALK,,,,73.4,5289.06,73.4,0.0,5289.06,0.0,2026-07-29T18:00:00+02:00,2026-07-29T19:13:31+02:00,WALK,,,,73.51666666666667,5306.47,73.51666666666667,0.0,5306.47,0.0,complete_route,True,0,146.91666666666669,10595.53,146.91666666666669,0.0,10595.53,0.0
MAD-152,Pueblo Nuevo,Ciudad Lineal,DEST_001,Puerta del Sol,BICYCLE,Bicicleta,2026-07-29,2026-07-29T09:00:00+02:00,success,[],,2026-07-29T18:00:00+02:00,success,[],,2026-07-29T08:23:31+02:00,2026-07-29T09:00:00+02:00,BICYCLE,,,,36.48333333333333,6849.97,0.0,0.0,0.0,0.0,2026-07-29T18:00:00+02:00,2026-07-29T18:37:23+02:00,BICYCLE,,,,37.38333333333333,8462.83,0.0,0.0,0.0,0.0,complete_route,True,0,73.86666666666666,15312.8,0.0,0.0,0.0,0.0
MAD-152,Pueblo Nuevo,Ciudad Lineal,DEST_001,Puerta del Sol,CAR,Coche,2026-07-29,2026-07-29T09:00:00+02:00,success,[],,2026-07-29T18:00:00+02:00,success,[],,2026-07-29T08:47:13+02:00,2026-07-29T09:00:00+02:00,CAR,,,,12.783333333333331,6962.97,0.0,0.0,0.0,0.0,2026-07-29T18:00:00+02:00,2026-07-29T18:11:52+02:00,CAR,,,,11.866666666666667,7400.02,0.0,0.0,0.0,0.0,complete_route,True,0,24.65,14362.990000000002,0.0,0.0,0.0,0.0
MAD-152,Pueblo Nuevo,Ciudad Lineal,DEST_001,Puerta del Sol,TRANSIT,Transporte público,2026-07-29,2026-07-29T09:00:00+02:00,success,[],,2026-07-29T18:00:00+02:00,success,[],,2026-07-29T07:53:00+02:00,2026-07-29T08:58:09+02:00,WALK|BUS,BUS,28|20,Información oficial: Consorcio Regional de Transportes de Madrid,65.15,6972.15,18.45,14.3,1388.15,1.0,2026-07-29T18:00:00+02:00,2026-07-29T19:06:19+02:00,WALK|BUS,BUS,28,Información oficial: Consorcio Regional de Transportes de Madrid,66.31666666666666,7497.78,29.466666666666665,6.0,2106.78,0.0,complete_route,True,0,131.46666666666667,14469.93,47.916666666666664,20.3,3494.9300000000003,1.0
MAD-152,Pueblo Nuevo,Ciudad Lineal,DEST_001,Puerta del Sol,WALK,A pie,2026-07-29,2026-07-29T09:00:00+02:00,success,[],,2026-07-29T18:00:00+02:00,success,[],,2026-07-29T07:26:32+02:00,2026-07-29T09:00:00+02:00,WALK,,,,93.46666666666668,6773.65,93.46666666666668,0.0,6773.65,0.0,2026-07-29T18:00:00+02:00,2026-07-29T19:33:35+02:00,WALK,,,,93.58333333333331,6791.06,93.58333333333331,0.0,6791.06,0.0,complete_route,True,0,187.05,13564.71,187.05,0.0,13564.71,0.0
MAD-153,Quintana,Ciudad Lineal,DEST_001,Puerta del Sol,BICYCLE,Bicicleta,2026-07-29,2026-07-29T09:00:00+02:00,success,[],,2026-07-29T18:00:00+02:00,success,[],,2026-07-29T08:26:49+02:00,2026-07-29T09:00:00+02:00,BICYCLE,,,,33.18333333333333,7028.6,0.0,0.0,0.0,0.0,2026-07-29T18:00:00+02:00,2026-07-29T18:32:11+02:00,BICYCLE,,,,32.18333333333333,6985.42,0.0,0.0,0.0,0.0,complete_route,True,0,65.36666666666666,14014.02,0.0,0.0,0.0,0.0
MAD-153,Quintana,Ciudad Lineal,DEST_001,Puerta del Sol,CAR,Coche,2026-07-29,2026-07-29T09:00:00+02:00,success,[],,2026-07-29T18:00:00+02:00,success,[],,2026-07-29T08:47:52+02:00,2026-07-29T09:00:00+02:00,CAR,,,,12.133333333333333,6790.23,0.0,0.0,0.0,0.0,2026-07-29T18:00:00+02:00,2026-07-29T18:11:57+02:00,CAR,,,,11.95,7257.34,0.0,0.0,0.0,0.0,complete_route,True,0,24.083333333333332,14047.57,0.0,0.0,0.0,0.0
MAD-153,Quintana,Ciudad Lineal,DEST_001,Puerta del Sol,TRANSIT,Transporte público,2026-07-29,2026-07-29T09:00:00+02:00,success,[],,2026-07-29T18:00:00+02:00,success,[],,2026-07-29T07:51:00+02:00,2026-07-29T08:51:20+02:00,WALK|BUS,BUS,146,Información oficial: Consorcio Regional de Transportes de Madrid,60.333333333333336,6776.04,12.916666666666666,10.0,939.04,0.0,2026-07-29T18:00:00+02:00,2026-07-29T18:55:17+02:00,WALK|BUS,BUS,146,Información oficial: Consorcio Regional de Transportes de Madrid,55.28333333333333,6377.54,12.183333333333334,9.0,934.54,0.0,complete_route,True,0,115.61666666666667,13153.58,25.1,19.0,1873.58,0.0
MAD-153,Quintana,Ciudad Lineal,DEST_001,Puerta del Sol,WALK,A pie,2026-07-29,2026-07-29T09:00:00+02:00,success,[],,2026-07-29T18:00:00+02:00,success,[],,2026-07-29T07:31:31+02:00,2026-07-29T09:00:00+02:00,WALK,,,,88.48333333333333,6427.77,88.48333333333333,0.0,6427.77,0.0,2026-07-29T18:00:00+02:00,2026-07-29T19:28:36+02:00,WALK,,,,88.6,6445.18,88.6,0.0,6445.18,0.0,complete_route,True,0,177.08333333333331,12872.95,177.08333333333331,0.0,12872.95,0.0
MAD-154,La Concepción,Ciudad Lineal,DEST_001,Puerta del Sol,BICYCLE,Bicicleta,2026-07-29,2026-07-29T09:00:00+02:00,success,[],,2026-07-29T18:00:00+02:00,success,[],,2026-07-29T08:27:25+02:00,2026-07-29T09:00:00+02:00,BICYCLE,,,,32.583333333333336,6666.53,0.0,0.0,0.0,0.0,2026-07-29T18:00:00+02:00,2026-07-29T18:31:49+02:00,BICYCLE,,,,31.816666666666663,6683.45,0.0,0.0,0.0,0.0,complete_route,True,0,64.4,13349.98,0.0,0.0,0.0,0.0
MAD-154,La Concepción,Ciudad Lineal,DEST_001,Puerta del Sol,CAR,Coche,2026-07-29,2026-07-29T09:00:00+02:00,success,[],,2026-07-29T18:00:00+02:00,success,[],,2026-07-29T08:48:36+02:00,2026-07-29T09:00:00+02:00,CAR,,,,11.4,7515.8,0.0,0.0,0.0,0.0,2026-07-29T18:00:00+02:00,2026-07-29T18:11:23+02:00,CAR,,,,11.383333333333333,7997.6,0.0,0.0,0.0,0.0,complete_route,True,0,22.78333333333333,15513.400000000001,0.0,0.0,0.0,0.0
MAD-154,La Concepción,Ciudad Lineal,DEST_001,Puerta del Sol,TRANSIT,Transporte público,2026-07-29,2026-07-29T09:00:00+02:00,success,[],,2026-07-29T18:00:00+02:00,success,[],,2026-07-29T07:55:00+02:00,2026-07-29T08:49:40+02:00,WALK|BUS,BUS,146,Información oficial: Consorcio Regional de Transportes de Madrid,54.66666666666666,6161.88,9.5,10.0,675.8800000000001,0.0,2026-07-29T18:00:00+02:00,2026-07-29T18:54:35+02:00,WALK|BUS,BUS,146,Información oficial: Consorcio Regional de Transportes de Madrid,54.583333333333336,6287.92,11.483333333333333,9.0,844.9200000000001,0.0,complete_route,True,0,109.25,12449.8,20.983333333333334,19.0,1520.8000000000002,0.0
MAD-154,La Concepción,Ciudad Lineal,DEST_001,Puerta del Sol,WALK,A pie,2026-07-29,2026-07-29T09:00:00+02:00,success,[],,2026-07-29T18:00:00+02:00,success,[],,2026-07-29T07:35:58+02:00,2026-07-29T09:00:00+02:00,WALK,,,,84.03333333333333,6030.24,84.03333333333333,0.0,6030.24,0.0,2026-07-29T18:00:00+02:00,2026-07-29T19:24:09+02:00,WALK,,,,84.15,6047.65,84.15,0.0,6047.65,0.0,complete_route,True,0,168.18333333333334,12077.89,168.18333333333334,0.0,12077.89,0.0
MAD-155,San Pascual,Ciudad Lineal,DEST_001,Puerta del Sol,BICYCLE,Bicicleta,2026-07-29,2026-07-29T09:00:00+02:00,success,[],,2026-07-29T18:00:00+02:00,success,[],,2026-07-29T08:27:51+02:00,2026-07-29T09:00:00+02:00,BICYCLE,,,,32.15,6353.86,0.0,0.0,0.0,0.0,2026-07-29T18:00:00+02:00,2026-07-29T18:31:59+02:00,BICYCLE,,,,31.98333333333333,6599.93,0.0,0.0,0.0,0.0,complete_route,True,0,64.13333333333333,12953.79,0.0,0.0,0.0,0.0
MAD-155,San Pascual,Ciudad Lineal,DEST_001,Puerta del Sol,CAR,Coche,2026-07-29,2026-07-29T09:00:00+02:00,success,[],,2026-07-29T18:00:00+02:00,success,[],,2026-07-29T08:48:29+02:00,2026-07-29T09:00:00+02:00,CAR,,,,11.516666666666667,6872.93,0.0,0.0,0.0,0.0,2026-07-29T18:00:00+02:00,2026-07-29T18:10:35+02:00,CAR,,,,10.583333333333334,7700.65,0.0,0.0,0.0,0.0,complete_route,True,0,22.1,14573.58,0.0,0.0,0.0,0.0
MAD-155,San Pascual,Ciudad Lineal,DEST_001,Puerta del Sol,TRANSIT,Transporte público,2026-07-29,2026-07-29T09:00:00+02:00,success,[],,2026-07-29T18:00:00+02:00,success,[],,2026-07-29T07:52:00+02:00,2026-07-29T08:45:30+02:00,WALK|BUS,BUS,53,Información oficial: Consorcio Regional de Transportes de Madrid,53.5,6446.94,8.55,10.0,600.94,0.0,2026-07-29T18:00:00+02:00,2026-07-29T19:01:03+02:00,WALK|BUS,BUS,146,Información oficial: Consorcio Regional de Transportes de Madrid,61.05,6584.73,19.83333333333333,9.0,1442.73,0.0,complete_route,True,0,114.55,13031.669999999998,28.38333333333333,19.0,2043.67,0.0
MAD-155,San Pascual,Ciudad Lineal,DEST_001,Puerta del Sol,WALK,A pie,2026-07-29,2026-07-29T09:00:00+02:00,success,[],,2026-07-29T18:00:00+02:00,success,[],,2026-07-29T07:35:35+02:00,2026-07-29T09:00:00+02:00,WALK,,,,84.41666666666667,6129.52,84.41666666666667,0.0,6129.52,0.0,2026-07-29T18:00:00+02:00,2026-07-29T19:24:32+02:00,WALK,,,,84.53333333333333,6146.92,84.53333333333333,0.0,6146.92,0.0,complete_route,True,0,168.95,12276.44,168.95,0.0,12276.44,0.0
MAD-156,San Juan Bautista,Ciudad Lineal,DEST_001,Puerta del Sol,BICYCLE,Bicicleta,2026-07-29,2026-07-29T09:00:00+02:00,success,[],,2026-07-29T18:00:00+02:00,success,[],,2026-07-29T08:22:24+02:00,2026-07-29T09:00:00+02:00,BICYCLE,,,,37.6,7631.01,0.0,0.0,0.0,0.0,2026-07-29T18:00:00+02:00,2026-07-29T18:36:50+02:00,BICYCLE,,,,36.833333333333336,7771.06,0.0,0.0,0.0,0.0,complete_route,True,0,74.43333333333334,15402.07,0.0,0.0,0.0,0.0
MAD-156,San Juan Bautista,Ciudad Lineal,DEST_001,Puerta del Sol,CAR,Coche,2026-07-29,2026-07-29T09:00:00+02:00,success,[],,2026-07-29T18:00:00+02:00,success,[],,2026-07-29T08:49:00+02:00,2026-07-29T09:00:00+02:00,CAR,,,,11.0,7353.17,0.0,0.0,0.0,0.0,2026-07-29T18:00:00+02:00,2026-07-29T18:12:13+02:00,CAR,,,,12.216666666666669,9254.7,0.0,0.0,0.0,0.0,complete_route,True,0,23.21666666666667,16607.870000000003,0.0,0.0,0.0,0.0
MAD-156,San Juan Bautista,Ciudad Lineal,DEST_001,Puerta del Sol,TRANSIT,Transporte público,2026-07-29,2026-07-29T09:00:00+02:00,success,[],,2026-07-29T18:00:00+02:00,success,[],,2026-07-29T07:50:00+02:00,2026-07-29T08:52:05+02:00,WALK|BUS,BUS,53,Información oficial: Consorcio Regional de Transportes de Madrid,62.083333333333336,7560.18,12.166666666666666,10.0,882.1800000000001,0.0,2026-07-29T18:00:00+02:00,2026-07-29T19:01:44+02:00,WALK|BUS,BUS,52|223,Información oficial: Consorcio Regional de Transportes de Madrid|Consorcio Regional de Transportes de Madrid,61.73333333333333,7584.16,23.5,12.116666666666667,1650.16,1.0,complete_route,True,0,123.81666666666666,15144.34,35.666666666666664,22.116666666666667,2532.34,1.0
MAD-156,San Juan Bautista,Ciudad Lineal,DEST_001,Puerta del Sol,WALK,A pie,2026-07-29,2026-07-29T09:00:00+02:00,success,[],,2026-07-29T18:00:00+02:00,success,[],,2026-07-29T07:24:05+02:00,2026-07-29T09:00:00+02:00,WALK,,,,95.91666666666669,7031.7,95.91666666666669,0.0,7031.7,0.0,2026-07-29T18:00:00+02:00,2026-07-29T19:34:45+02:00,WALK,,,,94.75,6896.61,94.75,0.0,6896.61,0.0,complete_route,True,0,190.66666666666669,13928.31,190.66666666666669,0.0,13928.31,0.0
MAD-157,Colina,Ciudad Lineal,DEST_001,Puerta del Sol,BICYCLE,Bicicleta,2026-07-29,2026-07-29T09:00:00+02:00,success,[],,2026-07-29T18:00:00+02:00,success,[],,2026-07-29T08:21:20+02:00,2026-07-29T09:00:00+02:00,BICYCLE,,,,38.66666666666666,7754.19,0.0,0.0,0.0,0.0,2026-07-29T18:00:00+02:00,2026-07-29T18:38:15+02:00,BICYCLE,,,,38.25,8020.98,0.0,0.0,0.0,0.0,complete_route,True,0,76.91666666666666,15775.169999999998,0.0,0.0,0.0,0.0
MAD-157,Colina,Ciudad Lineal,DEST_001,Puerta del Sol,CAR,Coche,2026-07-29,2026-07-29T09:00:00+02:00,success,[],,2026-07-29T18:00:00+02:00,success,[],,2026-07-29T08:48:05+02:00,2026-07-29T09:00:00+02:00,CAR,,,,11.916666666666666,8075.18,0.0,0.0,0.0,0.0,2026-07-29T18:00:00+02:00,2026-07-29T18:12:02+02:00,CAR,,,,12.033333333333331,9403.52,0.0,0.0,0.0,0.0,complete_route,True,0,23.949999999999996,17478.7,0.0,0.0,0.0,0.0
MAD-157,Colina,Ciudad Lineal,DEST_001,Puerta del Sol,TRANSIT,Transporte público,2026-07-29,2026-07-29T09:00:00+02:00,success,[],,2026-07-29T18:00:00+02:00,success,[],,2026-07-29T07:51:00+02:00,2026-07-29T08:45:26+02:00,WALK|BUS,BUS,9,Información oficial: Consorcio Regional de Transportes de Madrid,54.43333333333333,7381.27,11.583333333333334,7.0,816.27,0.0,2026-07-29T18:00:00+02:00,2026-07-29T19:00:04+02:00,WALK|BUS,BUS,9,Información oficial: Consorcio Regional de Transportes de Madrid,60.06666666666667,7078.73,13.033333333333331,9.0,960.73,0.0,complete_route,True,0,114.5,14460.0,24.616666666666667,16.0,1777.0,0.0
MAD-157,Colina,Ciudad Lineal,DEST_001,Puerta del Sol,WALK,A pie,2026-07-29,2026-07-29T09:00:00+02:00,success,[],,2026-07-29T18:00:00+02:00,success,[],,2026-07-29T07:23:04+02:00,2026-07-29T09:00:00+02:00,WALK,,,,96.93333333333334,7054.36,96.93333333333334,0.0,7054.36,0.0,2026-07-29T18:00:00+02:00,2026-07-29T19:36:22+02:00,WALK,,,,96.36666666666666,7022.22,96.36666666666666,0.0,7022.22,0.0,complete_route,True,0,193.3,14076.58,193.3,0.0,14076.58,0.0
MAD-158,Atalaya,Ciudad Lineal,DEST_001,Puerta del Sol,BICYCLE,Bicicleta,2026-07-29,2026-07-29T09:00:00+02:00,success,[],,2026-07-29T18:00:00+02:00,success,[],,2026-07-29T08:19:12+02:00,2026-07-29T09:00:00+02:00,BICYCLE,,,,40.8,8420.55,0.0,0.0,0.0,0.0,2026-07-29T18:00:00+02:00,2026-07-29T18:43:28+02:00,BICYCLE,,,,43.46666666666667,8677.39,0.0,0.0,0.0,0.0,complete_route,True,0,84.26666666666667,17097.94,0.0,0.0,0.0,0.0
MAD-158,Atalaya,Ciudad Lineal,DEST_001,Puerta del Sol,CAR,Coche,2026-07-29,2026-07-29T09:00:00+02:00,success,[],,2026-07-29T18:00:00+02:00,success,[],,2026-07-29T08:47:33+02:00,2026-07-29T09:00:00+02:00,CAR,,,,12.45,8549.2,0.0,0.0,0.0,0.0,2026-07-29T18:00:00+02:00,2026-07-29T18:12:45+02:00,CAR,,,,12.75,11135.85,0.0,0.0,0.0,0.0,complete_route,True,0,25.2,19685.050000000003,0.0,0.0,0.0,0.0
MAD-158,Atalaya,Ciudad Lineal,DEST_001,Puerta del Sol,TRANSIT,Transporte público,2026-07-29,2026-07-29T09:00:00+02:00,success,[],,2026-07-29T18:00:00+02:00,success,[],,2026-07-29T07:44:00+02:00,2026-07-29T08:46:14+02:00,WALK|BUS,BUS,9,Información oficial: Consorcio Regional de Transportes de Madrid,62.23333333333333,8344.8,16.05,7.0,1170.8,0.0,2026-07-29T18:00:00+02:00,2026-07-29T19:09:36+02:00,WALK|BUS,BUS,9,Información oficial: Consorcio Regional de Transportes de Madrid,69.6,7921.2,20.45,9.0,1462.2,0.0,complete_route,True,0,131.83333333333331,16266.0,36.5,16.0,2633.0,0.0
MAD-158,Atalaya,Ciudad Lineal,DEST_001,Puerta del Sol,WALK,A pie,2026-07-29,2026-07-29T09:00:00+02:00,success,[],,2026-07-29T18:00:00+02:00,success,[],,2026-07-29T07:18:19+02:00,2026-07-29T09:00:00+02:00,WALK,,,,101.68333333333334,7463.72,101.68333333333334,0.0,7463.72,0.0,2026-07-29T18:00:00+02:00,2026-07-29T19:38:59+02:00,WALK,,,,98.98333333333332,7255.62,98.98333333333332,0.0,7255.62,0.0,complete_route,True,0,200.66666666666666,14719.34,200.66666666666666,0.0,14719.34,0.0
MAD-159,Costillares,Ciudad Lineal,DEST_001,Puerta del Sol,BICYCLE,Bicicleta,2026-07-29,2026-07-29T09:00:00+02:00,no_route,"[{""code"":""NO_DIRECT_MODE_CONNECTION"",""description"":""No route found for the requested direct mode. The origin and destination may be too far apart or not connected by the requested mode of transport."",""inputField"":null}]",,2026-07-29T18:00:00+02:00,no_route,"[{""code"":""NO_DIRECT_MODE_CONNECTION"",""description"":""No route found for the requested direct mode. The origin and destination may be too far apart or not connected by the requested mode of transport."",""inputField"":null}]",,,,,,,,,,,,,,,,,,,,,,,,,,no_route,False,2,,,,,,
MAD-159,Costillares,Ciudad Lineal,DEST_001,Puerta del Sol,CAR,Coche,2026-07-29,2026-07-29T09:00:00+02:00,no_route,"[{""code"":""NO_DIRECT_MODE_CONNECTION"",""description"":""No route found for the requested direct mode. The origin and destination may be too far apart or not connected by the requested mode of transport."",""inputField"":null}]",,2026-07-29T18:00:00+02:00,no_route,"[{""code"":""NO_DIRECT_MODE_CONNECTION"",""description"":""No route found for the requested direct mode. The origin and destination may be too far apart or not connected by the requested mode of transport."",""inputField"":null}]",,,,,,,,,,,,,,,,,,,,,,,,,,no_route,False,2,,,,,,
MAD-159,Costillares,Ciudad Lineal,DEST_001,Puerta del Sol,TRANSIT,Transporte público,2026-07-29,2026-07-29T09:00:00+02:00,no_route,"[{""code"":""NO_STOPS_IN_RANGE"",""description"":""The location was found, but no stops could be found within the search radius."",""inputField"":""FROM""}]",,2026-07-29T18:00:00+02:00,no_route,"[{""code"":""NO_STOPS_IN_RANGE"",""description"":""The location was found, but no stops could be found within the search radius."",""inputField"":""TO""}]",,,,,,,,,,,,,,,,,,,,,,,,,,no_route,False,2,,,,,,
MAD-159,Costillares,Ciudad Lineal,DEST_001,Puerta del Sol,WALK,A pie,2026-07-29,2026-07-29T09:00:00+02:00,no_route,"[{""code"":""NO_DIRECT_MODE_CONNECTION"",""description"":""No route found for the requested direct mode. The origin and destination may be too far apart or not connected by the requested mode of transport."",""inputField"":null}]",,2026-07-29T18:00:00+02:00,no_route,"[{""code"":""NO_DIRECT_MODE_CONNECTION"",""description"":""No route found for the requested direct mode. The origin and destination may be too far apart or not connected by the requested mode of transport."",""inputField"":null}]",,,,,,,,,,,,,,,,,,,,,,,,,,no_route,False,2,,,,,,
MAD-161,Palomas,Hortaleza,DEST_001,Puerta del Sol,BICYCLE,Bicicleta,2026-07-29,2026-07-29T09:00:00+02:00,success,[],,2026-07-29T18:00:00+02:00,success,[],,2026-07-29T08:08:57+02:00,2026-07-29T09:00:00+02:00,BICYCLE,,,,51.05,10863.02,0.0,0.0,0.0,0.0,2026-07-29T18:00:00+02:00,2026-07-29T18:52:37+02:00,BICYCLE,,,,52.61666666666667,11407.32,0.0,0.0,0.0,0.0,complete_route,True,0,103.66666666666666,22270.34,0.0,0.0,0.0,0.0
MAD-161,Palomas,Hortaleza,DEST_001,Puerta del Sol,CAR,Coche,2026-07-29,2026-07-29T09:00:00+02:00,success,[],,2026-07-29T18:00:00+02:00,success,[],,2026-07-29T08:46:26+02:00,2026-07-29T09:00:00+02:00,CAR,,,,13.566666666666666,10630.69,0.0,0.0,0.0,0.0,2026-07-29T18:00:00+02:00,2026-07-29T18:16:24+02:00,CAR,,,,16.4,11561.1,0.0,0.0,0.0,0.0,complete_route,True,0,29.966666666666665,22191.79,0.0,0.0,0.0,0.0
MAD-161,Palomas,Hortaleza,DEST_001,Puerta del Sol,TRANSIT,Transporte público,2026-07-29,2026-07-29T09:00:00+02:00,success,[],,2026-07-29T18:00:00+02:00,success,[],,2026-07-29T07:44:02+02:00,2026-07-29T08:50:10+02:00,WALK|BUS,BUS,223|52,Consorcio Regional de Transportes de Madrid|Información oficial: Consorcio Regional de Transportes de Madrid,66.13333333333334,11642.6,29.266666666666666,13.0,2016.6,1.0,2026-07-29T18:00:00+02:00,2026-07-29T19:07:43+02:00,WALK|BUS,BUS,52|223,Información oficial: Consorcio Regional de Transportes de Madrid|Consorcio Regional de Transportes de Madrid,67.71666666666667,11485.02,28.0,12.116666666666667,1931.02,1.0,complete_route,True,0,133.85000000000002,23127.620000000003,57.266666666666666,25.116666666666667,3947.62,2.0
MAD-161,Palomas,Hortaleza,DEST_001,Puerta del Sol,WALK,A pie,2026-07-29,2026-07-29T09:00:00+02:00,success,[],,2026-07-29T18:00:00+02:00,success,[],,2026-07-29T06:44:32+02:00,2026-07-29T09:00:00+02:00,WALK,,,,135.46666666666667,9958.64,135.46666666666667,0.0,9958.64,0.0,2026-07-29T18:00:00+02:00,2026-07-29T20:15:35+02:00,WALK,,,,135.58333333333334,9976.05,135.58333333333334,0.0,9976.05,0.0,complete_route,True,0,271.05,19934.69,271.05,0.0,19934.69,0.0
MAD-162,Piovera,Hortaleza,DEST_001,Puerta del Sol,BICYCLE,Bicicleta,2026-07-29,2026-07-29T09:00:00+02:00,success,[],,2026-07-29T18:00:00+02:00,success,[],,2026-07-29T08:17:02+02:00,2026-07-29T09:00:00+02:00,BICYCLE,,,,42.96666666666667,9027.74,0.0,0.0,0.0,0.0,2026-07-29T18:00:00+02:00,2026-07-29T18:43:17+02:00,BICYCLE,,,,43.28333333333333,9473.39,0.0,0.0,0.0,0.0,complete_route,True,0,86.25,18501.129999999997,0.0,0.0,0.0,0.0
MAD-162,Piovera,Hortaleza,DEST_001,Puerta del Sol,CAR,Coche,2026-07-29,2026-07-29T09:00:00+02:00,success,[],,2026-07-29T18:00:00+02:00,success,[],,2026-07-29T08:46:15+02:00,2026-07-29T09:00:00+02:00,CAR,,,,13.75,8901.94,0.0,0.0,0.0,0.0,2026-07-29T18:00:00+02:00,2026-07-29T18:16:23+02:00,CAR,,,,16.383333333333333,12278.62,0.0,0.0,0.0,0.0,complete_route,True,0,30.133333333333333,21180.56,0.0,0.0,0.0,0.0
MAD-162,Piovera,Hortaleza,DEST_001,Puerta del Sol,TRANSIT,Transporte público,2026-07-29,2026-07-29T09:00:00+02:00,success,[],,2026-07-29T18:00:00+02:00,success,[],,2026-07-29T07:44:40+02:00,2026-07-29T08:44:42+02:00,WALK|BUS,BUS,223|9,Consorcio Regional de Transportes de Madrid|Información oficial: Consorcio Regional de Transportes de Madrid,60.03333333333333,9449.49,27.883333333333333,9.0,2088.49,1.0,2026-07-29T18:00:00+02:00,2026-07-29T19:11:51+02:00,WALK|BUS,BUS,52|223|224A,Información oficial: Consorcio Regional de Transportes de Madrid|Consorcio Regional de Transportes de Madrid,71.85,19227.52,27.933333333333334,15.333333333333334,2033.52,2.0,complete_route,True,0,131.88333333333333,28677.010000000002,55.81666666666666,24.333333333333336,4122.01,3.0
MAD-162,Piovera,Hortaleza,DEST_001,Puerta del Sol,WALK,A pie,2026-07-29,2026-07-29T09:00:00+02:00,success,[],,2026-07-29T18:00:00+02:00,success,[],,2026-07-29T06:57:34+02:00,2026-07-29T09:00:00+02:00,WALK,,,,122.43333333333334,8904.21,122.43333333333334,0.0,8904.21,0.0,2026-07-29T18:00:00+02:00,2026-07-29T20:01:52+02:00,WALK,,,,121.86666666666666,8872.06,121.86666666666666,0.0,8872.06,0.0,complete_route,True,0,244.3,17776.269999999997,244.3,0.0,17776.269999999997,0.0
MAD-163,Canillas,Hortaleza,DEST_001,Puerta del Sol,BICYCLE,Bicicleta,2026-07-29,2026-07-29T09:00:00+02:00,success,[],,2026-07-29T18:00:00+02:00,success,[],,2026-07-29T08:14:53+02:00,2026-07-29T09:00:00+02:00,BICYCLE,,,,45.11666666666667,9339.81,0.0,0.0,0.0,0.0,2026-07-29T18:00:00+02:00,2026-07-29T18:45:59+02:00,BICYCLE,,,,45.98333333333333,9786.12,0.0,0.0,0.0,0.0,complete_route,True,0,91.1,19125.93,0.0,0.0,0.0,0.0
MAD-163,Canillas,Hortaleza,DEST_001,Puerta del Sol,CAR,Coche,2026-07-29,2026-07-29T09:00:00+02:00,success,[],,2026-07-29T18:00:00+02:00,success,[],,2026-07-29T08:46:08+02:00,2026-07-29T09:00:00+02:00,CAR,,,,13.866666666666667,8905.64,0.0,0.0,0.0,0.0,2026-07-29T18:00:00+02:00,2026-07-29T18:14:40+02:00,CAR,,,,14.666666666666666,11571.34,0.0,0.0,0.0,0.0,complete_route,True,0,28.53333333333333,20476.98,0.0,0.0,0.0,0.0
MAD-163,Canillas,Hortaleza,DEST_001,Puerta del Sol,TRANSIT,Transporte público,2026-07-29,2026-07-29T09:00:00+02:00,success,[],,2026-07-29T18:00:00+02:00,success,[],,2026-07-29T07:29:00+02:00,2026-07-29T08:48:32+02:00,WALK|BUS,BUS,120|9,Información oficial: Consorcio Regional de Transportes de Madrid,79.53333333333333,9146.87,11.166666666666666,22.0,790.87,1.0,2026-07-29T18:00:00+02:00,2026-07-29T19:22:31+02:00,WALK|BUS,BUS,9,Información oficial: Consorcio Regional de Transportes de Madrid,82.51666666666667,9236.77,30.25,9.0,2275.77,0.0,complete_route,True,0,162.05,18383.64,41.416666666666664,31.0,3066.64,1.0
MAD-163,Canillas,Hortaleza,DEST_001,Puerta del Sol,WALK,A pie,2026-07-29,2026-07-29T09:00:00+02:00,success,[],,2026-07-29T18:00:00+02:00,success,[],,2026-07-29T06:59:55+02:00,2026-07-29T09:00:00+02:00,WALK,,,,120.08333333333331,8782.78,120.08333333333331,0.0,8782.78,0.0,2026-07-29T18:00:00+02:00,2026-07-29T19:59:31+02:00,WALK,,,,119.51666666666668,8750.63,119.51666666666668,0.0,8750.63,0.0,complete_route,True,0,239.6,17533.41,239.6,0.0,17533.41,0.0
MAD-164,Pinar del Rey,Hortaleza,DEST_001,Puerta del Sol,BICYCLE,Bicicleta,2026-07-29,2026-07-29T09:00:00+02:00,success,[],,2026-07-29T18:00:00+02:00,success,[],,2026-07-29T08:10:48+02:00,2026-07-29T09:00:00+02:00,BICYCLE,,,,49.2,10311.01,0.0,0.0,0.0,0.0,2026-07-29T18:00:00+02:00,2026-07-29T18:49:21+02:00,BICYCLE,,,,49.35,10287.72,0.0,0.0,0.0,0.0,complete_route,True,0,98.55000000000001,20598.73,0.0,0.0,0.0,0.0
MAD-164,Pinar del Rey,Hortaleza,DEST_001,Puerta del Sol,CAR,Coche,2026-07-29,2026-07-29T09:00:00+02:00,success,[],,2026-07-29T18:00:00+02:00,success,[],,2026-07-29T08:44:20+02:00,2026-07-29T09:00:00+02:00,CAR,,,,15.666666666666666,10536.6,0.0,0.0,0.0,0.0,2026-07-29T18:00:00+02:00,2026-07-29T18:15:46+02:00,CAR,,,,15.766666666666667,11915.08,0.0,0.0,0.0,0.0,complete_route,True,0,31.433333333333334,22451.68,0.0,0.0,0.0,0.0
MAD-164,Pinar del Rey,Hortaleza,DEST_001,Puerta del Sol,TRANSIT,Transporte público,2026-07-29,2026-07-29T09:00:00+02:00,success,[],,2026-07-29T18:00:00+02:00,success,[],,2026-07-29T07:35:00+02:00,2026-07-29T08:46:03+02:00,WALK|BUS,BUS,9,Información oficial: Consorcio Regional de Transportes de Madrid,71.05,10155.94,13.75,7.0,943.94,0.0,2026-07-29T18:00:00+02:00,2026-07-29T19:17:57+02:00,WALK|BUS,BUS,9,Información oficial: Consorcio Regional de Transportes de Madrid,77.95,9613.58,17.033333333333335,9.0,1259.58,0.0,complete_route,True,0,149.0,19769.52,30.783333333333335,16.0,2203.52,0.0
MAD-164,Pinar del Rey,Hortaleza,DEST_001,Puerta del Sol,WALK,A pie,2026-07-29,2026-07-29T09:00:00+02:00,success,[],,2026-07-29T18:00:00+02:00,success,[],,2026-07-29T06:52:17+02:00,2026-07-29T09:00:00+02:00,WALK,,,,127.71666666666668,9320.79,127.71666666666668,0.0,9320.79,0.0,2026-07-29T18:00:00+02:00,2026-07-29T20:07:09+02:00,WALK,,,,127.15,9288.64,127.15,0.0,9288.64,0.0,complete_route,True,0,254.86666666666667,18609.43,254.86666666666667,0.0,18609.43,0.0
MAD-165,Apóstol Santiago,Hortaleza,DEST_001,Puerta del Sol,BICYCLE,Bicicleta,2026-07-29,2026-07-29T09:00:00+02:00,success,[],,2026-07-29T18:00:00+02:00,success,[],,2026-07-29T08:16:02+02:00,2026-07-29T09:00:00+02:00,BICYCLE,,,,43.96666666666667,8877.58,0.0,0.0,0.0,0.0,2026-07-29T18:00:00+02:00,2026-07-29T18:47:49+02:00,BICYCLE,,,,47.81666666666667,9827.37,0.0,0.0,0.0,0.0,complete_route,True,0,91.78333333333333,18704.95,0.0,0.0,0.0,0.0
MAD-165,Apóstol Santiago,Hortaleza,DEST_001,Puerta del Sol,CAR,Coche,2026-07-29,2026-07-29T09:00:00+02:00,success,[],,2026-07-29T18:00:00+02:00,success,[],,2026-07-29T08:45:09+02:00,2026-07-29T09:00:00+02:00,CAR,,,,14.85,10291.49,0.0,0.0,0.0,0.0,2026-07-29T18:00:00+02:00,2026-07-29T18:14:10+02:00,CAR,,,,14.166666666666666,11784.45,0.0,0.0,0.0,0.0,complete_route,True,0,29.016666666666666,22075.940000000002,0.0,0.0,0.0,0.0
MAD-165,Apóstol Santiago,Hortaleza,DEST_001,Puerta del Sol,TRANSIT,Transporte público,2026-07-29,2026-07-29T09:00:00+02:00,success,[],,2026-07-29T18:00:00+02:00,success,[],,2026-07-29T07:37:00+02:00,2026-07-29T08:56:48+02:00,WALK|BUS,BUS,150,Información oficial: Consorcio Regional de Transportes de Madrid,79.8,12200.65,19.683333333333334,10.0,1410.65,0.0,2026-07-29T18:00:00+02:00,2026-07-29T19:24:59+02:00,WALK|BUS,BUS,7,Información oficial: Consorcio Regional de Transportes de Madrid,84.98333333333333,10858.72,23.016666666666666,13.0,1695.7199999999998,0.0,complete_route,True,0,164.78333333333333,23059.37,42.7,23.0,3106.37,0.0
MAD-165,Apóstol Santiago,Hortaleza,DEST_001,Puerta del Sol,WALK,A pie,2026-07-29,2026-07-29T09:00:00+02:00,success,[],,2026-07-29T18:00:00+02:00,success,[],,2026-07-29T07:00:12+02:00,2026-07-29T09:00:00+02:00,WALK,,,,119.8,8898.35,119.8,0.0,8898.35,0.0,2026-07-29T18:00:00+02:00,2026-07-29T19:57:07+02:00,WALK,,,,117.11666666666666,8690.25,117.11666666666666,0.0,8690.25,0.0,complete_route,True,0,236.91666666666666,17588.6,236.91666666666666,0.0,17588.6,0.0
MAD-166,Valdefuentes,Hortaleza,DEST_001,Puerta del Sol,BICYCLE,Bicicleta,2026-07-29,2026-07-29T09:00:00+02:00,success,[],,2026-07-29T18:00:00+02:00,success,[],,2026-07-29T08:00:09+02:00,2026-07-29T09:00:00+02:00,BICYCLE,,,,59.85,12769.29,0.0,0.0,0.0,0.0,2026-07-29T18:00:00+02:00,2026-07-29T19:02:14+02:00,BICYCLE,,,,62.23333333333333,13029.55,0.0,0.0,0.0,0.0,complete_route,True,0,122.08333333333333,25798.84,0.0,0.0,0.0,0.0
MAD-166,Valdefuentes,Hortaleza,DEST_001,Puerta del Sol,CAR,Coche,2026-07-29,2026-07-29T09:00:00+02:00,no_route,"[{""code"":""NO_DIRECT_MODE_CONNECTION"",""description"":""No route found for the requested direct mode. The origin and destination may be too far apart or not connected by the requested mode of transport."",""inputField"":null}]",,2026-07-29T18:00:00+02:00,no_route,"[{""code"":""NO_DIRECT_MODE_CONNECTION"",""description"":""No route found for the requested direct mode. The origin and destination may be too far apart or not connected by the requested mode of transport."",""inputField"":null}]",,,,,,,,,,,,,,,,,,,,,,,,,,no_route,False,2,,,,,,
MAD-166,Valdefuentes,Hortaleza,DEST_001,Puerta del Sol,TRANSIT,Transporte público,2026-07-29,2026-07-29T09:00:00+02:00,success,[],,2026-07-29T18:00:00+02:00,success,[],,2026-07-29T07:18:26+02:00,2026-07-29T08:59:21+02:00,WALK|BUS,BUS,183|27,Consorcio Regional de Transportes de Madrid|Información oficial: Consorcio Regional de Transportes de Madrid,100.91666666666669,15982.95,54.73333333333333,7.0,4069.95,1.0,2026-07-29T18:05:00+02:00,2026-07-29T19:36:09+02:00,WALK|BUS,BUS,27|171,Información oficial: Consorcio Regional de Transportes de Madrid|Consorcio Regional de Transportes de Madrid,91.15,14620.52,51.48333333333333,9.183333333333334,3929.52,1.0,complete_route,True,0,192.0666666666667,30603.47,106.21666666666665,16.183333333333334,7999.469999999999,2.0
MAD-166,Valdefuentes,Hortaleza,DEST_001,Puerta del Sol,WALK,A pie,2026-07-29,2026-07-29T09:00:00+02:00,success,[],,2026-07-29T18:00:00+02:00,success,[],,2026-07-29T06:18:40+02:00,2026-07-29T09:00:00+02:00,WALK,,,,161.33333333333334,11917.17,161.33333333333334,0.0,11917.17,0.0,2026-07-29T18:00:00+02:00,2026-07-29T20:40:46+02:00,WALK,,,,160.76666666666668,11885.02,160.76666666666668,0.0,11885.02,0.0,complete_route,True,0,322.1,23802.190000000002,322.1,0.0,23802.190000000002,0.0
MAD-171,Villaverde Alto - Casco Histórico de Villaverde,Villaverde,DEST_001,Puerta del Sol,BICYCLE,Bicicleta,2026-07-29,2026-07-29T09:00:00+02:00,success,[],,2026-07-29T18:00:00+02:00,success,[],,2026-07-29T08:14:34+02:00,2026-07-29T09:00:00+02:00,BICYCLE,,,,45.43333333333333,10563.39,0.0,0.0,0.0,0.0,2026-07-29T18:00:00+02:00,2026-07-29T18:45:18+02:00,BICYCLE,,,,45.3,11018.38,0.0,0.0,0.0,0.0,complete_route,True,0,90.73333333333332,21581.769999999997,0.0,0.0,0.0,0.0
MAD-171,Villaverde Alto - Casco Histórico de Villaverde,Villaverde,DEST_001,Puerta del Sol,CAR,Coche,2026-07-29,2026-07-29T09:00:00+02:00,success,[],,2026-07-29T18:00:00+02:00,success,[],,2026-07-29T08:38:57+02:00,2026-07-29T09:00:00+02:00,CAR,,,,21.05,12001.6,0.0,0.0,0.0,0.0,2026-07-29T18:00:00+02:00,2026-07-29T18:17:33+02:00,CAR,,,,17.55,12861.73,0.0,0.0,0.0,0.0,complete_route,True,0,38.6,24863.33,0.0,0.0,0.0,0.0
MAD-171,Villaverde Alto - Casco Histórico de Villaverde,Villaverde,DEST_001,Puerta del Sol,TRANSIT,Transporte público,2026-07-29,2026-07-29T09:00:00+02:00,success,[],,2026-07-29T18:00:00+02:00,success,[],,2026-07-29T07:40:29+02:00,2026-07-29T08:55:06+02:00,WALK|BUS,BUS,423|6,Consorcio Regional de Transportes de Madrid|Información oficial: Consorcio Regional de Transportes de Madrid,74.61666666666666,11222.43,36.833333333333336,11.0,2620.43,1.0,2026-07-29T18:01:00+02:00,2026-07-29T19:14:09+02:00,WALK|BUS,BUS,23|424,Información oficial: Consorcio Regional de Transportes de Madrid|Consorcio Regional de Transportes de Madrid,73.15,11019.56,33.53333333333333,11.066666666666666,2494.56,1.0,complete_route,True,0,147.76666666666665,22241.989999999998,70.36666666666667,22.066666666666666,5114.99,2.0
MAD-171,Villaverde Alto - Casco Histórico de Villaverde,Villaverde,DEST_001,Puerta del Sol,WALK,A pie,2026-07-29,2026-07-29T09:00:00+02:00,success,[],,2026-07-29T18:00:00+02:00,success,[],,2026-07-29T06:52:54+02:00,2026-07-29T09:00:00+02:00,WALK,,,,127.1,9514.53,127.1,0.0,9514.53,0.0,2026-07-29T18:00:00+02:00,2026-07-29T20:07:02+02:00,WALK,,,,127.03333333333332,9532.3,127.03333333333332,0.0,9532.3,0.0,complete_route,True,0,254.13333333333333,19046.83,254.13333333333333,0.0,19046.83,0.0
MAD-172,San Cristóbal,Villaverde,DEST_001,Puerta del Sol,BICYCLE,Bicicleta,2026-07-29,2026-07-29T09:00:00+02:00,success,[],,2026-07-29T18:00:00+02:00,success,[],,2026-07-29T08:13:23+02:00,2026-07-29T09:00:00+02:00,BICYCLE,,,,46.61666666666667,11156.89,0.0,0.0,0.0,0.0,2026-07-29T18:00:00+02:00,2026-07-29T18:48:19+02:00,BICYCLE,,,,48.31666666666667,11502.83,0.0,0.0,0.0,0.0,complete_route,True,0,94.93333333333334,22659.72,0.0,0.0,0.0,0.0
MAD-172,San Cristóbal,Villaverde,DEST_001,Puerta del Sol,CAR,Coche,2026-07-29,2026-07-29T09:00:00+02:00,success,[],,2026-07-29T18:00:00+02:00,success,[],,2026-07-29T08:39:50+02:00,2026-07-29T09:00:00+02:00,CAR,,,,20.166666666666668,14487.32,0.0,0.0,0.0,0.0,2026-07-29T18:00:00+02:00,2026-07-29T18:20:22+02:00,CAR,,,,20.366666666666667,11707.52,0.0,0.0,0.0,0.0,complete_route,True,0,40.53333333333333,26194.84,0.0,0.0,0.0,0.0
MAD-172,San Cristóbal,Villaverde,DEST_001,Puerta del Sol,TRANSIT,Transporte público,2026-07-29,2026-07-29T09:00:00+02:00,success,[],,2026-07-29T18:00:00+02:00,success,[],,2026-07-29T07:44:49+02:00,2026-07-29T08:55:06+02:00,WALK|BUS,BUS,423|6,Consorcio Regional de Transportes de Madrid|Información oficial: Consorcio Regional de Transportes de Madrid,70.28333333333333,11029.86,32.5,11.0,2427.86,1.0,2026-07-29T18:01:00+02:00,2026-07-29T19:10:26+02:00,WALK|BUS,BUS,23|424,Información oficial: Consorcio Regional de Transportes de Madrid|Consorcio Regional de Transportes de Madrid,69.43333333333334,10655.89,29.816666666666663,11.066666666666666,2130.89,1.0,complete_route,True,0,139.71666666666667,21685.75,62.31666666666666,22.066666666666666,4558.75,2.0
MAD-172,San Cristóbal,Villaverde,DEST_001,Puerta del Sol,WALK,A pie,2026-07-29,2026-07-29T09:00:00+02:00,success,[],,2026-07-29T18:00:00+02:00,success,[],,2026-07-29T06:47:39+02:00,2026-07-29T09:00:00+02:00,WALK,,,,132.35,10095.76,132.35,0.0,10095.76,0.0,2026-07-29T18:00:00+02:00,2026-07-29T20:12:16+02:00,WALK,,,,132.26666666666668,10113.53,132.26666666666668,0.0,10113.53,0.0,complete_route,True,0,264.6166666666667,20209.29,264.6166666666667,0.0,20209.29,0.0
MAD-173,Butarque,Villaverde,DEST_001,Puerta del Sol,BICYCLE,Bicicleta,2026-07-29,2026-07-29T09:00:00+02:00,success,[],,2026-07-29T18:00:00+02:00,success,[],,2026-07-29T08:13:58+02:00,2026-07-29T09:00:00+02:00,BICYCLE,,,,46.03333333333333,11931.44,0.0,0.0,0.0,0.0,2026-07-29T18:00:00+02:00,2026-07-29T18:48:05+02:00,BICYCLE,,,,48.083333333333336,12412.38,0.0,0.0,0.0,0.0,complete_route,True,0,94.11666666666667,24343.82,0.0,0.0,0.0,0.0
MAD-173,Butarque,Villaverde,DEST_001,Puerta del Sol,CAR,Coche,2026-07-29,2026-07-29T09:00:00+02:00,success,[],,2026-07-29T18:00:00+02:00,success,[],,2026-07-29T08:45:03+02:00,2026-07-29T09:00:00+02:00,CAR,,,,14.95,14067.51,0.0,0.0,0.0,0.0,2026-07-29T18:00:00+02:00,2026-07-29T18:19:51+02:00,CAR,,,,19.85,15445.15,0.0,0.0,0.0,0.0,complete_route,True,0,34.8,29512.66,0.0,0.0,0.0,0.0
MAD-173,Butarque,Villaverde,DEST_001,Puerta del Sol,TRANSIT,Transporte público,2026-07-29,2026-07-29T09:00:00+02:00,success,[],,2026-07-29T18:00:00+02:00,success,[],,2026-07-29T07:34:00+02:00,2026-07-29T08:55:06+02:00,WALK|BUS,BUS,85|423|6,Información oficial: Consorcio Regional de Transportes de Madrid|Consorcio Regional de Transportes de Madrid,81.1,12801.58,15.916666666666666,22.48333333333333,1160.58,2.0,2026-07-29T18:01:00+02:00,2026-07-29T19:25:06+02:00,WALK|BUS,BUS,23|424|85,Información oficial: Consorcio Regional de Transportes de Madrid|Consorcio Regional de Transportes de Madrid,84.1,12845.6,16.85,23.066666666666663,1176.6,2.0,complete_route,True,0,165.2,25647.18,32.766666666666666,45.55,2337.18,4.0
MAD-173,Butarque,Villaverde,DEST_001,Puerta del Sol,WALK,A pie,2026-07-29,2026-07-29T09:00:00+02:00,success,[],,2026-07-29T18:00:00+02:00,success,[],,2026-07-29T06:46:37+02:00,2026-07-29T09:00:00+02:00,WALK,,,,133.38333333333333,10213.65,133.38333333333333,0.0,10213.65,0.0,2026-07-29T18:00:00+02:00,2026-07-29T20:13:18+02:00,WALK,,,,133.3,10231.41,133.3,0.0,10231.41,0.0,complete_route,True,0,266.68333333333334,20445.059999999998,266.68333333333334,0.0,20445.059999999998,0.0
MAD-174,Los Rosales,Villaverde,DEST_001,Puerta del Sol,BICYCLE,Bicicleta,2026-07-29,2026-07-29T09:00:00+02:00,success,[],,2026-07-29T18:00:00+02:00,success,[],,2026-07-29T08:20:41+02:00,2026-07-29T09:00:00+02:00,BICYCLE,,,,39.31666666666667,9281.03,0.0,0.0,0.0,0.0,2026-07-29T18:00:00+02:00,2026-07-29T18:39:38+02:00,BICYCLE,,,,39.63333333333333,9573.38,0.0,0.0,0.0,0.0,complete_route,True,0,78.95,18854.41,0.0,0.0,0.0,0.0
MAD-174,Los Rosales,Villaverde,DEST_001,Puerta del Sol,CAR,Coche,2026-07-29,2026-07-29T09:00:00+02:00,success,[],,2026-07-29T18:00:00+02:00,no_route,"[{""code"":""NO_DIRECT_MODE_CONNECTION"",""description"":""No route found for the requested direct mode. The origin and destination may be too far apart or not connected by the requested mode of transport."",""inputField"":null}]",,2026-07-29T08:42:36+02:00,2026-07-29T09:00:00+02:00,CAR,,,,17.4,13386.23,0.0,0.0,0.0,0.0,,,,,,,,,,,,,partial_route,False,1,,,,,,
MAD-174,Los Rosales,Villaverde,DEST_001,Puerta del Sol,TRANSIT,Transporte público,2026-07-29,2026-07-29T09:00:00+02:00,success,[],,2026-07-29T18:00:00+02:00,success,[],,2026-07-29T07:56:42+02:00,2026-07-29T08:55:06+02:00,WALK|BUS,BUS,423|6,Consorcio Regional de Transportes de Madrid|Información oficial: Consorcio Regional de Transportes de Madrid,58.4,10028.68,20.616666666666667,11.0,1426.68,1.0,2026-07-29T18:08:00+02:00,2026-07-29T19:11:54+02:00,WALK|BUS,BUS,45|423,Información oficial: Consorcio Regional de Transportes de Madrid|Consorcio Regional de Transportes de Madrid,63.9,9725.66,26.55,12.666666666666666,1785.66,1.0,complete_route,True,0,122.3,19754.34,47.16666666666667,23.666666666666664,3212.34,2.0
MAD-174,Los Rosales,Villaverde,DEST_001,Puerta del Sol,WALK,A pie,2026-07-29,2026-07-29T09:00:00+02:00,success,[],,2026-07-29T18:00:00+02:00,success,[],,2026-07-29T07:09:34+02:00,2026-07-29T09:00:00+02:00,WALK,,,,110.43333333333334,8206.23,110.43333333333334,0.0,8206.23,0.0,2026-07-29T18:00:00+02:00,2026-07-29T19:50:22+02:00,WALK,,,,110.36666666666666,8224.0,110.36666666666666,0.0,8224.0,0.0,complete_route,True,0,220.8,16430.23,220.8,0.0,16430.23,0.0
MAD-175,Ángeles,Villaverde,DEST_001,Puerta del Sol,BICYCLE,Bicicleta,2026-07-29,2026-07-29T09:00:00+02:00,success,[],,2026-07-29T18:00:00+02:00,success,[],,2026-07-29T08:21:25+02:00,2026-07-29T09:00:00+02:00,BICYCLE,,,,38.583333333333336,9225.86,0.0,0.0,0.0,0.0,2026-07-29T18:00:00+02:00,2026-07-29T18:39:11+02:00,BICYCLE,,,,39.18333333333333,9506.61,0.0,0.0,0.0,0.0,complete_route,True,0,77.76666666666667,18732.47,0.0,0.0,0.0,0.0
MAD-175,Ángeles,Villaverde,DEST_001,Puerta del Sol,CAR,Coche,2026-07-29,2026-07-29T09:00:00+02:00,success,[],,2026-07-29T18:00:00+02:00,success,[],,2026-07-29T08:43:33+02:00,2026-07-29T09:00:00+02:00,CAR,,,,16.45,13200.68,0.0,0.0,0.0,0.0,2026-07-29T18:00:00+02:00,2026-07-29T18:15:27+02:00,CAR,,,,15.45,9926.02,0.0,0.0,0.0,0.0,complete_route,True,0,31.9,23126.7,0.0,0.0,0.0,0.0
MAD-175,Ángeles,Villaverde,DEST_001,Puerta del Sol,TRANSIT,Transporte público,2026-07-29,2026-07-29T09:00:00+02:00,success,[],,2026-07-29T18:00:00+02:00,success,[],,2026-07-29T07:52:49+02:00,2026-07-29T08:55:06+02:00,WALK|BUS,BUS,423|6,Consorcio Regional de Transportes de Madrid|Información oficial: Consorcio Regional de Transportes de Madrid,62.28333333333333,10324.29,24.5,11.0,1722.29,1.0,2026-07-29T18:01:00+02:00,2026-07-29T19:03:33+02:00,WALK|BUS,BUS,23|424,Información oficial: Consorcio Regional de Transportes de Madrid|Consorcio Regional de Transportes de Madrid,62.55,10192.04,22.933333333333334,11.066666666666666,1667.04,1.0,complete_route,True,0,124.83333333333333,20516.33,47.43333333333334,22.066666666666666,3389.33,2.0
MAD-175,Ángeles,Villaverde,DEST_001,Puerta del Sol,WALK,A pie,2026-07-29,2026-07-29T09:00:00+02:00,success,[],,2026-07-29T18:00:00+02:00,success,[],,2026-07-29T07:13:07+02:00,2026-07-29T09:00:00+02:00,WALK,,,,106.88333333333334,8026.44,106.88333333333334,0.0,8026.44,0.0,2026-07-29T18:00:00+02:00,2026-07-29T19:46:49+02:00,WALK,,,,106.81666666666666,8044.21,106.81666666666666,0.0,8044.21,0.0,complete_route,True,0,213.7,16070.65,213.7,0.0,16070.65,0.0
MAD-181,Casco Histórico de Vallecas,Villa de Vallecas,DEST_001,Puerta del Sol,BICYCLE,Bicicleta,2026-07-29,2026-07-29T09:00:00+02:00,success,[],,2026-07-29T18:00:00+02:00,success,[],,2026-07-29T07:54:51+02:00,2026-07-29T09:00:00+02:00,BICYCLE,,,,65.15,16310.44,0.0,0.0,0.0,0.0,2026-07-29T18:00:00+02:00,2026-07-29T19:05:11+02:00,BICYCLE,,,,65.18333333333334,16551.34,0.0,0.0,0.0,0.0,complete_route,True,0,130.33333333333334,32861.78,0.0,0.0,0.0,0.0
MAD-181,Casco Histórico de Vallecas,Villa de Vallecas,DEST_001,Puerta del Sol,CAR,Coche,2026-07-29,2026-07-29T09:00:00+02:00,success,[],,2026-07-29T18:00:00+02:00,success,[],,2026-07-29T08:27:23+02:00,2026-07-29T09:00:00+02:00,CAR,,,,32.61666666666667,20372.18,0.0,0.0,0.0,0.0,2026-07-29T18:00:00+02:00,2026-07-29T18:31:14+02:00,CAR,,,,31.23333333333333,21348.03,0.0,0.0,0.0,0.0,complete_route,True,0,63.849999999999994,41720.21,0.0,0.0,0.0,0.0
MAD-181,Casco Histórico de Vallecas,Villa de Vallecas,DEST_001,Puerta del Sol,TRANSIT,Transporte público,2026-07-29,2026-07-29T09:00:00+02:00,success,[],,2026-07-29T18:00:00+02:00,success,[],,2026-07-29T06:58:00+02:00,2026-07-29T08:59:02+02:00,WALK|BUS,BUS,145|32,Información oficial: Consorcio Regional de Transportes de Madrid,121.03333333333332,16253.72,41.28333333333333,24.0,3157.72,1.0,2026-07-29T18:00:00+02:00,2026-07-29T20:03:29+02:00,WALK|BUS,BUS,14|145,Información oficial: Consorcio Regional de Transportes de Madrid,123.48333333333332,16477.69,48.583333333333336,24.0,3757.69,1.0,complete_route,True,0,244.51666666666665,32731.409999999996,89.86666666666667,48.0,6915.41,2.0
MAD-181,Casco Histórico de Vallecas,Villa de Vallecas,DEST_001,Puerta del Sol,WALK,A pie,2026-07-29,2026-07-29T09:00:00+02:00,success,[],,2026-07-29T18:00:00+02:00,success,[],,2026-07-29T06:00:10+02:00,2026-07-29T09:00:00+02:00,WALK,,,,179.83333333333334,13662.17,179.83333333333334,0.0,13662.17,0.0,2026-07-29T18:00:00+02:00,2026-07-29T20:59:57+02:00,WALK,,,,179.95,13683.5,179.95,0.0,13683.5,0.0,complete_route,True,0,359.7833333333333,27345.67,359.7833333333333,0.0,27345.67,0.0
MAD-182,Santa Eugenia,Villa de Vallecas,DEST_001,Puerta del Sol,BICYCLE,Bicicleta,2026-07-29,2026-07-29T09:00:00+02:00,success,[],,2026-07-29T18:00:00+02:00,success,[],,2026-07-29T08:00:12+02:00,2026-07-29T09:00:00+02:00,BICYCLE,,,,59.8,14935.18,0.0,0.0,0.0,0.0,2026-07-29T18:00:00+02:00,2026-07-29T19:00:18+02:00,BICYCLE,,,,60.3,15325.46,0.0,0.0,0.0,0.0,complete_route,True,0,120.1,30260.64,0.0,0.0,0.0,0.0
MAD-182,Santa Eugenia,Villa de Vallecas,DEST_001,Puerta del Sol,CAR,Coche,2026-07-29,2026-07-29T09:00:00+02:00,success,[],,2026-07-29T18:00:00+02:00,success,[],,2026-07-29T08:43:50+02:00,2026-07-29T09:00:00+02:00,CAR,,,,16.166666666666668,14709.49,0.0,0.0,0.0,0.0,2026-07-29T18:00:00+02:00,2026-07-29T18:14:20+02:00,CAR,,,,14.333333333333334,12450.95,0.0,0.0,0.0,0.0,complete_route,True,0,30.5,27160.440000000002,0.0,0.0,0.0,0.0
MAD-182,Santa Eugenia,Villa de Vallecas,DEST_001,Puerta del Sol,TRANSIT,Transporte público,2026-07-29,2026-07-29T09:00:00+02:00,success,[],,2026-07-29T18:00:00+02:00,success,[],,2026-07-29T07:46:40+02:00,2026-07-29T08:59:22+02:00,WALK|BUS,BUS,333|37,Consorcio Regional de Transportes de Madrid|Información oficial: Consorcio Regional de Transportes de Madrid,72.7,12343.49,32.05,13.0,2276.49,1.0,2026-07-29T18:00:00+02:00,2026-07-29T19:20:34+02:00,WALK|BUS,BUS,14|145,Información oficial: Consorcio Regional de Transportes de Madrid,80.56666666666666,11350.56,13.983333333333333,24.0,1013.56,1.0,complete_route,True,0,153.26666666666665,23694.05,46.03333333333333,37.0,3290.0499999999997,2.0
MAD-182,Santa Eugenia,Villa de Vallecas,DEST_001,Puerta del Sol,WALK,A pie,2026-07-29,2026-07-29T09:00:00+02:00,success,[],,2026-07-29T18:00:00+02:00,success,[],,2026-07-29T06:43:38+02:00,2026-07-29T09:00:00+02:00,WALK,,,,136.36666666666667,9998.47,136.36666666666667,0.0,9998.47,0.0,2026-07-29T18:00:00+02:00,2026-07-29T20:16:28+02:00,WALK,,,,136.46666666666667,10019.8,136.46666666666667,0.0,10019.8,0.0,complete_route,True,0,272.83333333333337,20018.269999999997,272.83333333333337,0.0,20018.269999999997,0.0
MAD-183,Ensanche de Vallecas,Villa de Vallecas,DEST_001,Puerta del Sol,BICYCLE,Bicicleta,2026-07-29,2026-07-29T09:00:00+02:00,success,[],,2026-07-29T18:00:00+02:00,success,[],,2026-07-29T07:52:38+02:00,2026-07-29T09:00:00+02:00,BICYCLE,,,,67.36666666666666,16299.27,0.0,0.0,0.0,0.0,2026-07-29T18:00:00+02:00,2026-07-29T19:07:27+02:00,BICYCLE,,,,67.45,16777.71,0.0,0.0,0.0,0.0,complete_route,True,0,134.81666666666666,33076.979999999996,0.0,0.0,0.0,0.0
MAD-183,Ensanche de Vallecas,Villa de Vallecas,DEST_001,Puerta del Sol,CAR,Coche,2026-07-29,2026-07-29T09:00:00+02:00,success,[],,2026-07-29T18:00:00+02:00,success,[],,2026-07-29T08:42:38+02:00,2026-07-29T09:00:00+02:00,CAR,,,,17.366666666666667,14726.22,0.0,0.0,0.0,0.0,2026-07-29T18:00:00+02:00,2026-07-29T18:16:10+02:00,CAR,,,,16.166666666666668,14219.26,0.0,0.0,0.0,0.0,complete_route,True,0,33.53333333333333,28945.48,0.0,0.0,0.0,0.0
MAD-183,Ensanche de Vallecas,Villa de Vallecas,DEST_001,Puerta del Sol,TRANSIT,Transporte público,2026-07-29,2026-07-29T09:00:00+02:00,success,[],,2026-07-29T18:00:00+02:00,success,[],,2026-07-29T07:28:00+02:00,2026-07-29T08:59:40+02:00,WALK|BUS,BUS,145|32,Información oficial: Consorcio Regional de Transportes de Madrid,91.66666666666669,13971.6,11.916666666666666,24.0,875.6,1.0,2026-07-29T18:00:00+02:00,2026-07-29T19:33:58+02:00,WALK|BUS,BUS,14|145,Información oficial: Consorcio Regional de Transportes de Madrid,93.96666666666668,14637.02,16.583333333333332,24.0,1207.02,1.0,complete_route,True,0,185.63333333333338,28608.620000000003,28.5,48.0,2082.62,2.0
MAD-183,Ensanche de Vallecas,Villa de Vallecas,DEST_001,Puerta del Sol,WALK,A pie,2026-07-29,2026-07-29T09:00:00+02:00,success,[],,2026-07-29T18:00:00+02:00,success,[],,2026-07-29T06:11:22+02:00,2026-07-29T09:00:00+02:00,WALK,,,,168.63333333333333,12357.5,168.63333333333333,0.0,12357.5,0.0,2026-07-29T18:00:00+02:00,2026-07-29T20:48:43+02:00,WALK,,,,168.71666666666667,12378.84,168.71666666666667,0.0,12378.84,0.0,complete_route,True,0,337.35,24736.34,337.35,0.0,24736.34,0.0
MAD-191,Casco Histórico de Vicálvaro,Vicálvaro,DEST_001,Puerta del Sol,BICYCLE,Bicicleta,2026-07-29,2026-07-29T09:00:00+02:00,success,[],,2026-07-29T18:00:00+02:00,success,[],,2026-07-29T07:45:38+02:00,2026-07-29T09:00:00+02:00,BICYCLE,,,,74.36666666666666,19336.57,0.0,0.0,0.0,0.0,2026-07-29T18:00:00+02:00,2026-07-29T19:15:54+02:00,BICYCLE,,,,75.9,19804.41,0.0,0.0,0.0,0.0,complete_route,True,0,150.26666666666665,39140.979999999996,0.0,0.0,0.0,0.0
MAD-191,Casco Histórico de Vicálvaro,Vicálvaro,DEST_001,Puerta del Sol,CAR,Coche,2026-07-29,2026-07-29T09:00:00+02:00,success,[],,2026-07-29T18:00:00+02:00,success,[],,2026-07-29T08:43:07+02:00,2026-07-29T09:00:00+02:00,CAR,,,,16.883333333333333,15734.18,0.0,0.0,0.0,0.0,2026-07-29T18:00:00+02:00,2026-07-29T18:15:50+02:00,CAR,,,,15.833333333333334,12407.41,0.0,0.0,0.0,0.0,complete_route,True,0,32.71666666666667,28141.59,0.0,0.0,0.0,0.0
MAD-191,Casco Histórico de Vicálvaro,Vicálvaro,DEST_001,Puerta del Sol,TRANSIT,Transporte público,2026-07-29,2026-07-29T09:00:00+02:00,success,[],,2026-07-29T18:00:00+02:00,success,[],,2026-07-29T07:24:00+02:00,2026-07-29T08:59:27+02:00,WALK|BUS,BUS,E3|20,Información oficial: Consorcio Regional de Transportes de Madrid,95.45,12137.66,42.7,14.0,2960.6600000000003,1.0,2026-07-29T18:07:00+02:00,2026-07-29T19:26:29+02:00,WALK|BUS,BUS,32|102|353|341,Información oficial: Consorcio Regional de Transportes de Madrid|Consorcio Regional de Transportes de Madrid,79.48333333333333,18520.48,17.116666666666667,23.216666666666665,1243.48,3.0,complete_route,True,0,174.93333333333334,30658.14,59.81666666666667,37.21666666666667,4204.14,4.0
MAD-191,Casco Histórico de Vicálvaro,Vicálvaro,DEST_001,Puerta del Sol,WALK,A pie,2026-07-29,2026-07-29T09:00:00+02:00,success,[],,2026-07-29T18:00:00+02:00,success,[],,2026-07-29T06:15:08+02:00,2026-07-29T09:00:00+02:00,WALK,,,,164.86666666666667,12515.63,164.86666666666667,0.0,12515.63,0.0,2026-07-29T18:00:00+02:00,2026-07-29T20:44:59+02:00,WALK,,,,164.98333333333332,12536.97,164.98333333333332,0.0,12536.97,0.0,complete_route,True,0,329.85,25052.6,329.85,0.0,25052.6,0.0
MAD-192,Valdebernardo,Vicálvaro,DEST_001,Puerta del Sol,BICYCLE,Bicicleta,2026-07-29,2026-07-29T09:00:00+02:00,success,[],,2026-07-29T18:00:00+02:00,success,[],,2026-07-29T07:58:48+02:00,2026-07-29T09:00:00+02:00,BICYCLE,,,,61.2,15585.23,0.0,0.0,0.0,0.0,2026-07-29T18:00:00+02:00,2026-07-29T19:03:05+02:00,BICYCLE,,,,63.083333333333336,16039.9,0.0,0.0,0.0,0.0,complete_route,True,0,124.28333333333333,31625.129999999997,0.0,0.0,0.0,0.0
MAD-192,Valdebernardo,Vicálvaro,DEST_001,Puerta del Sol,CAR,Coche,2026-07-29,2026-07-29T09:00:00+02:00,success,[],,2026-07-29T18:00:00+02:00,success,[],,2026-07-29T08:46:24+02:00,2026-07-29T09:00:00+02:00,CAR,,,,13.6,10119.49,0.0,0.0,0.0,0.0,2026-07-29T18:00:00+02:00,2026-07-29T18:12:18+02:00,CAR,,,,12.3,9810.1,0.0,0.0,0.0,0.0,complete_route,True,0,25.9,19929.59,0.0,0.0,0.0,0.0
MAD-192,Valdebernardo,Vicálvaro,DEST_001,Puerta del Sol,TRANSIT,Transporte público,2026-07-29,2026-07-29T09:00:00+02:00,success,[],,2026-07-29T18:00:00+02:00,success,[],,2026-07-29T07:49:06+02:00,2026-07-29T08:59:22+02:00,WALK|BUS,BUS,333|37,Consorcio Regional de Transportes de Madrid|Información oficial: Consorcio Regional de Transportes de Madrid,70.26666666666667,10637.23,32.61666666666667,13.0,2336.23,1.0,2026-07-29T18:00:00+02:00,2026-07-29T19:11:03+02:00,WALK|BUS,BUS,203|E4,Información oficial: Consorcio Regional de Transportes de Madrid,71.05,10493.43,19.383333333333333,25.0,1376.43,1.0,complete_route,True,0,141.31666666666666,21130.66,52.0,38.0,3712.66,2.0
MAD-192,Valdebernardo,Vicálvaro,DEST_001,Puerta del Sol,WALK,A pie,2026-07-29,2026-07-29T09:00:00+02:00,success,[],,2026-07-29T18:00:00+02:00,success,[],,2026-07-29T07:02:46+02:00,2026-07-29T09:00:00+02:00,WALK,,,,117.23333333333332,8720.77,117.23333333333332,0.0,8720.77,0.0,2026-07-29T18:00:00+02:00,2026-07-29T19:57:21+02:00,WALK,,,,117.35,8742.11,117.35,0.0,8742.11,0.0,complete_route,True,0,234.58333333333331,17462.88,234.58333333333331,0.0,17462.88,0.0
MAD-193,Valderrivas,Vicálvaro,DEST_001,Puerta del Sol,BICYCLE,Bicicleta,2026-07-29,2026-07-29T09:00:00+02:00,success,[],,2026-07-29T18:00:00+02:00,success,[],,2026-07-29T07:51:44+02:00,2026-07-29T09:00:00+02:00,BICYCLE,,,,68.26666666666667,17161.62,0.0,0.0,0.0,0.0,2026-07-29T18:00:00+02:00,2026-07-29T19:08:39+02:00,BICYCLE,,,,68.65,18080.34,0.0,0.0,0.0,0.0,complete_route,True,0,136.91666666666669,35241.96,0.0,0.0,0.0,0.0
MAD-193,Valderrivas,Vicálvaro,DEST_001,Puerta del Sol,CAR,Coche,2026-07-29,2026-07-29T09:00:00+02:00,success,[],,2026-07-29T18:00:00+02:00,success,[],,2026-07-29T08:45:41+02:00,2026-07-29T09:00:00+02:00,CAR,,,,14.316666666666666,10495.78,0.0,0.0,0.0,0.0,2026-07-29T18:00:00+02:00,2026-07-29T18:13:16+02:00,CAR,,,,13.266666666666667,10282.6,0.0,0.0,0.0,0.0,complete_route,True,0,27.583333333333336,20778.38,0.0,0.0,0.0,0.0
MAD-193,Valderrivas,Vicálvaro,DEST_001,Puerta del Sol,TRANSIT,Transporte público,2026-07-29,2026-07-29T09:00:00+02:00,success,[],,2026-07-29T18:00:00+02:00,success,[],,2026-07-29T07:49:00+02:00,2026-07-29T08:59:34+02:00,WALK|BUS,BUS,E3|20,Información oficial: Consorcio Regional de Transportes de Madrid,70.56666666666666,10933.84,15.15,14.0,1063.84,1.0,2026-07-29T18:00:00+02:00,2026-07-29T19:12:51+02:00,WALK|BUS,BUS,203|E3,Información oficial: Consorcio Regional de Transportes de Madrid,72.85,10895.46,17.866666666666667,24.0,1266.46,1.0,complete_route,True,0,143.41666666666666,21829.3,33.016666666666666,38.0,2330.3,2.0
MAD-193,Valderrivas,Vicálvaro,DEST_001,Puerta del Sol,WALK,A pie,2026-07-29,2026-07-29T09:00:00+02:00,success,[],,2026-07-29T18:00:00+02:00,success,[],,2026-07-29T06:45:25+02:00,2026-07-29T09:00:00+02:00,WALK,,,,134.58333333333334,10213.41,134.58333333333334,0.0,10213.41,0.0,2026-07-29T18:00:00+02:00,2026-07-29T20:14:42+02:00,WALK,,,,134.7,10234.75,134.7,0.0,10234.75,0.0,complete_route,True,0,269.2833333333333,20448.16,269.2833333333333,0.0,20448.16,0.0
MAD-194,El Cañaveral,Vicálvaro,DEST_001,Puerta del Sol,BICYCLE,Bicicleta,2026-07-29,2026-07-29T09:00:00+02:00,success,[],,2026-07-29T18:00:00+02:00,success,[],,2026-07-29T07:22:28+02:00,2026-07-29T09:00:00+02:00,BICYCLE,,,,97.53333333333332,25044.98,0.0,0.0,0.0,0.0,2026-07-29T18:00:00+02:00,2026-07-29T19:22:03+02:00,BICYCLE,,,,82.05,19407.15,0.0,0.0,0.0,0.0,complete_route,True,0,179.58333333333331,44452.130000000005,0.0,0.0,0.0,0.0
MAD-194,El Cañaveral,Vicálvaro,DEST_001,Puerta del Sol,CAR,Coche,2026-07-29,2026-07-29T09:00:00+02:00,success,[],,2026-07-29T18:00:00+02:00,success,[],,2026-07-29T08:43:23+02:00,2026-07-29T09:00:00+02:00,CAR,,,,16.616666666666667,14966.6,0.0,0.0,0.0,0.0,2026-07-29T18:00:00+02:00,2026-07-29T18:16:56+02:00,CAR,,,,16.933333333333334,15290.5,0.0,0.0,0.0,0.0,complete_route,True,0,33.55,30257.1,0.0,0.0,0.0,0.0
MAD-194,El Cañaveral,Vicálvaro,DEST_001,Puerta del Sol,TRANSIT,Transporte público,2026-07-29,2026-07-29T09:00:00+02:00,success,[],,2026-07-29T18:00:00+02:00,success,[],,2026-07-29T07:22:00+02:00,2026-07-29T08:59:32+02:00,WALK|BUS,BUS,E5|20,Información oficial: Consorcio Regional de Transportes de Madrid,97.53333333333332,15728.62,20.35,18.0,1453.62,1.0,2026-07-29T18:00:00+02:00,2026-07-29T19:33:13+02:00,WALK|BUS,BUS,203|E5,Información oficial: Consorcio Regional de Transportes de Madrid,93.21666666666668,16075.87,23.08333333333333,27.0,1653.87,1.0,complete_route,True,0,190.75,31804.49,43.43333333333333,45.0,3107.49,2.0
MAD-194,El Cañaveral,Vicálvaro,DEST_001,Puerta del Sol,WALK,A pie,2026-07-29,2026-07-29T09:00:00+02:00,success,[],,2026-07-29T18:00:00+02:00,success,[],,2026-07-29T05:34:32+02:00,2026-07-29T09:00:00+02:00,WALK,,,,205.46666666666667,15664.89,205.46666666666667,0.0,15664.89,0.0,2026-07-29T18:00:00+02:00,2026-07-29T21:25:35+02:00,WALK,,,,205.5833333333333,15686.23,205.5833333333333,0.0,15686.23,0.0,complete_route,True,0,411.04999999999995,31351.12,411.04999999999995,0.0,31351.12,0.0
MAD-201,Simancas,San Blas - Canillejas,DEST_001,Puerta del Sol,BICYCLE,Bicicleta,2026-07-29,2026-07-29T09:00:00+02:00,success,[],,2026-07-29T18:00:00+02:00,success,[],,2026-07-29T08:20:00+02:00,2026-07-29T09:00:00+02:00,BICYCLE,,,,40.0,7676.55,0.0,0.0,0.0,0.0,2026-07-29T18:00:00+02:00,2026-07-29T18:40:53+02:00,BICYCLE,,,,40.88333333333333,9181.82,0.0,0.0,0.0,0.0,complete_route,True,0,80.88333333333333,16858.37,0.0,0.0,0.0,0.0
MAD-201,Simancas,San Blas - Canillejas,DEST_001,Puerta del Sol,CAR,Coche,2026-07-29,2026-07-29T09:00:00+02:00,success,[],,2026-07-29T18:00:00+02:00,success,[],,2026-07-29T08:47:10+02:00,2026-07-29T09:00:00+02:00,CAR,,,,12.833333333333334,7748.38,0.0,0.0,0.0,0.0,2026-07-29T18:00:00+02:00,2026-07-29T18:12:36+02:00,CAR,,,,12.6,8119.01,0.0,0.0,0.0,0.0,complete_route,True,0,25.433333333333334,15867.39,0.0,0.0,0.0,0.0
MAD-201,Simancas,San Blas - Canillejas,DEST_001,Puerta del Sol,TRANSIT,Transporte público,2026-07-29,2026-07-29T09:00:00+02:00,success,[],,2026-07-29T18:00:00+02:00,success,[],,2026-07-29T07:52:00+02:00,2026-07-29T08:58:02+02:00,WALK|BUS,BUS,28|20,Información oficial: Consorcio Regional de Transportes de Madrid,66.03333333333333,7686.8,9.433333333333334,16.0,677.8,1.0,2026-07-29T18:00:00+02:00,2026-07-29T19:06:54+02:00,WALK|BUS,BUS,28,Información oficial: Consorcio Regional de Transportes de Madrid,66.9,8161.94,23.7,6.0,1661.94,0.0,complete_route,True,0,132.93333333333334,15848.74,33.13333333333333,22.0,2339.74,1.0
MAD-201,Simancas,San Blas - Canillejas,DEST_001,Puerta del Sol,WALK,A pie,2026-07-29,2026-07-29T09:00:00+02:00,success,[],,2026-07-29T18:00:00+02:00,success,[],,2026-07-29T07:14:07+02:00,2026-07-29T09:00:00+02:00,WALK,,,,105.88333333333334,7795.59,105.88333333333334,0.0,7795.59,0.0,2026-07-29T18:00:00+02:00,2026-07-29T19:46:00+02:00,WALK,,,,106.0,7813.0,106.0,0.0,7813.0,0.0,complete_route,True,0,211.88333333333333,15608.59,211.88333333333333,0.0,15608.59,0.0
MAD-202,Hellín,San Blas - Canillejas,DEST_001,Puerta del Sol,BICYCLE,Bicicleta,2026-07-29,2026-07-29T09:00:00+02:00,success,[],,2026-07-29T18:00:00+02:00,success,[],,2026-07-29T08:13:40+02:00,2026-07-29T09:00:00+02:00,BICYCLE,,,,46.333333333333336,8814.25,0.0,0.0,0.0,0.0,2026-07-29T18:00:00+02:00,2026-07-29T18:48:21+02:00,BICYCLE,,,,48.35,10594.16,0.0,0.0,0.0,0.0,complete_route,True,0,94.68333333333334,19408.41,0.0,0.0,0.0,0.0
MAD-202,Hellín,San Blas - Canillejas,DEST_001,Puerta del Sol,CAR,Coche,2026-07-29,2026-07-29T09:00:00+02:00,success,[],,2026-07-29T18:00:00+02:00,success,[],,2026-07-29T08:46:17+02:00,2026-07-29T09:00:00+02:00,CAR,,,,13.716666666666669,10202.13,0.0,0.0,0.0,0.0,2026-07-29T18:00:00+02:00,2026-07-29T18:15:02+02:00,CAR,,,,15.033333333333331,9896.12,0.0,0.0,0.0,0.0,complete_route,True,0,28.75,20098.25,0.0,0.0,0.0,0.0
MAD-202,Hellín,San Blas - Canillejas,DEST_001,Puerta del Sol,TRANSIT,Transporte público,2026-07-29,2026-07-29T09:00:00+02:00,success,[],,2026-07-29T18:00:00+02:00,success,[],,2026-07-29T07:44:08+02:00,2026-07-29T08:58:33+02:00,WALK|BUS,BUS,288|28|20,Consorcio Regional de Transportes de Madrid|Información oficial: Consorcio Regional de Transportes de Madrid,74.41666666666667,8706.02,13.35,18.0,943.02,2.0,2026-07-29T18:00:00+02:00,2026-07-29T19:14:33+02:00,WALK|BUS,BUS,28|288,Información oficial: Consorcio Regional de Transportes de Madrid|Consorcio Regional de Transportes de Madrid,74.55,9254.89,26.966666666666665,8.016666666666667,1915.89,1.0,complete_route,True,0,148.96666666666667,17960.91,40.31666666666666,26.016666666666666,2858.91,3.0
MAD-202,Hellín,San Blas - Canillejas,DEST_001,Puerta del Sol,WALK,A pie,2026-07-29,2026-07-29T09:00:00+02:00,success,[],,2026-07-29T18:00:00+02:00,success,[],,2026-07-29T07:00:19+02:00,2026-07-29T09:00:00+02:00,WALK,,,,119.68333333333334,8780.49,119.68333333333334,0.0,8780.49,0.0,2026-07-29T18:00:00+02:00,2026-07-29T19:59:48+02:00,WALK,,,,119.8,8797.89,119.8,0.0,8797.89,0.0,complete_route,True,0,239.48333333333335,17578.379999999997,239.48333333333335,0.0,17578.379999999997,0.0
MAD-203,Amposta,San Blas - Canillejas,DEST_001,Puerta del Sol,BICYCLE,Bicicleta,2026-07-29,2026-07-29T09:00:00+02:00,success,[],,2026-07-29T18:00:00+02:00,success,[],,2026-07-29T08:17:17+02:00,2026-07-29T09:00:00+02:00,BICYCLE,,,,42.71666666666667,8050.78,0.0,0.0,0.0,0.0,2026-07-29T18:00:00+02:00,2026-07-29T18:44:30+02:00,BICYCLE,,,,44.5,9681.83,0.0,0.0,0.0,0.0,complete_route,True,0,87.21666666666667,17732.61,0.0,0.0,0.0,0.0
MAD-203,Amposta,San Blas - Canillejas,DEST_001,Puerta del Sol,CAR,Coche,2026-07-29,2026-07-29T09:00:00+02:00,success,[],,2026-07-29T18:00:00+02:00,success,[],,2026-07-29T08:46:44+02:00,2026-07-29T09:00:00+02:00,CAR,,,,13.266666666666667,8678.97,0.0,0.0,0.0,0.0,2026-07-29T18:00:00+02:00,2026-07-29T18:13:50+02:00,CAR,,,,13.833333333333334,9263.76,0.0,0.0,0.0,0.0,complete_route,True,0,27.1,17942.73,0.0,0.0,0.0,0.0
MAD-203,Amposta,San Blas - Canillejas,DEST_001,Puerta del Sol,TRANSIT,Transporte público,2026-07-29,2026-07-29T09:00:00+02:00,success,[],,2026-07-29T18:00:00+02:00,success,[],,2026-07-29T07:44:00+02:00,2026-07-29T08:59:44+02:00,WALK|BUS,BUS,28|20,Información oficial: Consorcio Regional de Transportes de Madrid,75.73333333333333,8352.55,22.916666666666668,14.0,1653.55,1.0,2026-07-29T18:00:00+02:00,2026-07-29T19:19:09+02:00,WALK|BUS,BUS,28,Información oficial: Consorcio Regional de Transportes de Madrid,79.15,9066.26,35.95,6.0,2566.26,0.0,complete_route,True,0,154.88333333333333,17418.809999999998,58.866666666666674,20.0,4219.81,1.0
MAD-203,Amposta,San Blas - Canillejas,DEST_001,Puerta del Sol,WALK,A pie,2026-07-29,2026-07-29T09:00:00+02:00,success,[],,2026-07-29T18:00:00+02:00,success,[],,2026-07-29T07:08:49+02:00,2026-07-29T09:00:00+02:00,WALK,,,,111.18333333333334,8049.9,111.18333333333334,0.0,8049.9,0.0,2026-07-29T18:00:00+02:00,2026-07-29T19:51:18+02:00,WALK,,,,111.3,8067.3,111.3,0.0,8067.3,0.0,complete_route,True,0,222.48333333333335,16117.2,222.48333333333335,0.0,16117.2,0.0
MAD-204,Arcos,San Blas - Canillejas,DEST_001,Puerta del Sol,BICYCLE,Bicicleta,2026-07-29,2026-07-29T09:00:00+02:00,success,[],,2026-07-29T18:00:00+02:00,success,[],,2026-07-29T08:14:19+02:00,2026-07-29T09:00:00+02:00,BICYCLE,,,,45.68333333333333,8749.96,0.0,0.0,0.0,0.0,2026-07-29T18:00:00+02:00,2026-07-29T18:47:29+02:00,BICYCLE,,,,47.48333333333333,10482.78,0.0,0.0,0.0,0.0,complete_route,True,0,93.16666666666666,19232.739999999998,0.0,0.0,0.0,0.0
MAD-204,Arcos,San Blas - Canillejas,DEST_001,Puerta del Sol,CAR,Coche,2026-07-29,2026-07-29T09:00:00+02:00,success,[],,2026-07-29T18:00:00+02:00,success,[],,2026-07-29T08:48:07+02:00,2026-07-29T09:00:00+02:00,CAR,,,,11.883333333333333,7933.75,0.0,0.0,0.0,0.0,2026-07-29T18:00:00+02:00,2026-07-29T18:12:41+02:00,CAR,,,,12.683333333333334,8515.65,0.0,0.0,0.0,0.0,complete_route,True,0,24.566666666666666,16449.4,0.0,0.0,0.0,0.0
MAD-204,Arcos,San Blas - Canillejas,DEST_001,Puerta del Sol,TRANSIT,Transporte público,2026-07-29,2026-07-29T09:00:00+02:00,success,[],,2026-07-29T18:00:00+02:00,success,[],,2026-07-29T07:52:00+02:00,2026-07-29T08:59:55+02:00,WALK|BUS,BUS,E2|20,Información oficial: Consorcio Regional de Transportes de Madrid,67.91666666666667,8263.0,18.316666666666663,19.0,1307.0,1.0,2026-07-29T18:00:00+02:00,2026-07-29T19:10:26+02:00,WALK|BUS,BUS,203|E2,Información oficial: Consorcio Regional de Transportes de Madrid,70.43333333333334,8190.2,22.23333333333333,27.0,1532.2,1.0,complete_route,True,0,138.35000000000002,16453.2,40.55,46.0,2839.2,2.0
MAD-204,Arcos,San Blas - Canillejas,DEST_001,Puerta del Sol,WALK,A pie,2026-07-29,2026-07-29T09:00:00+02:00,success,[],,2026-07-29T18:00:00+02:00,success,[],,2026-07-29T07:03:32+02:00,2026-07-29T09:00:00+02:00,WALK,,,,116.46666666666668,8527.12,116.46666666666668,0.0,8527.12,0.0,2026-07-29T18:00:00+02:00,2026-07-29T19:56:35+02:00,WALK,,,,116.58333333333331,8544.53,116.58333333333331,0.0,8544.53,0.0,complete_route,True,0,233.05,17071.65,233.05,0.0,17071.65,0.0
MAD-205,Rosas,San Blas - Canillejas,DEST_001,Puerta del Sol,BICYCLE,Bicicleta,2026-07-29,2026-07-29T09:00:00+02:00,success,[],,2026-07-29T18:00:00+02:00,success,[],,2026-07-29T08:02:57+02:00,2026-07-29T09:00:00+02:00,BICYCLE,,,,57.05,12598.4,0.0,0.0,0.0,0.0,2026-07-29T18:00:00+02:00,2026-07-29T19:00:32+02:00,BICYCLE,,,,60.53333333333333,13087.27,0.0,0.0,0.0,0.0,complete_route,True,0,117.58333333333333,25685.67,0.0,0.0,0.0,0.0
MAD-205,Rosas,San Blas - Canillejas,DEST_001,Puerta del Sol,CAR,Coche,2026-07-29,2026-07-29T09:00:00+02:00,success,[],,2026-07-29T18:00:00+02:00,success,[],,2026-07-29T08:47:15+02:00,2026-07-29T09:00:00+02:00,CAR,,,,12.75,10673.99,0.0,0.0,0.0,0.0,2026-07-29T18:00:00+02:00,2026-07-29T18:13:53+02:00,CAR,,,,13.883333333333333,13561.9,0.0,0.0,0.0,0.0,complete_route,True,0,26.633333333333333,24235.89,0.0,0.0,0.0,0.0
MAD-205,Rosas,San Blas - Canillejas,DEST_001,Puerta del Sol,TRANSIT,Transporte público,2026-07-29,2026-07-29T09:00:00+02:00,success,[],,2026-07-29T18:00:00+02:00,success,[],,2026-07-29T07:30:06+02:00,2026-07-29T08:58:33+02:00,WALK|BUS,BUS,288|28|20,Consorcio Regional de Transportes de Madrid|Información oficial: Consorcio Regional de Transportes de Madrid,88.45,10802.88,21.6,18.0,1634.88,2.0,2026-07-29T18:00:00+02:00,2026-07-29T19:27:41+02:00,WALK|BUS,BUS,28|288,Información oficial: Consorcio Regional de Transportes de Madrid|Consorcio Regional de Transportes de Madrid,87.68333333333334,11262.02,34.13333333333333,8.016666666666667,2466.02,1.0,complete_route,True,0,176.13333333333333,22064.9,55.733333333333334,26.016666666666666,4100.9,3.0
MAD-205,Rosas,San Blas - Canillejas,DEST_001,Puerta del Sol,WALK,A pie,2026-07-29,2026-07-29T09:00:00+02:00,success,[],,2026-07-29T18:00:00+02:00,success,[],,2026-07-29T06:32:02+02:00,2026-07-29T09:00:00+02:00,WALK,,,,147.96666666666667,10874.48,147.96666666666667,0.0,10874.48,0.0,2026-07-29T18:00:00+02:00,2026-07-29T20:28:06+02:00,WALK,,,,148.1,10891.88,148.1,0.0,10891.88,0.0,complete_route,True,0,296.06666666666666,21766.36,296.06666666666666,0.0,21766.36,0.0
MAD-206,Rejas,San Blas - Canillejas,DEST_001,Puerta del Sol,BICYCLE,Bicicleta,2026-07-29,2026-07-29T09:00:00+02:00,success,[],,2026-07-29T18:00:00+02:00,success,[],,2026-07-29T07:52:19+02:00,2026-07-29T09:00:00+02:00,BICYCLE,,,,67.68333333333334,14704.81,0.0,0.0,0.0,0.0,2026-07-29T18:00:00+02:00,2026-07-29T19:07:42+02:00,BICYCLE,,,,67.7,15073.77,0.0,0.0,0.0,0.0,complete_route,True,0,135.38333333333333,29778.58,0.0,0.0,0.0,0.0
MAD-206,Rejas,San Blas - Canillejas,DEST_001,Puerta del Sol,CAR,Coche,2026-07-29,2026-07-29T09:00:00+02:00,success,[],,2026-07-29T18:00:00+02:00,success,[],,2026-07-29T08:44:26+02:00,2026-07-29T09:00:00+02:00,CAR,,,,15.566666666666666,13908.39,0.0,0.0,0.0,0.0,2026-07-29T18:00:00+02:00,2026-07-29T18:16:07+02:00,CAR,,,,16.116666666666667,15183.67,0.0,0.0,0.0,0.0,complete_route,True,0,31.683333333333334,29092.059999999998,0.0,0.0,0.0,0.0
MAD-206,Rejas,San Blas - Canillejas,DEST_001,Puerta del Sol,TRANSIT,Transporte público,2026-07-29,2026-07-29T09:00:00+02:00,success,[],,2026-07-29T18:00:00+02:00,success,[],,2026-07-29T07:41:17+02:00,2026-07-29T08:44:42+02:00,WALK|BUS,BUS,223|9,Consorcio Regional de Transportes de Madrid|Información oficial: Consorcio Regional de Transportes de Madrid,63.41666666666666,15992.92,28.433333333333334,9.0,2111.92,1.0,2026-07-29T18:00:00+02:00,2026-07-29T19:04:21+02:00,WALK|BUS,BUS,52|223,Información oficial: Consorcio Regional de Transportes de Madrid|Consorcio Regional de Transportes de Madrid,64.35,14819.27,23.15,12.116666666666667,1632.27,1.0,complete_route,True,0,127.76666666666665,30812.190000000002,51.58333333333333,21.116666666666667,3744.19,2.0
MAD-206,Rejas,San Blas - Canillejas,DEST_001,Puerta del Sol,WALK,A pie,2026-07-29,2026-07-29T09:00:00+02:00,success,[],,2026-07-29T18:00:00+02:00,success,[],,2026-07-29T05:52:06+02:00,2026-07-29T09:00:00+02:00,WALK,,,,187.9,13989.75,187.9,0.0,13989.75,0.0,2026-07-29T18:00:00+02:00,2026-07-29T21:08:01+02:00,WALK,,,,188.01666666666668,14007.16,188.01666666666668,0.0,14007.16,0.0,complete_route,True,0,375.9166666666667,27996.91,375.9166666666667,0.0,27996.91,0.0
MAD-207,Canillejas,San Blas - Canillejas,DEST_001,Puerta del Sol,BICYCLE,Bicicleta,2026-07-29,2026-07-29T09:00:00+02:00,success,[],,2026-07-29T18:00:00+02:00,success,[],,2026-07-29T08:12:03+02:00,2026-07-29T09:00:00+02:00,BICYCLE,,,,47.95,9292.62,0.0,0.0,0.0,0.0,2026-07-29T18:00:00+02:00,2026-07-29T18:48:02+02:00,BICYCLE,,,,48.03333333333333,10482.42,0.0,0.0,0.0,0.0,complete_route,True,0,95.98333333333333,19775.04,0.0,0.0,0.0,0.0
MAD-207,Canillejas,San Blas - Canillejas,DEST_001,Puerta del Sol,CAR,Coche,2026-07-29,2026-07-29T09:00:00+02:00,success,[],,2026-07-29T18:00:00+02:00,no_route,"[{""code"":""NO_DIRECT_MODE_CONNECTION"",""description"":""No route found for the requested direct mode. The origin and destination may be too far apart or not connected by the requested mode of transport."",""inputField"":null}]",,2026-07-29T08:44:42+02:00,2026-07-29T09:00:00+02:00,CAR,,,,15.3,11427.01,0.0,0.0,0.0,0.0,,,,,,,,,,,,,partial_route,False,1,,,,,,
MAD-207,Canillejas,San Blas - Canillejas,DEST_001,Puerta del Sol,TRANSIT,Transporte público,2026-07-29,2026-07-29T09:00:00+02:00,success,[],,2026-07-29T18:00:00+02:00,success,[],,2026-07-29T07:43:14+02:00,2026-07-29T08:47:22+02:00,WALK|BUS,BUS,224|52,Consorcio Regional de Transportes de Madrid|Información oficial: Consorcio Regional de Transportes de Madrid,64.13333333333334,11076.02,26.433333333333334,13.2,1811.02,1.0,2026-07-29T18:00:00+02:00,2026-07-29T19:05:54+02:00,WALK|BUS,BUS,52|223,Información oficial: Consorcio Regional de Transportes de Madrid|Consorcio Regional de Transportes de Madrid,65.9,11346.89,26.183333333333334,12.116666666666667,1792.89,1.0,complete_route,True,0,130.03333333333336,22422.91,52.61666666666667,25.316666666666666,3603.91,2.0
MAD-207,Canillejas,San Blas - Canillejas,DEST_001,Puerta del Sol,WALK,A pie,2026-07-29,2026-07-29T09:00:00+02:00,success,[],,2026-07-29T18:00:00+02:00,success,[],,2026-07-29T06:53:04+02:00,2026-07-29T09:00:00+02:00,WALK,,,,126.93333333333334,9410.21,126.93333333333334,0.0,9410.21,0.0,2026-07-29T18:00:00+02:00,2026-07-29T20:07:03+02:00,WALK,,,,127.05,9427.61,127.05,0.0,9427.61,0.0,complete_route,True,0,253.98333333333335,18837.82,253.98333333333335,0.0,18837.82,0.0
MAD-208,El Salvador,San Blas - Canillejas,DEST_001,Puerta del Sol,BICYCLE,Bicicleta,2026-07-29,2026-07-29T09:00:00+02:00,success,[],,2026-07-29T18:00:00+02:00,success,[],,2026-07-29T08:14:07+02:00,2026-07-29T09:00:00+02:00,BICYCLE,,,,45.88333333333333,9660.72,0.0,0.0,0.0,0.0,2026-07-29T18:00:00+02:00,2026-07-29T18:42:59+02:00,BICYCLE,,,,42.98333333333333,9316.69,0.0,0.0,0.0,0.0,complete_route,True,0,88.86666666666666,18977.41,0.0,0.0,0.0,0.0
MAD-208,El Salvador,San Blas - Canillejas,DEST_001,Puerta del Sol,CAR,Coche,2026-07-29,2026-07-29T09:00:00+02:00,no_route,"[{""code"":""NO_DIRECT_MODE_CONNECTION"",""description"":""No route found for the requested direct mode. The origin and destination may be too far apart or not connected by the requested mode of transport."",""inputField"":null}]",,2026-07-29T18:00:00+02:00,no_route,"[{""code"":""NO_DIRECT_MODE_CONNECTION"",""description"":""No route found for the requested direct mode. The origin and destination may be too far apart or not connected by the requested mode of transport."",""inputField"":null}]",,,,,,,,,,,,,,,,,,,,,,,,,,no_route,False,2,,,,,,
MAD-208,El Salvador,San Blas - Canillejas,DEST_001,Puerta del Sol,TRANSIT,Transporte público,2026-07-29,2026-07-29T09:00:00+02:00,success,[],,2026-07-29T18:00:00+02:00,success,[],,2026-07-29T07:38:00+02:00,2026-07-29T08:54:22+02:00,WALK|BUS,BUS,146,Información oficial: Consorcio Regional de Transportes de Madrid,76.36666666666666,9053.9,15.516666666666667,10.0,1117.9,0.0,2026-07-29T18:00:00+02:00,2026-07-29T19:13:46+02:00,WALK|BUS,BUS,146,Información oficial: Consorcio Regional de Transportes de Madrid,73.76666666666667,9249.12,13.133333333333333,9.0,1004.12,0.0,complete_route,True,0,150.13333333333333,18303.02,28.65,19.0,2122.02,0.0
MAD-208,El Salvador,San Blas - Canillejas,DEST_001,Puerta del Sol,WALK,A pie,2026-07-29,2026-07-29T09:00:00+02:00,success,[],,2026-07-29T18:00:00+02:00,success,[],,2026-07-29T07:08:02+02:00,2026-07-29T09:00:00+02:00,WALK,,,,111.96666666666668,8156.85,111.96666666666668,0.0,8156.85,0.0,2026-07-29T18:00:00+02:00,2026-07-29T19:52:05+02:00,WALK,,,,112.08333333333331,8174.26,112.08333333333331,0.0,8174.26,0.0,complete_route,True,0,224.05,16331.11,224.05,0.0,16331.11,0.0
MAD-211,Alameda de Osuna,Barajas,DEST_001,Puerta del Sol,BICYCLE,Bicicleta,2026-07-29,2026-07-29T09:00:00+02:00,success,[],,2026-07-29T18:00:00+02:00,success,[],,2026-07-29T08:03:08+02:00,2026-07-29T09:00:00+02:00,BICYCLE,,,,56.86666666666667,11946.35,0.0,0.0,0.0,0.0,2026-07-29T18:00:00+02:00,2026-07-29T18:59:44+02:00,BICYCLE,,,,59.73333333333333,13310.08,0.0,0.0,0.0,0.0,complete_route,True,0,116.6,25256.43,0.0,0.0,0.0,0.0
MAD-211,Alameda de Osuna,Barajas,DEST_001,Puerta del Sol,CAR,Coche,2026-07-29,2026-07-29T09:00:00+02:00,success,[],,2026-07-29T18:00:00+02:00,success,[],,2026-07-29T08:44:59+02:00,2026-07-29T09:00:00+02:00,CAR,,,,15.016666666666667,12512.14,0.0,0.0,0.0,0.0,2026-07-29T18:00:00+02:00,2026-07-29T18:17:20+02:00,CAR,,,,17.333333333333332,12586.09,0.0,0.0,0.0,0.0,complete_route,True,0,32.35,25098.23,0.0,0.0,0.0,0.0
MAD-211,Alameda de Osuna,Barajas,DEST_001,Puerta del Sol,TRANSIT,Transporte público,2026-07-29,2026-07-29T09:00:00+02:00,success,[],,2026-07-29T18:00:00+02:00,success,[],,2026-07-29T07:50:55+02:00,2026-07-29T08:55:10+02:00,WALK|BUS,BUS,223|52,Consorcio Regional de Transportes de Madrid|Información oficial: Consorcio Regional de Transportes de Madrid,64.25,12516.71,26.95,13.0,1918.71,1.0,2026-07-29T18:00:00+02:00,2026-07-29T19:13:58+02:00,WALK|BUS,BUS,52|223|224A,Información oficial: Consorcio Regional de Transportes de Madrid|Consorcio Regional de Transportes de Madrid,73.96666666666667,15632.68,30.05,15.333333333333334,2165.68,2.0,complete_route,True,0,138.21666666666667,28149.39,57.0,28.333333333333336,4084.39,3.0
MAD-211,Alameda de Osuna,Barajas,DEST_001,Puerta del Sol,WALK,A pie,2026-07-29,2026-07-29T09:00:00+02:00,success,[],,2026-07-29T18:00:00+02:00,success,[],,2026-07-29T06:22:03+02:00,2026-07-29T09:00:00+02:00,WALK,,,,157.95,11656.23,157.95,0.0,11656.23,0.0,2026-07-29T18:00:00+02:00,2026-07-29T20:38:04+02:00,WALK,,,,158.06666666666666,11673.63,158.06666666666666,0.0,11673.63,0.0,complete_route,True,0,316.01666666666665,23329.86,316.01666666666665,0.0,23329.86,0.0
MAD-212,Aeropuerto,Barajas,DEST_001,Puerta del Sol,BICYCLE,Bicicleta,2026-07-29,2026-07-29T09:00:00+02:00,success,[],,2026-07-29T18:00:00+02:00,success,[],,2026-07-29T07:27:06+02:00,2026-07-29T09:00:00+02:00,BICYCLE,,,,92.9,21879.09,0.0,0.0,0.0,0.0,2026-07-29T18:00:00+02:00,2026-07-29T19:33:45+02:00,BICYCLE,,,,93.75,22833.24,0.0,0.0,0.0,0.0,complete_route,True,0,186.65,44712.33,0.0,0.0,0.0,0.0
MAD-212,Aeropuerto,Barajas,DEST_001,Puerta del Sol,CAR,Coche,2026-07-29,2026-07-29T09:00:00+02:00,no_route,"[{""code"":""NO_DIRECT_MODE_CONNECTION"",""description"":""No route found for the requested direct mode. The origin and destination may be too far apart or not connected by the requested mode of transport."",""inputField"":null}]",,2026-07-29T18:00:00+02:00,no_route,"[{""code"":""NO_DIRECT_MODE_CONNECTION"",""description"":""No route found for the requested direct mode. The origin and destination may be too far apart or not connected by the requested mode of transport."",""inputField"":null}]",,,,,,,,,,,,,,,,,,,,,,,,,,no_route,False,2,,,,,,
MAD-212,Aeropuerto,Barajas,DEST_001,Puerta del Sol,TRANSIT,Transporte público,2026-07-29,2026-07-29T09:00:00+02:00,success,[],,2026-07-29T18:00:00+02:00,success,[],,2026-07-29T07:03:46+02:00,2026-07-29T08:58:10+02:00,WALK|BUS,BUS,212|223|52,Consorcio Regional de Transportes de Madrid|Información oficial: Consorcio Regional de Transportes de Madrid,114.4,21516.34,56.16666666666666,17.116666666666667,4208.34,2.0,2026-07-29T18:00:00+02:00,2026-07-29T19:58:28+02:00,WALK|BUS,BUS,52|223|212,Información oficial: Consorcio Regional de Transportes de Madrid|Consorcio Regional de Transportes de Madrid,118.46666666666668,21544.06,51.266666666666666,18.683333333333334,3888.06,2.0,complete_route,True,0,232.86666666666667,43060.4,107.43333333333332,35.8,8096.4,4.0
MAD-212,Aeropuerto,Barajas,DEST_001,Puerta del Sol,WALK,A pie,2026-07-29,2026-07-29T09:00:00+02:00,no_route,"[{""code"":""NO_DIRECT_MODE_CONNECTION"",""description"":""No route found for the requested direct mode. The origin and destination may be too far apart or not connected by the requested mode of transport."",""inputField"":null}]",,2026-07-29T18:00:00+02:00,no_route,"[{""code"":""NO_DIRECT_MODE_CONNECTION"",""description"":""No route found for the requested direct mode. The origin and destination may be too far apart or not connected by the requested mode of transport."",""inputField"":null}]",,,,,,,,,,,,,,,,,,,,,,,,,,no_route,False,2,,,,,,
MAD-213,Casco Histórico de Barajas,Barajas,DEST_001,Puerta del Sol,BICYCLE,Bicicleta,2026-07-29,2026-07-29T09:00:00+02:00,success,[],,2026-07-29T18:00:00+02:00,success,[],,2026-07-29T07:49:02+02:00,2026-07-29T09:00:00+02:00,BICYCLE,,,,70.96666666666667,15068.34,0.0,0.0,0.0,0.0,2026-07-29T18:00:00+02:00,2026-07-29T19:10:40+02:00,BICYCLE,,,,70.66666666666667,15867.13,0.0,0.0,0.0,0.0,complete_route,True,0,141.63333333333333,30935.47,0.0,0.0,0.0,0.0
MAD-213,Casco Histórico de Barajas,Barajas,DEST_001,Puerta del Sol,CAR,Coche,2026-07-29,2026-07-29T09:00:00+02:00,success,[],,2026-07-29T18:00:00+02:00,success,[],,2026-07-29T08:41:21+02:00,2026-07-29T09:00:00+02:00,CAR,,,,18.65,15734.97,0.0,0.0,0.0,0.0,2026-07-29T18:00:00+02:00,2026-07-29T18:17:42+02:00,CAR,,,,17.7,16412.22,0.0,0.0,0.0,0.0,complete_route,True,0,36.349999999999994,32147.190000000002,0.0,0.0,0.0,0.0
MAD-213,Casco Histórico de Barajas,Barajas,DEST_001,Puerta del Sol,TRANSIT,Transporte público,2026-07-29,2026-07-29T09:00:00+02:00,success,[],,2026-07-29T18:00:00+02:00,success,[],,2026-07-29T07:46:06+02:00,2026-07-29T08:58:10+02:00,WALK|BUS,BUS,212|223|52,Consorcio Regional de Transportes de Madrid|Información oficial: Consorcio Regional de Transportes de Madrid,72.06666666666666,14657.09,23.566666666666663,17.116666666666667,1578.09,2.0,2026-07-29T18:00:00+02:00,2026-07-29T19:17:17+02:00,WALK|BUS,BUS,52|223|212,Información oficial: Consorcio Regional de Transportes de Madrid|Consorcio Regional de Transportes de Madrid,77.28333333333333,14895.48,20.766666666666666,18.683333333333334,1418.48,2.0,complete_route,True,0,149.35,29552.57,44.33333333333333,35.8,2996.5699999999997,4.0
MAD-213,Casco Histórico de Barajas,Barajas,DEST_001,Puerta del Sol,WALK,A pie,2026-07-29,2026-07-29T09:00:00+02:00,success,[],,2026-07-29T18:00:00+02:00,success,[],,2026-07-29T05:49:17+02:00,2026-07-29T09:00:00+02:00,WALK,,,,190.71666666666667,14086.5,190.71666666666667,0.0,14086.5,0.0,2026-07-29T18:00:00+02:00,2026-07-29T21:10:50+02:00,WALK,,,,190.8333333333333,14103.9,190.8333333333333,0.0,14103.9,0.0,complete_route,True,0,381.54999999999995,28190.4,381.54999999999995,0.0,28190.4,0.0
MAD-214,Timón,Barajas,DEST_001,Puerta del Sol,BICYCLE,Bicicleta,2026-07-29,2026-07-29T09:00:00+02:00,success,[],,2026-07-29T18:00:00+02:00,success,[],,2026-07-29T07:53:33+02:00,2026-07-29T09:00:00+02:00,BICYCLE,,,,66.45,14749.54,0.0,0.0,0.0,0.0,2026-07-29T18:00:00+02:00,2026-07-29T19:04:26+02:00,BICYCLE,,,,64.43333333333334,14686.02,0.0,0.0,0.0,0.0,complete_route,True,0,130.88333333333333,29435.56,0.0,0.0,0.0,0.0
MAD-214,Timón,Barajas,DEST_001,Puerta del Sol,CAR,Coche,2026-07-29,2026-07-29T09:00:00+02:00,success,[],,2026-07-29T18:00:00+02:00,success,[],,2026-07-29T08:40:20+02:00,2026-07-29T09:00:00+02:00,CAR,,,,19.666666666666668,14134.8,0.0,0.0,0.0,0.0,2026-07-29T18:00:00+02:00,2026-07-29T18:20:57+02:00,CAR,,,,20.95,19858.21,0.0,0.0,0.0,0.0,complete_route,True,0,40.61666666666667,33993.009999999995,0.0,0.0,0.0,0.0
MAD-214,Timón,Barajas,DEST_001,Puerta del Sol,TRANSIT,Transporte público,2026-07-29,2026-07-29T09:00:00+02:00,success,[],,2026-07-29T18:00:00+02:00,success,[],,2026-07-29T07:28:49+02:00,2026-07-29T08:55:10+02:00,WALK|BUS,BUS,828|223|52,Consorcio Regional de Transportes de Madrid|Información oficial: Consorcio Regional de Transportes de Madrid,86.35,17843.27,31.53333333333333,16.666666666666668,2227.27,2.0,2026-07-29T18:00:00+02:00,2026-07-29T19:21:40+02:00,WALK|BUS,BUS,52|223|828,Información oficial: Consorcio Regional de Transportes de Madrid|Consorcio Regional de Transportes de Madrid,81.66666666666667,17819.21,24.2,18.366666666666667,1722.21,2.0,complete_route,True,0,168.01666666666665,35662.479999999996,55.733333333333334,35.03333333333333,3949.48,4.0
MAD-214,Timón,Barajas,DEST_001,Puerta del Sol,WALK,A pie,2026-07-29,2026-07-29T09:00:00+02:00,success,[],,2026-07-29T18:00:00+02:00,success,[],,2026-07-29T05:55:36+02:00,2026-07-29T09:00:00+02:00,WALK,,,,184.4,13758.04,184.4,0.0,13758.04,0.0,2026-07-29T18:00:00+02:00,2026-07-29T21:03:50+02:00,WALK,,,,183.8333333333333,13725.89,183.8333333333333,0.0,13725.89,0.0,complete_route,True,0,368.2333333333333,27483.93,368.2333333333333,0.0,27483.93,0.0
MAD-215,Corralejos,Barajas,DEST_001,Puerta del Sol,BICYCLE,Bicicleta,2026-07-29,2026-07-29T09:00:00+02:00,success,[],,2026-07-29T18:00:00+02:00,success,[],,2026-07-29T08:00:26+02:00,2026-07-29T09:00:00+02:00,BICYCLE,,,,59.56666666666667,12276.37,0.0,0.0,0.0,0.0,2026-07-29T18:00:00+02:00,2026-07-29T18:59:20+02:00,BICYCLE,,,,59.333333333333336,13033.6,0.0,0.0,0.0,0.0,complete_route,True,0,118.9,25309.97,0.0,0.0,0.0,0.0
MAD-215,Corralejos,Barajas,DEST_001,Puerta del Sol,CAR,Coche,2026-07-29,2026-07-29T09:00:00+02:00,no_route,"[{""code"":""NO_DIRECT_MODE_CONNECTION"",""description"":""No route found for the requested direct mode. The origin and destination may be too far apart or not connected by the requested mode of transport."",""inputField"":null}]",,2026-07-29T18:00:00+02:00,no_route,"[{""code"":""NO_DIRECT_MODE_CONNECTION"",""description"":""No route found for the requested direct mode. The origin and destination may be too far apart or not connected by the requested mode of transport."",""inputField"":null}]",,,,,,,,,,,,,,,,,,,,,,,,,,no_route,False,2,,,,,,
MAD-215,Corralejos,Barajas,DEST_001,Puerta del Sol,TRANSIT,Transporte público,2026-07-29,2026-07-29T09:00:00+02:00,success,[],,2026-07-29T18:00:00+02:00,success,[],,2026-07-29T07:41:14+02:00,2026-07-29T08:58:10+02:00,WALK|BUS,BUS,223|52,Consorcio Regional de Transportes de Madrid|Información oficial: Consorcio Regional de Transportes de Madrid,76.93333333333334,12516.11,40.06666666666667,13.0,2890.11,1.0,2026-07-29T18:00:00+02:00,2026-07-29T19:17:19+02:00,WALK|BUS,BUS,52|223|828,Información oficial: Consorcio Regional de Transportes de Madrid|Consorcio Regional de Transportes de Madrid,77.31666666666666,14023.81,23.85,18.366666666666667,1672.81,2.0,complete_route,True,0,154.25,26539.92,63.91666666666667,31.366666666666667,4562.92,3.0
MAD-215,Corralejos,Barajas,DEST_001,Puerta del Sol,WALK,A pie,2026-07-29,2026-07-29T09:00:00+02:00,success,[],,2026-07-29T18:00:00+02:00,success,[],,2026-07-29T06:22:45+02:00,2026-07-29T09:00:00+02:00,WALK,,,,157.25,11577.34,157.25,0.0,11577.34,0.0,2026-07-29T18:00:00+02:00,2026-07-29T20:37:22+02:00,WALK,,,,157.36666666666667,11594.75,157.36666666666667,0.0,11594.75,0.0,complete_route,True,0,314.6166666666667,23172.09,314.6166666666667,0.0,23172.09,0.0
MAD-011,Palacio,Centro,DEST_002,Nuevos Ministerios,BICYCLE,Bicicleta,2026-07-29,2026-07-29T09:00:00+02:00,success,[],,2026-07-29T18:00:00+02:00,success,[],,2026-07-29T08:29:14+02:00,2026-07-29T09:00:00+02:00,BICYCLE,,,,30.766666666666666,5676.5,0.0,0.0,0.0,0.0,2026-07-29T18:00:00+02:00,2026-07-29T18:32:53+02:00,BICYCLE,,,,32.88333333333333,6737.66,0.0,0.0,0.0,0.0,complete_route,True,0,63.65,12414.16,0.0,0.0,0.0,0.0
MAD-011,Palacio,Centro,DEST_002,Nuevos Ministerios,CAR,Coche,2026-07-29,2026-07-29T09:00:00+02:00,success,[],,2026-07-29T18:00:00+02:00,success,[],,2026-07-29T08:48:05+02:00,2026-07-29T09:00:00+02:00,CAR,,,,11.916666666666666,5991.43,0.0,0.0,0.0,0.0,2026-07-29T18:00:00+02:00,2026-07-29T18:10:35+02:00,CAR,,,,10.583333333333334,5702.69,0.0,0.0,0.0,0.0,complete_route,True,0,22.5,11694.119999999999,0.0,0.0,0.0,0.0
MAD-011,Palacio,Centro,DEST_002,Nuevos Ministerios,TRANSIT,Transporte público,2026-07-29,2026-07-29T09:00:00+02:00,success,[],,2026-07-29T18:00:00+02:00,success,[],,2026-07-29T07:51:00+02:00,2026-07-29T08:51:33+02:00,WALK|BUS,BUS,C1,Información oficial: Consorcio Regional de Transportes de Madrid,60.55,7509.85,10.633333333333333,13.0,707.85,1.0,2026-07-29T18:00:00+02:00,2026-07-29T18:51:57+02:00,WALK|BUS,BUS,147,Información oficial: Consorcio Regional de Transportes de Madrid,51.95,5714.31,21.35,7.0,1545.31,0.0,complete_route,True,0,112.5,13224.16,31.983333333333334,20.0,2253.16,1.0
MAD-011,Palacio,Centro,DEST_002,Nuevos Ministerios,WALK,A pie,2026-07-29,2026-07-29T09:00:00+02:00,success,[],,2026-07-29T18:00:00+02:00,success,[],,2026-07-29T07:48:06+02:00,2026-07-29T09:00:00+02:00,WALK,,,,71.9,5225.34,71.9,0.0,5225.34,0.0,2026-07-29T18:00:00+02:00,2026-07-29T19:11:48+02:00,WALK,,,,71.8,5225.34,71.8,0.0,5225.34,0.0,complete_route,True,0,143.7,10450.68,143.7,0.0,10450.68,0.0
MAD-012,Embajadores,Centro,DEST_002,Nuevos Ministerios,BICYCLE,Bicicleta,2026-07-29,2026-07-29T09:00:00+02:00,success,[],,2026-07-29T18:00:00+02:00,success,[],,2026-07-29T08:24:06+02:00,2026-07-29T09:00:00+02:00,BICYCLE,,,,35.9,6169.91,0.0,0.0,0.0,0.0,2026-07-29T18:00:00+02:00,2026-07-29T18:30:29+02:00,BICYCLE,,,,30.48333333333333,6279.05,0.0,0.0,0.0,0.0,complete_route,True,0,66.38333333333333,12448.96,0.0,0.0,0.0,0.0
MAD-012,Embajadores,Centro,DEST_002,Nuevos Ministerios,CAR,Coche,2026-07-29,2026-07-29T09:00:00+02:00,success,[],,2026-07-29T18:00:00+02:00,success,[],,2026-07-29T08:47:00+02:00,2026-07-29T09:00:00+02:00,CAR,,,,13.0,7096.17,0.0,0.0,0.0,0.0,2026-07-29T18:00:00+02:00,2026-07-29T18:13:17+02:00,CAR,,,,13.283333333333331,6167.84,0.0,0.0,0.0,0.0,complete_route,True,0,26.28333333333333,13264.01,0.0,0.0,0.0,0.0
MAD-012,Embajadores,Centro,DEST_002,Nuevos Ministerios,TRANSIT,Transporte público,2026-07-29,2026-07-29T09:00:00+02:00,success,[],,2026-07-29T18:00:00+02:00,success,[],,2026-07-29T07:58:00+02:00,2026-07-29T08:49:26+02:00,WALK|BUS,BUS,27,Información oficial: Consorcio Regional de Transportes de Madrid,51.43333333333333,6215.01,13.7,5.0,969.01,0.0,2026-07-29T18:00:00+02:00,2026-07-29T18:45:13+02:00,WALK|BUS,BUS,27,Información oficial: Consorcio Regional de Transportes de Madrid,45.21666666666667,5686.35,8.633333333333333,7.0,616.35,0.0,complete_route,True,0,96.65,11901.36,22.333333333333332,12.0,1585.3600000000001,0.0
MAD-012,Embajadores,Centro,DEST_002,Nuevos Ministerios,WALK,A pie,2026-07-29,2026-07-29T09:00:00+02:00,success,[],,2026-07-29T18:00:00+02:00,success,[],,2026-07-29T07:57:52+02:00,2026-07-29T09:00:00+02:00,WALK,,,,62.13333333333333,4570.65,62.13333333333333,0.0,4570.65,0.0,2026-07-29T18:00:00+02:00,2026-07-29T19:02:08+02:00,WALK,,,,62.13333333333333,4570.65,62.13333333333333,0.0,4570.65,0.0,complete_route,True,0,124.26666666666667,9141.3,124.26666666666667,0.0,9141.3,0.0
MAD-013,Cortes,Centro,DEST_002,Nuevos Ministerios,BICYCLE,Bicicleta,2026-07-29,2026-07-29T09:00:00+02:00,success,[],,2026-07-29T18:00:00+02:00,success,[],,2026-07-29T08:35:36+02:00,2026-07-29T09:00:00+02:00,BICYCLE,,,,24.4,4319.76,0.0,0.0,0.0,0.0,2026-07-29T18:00:00+02:00,2026-07-29T18:28:10+02:00,BICYCLE,,,,28.166666666666668,5799.54,0.0,0.0,0.0,0.0,complete_route,True,0,52.56666666666666,10119.3,0.0,0.0,0.0,0.0
MAD-013,Cortes,Centro,DEST_002,Nuevos Ministerios,CAR,Coche,2026-07-29,2026-07-29T09:00:00+02:00,success,[],,2026-07-29T18:00:00+02:00,success,[],,2026-07-29T08:50:17+02:00,2026-07-29T09:00:00+02:00,CAR,,,,9.716666666666669,5260.04,0.0,0.0,0.0,0.0,2026-07-29T18:00:00+02:00,2026-07-29T18:08:57+02:00,CAR,,,,8.95,4652.08,0.0,0.0,0.0,0.0,complete_route,True,0,18.666666666666668,9912.119999999999,0.0,0.0,0.0,0.0
MAD-013,Cortes,Centro,DEST_002,Nuevos Ministerios,TRANSIT,Transporte público,2026-07-29,2026-07-29T09:00:00+02:00,success,[],,2026-07-29T18:00:00+02:00,success,[],,2026-07-29T08:06:00+02:00,2026-07-29T08:49:21+02:00,WALK|BUS,BUS,14,Información oficial: Consorcio Regional de Transportes de Madrid,43.35,4435.59,12.466666666666669,8.0,790.59,0.0,2026-07-29T18:00:00+02:00,2026-07-29T18:35:21+02:00,WALK|BUS,BUS,27,Información oficial: Consorcio Regional de Transportes de Madrid,35.35,4192.28,6.766666666666667,7.0,492.28,0.0,complete_route,True,0,78.7,8627.869999999999,19.233333333333334,15.0,1282.87,0.0
MAD-013,Cortes,Centro,DEST_002,Nuevos Ministerios,WALK,A pie,2026-07-29,2026-07-29T09:00:00+02:00,success,[],,2026-07-29T18:00:00+02:00,success,[],,2026-07-29T08:07:21+02:00,2026-07-29T09:00:00+02:00,WALK,,,,52.65,3906.24,52.65,0.0,3906.24,0.0,2026-07-29T18:00:00+02:00,2026-07-29T18:52:39+02:00,WALK,,,,52.65,3906.24,52.65,0.0,3906.24,0.0,complete_route,True,0,105.3,7812.48,105.3,0.0,7812.48,0.0
MAD-014,Justicia,Centro,DEST_002,Nuevos Ministerios,BICYCLE,Bicicleta,2026-07-29,2026-07-29T09:00:00+02:00,success,[],,2026-07-29T18:00:00+02:00,success,[],,2026-07-29T08:41:42+02:00,2026-07-29T09:00:00+02:00,BICYCLE,,,,18.3,3468.6,0.0,0.0,0.0,0.0,2026-07-29T18:00:00+02:00,2026-07-29T18:18:05+02:00,BICYCLE,,,,18.08333333333333,4047.06,0.0,0.0,0.0,0.0,complete_route,True,0,36.383333333333326,7515.66,0.0,0.0,0.0,0.0
MAD-014,Justicia,Centro,DEST_002,Nuevos Ministerios,CAR,Coche,2026-07-29,2026-07-29T09:00:00+02:00,success,[],,2026-07-29T18:00:00+02:00,success,[],,2026-07-29T08:53:07+02:00,2026-07-29T09:00:00+02:00,CAR,,,,6.883333333333334,3750.01,0.0,0.0,0.0,0.0,2026-07-29T18:00:00+02:00,2026-07-29T18:06:42+02:00,CAR,,,,6.7,3699.59,0.0,0.0,0.0,0.0,complete_route,True,0,13.583333333333334,7449.6,0.0,0.0,0.0,0.0
MAD-014,Justicia,Centro,DEST_002,Nuevos Ministerios,TRANSIT,Transporte público,2026-07-29,2026-07-29T09:00:00+02:00,success,[],,2026-07-29T18:00:00+02:00,success,[],,2026-07-29T08:22:00+02:00,2026-07-29T08:59:45+02:00,WALK|BUS,BUS,14,Información oficial: Consorcio Regional de Transportes de Madrid,37.75,3432.46,12.983333333333333,8.0,762.46,0.0,2026-07-29T18:00:00+02:00,2026-07-29T18:31:51+02:00,WALK|BUS,BUS,27,Información oficial: Consorcio Regional de Transportes de Madrid,31.85,3254.66,9.45,7.0,616.6600000000001,0.0,complete_route,True,0,69.6,6687.12,22.43333333333333,15.0,1379.1200000000001,0.0
MAD-014,Justicia,Centro,DEST_002,Nuevos Ministerios,WALK,A pie,2026-07-29,2026-07-29T09:00:00+02:00,success,[],,2026-07-29T18:00:00+02:00,success,[],,2026-07-29T08:22:51+02:00,2026-07-29T09:00:00+02:00,WALK,,,,37.15,2706.34,37.15,0.0,2706.34,0.0,2026-07-29T18:00:00+02:00,2026-07-29T18:37:09+02:00,WALK,,,,37.15,2706.34,37.15,0.0,2706.34,0.0,complete_route,True,0,74.3,5412.68,74.3,0.0,5412.68,0.0
MAD-015,Universidad,Centro,DEST_002,Nuevos Ministerios,BICYCLE,Bicicleta,2026-07-29,2026-07-29T09:00:00+02:00,success,[],,2026-07-29T18:00:00+02:00,success,[],,2026-07-29T08:39:35+02:00,2026-07-29T09:00:00+02:00,BICYCLE,,,,20.416666666666668,4187.77,0.0,0.0,0.0,0.0,2026-07-29T18:00:00+02:00,2026-07-29T18:19:44+02:00,BICYCLE,,,,19.73333333333333,4136.48,0.0,0.0,0.0,0.0,complete_route,True,0,40.15,8324.25,0.0,0.0,0.0,0.0
MAD-015,Universidad,Centro,DEST_002,Nuevos Ministerios,CAR,Coche,2026-07-29,2026-07-29T09:00:00+02:00,success,[],,2026-07-29T18:00:00+02:00,success,[],,2026-07-29T08:52:03+02:00,2026-07-29T09:00:00+02:00,CAR,,,,7.95,3741.2,0.0,0.0,0.0,0.0,2026-07-29T18:00:00+02:00,2026-07-29T18:06:35+02:00,CAR,,,,6.583333333333333,3525.47,0.0,0.0,0.0,0.0,complete_route,True,0,14.533333333333333,7266.67,0.0,0.0,0.0,0.0
MAD-015,Universidad,Centro,DEST_002,Nuevos Ministerios,TRANSIT,Transporte público,2026-07-29,2026-07-29T09:00:00+02:00,success,[],,2026-07-29T18:00:00+02:00,success,[],,2026-07-29T08:13:00+02:00,2026-07-29T08:47:59+02:00,WALK|BUS,BUS,147,Información oficial: Consorcio Regional de Transportes de Madrid,34.983333333333334,4092.23,9.233333333333333,7.0,594.23,0.0,2026-07-29T18:00:00+02:00,2026-07-29T18:31:14+02:00,WALK|BUS,BUS,147,Información oficial: Consorcio Regional de Transportes de Madrid,31.23333333333333,3789.86,4.283333333333333,7.0,264.86,0.0,complete_route,True,0,66.21666666666667,7882.09,13.516666666666666,14.0,859.09,0.0
MAD-015,Universidad,Centro,DEST_002,Nuevos Ministerios,WALK,A pie,2026-07-29,2026-07-29T09:00:00+02:00,success,[],,2026-07-29T18:00:00+02:00,success,[],,2026-07-29T08:13:18+02:00,2026-07-29T09:00:00+02:00,WALK,,,,46.7,3390.17,46.7,0.0,3390.17,0.0,2026-07-29T18:00:00+02:00,2026-07-29T18:46:42+02:00,WALK,,,,46.7,3390.17,46.7,0.0,3390.17,0.0,complete_route,True,0,93.4,6780.34,93.4,0.0,6780.34,0.0
MAD-016,Sol,Centro,DEST_002,Nuevos Ministerios,BICYCLE,Bicicleta,2026-07-29,2026-07-29T09:00:00+02:00,success,[],,2026-07-29T18:00:00+02:00,success,[],,2026-07-29T08:34:45+02:00,2026-07-29T09:00:00+02:00,BICYCLE,,,,25.25,4602.39,0.0,0.0,0.0,0.0,2026-07-29T18:00:00+02:00,2026-07-29T18:27:26+02:00,BICYCLE,,,,27.433333333333334,5676.32,0.0,0.0,0.0,0.0,complete_route,True,0,52.68333333333334,10278.71,0.0,0.0,0.0,0.0
MAD-016,Sol,Centro,DEST_002,Nuevos Ministerios,CAR,Coche,2026-07-29,2026-07-29T09:00:00+02:00,success,[],,2026-07-29T18:00:00+02:00,success,[],,2026-07-29T08:50:04+02:00,2026-07-29T09:00:00+02:00,CAR,,,,9.933333333333334,4818.78,0.0,0.0,0.0,0.0,2026-07-29T18:00:00+02:00,2026-07-29T18:09:14+02:00,CAR,,,,9.233333333333333,4645.76,0.0,0.0,0.0,0.0,complete_route,True,0,19.166666666666664,9464.54,0.0,0.0,0.0,0.0
MAD-016,Sol,Centro,DEST_002,Nuevos Ministerios,TRANSIT,Transporte público,2026-07-29,2026-07-29T09:00:00+02:00,success,[],,2026-07-29T18:00:00+02:00,success,[],,2026-07-29T08:08:00+02:00,2026-07-29T08:50:43+02:00,WALK|BUS,BUS,147,Información oficial: Consorcio Regional de Transportes de Madrid,42.71666666666667,5185.04,13.05,7.0,954.04,0.0,2026-07-29T18:00:00+02:00,2026-07-29T18:37:55+02:00,WALK|BUS,BUS,150,Información oficial: Consorcio Regional de Transportes de Madrid,37.91666666666666,4292.42,9.85,10.0,688.4200000000001,0.0,complete_route,True,0,80.63333333333333,9477.46,22.9,17.0,1642.46,0.0
MAD-016,Sol,Centro,DEST_002,Nuevos Ministerios,WALK,A pie,2026-07-29,2026-07-29T09:00:00+02:00,success,[],,2026-07-29T18:00:00+02:00,success,[],,2026-07-29T08:08:47+02:00,2026-07-29T09:00:00+02:00,WALK,,,,51.21666666666667,3764.81,51.21666666666667,0.0,3764.81,0.0,2026-07-29T18:00:00+02:00,2026-07-29T18:51:13+02:00,WALK,,,,51.21666666666667,3764.81,51.21666666666667,0.0,3764.81,0.0,complete_route,True,0,102.43333333333334,7529.62,102.43333333333334,0.0,7529.62,0.0
MAD-021,Imperial,Arganzuela,DEST_002,Nuevos Ministerios,BICYCLE,Bicicleta,2026-07-29,2026-07-29T09:00:00+02:00,success,[],,2026-07-29T18:00:00+02:00,success,[],,2026-07-29T08:24:44+02:00,2026-07-29T09:00:00+02:00,BICYCLE,,,,35.266666666666666,6861.02,0.0,0.0,0.0,0.0,2026-07-29T18:00:00+02:00,2026-07-29T18:36:27+02:00,BICYCLE,,,,36.45,7766.21,0.0,0.0,0.0,0.0,complete_route,True,0,71.71666666666667,14627.23,0.0,0.0,0.0,0.0
MAD-021,Imperial,Arganzuela,DEST_002,Nuevos Ministerios,CAR,Coche,2026-07-29,2026-07-29T09:00:00+02:00,success,[],,2026-07-29T18:00:00+02:00,success,[],,2026-07-29T08:46:01+02:00,2026-07-29T09:00:00+02:00,CAR,,,,13.983333333333333,7341.26,0.0,0.0,0.0,0.0,2026-07-29T18:00:00+02:00,2026-07-29T18:13:12+02:00,CAR,,,,13.2,8380.66,0.0,0.0,0.0,0.0,complete_route,True,0,27.18333333333333,15721.92,0.0,0.0,0.0,0.0
MAD-021,Imperial,Arganzuela,DEST_002,Nuevos Ministerios,TRANSIT,Transporte público,2026-07-29,2026-07-29T09:00:00+02:00,success,[],,2026-07-29T18:00:00+02:00,success,[],,2026-07-29T07:40:00+02:00,2026-07-29T08:43:33+02:00,WALK|BUS,BUS,C1,Información oficial: Consorcio Regional de Transportes de Madrid,63.55,8246.75,9.416666666666666,13.0,647.75,1.0,2026-07-29T18:00:00+02:00,2026-07-29T19:04:35+02:00,WALK|BUS,BUS,27,Información oficial: Consorcio Regional de Transportes de Madrid,64.58333333333333,7144.52,26.066666666666663,7.0,1741.52,0.0,complete_route,True,0,128.13333333333333,15391.27,35.48333333333333,20.0,2389.27,1.0
MAD-021,Imperial,Arganzuela,DEST_002,Nuevos Ministerios,WALK,A pie,2026-07-29,2026-07-29T09:00:00+02:00,success,[],,2026-07-29T18:00:00+02:00,success,[],,2026-07-29T07:33:33+02:00,2026-07-29T09:00:00+02:00,WALK,,,,86.45,6278.67,86.45,0.0,6278.67,0.0,2026-07-29T18:00:00+02:00,2026-07-29T19:26:27+02:00,WALK,,,,86.45,6278.67,86.45,0.0,6278.67,0.0,complete_route,True,0,172.9,12557.34,172.9,0.0,12557.34,0.0
MAD-022,Acacias,Arganzuela,DEST_002,Nuevos Ministerios,BICYCLE,Bicicleta,2026-07-29,2026-07-29T09:00:00+02:00,success,[],,2026-07-29T18:00:00+02:00,success,[],,2026-07-29T08:22:33+02:00,2026-07-29T09:00:00+02:00,BICYCLE,,,,37.45,7216.58,0.0,0.0,0.0,0.0,2026-07-29T18:00:00+02:00,2026-07-29T18:40:05+02:00,BICYCLE,,,,40.083333333333336,8719.21,0.0,0.0,0.0,0.0,complete_route,True,0,77.53333333333333,15935.789999999999,0.0,0.0,0.0,0.0
MAD-022,Acacias,Arganzuela,DEST_002,Nuevos Ministerios,CAR,Coche,2026-07-29,2026-07-29T09:00:00+02:00,success,[],,2026-07-29T18:00:00+02:00,success,[],,2026-07-29T08:46:58+02:00,2026-07-29T09:00:00+02:00,CAR,,,,13.033333333333331,7837.2,0.0,0.0,0.0,0.0,2026-07-29T18:00:00+02:00,2026-07-29T18:13:13+02:00,CAR,,,,13.216666666666669,7502.76,0.0,0.0,0.0,0.0,complete_route,True,0,26.25,15339.96,0.0,0.0,0.0,0.0
MAD-022,Acacias,Arganzuela,DEST_002,Nuevos Ministerios,TRANSIT,Transporte público,2026-07-29,2026-07-29T09:00:00+02:00,success,[],,2026-07-29T18:00:00+02:00,success,[],,2026-07-29T07:48:00+02:00,2026-07-29T08:49:42+02:00,WALK|BUS,BUS,27,Información oficial: Consorcio Regional de Transportes de Madrid,61.7,7143.7300000000005,21.03333333333333,5.0,1426.73,0.0,2026-07-29T18:00:00+02:00,2026-07-29T18:55:01+02:00,WALK|BUS,BUS,27,Información oficial: Consorcio Regional de Transportes de Madrid,55.016666666666666,6490.27,16.5,7.0,1087.27,0.0,complete_route,True,0,116.71666666666667,13634.0,37.53333333333333,12.0,2514.0,0.0
MAD-022,Acacias,Arganzuela,DEST_002,Nuevos Ministerios,WALK,A pie,2026-07-29,2026-07-29T09:00:00+02:00,success,[],,2026-07-29T18:00:00+02:00,success,[],,2026-07-29T07:36:34+02:00,2026-07-29T09:00:00+02:00,WALK,,,,83.43333333333334,6070.09,83.43333333333334,0.0,6070.09,0.0,2026-07-29T18:00:00+02:00,2026-07-29T19:23:27+02:00,WALK,,,,83.45,6070.09,83.45,0.0,6070.09,0.0,complete_route,True,0,166.88333333333333,12140.18,166.88333333333333,0.0,12140.18,0.0
MAD-023,Chopera,Arganzuela,DEST_002,Nuevos Ministerios,BICYCLE,Bicicleta,2026-07-29,2026-07-29T09:00:00+02:00,success,[],,2026-07-29T18:00:00+02:00,success,[],,2026-07-29T08:20:03+02:00,2026-07-29T09:00:00+02:00,BICYCLE,,,,39.95,8093.92,0.0,0.0,0.0,0.0,2026-07-29T18:00:00+02:00,2026-07-29T18:42:21+02:00,BICYCLE,,,,42.35,9283.62,0.0,0.0,0.0,0.0,complete_route,True,0,82.30000000000001,17377.54,0.0,0.0,0.0,0.0
MAD-023,Chopera,Arganzuela,DEST_002,Nuevos Ministerios,CAR,Coche,2026-07-29,2026-07-29T09:00:00+02:00,success,[],,2026-07-29T18:00:00+02:00,success,[],,2026-07-29T08:47:06+02:00,2026-07-29T09:00:00+02:00,CAR,,,,12.9,7216.95,0.0,0.0,0.0,0.0,2026-07-29T18:00:00+02:00,2026-07-29T18:11:30+02:00,CAR,,,,11.5,6931.92,0.0,0.0,0.0,0.0,complete_route,True,0,24.4,14148.869999999999,0.0,0.0,0.0,0.0
MAD-023,Chopera,Arganzuela,DEST_002,Nuevos Ministerios,TRANSIT,Transporte público,2026-07-29,2026-07-29T09:00:00+02:00,success,[],,2026-07-29T18:00:00+02:00,success,[],,2026-07-29T07:52:00+02:00,2026-07-29T08:51:43+02:00,WALK|BUS,BUS,45,Información oficial: Consorcio Regional de Transportes de Madrid,59.71666666666667,6720.52,21.116666666666667,9.0,1458.52,0.0,2026-07-29T18:00:00+02:00,2026-07-29T18:58:31+02:00,WALK|BUS,BUS,27,Información oficial: Consorcio Regional de Transportes de Madrid,58.516666666666666,6664.95,21.933333333333334,7.0,1594.95,0.0,complete_route,True,0,118.23333333333333,13385.470000000001,43.05,16.0,3053.4700000000003,0.0
MAD-023,Chopera,Arganzuela,DEST_002,Nuevos Ministerios,WALK,A pie,2026-07-29,2026-07-29T09:00:00+02:00,success,[],,2026-07-29T18:00:00+02:00,success,[],,2026-07-29T07:32:25+02:00,2026-07-29T09:00:00+02:00,WALK,,,,87.58333333333333,6471.45,87.58333333333333,0.0,6471.45,0.0,2026-07-29T18:00:00+02:00,2026-07-29T19:27:35+02:00,WALK,,,,87.58333333333333,6471.45,87.58333333333333,0.0,6471.45,0.0,complete_route,True,0,175.16666666666666,12942.9,175.16666666666666,0.0,12942.9,0.0
MAD-024,Legazpi,Arganzuela,DEST_002,Nuevos Ministerios,BICYCLE,Bicicleta,2026-07-29,2026-07-29T09:00:00+02:00,success,[],,2026-07-29T18:00:00+02:00,success,[],,2026-07-29T08:10:41+02:00,2026-07-29T09:00:00+02:00,BICYCLE,,,,49.31666666666667,10261.39,0.0,0.0,0.0,0.0,2026-07-29T18:00:00+02:00,2026-07-29T18:54:07+02:00,BICYCLE,,,,54.11666666666667,12050.48,0.0,0.0,0.0,0.0,complete_route,True,0,103.43333333333334,22311.87,0.0,0.0,0.0,0.0
MAD-024,Legazpi,Arganzuela,DEST_002,Nuevos Ministerios,CAR,Coche,2026-07-29,2026-07-29T09:00:00+02:00,success,[],,2026-07-29T18:00:00+02:00,success,[],,2026-07-29T08:46:10+02:00,2026-07-29T09:00:00+02:00,CAR,,,,13.833333333333334,7994.24,0.0,0.0,0.0,0.0,2026-07-29T18:00:00+02:00,2026-07-29T18:11:28+02:00,CAR,,,,11.466666666666669,11121.78,0.0,0.0,0.0,0.0,complete_route,True,0,25.300000000000004,19116.02,0.0,0.0,0.0,0.0
MAD-024,Legazpi,Arganzuela,DEST_002,Nuevos Ministerios,TRANSIT,Transporte público,2026-07-29,2026-07-29T09:00:00+02:00,success,[],,2026-07-29T18:00:00+02:00,success,[],,2026-07-29T07:54:00+02:00,2026-07-29T08:59:01+02:00,WALK|BUS,BUS,45,Información oficial: Consorcio Regional de Transportes de Madrid,65.01666666666667,7447.82,23.766666666666666,9.0,1708.82,0.0,2026-07-29T18:00:00+02:00,2026-07-29T19:08:18+02:00,WALK|BUS,BUS,19,Información oficial: Consorcio Regional de Transportes de Madrid,68.3,8354.66,24.6,5.0,1755.66,0.0,complete_route,True,0,133.31666666666666,15802.48,48.36666666666667,14.0,3464.48,0.0
MAD-024,Legazpi,Arganzuela,DEST_002,Nuevos Ministerios,WALK,A pie,2026-07-29,2026-07-29T09:00:00+02:00,success,[],,2026-07-29T18:00:00+02:00,success,[],,2026-07-29T07:18:23+02:00,2026-07-29T09:00:00+02:00,WALK,,,,101.61666666666666,7342.03,101.61666666666666,0.0,7342.03,0.0,2026-07-29T18:00:00+02:00,2026-07-29T19:41:40+02:00,WALK,,,,101.66666666666669,7342.03,101.66666666666669,0.0,7342.03,0.0,complete_route,True,0,203.28333333333336,14684.06,203.28333333333336,0.0,14684.06,0.0
MAD-025,Delicias,Arganzuela,DEST_002,Nuevos Ministerios,BICYCLE,Bicicleta,2026-07-29,2026-07-29T09:00:00+02:00,success,[],,2026-07-29T18:00:00+02:00,success,[],,2026-07-29T08:22:34+02:00,2026-07-29T09:00:00+02:00,BICYCLE,,,,37.43333333333333,7426.84,0.0,0.0,0.0,0.0,2026-07-29T18:00:00+02:00,2026-07-29T18:32:49+02:00,BICYCLE,,,,32.81666666666667,7458.45,0.0,0.0,0.0,0.0,complete_route,True,0,70.25,14885.29,0.0,0.0,0.0,0.0
MAD-025,Delicias,Arganzuela,DEST_002,Nuevos Ministerios,CAR,Coche,2026-07-29,2026-07-29T09:00:00+02:00,success,[],,2026-07-29T18:00:00+02:00,success,[],,2026-07-29T08:45:38+02:00,2026-07-29T09:00:00+02:00,CAR,,,,14.366666666666667,7447.49,0.0,0.0,0.0,0.0,2026-07-29T18:00:00+02:00,2026-07-29T18:13:09+02:00,CAR,,,,13.15,7294.95,0.0,0.0,0.0,0.0,complete_route,True,0,27.516666666666666,14742.439999999999,0.0,0.0,0.0,0.0
MAD-025,Delicias,Arganzuela,DEST_002,Nuevos Ministerios,TRANSIT,Transporte público,2026-07-29,2026-07-29T09:00:00+02:00,success,[],,2026-07-29T18:00:00+02:00,success,[],,2026-07-29T07:48:00+02:00,2026-07-29T08:45:20+02:00,WALK|BUS,BUS,45,Información oficial: Consorcio Regional de Transportes de Madrid,57.333333333333336,6457.94,20.25,9.0,1466.94,0.0,2026-07-29T18:00:00+02:00,2026-07-29T18:59:57+02:00,WALK|BUS,BUS,27,Información oficial: Consorcio Regional de Transportes de Madrid,59.95,6446.5,26.133333333333333,7.0,1849.5,0.0,complete_route,True,0,117.28333333333333,12904.439999999999,46.38333333333333,16.0,3316.44,0.0
MAD-025,Delicias,Arganzuela,DEST_002,Nuevos Ministerios,WALK,A pie,2026-07-29,2026-07-29T09:00:00+02:00,success,[],,2026-07-29T18:00:00+02:00,success,[],,2026-07-29T07:29:15+02:00,2026-07-29T09:00:00+02:00,WALK,,,,90.75,6500.46,90.75,0.0,6500.46,0.0,2026-07-29T18:00:00+02:00,2026-07-29T19:30:48+02:00,WALK,,,,90.8,6500.46,90.8,0.0,6500.46,0.0,complete_route,True,0,181.55,13000.92,181.55,0.0,13000.92,0.0
MAD-026,Palos de la Frontera,Arganzuela,DEST_002,Nuevos Ministerios,BICYCLE,Bicicleta,2026-07-29,2026-07-29T09:00:00+02:00,success,[],,2026-07-29T18:00:00+02:00,success,[],,2026-07-29T08:26:18+02:00,2026-07-29T09:00:00+02:00,BICYCLE,,,,33.7,6673.07,0.0,0.0,0.0,0.0,2026-07-29T18:00:00+02:00,2026-07-29T18:37:14+02:00,BICYCLE,,,,37.23333333333333,7712.06,0.0,0.0,0.0,0.0,complete_route,True,0,70.93333333333334,14385.130000000001,0.0,0.0,0.0,0.0
MAD-026,Palos de la Frontera,Arganzuela,DEST_002,Nuevos Ministerios,CAR,Coche,2026-07-29,2026-07-29T09:00:00+02:00,success,[],,2026-07-29T18:00:00+02:00,success,[],,2026-07-29T08:49:07+02:00,2026-07-29T09:00:00+02:00,CAR,,,,10.883333333333333,5914.07,0.0,0.0,0.0,0.0,2026-07-29T18:00:00+02:00,2026-07-29T18:10:39+02:00,CAR,,,,10.65,6011.81,0.0,0.0,0.0,0.0,complete_route,True,0,21.53333333333333,11925.880000000001,0.0,0.0,0.0,0.0
MAD-026,Palos de la Frontera,Arganzuela,DEST_002,Nuevos Ministerios,TRANSIT,Transporte público,2026-07-29,2026-07-29T09:00:00+02:00,success,[],,2026-07-29T18:00:00+02:00,success,[],,2026-07-29T08:02:00+02:00,2026-07-29T08:45:39+02:00,WALK|BUS,BUS,27,Información oficial: Consorcio Regional de Transportes de Madrid,43.65,5336.35,9.516666666666667,5.0,666.35,0.0,2026-07-29T18:00:00+02:00,2026-07-29T18:45:23+02:00,WALK|BUS,BUS,27,Información oficial: Consorcio Regional de Transportes de Madrid,45.38333333333333,5367.76,11.566666666666666,7.0,770.76,0.0,complete_route,True,0,89.03333333333333,10704.11,21.083333333333336,12.0,1437.1100000000001,0.0
MAD-026,Palos de la Frontera,Arganzuela,DEST_002,Nuevos Ministerios,WALK,A pie,2026-07-29,2026-07-29T09:00:00+02:00,success,[],,2026-07-29T18:00:00+02:00,success,[],,2026-07-29T07:43:10+02:00,2026-07-29T09:00:00+02:00,WALK,,,,76.83333333333333,5472.92,76.83333333333333,0.0,5472.92,0.0,2026-07-29T18:00:00+02:00,2026-07-29T19:16:53+02:00,WALK,,,,76.88333333333334,5472.92,76.88333333333334,0.0,5472.92,0.0,complete_route,True,0,153.71666666666667,10945.84,153.71666666666667,0.0,10945.84,0.0
MAD-027,Atocha,Arganzuela,DEST_002,Nuevos Ministerios,BICYCLE,Bicicleta,2026-07-29,2026-07-29T09:00:00+02:00,success,[],,2026-07-29T18:00:00+02:00,success,[],,2026-07-29T08:24:21+02:00,2026-07-29T09:00:00+02:00,BICYCLE,,,,35.65,7149.98,0.0,0.0,0.0,0.0,2026-07-29T18:00:00+02:00,2026-07-29T18:32:11+02:00,BICYCLE,,,,32.18333333333333,7405.98,0.0,0.0,0.0,0.0,complete_route,True,0,67.83333333333333,14555.96,0.0,0.0,0.0,0.0
MAD-027,Atocha,Arganzuela,DEST_002,Nuevos Ministerios,CAR,Coche,2026-07-29,2026-07-29T09:00:00+02:00,success,[],,2026-07-29T18:00:00+02:00,success,[],,2026-07-29T08:47:24+02:00,2026-07-29T09:00:00+02:00,CAR,,,,12.6,7014.07,0.0,0.0,0.0,0.0,2026-07-29T18:00:00+02:00,2026-07-29T18:12:19+02:00,CAR,,,,12.316666666666666,10693.76,0.0,0.0,0.0,0.0,complete_route,True,0,24.916666666666664,17707.83,0.0,0.0,0.0,0.0
MAD-027,Atocha,Arganzuela,DEST_002,Nuevos Ministerios,TRANSIT,Transporte público,2026-07-29,2026-07-29T09:00:00+02:00,success,[],,2026-07-29T18:00:00+02:00,success,[],,2026-07-29T07:55:00+02:00,2026-07-29T08:56:15+02:00,WALK|BUS,BUS,14,Información oficial: Consorcio Regional de Transportes de Madrid,61.25,6681.47,19.366666666666667,8.0,1286.47,0.0,2026-07-29T18:00:00+02:00,2026-07-29T18:59:33+02:00,WALK|BUS,BUS,14,Información oficial: Consorcio Regional de Transportes de Madrid,59.55,6628.64,20.25,10.0,1452.64,0.0,complete_route,True,0,120.8,13310.11,39.61666666666667,18.0,2739.11,0.0
MAD-027,Atocha,Arganzuela,DEST_002,Nuevos Ministerios,WALK,A pie,2026-07-29,2026-07-29T09:00:00+02:00,success,[],,2026-07-29T18:00:00+02:00,success,[],,2026-07-29T07:29:17+02:00,2026-07-29T09:00:00+02:00,WALK,,,,90.71666666666668,6523.74,90.71666666666668,0.0,6523.74,0.0,2026-07-29T18:00:00+02:00,2026-07-29T19:30:46+02:00,WALK,,,,90.76666666666668,6523.74,90.76666666666668,0.0,6523.74,0.0,complete_route,True,0,181.48333333333335,13047.48,181.48333333333335,0.0,13047.48,0.0
MAD-031,Pacífico,Retiro,DEST_002,Nuevos Ministerios,BICYCLE,Bicicleta,2026-07-29,2026-07-29T09:00:00+02:00,success,[],,2026-07-29T18:00:00+02:00,success,[],,2026-07-29T08:30:22+02:00,2026-07-29T09:00:00+02:00,BICYCLE,,,,29.633333333333333,6000.74,0.0,0.0,0.0,0.0,2026-07-29T18:00:00+02:00,2026-07-29T18:29:41+02:00,BICYCLE,,,,29.683333333333334,6213.67,0.0,0.0,0.0,0.0,complete_route,True,0,59.31666666666666,12214.41,0.0,0.0,0.0,0.0
MAD-031,Pacífico,Retiro,DEST_002,Nuevos Ministerios,CAR,Coche,2026-07-29,2026-07-29T09:00:00+02:00,success,[],,2026-07-29T18:00:00+02:00,success,[],,2026-07-29T08:48:55+02:00,2026-07-29T09:00:00+02:00,CAR,,,,11.083333333333334,6568.17,0.0,0.0,0.0,0.0,2026-07-29T18:00:00+02:00,2026-07-29T18:10:17+02:00,CAR,,,,10.283333333333331,6233.83,0.0,0.0,0.0,0.0,complete_route,True,0,21.366666666666667,12802.0,0.0,0.0,0.0,0.0
MAD-031,Pacífico,Retiro,DEST_002,Nuevos Ministerios,TRANSIT,Transporte público,2026-07-29,2026-07-29T09:00:00+02:00,success,[],,2026-07-29T18:00:00+02:00,success,[],,2026-07-29T07:58:00+02:00,2026-07-29T08:49:03+02:00,WALK|BUS,BUS,14,Información oficial: Consorcio Regional de Transportes de Madrid,51.05,5941.71,9.166666666666666,8.0,546.71,0.0,2026-07-29T18:00:00+02:00,2026-07-29T18:53:06+02:00,WALK|BUS,BUS,14,Información oficial: Consorcio Regional de Transportes de Madrid,53.1,6444.87,10.75,10.0,731.87,0.0,complete_route,True,0,104.15,12386.58,19.916666666666664,18.0,1278.58,0.0
MAD-031,Pacífico,Retiro,DEST_002,Nuevos Ministerios,WALK,A pie,2026-07-29,2026-07-29T09:00:00+02:00,success,[],,2026-07-29T18:00:00+02:00,success,[],,2026-07-29T07:38:31+02:00,2026-07-29T09:00:00+02:00,WALK,,,,81.48333333333333,5858.34,81.48333333333333,0.0,5858.34,0.0,2026-07-29T18:00:00+02:00,2026-07-29T19:21:30+02:00,WALK,,,,81.5,5858.34,81.5,0.0,5858.34,0.0,complete_route,True,0,162.98333333333335,11716.68,162.98333333333335,0.0,11716.68,0.0
MAD-032,Adelfas,Retiro,DEST_002,Nuevos Ministerios,BICYCLE,Bicicleta,2026-07-29,2026-07-29T09:00:00+02:00,success,[],,2026-07-29T18:00:00+02:00,success,[],,2026-07-29T08:26:20+02:00,2026-07-29T09:00:00+02:00,BICYCLE,,,,33.666666666666664,6797.72,0.0,0.0,0.0,0.0,2026-07-29T18:00:00+02:00,2026-07-29T18:32:22+02:00,BICYCLE,,,,32.36666666666667,6785.12,0.0,0.0,0.0,0.0,complete_route,True,0,66.03333333333333,13582.84,0.0,0.0,0.0,0.0
MAD-032,Adelfas,Retiro,DEST_002,Nuevos Ministerios,CAR,Coche,2026-07-29,2026-07-29T09:00:00+02:00,success,[],,2026-07-29T18:00:00+02:00,success,[],,2026-07-29T08:47:55+02:00,2026-07-29T09:00:00+02:00,CAR,,,,12.083333333333334,9733.88,0.0,0.0,0.0,0.0,2026-07-29T18:00:00+02:00,2026-07-29T18:10:51+02:00,CAR,,,,10.85,9123.17,0.0,0.0,0.0,0.0,complete_route,True,0,22.933333333333334,18857.05,0.0,0.0,0.0,0.0
MAD-032,Adelfas,Retiro,DEST_002,Nuevos Ministerios,TRANSIT,Transporte público,2026-07-29,2026-07-29T09:00:00+02:00,success,[],,2026-07-29T18:00:00+02:00,success,[],,2026-07-29T07:59:00+02:00,2026-07-29T08:59:13+02:00,WALK|BUS,BUS,56|C2,Información oficial: Consorcio Regional de Transportes de Madrid,60.21666666666667,6715.26,3.55,16.0,255.26,1.0,2026-07-29T18:00:00+02:00,2026-07-29T19:00:20+02:00,WALK|BUS,BUS,14,Información oficial: Consorcio Regional de Transportes de Madrid,60.333333333333336,7687.08,11.2,10.0,778.08,0.0,complete_route,True,0,120.55000000000001,14402.34,14.75,26.0,1033.3400000000001,1.0
MAD-032,Adelfas,Retiro,DEST_002,Nuevos Ministerios,WALK,A pie,2026-07-29,2026-07-29T09:00:00+02:00,success,[],,2026-07-29T18:00:00+02:00,success,[],,2026-07-29T07:30:48+02:00,2026-07-29T09:00:00+02:00,WALK,,,,89.2,6428.14,89.2,0.0,6428.14,0.0,2026-07-29T18:00:00+02:00,2026-07-29T19:29:13+02:00,WALK,,,,89.21666666666667,6428.14,89.21666666666667,0.0,6428.14,0.0,complete_route,True,0,178.41666666666669,12856.28,178.41666666666669,0.0,12856.28,0.0
MAD-033,Estrella,Retiro,DEST_002,Nuevos Ministerios,BICYCLE,Bicicleta,2026-07-29,2026-07-29T09:00:00+02:00,success,[],,2026-07-29T18:00:00+02:00,success,[],,2026-07-29T08:27:43+02:00,2026-07-29T09:00:00+02:00,BICYCLE,,,,32.28333333333333,6093.89,0.0,0.0,0.0,0.0,2026-07-29T18:00:00+02:00,2026-07-29T18:28:41+02:00,BICYCLE,,,,28.683333333333334,6177.07,0.0,0.0,0.0,0.0,complete_route,True,0,60.96666666666667,12270.96,0.0,0.0,0.0,0.0
MAD-033,Estrella,Retiro,DEST_002,Nuevos Ministerios,CAR,Coche,2026-07-29,2026-07-29T09:00:00+02:00,success,[],,2026-07-29T18:00:00+02:00,success,[],,2026-07-29T08:47:30+02:00,2026-07-29T09:00:00+02:00,CAR,,,,12.5,9549.29,0.0,0.0,0.0,0.0,2026-07-29T18:00:00+02:00,2026-07-29T18:10:18+02:00,CAR,,,,10.3,8270.65,0.0,0.0,0.0,0.0,complete_route,True,0,22.8,17819.940000000002,0.0,0.0,0.0,0.0
MAD-033,Estrella,Retiro,DEST_002,Nuevos Ministerios,TRANSIT,Transporte público,2026-07-29,2026-07-29T09:00:00+02:00,success,[],,2026-07-29T18:00:00+02:00,success,[],,2026-07-29T08:01:00+02:00,2026-07-29T08:55:09+02:00,WALK|BUS,BUS,143|C2,Información oficial: Consorcio Regional de Transportes de Madrid,54.15,5363.45,9.2,16.0,634.4499999999999,1.0,2026-07-29T18:00:00+02:00,2026-07-29T18:56:48+02:00,WALK|BUS,BUS,C1|56,Información oficial: Consorcio Regional de Transportes de Madrid,56.8,5433.3,11.016666666666667,15.0,736.3,1.0,complete_route,True,0,110.94999999999999,10796.75,20.21666666666667,31.0,1370.75,2.0
MAD-033,Estrella,Retiro,DEST_002,Nuevos Ministerios,WALK,A pie,2026-07-29,2026-07-29T09:00:00+02:00,success,[],,2026-07-29T18:00:00+02:00,success,[],,2026-07-29T07:42:27+02:00,2026-07-29T09:00:00+02:00,WALK,,,,77.55,5605.4,77.55,0.0,5605.4,0.0,2026-07-29T18:00:00+02:00,2026-07-29T19:17:33+02:00,WALK,,,,77.55,5605.4,77.55,0.0,5605.4,0.0,complete_route,True,0,155.1,11210.8,155.1,0.0,11210.8,0.0
MAD-034,Ibiza,Retiro,DEST_002,Nuevos Ministerios,BICYCLE,Bicicleta,2026-07-29,2026-07-29T09:00:00+02:00,success,[],,2026-07-29T18:00:00+02:00,success,[],,2026-07-29T08:36:40+02:00,2026-07-29T09:00:00+02:00,BICYCLE,,,,23.33333333333333,4593.58,0.0,0.0,0.0,0.0,2026-07-29T18:00:00+02:00,2026-07-29T18:21:13+02:00,BICYCLE,,,,21.216666666666665,4625.26,0.0,0.0,0.0,0.0,complete_route,True,0,44.55,9218.84,0.0,0.0,0.0,0.0
MAD-034,Ibiza,Retiro,DEST_002,Nuevos Ministerios,CAR,Coche,2026-07-29,2026-07-29T09:00:00+02:00,success,[],,2026-07-29T18:00:00+02:00,success,[],,2026-07-29T08:50:53+02:00,2026-07-29T09:00:00+02:00,CAR,,,,9.116666666666667,4542.19,0.0,0.0,0.0,0.0,2026-07-29T18:00:00+02:00,2026-07-29T18:09:01+02:00,CAR,,,,9.016666666666667,4813.77,0.0,0.0,0.0,0.0,complete_route,True,0,18.133333333333333,9355.96,0.0,0.0,0.0,0.0
MAD-034,Ibiza,Retiro,DEST_002,Nuevos Ministerios,TRANSIT,Transporte público,2026-07-29,2026-07-29T09:00:00+02:00,success,[],,2026-07-29T18:00:00+02:00,success,[],,2026-07-29T08:07:00+02:00,2026-07-29T08:45:14+02:00,WALK|BUS,BUS,C2,Información oficial: Consorcio Regional de Transportes de Madrid,38.23333333333333,4920.18,6.316666666666666,5.0,462.18,0.0,2026-07-29T18:00:00+02:00,2026-07-29T18:42:59+02:00,WALK|BUS,BUS,C1,Información oficial: Consorcio Regional de Transportes de Madrid,42.98333333333333,5131.76,8.083333333333334,6.0,552.76,0.0,complete_route,True,0,81.21666666666665,10051.94,14.4,11.0,1014.94,0.0
MAD-034,Ibiza,Retiro,DEST_002,Nuevos Ministerios,WALK,A pie,2026-07-29,2026-07-29T09:00:00+02:00,success,[],,2026-07-29T18:00:00+02:00,success,[],,2026-07-29T08:02:00+02:00,2026-07-29T09:00:00+02:00,WALK,,,,58.0,4183.57,58.0,0.0,4183.57,0.0,2026-07-29T18:00:00+02:00,2026-07-29T18:58:00+02:00,WALK,,,,58.0,4183.57,58.0,0.0,4183.57,0.0,complete_route,True,0,116.0,8367.14,116.0,0.0,8367.14,0.0
MAD-035,Los Jerónimos,Retiro,DEST_002,Nuevos Ministerios,BICYCLE,Bicicleta,2026-07-29,2026-07-29T09:00:00+02:00,success,[],,2026-07-29T18:00:00+02:00,success,[],,2026-07-29T08:35:55+02:00,2026-07-29T09:00:00+02:00,BICYCLE,,,,24.08333333333333,4577.54,0.0,0.0,0.0,0.0,2026-07-29T18:00:00+02:00,2026-07-29T18:20:49+02:00,BICYCLE,,,,20.816666666666663,4603.59,0.0,0.0,0.0,0.0,complete_route,True,0,44.89999999999999,9181.130000000001,0.0,0.0,0.0,0.0
MAD-035,Los Jerónimos,Retiro,DEST_002,Nuevos Ministerios,CAR,Coche,2026-07-29,2026-07-29T09:00:00+02:00,no_route,"[{""code"":""NO_DIRECT_MODE_CONNECTION"",""description"":""No route found for the requested direct mode. The origin and destination may be too far apart or not connected by the requested mode of transport."",""inputField"":null}]",,2026-07-29T18:00:00+02:00,no_route,"[{""code"":""NO_DIRECT_MODE_CONNECTION"",""description"":""No route found for the requested direct mode. The origin and destination may be too far apart or not connected by the requested mode of transport."",""inputField"":null}]",,,,,,,,,,,,,,,,,,,,,,,,,,no_route,False,2,,,,,,
MAD-035,Los Jerónimos,Retiro,DEST_002,Nuevos Ministerios,TRANSIT,Transporte público,2026-07-29,2026-07-29T09:00:00+02:00,success,[],,2026-07-29T18:00:00+02:00,success,[],,2026-07-29T08:06:00+02:00,2026-07-29T08:54:35+02:00,WALK|BUS,BUS,14,Información oficial: Consorcio Regional de Transportes de Madrid,48.583333333333336,4967.24,15.916666666666666,8.0,1037.24,0.0,2026-07-29T18:00:00+02:00,2026-07-29T18:43:41+02:00,WALK|BUS,BUS,19,Información oficial: Consorcio Regional de Transportes de Madrid,43.68333333333333,4820.5,17.7,5.0,1240.5,0.0,complete_route,True,0,92.26666666666667,9787.74,33.61666666666667,13.0,2277.74,0.0
MAD-035,Los Jerónimos,Retiro,DEST_002,Nuevos Ministerios,WALK,A pie,2026-07-29,2026-07-29T09:00:00+02:00,success,[],,2026-07-29T18:00:00+02:00,success,[],,2026-07-29T08:02:01+02:00,2026-07-29T09:00:00+02:00,WALK,,,,57.98333333333333,4178.34,57.98333333333333,0.0,4178.34,0.0,2026-07-29T18:00:00+02:00,2026-07-29T18:57:59+02:00,WALK,,,,57.98333333333333,4178.34,57.98333333333333,0.0,4178.34,0.0,complete_route,True,0,115.96666666666665,8356.68,115.96666666666665,0.0,8356.68,0.0
MAD-036,Niño Jesús,Retiro,DEST_002,Nuevos Ministerios,BICYCLE,Bicicleta,2026-07-29,2026-07-29T09:00:00+02:00,success,[],,2026-07-29T18:00:00+02:00,success,[],,2026-07-29T08:32:13+02:00,2026-07-29T09:00:00+02:00,BICYCLE,,,,27.78333333333333,5382.37,0.0,0.0,0.0,0.0,2026-07-29T18:00:00+02:00,2026-07-29T18:27:06+02:00,BICYCLE,,,,27.1,6009.94,0.0,0.0,0.0,0.0,complete_route,True,0,54.88333333333333,11392.31,0.0,0.0,0.0,0.0
MAD-036,Niño Jesús,Retiro,DEST_002,Nuevos Ministerios,CAR,Coche,2026-07-29,2026-07-29T09:00:00+02:00,success,[],,2026-07-29T18:00:00+02:00,success,[],,2026-07-29T08:48:51+02:00,2026-07-29T09:00:00+02:00,CAR,,,,11.15,5330.98,0.0,0.0,0.0,0.0,2026-07-29T18:00:00+02:00,2026-07-29T18:10:18+02:00,CAR,,,,10.3,5645.56,0.0,0.0,0.0,0.0,complete_route,True,0,21.450000000000003,10976.54,0.0,0.0,0.0,0.0
MAD-036,Niño Jesús,Retiro,DEST_002,Nuevos Ministerios,TRANSIT,Transporte público,2026-07-29,2026-07-29T09:00:00+02:00,success,[],,2026-07-29T18:00:00+02:00,success,[],,2026-07-29T08:03:00+02:00,2026-07-29T08:48:14+02:00,WALK|BUS,BUS,C2,Información oficial: Consorcio Regional de Transportes de Madrid,45.23333333333333,6096.01,5.883333333333334,5.0,402.01,0.0,2026-07-29T18:00:00+02:00,2026-07-29T18:51:46+02:00,WALK|BUS,BUS,C1,Información oficial: Consorcio Regional de Transportes de Madrid,51.766666666666666,6515.54,8.083333333333334,6.0,543.54,0.0,complete_route,True,0,97.0,12611.55,13.966666666666669,11.0,945.55,0.0
MAD-036,Niño Jesús,Retiro,DEST_002,Nuevos Ministerios,WALK,A pie,2026-07-29,2026-07-29T09:00:00+02:00,success,[],,2026-07-29T18:00:00+02:00,success,[],,2026-07-29T07:47:03+02:00,2026-07-29T09:00:00+02:00,WALK,,,,72.95,5334.89,72.95,0.0,5334.89,0.0,2026-07-29T18:00:00+02:00,2026-07-29T19:12:57+02:00,WALK,,,,72.95,5334.89,72.95,0.0,5334.89,0.0,complete_route,True,0,145.9,10669.78,145.9,0.0,10669.78,0.0
MAD-041,Recoletos,Salamanca,DEST_002,Nuevos Ministerios,BICYCLE,Bicicleta,2026-07-29,2026-07-29T09:00:00+02:00,success,[],,2026-07-29T18:00:00+02:00,success,[],,2026-07-29T08:42:16+02:00,2026-07-29T09:00:00+02:00,BICYCLE,,,,17.733333333333334,3480.82,0.0,0.0,0.0,0.0,2026-07-29T18:00:00+02:00,2026-07-29T18:13:37+02:00,BICYCLE,,,,13.616666666666667,3216.38,0.0,0.0,0.0,0.0,complete_route,True,0,31.35,6697.200000000001,0.0,0.0,0.0,0.0
MAD-041,Recoletos,Salamanca,DEST_002,Nuevos Ministerios,CAR,Coche,2026-07-29,2026-07-29T09:00:00+02:00,success,[],,2026-07-29T18:00:00+02:00,success,[],,2026-07-29T08:52:38+02:00,2026-07-29T09:00:00+02:00,CAR,,,,7.366666666666666,3768.28,0.0,0.0,0.0,0.0,2026-07-29T18:00:00+02:00,2026-07-29T18:05:23+02:00,CAR,,,,5.383333333333334,3341.38,0.0,0.0,0.0,0.0,complete_route,True,0,12.75,7109.66,0.0,0.0,0.0,0.0
MAD-041,Recoletos,Salamanca,DEST_002,Nuevos Ministerios,TRANSIT,Transporte público,2026-07-29,2026-07-29T09:00:00+02:00,success,[],,2026-07-29T18:00:00+02:00,success,[],,2026-07-29T08:18:00+02:00,2026-07-29T08:53:47+02:00,WALK|BUS,BUS,14,Información oficial: Consorcio Regional de Transportes de Madrid,35.78333333333333,3351.34,11.016666666666667,8.0,681.34,0.0,2026-07-29T18:00:00+02:00,2026-07-29T18:32:21+02:00,WALK|BUS,BUS,27,Información oficial: Consorcio Regional de Transportes de Madrid,32.35,3253.38,9.95,7.0,615.38,0.0,complete_route,True,0,68.13333333333333,6604.72,20.96666666666667,15.0,1296.72,0.0
MAD-041,Recoletos,Salamanca,DEST_002,Nuevos Ministerios,WALK,A pie,2026-07-29,2026-07-29T09:00:00+02:00,success,[],,2026-07-29T18:00:00+02:00,success,[],,2026-07-29T08:16:53+02:00,2026-07-29T09:00:00+02:00,WALK,,,,43.11666666666667,3092.23,43.11666666666667,0.0,3092.23,0.0,2026-07-29T18:00:00+02:00,2026-07-29T18:43:07+02:00,WALK,,,,43.11666666666667,3092.23,43.11666666666667,0.0,3092.23,0.0,complete_route,True,0,86.23333333333333,6184.46,86.23333333333333,0.0,6184.46,0.0
MAD-042,Goya,Salamanca,DEST_002,Nuevos Ministerios,BICYCLE,Bicicleta,2026-07-29,2026-07-29T09:00:00+02:00,success,[],,2026-07-29T18:00:00+02:00,success,[],,2026-07-29T08:39:49+02:00,2026-07-29T09:00:00+02:00,BICYCLE,,,,20.183333333333334,4049.02,0.0,0.0,0.0,0.0,2026-07-29T18:00:00+02:00,2026-07-29T18:17:25+02:00,BICYCLE,,,,17.416666666666668,3954.49,0.0,0.0,0.0,0.0,complete_route,True,0,37.6,8003.51,0.0,0.0,0.0,0.0
MAD-042,Goya,Salamanca,DEST_002,Nuevos Ministerios,CAR,Coche,2026-07-29,2026-07-29T09:00:00+02:00,success,[],,2026-07-29T18:00:00+02:00,success,[],,2026-07-29T08:52:05+02:00,2026-07-29T09:00:00+02:00,CAR,,,,7.916666666666667,4060.8,0.0,0.0,0.0,0.0,2026-07-29T18:00:00+02:00,2026-07-29T18:06:51+02:00,CAR,,,,6.85,3687.64,0.0,0.0,0.0,0.0,complete_route,True,0,14.766666666666666,7748.4400000000005,0.0,0.0,0.0,0.0
MAD-042,Goya,Salamanca,DEST_002,Nuevos Ministerios,TRANSIT,Transporte público,2026-07-29,2026-07-29T09:00:00+02:00,success,[],,2026-07-29T18:00:00+02:00,success,[],,2026-07-29T08:17:00+02:00,2026-07-29T08:51:38+02:00,WALK|BUS,BUS,C2,Información oficial: Consorcio Regional de Transportes de Madrid,34.63333333333333,4359.32,5.65,5.0,388.32,0.0,2026-07-29T18:00:00+02:00,2026-07-29T18:34:40+02:00,WALK|BUS,BUS,C1,Información oficial: Consorcio Regional de Transportes de Madrid,34.666666666666664,4107.79,4.466666666666667,6.0,273.79,0.0,complete_route,True,0,69.3,8467.11,10.116666666666667,11.0,662.11,0.0
MAD-042,Goya,Salamanca,DEST_002,Nuevos Ministerios,WALK,A pie,2026-07-29,2026-07-29T09:00:00+02:00,success,[],,2026-07-29T18:00:00+02:00,success,[],,2026-07-29T08:11:49+02:00,2026-07-29T09:00:00+02:00,WALK,,,,48.18333333333333,3451.23,48.18333333333333,0.0,3451.23,0.0,2026-07-29T18:00:00+02:00,2026-07-29T18:48:11+02:00,WALK,,,,48.18333333333333,3451.23,48.18333333333333,0.0,3451.23,0.0,complete_route,True,0,96.36666666666666,6902.46,96.36666666666666,0.0,6902.46,0.0
MAD-043,Fuente del Berro,Salamanca,DEST_002,Nuevos Ministerios,BICYCLE,Bicicleta,2026-07-29,2026-07-29T09:00:00+02:00,success,[],,2026-07-29T18:00:00+02:00,success,[],,2026-07-29T08:34:09+02:00,2026-07-29T09:00:00+02:00,BICYCLE,,,,25.85,5008.77,0.0,0.0,0.0,0.0,2026-07-29T18:00:00+02:00,2026-07-29T18:23:59+02:00,BICYCLE,,,,23.98333333333333,5435.9,0.0,0.0,0.0,0.0,complete_route,True,0,49.83333333333333,10444.67,0.0,0.0,0.0,0.0
MAD-043,Fuente del Berro,Salamanca,DEST_002,Nuevos Ministerios,CAR,Coche,2026-07-29,2026-07-29T09:00:00+02:00,success,[],,2026-07-29T18:00:00+02:00,success,[],,2026-07-29T08:50:28+02:00,2026-07-29T09:00:00+02:00,CAR,,,,9.533333333333331,4492.92,0.0,0.0,0.0,0.0,2026-07-29T18:00:00+02:00,2026-07-29T18:09:10+02:00,CAR,,,,9.166666666666666,4397.62,0.0,0.0,0.0,0.0,complete_route,True,0,18.699999999999996,8890.54,0.0,0.0,0.0,0.0
MAD-043,Fuente del Berro,Salamanca,DEST_002,Nuevos Ministerios,TRANSIT,Transporte público,2026-07-29,2026-07-29T09:00:00+02:00,success,[],,2026-07-29T18:00:00+02:00,success,[],,2026-07-29T08:08:00+02:00,2026-07-29T08:43:17+02:00,WALK|BUS,BUS,C2,Información oficial: Consorcio Regional de Transportes de Madrid,35.28333333333333,3935.75,11.6,5.0,843.75,0.0,2026-07-29T18:00:00+02:00,2026-07-29T18:38:49+02:00,WALK|BUS,BUS,C1,Información oficial: Consorcio Regional de Transportes de Madrid,38.81666666666667,4006.24,13.6,6.0,961.24,0.0,complete_route,True,0,74.1,7941.99,25.2,11.0,1804.99,0.0
MAD-043,Fuente del Berro,Salamanca,DEST_002,Nuevos Ministerios,WALK,A pie,2026-07-29,2026-07-29T09:00:00+02:00,success,[],,2026-07-29T18:00:00+02:00,success,[],,2026-07-29T08:02:09+02:00,2026-07-29T09:00:00+02:00,WALK,,,,57.85,4187.49,57.85,0.0,4187.49,0.0,2026-07-29T18:00:00+02:00,2026-07-29T18:57:51+02:00,WALK,,,,57.85,4187.49,57.85,0.0,4187.49,0.0,complete_route,True,0,115.7,8374.98,115.7,0.0,8374.98,0.0
MAD-044,Guindalera,Salamanca,DEST_002,Nuevos Ministerios,BICYCLE,Bicicleta,2026-07-29,2026-07-29T09:00:00+02:00,success,[],,2026-07-29T18:00:00+02:00,success,[],,2026-07-29T08:44:06+02:00,2026-07-29T09:00:00+02:00,BICYCLE,,,,15.9,3689.68,0.0,0.0,0.0,0.0,2026-07-29T18:00:00+02:00,2026-07-29T18:14:53+02:00,BICYCLE,,,,14.883333333333333,2915.23,0.0,0.0,0.0,0.0,complete_route,True,0,30.78333333333333,6604.91,0.0,0.0,0.0,0.0
MAD-044,Guindalera,Salamanca,DEST_002,Nuevos Ministerios,CAR,Coche,2026-07-29,2026-07-29T09:00:00+02:00,success,[],,2026-07-29T18:00:00+02:00,success,[],,2026-07-29T08:52:25+02:00,2026-07-29T09:00:00+02:00,CAR,,,,7.583333333333333,3446.07,0.0,0.0,0.0,0.0,2026-07-29T18:00:00+02:00,2026-07-29T18:05:51+02:00,CAR,,,,5.85,2899.82,0.0,0.0,0.0,0.0,complete_route,True,0,13.433333333333334,6345.89,0.0,0.0,0.0,0.0
MAD-044,Guindalera,Salamanca,DEST_002,Nuevos Ministerios,TRANSIT,Transporte público,2026-07-29,2026-07-29T09:00:00+02:00,success,[],,2026-07-29T18:00:00+02:00,success,[],,2026-07-29T08:25:00+02:00,2026-07-29T08:52:31+02:00,WALK|BUS,BUS,C2,Información oficial: Consorcio Regional de Transportes de Madrid,27.516666666666666,2885.19,9.366666666666667,5.0,709.1899999999999,0.0,2026-07-29T18:00:00+02:00,2026-07-29T18:30:40+02:00,WALK|BUS,BUS,C1,Información oficial: Consorcio Regional de Transportes de Madrid,30.666666666666668,3022.35,10.616666666666667,6.0,798.35,0.0,complete_route,True,0,58.18333333333334,5907.54,19.983333333333334,11.0,1507.54,0.0
MAD-044,Guindalera,Salamanca,DEST_002,Nuevos Ministerios,WALK,A pie,2026-07-29,2026-07-29T09:00:00+02:00,success,[],,2026-07-29T18:00:00+02:00,success,[],,2026-07-29T08:20:42+02:00,2026-07-29T09:00:00+02:00,WALK,,,,39.3,2878.17,39.3,0.0,2878.17,0.0,2026-07-29T18:00:00+02:00,2026-07-29T18:39:06+02:00,WALK,,,,39.1,2873.88,39.1,0.0,2873.88,0.0,complete_route,True,0,78.4,5752.05,78.4,0.0,5752.05,0.0
MAD-045,Lista,Salamanca,DEST_002,Nuevos Ministerios,BICYCLE,Bicicleta,2026-07-29,2026-07-29T09:00:00+02:00,success,[],,2026-07-29T18:00:00+02:00,success,[],,2026-07-29T08:44:17+02:00,2026-07-29T09:00:00+02:00,BICYCLE,,,,15.716666666666669,2780.28,0.0,0.0,0.0,0.0,2026-07-29T18:00:00+02:00,2026-07-29T18:15:46+02:00,BICYCLE,,,,15.766666666666667,2518.74,0.0,0.0,0.0,0.0,complete_route,True,0,31.483333333333334,5299.02,0.0,0.0,0.0,0.0
MAD-045,Lista,Salamanca,DEST_002,Nuevos Ministerios,CAR,Coche,2026-07-29,2026-07-29T09:00:00+02:00,success,[],,2026-07-29T18:00:00+02:00,success,[],,2026-07-29T08:52:55+02:00,2026-07-29T09:00:00+02:00,CAR,,,,7.083333333333333,3205.49,0.0,0.0,0.0,0.0,2026-07-29T18:00:00+02:00,2026-07-29T18:05:15+02:00,CAR,,,,5.25,2702.83,0.0,0.0,0.0,0.0,complete_route,True,0,12.333333333333332,5908.32,0.0,0.0,0.0,0.0
MAD-045,Lista,Salamanca,DEST_002,Nuevos Ministerios,TRANSIT,Transporte público,2026-07-29,2026-07-29T09:00:00+02:00,success,[],,2026-07-29T18:00:00+02:00,success,[],,2026-07-29T08:28:00+02:00,2026-07-29T08:52:53+02:00,WALK|BUS,BUS,C2,Información oficial: Consorcio Regional de Transportes de Madrid,24.883333333333333,2584.54,6.733333333333333,5.0,408.54,0.0,2026-07-29T18:00:00+02:00,2026-07-29T18:27:10+02:00,WALK|BUS,BUS,C1,Información oficial: Consorcio Regional de Transportes de Madrid,27.166666666666668,2681.92,7.116666666666666,6.0,457.92,0.0,complete_route,True,0,52.05,5266.46,13.85,11.0,866.46,0.0
MAD-045,Lista,Salamanca,DEST_002,Nuevos Ministerios,WALK,A pie,2026-07-29,2026-07-29T09:00:00+02:00,success,[],,2026-07-29T18:00:00+02:00,success,[],,2026-07-29T08:23:41+02:00,2026-07-29T09:00:00+02:00,WALK,,,,36.31666666666667,2607.78,36.31666666666667,0.0,2607.78,0.0,2026-07-29T18:00:00+02:00,2026-07-29T18:35:43+02:00,WALK,,,,35.71666666666667,2516.11,35.71666666666667,0.0,2516.11,0.0,complete_route,True,0,72.03333333333333,5123.89,72.03333333333333,0.0,5123.89,0.0
MAD-046,Castellana,Salamanca,DEST_002,Nuevos Ministerios,BICYCLE,Bicicleta,2026-07-29,2026-07-29T09:00:00+02:00,success,[],,2026-07-29T18:00:00+02:00,success,[],,2026-07-29T08:47:51+02:00,2026-07-29T09:00:00+02:00,BICYCLE,,,,12.15,2150.78,0.0,0.0,0.0,0.0,2026-07-29T18:00:00+02:00,2026-07-29T18:11:20+02:00,BICYCLE,,,,11.333333333333334,2365.7,0.0,0.0,0.0,0.0,complete_route,True,0,23.483333333333334,4516.48,0.0,0.0,0.0,0.0
MAD-046,Castellana,Salamanca,DEST_002,Nuevos Ministerios,CAR,Coche,2026-07-29,2026-07-29T09:00:00+02:00,success,[],,2026-07-29T18:00:00+02:00,success,[],,2026-07-29T08:54:48+02:00,2026-07-29T09:00:00+02:00,CAR,,,,5.2,2467.53,0.0,0.0,0.0,0.0,2026-07-29T18:00:00+02:00,2026-07-29T18:04:50+02:00,CAR,,,,4.833333333333333,2604.84,0.0,0.0,0.0,0.0,complete_route,True,0,10.033333333333333,5072.370000000001,0.0,0.0,0.0,0.0
MAD-046,Castellana,Salamanca,DEST_002,Nuevos Ministerios,TRANSIT,Transporte público,2026-07-29,2026-07-29T09:00:00+02:00,success,[],,2026-07-29T18:00:00+02:00,success,[],,2026-07-29T08:30:00+02:00,2026-07-29T08:59:00+02:00,WALK|BUS,BUS,19|C2,Información oficial: Consorcio Regional de Transportes de Madrid,29.0,2165.14,3.9,13.0,265.14,1.0,2026-07-29T18:00:00+02:00,2026-07-29T18:26:17+02:00,WALK|BUS,BUS,27,Información oficial: Consorcio Regional de Transportes de Madrid,26.28333333333333,2262.25,10.016666666666667,7.0,672.25,0.0,complete_route,True,0,55.28333333333333,4427.389999999999,13.916666666666668,20.0,937.39,1.0
MAD-046,Castellana,Salamanca,DEST_002,Nuevos Ministerios,WALK,A pie,2026-07-29,2026-07-29T09:00:00+02:00,success,[],,2026-07-29T18:00:00+02:00,success,[],,2026-07-29T08:30:18+02:00,2026-07-29T09:00:00+02:00,WALK,,,,29.7,2141.86,29.7,0.0,2141.86,0.0,2026-07-29T18:00:00+02:00,2026-07-29T18:29:51+02:00,WALK,,,,29.85,2126.8,29.85,0.0,2126.8,0.0,complete_route,True,0,59.55,4268.66,59.55,0.0,4268.66,0.0
MAD-051,El Viso,Chamartín,DEST_002,Nuevos Ministerios,BICYCLE,Bicicleta,2026-07-29,2026-07-29T09:00:00+02:00,success,[],,2026-07-29T18:00:00+02:00,success,[],,2026-07-29T08:55:14+02:00,2026-07-29T09:00:00+02:00,BICYCLE,,,,4.766666666666667,724.46,0.0,0.0,0.0,0.0,2026-07-29T18:00:00+02:00,2026-07-29T18:05:44+02:00,BICYCLE,,,,5.733333333333333,873.66,0.0,0.0,0.0,0.0,complete_route,True,0,10.5,1598.12,0.0,0.0,0.0,0.0
MAD-051,El Viso,Chamartín,DEST_002,Nuevos Ministerios,CAR,Coche,2026-07-29,2026-07-29T09:00:00+02:00,success,[],,2026-07-29T18:00:00+02:00,success,[],,2026-07-29T08:57:16+02:00,2026-07-29T09:00:00+02:00,CAR,,,,2.7333333333333334,1051.33,0.0,0.0,0.0,0.0,2026-07-29T18:00:00+02:00,2026-07-29T18:04:03+02:00,CAR,,,,4.05,1763.18,0.0,0.0,0.0,0.0,complete_route,True,0,6.783333333333333,2814.51,0.0,0.0,0.0,0.0
MAD-051,El Viso,Chamartín,DEST_002,Nuevos Ministerios,TRANSIT,Transporte público,2026-07-29,2026-07-29T09:00:00+02:00,no_route,"[{""code"":""WALKING_BETTER_THAN_TRANSIT"",""description"":""ES-los Origin is within a trivial distance of the destination."",""inputField"":null}]",,2026-07-29T18:00:00+02:00,no_route,"[{""code"":""WALKING_BETTER_THAN_TRANSIT"",""description"":""ES-los Origin is within a trivial distance of the destination."",""inputField"":null}]",,,,,,,,,,,,,,,,,,,,,,,,,,no_route,False,2,,,,,,
MAD-051,El Viso,Chamartín,DEST_002,Nuevos Ministerios,WALK,A pie,2026-07-29,2026-07-29T09:00:00+02:00,success,[],,2026-07-29T18:00:00+02:00,success,[],,2026-07-29T08:49:29+02:00,2026-07-29T09:00:00+02:00,WALK,,,,10.516666666666667,734.4,10.516666666666667,0.0,734.4,0.0,2026-07-29T18:00:00+02:00,2026-07-29T18:10:31+02:00,WALK,,,,10.516666666666667,734.4,10.516666666666667,0.0,734.4,0.0,complete_route,True,0,21.033333333333335,1468.8,21.033333333333335,0.0,1468.8,0.0
MAD-052,Prosperidad,Chamartín,DEST_002,Nuevos Ministerios,BICYCLE,Bicicleta,2026-07-29,2026-07-29T09:00:00+02:00,success,[],,2026-07-29T18:00:00+02:00,success,[],,2026-07-29T08:46:00+02:00,2026-07-29T09:00:00+02:00,BICYCLE,,,,14.0,2886.89,0.0,0.0,0.0,0.0,2026-07-29T18:00:00+02:00,2026-07-29T18:15:35+02:00,BICYCLE,,,,15.583333333333334,2905.11,0.0,0.0,0.0,0.0,complete_route,True,0,29.583333333333336,5792.0,0.0,0.0,0.0,0.0
MAD-052,Prosperidad,Chamartín,DEST_002,Nuevos Ministerios,CAR,Coche,2026-07-29,2026-07-29T09:00:00+02:00,success,[],,2026-07-29T18:00:00+02:00,success,[],,2026-07-29T08:53:05+02:00,2026-07-29T09:00:00+02:00,CAR,,,,6.916666666666667,3075.81,0.0,0.0,0.0,0.0,2026-07-29T18:00:00+02:00,2026-07-29T18:06:31+02:00,CAR,,,,6.516666666666667,3791.24,0.0,0.0,0.0,0.0,complete_route,True,0,13.433333333333334,6867.049999999999,0.0,0.0,0.0,0.0
MAD-052,Prosperidad,Chamartín,DEST_002,Nuevos Ministerios,TRANSIT,Transporte público,2026-07-29,2026-07-29T09:00:00+02:00,success,[],,2026-07-29T18:00:00+02:00,success,[],,2026-07-29T08:25:52+02:00,2026-07-29T08:57:44+02:00,WALK|BUS,BUS,223|C2,Consorcio Regional de Transportes de Madrid|Información oficial: Consorcio Regional de Transportes de Madrid,31.866666666666667,3747.22,11.333333333333334,8.0,780.22,1.0,2026-07-29T18:00:00+02:00,2026-07-29T18:38:41+02:00,WALK|BUS,BUS,C1,Información oficial: Consorcio Regional de Transportes de Madrid,38.68333333333333,3008.78,24.98333333333333,6.0,1788.7800000000002,0.0,complete_route,True,0,70.55,6756.0,36.31666666666666,14.0,2569.0,1.0
MAD-052,Prosperidad,Chamartín,DEST_002,Nuevos Ministerios,WALK,A pie,2026-07-29,2026-07-29T09:00:00+02:00,success,[],,2026-07-29T18:00:00+02:00,success,[],,2026-07-29T08:22:51+02:00,2026-07-29T09:00:00+02:00,WALK,,,,37.15,2805.21,37.15,0.0,2805.21,0.0,2026-07-29T18:00:00+02:00,2026-07-29T18:37:09+02:00,WALK,,,,37.15,2805.21,37.15,0.0,2805.21,0.0,complete_route,True,0,74.3,5610.42,74.3,0.0,5610.42,0.0
MAD-053,Ciudad Jardín,Chamartín,DEST_002,Nuevos Ministerios,BICYCLE,Bicicleta,2026-07-29,2026-07-29T09:00:00+02:00,success,[],,2026-07-29T18:00:00+02:00,success,[],,2026-07-29T08:49:43+02:00,2026-07-29T09:00:00+02:00,BICYCLE,,,,10.283333333333331,2065.43,0.0,0.0,0.0,0.0,2026-07-29T18:00:00+02:00,2026-07-29T18:14:02+02:00,BICYCLE,,,,14.033333333333331,2526.9,0.0,0.0,0.0,0.0,complete_route,True,0,24.316666666666663,4592.33,0.0,0.0,0.0,0.0
MAD-053,Ciudad Jardín,Chamartín,DEST_002,Nuevos Ministerios,CAR,Coche,2026-07-29,2026-07-29T09:00:00+02:00,success,[],,2026-07-29T18:00:00+02:00,success,[],,2026-07-29T08:55:22+02:00,2026-07-29T09:00:00+02:00,CAR,,,,4.633333333333334,2247.24,0.0,0.0,0.0,0.0,2026-07-29T18:00:00+02:00,2026-07-29T18:06:01+02:00,CAR,,,,6.016666666666667,2989.78,0.0,0.0,0.0,0.0,complete_route,True,0,10.65,5237.02,0.0,0.0,0.0,0.0
MAD-053,Ciudad Jardín,Chamartín,DEST_002,Nuevos Ministerios,TRANSIT,Transporte público,2026-07-29,2026-07-29T09:00:00+02:00,no_route,"[{""code"":""WALKING_BETTER_THAN_TRANSIT"",""description"":""ES-los Origin is within a trivial distance of the destination."",""inputField"":null}]",,2026-07-29T18:00:00+02:00,no_route,"[{""code"":""WALKING_BETTER_THAN_TRANSIT"",""description"":""ES-los Origin is within a trivial distance of the destination."",""inputField"":null}]",,,,,,,,,,,,,,,,,,,,,,,,,,no_route,False,2,,,,,,
MAD-053,Ciudad Jardín,Chamartín,DEST_002,Nuevos Ministerios,WALK,A pie,2026-07-29,2026-07-29T09:00:00+02:00,success,[],,2026-07-29T18:00:00+02:00,success,[],,2026-07-29T08:35:05+02:00,2026-07-29T09:00:00+02:00,WALK,,,,24.916666666666668,1797.51,24.916666666666668,0.0,1797.51,0.0,2026-07-29T18:00:00+02:00,2026-07-29T18:24:55+02:00,WALK,,,,24.916666666666668,1797.51,24.916666666666668,0.0,1797.51,0.0,complete_route,True,0,49.833333333333336,3595.02,49.833333333333336,0.0,3595.02,0.0
MAD-054,Hispanoamérica,Chamartín,DEST_002,Nuevos Ministerios,BICYCLE,Bicicleta,2026-07-29,2026-07-29T09:00:00+02:00,success,[],,2026-07-29T18:00:00+02:00,success,[],,2026-07-29T08:48:47+02:00,2026-07-29T09:00:00+02:00,BICYCLE,,,,11.216666666666669,2053.91,0.0,0.0,0.0,0.0,2026-07-29T18:00:00+02:00,2026-07-29T18:12:19+02:00,BICYCLE,,,,12.316666666666666,2221.95,0.0,0.0,0.0,0.0,complete_route,True,0,23.533333333333335,4275.86,0.0,0.0,0.0,0.0
MAD-054,Hispanoamérica,Chamartín,DEST_002,Nuevos Ministerios,CAR,Coche,2026-07-29,2026-07-29T09:00:00+02:00,success,[],,2026-07-29T18:00:00+02:00,success,[],,2026-07-29T08:53:09+02:00,2026-07-29T09:00:00+02:00,CAR,,,,6.85,3347.67,0.0,0.0,0.0,0.0,2026-07-29T18:00:00+02:00,2026-07-29T18:04:45+02:00,CAR,,,,4.75,2108.84,0.0,0.0,0.0,0.0,complete_route,True,0,11.6,5456.51,0.0,0.0,0.0,0.0
MAD-054,Hispanoamérica,Chamartín,DEST_002,Nuevos Ministerios,TRANSIT,Transporte público,2026-07-29,2026-07-29T09:00:00+02:00,success,[],,2026-07-29T18:00:00+02:00,success,[],,2026-07-29T08:31:00+02:00,2026-07-29T08:59:31+02:00,WALK|BUS,BUS,14,Información oficial: Consorcio Regional de Transportes de Madrid,28.516666666666666,2334.16,11.083333333333334,8.0,724.1600000000001,0.0,2026-07-29T18:00:00+02:00,2026-07-29T18:29:57+02:00,WALK|BUS,BUS,7,Información oficial: Consorcio Regional de Transportes de Madrid,29.95,2630.45,4.616666666666666,13.0,322.45,0.0,complete_route,True,0,58.46666666666667,4964.61,15.7,21.0,1046.6100000000001,0.0
MAD-054,Hispanoamérica,Chamartín,DEST_002,Nuevos Ministerios,WALK,A pie,2026-07-29,2026-07-29T09:00:00+02:00,success,[],,2026-07-29T18:00:00+02:00,success,[],,2026-07-29T08:31:51+02:00,2026-07-29T09:00:00+02:00,WALK,,,,28.15,1938.8,28.15,0.0,1938.8,0.0,2026-07-29T18:00:00+02:00,2026-07-29T18:28:09+02:00,WALK,,,,28.15,1938.8,28.15,0.0,1938.8,0.0,complete_route,True,0,56.3,3877.6,56.3,0.0,3877.6,0.0
MAD-055,Nueva España,Chamartín,DEST_002,Nuevos Ministerios,BICYCLE,Bicicleta,2026-07-29,2026-07-29T09:00:00+02:00,success,[],,2026-07-29T18:00:00+02:00,success,[],,2026-07-29T08:45:43+02:00,2026-07-29T09:00:00+02:00,BICYCLE,,,,14.283333333333331,2954.86,0.0,0.0,0.0,0.0,2026-07-29T18:00:00+02:00,2026-07-29T18:16:35+02:00,BICYCLE,,,,16.583333333333332,3029.56,0.0,0.0,0.0,0.0,complete_route,True,0,30.866666666666664,5984.42,0.0,0.0,0.0,0.0
MAD-055,Nueva España,Chamartín,DEST_002,Nuevos Ministerios,CAR,Coche,2026-07-29,2026-07-29T09:00:00+02:00,success,[],,2026-07-29T18:00:00+02:00,success,[],,2026-07-29T08:53:10+02:00,2026-07-29T09:00:00+02:00,CAR,,,,6.833333333333333,3464.54,0.0,0.0,0.0,0.0,2026-07-29T18:00:00+02:00,2026-07-29T18:06:55+02:00,CAR,,,,6.916666666666667,3687.05,0.0,0.0,0.0,0.0,complete_route,True,0,13.75,7151.59,0.0,0.0,0.0,0.0
MAD-055,Nueva España,Chamartín,DEST_002,Nuevos Ministerios,TRANSIT,Transporte público,2026-07-29,2026-07-29T09:00:00+02:00,success,[],,2026-07-29T18:00:00+02:00,success,[],,2026-07-29T08:23:00+02:00,2026-07-29T08:52:27+02:00,WALK|BUS,BUS,14,Información oficial: Consorcio Regional de Transportes de Madrid,29.45,3004.61,6.7,8.0,483.61,0.0,2026-07-29T18:00:00+02:00,2026-07-29T18:30:54+02:00,WALK|BUS,BUS,14,Información oficial: Consorcio Regional de Transportes de Madrid,30.9,2667.87,8.983333333333333,10.0,578.87,0.0,complete_route,True,0,60.349999999999994,5672.48,15.683333333333334,18.0,1062.48,0.0
MAD-055,Nueva España,Chamartín,DEST_002,Nuevos Ministerios,WALK,A pie,2026-07-29,2026-07-29T09:00:00+02:00,success,[],,2026-07-29T18:00:00+02:00,success,[],,2026-07-29T08:23:31+02:00,2026-07-29T09:00:00+02:00,WALK,,,,36.48333333333333,2620.49,36.48333333333333,0.0,2620.49,0.0,2026-07-29T18:00:00+02:00,2026-07-29T18:36:29+02:00,WALK,,,,36.48333333333333,2620.49,36.48333333333333,0.0,2620.49,0.0,complete_route,True,0,72.96666666666665,5240.98,72.96666666666665,0.0,5240.98,0.0
MAD-056,Castilla,Chamartín,DEST_002,Nuevos Ministerios,BICYCLE,Bicicleta,2026-07-29,2026-07-29T09:00:00+02:00,success,[],,2026-07-29T18:00:00+02:00,success,[],,2026-07-29T08:36:46+02:00,2026-07-29T09:00:00+02:00,BICYCLE,,,,23.23333333333333,3952.45,0.0,0.0,0.0,0.0,2026-07-29T18:00:00+02:00,2026-07-29T18:26:23+02:00,BICYCLE,,,,26.383333333333333,4200.87,0.0,0.0,0.0,0.0,complete_route,True,0,49.61666666666666,8153.32,0.0,0.0,0.0,0.0
MAD-056,Castilla,Chamartín,DEST_002,Nuevos Ministerios,CAR,Coche,2026-07-29,2026-07-29T09:00:00+02:00,success,[],,2026-07-29T18:00:00+02:00,success,[],,2026-07-29T08:53:45+02:00,2026-07-29T09:00:00+02:00,CAR,,,,6.25,4232.7,0.0,0.0,0.0,0.0,2026-07-29T18:00:00+02:00,2026-07-29T18:07:24+02:00,CAR,,,,7.4,4701.39,0.0,0.0,0.0,0.0,complete_route,True,0,13.65,8934.09,0.0,0.0,0.0,0.0
MAD-056,Castilla,Chamartín,DEST_002,Nuevos Ministerios,TRANSIT,Transporte público,2026-07-29,2026-07-29T09:00:00+02:00,success,[],,2026-07-29T18:00:00+02:00,success,[],,2026-07-29T08:17:00+02:00,2026-07-29T08:54:58+02:00,WALK|BUS,BUS,27,Información oficial: Consorcio Regional de Transportes de Madrid,37.96666666666667,3782.01,20.9,5.0,1497.01,0.0,2026-07-29T18:00:00+02:00,2026-07-29T18:38:24+02:00,WALK|BUS,BUS,S10,Información oficial: Consorcio Regional de Transportes de Madrid,38.4,3874.18,22.966666666666665,3.0,1644.18,0.0,complete_route,True,0,76.36666666666667,7656.1900000000005,43.86666666666666,8.0,3141.19,0.0
MAD-056,Castilla,Chamartín,DEST_002,Nuevos Ministerios,WALK,A pie,2026-07-29,2026-07-29T09:00:00+02:00,success,[],,2026-07-29T18:00:00+02:00,success,[],,2026-07-29T08:08:01+02:00,2026-07-29T09:00:00+02:00,WALK,,,,51.98333333333333,3789.81,51.98333333333333,0.0,3789.81,0.0,2026-07-29T18:00:00+02:00,2026-07-29T18:51:59+02:00,WALK,,,,51.98333333333333,3789.81,51.98333333333333,0.0,3789.81,0.0,complete_route,True,0,103.96666666666665,7579.62,103.96666666666665,0.0,7579.62,0.0
MAD-061,Bellas Vistas,Tetuán,DEST_002,Nuevos Ministerios,BICYCLE,Bicicleta,2026-07-29,2026-07-29T09:00:00+02:00,success,[],,2026-07-29T18:00:00+02:00,success,[],,2026-07-29T08:48:21+02:00,2026-07-29T09:00:00+02:00,BICYCLE,,,,11.65,2293.13,0.0,0.0,0.0,0.0,2026-07-29T18:00:00+02:00,2026-07-29T18:10:03+02:00,BICYCLE,,,,10.05,2055.83,0.0,0.0,0.0,0.0,complete_route,True,0,21.700000000000003,4348.96,0.0,0.0,0.0,0.0
MAD-061,Bellas Vistas,Tetuán,DEST_002,Nuevos Ministerios,CAR,Coche,2026-07-29,2026-07-29T09:00:00+02:00,success,[],,2026-07-29T18:00:00+02:00,success,[],,2026-07-29T08:54:18+02:00,2026-07-29T09:00:00+02:00,CAR,,,,5.7,2155.76,0.0,0.0,0.0,0.0,2026-07-29T18:00:00+02:00,2026-07-29T18:05:02+02:00,CAR,,,,5.033333333333333,2374.41,0.0,0.0,0.0,0.0,complete_route,True,0,10.733333333333334,4530.17,0.0,0.0,0.0,0.0
MAD-061,Bellas Vistas,Tetuán,DEST_002,Nuevos Ministerios,TRANSIT,Transporte público,2026-07-29,2026-07-29T09:00:00+02:00,success,[],,2026-07-29T18:00:00+02:00,success,[],,2026-07-29T07:42:00+02:00,2026-07-29T08:06:45+02:00,WALK|BUS,BUS,C1,Información oficial: Consorcio Regional de Transportes de Madrid,24.75,1959.95,14.7,5.0,1045.95,0.0,2026-07-29T18:00:00+02:00,2026-07-29T18:25:03+02:00,WALK|BUS,BUS,C2,Información oficial: Consorcio Regional de Transportes de Madrid,25.05,1897.4,13.416666666666666,6.0,967.4,0.0,complete_route,True,0,49.8,3857.3500000000004,28.116666666666667,11.0,2013.35,0.0
MAD-061,Bellas Vistas,Tetuán,DEST_002,Nuevos Ministerios,WALK,A pie,2026-07-29,2026-07-29T09:00:00+02:00,success,[],,2026-07-29T18:00:00+02:00,success,[],,2026-07-29T08:34:34+02:00,2026-07-29T09:00:00+02:00,WALK,,,,25.433333333333334,1867.73,25.433333333333334,0.0,1867.73,0.0,2026-07-29T18:00:00+02:00,2026-07-29T18:25:26+02:00,WALK,,,,25.433333333333334,1867.73,25.433333333333334,0.0,1867.73,0.0,complete_route,True,0,50.86666666666667,3735.46,50.86666666666667,0.0,3735.46,0.0
MAD-062,Cuatro Caminos,Tetuán,DEST_002,Nuevos Ministerios,BICYCLE,Bicicleta,2026-07-29,2026-07-29T09:00:00+02:00,success,[],,2026-07-29T18:00:00+02:00,success,[],,2026-07-29T08:53:33+02:00,2026-07-29T09:00:00+02:00,BICYCLE,,,,6.45,1214.51,0.0,0.0,0.0,0.0,2026-07-29T18:00:00+02:00,2026-07-29T18:05:56+02:00,BICYCLE,,,,5.933333333333334,1097.76,0.0,0.0,0.0,0.0,complete_route,True,0,12.383333333333333,2312.27,0.0,0.0,0.0,0.0
MAD-062,Cuatro Caminos,Tetuán,DEST_002,Nuevos Ministerios,CAR,Coche,2026-07-29,2026-07-29T09:00:00+02:00,success,[],,2026-07-29T18:00:00+02:00,success,[],,2026-07-29T08:57:02+02:00,2026-07-29T09:00:00+02:00,CAR,,,,2.966666666666667,1093.19,0.0,0.0,0.0,0.0,2026-07-29T18:00:00+02:00,2026-07-29T18:03:01+02:00,CAR,,,,3.0166666666666666,1266.74,0.0,0.0,0.0,0.0,complete_route,True,0,5.983333333333333,2359.9300000000003,0.0,0.0,0.0,0.0
MAD-062,Cuatro Caminos,Tetuán,DEST_002,Nuevos Ministerios,TRANSIT,Transporte público,2026-07-29,2026-07-29T09:00:00+02:00,no_route,"[{""code"":""WALKING_BETTER_THAN_TRANSIT"",""description"":""ES-los Origin is within a trivial distance of the destination."",""inputField"":null}]",,2026-07-29T18:00:00+02:00,no_route,"[{""code"":""WALKING_BETTER_THAN_TRANSIT"",""description"":""ES-los Origin is within a trivial distance of the destination."",""inputField"":null}]",,,,,,,,,,,,,,,,,,,,,,,,,,no_route,False,2,,,,,,
MAD-062,Cuatro Caminos,Tetuán,DEST_002,Nuevos Ministerios,WALK,A pie,2026-07-29,2026-07-29T09:00:00+02:00,success,[],,2026-07-29T18:00:00+02:00,success,[],,2026-07-29T08:48:02+02:00,2026-07-29T09:00:00+02:00,WALK,,,,11.966666666666669,930.85,11.966666666666669,0.0,930.85,0.0,2026-07-29T18:00:00+02:00,2026-07-29T18:11:58+02:00,WALK,,,,11.966666666666669,930.85,11.966666666666669,0.0,930.85,0.0,complete_route,True,0,23.933333333333337,1861.7,23.933333333333337,0.0,1861.7,0.0
MAD-063,Castillejos,Tetuán,DEST_002,Nuevos Ministerios,BICYCLE,Bicicleta,2026-07-29,2026-07-29T09:00:00+02:00,success,[],,2026-07-29T18:00:00+02:00,success,[],,2026-07-29T08:49:38+02:00,2026-07-29T09:00:00+02:00,BICYCLE,,,,10.366666666666667,2050.15,0.0,0.0,0.0,0.0,2026-07-29T18:00:00+02:00,2026-07-29T18:12:53+02:00,BICYCLE,,,,12.883333333333333,2188.4,0.0,0.0,0.0,0.0,complete_route,True,0,23.25,4238.55,0.0,0.0,0.0,0.0
MAD-063,Castillejos,Tetuán,DEST_002,Nuevos Ministerios,CAR,Coche,2026-07-29,2026-07-29T09:00:00+02:00,success,[],,2026-07-29T18:00:00+02:00,success,[],,2026-07-29T08:55:36+02:00,2026-07-29T09:00:00+02:00,CAR,,,,4.4,1848.47,0.0,0.0,0.0,0.0,2026-07-29T18:00:00+02:00,2026-07-29T18:05:14+02:00,CAR,,,,5.233333333333333,2673.55,0.0,0.0,0.0,0.0,complete_route,True,0,9.633333333333333,4522.02,0.0,0.0,0.0,0.0
MAD-063,Castillejos,Tetuán,DEST_002,Nuevos Ministerios,TRANSIT,Transporte público,2026-07-29,2026-07-29T09:00:00+02:00,success,[],,2026-07-29T18:00:00+02:00,success,[],,2026-07-29T08:35:00+02:00,2026-07-29T08:58:27+02:00,WALK|BUS,BUS,27,Información oficial: Consorcio Regional de Transportes de Madrid,23.45,2347.19,9.35,5.0,634.19,0.0,2026-07-29T18:00:00+02:00,2026-07-29T18:23:10+02:00,WALK|BUS,BUS,S10,Información oficial: Consorcio Regional de Transportes de Madrid,23.166666666666668,2333.41,11.0,3.0,690.41,0.0,complete_route,True,0,46.61666666666667,4680.6,20.35,8.0,1324.6,0.0
MAD-063,Castillejos,Tetuán,DEST_002,Nuevos Ministerios,WALK,A pie,2026-07-29,2026-07-29T09:00:00+02:00,success,[],,2026-07-29T18:00:00+02:00,success,[],,2026-07-29T08:33:38+02:00,2026-07-29T09:00:00+02:00,WALK,,,,26.366666666666667,1955.56,26.366666666666667,0.0,1955.56,0.0,2026-07-29T18:00:00+02:00,2026-07-29T18:26:22+02:00,WALK,,,,26.366666666666667,1955.56,26.366666666666667,0.0,1955.56,0.0,complete_route,True,0,52.733333333333334,3911.12,52.733333333333334,0.0,3911.12,0.0
MAD-064,Almenara,Tetuán,DEST_002,Nuevos Ministerios,BICYCLE,Bicicleta,2026-07-29,2026-07-29T09:00:00+02:00,success,[],,2026-07-29T18:00:00+02:00,success,[],,2026-07-29T08:44:43+02:00,2026-07-29T09:00:00+02:00,BICYCLE,,,,15.283333333333331,3062.72,0.0,0.0,0.0,0.0,2026-07-29T18:00:00+02:00,2026-07-29T18:18:05+02:00,BICYCLE,,,,18.08333333333333,3526.23,0.0,0.0,0.0,0.0,complete_route,True,0,33.36666666666666,6588.95,0.0,0.0,0.0,0.0
MAD-064,Almenara,Tetuán,DEST_002,Nuevos Ministerios,CAR,Coche,2026-07-29,2026-07-29T09:00:00+02:00,success,[],,2026-07-29T18:00:00+02:00,success,[],,2026-07-29T08:54:17+02:00,2026-07-29T09:00:00+02:00,CAR,,,,5.716666666666667,3280.26,0.0,0.0,0.0,0.0,2026-07-29T18:00:00+02:00,2026-07-29T18:05:31+02:00,CAR,,,,5.516666666666667,3258.18,0.0,0.0,0.0,0.0,complete_route,True,0,11.233333333333334,6538.4400000000005,0.0,0.0,0.0,0.0
MAD-064,Almenara,Tetuán,DEST_002,Nuevos Ministerios,TRANSIT,Transporte público,2026-07-29,2026-07-29T09:00:00+02:00,success,[],,2026-07-29T18:00:00+02:00,success,[],,2026-07-29T08:23:00+02:00,2026-07-29T08:50:57+02:00,WALK|BUS,BUS,27,Información oficial: Consorcio Regional de Transportes de Madrid,27.95,3043.07,10.883333333333333,5.0,758.07,0.0,2026-07-29T18:00:00+02:00,2026-07-29T18:30:36+02:00,WALK|BUS,BUS,S10,Información oficial: Consorcio Regional de Transportes de Madrid,30.6,3263.4700000000003,15.166666666666666,3.0,1033.47,0.0,complete_route,True,0,58.55,6306.540000000001,26.049999999999997,8.0,1791.54,0.0
MAD-064,Almenara,Tetuán,DEST_002,Nuevos Ministerios,WALK,A pie,2026-07-29,2026-07-29T09:00:00+02:00,success,[],,2026-07-29T18:00:00+02:00,success,[],,2026-07-29T08:19:12+02:00,2026-07-29T09:00:00+02:00,WALK,,,,40.8,2956.15,40.8,0.0,2956.15,0.0,2026-07-29T18:00:00+02:00,2026-07-29T18:40:48+02:00,WALK,,,,40.8,2956.15,40.8,0.0,2956.15,0.0,complete_route,True,0,81.6,5912.3,81.6,0.0,5912.3,0.0
MAD-065,Valdeacederas,Tetuán,DEST_002,Nuevos Ministerios,BICYCLE,Bicicleta,2026-07-29,2026-07-29T09:00:00+02:00,success,[],,2026-07-29T18:00:00+02:00,success,[],,2026-07-29T08:42:52+02:00,2026-07-29T09:00:00+02:00,BICYCLE,,,,17.133333333333333,3602.11,0.0,0.0,0.0,0.0,2026-07-29T18:00:00+02:00,2026-07-29T18:18:12+02:00,BICYCLE,,,,18.2,3572.98,0.0,0.0,0.0,0.0,complete_route,True,0,35.33333333333333,7175.09,0.0,0.0,0.0,0.0
MAD-065,Valdeacederas,Tetuán,DEST_002,Nuevos Ministerios,CAR,Coche,2026-07-29,2026-07-29T09:00:00+02:00,success,[],,2026-07-29T18:00:00+02:00,success,[],,2026-07-29T08:53:09+02:00,2026-07-29T09:00:00+02:00,CAR,,,,6.85,3935.57,0.0,0.0,0.0,0.0,2026-07-29T18:00:00+02:00,2026-07-29T18:07:06+02:00,CAR,,,,7.1,3881.63,0.0,0.0,0.0,0.0,complete_route,True,0,13.95,7817.200000000001,0.0,0.0,0.0,0.0
MAD-065,Valdeacederas,Tetuán,DEST_002,Nuevos Ministerios,TRANSIT,Transporte público,2026-07-29,2026-07-29T09:00:00+02:00,success,[],,2026-07-29T18:00:00+02:00,success,[],,2026-07-29T08:17:00+02:00,2026-07-29T08:51:44+02:00,WALK|BUS,BUS,49|27,Información oficial: Consorcio Regional de Transportes de Madrid,34.733333333333334,3552.5,4.633333333333334,14.0,266.5,1.0,2026-07-29T18:00:00+02:00,2026-07-29T18:38:34+02:00,WALK|BUS,BUS,S10,Información oficial: Consorcio Regional de Transportes de Madrid,38.56666666666667,3822.07,23.133333333333333,3.0,1592.0700000000002,0.0,complete_route,True,0,73.30000000000001,7374.57,27.766666666666666,17.0,1858.5700000000002,1.0
MAD-065,Valdeacederas,Tetuán,DEST_002,Nuevos Ministerios,WALK,A pie,2026-07-29,2026-07-29T09:00:00+02:00,success,[],,2026-07-29T18:00:00+02:00,success,[],,2026-07-29T08:15:56+02:00,2026-07-29T09:00:00+02:00,WALK,,,,44.06666666666667,3255.44,44.06666666666667,0.0,3255.44,0.0,2026-07-29T18:00:00+02:00,2026-07-29T18:43:50+02:00,WALK,,,,43.833333333333336,3306.38,43.833333333333336,0.0,3306.38,0.0,complete_route,True,0,87.9,6561.82,87.9,0.0,6561.82,0.0
MAD-066,Berruguete,Tetuán,DEST_002,Nuevos Ministerios,BICYCLE,Bicicleta,2026-07-29,2026-07-29T09:00:00+02:00,success,[],,2026-07-29T18:00:00+02:00,success,[],,2026-07-29T08:44:52+02:00,2026-07-29T09:00:00+02:00,BICYCLE,,,,15.133333333333333,2648.87,0.0,0.0,0.0,0.0,2026-07-29T18:00:00+02:00,2026-07-29T18:13:05+02:00,BICYCLE,,,,13.083333333333334,2486.77,0.0,0.0,0.0,0.0,complete_route,True,0,28.21666666666667,5135.639999999999,0.0,0.0,0.0,0.0
MAD-066,Berruguete,Tetuán,DEST_002,Nuevos Ministerios,CAR,Coche,2026-07-29,2026-07-29T09:00:00+02:00,success,[],,2026-07-29T18:00:00+02:00,success,[],,2026-07-29T08:53:34+02:00,2026-07-29T09:00:00+02:00,CAR,,,,6.433333333333334,2370.07,0.0,0.0,0.0,0.0,2026-07-29T18:00:00+02:00,2026-07-29T18:06:55+02:00,CAR,,,,6.916666666666667,3195.54,0.0,0.0,0.0,0.0,complete_route,True,0,13.350000000000001,5565.610000000001,0.0,0.0,0.0,0.0
MAD-066,Berruguete,Tetuán,DEST_002,Nuevos Ministerios,TRANSIT,Transporte público,2026-07-29,2026-07-29T09:00:00+02:00,success,[],,2026-07-29T18:00:00+02:00,success,[],,2026-07-29T08:28:00+02:00,2026-07-29T08:59:08+02:00,WALK|BUS,BUS,126,Información oficial: Consorcio Regional de Transportes de Madrid,31.133333333333333,2745.85,8.333333333333334,10.0,600.85,0.0,2026-07-29T18:00:00+02:00,2026-07-29T18:32:13+02:00,WALK|BUS,BUS,126,Información oficial: Consorcio Regional de Transportes de Madrid,32.21666666666667,2770.37,6.716666666666667,12.0,481.37,0.0,complete_route,True,0,63.35,5516.219999999999,15.05,22.0,1082.22,0.0
MAD-066,Berruguete,Tetuán,DEST_002,Nuevos Ministerios,WALK,A pie,2026-07-29,2026-07-29T09:00:00+02:00,success,[],,2026-07-29T18:00:00+02:00,success,[],,2026-07-29T08:29:26+02:00,2026-07-29T09:00:00+02:00,WALK,,,,30.566666666666663,2301.93,30.566666666666663,0.0,2301.93,0.0,2026-07-29T18:00:00+02:00,2026-07-29T18:30:34+02:00,WALK,,,,30.566666666666663,2301.93,30.566666666666663,0.0,2301.93,0.0,complete_route,True,0,61.133333333333326,4603.86,61.133333333333326,0.0,4603.86,0.0
MAD-071,Gaztambide,Chamberí,DEST_002,Nuevos Ministerios,BICYCLE,Bicicleta,2026-07-29,2026-07-29T09:00:00+02:00,success,[],,2026-07-29T18:00:00+02:00,success,[],,2026-07-29T08:40:36+02:00,2026-07-29T09:00:00+02:00,BICYCLE,,,,19.4,3847.16,0.0,0.0,0.0,0.0,2026-07-29T18:00:00+02:00,2026-07-29T18:20:02+02:00,BICYCLE,,,,20.03333333333333,4165.27,0.0,0.0,0.0,0.0,complete_route,True,0,39.43333333333333,8012.43,0.0,0.0,0.0,0.0
MAD-071,Gaztambide,Chamberí,DEST_002,Nuevos Ministerios,CAR,Coche,2026-07-29,2026-07-29T09:00:00+02:00,success,[],,2026-07-29T18:00:00+02:00,success,[],,2026-07-29T08:51:54+02:00,2026-07-29T09:00:00+02:00,CAR,,,,8.1,3968.74,0.0,0.0,0.0,0.0,2026-07-29T18:00:00+02:00,2026-07-29T18:06:16+02:00,CAR,,,,6.266666666666667,3296.59,0.0,0.0,0.0,0.0,complete_route,True,0,14.366666666666667,7265.33,0.0,0.0,0.0,0.0
MAD-071,Gaztambide,Chamberí,DEST_002,Nuevos Ministerios,TRANSIT,Transporte público,2026-07-29,2026-07-29T09:00:00+02:00,success,[],,2026-07-29T18:00:00+02:00,success,[],,2026-07-29T08:17:00+02:00,2026-07-29T08:58:02+02:00,WALK|BUS,BUS,C1,Información oficial: Consorcio Regional de Transportes de Madrid,41.03333333333333,4147.76,7.966666666666667,13.0,546.76,1.0,2026-07-29T18:00:00+02:00,2026-07-29T18:44:01+02:00,WALK|BUS,BUS,147,Información oficial: Consorcio Regional de Transportes de Madrid,44.016666666666666,4456.1,19.98333333333333,7.0,1446.1,0.0,complete_route,True,0,85.05,8603.86,27.949999999999996,20.0,1992.86,1.0
MAD-071,Gaztambide,Chamberí,DEST_002,Nuevos Ministerios,WALK,A pie,2026-07-29,2026-07-29T09:00:00+02:00,success,[],,2026-07-29T18:00:00+02:00,success,[],,2026-07-29T08:14:56+02:00,2026-07-29T09:00:00+02:00,WALK,,,,45.06666666666667,3332.7,45.06666666666667,0.0,3332.7,0.0,2026-07-29T18:00:00+02:00,2026-07-29T18:45:04+02:00,WALK,,,,45.06666666666667,3332.7,45.06666666666667,0.0,3332.7,0.0,complete_route,True,0,90.13333333333334,6665.4,90.13333333333334,0.0,6665.4,0.0
MAD-072,Arapiles,Chamberí,DEST_002,Nuevos Ministerios,BICYCLE,Bicicleta,2026-07-29,2026-07-29T09:00:00+02:00,success,[],,2026-07-29T18:00:00+02:00,success,[],,2026-07-29T08:42:21+02:00,2026-07-29T09:00:00+02:00,BICYCLE,,,,17.65,3526.38,0.0,0.0,0.0,0.0,2026-07-29T18:00:00+02:00,2026-07-29T18:18:09+02:00,BICYCLE,,,,18.15,3718.0,0.0,0.0,0.0,0.0,complete_route,True,0,35.8,7244.38,0.0,0.0,0.0,0.0
MAD-072,Arapiles,Chamberí,DEST_002,Nuevos Ministerios,CAR,Coche,2026-07-29,2026-07-29T09:00:00+02:00,success,[],,2026-07-29T18:00:00+02:00,success,[],,2026-07-29T08:52:08+02:00,2026-07-29T09:00:00+02:00,CAR,,,,7.866666666666666,3634.56,0.0,0.0,0.0,0.0,2026-07-29T18:00:00+02:00,2026-07-29T18:06:13+02:00,CAR,,,,6.216666666666667,3144.48,0.0,0.0,0.0,0.0,complete_route,True,0,14.083333333333332,6779.04,0.0,0.0,0.0,0.0
MAD-072,Arapiles,Chamberí,DEST_002,Nuevos Ministerios,TRANSIT,Transporte público,2026-07-29,2026-07-29T09:00:00+02:00,success,[],,2026-07-29T18:00:00+02:00,success,[],,2026-07-29T08:19:00+02:00,2026-07-29T08:59:38+02:00,WALK|BUS,BUS,147,Información oficial: Consorcio Regional de Transportes de Madrid,40.63333333333333,3837.46,20.916666666666668,7.0,1464.46,0.0,2026-07-29T18:00:00+02:00,2026-07-29T18:35:00+02:00,WALK|BUS,BUS,149,Información oficial: Consorcio Regional de Transportes de Madrid,35.0,2956.03,10.75,11.0,750.03,0.0,complete_route,True,0,75.63333333333333,6793.49,31.666666666666668,18.0,2214.49,0.0
MAD-072,Arapiles,Chamberí,DEST_002,Nuevos Ministerios,WALK,A pie,2026-07-29,2026-07-29T09:00:00+02:00,success,[],,2026-07-29T18:00:00+02:00,success,[],,2026-07-29T08:23:16+02:00,2026-07-29T09:00:00+02:00,WALK,,,,36.73333333333333,2710.94,36.73333333333333,0.0,2710.94,0.0,2026-07-29T18:00:00+02:00,2026-07-29T18:36:44+02:00,WALK,,,,36.73333333333333,2710.94,36.73333333333333,0.0,2710.94,0.0,complete_route,True,0,73.46666666666665,5421.88,73.46666666666665,0.0,5421.88,0.0
MAD-073,Trafalgar,Chamberí,DEST_002,Nuevos Ministerios,BICYCLE,Bicicleta,2026-07-29,2026-07-29T09:00:00+02:00,success,[],,2026-07-29T18:00:00+02:00,success,[],,2026-07-29T08:46:38+02:00,2026-07-29T09:00:00+02:00,BICYCLE,,,,13.366666666666667,2963.23,0.0,0.0,0.0,0.0,2026-07-29T18:00:00+02:00,2026-07-29T18:13:07+02:00,BICYCLE,,,,13.116666666666667,2961.77,0.0,0.0,0.0,0.0,complete_route,True,0,26.483333333333334,5925.0,0.0,0.0,0.0,0.0
MAD-073,Trafalgar,Chamberí,DEST_002,Nuevos Ministerios,CAR,Coche,2026-07-29,2026-07-29T09:00:00+02:00,success,[],,2026-07-29T18:00:00+02:00,success,[],,2026-07-29T08:54:28+02:00,2026-07-29T09:00:00+02:00,CAR,,,,5.533333333333333,2516.66,0.0,0.0,0.0,0.0,2026-07-29T18:00:00+02:00,2026-07-29T18:04:25+02:00,CAR,,,,4.416666666666667,2350.76,0.0,0.0,0.0,0.0,complete_route,True,0,9.95,4867.42,0.0,0.0,0.0,0.0
MAD-073,Trafalgar,Chamberí,DEST_002,Nuevos Ministerios,TRANSIT,Transporte público,2026-07-29,2026-07-29T09:00:00+02:00,success,[],,2026-07-29T18:00:00+02:00,success,[],,2026-07-29T08:30:00+02:00,2026-07-29T08:59:33+02:00,WALK|BUS,BUS,147,Información oficial: Consorcio Regional de Transportes de Madrid,29.55,3236.32,7.883333333333334,7.0,499.32,0.0,2026-07-29T18:00:00+02:00,2026-07-29T18:27:10+02:00,WALK|BUS,BUS,147,Información oficial: Consorcio Regional de Transportes de Madrid,27.166666666666668,2840.76,6.633333333333334,7.0,450.76,0.0,complete_route,True,0,56.71666666666667,6077.08,14.516666666666667,14.0,950.0799999999999,0.0
MAD-073,Trafalgar,Chamberí,DEST_002,Nuevos Ministerios,WALK,A pie,2026-07-29,2026-07-29T09:00:00+02:00,success,[],,2026-07-29T18:00:00+02:00,success,[],,2026-07-29T08:29:44+02:00,2026-07-29T09:00:00+02:00,WALK,,,,30.266666666666666,2192.92,30.266666666666666,0.0,2192.92,0.0,2026-07-29T18:00:00+02:00,2026-07-29T18:30:16+02:00,WALK,,,,30.266666666666666,2192.92,30.266666666666666,0.0,2192.92,0.0,complete_route,True,0,60.53333333333333,4385.84,60.53333333333333,0.0,4385.84,0.0
MAD-074,Almagro,Chamberí,DEST_002,Nuevos Ministerios,BICYCLE,Bicicleta,2026-07-29,2026-07-29T09:00:00+02:00,success,[],,2026-07-29T18:00:00+02:00,success,[],,2026-07-29T08:47:45+02:00,2026-07-29T09:00:00+02:00,BICYCLE,,,,12.25,2250.84,0.0,0.0,0.0,0.0,2026-07-29T18:00:00+02:00,2026-07-29T18:11:41+02:00,BICYCLE,,,,11.683333333333334,2272.13,0.0,0.0,0.0,0.0,complete_route,True,0,23.933333333333334,4522.97,0.0,0.0,0.0,0.0
MAD-074,Almagro,Chamberí,DEST_002,Nuevos Ministerios,CAR,Coche,2026-07-29,2026-07-29T09:00:00+02:00,success,[],,2026-07-29T18:00:00+02:00,success,[],,2026-07-29T08:54:03+02:00,2026-07-29T09:00:00+02:00,CAR,,,,5.95,2855.77,0.0,0.0,0.0,0.0,2026-07-29T18:00:00+02:00,2026-07-29T18:03:48+02:00,CAR,,,,3.8,1848.91,0.0,0.0,0.0,0.0,complete_route,True,0,9.75,4704.68,0.0,0.0,0.0,0.0
MAD-074,Almagro,Chamberí,DEST_002,Nuevos Ministerios,TRANSIT,Transporte público,2026-07-29,2026-07-29T09:00:00+02:00,success,[],,2026-07-29T18:00:00+02:00,success,[],,2026-07-29T08:35:00+02:00,2026-07-29T08:59:11+02:00,WALK|BUS,BUS,147,Información oficial: Consorcio Regional de Transportes de Madrid,24.183333333333334,2225.82,8.566666666666666,7.0,616.82,0.0,2026-07-29T18:00:00+02:00,2026-07-29T18:20:47+02:00,WALK|BUS,BUS,147,Información oficial: Consorcio Regional de Transportes de Madrid,20.78333333333333,1859.16,5.383333333333334,7.0,375.16,0.0,complete_route,True,0,44.96666666666667,4084.9800000000005,13.95,14.0,991.98,0.0
MAD-074,Almagro,Chamberí,DEST_002,Nuevos Ministerios,WALK,A pie,2026-07-29,2026-07-29T09:00:00+02:00,success,[],,2026-07-29T18:00:00+02:00,success,[],,2026-07-29T08:35:54+02:00,2026-07-29T09:00:00+02:00,WALK,,,,24.1,1723.91,24.1,0.0,1723.91,0.0,2026-07-29T18:00:00+02:00,2026-07-29T18:24:06+02:00,WALK,,,,24.1,1723.91,24.1,0.0,1723.91,0.0,complete_route,True,0,48.2,3447.82,48.2,0.0,3447.82,0.0
MAD-075,Ríos Rosas,Chamberí,DEST_002,Nuevos Ministerios,BICYCLE,Bicicleta,2026-07-29,2026-07-29T09:00:00+02:00,success,[],,2026-07-29T18:00:00+02:00,success,[],,2026-07-29T08:53:49+02:00,2026-07-29T09:00:00+02:00,BICYCLE,,,,6.183333333333334,1068.89,0.0,0.0,0.0,0.0,2026-07-29T18:00:00+02:00,2026-07-29T18:05:57+02:00,BICYCLE,,,,5.95,1136.98,0.0,0.0,0.0,0.0,complete_route,True,0,12.133333333333333,2205.87,0.0,0.0,0.0,0.0
MAD-075,Ríos Rosas,Chamberí,DEST_002,Nuevos Ministerios,CAR,Coche,2026-07-29,2026-07-29T09:00:00+02:00,success,[],,2026-07-29T18:00:00+02:00,success,[],,2026-07-29T08:57:06+02:00,2026-07-29T09:00:00+02:00,CAR,,,,2.9,1238.61,0.0,0.0,0.0,0.0,2026-07-29T18:00:00+02:00,2026-07-29T18:03:27+02:00,CAR,,,,3.45,1309.38,0.0,0.0,0.0,0.0,complete_route,True,0,6.35,2547.99,0.0,0.0,0.0,0.0
MAD-075,Ríos Rosas,Chamberí,DEST_002,Nuevos Ministerios,TRANSIT,Transporte público,2026-07-29,2026-07-29T09:00:00+02:00,no_route,"[{""code"":""WALKING_BETTER_THAN_TRANSIT"",""description"":""ES-los Origin is within a trivial distance of the destination."",""inputField"":null}]",,2026-07-29T18:00:00+02:00,no_route,"[{""code"":""WALKING_BETTER_THAN_TRANSIT"",""description"":""ES-los Origin is within a trivial distance of the destination."",""inputField"":null}]",,,,,,,,,,,,,,,,,,,,,,,,,,no_route,False,2,,,,,,
MAD-075,Ríos Rosas,Chamberí,DEST_002,Nuevos Ministerios,WALK,A pie,2026-07-29,2026-07-29T09:00:00+02:00,success,[],,2026-07-29T18:00:00+02:00,success,[],,2026-07-29T08:47:46+02:00,2026-07-29T09:00:00+02:00,WALK,,,,12.233333333333333,895.31,12.233333333333333,0.0,895.31,0.0,2026-07-29T18:00:00+02:00,2026-07-29T18:12:14+02:00,WALK,,,,12.233333333333333,895.31,12.233333333333333,0.0,895.31,0.0,complete_route,True,0,24.466666666666665,1790.62,24.466666666666665,0.0,1790.62,0.0
MAD-076,Vallehermoso,Chamberí,DEST_002,Nuevos Ministerios,BICYCLE,Bicicleta,2026-07-29,2026-07-29T09:00:00+02:00,success,[],,2026-07-29T18:00:00+02:00,success,[],,2026-07-29T08:48:21+02:00,2026-07-29T09:00:00+02:00,BICYCLE,,,,11.65,2227.0,0.0,0.0,0.0,0.0,2026-07-29T18:00:00+02:00,2026-07-29T18:13:19+02:00,BICYCLE,,,,13.316666666666666,2807.12,0.0,0.0,0.0,0.0,complete_route,True,0,24.96666666666667,5034.12,0.0,0.0,0.0,0.0
MAD-076,Vallehermoso,Chamberí,DEST_002,Nuevos Ministerios,CAR,Coche,2026-07-29,2026-07-29T09:00:00+02:00,success,[],,2026-07-29T18:00:00+02:00,success,[],,2026-07-29T08:54:53+02:00,2026-07-29T09:00:00+02:00,CAR,,,,5.116666666666666,2436.47,0.0,0.0,0.0,0.0,2026-07-29T18:00:00+02:00,2026-07-29T18:05:10+02:00,CAR,,,,5.166666666666667,2766.46,0.0,0.0,0.0,0.0,complete_route,True,0,10.283333333333333,5202.93,0.0,0.0,0.0,0.0
MAD-076,Vallehermoso,Chamberí,DEST_002,Nuevos Ministerios,TRANSIT,Transporte público,2026-07-29,2026-07-29T09:00:00+02:00,success,[],,2026-07-29T18:00:00+02:00,success,[],,2026-07-29T07:38:00+02:00,2026-07-29T08:06:24+02:00,WALK|BUS,BUS,C1,Información oficial: Consorcio Regional de Transportes de Madrid,28.4,2136.97,18.35,5.0,1222.97,0.0,2026-07-29T18:00:00+02:00,2026-07-29T18:28:54+02:00,WALK|BUS,BUS,C2,Información oficial: Consorcio Regional de Transportes de Madrid,28.9,2079.4700000000003,17.266666666666666,6.0,1149.47,0.0,complete_route,True,0,57.3,4216.4400000000005,35.61666666666667,11.0,2372.44,0.0
MAD-076,Vallehermoso,Chamberí,DEST_002,Nuevos Ministerios,WALK,A pie,2026-07-29,2026-07-29T09:00:00+02:00,success,[],,2026-07-29T18:00:00+02:00,success,[],,2026-07-29T08:31:03+02:00,2026-07-29T09:00:00+02:00,WALK,,,,28.95,2057.66,28.95,0.0,2057.66,0.0,2026-07-29T18:00:00+02:00,2026-07-29T18:28:57+02:00,WALK,,,,28.95,2057.66,28.95,0.0,2057.66,0.0,complete_route,True,0,57.9,4115.32,57.9,0.0,4115.32,0.0
MAD-081,El Pardo,Fuencarral - El Pardo,DEST_002,Nuevos Ministerios,BICYCLE,Bicicleta,2026-07-29,2026-07-29T09:00:00+02:00,success,[],,2026-07-29T18:00:00+02:00,success,[],,2026-07-29T07:43:21+02:00,2026-07-29T09:00:00+02:00,BICYCLE,,,,76.65,19255.46,0.0,0.0,0.0,0.0,2026-07-29T18:00:00+02:00,2026-07-29T19:17:41+02:00,BICYCLE,,,,77.68333333333334,20412.5,0.0,0.0,0.0,0.0,complete_route,True,0,154.33333333333334,39667.96,0.0,0.0,0.0,0.0
MAD-081,El Pardo,Fuencarral - El Pardo,DEST_002,Nuevos Ministerios,CAR,Coche,2026-07-29,2026-07-29T09:00:00+02:00,success,[],,2026-07-29T18:00:00+02:00,success,[],,2026-07-29T08:31:00+02:00,2026-07-29T09:00:00+02:00,CAR,,,,29.0,19429.64,0.0,0.0,0.0,0.0,2026-07-29T18:00:00+02:00,2026-07-29T18:27:56+02:00,CAR,,,,27.933333333333334,19410.9,0.0,0.0,0.0,0.0,complete_route,True,0,56.93333333333334,38840.54,0.0,0.0,0.0,0.0
MAD-081,El Pardo,Fuencarral - El Pardo,DEST_002,Nuevos Ministerios,TRANSIT,Transporte público,2026-07-29,2026-07-29T09:00:00+02:00,no_route,"[{""code"":""NO_STOPS_IN_RANGE"",""description"":""The location was found, but no stops could be found within the search radius."",""inputField"":""FROM""}]",,2026-07-29T18:00:00+02:00,no_route,"[{""code"":""NO_STOPS_IN_RANGE"",""description"":""The location was found, but no stops could be found within the search radius."",""inputField"":""TO""}]",,,,,,,,,,,,,,,,,,,,,,,,,,no_route,False,2,,,,,,
MAD-081,El Pardo,Fuencarral - El Pardo,DEST_002,Nuevos Ministerios,WALK,A pie,2026-07-29,2026-07-29T09:00:00+02:00,success,[],,2026-07-29T18:00:00+02:00,success,[],,2026-07-29T05:07:05+02:00,2026-07-29T09:00:00+02:00,WALK,,,,232.91666666666663,18259.87,232.91666666666663,0.0,18259.87,0.0,2026-07-29T18:00:00+02:00,2026-07-29T21:53:00+02:00,WALK,,,,233.0,18259.87,233.0,0.0,18259.87,0.0,complete_route,True,0,465.91666666666663,36519.74,465.91666666666663,0.0,36519.74,0.0
MAD-082,Fuentelarreina,Fuencarral - El Pardo,DEST_002,Nuevos Ministerios,BICYCLE,Bicicleta,2026-07-29,2026-07-29T09:00:00+02:00,success,[],,2026-07-29T18:00:00+02:00,success,[],,2026-07-29T08:25:06+02:00,2026-07-29T09:00:00+02:00,BICYCLE,,,,34.9,7498.48,0.0,0.0,0.0,0.0,2026-07-29T18:00:00+02:00,2026-07-29T18:32:27+02:00,BICYCLE,,,,32.45,7087.72,0.0,0.0,0.0,0.0,complete_route,True,0,67.35,14586.2,0.0,0.0,0.0,0.0
MAD-082,Fuentelarreina,Fuencarral - El Pardo,DEST_002,Nuevos Ministerios,CAR,Coche,2026-07-29,2026-07-29T09:00:00+02:00,success,[],,2026-07-29T18:00:00+02:00,success,[],,2026-07-29T08:47:04+02:00,2026-07-29T09:00:00+02:00,CAR,,,,12.933333333333334,7043.7,0.0,0.0,0.0,0.0,2026-07-29T18:00:00+02:00,2026-07-29T18:13:13+02:00,CAR,,,,13.216666666666669,10436.39,0.0,0.0,0.0,0.0,complete_route,True,0,26.150000000000002,17480.09,0.0,0.0,0.0,0.0
MAD-082,Fuentelarreina,Fuencarral - El Pardo,DEST_002,Nuevos Ministerios,TRANSIT,Transporte público,2026-07-29,2026-07-29T09:00:00+02:00,success,[],,2026-07-29T18:00:00+02:00,success,[],,2026-07-29T08:02:10+02:00,2026-07-29T08:57:49+02:00,WALK|BUS,BUS,815|147,Consorcio Regional de Transportes de Madrid|Información oficial: Consorcio Regional de Transportes de Madrid,55.65,9898.04,9.116666666666667,9.0,647.0400000000001,1.0,2026-07-29T18:00:00+02:00,2026-07-29T19:11:52+02:00,WALK|BUS,BUS,64|82,Información oficial: Consorcio Regional de Transportes de Madrid,71.86666666666666,7863.59,21.5,23.0,1662.59,1.0,complete_route,True,0,127.51666666666665,17761.63,30.616666666666667,32.0,2309.63,2.0
MAD-082,Fuentelarreina,Fuencarral - El Pardo,DEST_002,Nuevos Ministerios,WALK,A pie,2026-07-29,2026-07-29T09:00:00+02:00,success,[],,2026-07-29T18:00:00+02:00,success,[],,2026-07-29T07:32:31+02:00,2026-07-29T09:00:00+02:00,WALK,,,,87.48333333333333,6652.16,87.48333333333333,0.0,6652.16,0.0,2026-07-29T18:00:00+02:00,2026-07-29T19:27:29+02:00,WALK,,,,87.48333333333333,6652.16,87.48333333333333,0.0,6652.16,0.0,complete_route,True,0,174.96666666666667,13304.32,174.96666666666667,0.0,13304.32,0.0
MAD-083,Peñagrande,Fuencarral - El Pardo,DEST_002,Nuevos Ministerios,BICYCLE,Bicicleta,2026-07-29,2026-07-29T09:00:00+02:00,success,[],,2026-07-29T18:00:00+02:00,success,[],,2026-07-29T08:30:40+02:00,2026-07-29T09:00:00+02:00,BICYCLE,,,,29.33333333333333,6416.01,0.0,0.0,0.0,0.0,2026-07-29T18:00:00+02:00,2026-07-29T18:28:45+02:00,BICYCLE,,,,28.75,6246.15,0.0,0.0,0.0,0.0,complete_route,True,0,58.08333333333333,12662.16,0.0,0.0,0.0,0.0
MAD-083,Peñagrande,Fuencarral - El Pardo,DEST_002,Nuevos Ministerios,CAR,Coche,2026-07-29,2026-07-29T09:00:00+02:00,success,[],,2026-07-29T18:00:00+02:00,success,[],,2026-07-29T08:48:30+02:00,2026-07-29T09:00:00+02:00,CAR,,,,11.5,5686.32,0.0,0.0,0.0,0.0,2026-07-29T18:00:00+02:00,2026-07-29T18:11:07+02:00,CAR,,,,11.116666666666667,6476.06,0.0,0.0,0.0,0.0,complete_route,True,0,22.616666666666667,12162.380000000001,0.0,0.0,0.0,0.0
MAD-083,Peñagrande,Fuencarral - El Pardo,DEST_002,Nuevos Ministerios,TRANSIT,Transporte público,2026-07-29,2026-07-29T09:00:00+02:00,success,[],,2026-07-29T18:00:00+02:00,success,[],,2026-07-29T08:09:38+02:00,2026-07-29T08:57:49+02:00,WALK|BUS,BUS,815|147,Consorcio Regional de Transportes de Madrid|Información oficial: Consorcio Regional de Transportes de Madrid,48.18333333333333,8537.58,4.933333333333334,9.0,315.58,1.0,2026-07-29T18:00:00+02:00,2026-07-29T18:59:43+02:00,WALK|BUS,BUS,147,Información oficial: Consorcio Regional de Transportes de Madrid,59.71666666666667,7503.04,20.633333333333333,7.0,1504.04,0.0,complete_route,True,0,107.9,16040.619999999999,25.566666666666666,16.0,1819.62,1.0
MAD-083,Peñagrande,Fuencarral - El Pardo,DEST_002,Nuevos Ministerios,WALK,A pie,2026-07-29,2026-07-29T09:00:00+02:00,success,[],,2026-07-29T18:00:00+02:00,success,[],,2026-07-29T07:46:42+02:00,2026-07-29T09:00:00+02:00,WALK,,,,73.3,5549.72,73.3,0.0,5549.72,0.0,2026-07-29T18:00:00+02:00,2026-07-29T19:13:18+02:00,WALK,,,,73.3,5549.72,73.3,0.0,5549.72,0.0,complete_route,True,0,146.6,11099.44,146.6,0.0,11099.44,0.0
MAD-084,Pilar,Fuencarral - El Pardo,DEST_002,Nuevos Ministerios,BICYCLE,Bicicleta,2026-07-29,2026-07-29T09:00:00+02:00,success,[],,2026-07-29T18:00:00+02:00,success,[],,2026-07-29T08:32:23+02:00,2026-07-29T09:00:00+02:00,BICYCLE,,,,27.616666666666667,5245.77,0.0,0.0,0.0,0.0,2026-07-29T18:00:00+02:00,2026-07-29T18:30:44+02:00,BICYCLE,,,,30.73333333333333,5410.6,0.0,0.0,0.0,0.0,complete_route,True,0,58.349999999999994,10656.37,0.0,0.0,0.0,0.0
MAD-084,Pilar,Fuencarral - El Pardo,DEST_002,Nuevos Ministerios,CAR,Coche,2026-07-29,2026-07-29T09:00:00+02:00,success,[],,2026-07-29T18:00:00+02:00,success,[],,2026-07-29T08:50:53+02:00,2026-07-29T09:00:00+02:00,CAR,,,,9.116666666666667,5929.87,0.0,0.0,0.0,0.0,2026-07-29T18:00:00+02:00,2026-07-29T18:09:18+02:00,CAR,,,,9.3,6032.28,0.0,0.0,0.0,0.0,complete_route,True,0,18.416666666666668,11962.15,0.0,0.0,0.0,0.0
MAD-084,Pilar,Fuencarral - El Pardo,DEST_002,Nuevos Ministerios,TRANSIT,Transporte público,2026-07-29,2026-07-29T09:00:00+02:00,success,[],,2026-07-29T18:00:00+02:00,success,[],,2026-07-29T08:15:34+02:00,2026-07-29T08:55:09+02:00,WALK|BUS,BUS,712|147,Consorcio Regional de Transportes de Madrid|Información oficial: Consorcio Regional de Transportes de Madrid,39.583333333333336,5416.2,14.65,9.0,1024.2,1.0,2026-07-29T18:00:00+02:00,2026-07-29T18:44:09+02:00,WALK|BUS,BUS,147,Información oficial: Consorcio Regional de Transportes de Madrid,44.15,5775.23,9.4,7.0,586.23,0.0,complete_route,True,0,83.73333333333333,11191.43,24.05,16.0,1610.43,1.0
MAD-084,Pilar,Fuencarral - El Pardo,DEST_002,Nuevos Ministerios,WALK,A pie,2026-07-29,2026-07-29T09:00:00+02:00,success,[],,2026-07-29T18:00:00+02:00,success,[],,2026-07-29T07:53:01+02:00,2026-07-29T09:00:00+02:00,WALK,,,,66.98333333333333,4910.38,66.98333333333333,0.0,4910.38,0.0,2026-07-29T18:00:00+02:00,2026-07-29T19:06:35+02:00,WALK,,,,66.58333333333333,4896.7,66.58333333333333,0.0,4896.7,0.0,complete_route,True,0,133.56666666666666,9807.08,133.56666666666666,0.0,9807.08,0.0
MAD-085,La Paz,Fuencarral - El Pardo,DEST_002,Nuevos Ministerios,BICYCLE,Bicicleta,2026-07-29,2026-07-29T09:00:00+02:00,success,[],,2026-07-29T18:00:00+02:00,success,[],,2026-07-29T08:35:14+02:00,2026-07-29T09:00:00+02:00,BICYCLE,,,,24.766666666666666,4881.72,0.0,0.0,0.0,0.0,2026-07-29T18:00:00+02:00,2026-07-29T18:29:14+02:00,BICYCLE,,,,29.23333333333333,5553.63,0.0,0.0,0.0,0.0,complete_route,True,0,54.0,10435.35,0.0,0.0,0.0,0.0
MAD-085,La Paz,Fuencarral - El Pardo,DEST_002,Nuevos Ministerios,CAR,Coche,2026-07-29,2026-07-29T09:00:00+02:00,success,[],,2026-07-29T18:00:00+02:00,success,[],,2026-07-29T08:51:21+02:00,2026-07-29T09:00:00+02:00,CAR,,,,8.65,5145.44,0.0,0.0,0.0,0.0,2026-07-29T18:00:00+02:00,2026-07-29T18:09:00+02:00,CAR,,,,9.0,5153.14,0.0,0.0,0.0,0.0,complete_route,True,0,17.65,10298.58,0.0,0.0,0.0,0.0
MAD-085,La Paz,Fuencarral - El Pardo,DEST_002,Nuevos Ministerios,TRANSIT,Transporte público,2026-07-29,2026-07-29T09:00:00+02:00,success,[],,2026-07-29T18:00:00+02:00,success,[],,2026-07-29T08:19:08+02:00,2026-07-29T08:57:47+02:00,WALK|BUS,BUS,159|147,Consorcio Regional de Transportes de Madrid|Información oficial: Consorcio Regional de Transportes de Madrid,38.65,5489.83,12.1,9.0,883.83,1.0,2026-07-29T18:00:00+02:00,2026-07-29T18:46:08+02:00,WALK|BUS,BUS,147,Información oficial: Consorcio Regional de Transportes de Madrid,46.13333333333333,4826.81,21.266666666666666,7.0,1482.81,0.0,complete_route,True,0,84.78333333333333,10316.64,33.36666666666667,16.0,2366.64,1.0
MAD-085,La Paz,Fuencarral - El Pardo,DEST_002,Nuevos Ministerios,WALK,A pie,2026-07-29,2026-07-29T09:00:00+02:00,success,[],,2026-07-29T18:00:00+02:00,success,[],,2026-07-29T07:52:22+02:00,2026-07-29T09:00:00+02:00,WALK,,,,67.63333333333334,4845.06,67.63333333333334,0.0,4845.06,0.0,2026-07-29T18:00:00+02:00,2026-07-29T19:07:38+02:00,WALK,,,,67.63333333333334,4845.06,67.63333333333334,0.0,4845.06,0.0,complete_route,True,0,135.26666666666668,9690.12,135.26666666666668,0.0,9690.12,0.0
MAD-086,Valverde,Fuencarral - El Pardo,DEST_002,Nuevos Ministerios,BICYCLE,Bicicleta,2026-07-29,2026-07-29T09:00:00+02:00,success,[],,2026-07-29T18:00:00+02:00,success,[],,2026-07-29T08:24:43+02:00,2026-07-29T09:00:00+02:00,BICYCLE,,,,35.28333333333333,7503.74,0.0,0.0,0.0,0.0,2026-07-29T18:00:00+02:00,2026-07-29T18:39:23+02:00,BICYCLE,,,,39.38333333333333,8095.68,0.0,0.0,0.0,0.0,complete_route,True,0,74.66666666666666,15599.42,0.0,0.0,0.0,0.0
MAD-086,Valverde,Fuencarral - El Pardo,DEST_002,Nuevos Ministerios,CAR,Coche,2026-07-29,2026-07-29T09:00:00+02:00,success,[],,2026-07-29T18:00:00+02:00,success,[],,2026-07-29T08:48:01+02:00,2026-07-29T09:00:00+02:00,CAR,,,,11.983333333333333,7390.85,0.0,0.0,0.0,0.0,2026-07-29T18:00:00+02:00,2026-07-29T18:13:30+02:00,CAR,,,,13.5,7584.83,0.0,0.0,0.0,0.0,complete_route,True,0,25.483333333333334,14975.68,0.0,0.0,0.0,0.0
MAD-086,Valverde,Fuencarral - El Pardo,DEST_002,Nuevos Ministerios,TRANSIT,Transporte público,2026-07-29,2026-07-29T09:00:00+02:00,success,[],,2026-07-29T18:00:00+02:00,success,[],,2026-07-29T08:04:44+02:00,2026-07-29T08:55:48+02:00,WALK|BUS,BUS,161|147,Consorcio Regional de Transportes de Madrid|Información oficial: Consorcio Regional de Transportes de Madrid,51.06666666666667,7800.72,22.566666666666663,9.0,1720.72,1.0,2026-07-29T18:04:00+02:00,2026-07-29T18:53:22+02:00,WALK|BUS,BUS,S10|182,Información oficial: Consorcio Regional de Transportes de Madrid|Consorcio Regional de Transportes de Madrid,49.36666666666667,9324.56,27.566666666666663,5.4,1949.56,1.0,complete_route,True,0,100.43333333333334,17125.28,50.133333333333326,14.4,3670.2799999999997,2.0
MAD-086,Valverde,Fuencarral - El Pardo,DEST_002,Nuevos Ministerios,WALK,A pie,2026-07-29,2026-07-29T09:00:00+02:00,success,[],,2026-07-29T18:00:00+02:00,success,[],,2026-07-29T07:25:50+02:00,2026-07-29T09:00:00+02:00,WALK,,,,94.16666666666669,7145.41,94.16666666666669,0.0,7145.41,0.0,2026-07-29T18:00:00+02:00,2026-07-29T19:34:10+02:00,WALK,,,,94.16666666666669,7145.41,94.16666666666669,0.0,7145.41,0.0,complete_route,True,0,188.33333333333337,14290.82,188.33333333333337,0.0,14290.82,0.0
MAD-087,Mirasierra,Fuencarral - El Pardo,DEST_002,Nuevos Ministerios,BICYCLE,Bicicleta,2026-07-29,2026-07-29T09:00:00+02:00,success,[],,2026-07-29T18:00:00+02:00,success,[],,2026-07-29T08:17:41+02:00,2026-07-29T09:00:00+02:00,BICYCLE,,,,42.31666666666667,9490.78,0.0,0.0,0.0,0.0,2026-07-29T18:00:00+02:00,2026-07-29T18:40:07+02:00,BICYCLE,,,,40.11666666666667,8822.79,0.0,0.0,0.0,0.0,complete_route,True,0,82.43333333333334,18313.57,0.0,0.0,0.0,0.0
MAD-087,Mirasierra,Fuencarral - El Pardo,DEST_002,Nuevos Ministerios,CAR,Coche,2026-07-29,2026-07-29T09:00:00+02:00,success,[],,2026-07-29T18:00:00+02:00,success,[],,2026-07-29T08:47:12+02:00,2026-07-29T09:00:00+02:00,CAR,,,,12.8,9499.76,0.0,0.0,0.0,0.0,2026-07-29T18:00:00+02:00,2026-07-29T18:12:26+02:00,CAR,,,,12.433333333333334,8998.08,0.0,0.0,0.0,0.0,complete_route,True,0,25.233333333333334,18497.84,0.0,0.0,0.0,0.0
MAD-087,Mirasierra,Fuencarral - El Pardo,DEST_002,Nuevos Ministerios,TRANSIT,Transporte público,2026-07-29,2026-07-29T09:00:00+02:00,success,[],,2026-07-29T18:00:00+02:00,success,[],,2026-07-29T07:59:59+02:00,2026-07-29T08:55:09+02:00,WALK|BUS,BUS,712|147,Consorcio Regional de Transportes de Madrid|Información oficial: Consorcio Regional de Transportes de Madrid,55.16666666666666,9228.75,26.65,9.0,2041.75,1.0,2026-07-29T18:04:00+02:00,2026-07-29T19:09:38+02:00,WALK|BUS,BUS,S10|717,Información oficial: Consorcio Regional de Transportes de Madrid|Consorcio Regional de Transportes de Madrid,65.63333333333334,9630.28,42.91666666666666,5.033333333333333,3115.28,1.0,complete_route,True,0,120.8,18859.03,69.56666666666666,14.033333333333333,5157.030000000001,2.0
MAD-087,Mirasierra,Fuencarral - El Pardo,DEST_002,Nuevos Ministerios,WALK,A pie,2026-07-29,2026-07-29T09:00:00+02:00,success,[],,2026-07-29T18:00:00+02:00,success,[],,2026-07-29T07:18:51+02:00,2026-07-29T09:00:00+02:00,WALK,,,,101.15,7516.36,101.15,0.0,7516.36,0.0,2026-07-29T18:00:00+02:00,2026-07-29T19:41:09+02:00,WALK,,,,101.15,7516.36,101.15,0.0,7516.36,0.0,complete_route,True,0,202.3,15032.72,202.3,0.0,15032.72,0.0
MAD-088,El Goloso,Fuencarral - El Pardo,DEST_002,Nuevos Ministerios,BICYCLE,Bicicleta,2026-07-29,2026-07-29T09:00:00+02:00,success,[],,2026-07-29T18:00:00+02:00,success,[],,2026-07-29T08:09:02+02:00,2026-07-29T09:00:00+02:00,BICYCLE,,,,50.96666666666667,12067.97,0.0,0.0,0.0,0.0,2026-07-29T18:00:00+02:00,2026-07-29T18:54:30+02:00,BICYCLE,,,,54.5,12651.64,0.0,0.0,0.0,0.0,complete_route,True,0,105.46666666666667,24719.61,0.0,0.0,0.0,0.0
MAD-088,El Goloso,Fuencarral - El Pardo,DEST_002,Nuevos Ministerios,CAR,Coche,2026-07-29,2026-07-29T09:00:00+02:00,success,[],,2026-07-29T18:00:00+02:00,success,[],,2026-07-29T08:45:47+02:00,2026-07-29T09:00:00+02:00,CAR,,,,14.216666666666669,13001.13,0.0,0.0,0.0,0.0,2026-07-29T18:00:00+02:00,2026-07-29T18:13:46+02:00,CAR,,,,13.766666666666667,12531.71,0.0,0.0,0.0,0.0,complete_route,True,0,27.983333333333334,25532.839999999997,0.0,0.0,0.0,0.0
MAD-088,El Goloso,Fuencarral - El Pardo,DEST_002,Nuevos Ministerios,TRANSIT,Transporte público,2026-07-29,2026-07-29T09:00:00+02:00,success,[],,2026-07-29T18:00:00+02:00,success,[],,2026-07-29T08:11:38+02:00,2026-07-29T09:00:00+02:00,WALK|BUS,BUS,714|27,Consorcio Regional de Transportes de Madrid|Información oficial: Consorcio Regional de Transportes de Madrid,48.36666666666667,12519.94,11.116666666666667,7.0,804.94,1.0,2026-07-29T18:04:00+02:00,2026-07-29T18:48:57+02:00,WALK|BUS,BUS,S10|876,Información oficial: Consorcio Regional de Transportes de Madrid|Consorcio Regional de Transportes de Madrid,44.95,13010.39,16.683333333333334,5.516666666666667,1199.39,1.0,complete_route,True,0,93.31666666666666,25530.33,27.8,12.516666666666666,2004.3300000000002,2.0
MAD-088,El Goloso,Fuencarral - El Pardo,DEST_002,Nuevos Ministerios,WALK,A pie,2026-07-29,2026-07-29T09:00:00+02:00,success,[],,2026-07-29T18:00:00+02:00,success,[],,2026-07-29T06:13:18+02:00,2026-07-29T09:00:00+02:00,WALK,,,,166.7,12603.37,166.7,0.0,12603.37,0.0,2026-07-29T18:00:00+02:00,2026-07-29T20:46:42+02:00,WALK,,,,166.7,12603.37,166.7,0.0,12603.37,0.0,complete_route,True,0,333.4,25206.74,333.4,0.0,25206.74,0.0
MAD-091,Casa de Campo,Moncloa - Aravaca,DEST_002,Nuevos Ministerios,BICYCLE,Bicicleta,2026-07-29,2026-07-29T09:00:00+02:00,success,[],,2026-07-29T18:00:00+02:00,success,[],,2026-07-29T08:22:50+02:00,2026-07-29T09:00:00+02:00,BICYCLE,,,,37.16666666666666,8699.45,0.0,0.0,0.0,0.0,2026-07-29T18:00:00+02:00,2026-07-29T18:38:27+02:00,BICYCLE,,,,38.45,9021.44,0.0,0.0,0.0,0.0,complete_route,True,0,75.61666666666666,17720.89,0.0,0.0,0.0,0.0
MAD-091,Casa de Campo,Moncloa - Aravaca,DEST_002,Nuevos Ministerios,CAR,Coche,2026-07-29,2026-07-29T09:00:00+02:00,no_route,"[{""code"":""NO_DIRECT_MODE_CONNECTION"",""description"":""No route found for the requested direct mode. The origin and destination may be too far apart or not connected by the requested mode of transport."",""inputField"":null}]",,2026-07-29T18:00:00+02:00,no_route,"[{""code"":""NO_DIRECT_MODE_CONNECTION"",""description"":""No route found for the requested direct mode. The origin and destination may be too far apart or not connected by the requested mode of transport."",""inputField"":null}]",,,,,,,,,,,,,,,,,,,,,,,,,,no_route,False,2,,,,,,
MAD-091,Casa de Campo,Moncloa - Aravaca,DEST_002,Nuevos Ministerios,TRANSIT,Transporte público,2026-07-29,2026-07-29T09:00:00+02:00,success,[],,2026-07-29T18:00:00+02:00,success,[],,2026-07-29T07:30:00+02:00,2026-07-29T08:56:43+02:00,WALK|BUS,BUS,C1,Información oficial: Consorcio Regional de Transportes de Madrid,86.71666666666667,9270.57,39.43333333333333,13.0,2968.57,1.0,2026-07-29T18:00:00+02:00,2026-07-29T19:27:27+02:00,WALK|BUS,BUS,147|39,Información oficial: Consorcio Regional de Transportes de Madrid,87.45,8997.01,37.38333333333333,19.0,2808.01,1.0,complete_route,True,0,174.16666666666669,18267.58,76.81666666666666,32.0,5776.58,2.0
MAD-091,Casa de Campo,Moncloa - Aravaca,DEST_002,Nuevos Ministerios,WALK,A pie,2026-07-29,2026-07-29T09:00:00+02:00,success,[],,2026-07-29T18:00:00+02:00,success,[],,2026-07-29T07:23:36+02:00,2026-07-29T09:00:00+02:00,WALK,,,,96.4,7127.62,96.4,0.0,7127.62,0.0,2026-07-29T18:00:00+02:00,2026-07-29T19:36:24+02:00,WALK,,,,96.4,7127.62,96.4,0.0,7127.62,0.0,complete_route,True,0,192.8,14255.24,192.8,0.0,14255.24,0.0
MAD-092,Argüelles,Moncloa - Aravaca,DEST_002,Nuevos Ministerios,BICYCLE,Bicicleta,2026-07-29,2026-07-29T09:00:00+02:00,success,[],,2026-07-29T18:00:00+02:00,success,[],,2026-07-29T08:35:38+02:00,2026-07-29T09:00:00+02:00,BICYCLE,,,,24.366666666666667,4965.68,0.0,0.0,0.0,0.0,2026-07-29T18:00:00+02:00,2026-07-29T18:22:05+02:00,BICYCLE,,,,22.08333333333333,4680.44,0.0,0.0,0.0,0.0,complete_route,True,0,46.449999999999996,9646.119999999999,0.0,0.0,0.0,0.0
MAD-092,Argüelles,Moncloa - Aravaca,DEST_002,Nuevos Ministerios,CAR,Coche,2026-07-29,2026-07-29T09:00:00+02:00,success,[],,2026-07-29T18:00:00+02:00,success,[],,2026-07-29T08:50:43+02:00,2026-07-29T09:00:00+02:00,CAR,,,,9.283333333333331,4664.62,0.0,0.0,0.0,0.0,2026-07-29T18:00:00+02:00,2026-07-29T18:08:20+02:00,CAR,,,,8.333333333333334,4437.93,0.0,0.0,0.0,0.0,complete_route,True,0,17.616666666666667,9102.55,0.0,0.0,0.0,0.0
MAD-092,Argüelles,Moncloa - Aravaca,DEST_002,Nuevos Ministerios,TRANSIT,Transporte público,2026-07-29,2026-07-29T09:00:00+02:00,success,[],,2026-07-29T18:00:00+02:00,success,[],,2026-07-29T08:04:00+02:00,2026-07-29T08:50:04+02:00,WALK|BUS,BUS,C1,Información oficial: Consorcio Regional de Transportes de Madrid,46.06666666666667,4996.56,8.816666666666666,13.0,597.5600000000001,1.0,2026-07-29T18:00:00+02:00,2026-07-29T18:42:20+02:00,WALK|BUS,BUS,147,Información oficial: Consorcio Regional de Transportes de Madrid,42.333333333333336,4270.93,18.3,7.0,1260.93,0.0,complete_route,True,0,88.4,9267.490000000002,27.116666666666667,20.0,1858.4900000000002,1.0
MAD-092,Argüelles,Moncloa - Aravaca,DEST_002,Nuevos Ministerios,WALK,A pie,2026-07-29,2026-07-29T09:00:00+02:00,success,[],,2026-07-29T18:00:00+02:00,success,[],,2026-07-29T08:04:43+02:00,2026-07-29T09:00:00+02:00,WALK,,,,55.28333333333333,3985.92,55.28333333333333,0.0,3985.92,0.0,2026-07-29T18:00:00+02:00,2026-07-29T18:55:17+02:00,WALK,,,,55.28333333333333,3985.92,55.28333333333333,0.0,3985.92,0.0,complete_route,True,0,110.56666666666666,7971.84,110.56666666666666,0.0,7971.84,0.0
MAD-093,Ciudad Universitaria,Moncloa - Aravaca,DEST_002,Nuevos Ministerios,BICYCLE,Bicicleta,2026-07-29,2026-07-29T09:00:00+02:00,success,[],,2026-07-29T18:00:00+02:00,success,[],,2026-07-29T08:29:06+02:00,2026-07-29T09:00:00+02:00,BICYCLE,,,,30.9,5967.38,0.0,0.0,0.0,0.0,2026-07-29T18:00:00+02:00,2026-07-29T18:28:18+02:00,BICYCLE,,,,28.3,5208.82,0.0,0.0,0.0,0.0,complete_route,True,0,59.2,11176.2,0.0,0.0,0.0,0.0
MAD-093,Ciudad Universitaria,Moncloa - Aravaca,DEST_002,Nuevos Ministerios,CAR,Coche,2026-07-29,2026-07-29T09:00:00+02:00,no_route,"[{""code"":""NO_DIRECT_MODE_CONNECTION"",""description"":""No route found for the requested direct mode. The origin and destination may be too far apart or not connected by the requested mode of transport."",""inputField"":null}]",,2026-07-29T18:00:00+02:00,no_route,"[{""code"":""NO_DIRECT_MODE_CONNECTION"",""description"":""No route found for the requested direct mode. The origin and destination may be too far apart or not connected by the requested mode of transport."",""inputField"":null}]",,,,,,,,,,,,,,,,,,,,,,,,,,no_route,False,2,,,,,,
MAD-093,Ciudad Universitaria,Moncloa - Aravaca,DEST_002,Nuevos Ministerios,TRANSIT,Transporte público,2026-07-29,2026-07-29T09:00:00+02:00,success,[],,2026-07-29T18:00:00+02:00,success,[],,2026-07-29T07:53:00+02:00,2026-07-29T08:56:43+02:00,WALK|BUS,BUS,126,Información oficial: Consorcio Regional de Transportes de Madrid,63.71666666666667,6564.81,26.433333333333334,10.0,2003.81,0.0,2026-07-29T18:00:00+02:00,2026-07-29T18:59:18+02:00,WALK|BUS,BUS,F,Información oficial: Consorcio Regional de Transportes de Madrid,59.3,5360.23,33.93333333333333,13.0,2489.23,0.0,complete_route,True,0,123.01666666666667,11925.04,60.36666666666666,23.0,4493.04,0.0
MAD-093,Ciudad Universitaria,Moncloa - Aravaca,DEST_002,Nuevos Ministerios,WALK,A pie,2026-07-29,2026-07-29T09:00:00+02:00,success,[],,2026-07-29T18:00:00+02:00,success,[],,2026-07-29T07:53:27+02:00,2026-07-29T09:00:00+02:00,WALK,,,,66.55,4974.49,66.55,0.0,4974.49,0.0,2026-07-29T18:00:00+02:00,2026-07-29T19:06:33+02:00,WALK,,,,66.55,4974.49,66.55,0.0,4974.49,0.0,complete_route,True,0,133.1,9948.98,133.1,0.0,9948.98,0.0
MAD-094,Valdezarza,Moncloa - Aravaca,DEST_002,Nuevos Ministerios,BICYCLE,Bicicleta,2026-07-29,2026-07-29T09:00:00+02:00,success,[],,2026-07-29T18:00:00+02:00,success,[],,2026-07-29T08:37:50+02:00,2026-07-29T09:00:00+02:00,BICYCLE,,,,22.166666666666668,4557.54,0.0,0.0,0.0,0.0,2026-07-29T18:00:00+02:00,2026-07-29T18:21:32+02:00,BICYCLE,,,,21.53333333333333,4392.83,0.0,0.0,0.0,0.0,complete_route,True,0,43.7,8950.369999999999,0.0,0.0,0.0,0.0
MAD-094,Valdezarza,Moncloa - Aravaca,DEST_002,Nuevos Ministerios,CAR,Coche,2026-07-29,2026-07-29T09:00:00+02:00,success,[],,2026-07-29T18:00:00+02:00,success,[],,2026-07-29T08:52:11+02:00,2026-07-29T09:00:00+02:00,CAR,,,,7.816666666666666,4293.78,0.0,0.0,0.0,0.0,2026-07-29T18:00:00+02:00,2026-07-29T18:08:51+02:00,CAR,,,,8.85,4455.86,0.0,0.0,0.0,0.0,complete_route,True,0,16.666666666666664,8749.64,0.0,0.0,0.0,0.0
MAD-094,Valdezarza,Moncloa - Aravaca,DEST_002,Nuevos Ministerios,TRANSIT,Transporte público,2026-07-29,2026-07-29T09:00:00+02:00,success,[],,2026-07-29T18:00:00+02:00,success,[],,2026-07-29T08:10:00+02:00,2026-07-29T08:53:15+02:00,WALK|BUS,BUS,126,Información oficial: Consorcio Regional de Transportes de Madrid,43.25,4844.27,7.45,10.0,529.27,0.0,2026-07-29T18:00:00+02:00,2026-07-29T18:43:17+02:00,WALK|BUS,BUS,126,Información oficial: Consorcio Regional de Transportes de Madrid,43.28333333333333,4580.88,7.15,12.0,495.88,0.0,complete_route,True,0,86.53333333333333,9425.150000000001,14.600000000000001,22.0,1025.15,0.0
MAD-094,Valdezarza,Moncloa - Aravaca,DEST_002,Nuevos Ministerios,WALK,A pie,2026-07-29,2026-07-29T09:00:00+02:00,success,[],,2026-07-29T18:00:00+02:00,success,[],,2026-07-29T08:10:33+02:00,2026-07-29T09:00:00+02:00,WALK,,,,49.45,3758.97,49.45,0.0,3758.97,0.0,2026-07-29T18:00:00+02:00,2026-07-29T18:49:27+02:00,WALK,,,,49.45,3758.97,49.45,0.0,3758.97,0.0,complete_route,True,0,98.9,7517.94,98.9,0.0,7517.94,0.0
MAD-095,Valdemarín,Moncloa - Aravaca,DEST_002,Nuevos Ministerios,BICYCLE,Bicicleta,2026-07-29,2026-07-29T09:00:00+02:00,success,[],,2026-07-29T18:00:00+02:00,success,[],,2026-07-29T08:04:13+02:00,2026-07-29T09:00:00+02:00,BICYCLE,,,,55.78333333333333,13747.77,0.0,0.0,0.0,0.0,2026-07-29T18:00:00+02:00,2026-07-29T18:48:26+02:00,BICYCLE,,,,48.43333333333333,11757.08,0.0,0.0,0.0,0.0,complete_route,True,0,104.21666666666667,25504.85,0.0,0.0,0.0,0.0
MAD-095,Valdemarín,Moncloa - Aravaca,DEST_002,Nuevos Ministerios,CAR,Coche,2026-07-29,2026-07-29T09:00:00+02:00,success,[],,2026-07-29T18:00:00+02:00,success,[],,2026-07-29T08:46:30+02:00,2026-07-29T09:00:00+02:00,CAR,,,,13.5,10779.55,0.0,0.0,0.0,0.0,2026-07-29T18:00:00+02:00,2026-07-29T18:11:35+02:00,CAR,,,,11.583333333333334,10700.81,0.0,0.0,0.0,0.0,complete_route,True,0,25.083333333333336,21480.36,0.0,0.0,0.0,0.0
MAD-095,Valdemarín,Moncloa - Aravaca,DEST_002,Nuevos Ministerios,TRANSIT,Transporte público,2026-07-29,2026-07-29T09:00:00+02:00,success,[],,2026-07-29T18:00:00+02:00,success,[],,2026-07-29T07:42:39+02:00,2026-07-29T08:49:11+02:00,WALK|BUS,BUS,625|C1,Consorcio Regional de Transportes de Madrid|Información oficial: Consorcio Regional de Transportes de Madrid,66.53333333333333,12037.83,23.966666666666665,15.0,1766.83,2.0,2026-07-29T18:00:00+02:00,2026-07-29T19:21:40+02:00,WALK|BUS,BUS,C2|661|162,Información oficial: Consorcio Regional de Transportes de Madrid|Consorcio Regional de Transportes de Madrid,81.66666666666667,12043.62,24.35,22.266666666666666,1729.62,2.0,complete_route,True,0,148.2,24081.45,48.31666666666666,37.266666666666666,3496.45,4.0
MAD-095,Valdemarín,Moncloa - Aravaca,DEST_002,Nuevos Ministerios,WALK,A pie,2026-07-29,2026-07-29T09:00:00+02:00,success,[],,2026-07-29T18:00:00+02:00,success,[],,2026-07-29T06:43:47+02:00,2026-07-29T09:00:00+02:00,WALK,,,,136.21666666666667,10478.49,136.21666666666667,0.0,10478.49,0.0,2026-07-29T18:00:00+02:00,2026-07-29T20:16:13+02:00,WALK,,,,136.21666666666667,10478.49,136.21666666666667,0.0,10478.49,0.0,complete_route,True,0,272.43333333333334,20956.98,272.43333333333334,0.0,20956.98,0.0
MAD-096,El Plantío,Moncloa - Aravaca,DEST_002,Nuevos Ministerios,BICYCLE,Bicicleta,2026-07-29,2026-07-29T09:00:00+02:00,success,[],,2026-07-29T18:00:00+02:00,success,[],,2026-07-29T07:49:24+02:00,2026-07-29T09:00:00+02:00,BICYCLE,,,,70.6,17758.04,0.0,0.0,0.0,0.0,2026-07-29T18:00:00+02:00,2026-07-29T19:00:32+02:00,BICYCLE,,,,60.53333333333333,15307.78,0.0,0.0,0.0,0.0,complete_route,True,0,131.13333333333333,33065.82,0.0,0.0,0.0,0.0
MAD-096,El Plantío,Moncloa - Aravaca,DEST_002,Nuevos Ministerios,CAR,Coche,2026-07-29,2026-07-29T09:00:00+02:00,success,[],,2026-07-29T18:00:00+02:00,success,[],,2026-07-29T08:43:40+02:00,2026-07-29T09:00:00+02:00,CAR,,,,16.333333333333332,13275.96,0.0,0.0,0.0,0.0,2026-07-29T18:00:00+02:00,2026-07-29T18:13:01+02:00,CAR,,,,13.016666666666667,13461.1,0.0,0.0,0.0,0.0,complete_route,True,0,29.35,26737.059999999998,0.0,0.0,0.0,0.0
MAD-096,El Plantío,Moncloa - Aravaca,DEST_002,Nuevos Ministerios,TRANSIT,Transporte público,2026-07-29,2026-07-29T09:00:00+02:00,success,[],,2026-07-29T18:00:00+02:00,success,[],,2026-07-29T07:34:00+02:00,2026-07-29T08:56:42+02:00,WALK|BUS,BUS,162|C1,Información oficial: Consorcio Regional de Transportes de Madrid,82.7,15216.96,20.1,17.0,1379.96,1.0,2026-07-29T18:00:00+02:00,2026-07-29T19:12:29+02:00,WALK|BUS,BUS,C2|661|651,Información oficial: Consorcio Regional de Transportes de Madrid|Consorcio Regional de Transportes de Madrid,72.48333333333333,18020.84,25.183333333333334,11.016666666666667,1788.84,2.0,complete_route,True,0,155.18333333333334,33237.8,45.28333333333333,28.016666666666666,3168.8,3.0
MAD-096,El Plantío,Moncloa - Aravaca,DEST_002,Nuevos Ministerios,WALK,A pie,2026-07-29,2026-07-29T09:00:00+02:00,success,[],,2026-07-29T18:00:00+02:00,success,[],,2026-07-29T05:56:29+02:00,2026-07-29T09:00:00+02:00,WALK,,,,183.51666666666668,14188.49,183.51666666666668,0.0,14188.49,0.0,2026-07-29T18:00:00+02:00,2026-07-29T21:03:31+02:00,WALK,,,,183.51666666666668,14188.49,183.51666666666668,0.0,14188.49,0.0,complete_route,True,0,367.03333333333336,28376.98,367.03333333333336,0.0,28376.98,0.0
MAD-097,Aravaca,Moncloa - Aravaca,DEST_002,Nuevos Ministerios,BICYCLE,Bicicleta,2026-07-29,2026-07-29T09:00:00+02:00,success,[],,2026-07-29T18:00:00+02:00,success,[],,2026-07-29T08:09:58+02:00,2026-07-29T09:00:00+02:00,BICYCLE,,,,50.03333333333333,11486.52,0.0,0.0,0.0,0.0,2026-07-29T18:00:00+02:00,2026-07-29T18:49:55+02:00,BICYCLE,,,,49.91666666666666,11705.79,0.0,0.0,0.0,0.0,complete_route,True,0,99.94999999999999,23192.31,0.0,0.0,0.0,0.0
MAD-097,Aravaca,Moncloa - Aravaca,DEST_002,Nuevos Ministerios,CAR,Coche,2026-07-29,2026-07-29T09:00:00+02:00,success,[],,2026-07-29T18:00:00+02:00,success,[],,2026-07-29T08:45:53+02:00,2026-07-29T09:00:00+02:00,CAR,,,,14.116666666666667,9913.57,0.0,0.0,0.0,0.0,2026-07-29T18:00:00+02:00,2026-07-29T18:12:14+02:00,CAR,,,,12.233333333333333,10615.38,0.0,0.0,0.0,0.0,complete_route,True,0,26.35,20528.949999999997,0.0,0.0,0.0,0.0
MAD-097,Aravaca,Moncloa - Aravaca,DEST_002,Nuevos Ministerios,TRANSIT,Transporte público,2026-07-29,2026-07-29T09:00:00+02:00,success,[],,2026-07-29T18:00:00+02:00,success,[],,2026-07-29T07:47:07+02:00,2026-07-29T08:57:38+02:00,WALK|BUS,BUS,657|C1,Consorcio Regional de Transportes de Madrid|Información oficial: Consorcio Regional de Transportes de Madrid,70.51666666666667,11831.31,13.116666666666667,15.0,945.31,2.0,2026-07-29T18:04:00+02:00,2026-07-29T19:18:09+02:00,WALK|BUS,BUS,C2|658,Información oficial: Consorcio Regional de Transportes de Madrid|Consorcio Regional de Transportes de Madrid,74.15,12490.53,11.333333333333334,16.05,843.53,2.0,complete_route,True,0,144.66666666666669,24321.84,24.450000000000003,31.05,1788.84,4.0
MAD-097,Aravaca,Moncloa - Aravaca,DEST_002,Nuevos Ministerios,WALK,A pie,2026-07-29,2026-07-29T09:00:00+02:00,success,[],,2026-07-29T18:00:00+02:00,success,[],,2026-07-29T06:42:09+02:00,2026-07-29T09:00:00+02:00,WALK,,,,137.85,10292.9,137.85,0.0,10292.9,0.0,2026-07-29T18:00:00+02:00,2026-07-29T20:18:22+02:00,WALK,,,,138.36666666666667,10349.97,138.36666666666667,0.0,10349.97,0.0,complete_route,True,0,276.2166666666667,20642.87,276.2166666666667,0.0,20642.87,0.0
MAD-101,Los Cármenes,Latina,DEST_002,Nuevos Ministerios,BICYCLE,Bicicleta,2026-07-29,2026-07-29T09:00:00+02:00,success,[],,2026-07-29T18:00:00+02:00,success,[],,2026-07-29T08:15:50+02:00,2026-07-29T09:00:00+02:00,BICYCLE,,,,44.16666666666666,8903.56,0.0,0.0,0.0,0.0,2026-07-29T18:00:00+02:00,2026-07-29T18:47:34+02:00,BICYCLE,,,,47.56666666666667,10115.33,0.0,0.0,0.0,0.0,complete_route,True,0,91.73333333333332,19018.89,0.0,0.0,0.0,0.0
MAD-101,Los Cármenes,Latina,DEST_002,Nuevos Ministerios,CAR,Coche,2026-07-29,2026-07-29T09:00:00+02:00,success,[],,2026-07-29T18:00:00+02:00,success,[],,2026-07-29T08:43:30+02:00,2026-07-29T09:00:00+02:00,CAR,,,,16.5,8680.09,0.0,0.0,0.0,0.0,2026-07-29T18:00:00+02:00,2026-07-29T18:16:03+02:00,CAR,,,,16.05,8752.6,0.0,0.0,0.0,0.0,complete_route,True,0,32.55,17432.690000000002,0.0,0.0,0.0,0.0
MAD-101,Los Cármenes,Latina,DEST_002,Nuevos Ministerios,TRANSIT,Transporte público,2026-07-29,2026-07-29T09:00:00+02:00,success,[],,2026-07-29T18:00:00+02:00,success,[],,2026-07-29T07:39:00+02:00,2026-07-29T08:59:40+02:00,WALK|BUS,BUS,25|147,Información oficial: Consorcio Regional de Transportes de Madrid,80.66666666666667,9832.57,16.283333333333335,18.0,1071.5700000000002,1.0,2026-07-29T18:00:00+02:00,2026-07-29T19:16:48+02:00,WALK|BUS,BUS,147|39,Información oficial: Consorcio Regional de Transportes de Madrid,76.8,9626.5,17.916666666666668,19.0,1326.5,1.0,complete_route,True,0,157.46666666666667,19459.07,34.2,37.0,2398.07,2.0
MAD-101,Los Cármenes,Latina,DEST_002,Nuevos Ministerios,WALK,A pie,2026-07-29,2026-07-29T09:00:00+02:00,success,[],,2026-07-29T18:00:00+02:00,success,[],,2026-07-29T07:10:56+02:00,2026-07-29T09:00:00+02:00,WALK,,,,109.06666666666666,8048.42,109.06666666666666,0.0,8048.42,0.0,2026-07-29T18:00:00+02:00,2026-07-29T19:49:45+02:00,WALK,,,,109.75,8083.49,109.75,0.0,8083.49,0.0,complete_route,True,0,218.81666666666666,16131.91,218.81666666666666,0.0,16131.91,0.0
MAD-102,Puerta del Ángel,Latina,DEST_002,Nuevos Ministerios,BICYCLE,Bicicleta,2026-07-29,2026-07-29T09:00:00+02:00,success,[],,2026-07-29T18:00:00+02:00,success,[],,2026-07-29T08:22:34+02:00,2026-07-29T09:00:00+02:00,BICYCLE,,,,37.43333333333333,7462.5,0.0,0.0,0.0,0.0,2026-07-29T18:00:00+02:00,2026-07-29T18:40:44+02:00,BICYCLE,,,,40.73333333333333,8554.11,0.0,0.0,0.0,0.0,complete_route,True,0,78.16666666666666,16016.61,0.0,0.0,0.0,0.0
MAD-102,Puerta del Ángel,Latina,DEST_002,Nuevos Ministerios,CAR,Coche,2026-07-29,2026-07-29T09:00:00+02:00,success,[],,2026-07-29T18:00:00+02:00,success,[],,2026-07-29T08:45:39+02:00,2026-07-29T09:00:00+02:00,CAR,,,,14.35,7343.5,0.0,0.0,0.0,0.0,2026-07-29T18:00:00+02:00,2026-07-29T18:13:37+02:00,CAR,,,,13.616666666666667,7461.55,0.0,0.0,0.0,0.0,complete_route,True,0,27.96666666666667,14805.05,0.0,0.0,0.0,0.0
MAD-102,Puerta del Ángel,Latina,DEST_002,Nuevos Ministerios,TRANSIT,Transporte público,2026-07-29,2026-07-29T09:00:00+02:00,success,[],,2026-07-29T18:00:00+02:00,success,[],,2026-07-29T07:53:00+02:00,2026-07-29T09:00:00+02:00,WALK|BUS,BUS,39|147,Información oficial: Consorcio Regional de Transportes de Madrid,67.0,7725.84,14.233333333333333,18.0,940.84,1.0,2026-07-29T18:00:00+02:00,2026-07-29T19:03:30+02:00,WALK|BUS,BUS,147|39,Información oficial: Consorcio Regional de Transportes de Madrid,63.5,7360.65,12.15,19.0,865.6500000000001,1.0,complete_route,True,0,130.5,15086.49,26.383333333333333,37.0,1806.4900000000002,2.0
MAD-102,Puerta del Ángel,Latina,DEST_002,Nuevos Ministerios,WALK,A pie,2026-07-29,2026-07-29T09:00:00+02:00,success,[],,2026-07-29T18:00:00+02:00,success,[],,2026-07-29T07:28:38+02:00,2026-07-29T09:00:00+02:00,WALK,,,,91.36666666666666,6730.94,91.36666666666666,0.0,6730.94,0.0,2026-07-29T18:00:00+02:00,2026-07-29T19:31:22+02:00,WALK,,,,91.36666666666666,6730.94,91.36666666666666,0.0,6730.94,0.0,complete_route,True,0,182.73333333333332,13461.88,182.73333333333332,0.0,13461.88,0.0
MAD-103,Lucero,Latina,DEST_002,Nuevos Ministerios,BICYCLE,Bicicleta,2026-07-29,2026-07-29T09:00:00+02:00,success,[],,2026-07-29T18:00:00+02:00,success,[],,2026-07-29T08:08:08+02:00,2026-07-29T09:00:00+02:00,BICYCLE,,,,51.86666666666667,10748.82,0.0,0.0,0.0,0.0,2026-07-29T18:00:00+02:00,2026-07-29T18:47:56+02:00,BICYCLE,,,,47.93333333333333,10155.31,0.0,0.0,0.0,0.0,complete_route,True,0,99.8,20904.129999999997,0.0,0.0,0.0,0.0
MAD-103,Lucero,Latina,DEST_002,Nuevos Ministerios,CAR,Coche,2026-07-29,2026-07-29T09:00:00+02:00,success,[],,2026-07-29T18:00:00+02:00,success,[],,2026-07-29T08:43:05+02:00,2026-07-29T09:00:00+02:00,CAR,,,,16.916666666666668,9911.22,0.0,0.0,0.0,0.0,2026-07-29T18:00:00+02:00,2026-07-29T18:15:27+02:00,CAR,,,,15.45,9532.58,0.0,0.0,0.0,0.0,complete_route,True,0,32.36666666666667,19443.8,0.0,0.0,0.0,0.0
MAD-103,Lucero,Latina,DEST_002,Nuevos Ministerios,TRANSIT,Transporte público,2026-07-29,2026-07-29T09:00:00+02:00,success,[],,2026-07-29T18:00:00+02:00,success,[],,2026-07-29T07:39:00+02:00,2026-07-29T08:59:46+02:00,WALK|BUS,BUS,39|147,Información oficial: Consorcio Regional de Transportes de Madrid,80.76666666666667,9697.25,20.78333333333333,18.0,1385.25,1.0,2026-07-29T18:00:00+02:00,2026-07-29T19:16:08+02:00,WALK|BUS,BUS,147|39,Información oficial: Consorcio Regional de Transportes de Madrid,76.13333333333334,10259.26,12.833333333333334,19.0,898.26,1.0,complete_route,True,0,156.9,19956.510000000002,33.61666666666667,37.0,2283.51,2.0
MAD-103,Lucero,Latina,DEST_002,Nuevos Ministerios,WALK,A pie,2026-07-29,2026-07-29T09:00:00+02:00,success,[],,2026-07-29T18:00:00+02:00,success,[],,2026-07-29T07:01:50+02:00,2026-07-29T09:00:00+02:00,WALK,,,,118.16666666666669,8684.88,118.16666666666669,0.0,8684.88,0.0,2026-07-29T18:00:00+02:00,2026-07-29T19:58:04+02:00,WALK,,,,118.06666666666666,8684.88,118.06666666666666,0.0,8684.88,0.0,complete_route,True,0,236.23333333333335,17369.76,236.23333333333335,0.0,17369.76,0.0
MAD-104,Aluche,Latina,DEST_002,Nuevos Ministerios,BICYCLE,Bicicleta,2026-07-29,2026-07-29T09:00:00+02:00,success,[],,2026-07-29T18:00:00+02:00,success,[],,2026-07-29T08:06:44+02:00,2026-07-29T09:00:00+02:00,BICYCLE,,,,53.266666666666666,11044.56,0.0,0.0,0.0,0.0,2026-07-29T18:00:00+02:00,2026-07-29T18:54:59+02:00,BICYCLE,,,,54.98333333333333,12029.96,0.0,0.0,0.0,0.0,complete_route,True,0,108.25,23074.519999999997,0.0,0.0,0.0,0.0
MAD-104,Aluche,Latina,DEST_002,Nuevos Ministerios,CAR,Coche,2026-07-29,2026-07-29T09:00:00+02:00,success,[],,2026-07-29T18:00:00+02:00,success,[],,2026-07-29T08:41:53+02:00,2026-07-29T09:00:00+02:00,CAR,,,,18.116666666666667,10791.16,0.0,0.0,0.0,0.0,2026-07-29T18:00:00+02:00,2026-07-29T18:16:36+02:00,CAR,,,,16.6,10577.79,0.0,0.0,0.0,0.0,complete_route,True,0,34.71666666666667,21368.95,0.0,0.0,0.0,0.0
MAD-104,Aluche,Latina,DEST_002,Nuevos Ministerios,TRANSIT,Transporte público,2026-07-29,2026-07-29T09:00:00+02:00,success,[],,2026-07-29T18:00:00+02:00,success,[],,2026-07-29T07:34:00+02:00,2026-07-29T08:59:19+02:00,WALK|BUS,BUS,39|147,Información oficial: Consorcio Regional de Transportes de Madrid,85.31666666666666,11138.32,17.833333333333332,18.0,1230.3200000000002,1.0,2026-07-29T18:00:00+02:00,2026-07-29T19:20:48+02:00,WALK|BUS,BUS,147|39,Información oficial: Consorcio Regional de Transportes de Madrid,80.8,10838.05,16.166666666666668,19.0,1155.0500000000002,1.0,complete_route,True,0,166.11666666666667,21976.37,34.0,37.0,2385.3700000000003,2.0
MAD-104,Aluche,Latina,DEST_002,Nuevos Ministerios,WALK,A pie,2026-07-29,2026-07-29T09:00:00+02:00,success,[],,2026-07-29T18:00:00+02:00,success,[],,2026-07-29T06:46:07+02:00,2026-07-29T09:00:00+02:00,WALK,,,,133.88333333333333,9900.78,133.88333333333333,0.0,9900.78,0.0,2026-07-29T18:00:00+02:00,2026-07-29T20:13:47+02:00,WALK,,,,133.78333333333333,9900.78,133.78333333333333,0.0,9900.78,0.0,complete_route,True,0,267.66666666666663,19801.56,267.66666666666663,0.0,19801.56,0.0
MAD-105,Campamento,Latina,DEST_002,Nuevos Ministerios,BICYCLE,Bicicleta,2026-07-29,2026-07-29T09:00:00+02:00,success,[],,2026-07-29T18:00:00+02:00,success,[],,2026-07-29T07:41:28+02:00,2026-07-29T09:00:00+02:00,BICYCLE,,,,78.53333333333333,18528.76,0.0,0.0,0.0,0.0,2026-07-29T18:00:00+02:00,2026-07-29T19:15:37+02:00,BICYCLE,,,,75.61666666666666,19004.18,0.0,0.0,0.0,0.0,complete_route,True,0,154.14999999999998,37532.94,0.0,0.0,0.0,0.0
MAD-105,Campamento,Latina,DEST_002,Nuevos Ministerios,CAR,Coche,2026-07-29,2026-07-29T09:00:00+02:00,success,[],,2026-07-29T18:00:00+02:00,success,[],,2026-07-29T08:39:45+02:00,2026-07-29T09:00:00+02:00,CAR,,,,20.25,23686.12,0.0,0.0,0.0,0.0,2026-07-29T18:00:00+02:00,2026-07-29T18:19:07+02:00,CAR,,,,19.116666666666667,19000.06,0.0,0.0,0.0,0.0,complete_route,True,0,39.36666666666667,42686.18,0.0,0.0,0.0,0.0
MAD-105,Campamento,Latina,DEST_002,Nuevos Ministerios,TRANSIT,Transporte público,2026-07-29,2026-07-29T09:00:00+02:00,success,[],,2026-07-29T18:00:00+02:00,success,[],,2026-07-29T06:55:28+02:00,2026-07-29T08:50:06+02:00,WALK|BUS,BUS,573|C1,Consorcio Regional de Transportes de Madrid|Información oficial: Consorcio Regional de Transportes de Madrid,114.63333333333334,26101.55,49.5,15.0,3784.55,2.0,2026-07-29T18:00:00+02:00,2026-07-29T20:05:54+02:00,WALK|BUS,BUS,147|39,Información oficial: Consorcio Regional de Transportes de Madrid,125.9,17097.13,44.91666666666666,19.0,3502.13,1.0,complete_route,True,0,240.53333333333336,43198.68,94.41666666666666,34.0,7286.68,3.0
MAD-105,Campamento,Latina,DEST_002,Nuevos Ministerios,WALK,A pie,2026-07-29,2026-07-29T09:00:00+02:00,success,[],,2026-07-29T18:00:00+02:00,success,[],,2026-07-29T05:35:12+02:00,2026-07-29T09:00:00+02:00,WALK,,,,204.8,15718.88,204.8,0.0,15718.88,0.0,2026-07-29T18:00:00+02:00,2026-07-29T21:24:48+02:00,WALK,,,,204.8,15718.88,204.8,0.0,15718.88,0.0,complete_route,True,0,409.6,31437.76,409.6,0.0,31437.76,0.0
MAD-106,Cuatro Vientos,Latina,DEST_002,Nuevos Ministerios,BICYCLE,Bicicleta,2026-07-29,2026-07-29T09:00:00+02:00,success,[],,2026-07-29T18:00:00+02:00,success,[],,2026-07-29T07:31:28+02:00,2026-07-29T09:00:00+02:00,BICYCLE,,,,88.53333333333333,20365.81,0.0,0.0,0.0,0.0,2026-07-29T18:00:00+02:00,2026-07-29T19:16:05+02:00,BICYCLE,,,,76.08333333333333,17098.51,0.0,0.0,0.0,0.0,complete_route,True,0,164.61666666666667,37464.32,0.0,0.0,0.0,0.0
MAD-106,Cuatro Vientos,Latina,DEST_002,Nuevos Ministerios,CAR,Coche,2026-07-29,2026-07-29T09:00:00+02:00,success,[],,2026-07-29T18:00:00+02:00,success,[],,2026-07-29T08:37:51+02:00,2026-07-29T09:00:00+02:00,CAR,,,,22.15,24089.38,0.0,0.0,0.0,0.0,2026-07-29T18:00:00+02:00,2026-07-29T18:19:41+02:00,CAR,,,,19.683333333333334,16813.73,0.0,0.0,0.0,0.0,complete_route,True,0,41.83333333333333,40903.11,0.0,0.0,0.0,0.0
MAD-106,Cuatro Vientos,Latina,DEST_002,Nuevos Ministerios,TRANSIT,Transporte público,2026-07-29,2026-07-29T09:00:00+02:00,success,[],,2026-07-29T18:00:00+02:00,success,[],,2026-07-29T06:58:20+02:00,2026-07-29T08:58:56+02:00,WALK|BUS,BUS,483|34|14,Consorcio Regional de Transportes de Madrid|Información oficial: Consorcio Regional de Transportes de Madrid,120.6,15984.28,21.183333333333334,20.0,1546.28,2.0,2026-07-29T18:01:00+02:00,2026-07-29T19:46:48+02:00,WALK|BUS,BUS,27|34|486,Información oficial: Consorcio Regional de Transportes de Madrid|Consorcio Regional de Transportes de Madrid,105.8,15691.95,18.98333333333333,19.23333333333333,1421.9499999999998,2.0,complete_route,True,0,226.39999999999998,31676.230000000003,40.166666666666664,39.233333333333334,2968.2299999999996,4.0
MAD-106,Cuatro Vientos,Latina,DEST_002,Nuevos Ministerios,WALK,A pie,2026-07-29,2026-07-29T09:00:00+02:00,success,[],,2026-07-29T18:00:00+02:00,success,[],,2026-07-29T05:47:21+02:00,2026-07-29T09:00:00+02:00,WALK,,,,192.65,14626.23,192.65,0.0,14626.23,0.0,2026-07-29T18:00:00+02:00,2026-07-29T21:12:39+02:00,WALK,,,,192.65,14626.23,192.65,0.0,14626.23,0.0,complete_route,True,0,385.3,29252.46,385.3,0.0,29252.46,0.0
MAD-107,Águilas,Latina,DEST_002,Nuevos Ministerios,BICYCLE,Bicicleta,2026-07-29,2026-07-29T09:00:00+02:00,success,[],,2026-07-29T18:00:00+02:00,success,[],,2026-07-29T07:55:20+02:00,2026-07-29T09:00:00+02:00,BICYCLE,,,,64.66666666666667,13458.11,0.0,0.0,0.0,0.0,2026-07-29T18:00:00+02:00,2026-07-29T19:01:53+02:00,BICYCLE,,,,61.88333333333333,13520.44,0.0,0.0,0.0,0.0,complete_route,True,0,126.55000000000001,26978.550000000003,0.0,0.0,0.0,0.0
MAD-107,Águilas,Latina,DEST_002,Nuevos Ministerios,CAR,Coche,2026-07-29,2026-07-29T09:00:00+02:00,success,[],,2026-07-29T18:00:00+02:00,success,[],,2026-07-29T08:37:58+02:00,2026-07-29T09:00:00+02:00,CAR,,,,22.03333333333333,12856.1,0.0,0.0,0.0,0.0,2026-07-29T18:00:00+02:00,2026-07-29T18:20:55+02:00,CAR,,,,20.916666666666668,12430.74,0.0,0.0,0.0,0.0,complete_route,True,0,42.95,25286.84,0.0,0.0,0.0,0.0
MAD-107,Águilas,Latina,DEST_002,Nuevos Ministerios,TRANSIT,Transporte público,2026-07-29,2026-07-29T09:00:00+02:00,success,[],,2026-07-29T18:00:00+02:00,success,[],,2026-07-29T07:11:20+02:00,2026-07-29T08:57:49+02:00,WALK|BUS,BUS,483|492|34|27,Consorcio Regional de Transportes de Madrid|Información oficial: Consorcio Regional de Transportes de Madrid,106.48333333333332,14795.51,16.716666666666665,19.0,1200.51,3.0,2026-07-29T18:00:00+02:00,2026-07-29T19:41:03+02:00,WALK|BUS,BUS,147|138,Información oficial: Consorcio Regional de Transportes de Madrid,101.05,12665.85,20.416666666666668,19.0,1452.85,1.0,complete_route,True,0,207.5333333333333,27461.36,37.13333333333333,38.0,2653.3599999999997,4.0
MAD-107,Águilas,Latina,DEST_002,Nuevos Ministerios,WALK,A pie,2026-07-29,2026-07-29T09:00:00+02:00,success,[],,2026-07-29T18:00:00+02:00,success,[],,2026-07-29T06:16:57+02:00,2026-07-29T09:00:00+02:00,WALK,,,,163.05,12013.96,163.05,0.0,12013.96,0.0,2026-07-29T18:00:00+02:00,2026-07-29T20:42:56+02:00,WALK,,,,162.93333333333334,12013.96,162.93333333333334,0.0,12013.96,0.0,complete_route,True,0,325.98333333333335,24027.92,325.98333333333335,0.0,24027.92,0.0
MAD-111,Comillas,Carabanchel,DEST_002,Nuevos Ministerios,BICYCLE,Bicicleta,2026-07-29,2026-07-29T09:00:00+02:00,success,[],,2026-07-29T18:00:00+02:00,success,[],,2026-07-29T08:17:27+02:00,2026-07-29T09:00:00+02:00,BICYCLE,,,,42.55,8734.42,0.0,0.0,0.0,0.0,2026-07-29T18:00:00+02:00,2026-07-29T18:43:07+02:00,BICYCLE,,,,43.11666666666667,9393.88,0.0,0.0,0.0,0.0,complete_route,True,0,85.66666666666666,18128.3,0.0,0.0,0.0,0.0
MAD-111,Comillas,Carabanchel,DEST_002,Nuevos Ministerios,CAR,Coche,2026-07-29,2026-07-29T09:00:00+02:00,success,[],,2026-07-29T18:00:00+02:00,success,[],,2026-07-29T08:44:12+02:00,2026-07-29T09:00:00+02:00,CAR,,,,15.8,9512.32,0.0,0.0,0.0,0.0,2026-07-29T18:00:00+02:00,2026-07-29T18:11:47+02:00,CAR,,,,11.783333333333331,7540.54,0.0,0.0,0.0,0.0,complete_route,True,0,27.583333333333332,17052.86,0.0,0.0,0.0,0.0
MAD-111,Comillas,Carabanchel,DEST_002,Nuevos Ministerios,TRANSIT,Transporte público,2026-07-29,2026-07-29T09:00:00+02:00,success,[],,2026-07-29T18:00:00+02:00,success,[],,2026-07-29T07:45:00+02:00,2026-07-29T08:59:48+02:00,WALK|BUS,BUS,34|27,Información oficial: Consorcio Regional de Transportes de Madrid,74.8,8489.95,17.383333333333333,15.0,1291.95,1.0,2026-07-29T18:00:00+02:00,2026-07-29T19:06:42+02:00,WALK|BUS,BUS,27|E1,Información oficial: Consorcio Regional de Transportes de Madrid,66.7,7757.41,8.083333333333334,20.0,582.41,1.0,complete_route,True,0,141.5,16247.36,25.46666666666667,35.0,1874.3600000000001,2.0
MAD-111,Comillas,Carabanchel,DEST_002,Nuevos Ministerios,WALK,A pie,2026-07-29,2026-07-29T09:00:00+02:00,success,[],,2026-07-29T18:00:00+02:00,success,[],,2026-07-29T07:20:10+02:00,2026-07-29T09:00:00+02:00,WALK,,,,99.83333333333331,7344.38,99.83333333333331,0.0,7344.38,0.0,2026-07-29T18:00:00+02:00,2026-07-29T19:39:50+02:00,WALK,,,,99.83333333333331,7344.38,99.83333333333331,0.0,7344.38,0.0,complete_route,True,0,199.66666666666663,14688.76,199.66666666666663,0.0,14688.76,0.0
MAD-112,Opañel,Carabanchel,DEST_002,Nuevos Ministerios,BICYCLE,Bicicleta,2026-07-29,2026-07-29T09:00:00+02:00,success,[],,2026-07-29T18:00:00+02:00,success,[],,2026-07-29T08:14:39+02:00,2026-07-29T09:00:00+02:00,BICYCLE,,,,45.35,9380.29,0.0,0.0,0.0,0.0,2026-07-29T18:00:00+02:00,2026-07-29T18:45:02+02:00,BICYCLE,,,,45.03333333333333,9693.33,0.0,0.0,0.0,0.0,complete_route,True,0,90.38333333333333,19073.620000000003,0.0,0.0,0.0,0.0
MAD-112,Opañel,Carabanchel,DEST_002,Nuevos Ministerios,CAR,Coche,2026-07-29,2026-07-29T09:00:00+02:00,success,[],,2026-07-29T18:00:00+02:00,success,[],,2026-07-29T08:42:51+02:00,2026-07-29T09:00:00+02:00,CAR,,,,17.15,10108.87,0.0,0.0,0.0,0.0,2026-07-29T18:00:00+02:00,2026-07-29T18:14:09+02:00,CAR,,,,14.15,9413.74,0.0,0.0,0.0,0.0,complete_route,True,0,31.299999999999997,19522.61,0.0,0.0,0.0,0.0
MAD-112,Opañel,Carabanchel,DEST_002,Nuevos Ministerios,TRANSIT,Transporte público,2026-07-29,2026-07-29T09:00:00+02:00,success,[],,2026-07-29T18:00:00+02:00,success,[],,2026-07-29T07:45:00+02:00,2026-07-29T08:59:34+02:00,WALK|BUS,BUS,34|14,Información oficial: Consorcio Regional de Transportes de Madrid,74.56666666666666,8610.16,9.25,18.0,603.1600000000001,1.0,2026-07-29T18:00:00+02:00,2026-07-29T19:09:05+02:00,WALK|BUS,BUS,27|34,Información oficial: Consorcio Regional de Transportes de Madrid,69.08333333333333,8222.25,6.766666666666667,17.0,492.25,1.0,complete_route,True,0,143.64999999999998,16832.41,16.016666666666666,35.0,1095.41,2.0
MAD-112,Opañel,Carabanchel,DEST_002,Nuevos Ministerios,WALK,A pie,2026-07-29,2026-07-29T09:00:00+02:00,success,[],,2026-07-29T18:00:00+02:00,success,[],,2026-07-29T07:17:32+02:00,2026-07-29T09:00:00+02:00,WALK,,,,102.46666666666668,7492.87,102.46666666666668,0.0,7492.87,0.0,2026-07-29T18:00:00+02:00,2026-07-29T19:42:28+02:00,WALK,,,,102.46666666666668,7492.87,102.46666666666668,0.0,7492.87,0.0,complete_route,True,0,204.93333333333337,14985.74,204.93333333333337,0.0,14985.74,0.0
MAD-113,San Isidro,Carabanchel,DEST_002,Nuevos Ministerios,BICYCLE,Bicicleta,2026-07-29,2026-07-29T09:00:00+02:00,success,[],,2026-07-29T18:00:00+02:00,success,[],,2026-07-29T08:14:53+02:00,2026-07-29T09:00:00+02:00,BICYCLE,,,,45.11666666666667,8521.77,0.0,0.0,0.0,0.0,2026-07-29T18:00:00+02:00,2026-07-29T18:49:11+02:00,BICYCLE,,,,49.18333333333333,10288.51,0.0,0.0,0.0,0.0,complete_route,True,0,94.3,18810.28,0.0,0.0,0.0,0.0
MAD-113,San Isidro,Carabanchel,DEST_002,Nuevos Ministerios,CAR,Coche,2026-07-29,2026-07-29T09:00:00+02:00,success,[],,2026-07-29T18:00:00+02:00,success,[],,2026-07-29T08:42:21+02:00,2026-07-29T09:00:00+02:00,CAR,,,,17.65,10090.24,0.0,0.0,0.0,0.0,2026-07-29T18:00:00+02:00,2026-07-29T18:15:41+02:00,CAR,,,,15.683333333333334,9671.53,0.0,0.0,0.0,0.0,complete_route,True,0,33.33333333333333,19761.77,0.0,0.0,0.0,0.0
MAD-113,San Isidro,Carabanchel,DEST_002,Nuevos Ministerios,TRANSIT,Transporte público,2026-07-29,2026-07-29T09:00:00+02:00,success,[],,2026-07-29T18:00:00+02:00,success,[],,2026-07-29T07:33:00+02:00,2026-07-29T08:51:21+02:00,WALK|BUS,BUS,34|14,Información oficial: Consorcio Regional de Transportes de Madrid,78.35,9009.04,11.883333333333333,18.0,797.04,1.0,2026-07-29T18:00:00+02:00,2026-07-29T19:12:52+02:00,WALK|BUS,BUS,27|34,Información oficial: Consorcio Regional de Transportes de Madrid,72.86666666666666,8620.48,9.3,17.0,678.48,1.0,complete_route,True,0,151.21666666666664,17629.52,21.183333333333334,35.0,1475.52,2.0
MAD-113,San Isidro,Carabanchel,DEST_002,Nuevos Ministerios,WALK,A pie,2026-07-29,2026-07-29T09:00:00+02:00,success,[],,2026-07-29T18:00:00+02:00,success,[],,2026-07-29T07:19:33+02:00,2026-07-29T09:00:00+02:00,WALK,,,,100.45,7394.62,100.45,0.0,7394.62,0.0,2026-07-29T18:00:00+02:00,2026-07-29T19:40:27+02:00,WALK,,,,100.45,7394.62,100.45,0.0,7394.62,0.0,complete_route,True,0,200.9,14789.24,200.9,0.0,14789.24,0.0
MAD-114,Vista Alegre,Carabanchel,DEST_002,Nuevos Ministerios,BICYCLE,Bicicleta,2026-07-29,2026-07-29T09:00:00+02:00,success,[],,2026-07-29T18:00:00+02:00,success,[],,2026-07-29T08:04:43+02:00,2026-07-29T09:00:00+02:00,BICYCLE,,,,55.28333333333333,11248.09,0.0,0.0,0.0,0.0,2026-07-29T18:00:00+02:00,2026-07-29T18:57:10+02:00,BICYCLE,,,,57.16666666666666,12283.36,0.0,0.0,0.0,0.0,complete_route,True,0,112.44999999999999,23531.45,0.0,0.0,0.0,0.0
MAD-114,Vista Alegre,Carabanchel,DEST_002,Nuevos Ministerios,CAR,Coche,2026-07-29,2026-07-29T09:00:00+02:00,success,[],,2026-07-29T18:00:00+02:00,success,[],,2026-07-29T08:39:49+02:00,2026-07-29T09:00:00+02:00,CAR,,,,20.183333333333334,10750.39,0.0,0.0,0.0,0.0,2026-07-29T18:00:00+02:00,2026-07-29T18:16:58+02:00,CAR,,,,16.966666666666665,11371.83,0.0,0.0,0.0,0.0,complete_route,True,0,37.15,22122.22,0.0,0.0,0.0,0.0
MAD-114,Vista Alegre,Carabanchel,DEST_002,Nuevos Ministerios,TRANSIT,Transporte público,2026-07-29,2026-07-29T09:00:00+02:00,success,[],,2026-07-29T18:00:00+02:00,success,[],,2026-07-29T07:36:00+02:00,2026-07-29T08:59:58+02:00,WALK|BUS,BUS,34|27,Información oficial: Consorcio Regional de Transportes de Madrid,83.96666666666667,10886.47,8.933333333333334,15.0,583.47,1.0,2026-07-29T18:00:00+02:00,2026-07-29T19:23:03+02:00,WALK|BUS,BUS,27|34,Información oficial: Consorcio Regional de Transportes de Madrid,83.05,10538.15,7.2,17.0,519.15,1.0,complete_route,True,0,167.01666666666665,21424.62,16.133333333333333,32.0,1102.62,2.0
MAD-114,Vista Alegre,Carabanchel,DEST_002,Nuevos Ministerios,WALK,A pie,2026-07-29,2026-07-29T09:00:00+02:00,success,[],,2026-07-29T18:00:00+02:00,success,[],,2026-07-29T06:47:22+02:00,2026-07-29T09:00:00+02:00,WALK,,,,132.63333333333333,9991.01,132.63333333333333,0.0,9991.01,0.0,2026-07-29T18:00:00+02:00,2026-07-29T20:12:38+02:00,WALK,,,,132.63333333333333,9991.01,132.63333333333333,0.0,9991.01,0.0,complete_route,True,0,265.26666666666665,19982.02,265.26666666666665,0.0,19982.02,0.0
MAD-115,Puerta Bonita,Carabanchel,DEST_002,Nuevos Ministerios,BICYCLE,Bicicleta,2026-07-29,2026-07-29T09:00:00+02:00,success,[],,2026-07-29T18:00:00+02:00,success,[],,2026-07-29T08:04:20+02:00,2026-07-29T09:00:00+02:00,BICYCLE,,,,55.66666666666666,12006.77,0.0,0.0,0.0,0.0,2026-07-29T18:00:00+02:00,2026-07-29T18:59:19+02:00,BICYCLE,,,,59.31666666666667,13267.22,0.0,0.0,0.0,0.0,complete_route,True,0,114.98333333333332,25273.989999999998,0.0,0.0,0.0,0.0
MAD-115,Puerta Bonita,Carabanchel,DEST_002,Nuevos Ministerios,CAR,Coche,2026-07-29,2026-07-29T09:00:00+02:00,success,[],,2026-07-29T18:00:00+02:00,success,[],,2026-07-29T08:39:33+02:00,2026-07-29T09:00:00+02:00,CAR,,,,20.45,11466.64,0.0,0.0,0.0,0.0,2026-07-29T18:00:00+02:00,2026-07-29T18:18:53+02:00,CAR,,,,18.883333333333333,11497.52,0.0,0.0,0.0,0.0,complete_route,True,0,39.33333333333333,22964.16,0.0,0.0,0.0,0.0
MAD-115,Puerta Bonita,Carabanchel,DEST_002,Nuevos Ministerios,TRANSIT,Transporte público,2026-07-29,2026-07-29T09:00:00+02:00,success,[],,2026-07-29T18:00:00+02:00,success,[],,2026-07-29T07:34:00+02:00,2026-07-29T08:59:54+02:00,WALK|BUS,BUS,34|27,Información oficial: Consorcio Regional de Transportes de Madrid,85.9,11071.58,10.866666666666667,15.0,768.58,1.0,2026-07-29T18:00:00+02:00,2026-07-29T19:25:43+02:00,WALK|BUS,BUS,27|34,Información oficial: Consorcio Regional de Transportes de Madrid,85.71666666666667,10724.04,9.866666666666667,17.0,705.0400000000001,1.0,complete_route,True,0,171.61666666666667,21795.620000000003,20.733333333333334,32.0,1473.6200000000001,2.0
MAD-115,Puerta Bonita,Carabanchel,DEST_002,Nuevos Ministerios,WALK,A pie,2026-07-29,2026-07-29T09:00:00+02:00,success,[],,2026-07-29T18:00:00+02:00,success,[],,2026-07-29T06:45:07+02:00,2026-07-29T09:00:00+02:00,WALK,,,,134.88333333333333,10110.56,134.88333333333333,0.0,10110.56,0.0,2026-07-29T18:00:00+02:00,2026-07-29T20:14:53+02:00,WALK,,,,134.88333333333333,10110.56,134.88333333333333,0.0,10110.56,0.0,complete_route,True,0,269.76666666666665,20221.12,269.76666666666665,0.0,20221.12,0.0
MAD-116,Buenavista,Carabanchel,DEST_002,Nuevos Ministerios,BICYCLE,Bicicleta,2026-07-29,2026-07-29T09:00:00+02:00,success,[],,2026-07-29T18:00:00+02:00,success,[],,2026-07-29T07:48:42+02:00,2026-07-29T09:00:00+02:00,BICYCLE,,,,71.3,15915.21,0.0,0.0,0.0,0.0,2026-07-29T18:00:00+02:00,2026-07-29T19:13:52+02:00,BICYCLE,,,,73.86666666666666,17237.51,0.0,0.0,0.0,0.0,complete_route,True,0,145.16666666666666,33152.72,0.0,0.0,0.0,0.0
MAD-116,Buenavista,Carabanchel,DEST_002,Nuevos Ministerios,CAR,Coche,2026-07-29,2026-07-29T09:00:00+02:00,success,[],,2026-07-29T18:00:00+02:00,success,[],,2026-07-29T08:40:01+02:00,2026-07-29T09:00:00+02:00,CAR,,,,19.98333333333333,20553.97,0.0,0.0,0.0,0.0,2026-07-29T18:00:00+02:00,2026-07-29T18:16:13+02:00,CAR,,,,16.216666666666665,11113.19,0.0,0.0,0.0,0.0,complete_route,True,0,36.199999999999996,31667.160000000003,0.0,0.0,0.0,0.0
MAD-116,Buenavista,Carabanchel,DEST_002,Nuevos Ministerios,TRANSIT,Transporte público,2026-07-29,2026-07-29T09:00:00+02:00,success,[],,2026-07-29T18:00:00+02:00,success,[],,2026-07-29T07:38:19+02:00,2026-07-29T08:59:09+02:00,WALK|BUS,BUS,480|E1|27,Consorcio Regional de Transportes de Madrid|Información oficial: Consorcio Regional de Transportes de Madrid,80.83333333333333,11476.22,10.95,19.0,720.22,2.0,2026-07-29T18:00:00+02:00,2026-07-29T19:21:04+02:00,WALK|BUS,BUS,27|E1,Información oficial: Consorcio Regional de Transportes de Madrid,81.06666666666666,10826.42,7.966666666666667,20.0,573.4200000000001,1.0,complete_route,True,0,161.89999999999998,22302.64,18.916666666666664,39.0,1293.64,3.0
MAD-116,Buenavista,Carabanchel,DEST_002,Nuevos Ministerios,WALK,A pie,2026-07-29,2026-07-29T09:00:00+02:00,success,[],,2026-07-29T18:00:00+02:00,success,[],,2026-07-29T06:31:21+02:00,2026-07-29T09:00:00+02:00,WALK,,,,148.65,11077.75,148.65,0.0,11077.75,0.0,2026-07-29T18:00:00+02:00,2026-07-29T20:28:39+02:00,WALK,,,,148.65,11077.75,148.65,0.0,11077.75,0.0,complete_route,True,0,297.3,22155.5,297.3,0.0,22155.5,0.0
MAD-117,Abrantes,Carabanchel,DEST_002,Nuevos Ministerios,BICYCLE,Bicicleta,2026-07-29,2026-07-29T09:00:00+02:00,success,[],,2026-07-29T18:00:00+02:00,success,[],,2026-07-29T08:08:17+02:00,2026-07-29T09:00:00+02:00,BICYCLE,,,,51.71666666666667,10927.25,0.0,0.0,0.0,0.0,2026-07-29T18:00:00+02:00,2026-07-29T18:51:41+02:00,BICYCLE,,,,51.68333333333333,11535.32,0.0,0.0,0.0,0.0,complete_route,True,0,103.4,22462.57,0.0,0.0,0.0,0.0
MAD-117,Abrantes,Carabanchel,DEST_002,Nuevos Ministerios,CAR,Coche,2026-07-29,2026-07-29T09:00:00+02:00,success,[],,2026-07-29T18:00:00+02:00,success,[],,2026-07-29T08:44:03+02:00,2026-07-29T09:00:00+02:00,CAR,,,,15.95,9397.14,0.0,0.0,0.0,0.0,2026-07-29T18:00:00+02:00,2026-07-29T18:14:18+02:00,CAR,,,,14.3,9586.73,0.0,0.0,0.0,0.0,complete_route,True,0,30.25,18983.87,0.0,0.0,0.0,0.0
MAD-117,Abrantes,Carabanchel,DEST_002,Nuevos Ministerios,TRANSIT,Transporte público,2026-07-29,2026-07-29T09:00:00+02:00,success,[],,2026-07-29T18:00:00+02:00,success,[],,2026-07-29T07:41:00+02:00,2026-07-29T08:59:57+02:00,WALK|BUS,BUS,E1|27,Información oficial: Consorcio Regional de Transportes de Madrid,78.95,9608.52,17.466666666666665,17.0,1223.52,1.0,2026-07-29T18:00:00+02:00,2026-07-29T19:18:41+02:00,WALK|BUS,BUS,27|E1,Información oficial: Consorcio Regional de Transportes de Madrid,78.68333333333334,9605.21,12.95,20.0,918.21,1.0,complete_route,True,0,157.63333333333333,19213.73,30.416666666666664,37.0,2141.73,2.0
MAD-117,Abrantes,Carabanchel,DEST_002,Nuevos Ministerios,WALK,A pie,2026-07-29,2026-07-29T09:00:00+02:00,success,[],,2026-07-29T18:00:00+02:00,success,[],,2026-07-29T06:54:33+02:00,2026-07-29T09:00:00+02:00,WALK,,,,125.45,9265.88,125.45,0.0,9265.88,0.0,2026-07-29T18:00:00+02:00,2026-07-29T20:05:27+02:00,WALK,,,,125.45,9265.88,125.45,0.0,9265.88,0.0,complete_route,True,0,250.9,18531.76,250.9,0.0,18531.76,0.0
MAD-121,Orcasitas,Usera,DEST_002,Nuevos Ministerios,BICYCLE,Bicicleta,2026-07-29,2026-07-29T09:00:00+02:00,success,[],,2026-07-29T18:00:00+02:00,success,[],,2026-07-29T08:00:54+02:00,2026-07-29T09:00:00+02:00,BICYCLE,,,,59.1,13323.23,0.0,0.0,0.0,0.0,2026-07-29T18:00:00+02:00,2026-07-29T19:01:46+02:00,BICYCLE,,,,61.766666666666666,14645.53,0.0,0.0,0.0,0.0,complete_route,True,0,120.86666666666667,27968.760000000002,0.0,0.0,0.0,0.0
MAD-121,Orcasitas,Usera,DEST_002,Nuevos Ministerios,CAR,Coche,2026-07-29,2026-07-29T09:00:00+02:00,success,[],,2026-07-29T18:00:00+02:00,success,[],,2026-07-29T08:41:57+02:00,2026-07-29T09:00:00+02:00,CAR,,,,18.05,17784.94,0.0,0.0,0.0,0.0,2026-07-29T18:00:00+02:00,2026-07-29T18:15:08+02:00,CAR,,,,15.133333333333333,10199.41,0.0,0.0,0.0,0.0,complete_route,True,0,33.18333333333334,27984.35,0.0,0.0,0.0,0.0
MAD-121,Orcasitas,Usera,DEST_002,Nuevos Ministerios,TRANSIT,Transporte público,2026-07-29,2026-07-29T09:00:00+02:00,success,[],,2026-07-29T18:00:00+02:00,success,[],,2026-07-29T07:31:10+02:00,2026-07-29T08:59:34+02:00,WALK|BUS,BUS,464|E1|27,Consorcio Regional de Transportes de Madrid|Información oficial: Consorcio Regional de Transportes de Madrid,88.4,10961.35,21.383333333333333,19.0,1512.35,2.0,2026-07-29T18:01:00+02:00,2026-07-29T19:32:18+02:00,WALK|BUS,BUS,19|422,Información oficial: Consorcio Regional de Transportes de Madrid|Consorcio Regional de Transportes de Madrid,91.3,12148.54,40.81666666666667,7.583333333333333,2944.54,1.0,complete_route,True,0,179.7,23109.89,62.2,26.583333333333332,4456.889999999999,3.0
MAD-121,Orcasitas,Usera,DEST_002,Nuevos Ministerios,WALK,A pie,2026-07-29,2026-07-29T09:00:00+02:00,success,[],,2026-07-29T18:00:00+02:00,success,[],,2026-07-29T06:37:47+02:00,2026-07-29T09:00:00+02:00,WALK,,,,142.21666666666667,10325.98,142.21666666666667,0.0,10325.98,0.0,2026-07-29T18:00:00+02:00,2026-07-29T20:22:16+02:00,WALK,,,,142.26666666666668,10325.98,142.26666666666668,0.0,10325.98,0.0,complete_route,True,0,284.48333333333335,20651.96,284.48333333333335,0.0,20651.96,0.0
MAD-122,Orcasur,Usera,DEST_002,Nuevos Ministerios,BICYCLE,Bicicleta,2026-07-29,2026-07-29T09:00:00+02:00,success,[],,2026-07-29T18:00:00+02:00,success,[],,2026-07-29T08:07:39+02:00,2026-07-29T09:00:00+02:00,BICYCLE,,,,52.35,11521.39,0.0,0.0,0.0,0.0,2026-07-29T18:00:00+02:00,2026-07-29T18:57:11+02:00,BICYCLE,,,,57.18333333333333,13560.52,0.0,0.0,0.0,0.0,complete_route,True,0,109.53333333333333,25081.91,0.0,0.0,0.0,0.0
MAD-122,Orcasur,Usera,DEST_002,Nuevos Ministerios,CAR,Coche,2026-07-29,2026-07-29T09:00:00+02:00,success,[],,2026-07-29T18:00:00+02:00,success,[],,2026-07-29T08:44:40+02:00,2026-07-29T09:00:00+02:00,CAR,,,,15.333333333333334,13091.37,0.0,0.0,0.0,0.0,2026-07-29T18:00:00+02:00,2026-07-29T18:14:30+02:00,CAR,,,,14.5,12951.47,0.0,0.0,0.0,0.0,complete_route,True,0,29.833333333333336,26042.84,0.0,0.0,0.0,0.0
MAD-122,Orcasur,Usera,DEST_002,Nuevos Ministerios,TRANSIT,Transporte público,2026-07-29,2026-07-29T09:00:00+02:00,success,[],,2026-07-29T18:00:00+02:00,success,[],,2026-07-29T07:44:00+02:00,2026-07-29T08:59:47+02:00,WALK|BUS,BUS,85|27,Información oficial: Consorcio Regional de Transportes de Madrid,75.78333333333333,9068.55,11.6,16.0,768.55,1.0,2026-07-29T18:00:00+02:00,2026-07-29T19:11:01+02:00,WALK|BUS,BUS,19|411,Información oficial: Consorcio Regional de Transportes de Madrid|Consorcio Regional de Transportes de Madrid,71.01666666666667,9928.83,21.75,7.566666666666666,1522.83,1.0,complete_route,True,0,146.8,18997.379999999997,33.35,23.566666666666666,2291.38,2.0
MAD-122,Orcasur,Usera,DEST_002,Nuevos Ministerios,WALK,A pie,2026-07-29,2026-07-29T09:00:00+02:00,success,[],,2026-07-29T18:00:00+02:00,success,[],,2026-07-29T06:52:10+02:00,2026-07-29T09:00:00+02:00,WALK,,,,127.83333333333331,9206.92,127.83333333333331,0.0,9206.92,0.0,2026-07-29T18:00:00+02:00,2026-07-29T20:07:53+02:00,WALK,,,,127.88333333333334,9206.92,127.88333333333334,0.0,9206.92,0.0,complete_route,True,0,255.71666666666664,18413.84,255.71666666666664,0.0,18413.84,0.0
MAD-123,San Fermín,Usera,DEST_002,Nuevos Ministerios,BICYCLE,Bicicleta,2026-07-29,2026-07-29T09:00:00+02:00,success,[],,2026-07-29T18:00:00+02:00,success,[],,2026-07-29T08:09:26+02:00,2026-07-29T09:00:00+02:00,BICYCLE,,,,50.56666666666667,11154.56,0.0,0.0,0.0,0.0,2026-07-29T18:00:00+02:00,2026-07-29T18:53:34+02:00,BICYCLE,,,,53.56666666666667,12592.44,0.0,0.0,0.0,0.0,complete_route,True,0,104.13333333333334,23747.0,0.0,0.0,0.0,0.0
MAD-123,San Fermín,Usera,DEST_002,Nuevos Ministerios,CAR,Coche,2026-07-29,2026-07-29T09:00:00+02:00,success,[],,2026-07-29T18:00:00+02:00,success,[],,2026-07-29T08:44:53+02:00,2026-07-29T09:00:00+02:00,CAR,,,,15.116666666666667,13346.88,0.0,0.0,0.0,0.0,2026-07-29T18:00:00+02:00,2026-07-29T18:14:10+02:00,CAR,,,,14.166666666666666,13222.24,0.0,0.0,0.0,0.0,complete_route,True,0,29.28333333333333,26569.12,0.0,0.0,0.0,0.0
MAD-123,San Fermín,Usera,DEST_002,Nuevos Ministerios,TRANSIT,Transporte público,2026-07-29,2026-07-29T09:00:00+02:00,success,[],,2026-07-29T18:00:00+02:00,success,[],,2026-07-29T07:44:06+02:00,2026-07-29T08:52:35+02:00,WALK|BUS,BUS,422|45,Consorcio Regional de Transportes de Madrid|Información oficial: Consorcio Regional de Transportes de Madrid,68.48333333333333,10017.32,20.8,11.0,1491.32,1.0,2026-07-29T18:01:00+02:00,2026-07-29T19:11:33+02:00,WALK|BUS,BUS,19|422,Información oficial: Consorcio Regional de Transportes de Madrid|Consorcio Regional de Transportes de Madrid,70.55,10624.9,20.066666666666663,7.583333333333333,1420.9,1.0,complete_route,True,0,139.03333333333333,20642.22,40.86666666666666,18.583333333333332,2912.2200000000003,2.0
MAD-123,San Fermín,Usera,DEST_002,Nuevos Ministerios,WALK,A pie,2026-07-29,2026-07-29T09:00:00+02:00,success,[],,2026-07-29T18:00:00+02:00,success,[],,2026-07-29T06:48:02+02:00,2026-07-29T09:00:00+02:00,WALK,,,,131.96666666666667,9526.12,131.96666666666667,0.0,9526.12,0.0,2026-07-29T18:00:00+02:00,2026-07-29T20:12:01+02:00,WALK,,,,132.01666666666668,9526.12,132.01666666666668,0.0,9526.12,0.0,complete_route,True,0,263.98333333333335,19052.24,263.98333333333335,0.0,19052.24,0.0
MAD-124,Almendrales,Usera,DEST_002,Nuevos Ministerios,BICYCLE,Bicicleta,2026-07-29,2026-07-29T09:00:00+02:00,success,[],,2026-07-29T18:00:00+02:00,success,[],,2026-07-29T08:11:55+02:00,2026-07-29T09:00:00+02:00,BICYCLE,,,,48.083333333333336,10158.83,0.0,0.0,0.0,0.0,2026-07-29T18:00:00+02:00,2026-07-29T18:50:03+02:00,BICYCLE,,,,50.05,11282.01,0.0,0.0,0.0,0.0,complete_route,True,0,98.13333333333333,21440.84,0.0,0.0,0.0,0.0
MAD-124,Almendrales,Usera,DEST_002,Nuevos Ministerios,CAR,Coche,2026-07-29,2026-07-29T09:00:00+02:00,success,[],,2026-07-29T18:00:00+02:00,success,[],,2026-07-29T08:45:20+02:00,2026-07-29T09:00:00+02:00,CAR,,,,14.666666666666666,13544.21,0.0,0.0,0.0,0.0,2026-07-29T18:00:00+02:00,2026-07-29T18:14:21+02:00,CAR,,,,14.35,13184.47,0.0,0.0,0.0,0.0,complete_route,True,0,29.016666666666666,26728.68,0.0,0.0,0.0,0.0
MAD-124,Almendrales,Usera,DEST_002,Nuevos Ministerios,TRANSIT,Transporte público,2026-07-29,2026-07-29T09:00:00+02:00,success,[],,2026-07-29T18:00:00+02:00,success,[],,2026-07-29T07:53:00+02:00,2026-07-29T08:59:17+02:00,WALK|BUS,BUS,85|27,Información oficial: Consorcio Regional de Transportes de Madrid,66.28333333333333,7838.82,6.433333333333334,16.0,366.82,1.0,2026-07-29T18:00:00+02:00,2026-07-29T19:06:27+02:00,WALK|BUS,BUS,27|85,Información oficial: Consorcio Regional de Transportes de Madrid,66.45,8061.41,4.916666666666667,19.0,310.41,1.0,complete_route,True,0,132.73333333333335,15900.23,11.350000000000001,35.0,677.23,2.0
MAD-124,Almendrales,Usera,DEST_002,Nuevos Ministerios,WALK,A pie,2026-07-29,2026-07-29T09:00:00+02:00,success,[],,2026-07-29T18:00:00+02:00,success,[],,2026-07-29T07:07:56+02:00,2026-07-29T09:00:00+02:00,WALK,,,,112.06666666666666,7957.36,112.06666666666666,0.0,7957.36,0.0,2026-07-29T18:00:00+02:00,2026-07-29T19:52:07+02:00,WALK,,,,112.11666666666666,7957.36,112.11666666666666,0.0,7957.36,0.0,complete_route,True,0,224.18333333333334,15914.72,224.18333333333334,0.0,15914.72,0.0
MAD-125,Moscardó,Usera,DEST_002,Nuevos Ministerios,BICYCLE,Bicicleta,2026-07-29,2026-07-29T09:00:00+02:00,success,[],,2026-07-29T18:00:00+02:00,success,[],,2026-07-29T08:16:41+02:00,2026-07-29T09:00:00+02:00,BICYCLE,,,,43.31666666666667,8989.05,0.0,0.0,0.0,0.0,2026-07-29T18:00:00+02:00,2026-07-29T18:44:44+02:00,BICYCLE,,,,44.73333333333333,9875.38,0.0,0.0,0.0,0.0,complete_route,True,0,88.05,18864.43,0.0,0.0,0.0,0.0
MAD-125,Moscardó,Usera,DEST_002,Nuevos Ministerios,CAR,Coche,2026-07-29,2026-07-29T09:00:00+02:00,success,[],,2026-07-29T18:00:00+02:00,success,[],,2026-07-29T08:45:41+02:00,2026-07-29T09:00:00+02:00,CAR,,,,14.316666666666666,7712.42,0.0,0.0,0.0,0.0,2026-07-29T18:00:00+02:00,2026-07-29T18:12:38+02:00,CAR,,,,12.633333333333333,8002.62,0.0,0.0,0.0,0.0,complete_route,True,0,26.95,15715.04,0.0,0.0,0.0,0.0
MAD-125,Moscardó,Usera,DEST_002,Nuevos Ministerios,TRANSIT,Transporte público,2026-07-29,2026-07-29T09:00:00+02:00,success,[],,2026-07-29T18:00:00+02:00,success,[],,2026-07-29T07:50:00+02:00,2026-07-29T08:59:52+02:00,WALK|BUS,BUS,27,Información oficial: Consorcio Regional de Transportes de Madrid,69.86666666666666,7512.37,31.933333333333334,5.0,2235.3700000000003,0.0,2026-07-29T18:00:00+02:00,2026-07-29T19:10:04+02:00,WALK|BUS,BUS,27,Información oficial: Consorcio Regional de Transportes de Madrid,70.06666666666666,7476.72,33.483333333333334,7.0,2406.72,0.0,complete_route,True,0,139.93333333333334,14989.09,65.41666666666667,12.0,4642.09,0.0
MAD-125,Moscardó,Usera,DEST_002,Nuevos Ministerios,WALK,A pie,2026-07-29,2026-07-29T09:00:00+02:00,success,[],,2026-07-29T18:00:00+02:00,success,[],,2026-07-29T07:20:45+02:00,2026-07-29T09:00:00+02:00,WALK,,,,99.25,7283.47,99.25,0.0,7283.47,0.0,2026-07-29T18:00:00+02:00,2026-07-29T19:39:16+02:00,WALK,,,,99.26666666666668,7283.47,99.26666666666668,0.0,7283.47,0.0,complete_route,True,0,198.51666666666668,14566.94,198.51666666666668,0.0,14566.94,0.0
MAD-126,Zofío,Usera,DEST_002,Nuevos Ministerios,BICYCLE,Bicicleta,2026-07-29,2026-07-29T09:00:00+02:00,success,[],,2026-07-29T18:00:00+02:00,success,[],,2026-07-29T08:09:48+02:00,2026-07-29T09:00:00+02:00,BICYCLE,,,,50.2,10390.27,0.0,0.0,0.0,0.0,2026-07-29T18:00:00+02:00,2026-07-29T18:51:02+02:00,BICYCLE,,,,51.03333333333333,11164.35,0.0,0.0,0.0,0.0,complete_route,True,0,101.23333333333333,21554.620000000003,0.0,0.0,0.0,0.0
MAD-126,Zofío,Usera,DEST_002,Nuevos Ministerios,CAR,Coche,2026-07-29,2026-07-29T09:00:00+02:00,success,[],,2026-07-29T18:00:00+02:00,success,[],,2026-07-29T08:42:43+02:00,2026-07-29T09:00:00+02:00,CAR,,,,17.283333333333335,15113.42,0.0,0.0,0.0,0.0,2026-07-29T18:00:00+02:00,2026-07-29T18:13:53+02:00,CAR,,,,13.883333333333333,9253.85,0.0,0.0,0.0,0.0,complete_route,True,0,31.166666666666668,24367.27,0.0,0.0,0.0,0.0
MAD-126,Zofío,Usera,DEST_002,Nuevos Ministerios,TRANSIT,Transporte público,2026-07-29,2026-07-29T09:00:00+02:00,success,[],,2026-07-29T18:00:00+02:00,success,[],,2026-07-29T07:39:00+02:00,2026-07-29T08:59:21+02:00,WALK|BUS,BUS,E1|27,Información oficial: Consorcio Regional de Transportes de Madrid,80.35,9607.29,17.5,17.0,1252.29,1.0,2026-07-29T18:00:00+02:00,2026-07-29T19:24:21+02:00,WALK|BUS,BUS,27|E1,Información oficial: Consorcio Regional de Transportes de Madrid,84.35,10019.45,18.616666666666667,20.0,1332.45,1.0,complete_route,True,0,164.7,19626.74,36.11666666666667,37.0,2584.74,2.0
MAD-126,Zofío,Usera,DEST_002,Nuevos Ministerios,WALK,A pie,2026-07-29,2026-07-29T09:00:00+02:00,success,[],,2026-07-29T18:00:00+02:00,success,[],,2026-07-29T06:58:47+02:00,2026-07-29T09:00:00+02:00,WALK,,,,121.21666666666668,8956.76,121.21666666666668,0.0,8956.76,0.0,2026-07-29T18:00:00+02:00,2026-07-29T20:01:13+02:00,WALK,,,,121.21666666666668,8956.76,121.21666666666668,0.0,8956.76,0.0,complete_route,True,0,242.43333333333337,17913.52,242.43333333333337,0.0,17913.52,0.0
MAD-127,Pradolongo,Usera,DEST_002,Nuevos Ministerios,BICYCLE,Bicicleta,2026-07-29,2026-07-29T09:00:00+02:00,success,[],,2026-07-29T18:00:00+02:00,success,[],,2026-07-29T08:08:37+02:00,2026-07-29T09:00:00+02:00,BICYCLE,,,,51.38333333333333,10902.79,0.0,0.0,0.0,0.0,2026-07-29T18:00:00+02:00,2026-07-29T18:52:06+02:00,BICYCLE,,,,52.1,11689.93,0.0,0.0,0.0,0.0,complete_route,True,0,103.48333333333333,22592.72,0.0,0.0,0.0,0.0
MAD-127,Pradolongo,Usera,DEST_002,Nuevos Ministerios,CAR,Coche,2026-07-29,2026-07-29T09:00:00+02:00,success,[],,2026-07-29T18:00:00+02:00,success,[],,2026-07-29T08:43:51+02:00,2026-07-29T09:00:00+02:00,CAR,,,,16.15,14368.87,0.0,0.0,0.0,0.0,2026-07-29T18:00:00+02:00,2026-07-29T18:14:57+02:00,CAR,,,,14.95,9612.23,0.0,0.0,0.0,0.0,complete_route,True,0,31.099999999999998,23981.1,0.0,0.0,0.0,0.0
MAD-127,Pradolongo,Usera,DEST_002,Nuevos Ministerios,TRANSIT,Transporte público,2026-07-29,2026-07-29T09:00:00+02:00,success,[],,2026-07-29T18:00:00+02:00,success,[],,2026-07-29T07:41:00+02:00,2026-07-29T08:59:17+02:00,WALK|BUS,BUS,85|27,Información oficial: Consorcio Regional de Transportes de Madrid,78.28333333333333,8906.83,17.283333333333335,16.0,1214.83,1.0,2026-07-29T18:00:00+02:00,2026-07-29T19:19:02+02:00,WALK|BUS,BUS,27|85,Información oficial: Consorcio Regional de Transportes de Madrid,79.03333333333333,9177.95,16.45,19.0,1213.95,1.0,complete_route,True,0,157.31666666666666,18084.78,33.733333333333334,35.0,2428.7799999999997,2.0
MAD-127,Pradolongo,Usera,DEST_002,Nuevos Ministerios,WALK,A pie,2026-07-29,2026-07-29T09:00:00+02:00,success,[],,2026-07-29T18:00:00+02:00,success,[],,2026-07-29T06:58:12+02:00,2026-07-29T09:00:00+02:00,WALK,,,,121.8,8763.89,121.8,0.0,8763.89,0.0,2026-07-29T18:00:00+02:00,2026-07-29T20:01:51+02:00,WALK,,,,121.85,8763.89,121.85,0.0,8763.89,0.0,complete_route,True,0,243.64999999999998,17527.78,243.64999999999998,0.0,17527.78,0.0
MAD-131,Entrevías,Puente de Vallecas,DEST_002,Nuevos Ministerios,BICYCLE,Bicicleta,2026-07-29,2026-07-29T09:00:00+02:00,success,[],,2026-07-29T18:00:00+02:00,success,[],,2026-07-29T08:02:16+02:00,2026-07-29T09:00:00+02:00,BICYCLE,,,,57.73333333333333,13177.15,0.0,0.0,0.0,0.0,2026-07-29T18:00:00+02:00,2026-07-29T19:00:59+02:00,BICYCLE,,,,60.98333333333333,14532.91,0.0,0.0,0.0,0.0,complete_route,True,0,118.71666666666665,27710.059999999998,0.0,0.0,0.0,0.0
MAD-131,Entrevías,Puente de Vallecas,DEST_002,Nuevos Ministerios,CAR,Coche,2026-07-29,2026-07-29T09:00:00+02:00,success,[],,2026-07-29T18:00:00+02:00,success,[],,2026-07-29T08:44:27+02:00,2026-07-29T09:00:00+02:00,CAR,,,,15.55,12182.93,0.0,0.0,0.0,0.0,2026-07-29T18:00:00+02:00,2026-07-29T18:14:37+02:00,CAR,,,,14.616666666666667,12034.74,0.0,0.0,0.0,0.0,complete_route,True,0,30.166666666666668,24217.67,0.0,0.0,0.0,0.0
MAD-131,Entrevías,Puente de Vallecas,DEST_002,Nuevos Ministerios,TRANSIT,Transporte público,2026-07-29,2026-07-29T09:00:00+02:00,success,[],,2026-07-29T18:00:00+02:00,success,[],,2026-07-29T07:23:00+02:00,2026-07-29T08:36:39+02:00,WALK|BUS,BUS,102|27,Información oficial: Consorcio Regional de Transportes de Madrid,73.65,9545.39,11.483333333333333,13.0,840.39,1.0,2026-07-29T18:00:00+02:00,2026-07-29T19:16:31+02:00,WALK|BUS,BUS,14|102,Información oficial: Consorcio Regional de Transportes de Madrid,76.51666666666667,9810.75,6.15,20.0,445.75,1.0,complete_route,True,0,150.16666666666669,19356.14,17.633333333333333,33.0,1286.1399999999999,2.0
MAD-131,Entrevías,Puente de Vallecas,DEST_002,Nuevos Ministerios,WALK,A pie,2026-07-29,2026-07-29T09:00:00+02:00,success,[],,2026-07-29T18:00:00+02:00,success,[],,2026-07-29T06:46:28+02:00,2026-07-29T09:00:00+02:00,WALK,,,,133.53333333333333,9626.5,133.53333333333333,0.0,9626.5,0.0,2026-07-29T18:00:00+02:00,2026-07-29T20:13:35+02:00,WALK,,,,133.58333333333334,9626.5,133.58333333333334,0.0,9626.5,0.0,complete_route,True,0,267.1166666666667,19253.0,267.1166666666667,0.0,19253.0,0.0
MAD-132,San Diego,Puente de Vallecas,DEST_002,Nuevos Ministerios,BICYCLE,Bicicleta,2026-07-29,2026-07-29T09:00:00+02:00,success,[],,2026-07-29T18:00:00+02:00,success,[],,2026-07-29T08:17:17+02:00,2026-07-29T09:00:00+02:00,BICYCLE,,,,42.71666666666667,8547.99,0.0,0.0,0.0,0.0,2026-07-29T18:00:00+02:00,2026-07-29T18:41:36+02:00,BICYCLE,,,,41.6,8893.57,0.0,0.0,0.0,0.0,complete_route,True,0,84.31666666666666,17441.559999999998,0.0,0.0,0.0,0.0
MAD-132,San Diego,Puente de Vallecas,DEST_002,Nuevos Ministerios,CAR,Coche,2026-07-29,2026-07-29T09:00:00+02:00,success,[],,2026-07-29T18:00:00+02:00,success,[],,2026-07-29T08:47:09+02:00,2026-07-29T09:00:00+02:00,CAR,,,,12.85,10953.21,0.0,0.0,0.0,0.0,2026-07-29T18:00:00+02:00,2026-07-29T18:12:48+02:00,CAR,,,,12.8,10308.8,0.0,0.0,0.0,0.0,complete_route,True,0,25.65,21262.01,0.0,0.0,0.0,0.0
MAD-132,San Diego,Puente de Vallecas,DEST_002,Nuevos Ministerios,TRANSIT,Transporte público,2026-07-29,2026-07-29T09:00:00+02:00,success,[],,2026-07-29T18:00:00+02:00,success,[],,2026-07-29T07:43:00+02:00,2026-07-29T08:56:38+02:00,WALK|BUS,BUS,24|14,Información oficial: Consorcio Regional de Transportes de Madrid,73.63333333333334,8166.22,5.716666666666667,17.0,313.22,1.0,2026-07-29T18:00:00+02:00,2026-07-29T19:12:09+02:00,WALK|BUS,BUS,14|24,Información oficial: Consorcio Regional de Transportes de Madrid,72.15,8330.89,4.516666666666667,21.0,297.89,1.0,complete_route,True,0,145.78333333333336,16497.11,10.233333333333334,38.0,611.11,2.0
MAD-132,San Diego,Puente de Vallecas,DEST_002,Nuevos Ministerios,WALK,A pie,2026-07-29,2026-07-29T09:00:00+02:00,success,[],,2026-07-29T18:00:00+02:00,success,[],,2026-07-29T07:06:34+02:00,2026-07-29T09:00:00+02:00,WALK,,,,113.43333333333334,8107.07,113.43333333333334,0.0,8107.07,0.0,2026-07-29T18:00:00+02:00,2026-07-29T19:53:29+02:00,WALK,,,,113.48333333333332,8107.07,113.48333333333332,0.0,8107.07,0.0,complete_route,True,0,226.91666666666666,16214.14,226.91666666666666,0.0,16214.14,0.0
MAD-133,Palomeras Bajas,Puente de Vallecas,DEST_002,Nuevos Ministerios,BICYCLE,Bicicleta,2026-07-29,2026-07-29T09:00:00+02:00,success,[],,2026-07-29T18:00:00+02:00,success,[],,2026-07-29T08:13:03+02:00,2026-07-29T09:00:00+02:00,BICYCLE,,,,46.95,9464.02,0.0,0.0,0.0,0.0,2026-07-29T18:00:00+02:00,2026-07-29T18:45:17+02:00,BICYCLE,,,,45.28333333333333,9615.63,0.0,0.0,0.0,0.0,complete_route,True,0,92.23333333333333,19079.65,0.0,0.0,0.0,0.0
MAD-133,Palomeras Bajas,Puente de Vallecas,DEST_002,Nuevos Ministerios,CAR,Coche,2026-07-29,2026-07-29T09:00:00+02:00,success,[],,2026-07-29T18:00:00+02:00,success,[],,2026-07-29T08:43:41+02:00,2026-07-29T09:00:00+02:00,CAR,,,,16.316666666666666,11665.63,0.0,0.0,0.0,0.0,2026-07-29T18:00:00+02:00,2026-07-29T18:14:49+02:00,CAR,,,,14.816666666666666,11520.17,0.0,0.0,0.0,0.0,complete_route,True,0,31.133333333333333,23185.8,0.0,0.0,0.0,0.0
MAD-133,Palomeras Bajas,Puente de Vallecas,DEST_002,Nuevos Ministerios,TRANSIT,Transporte público,2026-07-29,2026-07-29T09:00:00+02:00,success,[],,2026-07-29T18:00:00+02:00,success,[],,2026-07-29T07:34:00+02:00,2026-07-29T08:59:40+02:00,WALK|BUS,BUS,10|C2,Información oficial: Consorcio Regional de Transportes de Madrid,85.66666666666667,10103.51,12.883333333333333,16.0,924.51,1.0,2026-07-29T18:00:00+02:00,2026-07-29T19:21:20+02:00,WALK|BUS,BUS,27|10,Información oficial: Consorcio Regional de Transportes de Madrid,81.33333333333333,9931.14,10.683333333333334,18.0,774.1400000000001,1.0,complete_route,True,0,167.0,20034.65,23.566666666666666,34.0,1698.65,2.0
MAD-133,Palomeras Bajas,Puente de Vallecas,DEST_002,Nuevos Ministerios,WALK,A pie,2026-07-29,2026-07-29T09:00:00+02:00,success,[],,2026-07-29T18:00:00+02:00,success,[],,2026-07-29T06:58:13+02:00,2026-07-29T09:00:00+02:00,WALK,,,,121.78333333333332,8845.99,121.78333333333332,0.0,8845.99,0.0,2026-07-29T18:00:00+02:00,2026-07-29T20:01:48+02:00,WALK,,,,121.8,8845.99,121.8,0.0,8845.99,0.0,complete_route,True,0,243.58333333333331,17691.98,243.58333333333331,0.0,17691.98,0.0
MAD-134,Palomeras Sureste,Puente de Vallecas,DEST_002,Nuevos Ministerios,BICYCLE,Bicicleta,2026-07-29,2026-07-29T09:00:00+02:00,success,[],,2026-07-29T18:00:00+02:00,success,[],,2026-07-29T08:07:14+02:00,2026-07-29T09:00:00+02:00,BICYCLE,,,,52.766666666666666,13252.02,0.0,0.0,0.0,0.0,2026-07-29T18:00:00+02:00,2026-07-29T18:52:42+02:00,BICYCLE,,,,52.7,12507.08,0.0,0.0,0.0,0.0,complete_route,True,0,105.46666666666667,25759.1,0.0,0.0,0.0,0.0
MAD-134,Palomeras Sureste,Puente de Vallecas,DEST_002,Nuevos Ministerios,CAR,Coche,2026-07-29,2026-07-29T09:00:00+02:00,success,[],,2026-07-29T18:00:00+02:00,success,[],,2026-07-29T08:46:07+02:00,2026-07-29T09:00:00+02:00,CAR,,,,13.883333333333333,13745.74,0.0,0.0,0.0,0.0,2026-07-29T18:00:00+02:00,2026-07-29T18:12:16+02:00,CAR,,,,12.266666666666667,11930.58,0.0,0.0,0.0,0.0,complete_route,True,0,26.15,25676.32,0.0,0.0,0.0,0.0
MAD-134,Palomeras Sureste,Puente de Vallecas,DEST_002,Nuevos Ministerios,TRANSIT,Transporte público,2026-07-29,2026-07-29T09:00:00+02:00,success,[],,2026-07-29T18:00:00+02:00,success,[],,2026-07-29T07:36:00+02:00,2026-07-29T08:59:34+02:00,WALK|BUS,BUS,143|C2,Información oficial: Consorcio Regional de Transportes de Madrid,83.56666666666666,10751.26,4.55,17.0,321.26,1.0,2026-07-29T18:00:00+02:00,2026-07-29T19:20:40+02:00,WALK|BUS,BUS,C1|143,Información oficial: Consorcio Regional de Transportes de Madrid,80.66666666666667,10653.76,5.366666666666666,19.0,371.76,1.0,complete_route,True,0,164.23333333333335,21405.02,9.916666666666666,36.0,693.02,2.0
MAD-134,Palomeras Sureste,Puente de Vallecas,DEST_002,Nuevos Ministerios,WALK,A pie,2026-07-29,2026-07-29T09:00:00+02:00,success,[],,2026-07-29T18:00:00+02:00,success,[],,2026-07-29T06:38:26+02:00,2026-07-29T09:00:00+02:00,WALK,,,,141.56666666666666,10502.6,141.56666666666666,0.0,10502.6,0.0,2026-07-29T18:00:00+02:00,2026-07-29T20:21:34+02:00,WALK,,,,141.56666666666666,10502.6,141.56666666666666,0.0,10502.6,0.0,complete_route,True,0,283.1333333333333,21005.2,283.1333333333333,0.0,21005.2,0.0
MAD-135,Portazgo,Puente de Vallecas,DEST_002,Nuevos Ministerios,BICYCLE,Bicicleta,2026-07-29,2026-07-29T09:00:00+02:00,success,[],,2026-07-29T18:00:00+02:00,success,[],,2026-07-29T08:09:30+02:00,2026-07-29T09:00:00+02:00,BICYCLE,,,,50.5,10403.55,0.0,0.0,0.0,0.0,2026-07-29T18:00:00+02:00,2026-07-29T18:47:12+02:00,BICYCLE,,,,47.2,10883.77,0.0,0.0,0.0,0.0,complete_route,True,0,97.7,21287.32,0.0,0.0,0.0,0.0
MAD-135,Portazgo,Puente de Vallecas,DEST_002,Nuevos Ministerios,CAR,Coche,2026-07-29,2026-07-29T09:00:00+02:00,success,[],,2026-07-29T18:00:00+02:00,success,[],,2026-07-29T08:45:09+02:00,2026-07-29T09:00:00+02:00,CAR,,,,14.85,11675.05,0.0,0.0,0.0,0.0,2026-07-29T18:00:00+02:00,2026-07-29T18:13:49+02:00,CAR,,,,13.816666666666666,11355.02,0.0,0.0,0.0,0.0,complete_route,True,0,28.666666666666664,23030.07,0.0,0.0,0.0,0.0
MAD-135,Portazgo,Puente de Vallecas,DEST_002,Nuevos Ministerios,TRANSIT,Transporte público,2026-07-29,2026-07-29T09:00:00+02:00,success,[],,2026-07-29T18:00:00+02:00,success,[],,2026-07-29T07:42:00+02:00,2026-07-29T08:59:34+02:00,WALK|BUS,BUS,143|C2,Información oficial: Consorcio Regional de Transportes de Madrid,77.56666666666666,9546.77,6.016666666666667,17.0,419.77,1.0,2026-07-29T18:00:00+02:00,2026-07-29T19:16:16+02:00,WALK|BUS,BUS,C1|143,Información oficial: Consorcio Regional de Transportes de Madrid,76.26666666666667,9830.08,5.083333333333333,19.0,353.08000000000004,1.0,complete_route,True,0,153.83333333333331,19376.85,11.1,36.0,772.85,2.0
MAD-135,Portazgo,Puente de Vallecas,DEST_002,Nuevos Ministerios,WALK,A pie,2026-07-29,2026-07-29T09:00:00+02:00,success,[],,2026-07-29T18:00:00+02:00,success,[],,2026-07-29T06:54:54+02:00,2026-07-29T09:00:00+02:00,WALK,,,,125.1,9285.77,125.1,0.0,9285.77,0.0,2026-07-29T18:00:00+02:00,2026-07-29T20:05:06+02:00,WALK,,,,125.1,9285.77,125.1,0.0,9285.77,0.0,complete_route,True,0,250.2,18571.54,250.2,0.0,18571.54,0.0
MAD-136,Numancia,Puente de Vallecas,DEST_002,Nuevos Ministerios,BICYCLE,Bicicleta,2026-07-29,2026-07-29T09:00:00+02:00,success,[],,2026-07-29T18:00:00+02:00,success,[],,2026-07-29T08:15:54+02:00,2026-07-29T09:00:00+02:00,BICYCLE,,,,44.1,8512.35,0.0,0.0,0.0,0.0,2026-07-29T18:00:00+02:00,2026-07-29T18:39:25+02:00,BICYCLE,,,,39.41666666666666,8369.65,0.0,0.0,0.0,0.0,complete_route,True,0,83.51666666666665,16882.0,0.0,0.0,0.0,0.0
MAD-136,Numancia,Puente de Vallecas,DEST_002,Nuevos Ministerios,CAR,Coche,2026-07-29,2026-07-29T09:00:00+02:00,success,[],,2026-07-29T18:00:00+02:00,success,[],,2026-07-29T08:47:47+02:00,2026-07-29T09:00:00+02:00,CAR,,,,12.216666666666669,9646.54,0.0,0.0,0.0,0.0,2026-07-29T18:00:00+02:00,2026-07-29T18:12:05+02:00,CAR,,,,12.083333333333334,9773.25,0.0,0.0,0.0,0.0,complete_route,True,0,24.300000000000004,19419.79,0.0,0.0,0.0,0.0
MAD-136,Numancia,Puente de Vallecas,DEST_002,Nuevos Ministerios,TRANSIT,Transporte público,2026-07-29,2026-07-29T09:00:00+02:00,success,[],,2026-07-29T18:00:00+02:00,success,[],,2026-07-29T07:44:00+02:00,2026-07-29T08:52:32+02:00,WALK|BUS,BUS,56|C2,Información oficial: Consorcio Regional de Transportes de Madrid,68.53333333333333,8122.93,6.55,15.0,454.93,1.0,2026-07-29T18:00:00+02:00,2026-07-29T19:11:40+02:00,WALK|BUS,BUS,C1|143,Información oficial: Consorcio Regional de Transportes de Madrid,71.66666666666667,7945.39,13.266666666666667,19.0,963.39,1.0,complete_route,True,0,140.2,16068.32,19.816666666666666,34.0,1418.32,2.0
MAD-136,Numancia,Puente de Vallecas,DEST_002,Nuevos Ministerios,WALK,A pie,2026-07-29,2026-07-29T09:00:00+02:00,success,[],,2026-07-29T18:00:00+02:00,success,[],,2026-07-29T07:14:23+02:00,2026-07-29T09:00:00+02:00,WALK,,,,105.61666666666666,7724.44,105.61666666666666,0.0,7724.44,0.0,2026-07-29T18:00:00+02:00,2026-07-29T19:45:58+02:00,WALK,,,,105.96666666666668,7785.49,105.96666666666668,0.0,7785.49,0.0,complete_route,True,0,211.58333333333334,15509.93,211.58333333333334,0.0,15509.93,0.0
MAD-141,Pavones,Moratalaz,DEST_002,Nuevos Ministerios,BICYCLE,Bicicleta,2026-07-29,2026-07-29T09:00:00+02:00,success,[],,2026-07-29T18:00:00+02:00,success,[],,2026-07-29T08:14:06+02:00,2026-07-29T09:00:00+02:00,BICYCLE,,,,45.9,10988.02,0.0,0.0,0.0,0.0,2026-07-29T18:00:00+02:00,2026-07-29T18:46:46+02:00,BICYCLE,,,,46.766666666666666,10680.35,0.0,0.0,0.0,0.0,complete_route,True,0,92.66666666666666,21668.370000000003,0.0,0.0,0.0,0.0
MAD-141,Pavones,Moratalaz,DEST_002,Nuevos Ministerios,CAR,Coche,2026-07-29,2026-07-29T09:00:00+02:00,success,[],,2026-07-29T18:00:00+02:00,success,[],,2026-07-29T08:46:26+02:00,2026-07-29T09:00:00+02:00,CAR,,,,13.566666666666666,11039.36,0.0,0.0,0.0,0.0,2026-07-29T18:00:00+02:00,2026-07-29T18:13:20+02:00,CAR,,,,13.333333333333334,11502.04,0.0,0.0,0.0,0.0,complete_route,True,0,26.9,22541.4,0.0,0.0,0.0,0.0
MAD-141,Pavones,Moratalaz,DEST_002,Nuevos Ministerios,TRANSIT,Transporte público,2026-07-29,2026-07-29T09:00:00+02:00,success,[],,2026-07-29T18:00:00+02:00,success,[],,2026-07-29T07:46:00+02:00,2026-07-29T08:59:11+02:00,WALK|BUS,BUS,E4|C2,Información oficial: Consorcio Regional de Transportes de Madrid,73.18333333333334,10131.35,9.216666666666669,15.0,672.35,1.0,2026-07-29T18:00:00+02:00,2026-07-29T19:09:17+02:00,WALK|BUS,BUS,C1|E4,Información oficial: Consorcio Regional de Transportes de Madrid,69.28333333333333,9841.86,14.733333333333333,16.0,1038.86,1.0,complete_route,True,0,142.46666666666667,19973.21,23.950000000000003,31.0,1711.21,2.0
MAD-141,Pavones,Moratalaz,DEST_002,Nuevos Ministerios,WALK,A pie,2026-07-29,2026-07-29T09:00:00+02:00,success,[],,2026-07-29T18:00:00+02:00,success,[],,2026-07-29T06:53:27+02:00,2026-07-29T09:00:00+02:00,WALK,,,,126.55,9300.28,126.55,0.0,9300.28,0.0,2026-07-29T18:00:00+02:00,2026-07-29T20:06:33+02:00,WALK,,,,126.55,9300.28,126.55,0.0,9300.28,0.0,complete_route,True,0,253.1,18600.56,253.1,0.0,18600.56,0.0
MAD-142,Horcajo,Moratalaz,DEST_002,Nuevos Ministerios,BICYCLE,Bicicleta,2026-07-29,2026-07-29T09:00:00+02:00,success,[],,2026-07-29T18:00:00+02:00,success,[],,2026-07-29T08:20:09+02:00,2026-07-29T09:00:00+02:00,BICYCLE,,,,39.85,9355.4,0.0,0.0,0.0,0.0,2026-07-29T18:00:00+02:00,2026-07-29T18:40:48+02:00,BICYCLE,,,,40.8,9002.42,0.0,0.0,0.0,0.0,complete_route,True,0,80.65,18357.82,0.0,0.0,0.0,0.0
MAD-142,Horcajo,Moratalaz,DEST_002,Nuevos Ministerios,CAR,Coche,2026-07-29,2026-07-29T09:00:00+02:00,success,[],,2026-07-29T18:00:00+02:00,success,[],,2026-07-29T08:47:07+02:00,2026-07-29T09:00:00+02:00,CAR,,,,12.883333333333333,10284.72,0.0,0.0,0.0,0.0,2026-07-29T18:00:00+02:00,2026-07-29T18:11:54+02:00,CAR,,,,11.9,11038.19,0.0,0.0,0.0,0.0,complete_route,True,0,24.78333333333333,21322.91,0.0,0.0,0.0,0.0
MAD-142,Horcajo,Moratalaz,DEST_002,Nuevos Ministerios,TRANSIT,Transporte público,2026-07-29,2026-07-29T09:00:00+02:00,success,[],,2026-07-29T18:00:00+02:00,success,[],,2026-07-29T07:48:00+02:00,2026-07-29T08:52:43+02:00,WALK|BUS,BUS,E4|C2,Información oficial: Consorcio Regional de Transportes de Madrid,64.71666666666667,8550.86,10.7,14.0,796.86,1.0,2026-07-29T18:00:00+02:00,2026-07-29T19:05:31+02:00,WALK|BUS,BUS,C1|E4,Información oficial: Consorcio Regional de Transportes de Madrid,65.51666666666667,8539.82,15.116666666666667,16.0,1044.8200000000002,1.0,complete_route,True,0,130.23333333333335,17090.68,25.816666666666666,30.0,1841.6800000000003,2.0
MAD-142,Horcajo,Moratalaz,DEST_002,Nuevos Ministerios,WALK,A pie,2026-07-29,2026-07-29T09:00:00+02:00,success,[],,2026-07-29T18:00:00+02:00,success,[],,2026-07-29T07:02:06+02:00,2026-07-29T09:00:00+02:00,WALK,,,,117.9,8762.53,117.9,0.0,8762.53,0.0,2026-07-29T18:00:00+02:00,2026-07-29T19:57:54+02:00,WALK,,,,117.9,8762.53,117.9,0.0,8762.53,0.0,complete_route,True,0,235.8,17525.06,235.8,0.0,17525.06,0.0
MAD-143,Marroquina,Moratalaz,DEST_002,Nuevos Ministerios,BICYCLE,Bicicleta,2026-07-29,2026-07-29T09:00:00+02:00,success,[],,2026-07-29T18:00:00+02:00,success,[],,2026-07-29T08:19:22+02:00,2026-07-29T09:00:00+02:00,BICYCLE,,,,40.63333333333333,8557.28,0.0,0.0,0.0,0.0,2026-07-29T18:00:00+02:00,2026-07-29T18:37:51+02:00,BICYCLE,,,,37.85,8572.88,0.0,0.0,0.0,0.0,complete_route,True,0,78.48333333333333,17130.16,0.0,0.0,0.0,0.0
MAD-143,Marroquina,Moratalaz,DEST_002,Nuevos Ministerios,CAR,Coche,2026-07-29,2026-07-29T09:00:00+02:00,success,[],,2026-07-29T18:00:00+02:00,success,[],,2026-07-29T08:47:25+02:00,2026-07-29T09:00:00+02:00,CAR,,,,12.583333333333334,9495.99,0.0,0.0,0.0,0.0,2026-07-29T18:00:00+02:00,2026-07-29T18:12:00+02:00,CAR,,,,12.0,9735.02,0.0,0.0,0.0,0.0,complete_route,True,0,24.583333333333336,19231.010000000002,0.0,0.0,0.0,0.0
MAD-143,Marroquina,Moratalaz,DEST_002,Nuevos Ministerios,TRANSIT,Transporte público,2026-07-29,2026-07-29T09:00:00+02:00,success,[],,2026-07-29T18:00:00+02:00,success,[],,2026-07-29T07:43:00+02:00,2026-07-29T08:59:59+02:00,WALK|BUS,BUS,71|C2,Información oficial: Consorcio Regional de Transportes de Madrid,76.98333333333333,8627.86,8.616666666666667,21.0,627.86,1.0,2026-07-29T18:00:00+02:00,2026-07-29T19:11:26+02:00,WALK|BUS,BUS,C1|30,Información oficial: Consorcio Regional de Transportes de Madrid,71.43333333333334,9308.34,6.85,16.0,439.34,1.0,complete_route,True,0,148.41666666666669,17936.2,15.466666666666667,37.0,1067.2,2.0
MAD-143,Marroquina,Moratalaz,DEST_002,Nuevos Ministerios,WALK,A pie,2026-07-29,2026-07-29T09:00:00+02:00,success,[],,2026-07-29T18:00:00+02:00,success,[],,2026-07-29T07:17:37+02:00,2026-07-29T09:00:00+02:00,WALK,,,,102.38333333333334,7574.48,102.38333333333334,0.0,7574.48,0.0,2026-07-29T18:00:00+02:00,2026-07-29T19:42:23+02:00,WALK,,,,102.38333333333334,7574.48,102.38333333333334,0.0,7574.48,0.0,complete_route,True,0,204.76666666666668,15148.96,204.76666666666668,0.0,15148.96,0.0
MAD-144,Media Legua,Moratalaz,DEST_002,Nuevos Ministerios,BICYCLE,Bicicleta,2026-07-29,2026-07-29T09:00:00+02:00,success,[],,2026-07-29T18:00:00+02:00,success,[],,2026-07-29T08:24:43+02:00,2026-07-29T09:00:00+02:00,BICYCLE,,,,35.28333333333333,6939.45,0.0,0.0,0.0,0.0,2026-07-29T18:00:00+02:00,2026-07-29T18:32:23+02:00,BICYCLE,,,,32.38333333333333,7059.1,0.0,0.0,0.0,0.0,complete_route,True,0,67.66666666666666,13998.55,0.0,0.0,0.0,0.0
MAD-144,Media Legua,Moratalaz,DEST_002,Nuevos Ministerios,CAR,Coche,2026-07-29,2026-07-29T09:00:00+02:00,success,[],,2026-07-29T18:00:00+02:00,success,[],,2026-07-29T08:49:03+02:00,2026-07-29T09:00:00+02:00,CAR,,,,10.95,8662.81,0.0,0.0,0.0,0.0,2026-07-29T18:00:00+02:00,2026-07-29T18:10:38+02:00,CAR,,,,10.633333333333333,8343.04,0.0,0.0,0.0,0.0,complete_route,True,0,21.583333333333332,17005.85,0.0,0.0,0.0,0.0
MAD-144,Media Legua,Moratalaz,DEST_002,Nuevos Ministerios,TRANSIT,Transporte público,2026-07-29,2026-07-29T09:00:00+02:00,success,[],,2026-07-29T18:00:00+02:00,success,[],,2026-07-29T07:52:00+02:00,2026-07-29T08:50:53+02:00,WALK|BUS,BUS,30|C2,Información oficial: Consorcio Regional de Transportes de Madrid,58.88333333333333,6226.37,7.0,17.0,484.37,1.0,2026-07-29T18:00:00+02:00,2026-07-29T18:57:50+02:00,WALK|BUS,BUS,C1|30,Información oficial: Consorcio Regional de Transportes de Madrid,57.833333333333336,6466.19,7.866666666666666,16.0,539.19,1.0,complete_route,True,0,116.71666666666667,12692.56,14.866666666666667,33.0,1023.5600000000001,2.0
MAD-144,Media Legua,Moratalaz,DEST_002,Nuevos Ministerios,WALK,A pie,2026-07-29,2026-07-29T09:00:00+02:00,success,[],,2026-07-29T18:00:00+02:00,success,[],,2026-07-29T07:33:15+02:00,2026-07-29T09:00:00+02:00,WALK,,,,86.75,6306.05,86.75,0.0,6306.05,0.0,2026-07-29T18:00:00+02:00,2026-07-29T19:26:45+02:00,WALK,,,,86.75,6306.05,86.75,0.0,6306.05,0.0,complete_route,True,0,173.5,12612.1,173.5,0.0,12612.1,0.0
MAD-145,Fontarrón,Moratalaz,DEST_002,Nuevos Ministerios,BICYCLE,Bicicleta,2026-07-29,2026-07-29T09:00:00+02:00,success,[],,2026-07-29T18:00:00+02:00,success,[],,2026-07-29T08:15:03+02:00,2026-07-29T09:00:00+02:00,BICYCLE,,,,44.95,9265.67,0.0,0.0,0.0,0.0,2026-07-29T18:00:00+02:00,2026-07-29T18:42:40+02:00,BICYCLE,,,,42.66666666666666,9747.74,0.0,0.0,0.0,0.0,complete_route,True,0,87.61666666666666,19013.41,0.0,0.0,0.0,0.0
MAD-145,Fontarrón,Moratalaz,DEST_002,Nuevos Ministerios,CAR,Coche,2026-07-29,2026-07-29T09:00:00+02:00,success,[],,2026-07-29T18:00:00+02:00,success,[],,2026-07-29T08:47:39+02:00,2026-07-29T09:00:00+02:00,CAR,,,,12.35,10159.85,0.0,0.0,0.0,0.0,2026-07-29T18:00:00+02:00,2026-07-29T18:13:32+02:00,CAR,,,,13.533333333333331,10146.32,0.0,0.0,0.0,0.0,complete_route,True,0,25.883333333333333,20306.17,0.0,0.0,0.0,0.0
MAD-145,Fontarrón,Moratalaz,DEST_002,Nuevos Ministerios,TRANSIT,Transporte público,2026-07-29,2026-07-29T09:00:00+02:00,success,[],,2026-07-29T18:00:00+02:00,success,[],,2026-07-29T07:49:00+02:00,2026-07-29T08:59:54+02:00,WALK|BUS,BUS,143|C2,Información oficial: Consorcio Regional de Transportes de Madrid,70.9,8301.33,7.116666666666666,17.0,530.33,1.0,2026-07-29T18:00:00+02:00,2026-07-29T19:07:35+02:00,WALK|BUS,BUS,C1|30,Información oficial: Consorcio Regional de Transportes de Madrid,67.58333333333333,8328.58,8.716666666666667,16.0,610.58,1.0,complete_route,True,0,138.48333333333335,16629.91,15.833333333333332,33.0,1140.91,2.0
MAD-145,Fontarrón,Moratalaz,DEST_002,Nuevos Ministerios,WALK,A pie,2026-07-29,2026-07-29T09:00:00+02:00,success,[],,2026-07-29T18:00:00+02:00,success,[],,2026-07-29T07:08:36+02:00,2026-07-29T09:00:00+02:00,WALK,,,,111.4,8144.52,111.4,0.0,8144.52,0.0,2026-07-29T18:00:00+02:00,2026-07-29T19:51:24+02:00,WALK,,,,111.4,8144.52,111.4,0.0,8144.52,0.0,complete_route,True,0,222.8,16289.04,222.8,0.0,16289.04,0.0
MAD-146,Vinateros,Moratalaz,DEST_002,Nuevos Ministerios,BICYCLE,Bicicleta,2026-07-29,2026-07-29T09:00:00+02:00,success,[],,2026-07-29T18:00:00+02:00,success,[],,2026-07-29T08:17:42+02:00,2026-07-29T09:00:00+02:00,BICYCLE,,,,42.3,8574.46,0.0,0.0,0.0,0.0,2026-07-29T18:00:00+02:00,2026-07-29T18:38:22+02:00,BICYCLE,,,,38.36666666666667,8574.71,0.0,0.0,0.0,0.0,complete_route,True,0,80.66666666666666,17149.17,0.0,0.0,0.0,0.0
MAD-146,Vinateros,Moratalaz,DEST_002,Nuevos Ministerios,CAR,Coche,2026-07-29,2026-07-29T09:00:00+02:00,success,[],,2026-07-29T18:00:00+02:00,success,[],,2026-07-29T08:47:18+02:00,2026-07-29T09:00:00+02:00,CAR,,,,12.7,9779.53,0.0,0.0,0.0,0.0,2026-07-29T18:00:00+02:00,2026-07-29T18:12:00+02:00,CAR,,,,12.0,9606.17,0.0,0.0,0.0,0.0,complete_route,True,0,24.7,19385.7,0.0,0.0,0.0,0.0
MAD-146,Vinateros,Moratalaz,DEST_002,Nuevos Ministerios,TRANSIT,Transporte público,2026-07-29,2026-07-29T09:00:00+02:00,success,[],,2026-07-29T18:00:00+02:00,success,[],,2026-07-29T07:47:00+02:00,2026-07-29T08:59:09+02:00,WALK|BUS,BUS,30|C2,Información oficial: Consorcio Regional de Transportes de Madrid,72.15,8125.09,5.783333333333333,18.0,423.09,1.0,2026-07-29T18:00:00+02:00,2026-07-29T19:07:42+02:00,WALK|BUS,BUS,C1|30,Información oficial: Consorcio Regional de Transportes de Madrid,67.7,8330.1,8.833333333333334,16.0,612.1,1.0,complete_route,True,0,139.85000000000002,16455.190000000002,14.616666666666667,34.0,1035.19,2.0
MAD-146,Vinateros,Moratalaz,DEST_002,Nuevos Ministerios,WALK,A pie,2026-07-29,2026-07-29T09:00:00+02:00,success,[],,2026-07-29T18:00:00+02:00,success,[],,2026-07-29T07:12:04+02:00,2026-07-29T09:00:00+02:00,WALK,,,,107.93333333333334,7899.75,107.93333333333334,0.0,7899.75,0.0,2026-07-29T18:00:00+02:00,2026-07-29T19:47:56+02:00,WALK,,,,107.93333333333334,7899.75,107.93333333333334,0.0,7899.75,0.0,complete_route,True,0,215.86666666666667,15799.5,215.86666666666667,0.0,15799.5,0.0
MAD-151,Ventas,Ciudad Lineal,DEST_002,Nuevos Ministerios,BICYCLE,Bicicleta,2026-07-29,2026-07-29T09:00:00+02:00,success,[],,2026-07-29T18:00:00+02:00,success,[],,2026-07-29T08:29:35+02:00,2026-07-29T09:00:00+02:00,BICYCLE,,,,30.416666666666668,6750.51,0.0,0.0,0.0,0.0,2026-07-29T18:00:00+02:00,2026-07-29T18:30:25+02:00,BICYCLE,,,,30.416666666666668,6200.12,0.0,0.0,0.0,0.0,complete_route,True,0,60.833333333333336,12950.630000000001,0.0,0.0,0.0,0.0
MAD-151,Ventas,Ciudad Lineal,DEST_002,Nuevos Ministerios,CAR,Coche,2026-07-29,2026-07-29T09:00:00+02:00,success,[],,2026-07-29T18:00:00+02:00,success,[],,2026-07-29T08:49:12+02:00,2026-07-29T09:00:00+02:00,CAR,,,,10.8,7463.84,0.0,0.0,0.0,0.0,2026-07-29T18:00:00+02:00,2026-07-29T18:10:51+02:00,CAR,,,,10.85,7734.66,0.0,0.0,0.0,0.0,complete_route,True,0,21.65,15198.5,0.0,0.0,0.0,0.0
MAD-151,Ventas,Ciudad Lineal,DEST_002,Nuevos Ministerios,TRANSIT,Transporte público,2026-07-29,2026-07-29T09:00:00+02:00,success,[],,2026-07-29T18:00:00+02:00,success,[],,2026-07-29T07:48:00+02:00,2026-07-29T08:50:11+02:00,WALK|BUS,BUS,210|C2,Información oficial: Consorcio Regional de Transportes de Madrid,62.18333333333333,6517.94,3.1166666666666667,17.0,224.94,1.0,2026-07-29T18:00:00+02:00,2026-07-29T19:00:14+02:00,WALK|BUS,BUS,C1,Información oficial: Consorcio Regional de Transportes de Madrid,60.23333333333333,5612.05,35.016666666666666,6.0,2567.05,0.0,complete_route,True,0,122.41666666666666,12129.99,38.13333333333333,23.0,2791.9900000000002,1.0
MAD-151,Ventas,Ciudad Lineal,DEST_002,Nuevos Ministerios,WALK,A pie,2026-07-29,2026-07-29T09:00:00+02:00,success,[],,2026-07-29T18:00:00+02:00,success,[],,2026-07-29T07:43:44+02:00,2026-07-29T09:00:00+02:00,WALK,,,,76.26666666666667,5536.63,76.26666666666667,0.0,5536.63,0.0,2026-07-29T18:00:00+02:00,2026-07-29T19:16:23+02:00,WALK,,,,76.38333333333334,5536.63,76.38333333333334,0.0,5536.63,0.0,complete_route,True,0,152.65,11073.26,152.65,0.0,11073.26,0.0
MAD-152,Pueblo Nuevo,Ciudad Lineal,DEST_002,Nuevos Ministerios,BICYCLE,Bicicleta,2026-07-29,2026-07-29T09:00:00+02:00,success,[],,2026-07-29T18:00:00+02:00,success,[],,2026-07-29T08:29:40+02:00,2026-07-29T09:00:00+02:00,BICYCLE,,,,30.33333333333333,7369.5,0.0,0.0,0.0,0.0,2026-07-29T18:00:00+02:00,2026-07-29T18:30:56+02:00,BICYCLE,,,,30.933333333333334,6976.03,0.0,0.0,0.0,0.0,complete_route,True,0,61.266666666666666,14345.529999999999,0.0,0.0,0.0,0.0
MAD-152,Pueblo Nuevo,Ciudad Lineal,DEST_002,Nuevos Ministerios,CAR,Coche,2026-07-29,2026-07-29T09:00:00+02:00,success,[],,2026-07-29T18:00:00+02:00,success,[],,2026-07-29T08:46:36+02:00,2026-07-29T09:00:00+02:00,CAR,,,,13.4,7736.42,0.0,0.0,0.0,0.0,2026-07-29T18:00:00+02:00,2026-07-29T18:12:03+02:00,CAR,,,,12.05,7927.76,0.0,0.0,0.0,0.0,complete_route,True,0,25.450000000000003,15664.18,0.0,0.0,0.0,0.0
MAD-152,Pueblo Nuevo,Ciudad Lineal,DEST_002,Nuevos Ministerios,TRANSIT,Transporte público,2026-07-29,2026-07-29T09:00:00+02:00,success,[],,2026-07-29T18:00:00+02:00,success,[],,2026-07-29T07:47:00+02:00,2026-07-29T08:47:48+02:00,WALK|BUS,BUS,106|C2,Información oficial: Consorcio Regional de Transportes de Madrid,60.8,6992.67,7.1,20.0,504.67,1.0,2026-07-29T18:00:00+02:00,2026-07-29T19:07:08+02:00,WALK|BUS,BUS,C1|223|70,Información oficial: Consorcio Regional de Transportes de Madrid|Consorcio Regional de Transportes de Madrid,67.13333333333334,8289.96,23.383333333333333,17.966666666666665,1652.96,2.0,complete_route,True,0,127.93333333333334,15282.63,30.483333333333334,37.96666666666667,2157.63,3.0
MAD-152,Pueblo Nuevo,Ciudad Lineal,DEST_002,Nuevos Ministerios,WALK,A pie,2026-07-29,2026-07-29T09:00:00+02:00,success,[],,2026-07-29T18:00:00+02:00,success,[],,2026-07-29T07:29:13+02:00,2026-07-29T09:00:00+02:00,WALK,,,,90.78333333333332,6641.75,90.78333333333332,0.0,6641.75,0.0,2026-07-29T18:00:00+02:00,2026-07-29T19:30:47+02:00,WALK,,,,90.78333333333332,6641.75,90.78333333333332,0.0,6641.75,0.0,complete_route,True,0,181.56666666666663,13283.5,181.56666666666663,0.0,13283.5,0.0
MAD-153,Quintana,Ciudad Lineal,DEST_002,Nuevos Ministerios,BICYCLE,Bicicleta,2026-07-29,2026-07-29T09:00:00+02:00,success,[],,2026-07-29T18:00:00+02:00,success,[],,2026-07-29T08:36:07+02:00,2026-07-29T09:00:00+02:00,BICYCLE,,,,23.883333333333333,5707.86,0.0,0.0,0.0,0.0,2026-07-29T18:00:00+02:00,2026-07-29T18:25:44+02:00,BICYCLE,,,,25.73333333333333,5498.62,0.0,0.0,0.0,0.0,complete_route,True,0,49.61666666666666,11206.48,0.0,0.0,0.0,0.0
MAD-153,Quintana,Ciudad Lineal,DEST_002,Nuevos Ministerios,CAR,Coche,2026-07-29,2026-07-29T09:00:00+02:00,success,[],,2026-07-29T18:00:00+02:00,success,[],,2026-07-29T08:49:41+02:00,2026-07-29T09:00:00+02:00,CAR,,,,10.316666666666666,6174.69,0.0,0.0,0.0,0.0,2026-07-29T18:00:00+02:00,2026-07-29T18:10:06+02:00,CAR,,,,10.1,6310.64,0.0,0.0,0.0,0.0,complete_route,True,0,20.416666666666664,12485.33,0.0,0.0,0.0,0.0
MAD-153,Quintana,Ciudad Lineal,DEST_002,Nuevos Ministerios,TRANSIT,Transporte público,2026-07-29,2026-07-29T09:00:00+02:00,success,[],,2026-07-29T18:00:00+02:00,success,[],,2026-07-29T08:05:54+02:00,2026-07-29T08:57:44+02:00,WALK|BUS,BUS,223|C2,Consorcio Regional de Transportes de Madrid|Información oficial: Consorcio Regional de Transportes de Madrid,51.833333333333336,6417.8,30.78333333333333,8.0,2245.8,1.0,2026-07-29T18:00:00+02:00,2026-07-29T18:52:30+02:00,WALK|BUS,BUS,C1|223,Información oficial: Consorcio Regional de Transportes de Madrid|Consorcio Regional de Transportes de Madrid,52.5,6443.43,31.3,8.966666666666667,2269.43,1.0,complete_route,True,0,104.33333333333334,12861.23,62.08333333333333,16.96666666666667,4515.23,2.0
MAD-153,Quintana,Ciudad Lineal,DEST_002,Nuevos Ministerios,WALK,A pie,2026-07-29,2026-07-29T09:00:00+02:00,success,[],,2026-07-29T18:00:00+02:00,success,[],,2026-07-29T07:49:06+02:00,2026-07-29T09:00:00+02:00,WALK,,,,70.9,5253.93,70.9,0.0,5253.93,0.0,2026-07-29T18:00:00+02:00,2026-07-29T19:10:54+02:00,WALK,,,,70.9,5253.93,70.9,0.0,5253.93,0.0,complete_route,True,0,141.8,10507.86,141.8,0.0,10507.86,0.0
MAD-154,La Concepción,Ciudad Lineal,DEST_002,Nuevos Ministerios,BICYCLE,Bicicleta,2026-07-29,2026-07-29T09:00:00+02:00,success,[],,2026-07-29T18:00:00+02:00,success,[],,2026-07-29T08:38:16+02:00,2026-07-29T09:00:00+02:00,BICYCLE,,,,21.73333333333333,5023.98,0.0,0.0,0.0,0.0,2026-07-29T18:00:00+02:00,2026-07-29T18:23:50+02:00,BICYCLE,,,,23.83333333333333,4899.82,0.0,0.0,0.0,0.0,complete_route,True,0,45.56666666666666,9923.8,0.0,0.0,0.0,0.0
MAD-154,La Concepción,Ciudad Lineal,DEST_002,Nuevos Ministerios,CAR,Coche,2026-07-29,2026-07-29T09:00:00+02:00,success,[],,2026-07-29T18:00:00+02:00,success,[],,2026-07-29T08:51:04+02:00,2026-07-29T09:00:00+02:00,CAR,,,,8.933333333333334,5453.08,0.0,0.0,0.0,0.0,2026-07-29T18:00:00+02:00,2026-07-29T18:09:01+02:00,CAR,,,,9.016666666666667,4888.67,0.0,0.0,0.0,0.0,complete_route,True,0,17.950000000000003,10341.75,0.0,0.0,0.0,0.0
MAD-154,La Concepción,Ciudad Lineal,DEST_002,Nuevos Ministerios,TRANSIT,Transporte público,2026-07-29,2026-07-29T09:00:00+02:00,success,[],,2026-07-29T18:00:00+02:00,success,[],,2026-07-29T08:08:34+02:00,2026-07-29T08:57:44+02:00,WALK|BUS,BUS,223|C2,Consorcio Regional de Transportes de Madrid|Información oficial: Consorcio Regional de Transportes de Madrid,49.16666666666666,6182.15,28.116666666666667,8.0,2010.15,1.0,2026-07-29T18:01:29+02:00,2026-07-29T18:52:50+02:00,WALK|BUS,BUS,223,Consorcio Regional de Transportes de Madrid,51.35,6008.43,50.38333333333333,0.0,3618.43,0.0,complete_route,True,0,100.51666666666665,12190.58,78.5,8.0,5628.58,1.0
MAD-154,La Concepción,Ciudad Lineal,DEST_002,Nuevos Ministerios,WALK,A pie,2026-07-29,2026-07-29T09:00:00+02:00,success,[],,2026-07-29T18:00:00+02:00,success,[],,2026-07-29T07:56:40+02:00,2026-07-29T09:00:00+02:00,WALK,,,,63.333333333333336,4680.19,63.333333333333336,0.0,4680.19,0.0,2026-07-29T18:00:00+02:00,2026-07-29T19:03:20+02:00,WALK,,,,63.333333333333336,4680.19,63.333333333333336,0.0,4680.19,0.0,complete_route,True,0,126.66666666666667,9360.38,126.66666666666667,0.0,9360.38,0.0
MAD-155,San Pascual,Ciudad Lineal,DEST_002,Nuevos Ministerios,BICYCLE,Bicicleta,2026-07-29,2026-07-29T09:00:00+02:00,success,[],,2026-07-29T18:00:00+02:00,success,[],,2026-07-29T08:40:35+02:00,2026-07-29T09:00:00+02:00,BICYCLE,,,,19.416666666666668,4347.47,0.0,0.0,0.0,0.0,2026-07-29T18:00:00+02:00,2026-07-29T18:21:40+02:00,BICYCLE,,,,21.666666666666668,4344.7,0.0,0.0,0.0,0.0,complete_route,True,0,41.083333333333336,8692.17,0.0,0.0,0.0,0.0
MAD-155,San Pascual,Ciudad Lineal,DEST_002,Nuevos Ministerios,CAR,Coche,2026-07-29,2026-07-29T09:00:00+02:00,success,[],,2026-07-29T18:00:00+02:00,success,[],,2026-07-29T08:50:58+02:00,2026-07-29T09:00:00+02:00,CAR,,,,9.033333333333331,4810.21,0.0,0.0,0.0,0.0,2026-07-29T18:00:00+02:00,2026-07-29T18:07:48+02:00,CAR,,,,7.8,4953.66,0.0,0.0,0.0,0.0,complete_route,True,0,16.833333333333332,9763.869999999999,0.0,0.0,0.0,0.0
MAD-155,San Pascual,Ciudad Lineal,DEST_002,Nuevos Ministerios,TRANSIT,Transporte público,2026-07-29,2026-07-29T09:00:00+02:00,success,[],,2026-07-29T18:00:00+02:00,success,[],,2026-07-29T08:18:53+02:00,2026-07-29T08:57:44+02:00,WALK|BUS,BUS,223|C2,Consorcio Regional de Transportes de Madrid|Información oficial: Consorcio Regional de Transportes de Madrid,38.85,5450.75,17.8,8.0,1278.75,1.0,2026-07-29T18:00:00+02:00,2026-07-29T18:43:04+02:00,WALK|BUS,BUS,C1|223,Información oficial: Consorcio Regional de Transportes de Madrid|Consorcio Regional de Transportes de Madrid,43.06666666666667,5723.26,21.866666666666667,8.966666666666667,1549.2600000000002,1.0,complete_route,True,0,81.91666666666667,11174.01,39.66666666666667,16.96666666666667,2828.01,2.0
MAD-155,San Pascual,Ciudad Lineal,DEST_002,Nuevos Ministerios,WALK,A pie,2026-07-29,2026-07-29T09:00:00+02:00,success,[],,2026-07-29T18:00:00+02:00,success,[],,2026-07-29T08:04:01+02:00,2026-07-29T09:00:00+02:00,WALK,,,,55.98333333333333,4121.12,55.98333333333333,0.0,4121.12,0.0,2026-07-29T18:00:00+02:00,2026-07-29T18:55:59+02:00,WALK,,,,55.98333333333333,4121.12,55.98333333333333,0.0,4121.12,0.0,complete_route,True,0,111.96666666666665,8242.24,111.96666666666665,0.0,8242.24,0.0
MAD-156,San Juan Bautista,Ciudad Lineal,DEST_002,Nuevos Ministerios,BICYCLE,Bicicleta,2026-07-29,2026-07-29T09:00:00+02:00,success,[],,2026-07-29T18:00:00+02:00,success,[],,2026-07-29T08:39:11+02:00,2026-07-29T09:00:00+02:00,BICYCLE,,,,20.816666666666663,4437.27,0.0,0.0,0.0,0.0,2026-07-29T18:00:00+02:00,2026-07-29T18:23:17+02:00,BICYCLE,,,,23.28333333333333,4537.27,0.0,0.0,0.0,0.0,complete_route,True,0,44.099999999999994,8974.54,0.0,0.0,0.0,0.0
MAD-156,San Juan Bautista,Ciudad Lineal,DEST_002,Nuevos Ministerios,CAR,Coche,2026-07-29,2026-07-29T09:00:00+02:00,success,[],,2026-07-29T18:00:00+02:00,success,[],,2026-07-29T08:51:28+02:00,2026-07-29T09:00:00+02:00,CAR,,,,8.533333333333333,5290.45,0.0,0.0,0.0,0.0,2026-07-29T18:00:00+02:00,2026-07-29T18:08:39+02:00,CAR,,,,8.65,5485.62,0.0,0.0,0.0,0.0,complete_route,True,0,17.183333333333334,10776.07,0.0,0.0,0.0,0.0
MAD-156,San Juan Bautista,Ciudad Lineal,DEST_002,Nuevos Ministerios,TRANSIT,Transporte público,2026-07-29,2026-07-29T09:00:00+02:00,success,[],,2026-07-29T18:00:00+02:00,success,[],,2026-07-29T08:22:16+02:00,2026-07-29T08:57:44+02:00,WALK|BUS,BUS,223|C2,Consorcio Regional de Transportes de Madrid|Información oficial: Consorcio Regional de Transportes de Madrid,35.46666666666667,5204.47,14.416666666666666,8.0,1032.47,1.0,2026-07-29T18:00:00+02:00,2026-07-29T18:38:44+02:00,WALK|BUS,BUS,C1|223,Información oficial: Consorcio Regional de Transportes de Madrid|Consorcio Regional de Transportes de Madrid,38.73333333333333,5405.66,17.533333333333335,8.966666666666667,1231.66,1.0,complete_route,True,0,74.19999999999999,10610.130000000001,31.950000000000003,16.96666666666667,2264.13,2.0
MAD-156,San Juan Bautista,Ciudad Lineal,DEST_002,Nuevos Ministerios,WALK,A pie,2026-07-29,2026-07-29T09:00:00+02:00,success,[],,2026-07-29T18:00:00+02:00,success,[],,2026-07-29T08:05:20+02:00,2026-07-29T09:00:00+02:00,WALK,,,,54.66666666666666,3912.5,54.66666666666666,0.0,3912.5,0.0,2026-07-29T18:00:00+02:00,2026-07-29T18:54:40+02:00,WALK,,,,54.66666666666666,3912.5,54.66666666666666,0.0,3912.5,0.0,complete_route,True,0,109.33333333333331,7825.0,109.33333333333331,0.0,7825.0,0.0
MAD-157,Colina,Ciudad Lineal,DEST_002,Nuevos Ministerios,BICYCLE,Bicicleta,2026-07-29,2026-07-29T09:00:00+02:00,success,[],,2026-07-29T18:00:00+02:00,success,[],,2026-07-29T08:39:10+02:00,2026-07-29T09:00:00+02:00,BICYCLE,,,,20.83333333333333,4276.47,0.0,0.0,0.0,0.0,2026-07-29T18:00:00+02:00,2026-07-29T18:23:00+02:00,BICYCLE,,,,23.0,4362.59,0.0,0.0,0.0,0.0,complete_route,True,0,43.83333333333333,8639.060000000001,0.0,0.0,0.0,0.0
MAD-157,Colina,Ciudad Lineal,DEST_002,Nuevos Ministerios,CAR,Coche,2026-07-29,2026-07-29T09:00:00+02:00,success,[],,2026-07-29T18:00:00+02:00,success,[],,2026-07-29T08:51:20+02:00,2026-07-29T09:00:00+02:00,CAR,,,,8.666666666666666,4592.47,0.0,0.0,0.0,0.0,2026-07-29T18:00:00+02:00,2026-07-29T18:08:28+02:00,CAR,,,,8.466666666666667,5634.44,0.0,0.0,0.0,0.0,complete_route,True,0,17.133333333333333,10226.91,0.0,0.0,0.0,0.0
MAD-157,Colina,Ciudad Lineal,DEST_002,Nuevos Ministerios,TRANSIT,Transporte público,2026-07-29,2026-07-29T09:00:00+02:00,success,[],,2026-07-29T18:00:00+02:00,success,[],,2026-07-29T08:10:00+02:00,2026-07-29T08:54:52+02:00,WALK|BUS,BUS,9|C2,Información oficial: Consorcio Regional de Transportes de Madrid,44.86666666666667,4447.5,9.033333333333331,14.0,645.5,1.0,2026-07-29T18:00:00+02:00,2026-07-29T18:46:08+02:00,WALK|BUS,BUS,120,Información oficial: Consorcio Regional de Transportes de Madrid,46.13333333333333,4093.76,17.733333333333334,12.0,1294.7600000000002,0.0,complete_route,True,0,91.0,8541.26,26.766666666666666,26.0,1940.2600000000002,1.0
MAD-157,Colina,Ciudad Lineal,DEST_002,Nuevos Ministerios,WALK,A pie,2026-07-29,2026-07-29T09:00:00+02:00,success,[],,2026-07-29T18:00:00+02:00,success,[],,2026-07-29T08:09:12+02:00,2026-07-29T09:00:00+02:00,WALK,,,,50.8,3738.49,50.8,0.0,3738.49,0.0,2026-07-29T18:00:00+02:00,2026-07-29T18:50:48+02:00,WALK,,,,50.8,3738.49,50.8,0.0,3738.49,0.0,complete_route,True,0,101.6,7476.98,101.6,0.0,7476.98,0.0
MAD-158,Atalaya,Ciudad Lineal,DEST_002,Nuevos Ministerios,BICYCLE,Bicicleta,2026-07-29,2026-07-29T09:00:00+02:00,success,[],,2026-07-29T18:00:00+02:00,success,[],,2026-07-29T08:38:27+02:00,2026-07-29T09:00:00+02:00,BICYCLE,,,,21.55,4571.34,0.0,0.0,0.0,0.0,2026-07-29T18:00:00+02:00,2026-07-29T18:21:48+02:00,BICYCLE,,,,21.8,4437.87,0.0,0.0,0.0,0.0,complete_route,True,0,43.35,9009.21,0.0,0.0,0.0,0.0
MAD-158,Atalaya,Ciudad Lineal,DEST_002,Nuevos Ministerios,CAR,Coche,2026-07-29,2026-07-29T09:00:00+02:00,success,[],,2026-07-29T18:00:00+02:00,success,[],,2026-07-29T08:51:09+02:00,2026-07-29T09:00:00+02:00,CAR,,,,8.85,4825.01,0.0,0.0,0.0,0.0,2026-07-29T18:00:00+02:00,2026-07-29T18:07:40+02:00,CAR,,,,7.666666666666667,4512.33,0.0,0.0,0.0,0.0,complete_route,True,0,16.516666666666666,9337.34,0.0,0.0,0.0,0.0
MAD-158,Atalaya,Ciudad Lineal,DEST_002,Nuevos Ministerios,TRANSIT,Transporte público,2026-07-29,2026-07-29T09:00:00+02:00,success,[],,2026-07-29T18:00:00+02:00,success,[],,2026-07-29T08:08:00+02:00,2026-07-29T08:52:56+02:00,WALK|BUS,BUS,7,Información oficial: Consorcio Regional de Transportes de Madrid,44.93333333333333,4577.44,6.483333333333333,12.0,399.44,0.0,2026-07-29T18:00:00+02:00,2026-07-29T18:43:05+02:00,WALK|BUS,BUS,7,Información oficial: Consorcio Regional de Transportes de Madrid,43.083333333333336,4979.87,5.55,13.0,392.87,0.0,complete_route,True,0,88.01666666666667,9557.31,12.033333333333333,25.0,792.31,0.0
MAD-158,Atalaya,Ciudad Lineal,DEST_002,Nuevos Ministerios,WALK,A pie,2026-07-29,2026-07-29T09:00:00+02:00,success,[],,2026-07-29T18:00:00+02:00,success,[],,2026-07-29T08:08:13+02:00,2026-07-29T09:00:00+02:00,WALK,,,,51.78333333333333,3702.36,51.78333333333333,0.0,3702.36,0.0,2026-07-29T18:00:00+02:00,2026-07-29T18:51:47+02:00,WALK,,,,51.78333333333333,3702.36,51.78333333333333,0.0,3702.36,0.0,complete_route,True,0,103.56666666666666,7404.72,103.56666666666666,0.0,7404.72,0.0
MAD-159,Costillares,Ciudad Lineal,DEST_002,Nuevos Ministerios,BICYCLE,Bicicleta,2026-07-29,2026-07-29T09:00:00+02:00,no_route,"[{""code"":""NO_DIRECT_MODE_CONNECTION"",""description"":""No route found for the requested direct mode. The origin and destination may be too far apart or not connected by the requested mode of transport."",""inputField"":null}]",,2026-07-29T18:00:00+02:00,no_route,"[{""code"":""NO_DIRECT_MODE_CONNECTION"",""description"":""No route found for the requested direct mode. The origin and destination may be too far apart or not connected by the requested mode of transport."",""inputField"":null}]",,,,,,,,,,,,,,,,,,,,,,,,,,no_route,False,2,,,,,,
MAD-159,Costillares,Ciudad Lineal,DEST_002,Nuevos Ministerios,CAR,Coche,2026-07-29,2026-07-29T09:00:00+02:00,no_route,"[{""code"":""NO_DIRECT_MODE_CONNECTION"",""description"":""No route found for the requested direct mode. The origin and destination may be too far apart or not connected by the requested mode of transport."",""inputField"":null}]",,2026-07-29T18:00:00+02:00,no_route,"[{""code"":""NO_DIRECT_MODE_CONNECTION"",""description"":""No route found for the requested direct mode. The origin and destination may be too far apart or not connected by the requested mode of transport."",""inputField"":null}]",,,,,,,,,,,,,,,,,,,,,,,,,,no_route,False,2,,,,,,
MAD-159,Costillares,Ciudad Lineal,DEST_002,Nuevos Ministerios,TRANSIT,Transporte público,2026-07-29,2026-07-29T09:00:00+02:00,no_route,"[{""code"":""NO_STOPS_IN_RANGE"",""description"":""The location was found, but no stops could be found within the search radius."",""inputField"":""FROM""}]",,2026-07-29T18:00:00+02:00,no_route,"[{""code"":""NO_STOPS_IN_RANGE"",""description"":""The location was found, but no stops could be found within the search radius."",""inputField"":""TO""}]",,,,,,,,,,,,,,,,,,,,,,,,,,no_route,False,2,,,,,,
MAD-159,Costillares,Ciudad Lineal,DEST_002,Nuevos Ministerios,WALK,A pie,2026-07-29,2026-07-29T09:00:00+02:00,no_route,"[{""code"":""NO_DIRECT_MODE_CONNECTION"",""description"":""No route found for the requested direct mode. The origin and destination may be too far apart or not connected by the requested mode of transport."",""inputField"":null}]",,2026-07-29T18:00:00+02:00,no_route,"[{""code"":""NO_DIRECT_MODE_CONNECTION"",""description"":""No route found for the requested direct mode. The origin and destination may be too far apart or not connected by the requested mode of transport."",""inputField"":null}]",,,,,,,,,,,,,,,,,,,,,,,,,,no_route,False,2,,,,,,
MAD-161,Palomas,Hortaleza,DEST_002,Nuevos Ministerios,BICYCLE,Bicicleta,2026-07-29,2026-07-29T09:00:00+02:00,success,[],,2026-07-29T18:00:00+02:00,success,[],,2026-07-29T08:22:38+02:00,2026-07-29T09:00:00+02:00,BICYCLE,,,,37.36666666666667,8574.77,0.0,0.0,0.0,0.0,2026-07-29T18:00:00+02:00,2026-07-29T18:40:50+02:00,BICYCLE,,,,40.833333333333336,8585.9,0.0,0.0,0.0,0.0,complete_route,True,0,78.2,17160.67,0.0,0.0,0.0,0.0
MAD-161,Palomas,Hortaleza,DEST_002,Nuevos Ministerios,CAR,Coche,2026-07-29,2026-07-29T09:00:00+02:00,success,[],,2026-07-29T18:00:00+02:00,success,[],,2026-07-29T08:48:55+02:00,2026-07-29T09:00:00+02:00,CAR,,,,11.083333333333334,8567.97,0.0,0.0,0.0,0.0,2026-07-29T18:00:00+02:00,2026-07-29T18:12:23+02:00,CAR,,,,12.383333333333333,9012.12,0.0,0.0,0.0,0.0,complete_route,True,0,23.46666666666667,17580.09,0.0,0.0,0.0,0.0
MAD-161,Palomas,Hortaleza,DEST_002,Nuevos Ministerios,TRANSIT,Transporte público,2026-07-29,2026-07-29T09:00:00+02:00,success,[],,2026-07-29T18:00:00+02:00,success,[],,2026-07-29T08:13:43+02:00,2026-07-29T08:58:31+02:00,WALK|BUS,BUS,224A,Consorcio Regional de Transportes de Madrid,44.8,9277.62,44.8,0.0,3164.62,0.0,2026-07-29T18:00:00+02:00,2026-07-29T18:44:43+02:00,WALK|BUS,BUS,C1|223,Información oficial: Consorcio Regional de Transportes de Madrid|Consorcio Regional de Transportes de Madrid,44.71666666666667,9306.52,22.03333333333333,8.966666666666667,1512.52,1.0,complete_route,True,0,89.51666666666667,18584.14,66.83333333333333,8.966666666666667,4677.139999999999,1.0
MAD-161,Palomas,Hortaleza,DEST_002,Nuevos Ministerios,WALK,A pie,2026-07-29,2026-07-29T09:00:00+02:00,success,[],,2026-07-29T18:00:00+02:00,success,[],,2026-07-29T07:17:31+02:00,2026-07-29T09:00:00+02:00,WALK,,,,102.48333333333332,7544.95,102.48333333333332,0.0,7544.95,0.0,2026-07-29T18:00:00+02:00,2026-07-29T19:42:29+02:00,WALK,,,,102.48333333333332,7544.95,102.48333333333332,0.0,7544.95,0.0,complete_route,True,0,204.96666666666664,15089.9,204.96666666666664,0.0,15089.9,0.0
MAD-162,Piovera,Hortaleza,DEST_002,Nuevos Ministerios,BICYCLE,Bicicleta,2026-07-29,2026-07-29T09:00:00+02:00,success,[],,2026-07-29T18:00:00+02:00,success,[],,2026-07-29T08:31:41+02:00,2026-07-29T09:00:00+02:00,BICYCLE,,,,28.316666666666663,6449.51,0.0,0.0,0.0,0.0,2026-07-29T18:00:00+02:00,2026-07-29T18:30:56+02:00,BICYCLE,,,,30.933333333333334,6258.97,0.0,0.0,0.0,0.0,complete_route,True,0,59.25,12708.48,0.0,0.0,0.0,0.0
MAD-162,Piovera,Hortaleza,DEST_002,Nuevos Ministerios,CAR,Coche,2026-07-29,2026-07-29T09:00:00+02:00,success,[],,2026-07-29T18:00:00+02:00,success,[],,2026-07-29T08:48:44+02:00,2026-07-29T09:00:00+02:00,CAR,,,,11.266666666666667,6839.22,0.0,0.0,0.0,0.0,2026-07-29T18:00:00+02:00,2026-07-29T18:12:37+02:00,CAR,,,,12.616666666666667,7765.25,0.0,0.0,0.0,0.0,complete_route,True,0,23.883333333333333,14604.470000000001,0.0,0.0,0.0,0.0
MAD-162,Piovera,Hortaleza,DEST_002,Nuevos Ministerios,TRANSIT,Transporte público,2026-07-29,2026-07-29T09:00:00+02:00,success,[],,2026-07-29T18:00:00+02:00,success,[],,2026-07-29T08:18:09+02:00,2026-07-29T08:58:31+02:00,WALK|BUS,BUS,224A,Consorcio Regional de Transportes de Madrid,40.36666666666667,6292.57,40.36666666666667,0.0,2934.57,0.0,2026-07-29T18:03:00+02:00,2026-07-29T18:53:22+02:00,WALK|BUS,BUS,C1|224|223,Información oficial: Consorcio Regional de Transportes de Madrid|Consorcio Regional de Transportes de Madrid,50.36666666666667,31740.02,21.966666666666665,13.4,1615.02,2.0,complete_route,True,0,90.73333333333333,38032.59,62.33333333333333,13.4,4549.59,2.0
MAD-162,Piovera,Hortaleza,DEST_002,Nuevos Ministerios,WALK,A pie,2026-07-29,2026-07-29T09:00:00+02:00,success,[],,2026-07-29T18:00:00+02:00,success,[],,2026-07-29T07:43:31+02:00,2026-07-29T09:00:00+02:00,WALK,,,,76.48333333333333,5569.92,76.48333333333333,0.0,5569.92,0.0,2026-07-29T18:00:00+02:00,2026-07-29T19:16:29+02:00,WALK,,,,76.48333333333333,5569.92,76.48333333333333,0.0,5569.92,0.0,complete_route,True,0,152.96666666666667,11139.84,152.96666666666667,0.0,11139.84,0.0
MAD-163,Canillas,Hortaleza,DEST_002,Nuevos Ministerios,BICYCLE,Bicicleta,2026-07-29,2026-07-29T09:00:00+02:00,success,[],,2026-07-29T18:00:00+02:00,success,[],,2026-07-29T08:33:53+02:00,2026-07-29T09:00:00+02:00,BICYCLE,,,,26.116666666666667,5844.15,0.0,0.0,0.0,0.0,2026-07-29T18:00:00+02:00,2026-07-29T18:27:11+02:00,BICYCLE,,,,27.183333333333334,5849.56,0.0,0.0,0.0,0.0,complete_route,True,0,53.3,11693.71,0.0,0.0,0.0,0.0
MAD-163,Canillas,Hortaleza,DEST_002,Nuevos Ministerios,CAR,Coche,2026-07-29,2026-07-29T09:00:00+02:00,success,[],,2026-07-29T18:00:00+02:00,success,[],,2026-07-29T08:48:37+02:00,2026-07-29T09:00:00+02:00,CAR,,,,11.383333333333333,6842.92,0.0,0.0,0.0,0.0,2026-07-29T18:00:00+02:00,2026-07-29T18:09:50+02:00,CAR,,,,9.833333333333334,6207.24,0.0,0.0,0.0,0.0,complete_route,True,0,21.21666666666667,13050.16,0.0,0.0,0.0,0.0
MAD-163,Canillas,Hortaleza,DEST_002,Nuevos Ministerios,TRANSIT,Transporte público,2026-07-29,2026-07-29T09:00:00+02:00,success,[],,2026-07-29T18:00:00+02:00,success,[],,2026-07-29T08:01:00+02:00,2026-07-29T08:55:47+02:00,WALK|BUS,BUS,120,Información oficial: Consorcio Regional de Transportes de Madrid,54.78333333333333,5871.29,13.4,13.0,974.29,0.0,2026-07-29T18:00:00+02:00,2026-07-29T18:54:20+02:00,WALK|BUS,BUS,120,Información oficial: Consorcio Regional de Transportes de Madrid,54.333333333333336,5854.1900000000005,13.983333333333333,12.0,1022.19,0.0,complete_route,True,0,109.11666666666667,11725.48,27.383333333333333,25.0,1996.48,0.0
MAD-163,Canillas,Hortaleza,DEST_002,Nuevos Ministerios,WALK,A pie,2026-07-29,2026-07-29T09:00:00+02:00,success,[],,2026-07-29T18:00:00+02:00,success,[],,2026-07-29T07:46:02+02:00,2026-07-29T09:00:00+02:00,WALK,,,,73.96666666666667,5466.91,73.96666666666667,0.0,5466.91,0.0,2026-07-29T18:00:00+02:00,2026-07-29T19:13:58+02:00,WALK,,,,73.96666666666667,5466.91,73.96666666666667,0.0,5466.91,0.0,complete_route,True,0,147.93333333333334,10933.82,147.93333333333334,0.0,10933.82,0.0
MAD-164,Pinar del Rey,Hortaleza,DEST_002,Nuevos Ministerios,BICYCLE,Bicicleta,2026-07-29,2026-07-29T09:00:00+02:00,success,[],,2026-07-29T18:00:00+02:00,success,[],,2026-07-29T08:30:04+02:00,2026-07-29T09:00:00+02:00,BICYCLE,,,,29.933333333333334,6461.8,0.0,0.0,0.0,0.0,2026-07-29T18:00:00+02:00,2026-07-29T18:28:51+02:00,BICYCLE,,,,28.85,6036.71,0.0,0.0,0.0,0.0,complete_route,True,0,58.78333333333333,12498.51,0.0,0.0,0.0,0.0
MAD-164,Pinar del Rey,Hortaleza,DEST_002,Nuevos Ministerios,CAR,Coche,2026-07-29,2026-07-29T09:00:00+02:00,success,[],,2026-07-29T18:00:00+02:00,success,[],,2026-07-29T08:47:56+02:00,2026-07-29T09:00:00+02:00,CAR,,,,12.066666666666666,6812.42,0.0,0.0,0.0,0.0,2026-07-29T18:00:00+02:00,2026-07-29T18:10:24+02:00,CAR,,,,10.4,6448.59,0.0,0.0,0.0,0.0,complete_route,True,0,22.46666666666667,13261.01,0.0,0.0,0.0,0.0
MAD-164,Pinar del Rey,Hortaleza,DEST_002,Nuevos Ministerios,TRANSIT,Transporte público,2026-07-29,2026-07-29T09:00:00+02:00,success,[],,2026-07-29T18:00:00+02:00,success,[],,2026-07-29T07:53:00+02:00,2026-07-29T08:56:57+02:00,WALK|BUS,BUS,87|40,Información oficial: Consorcio Regional de Transportes de Madrid,63.95,6373.05,6.533333333333333,26.0,461.05,1.0,2026-07-29T18:00:00+02:00,2026-07-29T19:03:17+02:00,WALK|BUS,BUS,40|87,Información oficial: Consorcio Regional de Transportes de Madrid,63.28333333333333,6323.02,8.833333333333334,25.0,557.02,1.0,complete_route,True,0,127.23333333333333,12696.07,15.366666666666667,51.0,1018.0699999999999,2.0
MAD-164,Pinar del Rey,Hortaleza,DEST_002,Nuevos Ministerios,WALK,A pie,2026-07-29,2026-07-29T09:00:00+02:00,success,[],,2026-07-29T18:00:00+02:00,success,[],,2026-07-29T07:41:58+02:00,2026-07-29T09:00:00+02:00,WALK,,,,78.03333333333333,5715.75,78.03333333333333,0.0,5715.75,0.0,2026-07-29T18:00:00+02:00,2026-07-29T19:18:02+02:00,WALK,,,,78.03333333333333,5715.75,78.03333333333333,0.0,5715.75,0.0,complete_route,True,0,156.06666666666666,11431.5,156.06666666666666,0.0,11431.5,0.0
MAD-165,Apóstol Santiago,Hortaleza,DEST_002,Nuevos Ministerios,BICYCLE,Bicicleta,2026-07-29,2026-07-29T09:00:00+02:00,success,[],,2026-07-29T18:00:00+02:00,success,[],,2026-07-29T08:35:07+02:00,2026-07-29T09:00:00+02:00,BICYCLE,,,,24.883333333333333,5459.99,0.0,0.0,0.0,0.0,2026-07-29T18:00:00+02:00,2026-07-29T18:26:10+02:00,BICYCLE,,,,26.166666666666668,5587.85,0.0,0.0,0.0,0.0,complete_route,True,0,51.05,11047.84,0.0,0.0,0.0,0.0
MAD-165,Apóstol Santiago,Hortaleza,DEST_002,Nuevos Ministerios,CAR,Coche,2026-07-29,2026-07-29T09:00:00+02:00,success,[],,2026-07-29T18:00:00+02:00,success,[],,2026-07-29T08:49:03+02:00,2026-07-29T09:00:00+02:00,CAR,,,,10.95,7269.51,0.0,0.0,0.0,0.0,2026-07-29T18:00:00+02:00,2026-07-29T18:10:19+02:00,CAR,,,,10.316666666666666,6439.74,0.0,0.0,0.0,0.0,complete_route,True,0,21.266666666666666,13709.25,0.0,0.0,0.0,0.0
MAD-165,Apóstol Santiago,Hortaleza,DEST_002,Nuevos Ministerios,TRANSIT,Transporte público,2026-07-29,2026-07-29T09:00:00+02:00,success,[],,2026-07-29T18:00:00+02:00,success,[],,2026-07-29T08:04:00+02:00,2026-07-29T08:58:32+02:00,WALK|BUS,BUS,150,Información oficial: Consorcio Regional de Transportes de Madrid,54.53333333333333,6121.08,24.8,10.0,1876.08,0.0,2026-07-29T18:00:00+02:00,2026-07-29T18:54:51+02:00,WALK|BUS,BUS,7,Información oficial: Consorcio Regional de Transportes de Madrid,54.85,7107.62,6.133333333333334,13.0,429.62,0.0,complete_route,True,0,109.38333333333333,13228.7,30.933333333333334,23.0,2305.7,0.0
MAD-165,Apóstol Santiago,Hortaleza,DEST_002,Nuevos Ministerios,WALK,A pie,2026-07-29,2026-07-29T09:00:00+02:00,success,[],,2026-07-29T18:00:00+02:00,success,[],,2026-07-29T07:51:00+02:00,2026-07-29T09:00:00+02:00,WALK,,,,69.0,5082.7,69.0,0.0,5082.7,0.0,2026-07-29T18:00:00+02:00,2026-07-29T19:09:00+02:00,WALK,,,,69.0,5082.7,69.0,0.0,5082.7,0.0,complete_route,True,0,138.0,10165.4,138.0,0.0,10165.4,0.0
MAD-166,Valdefuentes,Hortaleza,DEST_002,Nuevos Ministerios,BICYCLE,Bicicleta,2026-07-29,2026-07-29T09:00:00+02:00,success,[],,2026-07-29T18:00:00+02:00,success,[],,2026-07-29T08:19:24+02:00,2026-07-29T09:00:00+02:00,BICYCLE,,,,40.6,8920.08,0.0,0.0,0.0,0.0,2026-07-29T18:00:00+02:00,2026-07-29T18:40:35+02:00,BICYCLE,,,,40.583333333333336,8790.03,0.0,0.0,0.0,0.0,complete_route,True,0,81.18333333333334,17710.11,0.0,0.0,0.0,0.0
MAD-166,Valdefuentes,Hortaleza,DEST_002,Nuevos Ministerios,CAR,Coche,2026-07-29,2026-07-29T09:00:00+02:00,no_route,"[{""code"":""NO_DIRECT_MODE_CONNECTION"",""description"":""No route found for the requested direct mode. The origin and destination may be too far apart or not connected by the requested mode of transport."",""inputField"":null}]",,2026-07-29T18:00:00+02:00,no_route,"[{""code"":""NO_DIRECT_MODE_CONNECTION"",""description"":""No route found for the requested direct mode. The origin and destination may be too far apart or not connected by the requested mode of transport."",""inputField"":null}]",,,,,,,,,,,,,,,,,,,,,,,,,,no_route,False,2,,,,,,
MAD-166,Valdefuentes,Hortaleza,DEST_002,Nuevos Ministerios,TRANSIT,Transporte público,2026-07-29,2026-07-29T09:00:00+02:00,success,[],,2026-07-29T18:00:00+02:00,success,[],,2026-07-29T07:47:39+02:00,2026-07-29T08:55:47+02:00,WALK|TRAM|BUS,TRAM|BUS,ML1|185|147,Consorcio Regional de Transportes de Madrid|Información oficial: Consorcio Regional de Transportes de Madrid,68.13333333333334,11698.24,34.0,11.75,2515.24,2.0,2026-07-29T18:04:00+02:00,2026-07-29T19:11:14+02:00,WALK|BUS,BUS,S10|182,Información oficial: Consorcio Regional de Transportes de Madrid|Consorcio Regional de Transportes de Madrid,67.23333333333333,11661.08,44.31666666666667,5.4,3262.08,1.0,complete_route,True,0,135.36666666666667,23359.32,78.31666666666666,17.15,5777.32,3.0
MAD-166,Valdefuentes,Hortaleza,DEST_002,Nuevos Ministerios,WALK,A pie,2026-07-29,2026-07-29T09:00:00+02:00,success,[],,2026-07-29T18:00:00+02:00,success,[],,2026-07-29T07:12:26+02:00,2026-07-29T09:00:00+02:00,WALK,,,,107.56666666666666,7947.89,107.56666666666666,0.0,7947.89,0.0,2026-07-29T18:00:00+02:00,2026-07-29T19:47:29+02:00,WALK,,,,107.48333333333332,7947.89,107.48333333333332,0.0,7947.89,0.0,complete_route,True,0,215.04999999999998,15895.78,215.04999999999998,0.0,15895.78,0.0
MAD-171,Villaverde Alto - Casco Histórico de Villaverde,Villaverde,DEST_002,Nuevos Ministerios,BICYCLE,Bicicleta,2026-07-29,2026-07-29T09:00:00+02:00,success,[],,2026-07-29T18:00:00+02:00,success,[],,2026-07-29T07:51:52+02:00,2026-07-29T09:00:00+02:00,BICYCLE,,,,68.13333333333334,15023.87,0.0,0.0,0.0,0.0,2026-07-29T18:00:00+02:00,2026-07-29T19:09:45+02:00,BICYCLE,,,,69.75,16439.98,0.0,0.0,0.0,0.0,complete_route,True,0,137.88333333333333,31463.85,0.0,0.0,0.0,0.0
MAD-171,Villaverde Alto - Casco Histórico de Villaverde,Villaverde,DEST_002,Nuevos Ministerios,CAR,Coche,2026-07-29,2026-07-29T09:00:00+02:00,success,[],,2026-07-29T18:00:00+02:00,success,[],,2026-07-29T08:38:03+02:00,2026-07-29T09:00:00+02:00,CAR,,,,21.95,16800.93,0.0,0.0,0.0,0.0,2026-07-29T18:00:00+02:00,2026-07-29T18:19:45+02:00,CAR,,,,19.75,15257.11,0.0,0.0,0.0,0.0,complete_route,True,0,41.7,32058.04,0.0,0.0,0.0,0.0
MAD-171,Villaverde Alto - Casco Histórico de Villaverde,Villaverde,DEST_002,Nuevos Ministerios,TRANSIT,Transporte público,2026-07-29,2026-07-29T09:00:00+02:00,success,[],,2026-07-29T18:00:00+02:00,success,[],,2026-07-29T07:27:49+02:00,2026-07-29T08:51:10+02:00,WALK|BUS,BUS,432|423|45,Consorcio Regional de Transportes de Madrid|Información oficial: Consorcio Regional de Transportes de Madrid,83.35,13869.88,17.433333333333334,17.266666666666666,1208.88,2.0,2026-07-29T18:03:00+02:00,2026-07-29T19:30:23+02:00,WALK|BUS,BUS,19|423|448,Información oficial: Consorcio Regional de Transportes de Madrid|Consorcio Regional de Transportes de Madrid,87.38333333333334,14775.21,20.15,15.216666666666669,1420.21,2.0,complete_route,True,0,170.73333333333335,28645.089999999997,37.58333333333333,32.483333333333334,2629.09,4.0
MAD-171,Villaverde Alto - Casco Histórico de Villaverde,Villaverde,DEST_002,Nuevos Ministerios,WALK,A pie,2026-07-29,2026-07-29T09:00:00+02:00,success,[],,2026-07-29T18:00:00+02:00,success,[],,2026-07-29T06:02:13+02:00,2026-07-29T09:00:00+02:00,WALK,,,,177.78333333333333,12894.13,177.78333333333333,0.0,12894.13,0.0,2026-07-29T18:00:00+02:00,2026-07-29T20:57:50+02:00,WALK,,,,177.83333333333334,12894.13,177.83333333333334,0.0,12894.13,0.0,complete_route,True,0,355.6166666666667,25788.26,355.6166666666667,0.0,25788.26,0.0
MAD-172,San Cristóbal,Villaverde,DEST_002,Nuevos Ministerios,BICYCLE,Bicicleta,2026-07-29,2026-07-29T09:00:00+02:00,success,[],,2026-07-29T18:00:00+02:00,success,[],,2026-07-29T07:50:42+02:00,2026-07-29T09:00:00+02:00,BICYCLE,,,,69.3,15617.37,0.0,0.0,0.0,0.0,2026-07-29T18:00:00+02:00,2026-07-29T19:12:46+02:00,BICYCLE,,,,72.76666666666667,16924.43,0.0,0.0,0.0,0.0,complete_route,True,0,142.06666666666666,32541.800000000003,0.0,0.0,0.0,0.0
MAD-172,San Cristóbal,Villaverde,DEST_002,Nuevos Ministerios,CAR,Coche,2026-07-29,2026-07-29T09:00:00+02:00,success,[],,2026-07-29T18:00:00+02:00,success,[],,2026-07-29T08:39:02+02:00,2026-07-29T09:00:00+02:00,CAR,,,,20.966666666666665,16759.73,0.0,0.0,0.0,0.0,2026-07-29T18:00:00+02:00,2026-07-29T18:21:34+02:00,CAR,,,,21.566666666666663,16767.75,0.0,0.0,0.0,0.0,complete_route,True,0,42.53333333333333,33527.479999999996,0.0,0.0,0.0,0.0
MAD-172,San Cristóbal,Villaverde,DEST_002,Nuevos Ministerios,TRANSIT,Transporte público,2026-07-29,2026-07-29T09:00:00+02:00,success,[],,2026-07-29T18:00:00+02:00,success,[],,2026-07-29T07:25:01+02:00,2026-07-29T08:51:10+02:00,WALK|BUS,BUS,423|45,Consorcio Regional de Transportes de Madrid|Información oficial: Consorcio Regional de Transportes de Madrid,86.15,13288.85,36.81666666666667,11.0,2692.8500000000004,1.0,2026-07-29T18:01:00+02:00,2026-07-29T19:29:08+02:00,WALK|BUS,BUS,19|422,Información oficial: Consorcio Regional de Transportes de Madrid|Consorcio Regional de Transportes de Madrid,88.13333333333334,13886.15,34.03333333333333,7.583333333333333,2420.15,1.0,complete_route,True,0,174.28333333333336,27175.0,70.85,18.583333333333332,5113.0,2.0
MAD-172,San Cristóbal,Villaverde,DEST_002,Nuevos Ministerios,WALK,A pie,2026-07-29,2026-07-29T09:00:00+02:00,success,[],,2026-07-29T18:00:00+02:00,success,[],,2026-07-29T05:56:58+02:00,2026-07-29T09:00:00+02:00,WALK,,,,183.03333333333333,13475.36,183.03333333333333,0.0,13475.36,0.0,2026-07-29T18:00:00+02:00,2026-07-29T21:03:05+02:00,WALK,,,,183.0833333333333,13475.36,183.0833333333333,0.0,13475.36,0.0,complete_route,True,0,366.1166666666666,26950.72,366.1166666666666,0.0,26950.72,0.0
MAD-173,Butarque,Villaverde,DEST_002,Nuevos Ministerios,BICYCLE,Bicicleta,2026-07-29,2026-07-29T09:00:00+02:00,success,[],,2026-07-29T18:00:00+02:00,success,[],,2026-07-29T07:51:16+02:00,2026-07-29T09:00:00+02:00,BICYCLE,,,,68.73333333333333,16391.92,0.0,0.0,0.0,0.0,2026-07-29T18:00:00+02:00,2026-07-29T19:12:32+02:00,BICYCLE,,,,72.53333333333333,17833.97,0.0,0.0,0.0,0.0,complete_route,True,0,141.26666666666665,34225.89,0.0,0.0,0.0,0.0
MAD-173,Butarque,Villaverde,DEST_002,Nuevos Ministerios,CAR,Coche,2026-07-29,2026-07-29T09:00:00+02:00,success,[],,2026-07-29T18:00:00+02:00,success,[],,2026-07-29T08:44:14+02:00,2026-07-29T09:00:00+02:00,CAR,,,,15.766666666666667,16339.91,0.0,0.0,0.0,0.0,2026-07-29T18:00:00+02:00,2026-07-29T18:20:56+02:00,CAR,,,,20.933333333333334,20189.87,0.0,0.0,0.0,0.0,complete_route,True,0,36.7,36529.78,0.0,0.0,0.0,0.0
MAD-173,Butarque,Villaverde,DEST_002,Nuevos Ministerios,TRANSIT,Transporte público,2026-07-29,2026-07-29T09:00:00+02:00,success,[],,2026-07-29T18:00:00+02:00,success,[],,2026-07-29T07:18:00+02:00,2026-07-29T08:59:42+02:00,WALK|BUS,BUS,85|27,Información oficial: Consorcio Regional de Transportes de Madrid,101.7,14732.47,5.833333333333333,16.0,375.47,1.0,2026-07-29T18:00:00+02:00,2026-07-29T19:26:38+02:00,WALK|BUS,BUS,19|411,Información oficial: Consorcio Regional de Transportes de Madrid|Consorcio Regional de Transportes de Madrid,86.63333333333334,16270.13,20.366666666666667,7.566666666666666,1478.13,1.0,complete_route,True,0,188.33333333333334,31002.6,26.2,23.566666666666666,1853.6000000000001,2.0
MAD-173,Butarque,Villaverde,DEST_002,Nuevos Ministerios,WALK,A pie,2026-07-29,2026-07-29T09:00:00+02:00,success,[],,2026-07-29T18:00:00+02:00,success,[],,2026-07-29T05:55:57+02:00,2026-07-29T09:00:00+02:00,WALK,,,,184.05,13593.24,184.05,0.0,13593.24,0.0,2026-07-29T18:00:00+02:00,2026-07-29T21:04:06+02:00,WALK,,,,184.1,13593.24,184.1,0.0,13593.24,0.0,complete_route,True,0,368.15,27186.48,368.15,0.0,27186.48,0.0
MAD-174,Los Rosales,Villaverde,DEST_002,Nuevos Ministerios,BICYCLE,Bicicleta,2026-07-29,2026-07-29T09:00:00+02:00,success,[],,2026-07-29T18:00:00+02:00,success,[],,2026-07-29T07:58:00+02:00,2026-07-29T09:00:00+02:00,BICYCLE,,,,62.0,13741.51,0.0,0.0,0.0,0.0,2026-07-29T18:00:00+02:00,2026-07-29T19:04:05+02:00,BICYCLE,,,,64.08333333333333,14994.97,0.0,0.0,0.0,0.0,complete_route,True,0,126.08333333333333,28736.48,0.0,0.0,0.0,0.0
MAD-174,Los Rosales,Villaverde,DEST_002,Nuevos Ministerios,CAR,Coche,2026-07-29,2026-07-29T09:00:00+02:00,success,[],,2026-07-29T18:00:00+02:00,no_route,"[{""code"":""NO_DIRECT_MODE_CONNECTION"",""description"":""No route found for the requested direct mode. The origin and destination may be too far apart or not connected by the requested mode of transport."",""inputField"":null}]",,2026-07-29T08:41:47+02:00,2026-07-29T09:00:00+02:00,CAR,,,,18.216666666666665,15658.63,0.0,0.0,0.0,0.0,,,,,,,,,,,,,partial_route,False,1,,,,,,
MAD-174,Los Rosales,Villaverde,DEST_002,Nuevos Ministerios,TRANSIT,Transporte público,2026-07-29,2026-07-29T09:00:00+02:00,success,[],,2026-07-29T18:00:00+02:00,success,[],,2026-07-29T07:36:54+02:00,2026-07-29T08:51:10+02:00,WALK|BUS,BUS,423|45,Consorcio Regional de Transportes de Madrid|Información oficial: Consorcio Regional de Transportes de Madrid,74.26666666666667,12287.67,24.933333333333334,11.0,1691.67,1.0,2026-07-29T18:00:00+02:00,2026-07-29T19:19:57+02:00,WALK|BUS,BUS,19|411,Información oficial: Consorcio Regional de Transportes de Madrid|Consorcio Regional de Transportes de Madrid,79.95,13609.91,19.683333333333334,7.566666666666666,1377.91,1.0,complete_route,True,0,154.21666666666667,25897.58,44.61666666666667,18.566666666666666,3069.58,2.0
MAD-174,Los Rosales,Villaverde,DEST_002,Nuevos Ministerios,WALK,A pie,2026-07-29,2026-07-29T09:00:00+02:00,success,[],,2026-07-29T18:00:00+02:00,success,[],,2026-07-29T06:18:53+02:00,2026-07-29T09:00:00+02:00,WALK,,,,161.11666666666667,11585.83,161.11666666666667,0.0,11585.83,0.0,2026-07-29T18:00:00+02:00,2026-07-29T20:41:10+02:00,WALK,,,,161.16666666666666,11585.83,161.16666666666666,0.0,11585.83,0.0,complete_route,True,0,322.2833333333333,23171.66,322.2833333333333,0.0,23171.66,0.0
MAD-175,Ángeles,Villaverde,DEST_002,Nuevos Ministerios,BICYCLE,Bicicleta,2026-07-29,2026-07-29T09:00:00+02:00,success,[],,2026-07-29T18:00:00+02:00,success,[],,2026-07-29T07:58:44+02:00,2026-07-29T09:00:00+02:00,BICYCLE,,,,61.266666666666666,13686.34,0.0,0.0,0.0,0.0,2026-07-29T18:00:00+02:00,2026-07-29T19:03:38+02:00,BICYCLE,,,,63.63333333333333,14928.21,0.0,0.0,0.0,0.0,complete_route,True,0,124.9,28614.55,0.0,0.0,0.0,0.0
MAD-175,Ángeles,Villaverde,DEST_002,Nuevos Ministerios,CAR,Coche,2026-07-29,2026-07-29T09:00:00+02:00,success,[],,2026-07-29T18:00:00+02:00,success,[],,2026-07-29T08:42:45+02:00,2026-07-29T09:00:00+02:00,CAR,,,,17.25,15473.09,0.0,0.0,0.0,0.0,2026-07-29T18:00:00+02:00,2026-07-29T18:16:39+02:00,CAR,,,,16.65,14986.24,0.0,0.0,0.0,0.0,complete_route,True,0,33.9,30459.33,0.0,0.0,0.0,0.0
MAD-175,Ángeles,Villaverde,DEST_002,Nuevos Ministerios,TRANSIT,Transporte público,2026-07-29,2026-07-29T09:00:00+02:00,success,[],,2026-07-29T18:00:00+02:00,success,[],,2026-07-29T07:33:01+02:00,2026-07-29T08:51:10+02:00,WALK|BUS,BUS,423|45,Consorcio Regional de Transportes de Madrid|Información oficial: Consorcio Regional de Transportes de Madrid,78.15,12583.28,28.816666666666663,11.0,1987.28,1.0,2026-07-29T18:00:00+02:00,2026-07-29T19:21:40+02:00,WALK|BUS,BUS,19|411,Información oficial: Consorcio Regional de Transportes de Madrid|Consorcio Regional de Transportes de Madrid,81.66666666666667,12516.77,25.4,7.566666666666666,1774.77,1.0,complete_route,True,0,159.81666666666666,25100.050000000003,54.21666666666666,18.566666666666666,3762.05,2.0
MAD-175,Ángeles,Villaverde,DEST_002,Nuevos Ministerios,WALK,A pie,2026-07-29,2026-07-29T09:00:00+02:00,success,[],,2026-07-29T18:00:00+02:00,success,[],,2026-07-29T06:22:26+02:00,2026-07-29T09:00:00+02:00,WALK,,,,157.56666666666666,11406.04,157.56666666666666,0.0,11406.04,0.0,2026-07-29T18:00:00+02:00,2026-07-29T20:37:37+02:00,WALK,,,,157.61666666666667,11406.04,157.61666666666667,0.0,11406.04,0.0,complete_route,True,0,315.18333333333334,22812.08,315.18333333333334,0.0,22812.08,0.0
MAD-181,Casco Histórico de Vallecas,Villa de Vallecas,DEST_002,Nuevos Ministerios,BICYCLE,Bicicleta,2026-07-29,2026-07-29T09:00:00+02:00,success,[],,2026-07-29T18:00:00+02:00,success,[],,2026-07-29T07:43:55+02:00,2026-07-29T09:00:00+02:00,BICYCLE,,,,76.08333333333333,19132.99,0.0,0.0,0.0,0.0,2026-07-29T18:00:00+02:00,2026-07-29T19:16:47+02:00,BICYCLE,,,,76.78333333333333,18763.64,0.0,0.0,0.0,0.0,complete_route,True,0,152.86666666666667,37896.630000000005,0.0,0.0,0.0,0.0
MAD-181,Casco Histórico de Vallecas,Villa de Vallecas,DEST_002,Nuevos Ministerios,CAR,Coche,2026-07-29,2026-07-29T09:00:00+02:00,success,[],,2026-07-29T18:00:00+02:00,success,[],,2026-07-29T08:26:34+02:00,2026-07-29T09:00:00+02:00,CAR,,,,33.43333333333333,22648.98,0.0,0.0,0.0,0.0,2026-07-29T18:00:00+02:00,2026-07-29T18:31:47+02:00,CAR,,,,31.78333333333333,23572.81,0.0,0.0,0.0,0.0,complete_route,True,0,65.21666666666667,46221.79,0.0,0.0,0.0,0.0
MAD-181,Casco Histórico de Vallecas,Villa de Vallecas,DEST_002,Nuevos Ministerios,TRANSIT,Transporte público,2026-07-29,2026-07-29T09:00:00+02:00,success,[],,2026-07-29T18:00:00+02:00,success,[],,2026-07-29T06:40:00+02:00,2026-07-29T08:59:56+02:00,WALK|BUS,BUS,145|C2,Información oficial: Consorcio Regional de Transportes de Madrid,139.93333333333334,19652.08,39.25,21.0,2924.08,1.0,2026-07-29T18:00:00+02:00,2026-07-29T20:15:51+02:00,WALK|BUS,BUS,14|145,Información oficial: Consorcio Regional de Transportes de Madrid,135.85,19984.0,37.53333333333333,24.0,2853.0,1.0,complete_route,True,0,275.7833333333333,39636.08,76.78333333333333,45.0,5777.08,2.0
MAD-181,Casco Histórico de Vallecas,Villa de Vallecas,DEST_002,Nuevos Ministerios,WALK,A pie,2026-07-29,2026-07-29T09:00:00+02:00,success,[],,2026-07-29T18:00:00+02:00,success,[],,2026-07-29T05:16:03+02:00,2026-07-29T09:00:00+02:00,WALK,,,,223.95,16828.04,223.95,0.0,16828.04,0.0,2026-07-29T18:00:00+02:00,2026-07-29T21:43:57+02:00,WALK,,,,223.95,16828.04,223.95,0.0,16828.04,0.0,complete_route,True,0,447.9,33656.08,447.9,0.0,33656.08,0.0
MAD-182,Santa Eugenia,Villa de Vallecas,DEST_002,Nuevos Ministerios,BICYCLE,Bicicleta,2026-07-29,2026-07-29T09:00:00+02:00,success,[],,2026-07-29T18:00:00+02:00,success,[],,2026-07-29T07:58:43+02:00,2026-07-29T09:00:00+02:00,BICYCLE,,,,61.28333333333333,15125.68,0.0,0.0,0.0,0.0,2026-07-29T18:00:00+02:00,2026-07-29T19:01:57+02:00,BICYCLE,,,,61.95,14750.29,0.0,0.0,0.0,0.0,complete_route,True,0,123.23333333333333,29875.97,0.0,0.0,0.0,0.0
MAD-182,Santa Eugenia,Villa de Vallecas,DEST_002,Nuevos Ministerios,CAR,Coche,2026-07-29,2026-07-29T09:00:00+02:00,success,[],,2026-07-29T18:00:00+02:00,success,[],,2026-07-29T08:43:01+02:00,2026-07-29T09:00:00+02:00,CAR,,,,16.983333333333334,16986.3,0.0,0.0,0.0,0.0,2026-07-29T18:00:00+02:00,2026-07-29T18:14:53+02:00,CAR,,,,14.883333333333333,14675.72,0.0,0.0,0.0,0.0,complete_route,True,0,31.866666666666667,31662.019999999997,0.0,0.0,0.0,0.0
MAD-182,Santa Eugenia,Villa de Vallecas,DEST_002,Nuevos Ministerios,TRANSIT,Transporte público,2026-07-29,2026-07-29T09:00:00+02:00,success,[],,2026-07-29T18:00:00+02:00,success,[],,2026-07-29T07:28:49+02:00,2026-07-29T08:58:25+02:00,WALK|BUS,BUS,313|63|C2,Consorcio Regional de Transportes de Madrid|Información oficial: Consorcio Regional de Transportes de Madrid,89.6,14804.26,15.45,17.0,1144.26,2.0,2026-07-29T18:00:00+02:00,2026-07-29T19:31:13+02:00,WALK|BUS,BUS,14|145,Información oficial: Consorcio Regional de Transportes de Madrid,91.21666666666668,14285.84,3.7,24.0,247.84,1.0,complete_route,True,0,180.81666666666666,29090.1,19.15,41.0,1392.1,3.0
MAD-182,Santa Eugenia,Villa de Vallecas,DEST_002,Nuevos Ministerios,WALK,A pie,2026-07-29,2026-07-29T09:00:00+02:00,success,[],,2026-07-29T18:00:00+02:00,success,[],,2026-07-29T06:08:53+02:00,2026-07-29T09:00:00+02:00,WALK,,,,171.11666666666667,12739.08,171.11666666666667,0.0,12739.08,0.0,2026-07-29T18:00:00+02:00,2026-07-29T20:51:07+02:00,WALK,,,,171.11666666666667,12739.08,171.11666666666667,0.0,12739.08,0.0,complete_route,True,0,342.23333333333335,25478.16,342.23333333333335,0.0,25478.16,0.0
MAD-183,Ensanche de Vallecas,Villa de Vallecas,DEST_002,Nuevos Ministerios,BICYCLE,Bicicleta,2026-07-29,2026-07-29T09:00:00+02:00,success,[],,2026-07-29T18:00:00+02:00,success,[],,2026-07-29T07:46:13+02:00,2026-07-29T09:00:00+02:00,BICYCLE,,,,73.78333333333333,18077.62,0.0,0.0,0.0,0.0,2026-07-29T18:00:00+02:00,2026-07-29T19:14:25+02:00,BICYCLE,,,,74.41666666666667,17543.03,0.0,0.0,0.0,0.0,complete_route,True,0,148.2,35620.649999999994,0.0,0.0,0.0,0.0
MAD-183,Ensanche de Vallecas,Villa de Vallecas,DEST_002,Nuevos Ministerios,CAR,Coche,2026-07-29,2026-07-29T09:00:00+02:00,success,[],,2026-07-29T18:00:00+02:00,success,[],,2026-07-29T08:41:50+02:00,2026-07-29T09:00:00+02:00,CAR,,,,18.166666666666668,17003.03,0.0,0.0,0.0,0.0,2026-07-29T18:00:00+02:00,2026-07-29T18:16:44+02:00,CAR,,,,16.733333333333334,16444.04,0.0,0.0,0.0,0.0,complete_route,True,0,34.900000000000006,33447.07,0.0,0.0,0.0,0.0
MAD-183,Ensanche de Vallecas,Villa de Vallecas,DEST_002,Nuevos Ministerios,TRANSIT,Transporte público,2026-07-29,2026-07-29T09:00:00+02:00,success,[],,2026-07-29T18:00:00+02:00,success,[],,2026-07-29T07:09:00+02:00,2026-07-29T08:59:34+02:00,WALK|BUS,BUS,145|C2,Información oficial: Consorcio Regional de Transportes de Madrid,110.56666666666666,17369.96,9.883333333333333,21.0,641.96,1.0,2026-07-29T18:00:00+02:00,2026-07-29T19:44:37+02:00,WALK|BUS,BUS,14|145,Información oficial: Consorcio Regional de Transportes de Madrid,104.61666666666666,17572.3,6.3,24.0,441.3,1.0,complete_route,True,0,215.18333333333334,34942.259999999995,16.183333333333334,45.0,1083.26,2.0
MAD-183,Ensanche de Vallecas,Villa de Vallecas,DEST_002,Nuevos Ministerios,WALK,A pie,2026-07-29,2026-07-29T09:00:00+02:00,success,[],,2026-07-29T18:00:00+02:00,success,[],,2026-07-29T05:36:37+02:00,2026-07-29T09:00:00+02:00,WALK,,,,203.38333333333333,15098.12,203.38333333333333,0.0,15098.12,0.0,2026-07-29T18:00:00+02:00,2026-07-29T21:23:23+02:00,WALK,,,,203.38333333333333,15098.12,203.38333333333333,0.0,15098.12,0.0,complete_route,True,0,406.76666666666665,30196.24,406.76666666666665,0.0,30196.24,0.0
MAD-191,Casco Histórico de Vicálvaro,Vicálvaro,DEST_002,Nuevos Ministerios,BICYCLE,Bicicleta,2026-07-29,2026-07-29T09:00:00+02:00,success,[],,2026-07-29T18:00:00+02:00,success,[],,2026-07-29T07:59:56+02:00,2026-07-29T09:00:00+02:00,BICYCLE,,,,60.06666666666667,15040.9,0.0,0.0,0.0,0.0,2026-07-29T18:00:00+02:00,2026-07-29T19:01:28+02:00,BICYCLE,,,,61.46666666666667,14743.06,0.0,0.0,0.0,0.0,complete_route,True,0,121.53333333333333,29783.96,0.0,0.0,0.0,0.0
MAD-191,Casco Histórico de Vicálvaro,Vicálvaro,DEST_002,Nuevos Ministerios,CAR,Coche,2026-07-29,2026-07-29T09:00:00+02:00,success,[],,2026-07-29T18:00:00+02:00,success,[],,2026-07-29T08:42:18+02:00,2026-07-29T09:00:00+02:00,CAR,,,,17.7,18010.98,0.0,0.0,0.0,0.0,2026-07-29T18:00:00+02:00,2026-07-29T18:16:58+02:00,CAR,,,,16.966666666666665,14884.75,0.0,0.0,0.0,0.0,complete_route,True,0,34.666666666666664,32895.729999999996,0.0,0.0,0.0,0.0
MAD-191,Casco Histórico de Vicálvaro,Vicálvaro,DEST_002,Nuevos Ministerios,TRANSIT,Transporte público,2026-07-29,2026-07-29T09:00:00+02:00,success,[],,2026-07-29T18:00:00+02:00,success,[],,2026-07-29T07:24:42+02:00,2026-07-29T08:52:31+02:00,WALK|BUS,BUS,341|282|224A,Consorcio Regional de Transportes de Madrid,87.81666666666666,30656.19,35.11666666666667,16.033333333333335,2509.19,2.0,2026-07-29T18:00:00+02:00,2026-07-29T19:34:40+02:00,WALK|BUS,BUS,C1|E5,Información oficial: Consorcio Regional de Transportes de Madrid,94.66666666666669,13181.55,33.45,18.0,2527.55,1.0,complete_route,True,0,182.48333333333335,43837.74,68.56666666666666,34.03333333333333,5036.74,3.0
MAD-191,Casco Histórico de Vicálvaro,Vicálvaro,DEST_002,Nuevos Ministerios,WALK,A pie,2026-07-29,2026-07-29T09:00:00+02:00,success,[],,2026-07-29T18:00:00+02:00,success,[],,2026-07-29T05:54:21+02:00,2026-07-29T09:00:00+02:00,WALK,,,,185.65,14141.71,185.65,0.0,14141.71,0.0,2026-07-29T18:00:00+02:00,2026-07-29T21:05:39+02:00,WALK,,,,185.65,14141.71,185.65,0.0,14141.71,0.0,complete_route,True,0,371.3,28283.42,371.3,0.0,28283.42,0.0
MAD-192,Valdebernardo,Vicálvaro,DEST_002,Nuevos Ministerios,BICYCLE,Bicicleta,2026-07-29,2026-07-29T09:00:00+02:00,success,[],,2026-07-29T18:00:00+02:00,success,[],,2026-07-29T08:13:06+02:00,2026-07-29T09:00:00+02:00,BICYCLE,,,,46.9,11289.56,0.0,0.0,0.0,0.0,2026-07-29T18:00:00+02:00,2026-07-29T18:48:40+02:00,BICYCLE,,,,48.66666666666666,10978.55,0.0,0.0,0.0,0.0,complete_route,True,0,95.56666666666666,22268.11,0.0,0.0,0.0,0.0
MAD-192,Valdebernardo,Vicálvaro,DEST_002,Nuevos Ministerios,CAR,Coche,2026-07-29,2026-07-29T09:00:00+02:00,success,[],,2026-07-29T18:00:00+02:00,success,[],,2026-07-29T08:45:10+02:00,2026-07-29T09:00:00+02:00,CAR,,,,14.833333333333334,12583.76,0.0,0.0,0.0,0.0,2026-07-29T18:00:00+02:00,2026-07-29T18:13:26+02:00,CAR,,,,13.433333333333334,12287.44,0.0,0.0,0.0,0.0,complete_route,True,0,28.266666666666666,24871.2,0.0,0.0,0.0,0.0
MAD-192,Valdebernardo,Vicálvaro,DEST_002,Nuevos Ministerios,TRANSIT,Transporte público,2026-07-29,2026-07-29T09:00:00+02:00,success,[],,2026-07-29T18:00:00+02:00,success,[],,2026-07-29T07:43:00+02:00,2026-07-29T08:59:40+02:00,WALK|BUS,BUS,E4|C2,Información oficial: Consorcio Regional de Transportes de Madrid,76.66666666666667,11135.9,7.883333333333334,15.0,579.9,1.0,2026-07-29T18:00:00+02:00,2026-07-29T19:11:04+02:00,WALK|BUS,BUS,C1|E4,Información oficial: Consorcio Regional de Transportes de Madrid,71.06666666666666,11186.76,11.5,16.0,804.76,1.0,complete_route,True,0,147.73333333333335,22322.66,19.383333333333333,31.0,1384.6599999999999,2.0
MAD-192,Valdebernardo,Vicálvaro,DEST_002,Nuevos Ministerios,WALK,A pie,2026-07-29,2026-07-29T09:00:00+02:00,success,[],,2026-07-29T18:00:00+02:00,success,[],,2026-07-29T06:39:16+02:00,2026-07-29T09:00:00+02:00,WALK,,,,140.73333333333332,10572.22,140.73333333333332,0.0,10572.22,0.0,2026-07-29T18:00:00+02:00,2026-07-29T20:20:44+02:00,WALK,,,,140.73333333333332,10572.22,140.73333333333332,0.0,10572.22,0.0,complete_route,True,0,281.46666666666664,21144.44,281.46666666666664,0.0,21144.44,0.0
MAD-193,Valderrivas,Vicálvaro,DEST_002,Nuevos Ministerios,BICYCLE,Bicicleta,2026-07-29,2026-07-29T09:00:00+02:00,success,[],,2026-07-29T18:00:00+02:00,success,[],,2026-07-29T08:06:02+02:00,2026-07-29T09:00:00+02:00,BICYCLE,,,,53.96666666666667,12865.95,0.0,0.0,0.0,0.0,2026-07-29T18:00:00+02:00,2026-07-29T18:48:36+02:00,BICYCLE,,,,48.6,11614.35,0.0,0.0,0.0,0.0,complete_route,True,0,102.56666666666666,24480.300000000003,0.0,0.0,0.0,0.0
MAD-193,Valderrivas,Vicálvaro,DEST_002,Nuevos Ministerios,CAR,Coche,2026-07-29,2026-07-29T09:00:00+02:00,success,[],,2026-07-29T18:00:00+02:00,success,[],,2026-07-29T08:44:27+02:00,2026-07-29T09:00:00+02:00,CAR,,,,15.55,12960.05,0.0,0.0,0.0,0.0,2026-07-29T18:00:00+02:00,2026-07-29T18:14:24+02:00,CAR,,,,14.4,12759.94,0.0,0.0,0.0,0.0,complete_route,True,0,29.950000000000003,25719.989999999998,0.0,0.0,0.0,0.0
MAD-193,Valderrivas,Vicálvaro,DEST_002,Nuevos Ministerios,TRANSIT,Transporte público,2026-07-29,2026-07-29T09:00:00+02:00,success,[],,2026-07-29T18:00:00+02:00,success,[],,2026-07-29T07:48:00+02:00,2026-07-29T08:59:51+02:00,WALK|BUS,BUS,E3|C2,Información oficial: Consorcio Regional de Transportes de Madrid,71.85,11682.56,6.383333333333334,13.0,467.56,1.0,2026-07-29T18:00:00+02:00,2026-07-29T19:11:43+02:00,WALK|BUS,BUS,C1|E5,Información oficial: Consorcio Regional de Transportes de Madrid,71.71666666666667,11196.28,11.466666666666669,18.0,849.28,1.0,complete_route,True,0,143.56666666666666,22878.84,17.85,31.0,1316.84,2.0
MAD-193,Valderrivas,Vicálvaro,DEST_002,Nuevos Ministerios,WALK,A pie,2026-07-29,2026-07-29T09:00:00+02:00,success,[],,2026-07-29T18:00:00+02:00,success,[],,2026-07-29T06:30:48+02:00,2026-07-29T09:00:00+02:00,WALK,,,,149.2,11223.76,149.2,0.0,11223.76,0.0,2026-07-29T18:00:00+02:00,2026-07-29T20:29:12+02:00,WALK,,,,149.2,11223.76,149.2,0.0,11223.76,0.0,complete_route,True,0,298.4,22447.52,298.4,0.0,22447.52,0.0
MAD-194,El Cañaveral,Vicálvaro,DEST_002,Nuevos Ministerios,BICYCLE,Bicicleta,2026-07-29,2026-07-29T09:00:00+02:00,success,[],,2026-07-29T18:00:00+02:00,success,[],,2026-07-29T07:42:14+02:00,2026-07-29T09:00:00+02:00,BICYCLE,,,,77.76666666666667,18705.02,0.0,0.0,0.0,0.0,2026-07-29T18:00:00+02:00,2026-07-29T19:15:35+02:00,BICYCLE,,,,75.58333333333333,17920.35,0.0,0.0,0.0,0.0,complete_route,True,0,153.35,36625.369999999995,0.0,0.0,0.0,0.0
MAD-194,El Cañaveral,Vicálvaro,DEST_002,Nuevos Ministerios,CAR,Coche,2026-07-29,2026-07-29T09:00:00+02:00,success,[],,2026-07-29T18:00:00+02:00,success,[],,2026-07-29T08:42:10+02:00,2026-07-29T09:00:00+02:00,CAR,,,,17.833333333333332,17430.87,0.0,0.0,0.0,0.0,2026-07-29T18:00:00+02:00,2026-07-29T18:18:04+02:00,CAR,,,,18.066666666666663,17767.84,0.0,0.0,0.0,0.0,complete_route,True,0,35.89999999999999,35198.71,0.0,0.0,0.0,0.0
MAD-194,El Cañaveral,Vicálvaro,DEST_002,Nuevos Ministerios,TRANSIT,Transporte público,2026-07-29,2026-07-29T09:00:00+02:00,success,[],,2026-07-29T18:00:00+02:00,success,[],,2026-07-29T07:28:29+02:00,2026-07-29T08:58:31+02:00,WALK|BUS,BUS,281|224A,Consorcio Regional de Transportes de Madrid,90.03333333333333,21242.4,68.18333333333334,6.183333333333334,5029.4,1.0,2026-07-29T18:00:00+02:00,2026-07-29T19:25:25+02:00,WALK|BUS,BUS,C1|223|283,Información oficial: Consorcio Regional de Transportes de Madrid|Consorcio Regional de Transportes de Madrid,85.41666666666667,19869.96,47.46666666666667,12.466666666666669,3540.96,2.0,complete_route,True,0,175.45,41112.36,115.65,18.650000000000002,8570.36,3.0
MAD-194,El Cañaveral,Vicálvaro,DEST_002,Nuevos Ministerios,WALK,A pie,2026-07-29,2026-07-29T09:00:00+02:00,success,[],,2026-07-29T18:00:00+02:00,success,[],,2026-07-29T05:23:11+02:00,2026-07-29T09:00:00+02:00,WALK,,,,216.81666666666663,16451.51,216.81666666666663,0.0,16451.51,0.0,2026-07-29T18:00:00+02:00,2026-07-29T21:36:49+02:00,WALK,,,,216.81666666666663,16451.51,216.81666666666663,0.0,16451.51,0.0,complete_route,True,0,433.63333333333327,32903.02,433.63333333333327,0.0,32903.02,0.0
MAD-201,Simancas,San Blas - Canillejas,DEST_002,Nuevos Ministerios,BICYCLE,Bicicleta,2026-07-29,2026-07-29T09:00:00+02:00,success,[],,2026-07-29T18:00:00+02:00,success,[],,2026-07-29T08:26:20+02:00,2026-07-29T09:00:00+02:00,BICYCLE,,,,33.666666666666664,7905.79,0.0,0.0,0.0,0.0,2026-07-29T18:00:00+02:00,2026-07-29T18:34:25+02:00,BICYCLE,,,,34.416666666666664,7695.02,0.0,0.0,0.0,0.0,complete_route,True,0,68.08333333333333,15600.810000000001,0.0,0.0,0.0,0.0
MAD-201,Simancas,San Blas - Canillejas,DEST_002,Nuevos Ministerios,CAR,Coche,2026-07-29,2026-07-29T09:00:00+02:00,success,[],,2026-07-29T18:00:00+02:00,success,[],,2026-07-29T08:47:14+02:00,2026-07-29T09:00:00+02:00,CAR,,,,12.766666666666667,9249.08,0.0,0.0,0.0,0.0,2026-07-29T18:00:00+02:00,2026-07-29T18:11:20+02:00,CAR,,,,11.333333333333334,7711.96,0.0,0.0,0.0,0.0,complete_route,True,0,24.1,16961.04,0.0,0.0,0.0,0.0
MAD-201,Simancas,San Blas - Canillejas,DEST_002,Nuevos Ministerios,TRANSIT,Transporte público,2026-07-29,2026-07-29T09:00:00+02:00,success,[],,2026-07-29T18:00:00+02:00,success,[],,2026-07-29T07:56:00+02:00,2026-07-29T08:58:31+02:00,WALK|BUS,BUS,28|224A,Información oficial: Consorcio Regional de Transportes de Madrid|Consorcio Regional de Transportes de Madrid,62.516666666666666,10954.18,46.41666666666666,8.1,3294.1800000000003,1.0,2026-07-29T18:00:00+02:00,2026-07-29T19:01:10+02:00,WALK|BUS,BUS,C1|223|77,Información oficial: Consorcio Regional de Transportes de Madrid|Consorcio Regional de Transportes de Madrid,61.16666666666666,10953.97,19.366666666666667,18.966666666666665,1361.9700000000005,2.0,complete_route,True,0,123.68333333333332,21908.15,65.78333333333333,27.066666666666663,4656.150000000001,3.0
MAD-201,Simancas,San Blas - Canillejas,DEST_002,Nuevos Ministerios,WALK,A pie,2026-07-29,2026-07-29T09:00:00+02:00,success,[],,2026-07-29T18:00:00+02:00,success,[],,2026-07-29T07:17:04+02:00,2026-07-29T09:00:00+02:00,WALK,,,,102.93333333333334,7512.14,102.93333333333334,0.0,7512.14,0.0,2026-07-29T18:00:00+02:00,2026-07-29T19:42:56+02:00,WALK,,,,102.93333333333334,7512.14,102.93333333333334,0.0,7512.14,0.0,complete_route,True,0,205.86666666666667,15024.28,205.86666666666667,0.0,15024.28,0.0
MAD-202,Hellín,San Blas - Canillejas,DEST_002,Nuevos Ministerios,BICYCLE,Bicicleta,2026-07-29,2026-07-29T09:00:00+02:00,success,[],,2026-07-29T18:00:00+02:00,success,[],,2026-07-29T08:18:49+02:00,2026-07-29T09:00:00+02:00,BICYCLE,,,,41.18333333333333,9412.58,0.0,0.0,0.0,0.0,2026-07-29T18:00:00+02:00,2026-07-29T18:41:54+02:00,BICYCLE,,,,41.9,9107.36,0.0,0.0,0.0,0.0,complete_route,True,0,83.08333333333333,18519.940000000002,0.0,0.0,0.0,0.0
MAD-202,Hellín,San Blas - Canillejas,DEST_002,Nuevos Ministerios,CAR,Coche,2026-07-29,2026-07-29T09:00:00+02:00,success,[],,2026-07-29T18:00:00+02:00,success,[],,2026-07-29T08:45:03+02:00,2026-07-29T09:00:00+02:00,CAR,,,,14.95,12666.39,0.0,0.0,0.0,0.0,2026-07-29T18:00:00+02:00,2026-07-29T18:14:16+02:00,CAR,,,,14.266666666666667,10360.64,0.0,0.0,0.0,0.0,complete_route,True,0,29.21666666666667,23027.03,0.0,0.0,0.0,0.0
MAD-202,Hellín,San Blas - Canillejas,DEST_002,Nuevos Ministerios,TRANSIT,Transporte público,2026-07-29,2026-07-29T09:00:00+02:00,success,[],,2026-07-29T18:00:00+02:00,success,[],,2026-07-29T07:52:48+02:00,2026-07-29T08:52:31+02:00,WALK|BUS,BUS,165|224A,Información oficial: Consorcio Regional de Transportes de Madrid|Consorcio Regional de Transportes de Madrid,59.71666666666667,11512.46,34.9,15.85,2449.46,1.0,2026-07-29T18:00:00+02:00,2026-07-29T19:00:56+02:00,WALK|BUS,BUS,C1|223|165,Información oficial: Consorcio Regional de Transportes de Madrid|Consorcio Regional de Transportes de Madrid,60.93333333333333,11041.08,12.733333333333333,26.966666666666665,855.0800000000002,2.0,complete_route,True,0,120.65,22553.54,47.63333333333333,42.81666666666666,3304.54,3.0
MAD-202,Hellín,San Blas - Canillejas,DEST_002,Nuevos Ministerios,WALK,A pie,2026-07-29,2026-07-29T09:00:00+02:00,success,[],,2026-07-29T18:00:00+02:00,success,[],,2026-07-29T07:03:07+02:00,2026-07-29T09:00:00+02:00,WALK,,,,116.88333333333334,8684.46,116.88333333333334,0.0,8684.46,0.0,2026-07-29T18:00:00+02:00,2026-07-29T19:56:53+02:00,WALK,,,,116.88333333333334,8684.46,116.88333333333334,0.0,8684.46,0.0,complete_route,True,0,233.76666666666668,17368.92,233.76666666666668,0.0,17368.92,0.0
MAD-203,Amposta,San Blas - Canillejas,DEST_002,Nuevos Ministerios,BICYCLE,Bicicleta,2026-07-29,2026-07-29T09:00:00+02:00,success,[],,2026-07-29T18:00:00+02:00,success,[],,2026-07-29T08:22:26+02:00,2026-07-29T09:00:00+02:00,BICYCLE,,,,37.56666666666667,8649.1,0.0,0.0,0.0,0.0,2026-07-29T18:00:00+02:00,2026-07-29T18:38:03+02:00,BICYCLE,,,,38.05,8195.03,0.0,0.0,0.0,0.0,complete_route,True,0,75.61666666666667,16844.13,0.0,0.0,0.0,0.0
MAD-203,Amposta,San Blas - Canillejas,DEST_002,Nuevos Ministerios,CAR,Coche,2026-07-29,2026-07-29T09:00:00+02:00,success,[],,2026-07-29T18:00:00+02:00,success,[],,2026-07-29T08:45:31+02:00,2026-07-29T09:00:00+02:00,CAR,,,,14.483333333333333,11143.24,0.0,0.0,0.0,0.0,2026-07-29T18:00:00+02:00,2026-07-29T18:13:14+02:00,CAR,,,,13.233333333333333,9081.99,0.0,0.0,0.0,0.0,complete_route,True,0,27.716666666666665,20225.23,0.0,0.0,0.0,0.0
MAD-203,Amposta,San Blas - Canillejas,DEST_002,Nuevos Ministerios,TRANSIT,Transporte público,2026-07-29,2026-07-29T09:00:00+02:00,success,[],,2026-07-29T18:00:00+02:00,success,[],,2026-07-29T07:48:00+02:00,2026-07-29T08:52:31+02:00,WALK|BUS,BUS,165|224A,Información oficial: Consorcio Regional de Transportes de Madrid|Consorcio Regional de Transportes de Madrid,64.51666666666667,12567.61,34.016666666666666,20.133333333333333,2373.61,1.0,2026-07-29T18:00:00+02:00,2026-07-29T19:03:30+02:00,WALK|BUS,BUS,C1|223|165,Información oficial: Consorcio Regional de Transportes de Madrid|Consorcio Regional de Transportes de Madrid,63.5,12119.3,11.65,26.966666666666665,771.3000000000001,2.0,complete_route,True,0,128.01666666666665,24686.91,45.666666666666664,47.099999999999994,3144.9100000000003,3.0
MAD-203,Amposta,San Blas - Canillejas,DEST_002,Nuevos Ministerios,WALK,A pie,2026-07-29,2026-07-29T09:00:00+02:00,success,[],,2026-07-29T18:00:00+02:00,success,[],,2026-07-29T07:11:24+02:00,2026-07-29T09:00:00+02:00,WALK,,,,108.6,7981.17,108.6,0.0,7981.17,0.0,2026-07-29T18:00:00+02:00,2026-07-29T19:48:36+02:00,WALK,,,,108.6,7981.17,108.6,0.0,7981.17,0.0,complete_route,True,0,217.2,15962.34,217.2,0.0,15962.34,0.0
MAD-204,Arcos,San Blas - Canillejas,DEST_002,Nuevos Ministerios,BICYCLE,Bicicleta,2026-07-29,2026-07-29T09:00:00+02:00,success,[],,2026-07-29T18:00:00+02:00,success,[],,2026-07-29T08:19:28+02:00,2026-07-29T09:00:00+02:00,BICYCLE,,,,40.53333333333333,9348.29,0.0,0.0,0.0,0.0,2026-07-29T18:00:00+02:00,2026-07-29T18:41:01+02:00,BICYCLE,,,,41.016666666666666,8995.98,0.0,0.0,0.0,0.0,complete_route,True,0,81.55,18344.27,0.0,0.0,0.0,0.0
MAD-204,Arcos,San Blas - Canillejas,DEST_002,Nuevos Ministerios,CAR,Coche,2026-07-29,2026-07-29T09:00:00+02:00,success,[],,2026-07-29T18:00:00+02:00,success,[],,2026-07-29T08:46:53+02:00,2026-07-29T09:00:00+02:00,CAR,,,,13.116666666666667,10398.02,0.0,0.0,0.0,0.0,2026-07-29T18:00:00+02:00,2026-07-29T18:13:00+02:00,CAR,,,,13.0,9106.0,0.0,0.0,0.0,0.0,complete_route,True,0,26.116666666666667,19504.02,0.0,0.0,0.0,0.0
MAD-204,Arcos,San Blas - Canillejas,DEST_002,Nuevos Ministerios,TRANSIT,Transporte público,2026-07-29,2026-07-29T09:00:00+02:00,success,[],,2026-07-29T18:00:00+02:00,success,[],,2026-07-29T07:45:00+02:00,2026-07-29T08:51:25+02:00,WALK|BUS,BUS,106|C2,Información oficial: Consorcio Regional de Transportes de Madrid,66.41666666666667,8582.03,4.933333333333334,20.0,337.03,1.0,2026-07-29T18:01:29+02:00,2026-07-29T19:10:58+02:00,WALK|BUS,BUS,223|165,Consorcio Regional de Transportes de Madrid|Información oficial: Consorcio Regional de Transportes de Madrid,69.48333333333333,12290.33,37.86666666666667,18.0,2726.33,1.0,complete_route,True,0,135.9,20872.36,42.8,38.0,3063.3599999999997,2.0
MAD-204,Arcos,San Blas - Canillejas,DEST_002,Nuevos Ministerios,WALK,A pie,2026-07-29,2026-07-29T09:00:00+02:00,success,[],,2026-07-29T18:00:00+02:00,success,[],,2026-07-29T07:04:23+02:00,2026-07-29T09:00:00+02:00,WALK,,,,115.61666666666666,8504.8,115.61666666666666,0.0,8504.8,0.0,2026-07-29T18:00:00+02:00,2026-07-29T19:55:37+02:00,WALK,,,,115.61666666666666,8504.8,115.61666666666666,0.0,8504.8,0.0,complete_route,True,0,231.23333333333332,17009.6,231.23333333333332,0.0,17009.6,0.0
MAD-205,Rosas,San Blas - Canillejas,DEST_002,Nuevos Ministerios,BICYCLE,Bicicleta,2026-07-29,2026-07-29T09:00:00+02:00,success,[],,2026-07-29T18:00:00+02:00,success,[],,2026-07-29T08:11:07+02:00,2026-07-29T09:00:00+02:00,BICYCLE,,,,48.88333333333333,11376.43,0.0,0.0,0.0,0.0,2026-07-29T18:00:00+02:00,2026-07-29T18:54:05+02:00,BICYCLE,,,,54.083333333333336,11600.47,0.0,0.0,0.0,0.0,complete_route,True,0,102.96666666666667,22976.9,0.0,0.0,0.0,0.0
MAD-205,Rosas,San Blas - Canillejas,DEST_002,Nuevos Ministerios,CAR,Coche,2026-07-29,2026-07-29T09:00:00+02:00,success,[],,2026-07-29T18:00:00+02:00,success,[],,2026-07-29T08:46:59+02:00,2026-07-29T09:00:00+02:00,CAR,,,,13.016666666666667,13002.11,0.0,0.0,0.0,0.0,2026-07-29T18:00:00+02:00,2026-07-29T18:14:09+02:00,CAR,,,,14.15,14934.91,0.0,0.0,0.0,0.0,complete_route,True,0,27.166666666666668,27937.02,0.0,0.0,0.0,0.0
MAD-205,Rosas,San Blas - Canillejas,DEST_002,Nuevos Ministerios,TRANSIT,Transporte público,2026-07-29,2026-07-29T09:00:00+02:00,success,[],,2026-07-29T18:00:00+02:00,success,[],,2026-07-29T07:47:30+02:00,2026-07-29T08:58:31+02:00,WALK|BUS,BUS,224A,Consorcio Regional de Transportes de Madrid,71.01666666666667,11383.77,71.01666666666667,0.0,5270.77,0.0,2026-07-29T18:00:00+02:00,2026-07-29T19:12:07+02:00,WALK|BUS,BUS,C1|223,Información oficial: Consorcio Regional de Transportes de Madrid|Consorcio Regional de Transportes de Madrid,72.11666666666666,11485.43,49.43333333333333,8.966666666666667,3691.43,1.0,complete_route,True,0,143.13333333333333,22869.2,120.44999999999999,8.966666666666667,8962.2,1.0
MAD-205,Rosas,San Blas - Canillejas,DEST_002,Nuevos Ministerios,WALK,A pie,2026-07-29,2026-07-29T09:00:00+02:00,success,[],,2026-07-29T18:00:00+02:00,success,[],,2026-07-29T06:35:31+02:00,2026-07-29T09:00:00+02:00,WALK,,,,144.48333333333332,10638.54,144.48333333333332,0.0,10638.54,0.0,2026-07-29T18:00:00+02:00,2026-07-29T20:24:29+02:00,WALK,,,,144.48333333333332,10638.54,144.48333333333332,0.0,10638.54,0.0,complete_route,True,0,288.96666666666664,21277.08,288.96666666666664,0.0,21277.08,0.0
MAD-206,Rejas,San Blas - Canillejas,DEST_002,Nuevos Ministerios,BICYCLE,Bicicleta,2026-07-29,2026-07-29T09:00:00+02:00,success,[],,2026-07-29T18:00:00+02:00,success,[],,2026-07-29T07:57:52+02:00,2026-07-29T09:00:00+02:00,BICYCLE,,,,62.13333333333333,14411.54,0.0,0.0,0.0,0.0,2026-07-29T18:00:00+02:00,2026-07-29T18:56:01+02:00,BICYCLE,,,,56.016666666666666,12946.61,0.0,0.0,0.0,0.0,complete_route,True,0,118.15,27358.15,0.0,0.0,0.0,0.0
MAD-206,Rejas,San Blas - Canillejas,DEST_002,Nuevos Ministerios,CAR,Coche,2026-07-29,2026-07-29T09:00:00+02:00,success,[],,2026-07-29T18:00:00+02:00,success,[],,2026-07-29T08:45:23+02:00,2026-07-29T09:00:00+02:00,CAR,,,,14.616666666666667,14008.51,0.0,0.0,0.0,0.0,2026-07-29T18:00:00+02:00,2026-07-29T18:12:19+02:00,CAR,,,,12.316666666666666,12065.97,0.0,0.0,0.0,0.0,complete_route,True,0,26.933333333333334,26074.48,0.0,0.0,0.0,0.0
MAD-206,Rejas,San Blas - Canillejas,DEST_002,Nuevos Ministerios,TRANSIT,Transporte público,2026-07-29,2026-07-29T09:00:00+02:00,success,[],,2026-07-29T18:00:00+02:00,success,[],,2026-07-29T08:17:36+02:00,2026-07-29T08:58:31+02:00,WALK|BUS,BUS,224A,Consorcio Regional de Transportes de Madrid,40.91666666666666,12836.0,40.91666666666666,0.0,2958.0,0.0,2026-07-29T18:00:00+02:00,2026-07-29T18:41:21+02:00,WALK|BUS,BUS,C1|223,Información oficial: Consorcio Regional de Transportes de Madrid|Consorcio Regional de Transportes de Madrid,41.35,12640.77,17.183333333333334,8.966666666666667,1213.77,1.0,complete_route,True,0,82.26666666666665,25476.77,58.099999999999994,8.966666666666667,4171.77,1.0
MAD-206,Rejas,San Blas - Canillejas,DEST_002,Nuevos Ministerios,WALK,A pie,2026-07-29,2026-07-29T09:00:00+02:00,success,[],,2026-07-29T18:00:00+02:00,success,[],,2026-07-29T06:11:25+02:00,2026-07-29T09:00:00+02:00,WALK,,,,168.58333333333334,12676.99,168.58333333333334,0.0,12676.99,0.0,2026-07-29T18:00:00+02:00,2026-07-29T20:48:35+02:00,WALK,,,,168.58333333333334,12676.99,168.58333333333334,0.0,12676.99,0.0,complete_route,True,0,337.1666666666667,25353.98,337.1666666666667,0.0,25353.98,0.0
MAD-207,Canillejas,San Blas - Canillejas,DEST_002,Nuevos Ministerios,BICYCLE,Bicicleta,2026-07-29,2026-07-29T09:00:00+02:00,success,[],,2026-07-29T18:00:00+02:00,success,[],,2026-07-29T08:19:37+02:00,2026-07-29T09:00:00+02:00,BICYCLE,,,,40.38333333333333,9228.88,0.0,0.0,0.0,0.0,2026-07-29T18:00:00+02:00,2026-07-29T18:40:49+02:00,BICYCLE,,,,40.81666666666667,9090.45,0.0,0.0,0.0,0.0,complete_route,True,0,81.2,18319.33,0.0,0.0,0.0,0.0
MAD-207,Canillejas,San Blas - Canillejas,DEST_002,Nuevos Ministerios,CAR,Coche,2026-07-29,2026-07-29T09:00:00+02:00,success,[],,2026-07-29T18:00:00+02:00,no_route,"[{""code"":""NO_DIRECT_MODE_CONNECTION"",""description"":""No route found for the requested direct mode. The origin and destination may be too far apart or not connected by the requested mode of transport."",""inputField"":null}]",,2026-07-29T08:46:55+02:00,2026-07-29T09:00:00+02:00,CAR,,,,13.083333333333334,9564.49,0.0,0.0,0.0,0.0,,,,,,,,,,,,,partial_route,False,1,,,,,,
MAD-207,Canillejas,San Blas - Canillejas,DEST_002,Nuevos Ministerios,TRANSIT,Transporte público,2026-07-29,2026-07-29T09:00:00+02:00,success,[],,2026-07-29T18:00:00+02:00,success,[],,2026-07-29T08:15:24+02:00,2026-07-29T08:58:31+02:00,WALK|BUS,BUS,224A,Consorcio Regional de Transportes de Madrid,43.11666666666667,9085.76,43.11666666666667,0.0,2972.76,0.0,2026-07-29T18:00:00+02:00,2026-07-29T18:42:54+02:00,WALK|BUS,BUS,C1|223,Información oficial: Consorcio Regional de Transportes de Madrid|Consorcio Regional de Transportes de Madrid,42.9,9168.39,20.216666666666665,8.966666666666667,1374.39,1.0,complete_route,True,0,86.01666666666667,18254.15,63.33333333333333,8.966666666666667,4347.150000000001,1.0
MAD-207,Canillejas,San Blas - Canillejas,DEST_002,Nuevos Ministerios,WALK,A pie,2026-07-29,2026-07-29T09:00:00+02:00,success,[],,2026-07-29T18:00:00+02:00,success,[],,2026-07-29T07:01:28+02:00,2026-07-29T09:00:00+02:00,WALK,,,,118.53333333333332,8782.46,118.53333333333332,0.0,8782.46,0.0,2026-07-29T18:00:00+02:00,2026-07-29T19:58:32+02:00,WALK,,,,118.53333333333332,8782.46,118.53333333333332,0.0,8782.46,0.0,complete_route,True,0,237.06666666666663,17564.92,237.06666666666663,0.0,17564.92,0.0
MAD-208,El Salvador,San Blas - Canillejas,DEST_002,Nuevos Ministerios,BICYCLE,Bicicleta,2026-07-29,2026-07-29T09:00:00+02:00,success,[],,2026-07-29T18:00:00+02:00,success,[],,2026-07-29T08:24:09+02:00,2026-07-29T09:00:00+02:00,BICYCLE,,,,35.85,8175.72,0.0,0.0,0.0,0.0,2026-07-29T18:00:00+02:00,2026-07-29T18:36:32+02:00,BICYCLE,,,,36.53333333333333,7829.9,0.0,0.0,0.0,0.0,complete_route,True,0,72.38333333333333,16005.619999999999,0.0,0.0,0.0,0.0
MAD-208,El Salvador,San Blas - Canillejas,DEST_002,Nuevos Ministerios,CAR,Coche,2026-07-29,2026-07-29T09:00:00+02:00,no_route,"[{""code"":""NO_DIRECT_MODE_CONNECTION"",""description"":""No route found for the requested direct mode. The origin and destination may be too far apart or not connected by the requested mode of transport."",""inputField"":null}]",,2026-07-29T18:00:00+02:00,no_route,"[{""code"":""NO_DIRECT_MODE_CONNECTION"",""description"":""No route found for the requested direct mode. The origin and destination may be too far apart or not connected by the requested mode of transport."",""inputField"":null}]",,,,,,,,,,,,,,,,,,,,,,,,,,no_route,False,2,,,,,,
MAD-208,El Salvador,San Blas - Canillejas,DEST_002,Nuevos Ministerios,TRANSIT,Transporte público,2026-07-29,2026-07-29T09:00:00+02:00,success,[],,2026-07-29T18:00:00+02:00,success,[],,2026-07-29T08:01:00+02:00,2026-07-29T08:57:55+02:00,WALK|BUS,BUS,114|C2,Información oficial: Consorcio Regional de Transportes de Madrid,56.91666666666666,7918.82,13.066666666666666,14.0,927.82,1.0,2026-07-29T18:00:00+02:00,2026-07-29T18:56:02+02:00,WALK|BUS,BUS,C1|223|77,Información oficial: Consorcio Regional de Transportes de Madrid|Consorcio Regional de Transportes de Madrid,56.03333333333333,10579.24,14.233333333333333,18.966666666666665,987.24,2.0,complete_route,True,0,112.94999999999999,18498.059999999998,27.299999999999997,32.96666666666667,1915.06,3.0
MAD-208,El Salvador,San Blas - Canillejas,DEST_002,Nuevos Ministerios,WALK,A pie,2026-07-29,2026-07-29T09:00:00+02:00,success,[],,2026-07-29T18:00:00+02:00,success,[],,2026-07-29T07:23:20+02:00,2026-07-29T09:00:00+02:00,WALK,,,,96.66666666666669,7130.31,96.66666666666669,0.0,7130.31,0.0,2026-07-29T18:00:00+02:00,2026-07-29T19:36:40+02:00,WALK,,,,96.66666666666669,7130.31,96.66666666666669,0.0,7130.31,0.0,complete_route,True,0,193.33333333333337,14260.62,193.33333333333337,0.0,14260.62,0.0
MAD-211,Alameda de Osuna,Barajas,DEST_002,Nuevos Ministerios,BICYCLE,Bicicleta,2026-07-29,2026-07-29T09:00:00+02:00,success,[],,2026-07-29T18:00:00+02:00,success,[],,2026-07-29T08:12:23+02:00,2026-07-29T09:00:00+02:00,BICYCLE,,,,47.61666666666667,10844.21,0.0,0.0,0.0,0.0,2026-07-29T18:00:00+02:00,2026-07-29T18:48:03+02:00,BICYCLE,,,,48.05,11182.92,0.0,0.0,0.0,0.0,complete_route,True,0,95.66666666666666,22027.129999999997,0.0,0.0,0.0,0.0
MAD-211,Alameda de Osuna,Barajas,DEST_002,Nuevos Ministerios,CAR,Coche,2026-07-29,2026-07-29T09:00:00+02:00,success,[],,2026-07-29T18:00:00+02:00,success,[],,2026-07-29T08:47:28+02:00,2026-07-29T09:00:00+02:00,CAR,,,,12.533333333333331,10449.42,0.0,0.0,0.0,0.0,2026-07-29T18:00:00+02:00,2026-07-29T18:13:20+02:00,CAR,,,,13.333333333333334,10037.11,0.0,0.0,0.0,0.0,complete_route,True,0,25.866666666666667,20486.53,0.0,0.0,0.0,0.0
MAD-211,Alameda de Osuna,Barajas,DEST_002,Nuevos Ministerios,TRANSIT,Transporte público,2026-07-29,2026-07-29T09:00:00+02:00,success,[],,2026-07-29T18:00:00+02:00,success,[],,2026-07-29T08:16:02+02:00,2026-07-29T08:58:31+02:00,WALK|BUS,BUS,224A,Consorcio Regional de Transportes de Madrid,42.48333333333333,10151.73,42.48333333333333,0.0,3066.73,0.0,2026-07-29T18:00:00+02:00,2026-07-29T18:49:28+02:00,WALK|BUS,BUS,C1|223|212,Información oficial: Consorcio Regional de Transportes de Madrid|Consorcio Regional de Transportes de Madrid,49.46666666666667,11113.16,16.233333333333334,13.533333333333331,1096.16,2.0,complete_route,True,0,91.94999999999999,21264.89,58.71666666666666,13.533333333333331,4162.89,2.0
MAD-211,Alameda de Osuna,Barajas,DEST_002,Nuevos Ministerios,WALK,A pie,2026-07-29,2026-07-29T09:00:00+02:00,success,[],,2026-07-29T18:00:00+02:00,success,[],,2026-07-29T06:45:35+02:00,2026-07-29T09:00:00+02:00,WALK,,,,134.41666666666666,10134.85,134.41666666666666,0.0,10134.85,0.0,2026-07-29T18:00:00+02:00,2026-07-29T20:14:25+02:00,WALK,,,,134.41666666666666,10134.85,134.41666666666666,0.0,10134.85,0.0,complete_route,True,0,268.8333333333333,20269.7,268.8333333333333,0.0,20269.7,0.0
MAD-212,Aeropuerto,Barajas,DEST_002,Nuevos Ministerios,BICYCLE,Bicicleta,2026-07-29,2026-07-29T09:00:00+02:00,success,[],,2026-07-29T18:00:00+02:00,success,[],,2026-07-29T07:39:31+02:00,2026-07-29T09:00:00+02:00,BICYCLE,,,,80.48333333333333,20260.56,0.0,0.0,0.0,0.0,2026-07-29T18:00:00+02:00,2026-07-29T19:21:08+02:00,BICYCLE,,,,81.13333333333334,20507.96,0.0,0.0,0.0,0.0,complete_route,True,0,161.61666666666667,40768.520000000004,0.0,0.0,0.0,0.0
MAD-212,Aeropuerto,Barajas,DEST_002,Nuevos Ministerios,CAR,Coche,2026-07-29,2026-07-29T09:00:00+02:00,no_route,"[{""code"":""NO_DIRECT_MODE_CONNECTION"",""description"":""No route found for the requested direct mode. The origin and destination may be too far apart or not connected by the requested mode of transport."",""inputField"":null}]",,2026-07-29T18:00:00+02:00,no_route,"[{""code"":""NO_DIRECT_MODE_CONNECTION"",""description"":""No route found for the requested direct mode. The origin and destination may be too far apart or not connected by the requested mode of transport."",""inputField"":null}]",,,,,,,,,,,,,,,,,,,,,,,,,,no_route,False,2,,,,,,
MAD-212,Aeropuerto,Barajas,DEST_002,Nuevos Ministerios,TRANSIT,Transporte público,2026-07-29,2026-07-29T09:00:00+02:00,success,[],,2026-07-29T18:00:00+02:00,success,[],,2026-07-29T07:31:30+02:00,2026-07-29T08:58:31+02:00,WALK|BUS,BUS,213|224A,Consorcio Regional de Transportes de Madrid,87.01666666666667,19151.36,71.7,3.1666666666666665,5356.360000000001,1.0,2026-07-29T18:00:00+02:00,2026-07-29T19:33:28+02:00,WALK|BUS,BUS,C1|223|212,Información oficial: Consorcio Regional de Transportes de Madrid|Consorcio Regional de Transportes de Madrid,93.46666666666668,19365.56,45.3,13.533333333333331,3469.56,2.0,complete_route,True,0,180.48333333333335,38516.92,117.0,16.7,8825.92,3.0
MAD-212,Aeropuerto,Barajas,DEST_002,Nuevos Ministerios,WALK,A pie,2026-07-29,2026-07-29T09:00:00+02:00,no_route,"[{""code"":""NO_DIRECT_MODE_CONNECTION"",""description"":""No route found for the requested direct mode. The origin and destination may be too far apart or not connected by the requested mode of transport."",""inputField"":null}]",,2026-07-29T18:00:00+02:00,no_route,"[{""code"":""NO_DIRECT_MODE_CONNECTION"",""description"":""No route found for the requested direct mode. The origin and destination may be too far apart or not connected by the requested mode of transport."",""inputField"":null}]",,,,,,,,,,,,,,,,,,,,,,,,,,no_route,False,2,,,,,,
MAD-213,Casco Histórico de Barajas,Barajas,DEST_002,Nuevos Ministerios,BICYCLE,Bicicleta,2026-07-29,2026-07-29T09:00:00+02:00,success,[],,2026-07-29T18:00:00+02:00,success,[],,2026-07-29T07:58:17+02:00,2026-07-29T09:00:00+02:00,BICYCLE,,,,61.71666666666667,13966.21,0.0,0.0,0.0,0.0,2026-07-29T18:00:00+02:00,2026-07-29T18:58:59+02:00,BICYCLE,,,,58.98333333333333,13739.97,0.0,0.0,0.0,0.0,complete_route,True,0,120.69999999999999,27706.18,0.0,0.0,0.0,0.0
MAD-213,Casco Histórico de Barajas,Barajas,DEST_002,Nuevos Ministerios,CAR,Coche,2026-07-29,2026-07-29T09:00:00+02:00,success,[],,2026-07-29T18:00:00+02:00,success,[],,2026-07-29T08:44:31+02:00,2026-07-29T09:00:00+02:00,CAR,,,,15.483333333333333,14491.56,0.0,0.0,0.0,0.0,2026-07-29T18:00:00+02:00,2026-07-29T18:14:28+02:00,CAR,,,,14.466666666666669,13318.74,0.0,0.0,0.0,0.0,complete_route,True,0,29.950000000000003,27810.3,0.0,0.0,0.0,0.0
MAD-213,Casco Histórico de Barajas,Barajas,DEST_002,Nuevos Ministerios,TRANSIT,Transporte público,2026-07-29,2026-07-29T09:00:00+02:00,success,[],,2026-07-29T18:00:00+02:00,success,[],,2026-07-29T08:10:23+02:00,2026-07-29T08:58:31+02:00,WALK|BUS,BUS,213|224A,Consorcio Regional de Transportes de Madrid,48.13333333333333,12292.11,39.1,3.1666666666666665,2726.11,1.0,2026-07-29T18:00:00+02:00,2026-07-29T18:52:17+02:00,WALK|BUS,BUS,C1|223|212,Información oficial: Consorcio Regional de Transportes de Madrid|Consorcio Regional de Transportes de Madrid,52.28333333333333,12716.98,14.8,13.533333333333331,999.98,2.0,complete_route,True,0,100.41666666666666,25009.09,53.900000000000006,16.7,3726.09,3.0
MAD-213,Casco Histórico de Barajas,Barajas,DEST_002,Nuevos Ministerios,WALK,A pie,2026-07-29,2026-07-29T09:00:00+02:00,success,[],,2026-07-29T18:00:00+02:00,success,[],,2026-07-29T06:16:54+02:00,2026-07-29T09:00:00+02:00,WALK,,,,163.1,12064.19,163.1,0.0,12064.19,0.0,2026-07-29T18:00:00+02:00,2026-07-29T20:43:06+02:00,WALK,,,,163.1,12064.19,163.1,0.0,12064.19,0.0,complete_route,True,0,326.2,24128.38,326.2,0.0,24128.38,0.0
MAD-214,Timón,Barajas,DEST_002,Nuevos Ministerios,BICYCLE,Bicicleta,2026-07-29,2026-07-29T09:00:00+02:00,success,[],,2026-07-29T18:00:00+02:00,success,[],,2026-07-29T08:10:50+02:00,2026-07-29T09:00:00+02:00,BICYCLE,,,,49.16666666666666,11338.34,0.0,0.0,0.0,0.0,2026-07-29T18:00:00+02:00,2026-07-29T18:43:56+02:00,BICYCLE,,,,43.93333333333333,10435.0,0.0,0.0,0.0,0.0,complete_route,True,0,93.1,21773.34,0.0,0.0,0.0,0.0
MAD-214,Timón,Barajas,DEST_002,Nuevos Ministerios,CAR,Coche,2026-07-29,2026-07-29T09:00:00+02:00,success,[],,2026-07-29T18:00:00+02:00,success,[],,2026-07-29T08:44:50+02:00,2026-07-29T09:00:00+02:00,CAR,,,,15.166666666666666,13128.86,0.0,0.0,0.0,0.0,2026-07-29T18:00:00+02:00,2026-07-29T18:15:19+02:00,CAR,,,,15.316666666666666,13026.7,0.0,0.0,0.0,0.0,complete_route,True,0,30.483333333333334,26155.56,0.0,0.0,0.0,0.0
MAD-214,Timón,Barajas,DEST_002,Nuevos Ministerios,TRANSIT,Transporte público,2026-07-29,2026-07-29T09:00:00+02:00,success,[],,2026-07-29T18:00:00+02:00,success,[],,2026-07-29T07:41:20+02:00,2026-07-29T08:55:48+02:00,WALK|BUS,BUS,828|161|147,Consorcio Regional de Transportes de Madrid|Información oficial: Consorcio Regional de Transportes de Madrid,74.46666666666667,26755.64,13.7,14.5,1016.64,2.0,2026-07-29T18:10:00+02:00,2026-07-29T19:21:22+02:00,WALK|BUS,BUS,C1|223|827,Información oficial: Consorcio Regional de Transportes de Madrid|Consorcio Regional de Transportes de Madrid,71.36666666666666,16398.98,37.6,13.216666666666669,2840.98,2.0,complete_route,True,0,145.83333333333331,43154.619999999995,51.3,27.71666666666667,3857.62,4.0
MAD-214,Timón,Barajas,DEST_002,Nuevos Ministerios,WALK,A pie,2026-07-29,2026-07-29T09:00:00+02:00,success,[],,2026-07-29T18:00:00+02:00,success,[],,2026-07-29T06:45:17+02:00,2026-07-29T09:00:00+02:00,WALK,,,,134.71666666666667,10153.0,134.71666666666667,0.0,10153.0,0.0,2026-07-29T18:00:00+02:00,2026-07-29T20:14:43+02:00,WALK,,,,134.71666666666667,10153.0,134.71666666666667,0.0,10153.0,0.0,complete_route,True,0,269.43333333333334,20306.0,269.43333333333334,0.0,20306.0,0.0
MAD-215,Corralejos,Barajas,DEST_002,Nuevos Ministerios,BICYCLE,Bicicleta,2026-07-29,2026-07-29T09:00:00+02:00,success,[],,2026-07-29T18:00:00+02:00,success,[],,2026-07-29T08:18:22+02:00,2026-07-29T09:00:00+02:00,BICYCLE,,,,41.63333333333333,9145.72,0.0,0.0,0.0,0.0,2026-07-29T18:00:00+02:00,2026-07-29T18:42:44+02:00,BICYCLE,,,,42.73333333333333,9163.51,0.0,0.0,0.0,0.0,complete_route,True,0,84.36666666666666,18309.23,0.0,0.0,0.0,0.0
MAD-215,Corralejos,Barajas,DEST_002,Nuevos Ministerios,CAR,Coche,2026-07-29,2026-07-29T09:00:00+02:00,no_route,"[{""code"":""NO_DIRECT_MODE_CONNECTION"",""description"":""No route found for the requested direct mode. The origin and destination may be too far apart or not connected by the requested mode of transport."",""inputField"":null}]",,2026-07-29T18:00:00+02:00,no_route,"[{""code"":""NO_DIRECT_MODE_CONNECTION"",""description"":""No route found for the requested direct mode. The origin and destination may be too far apart or not connected by the requested mode of transport."",""inputField"":null}]",,,,,,,,,,,,,,,,,,,,,,,,,,no_route,False,2,,,,,,
MAD-215,Corralejos,Barajas,DEST_002,Nuevos Ministerios,TRANSIT,Transporte público,2026-07-29,2026-07-29T09:00:00+02:00,success,[],,2026-07-29T18:00:00+02:00,success,[],,2026-07-29T08:05:10+02:00,2026-07-29T08:58:31+02:00,WALK|BUS,BUS,213|224A,Consorcio Regional de Transportes de Madrid,53.35,10760.88,48.0,3.1666666666666665,3427.88,1.0,2026-07-29T18:00:00+02:00,2026-07-29T18:58:23+02:00,WALK|BUS,BUS,C1|223,Información oficial: Consorcio Regional de Transportes de Madrid|Consorcio Regional de Transportes de Madrid,58.38333333333333,10361.96,35.7,8.966666666666667,2567.96,1.0,complete_route,True,0,111.73333333333333,21122.839999999997,83.7,12.133333333333333,5995.84,2.0
MAD-215,Corralejos,Barajas,DEST_002,Nuevos Ministerios,WALK,A pie,2026-07-29,2026-07-29T09:00:00+02:00,success,[],,2026-07-29T18:00:00+02:00,success,[],,2026-07-29T07:03:20+02:00,2026-07-29T09:00:00+02:00,WALK,,,,116.66666666666669,8503.21,116.66666666666669,0.0,8503.21,0.0,2026-07-29T18:00:00+02:00,2026-07-29T19:56:40+02:00,WALK,,,,116.66666666666669,8503.21,116.66666666666669,0.0,8503.21,0.0,complete_route,True,0,233.33333333333337,17006.42,233.33333333333337,0.0,17006.42,0.0
MAD-011,Palacio,Centro,DEST_003,UC3M Campus de Leganés,BICYCLE,Bicicleta,2026-07-29,2026-07-29T09:00:00+02:00,success,[],,2026-07-29T18:00:00+02:00,success,[],,2026-07-29T07:57:01+02:00,2026-07-29T09:00:00+02:00,BICYCLE,,,,62.98333333333333,14793.79,0.0,0.0,0.0,0.0,2026-07-29T18:00:00+02:00,2026-07-29T19:10:43+02:00,BICYCLE,,,,70.71666666666667,18002.58,0.0,0.0,0.0,0.0,complete_route,True,0,133.7,32796.37,0.0,0.0,0.0,0.0
MAD-011,Palacio,Centro,DEST_003,UC3M Campus de Leganés,CAR,Coche,2026-07-29,2026-07-29T09:00:00+02:00,success,[],,2026-07-29T18:00:00+02:00,success,[],,2026-07-29T08:43:00+02:00,2026-07-29T09:00:00+02:00,CAR,,,,17.0,13947.71,0.0,0.0,0.0,0.0,2026-07-29T18:00:00+02:00,2026-07-29T18:17:22+02:00,CAR,,,,17.366666666666667,14584.14,0.0,0.0,0.0,0.0,complete_route,True,0,34.36666666666667,28531.85,0.0,0.0,0.0,0.0
MAD-011,Palacio,Centro,DEST_003,UC3M Campus de Leganés,TRANSIT,Transporte público,2026-07-29,2026-07-29T09:00:00+02:00,success,[],,2026-07-29T18:00:00+02:00,success,[],,2026-07-29T07:38:00+02:00,2026-07-29T08:56:51+02:00,WALK|BUS,BUS,39|482,Información oficial: Consorcio Regional de Transportes de Madrid|Consorcio Regional de Transportes de Madrid,78.85,14267.94,32.65,11.066666666666666,2306.94,1.0,2026-07-29T18:00:58+02:00,2026-07-29T19:23:49+02:00,WALK|BUS,BUS,493|138,Consorcio Regional de Transportes de Madrid|Información oficial: Consorcio Regional de Transportes de Madrid,82.85,13904.27,17.266666666666666,12.0,1257.27,1.0,complete_route,True,0,161.7,28172.21,49.916666666666664,23.066666666666666,3564.21,2.0
MAD-011,Palacio,Centro,DEST_003,UC3M Campus de Leganés,WALK,A pie,2026-07-29,2026-07-29T09:00:00+02:00,success,[],,2026-07-29T18:00:00+02:00,success,[],,2026-07-29T06:05:00+02:00,2026-07-29T09:00:00+02:00,WALK,,,,175.0,13396.0,175.0,0.0,13396.0,0.0,2026-07-29T18:00:00+02:00,2026-07-29T20:55:00+02:00,WALK,,,,175.0,13396.0,175.0,0.0,13396.0,0.0,complete_route,True,0,350.0,26792.0,350.0,0.0,26792.0,0.0
MAD-012,Embajadores,Centro,DEST_003,UC3M Campus de Leganés,BICYCLE,Bicicleta,2026-07-29,2026-07-29T09:00:00+02:00,success,[],,2026-07-29T18:00:00+02:00,success,[],,2026-07-29T07:41:23+02:00,2026-07-29T09:00:00+02:00,BICYCLE,,,,78.61666666666666,18920.47,0.0,0.0,0.0,0.0,2026-07-29T18:00:00+02:00,2026-07-29T19:11:15+02:00,BICYCLE,,,,71.25,18251.69,0.0,0.0,0.0,0.0,complete_route,True,0,149.86666666666667,37172.16,0.0,0.0,0.0,0.0
MAD-012,Embajadores,Centro,DEST_003,UC3M Campus de Leganés,CAR,Coche,2026-07-29,2026-07-29T09:00:00+02:00,success,[],,2026-07-29T18:00:00+02:00,success,[],,2026-07-29T08:42:25+02:00,2026-07-29T09:00:00+02:00,CAR,,,,17.583333333333332,12870.11,0.0,0.0,0.0,0.0,2026-07-29T18:00:00+02:00,2026-07-29T18:19:22+02:00,CAR,,,,19.366666666666667,13447.81,0.0,0.0,0.0,0.0,complete_route,True,0,36.95,26317.92,0.0,0.0,0.0,0.0
MAD-012,Embajadores,Centro,DEST_003,UC3M Campus de Leganés,TRANSIT,Transporte público,2026-07-29,2026-07-29T09:00:00+02:00,success,[],,2026-07-29T18:00:00+02:00,success,[],,2026-07-29T07:46:00+02:00,2026-07-29T08:56:51+02:00,WALK|BUS,BUS,E1|482,Información oficial: Consorcio Regional de Transportes de Madrid|Consorcio Regional de Transportes de Madrid,70.85,13426.18,14.05,12.1,1017.18,1.0,2026-07-29T18:00:58+02:00,2026-07-29T19:16:38+02:00,WALK|BUS,BUS,493|34,Consorcio Regional de Transportes de Madrid|Información oficial: Consorcio Regional de Transportes de Madrid,75.66666666666667,12715.35,13.533333333333331,10.0,999.35,1.0,complete_route,True,0,146.51666666666665,26141.53,27.583333333333332,22.1,2016.53,2.0
MAD-012,Embajadores,Centro,DEST_003,UC3M Campus de Leganés,WALK,A pie,2026-07-29,2026-07-29T09:00:00+02:00,success,[],,2026-07-29T18:00:00+02:00,success,[],,2026-07-29T06:16:01+02:00,2026-07-29T09:00:00+02:00,WALK,,,,163.98333333333332,12585.73,163.98333333333332,0.0,12585.73,0.0,2026-07-29T18:00:00+02:00,2026-07-29T20:43:59+02:00,WALK,,,,163.98333333333332,12585.73,163.98333333333332,0.0,12585.73,0.0,complete_route,True,0,327.96666666666664,25171.46,327.96666666666664,0.0,25171.46,0.0
MAD-013,Cortes,Centro,DEST_003,UC3M Campus de Leganés,BICYCLE,Bicicleta,2026-07-29,2026-07-29T09:00:00+02:00,success,[],,2026-07-29T18:00:00+02:00,success,[],,2026-07-29T07:39:02+02:00,2026-07-29T09:00:00+02:00,BICYCLE,,,,80.96666666666667,19881.25,0.0,0.0,0.0,0.0,2026-07-29T18:00:00+02:00,2026-07-29T19:12:33+02:00,BICYCLE,,,,72.55,18391.15,0.0,0.0,0.0,0.0,complete_route,True,0,153.51666666666665,38272.4,0.0,0.0,0.0,0.0
MAD-013,Cortes,Centro,DEST_003,UC3M Campus de Leganés,CAR,Coche,2026-07-29,2026-07-29T09:00:00+02:00,success,[],,2026-07-29T18:00:00+02:00,success,[],,2026-07-29T08:41:38+02:00,2026-07-29T09:00:00+02:00,CAR,,,,18.366666666666667,14105.41,0.0,0.0,0.0,0.0,2026-07-29T18:00:00+02:00,2026-07-29T18:20:02+02:00,CAR,,,,20.03333333333333,14179.95,0.0,0.0,0.0,0.0,complete_route,True,0,38.4,28285.36,0.0,0.0,0.0,0.0
MAD-013,Cortes,Centro,DEST_003,UC3M Campus de Leganés,TRANSIT,Transporte público,2026-07-29,2026-07-29T09:00:00+02:00,success,[],,2026-07-29T18:00:00+02:00,success,[],,2026-07-29T07:42:00+02:00,2026-07-29T08:56:51+02:00,WALK|BUS,BUS,E1|482,Información oficial: Consorcio Regional de Transportes de Madrid|Consorcio Regional de Transportes de Madrid,74.85,13904.67,16.633333333333333,12.416666666666666,1194.67,1.0,2026-07-29T18:00:58+02:00,2026-07-29T19:21:38+02:00,WALK|BUS,BUS,480|E1,Consorcio Regional de Transportes de Madrid|Información oficial: Consorcio Regional de Transportes de Madrid,80.66666666666667,17956.08,16.283333333333335,13.0,1177.08,1.0,complete_route,True,0,155.51666666666665,31860.75,32.91666666666667,25.416666666666664,2371.75,2.0
MAD-013,Cortes,Centro,DEST_003,UC3M Campus de Leganés,WALK,A pie,2026-07-29,2026-07-29T09:00:00+02:00,success,[],,2026-07-29T18:00:00+02:00,success,[],,2026-07-29T06:06:16+02:00,2026-07-29T09:00:00+02:00,WALK,,,,173.73333333333332,13315.26,173.73333333333332,0.0,13315.26,0.0,2026-07-29T18:00:00+02:00,2026-07-29T20:53:44+02:00,WALK,,,,173.73333333333332,13315.26,173.73333333333332,0.0,13315.26,0.0,complete_route,True,0,347.46666666666664,26630.52,347.46666666666664,0.0,26630.52,0.0
MAD-014,Justicia,Centro,DEST_003,UC3M Campus de Leganés,BICYCLE,Bicicleta,2026-07-29,2026-07-29T09:00:00+02:00,success,[],,2026-07-29T18:00:00+02:00,success,[],,2026-07-29T07:46:00+02:00,2026-07-29T09:00:00+02:00,BICYCLE,,,,74.0,17246.37,0.0,0.0,0.0,0.0,2026-07-29T18:00:00+02:00,2026-07-29T19:18:24+02:00,BICYCLE,,,,78.4,19805.81,0.0,0.0,0.0,0.0,complete_route,True,0,152.4,37052.18,0.0,0.0,0.0,0.0
MAD-014,Justicia,Centro,DEST_003,UC3M Campus de Leganés,CAR,Coche,2026-07-29,2026-07-29T09:00:00+02:00,success,[],,2026-07-29T18:00:00+02:00,success,[],,2026-07-29T08:42:25+02:00,2026-07-29T09:00:00+02:00,CAR,,,,17.583333333333332,14165.24,0.0,0.0,0.0,0.0,2026-07-29T18:00:00+02:00,2026-07-29T18:21:19+02:00,CAR,,,,21.316666666666663,15525.18,0.0,0.0,0.0,0.0,complete_route,True,0,38.89999999999999,29690.42,0.0,0.0,0.0,0.0
MAD-014,Justicia,Centro,DEST_003,UC3M Campus de Leganés,TRANSIT,Transporte público,2026-07-29,2026-07-29T09:00:00+02:00,success,[],,2026-07-29T18:00:00+02:00,success,[],,2026-07-29T07:36:00+02:00,2026-07-29T08:56:51+02:00,WALK|BUS,BUS,E1|482,Información oficial: Consorcio Regional de Transportes de Madrid|Consorcio Regional de Transportes de Madrid,80.85,15672.2,15.233333333333333,12.833333333333334,1058.2,1.0,2026-07-29T18:00:58+02:00,2026-07-29T19:25:11+02:00,WALK|BUS,BUS,480|E1,Consorcio Regional de Transportes de Madrid|Información oficial: Consorcio Regional de Transportes de Madrid,84.21666666666667,18870.12,15.483333333333333,13.0,1080.12,1.0,complete_route,True,0,165.06666666666666,34542.32,30.716666666666665,25.833333333333336,2138.3199999999997,2.0
MAD-014,Justicia,Centro,DEST_003,UC3M Campus de Leganés,WALK,A pie,2026-07-29,2026-07-29T09:00:00+02:00,success,[],,2026-07-29T18:00:00+02:00,success,[],,2026-07-29T05:50:15+02:00,2026-07-29T09:00:00+02:00,WALK,,,,189.75,14514.96,189.75,0.0,14514.96,0.0,2026-07-29T18:00:00+02:00,2026-07-29T21:09:45+02:00,WALK,,,,189.75,14514.96,189.75,0.0,14514.96,0.0,complete_route,True,0,379.5,29029.92,379.5,0.0,29029.92,0.0
MAD-015,Universidad,Centro,DEST_003,UC3M Campus de Leganés,BICYCLE,Bicicleta,2026-07-29,2026-07-29T09:00:00+02:00,success,[],,2026-07-29T18:00:00+02:00,success,[],,2026-07-29T07:50:05+02:00,2026-07-29T09:00:00+02:00,BICYCLE,,,,69.91666666666667,16382.45,0.0,0.0,0.0,0.0,2026-07-29T18:00:00+02:00,2026-07-29T19:15:22+02:00,BICYCLE,,,,75.36666666666666,19243.54,0.0,0.0,0.0,0.0,complete_route,True,0,145.28333333333333,35625.990000000005,0.0,0.0,0.0,0.0
MAD-015,Universidad,Centro,DEST_003,UC3M Campus de Leganés,CAR,Coche,2026-07-29,2026-07-29T09:00:00+02:00,success,[],,2026-07-29T18:00:00+02:00,success,[],,2026-07-29T08:39:52+02:00,2026-07-29T09:00:00+02:00,CAR,,,,20.133333333333333,16159.22,0.0,0.0,0.0,0.0,2026-07-29T18:00:00+02:00,2026-07-29T18:20:18+02:00,CAR,,,,20.3,17029.55,0.0,0.0,0.0,0.0,complete_route,True,0,40.43333333333334,33188.77,0.0,0.0,0.0,0.0
MAD-015,Universidad,Centro,DEST_003,UC3M Campus de Leganés,TRANSIT,Transporte público,2026-07-29,2026-07-29T09:00:00+02:00,success,[],,2026-07-29T18:00:00+02:00,success,[],,2026-07-29T07:35:00+02:00,2026-07-29T08:56:51+02:00,WALK|BUS,BUS,39|482,Información oficial: Consorcio Regional de Transportes de Madrid|Consorcio Regional de Transportes de Madrid,81.85,16051.29,30.65,11.95,2174.29,1.0,2026-07-29T18:00:58+02:00,2026-07-29T19:31:54+02:00,WALK|BUS,BUS,493|486|25,Consorcio Regional de Transportes de Madrid|Información oficial: Consorcio Regional de Transportes de Madrid,90.93333333333334,14247.24,22.366666666666667,17.85,1727.24,2.0,complete_route,True,0,172.78333333333333,30298.53,53.016666666666666,29.8,3901.5299999999997,3.0
MAD-015,Universidad,Centro,DEST_003,UC3M Campus de Leganés,WALK,A pie,2026-07-29,2026-07-29T09:00:00+02:00,success,[],,2026-07-29T18:00:00+02:00,success,[],,2026-07-29T05:52:07+02:00,2026-07-29T09:00:00+02:00,WALK,,,,187.88333333333333,14422.71,187.88333333333333,0.0,14422.71,0.0,2026-07-29T18:00:00+02:00,2026-07-29T21:07:53+02:00,WALK,,,,187.88333333333333,14422.71,187.88333333333333,0.0,14422.71,0.0,complete_route,True,0,375.76666666666665,28845.42,375.76666666666665,0.0,28845.42,0.0
MAD-016,Sol,Centro,DEST_003,UC3M Campus de Leganés,BICYCLE,Bicicleta,2026-07-29,2026-07-29T09:00:00+02:00,success,[],,2026-07-29T18:00:00+02:00,success,[],,2026-07-29T07:52:52+02:00,2026-07-29T09:00:00+02:00,BICYCLE,,,,67.13333333333334,15868.25,0.0,0.0,0.0,0.0,2026-07-29T18:00:00+02:00,2026-07-29T19:09:59+02:00,BICYCLE,,,,69.98333333333333,17998.56,0.0,0.0,0.0,0.0,complete_route,True,0,137.11666666666667,33866.81,0.0,0.0,0.0,0.0
MAD-016,Sol,Centro,DEST_003,UC3M Campus de Leganés,CAR,Coche,2026-07-29,2026-07-29T09:00:00+02:00,success,[],,2026-07-29T18:00:00+02:00,success,[],,2026-07-29T08:41:18+02:00,2026-07-29T09:00:00+02:00,CAR,,,,18.7,14415.52,0.0,0.0,0.0,0.0,2026-07-29T18:00:00+02:00,2026-07-29T18:19:00+02:00,CAR,,,,19.0,15338.75,0.0,0.0,0.0,0.0,complete_route,True,0,37.7,29754.27,0.0,0.0,0.0,0.0
MAD-016,Sol,Centro,DEST_003,UC3M Campus de Leganés,TRANSIT,Transporte público,2026-07-29,2026-07-29T09:00:00+02:00,success,[],,2026-07-29T18:00:00+02:00,success,[],,2026-07-29T07:34:00+02:00,2026-07-29T08:56:51+02:00,WALK|BUS,BUS,27|E1|482,Información oficial: Consorcio Regional de Transportes de Madrid|Consorcio Regional de Transportes de Madrid,82.85,14436.2,15.666666666666666,18.466666666666665,1118.1999999999998,2.0,2026-07-29T18:03:27+02:00,2026-07-29T19:21:19+02:00,WALK|BUS,BUS,485|484|35,Consorcio Regional de Transportes de Madrid|Información oficial: Consorcio Regional de Transportes de Madrid,77.86666666666666,18459.07,10.916666666666666,13.483333333333333,812.07,2.0,complete_route,True,0,160.71666666666664,32895.270000000004,26.583333333333332,31.949999999999996,1930.27,4.0
MAD-016,Sol,Centro,DEST_003,UC3M Campus de Leganés,WALK,A pie,2026-07-29,2026-07-29T09:00:00+02:00,success,[],,2026-07-29T18:00:00+02:00,success,[],,2026-07-29T06:05:29+02:00,2026-07-29T09:00:00+02:00,WALK,,,,174.51666666666668,13351.62,174.51666666666668,0.0,13351.62,0.0,2026-07-29T18:00:00+02:00,2026-07-29T20:54:31+02:00,WALK,,,,174.51666666666668,13351.62,174.51666666666668,0.0,13351.62,0.0,complete_route,True,0,349.03333333333336,26703.24,349.03333333333336,0.0,26703.24,0.0
MAD-021,Imperial,Arganzuela,DEST_003,UC3M Campus de Leganés,BICYCLE,Bicicleta,2026-07-29,2026-07-29T09:00:00+02:00,success,[],,2026-07-29T18:00:00+02:00,success,[],,2026-07-29T08:01:35+02:00,2026-07-29T09:00:00+02:00,BICYCLE,,,,58.41666666666666,14058.56,0.0,0.0,0.0,0.0,2026-07-29T18:00:00+02:00,2026-07-29T19:04:04+02:00,BICYCLE,,,,64.06666666666666,16792.15,0.0,0.0,0.0,0.0,complete_route,True,0,122.48333333333332,30850.71,0.0,0.0,0.0,0.0
MAD-021,Imperial,Arganzuela,DEST_003,UC3M Campus de Leganés,CAR,Coche,2026-07-29,2026-07-29T09:00:00+02:00,success,[],,2026-07-29T18:00:00+02:00,success,[],,2026-07-29T08:45:00+02:00,2026-07-29T09:00:00+02:00,CAR,,,,15.0,12580.08,0.0,0.0,0.0,0.0,2026-07-29T18:00:00+02:00,2026-07-29T18:15:54+02:00,CAR,,,,15.9,13466.6,0.0,0.0,0.0,0.0,complete_route,True,0,30.9,26046.68,0.0,0.0,0.0,0.0
MAD-021,Imperial,Arganzuela,DEST_003,UC3M Campus de Leganés,TRANSIT,Transporte público,2026-07-29,2026-07-29T09:00:00+02:00,success,[],,2026-07-29T18:00:00+02:00,success,[],,2026-07-29T07:46:00+02:00,2026-07-29T08:56:51+02:00,WALK|BUS,BUS,34|482,Información oficial: Consorcio Regional de Transportes de Madrid|Consorcio Regional de Transportes de Madrid,70.85,11520.38,15.05,10.55,1020.38,1.0,2026-07-29T18:00:58+02:00,2026-07-29T19:14:57+02:00,WALK|BUS,BUS,493|34,Consorcio Regional de Transportes de Madrid|Información oficial: Consorcio Regional de Transportes de Madrid,73.98333333333333,11718.08,19.266666666666666,10.0,1346.08,1.0,complete_route,True,0,144.83333333333331,23238.46,34.31666666666666,20.55,2366.46,2.0
MAD-021,Imperial,Arganzuela,DEST_003,UC3M Campus de Leganés,WALK,A pie,2026-07-29,2026-07-29T09:00:00+02:00,success,[],,2026-07-29T18:00:00+02:00,success,[],,2026-07-29T06:25:58+02:00,2026-07-29T09:00:00+02:00,WALK,,,,154.03333333333333,11889.55,154.03333333333333,0.0,11889.55,0.0,2026-07-29T18:00:00+02:00,2026-07-29T20:34:02+02:00,WALK,,,,154.03333333333333,11889.55,154.03333333333333,0.0,11889.55,0.0,complete_route,True,0,308.06666666666666,23779.1,308.06666666666666,0.0,23779.1,0.0
MAD-022,Acacias,Arganzuela,DEST_003,UC3M Campus de Leganés,BICYCLE,Bicicleta,2026-07-29,2026-07-29T09:00:00+02:00,success,[],,2026-07-29T18:00:00+02:00,success,[],,2026-07-29T07:51:54+02:00,2026-07-29T09:00:00+02:00,BICYCLE,,,,68.1,17159.54,0.0,0.0,0.0,0.0,2026-07-29T18:00:00+02:00,2026-07-29T18:59:58+02:00,BICYCLE,,,,59.96666666666667,15784.98,0.0,0.0,0.0,0.0,complete_route,True,0,128.06666666666666,32944.520000000004,0.0,0.0,0.0,0.0
MAD-022,Acacias,Arganzuela,DEST_003,UC3M Campus de Leganés,CAR,Coche,2026-07-29,2026-07-29T09:00:00+02:00,success,[],,2026-07-29T18:00:00+02:00,success,[],,2026-07-29T08:46:29+02:00,2026-07-29T09:00:00+02:00,CAR,,,,13.516666666666667,11456.01,0.0,0.0,0.0,0.0,2026-07-29T18:00:00+02:00,2026-07-29T18:16:00+02:00,CAR,,,,16.0,13705.01,0.0,0.0,0.0,0.0,complete_route,True,0,29.516666666666666,25161.02,0.0,0.0,0.0,0.0
MAD-022,Acacias,Arganzuela,DEST_003,UC3M Campus de Leganés,TRANSIT,Transporte público,2026-07-29,2026-07-29T09:00:00+02:00,success,[],,2026-07-29T18:00:00+02:00,success,[],,2026-07-29T07:49:00+02:00,2026-07-29T08:56:51+02:00,WALK|BUS,BUS,34|482,Información oficial: Consorcio Regional de Transportes de Madrid|Consorcio Regional de Transportes de Madrid,67.85,11498.69,11.383333333333333,10.166666666666666,800.6899999999999,1.0,2026-07-29T18:00:58+02:00,2026-07-29T19:10:46+02:00,WALK|BUS,BUS,480,Consorcio Regional de Transportes de Madrid,69.8,15357.25,35.93333333333333,0.0,2647.25,0.0,complete_route,True,0,137.64999999999998,26855.940000000002,47.31666666666666,10.166666666666666,3447.94,1.0
MAD-022,Acacias,Arganzuela,DEST_003,UC3M Campus de Leganés,WALK,A pie,2026-07-29,2026-07-29T09:00:00+02:00,success,[],,2026-07-29T18:00:00+02:00,success,[],,2026-07-29T06:32:59+02:00,2026-07-29T09:00:00+02:00,WALK,,,,147.01666666666668,11398.12,147.01666666666668,0.0,11398.12,0.0,2026-07-29T18:00:00+02:00,2026-07-29T20:27:01+02:00,WALK,,,,147.01666666666668,11398.12,147.01666666666668,0.0,11398.12,0.0,complete_route,True,0,294.03333333333336,22796.24,294.03333333333336,0.0,22796.24,0.0
MAD-023,Chopera,Arganzuela,DEST_003,UC3M Campus de Leganés,BICYCLE,Bicicleta,2026-07-29,2026-07-29T09:00:00+02:00,success,[],,2026-07-29T18:00:00+02:00,success,[],,2026-07-29T07:53:58+02:00,2026-07-29T09:00:00+02:00,BICYCLE,,,,66.03333333333333,16347.93,0.0,0.0,0.0,0.0,2026-07-29T18:00:00+02:00,2026-07-29T18:56:43+02:00,BICYCLE,,,,56.71666666666667,14769.1,0.0,0.0,0.0,0.0,complete_route,True,0,122.75,31117.03,0.0,0.0,0.0,0.0
MAD-023,Chopera,Arganzuela,DEST_003,UC3M Campus de Leganés,CAR,Coche,2026-07-29,2026-07-29T09:00:00+02:00,success,[],,2026-07-29T18:00:00+02:00,success,[],,2026-07-29T08:45:48+02:00,2026-07-29T09:00:00+02:00,CAR,,,,14.2,11600.52,0.0,0.0,0.0,0.0,2026-07-29T18:00:00+02:00,2026-07-29T18:14:41+02:00,CAR,,,,14.683333333333334,12006.82,0.0,0.0,0.0,0.0,complete_route,True,0,28.883333333333333,23607.34,0.0,0.0,0.0,0.0
MAD-023,Chopera,Arganzuela,DEST_003,UC3M Campus de Leganés,TRANSIT,Transporte público,2026-07-29,2026-07-29T09:00:00+02:00,success,[],,2026-07-29T18:00:00+02:00,success,[],,2026-07-29T07:45:05+02:00,2026-07-29T08:59:59+02:00,WALK|BUS,BUS,480,Consorcio Regional de Transportes de Madrid,74.9,15587.68,32.78333333333333,0.0,2381.68,0.0,2026-07-29T18:00:58+02:00,2026-07-29T19:07:29+02:00,WALK|BUS,BUS,480|E1,Consorcio Regional de Transportes de Madrid|Información oficial: Consorcio Regional de Transportes de Madrid,66.51666666666667,15529.21,10.833333333333334,13.0,773.2099999999999,1.0,complete_route,True,0,141.41666666666669,31116.89,43.61666666666667,13.0,3154.89,1.0
MAD-023,Chopera,Arganzuela,DEST_003,UC3M Campus de Leganés,WALK,A pie,2026-07-29,2026-07-29T09:00:00+02:00,success,[],,2026-07-29T18:00:00+02:00,success,[],,2026-07-29T06:35:40+02:00,2026-07-29T09:00:00+02:00,WALK,,,,144.33333333333334,11157.2,144.33333333333334,0.0,11157.2,0.0,2026-07-29T18:00:00+02:00,2026-07-29T20:24:21+02:00,WALK,,,,144.35,11157.2,144.35,0.0,11157.2,0.0,complete_route,True,0,288.68333333333334,22314.4,288.68333333333334,0.0,22314.4,0.0
MAD-024,Legazpi,Arganzuela,DEST_003,UC3M Campus de Leganés,BICYCLE,Bicicleta,2026-07-29,2026-07-29T09:00:00+02:00,success,[],,2026-07-29T18:00:00+02:00,success,[],,2026-07-29T07:56:33+02:00,2026-07-29T09:00:00+02:00,BICYCLE,,,,63.45,15307.31,0.0,0.0,0.0,0.0,2026-07-29T18:00:00+02:00,2026-07-29T18:57:41+02:00,BICYCLE,,,,57.68333333333333,14368.31,0.0,0.0,0.0,0.0,complete_route,True,0,121.13333333333333,29675.62,0.0,0.0,0.0,0.0
MAD-024,Legazpi,Arganzuela,DEST_003,UC3M Campus de Leganés,CAR,Coche,2026-07-29,2026-07-29T09:00:00+02:00,success,[],,2026-07-29T18:00:00+02:00,success,[],,2026-07-29T08:45:11+02:00,2026-07-29T09:00:00+02:00,CAR,,,,14.816666666666666,13604.47,0.0,0.0,0.0,0.0,2026-07-29T18:00:00+02:00,2026-07-29T18:17:47+02:00,CAR,,,,17.783333333333335,16203.66,0.0,0.0,0.0,0.0,complete_route,True,0,32.6,29808.129999999997,0.0,0.0,0.0,0.0
MAD-024,Legazpi,Arganzuela,DEST_003,UC3M Campus de Leganés,TRANSIT,Transporte público,2026-07-29,2026-07-29T09:00:00+02:00,success,[],,2026-07-29T18:00:00+02:00,success,[],,2026-07-29T07:31:00+02:00,2026-07-29T08:56:51+02:00,WALK|BUS,BUS,47|484|482,Información oficial: Consorcio Regional de Transportes de Madrid|Consorcio Regional de Transportes de Madrid,85.85,11803.63,14.366666666666667,25.25,1023.63,2.0,2026-07-29T18:04:55+02:00,2026-07-29T19:15:08+02:00,WALK|BUS,BUS,485|432|423,Consorcio Regional de Transportes de Madrid,70.21666666666667,14296.06,14.2,14.866666666666667,1042.06,2.0,complete_route,True,0,156.06666666666666,26099.69,28.566666666666666,40.11666666666667,2065.69,4.0
MAD-024,Legazpi,Arganzuela,DEST_003,UC3M Campus de Leganés,WALK,A pie,2026-07-29,2026-07-29T09:00:00+02:00,success,[],,2026-07-29T18:00:00+02:00,success,[],,2026-07-29T06:28:27+02:00,2026-07-29T09:00:00+02:00,WALK,,,,151.55,11708.15,151.55,0.0,11708.15,0.0,2026-07-29T18:00:00+02:00,2026-07-29T20:31:39+02:00,WALK,,,,151.65,11708.15,151.65,0.0,11708.15,0.0,complete_route,True,0,303.20000000000005,23416.3,303.20000000000005,0.0,23416.3,0.0
MAD-025,Delicias,Arganzuela,DEST_003,UC3M Campus de Leganés,BICYCLE,Bicicleta,2026-07-29,2026-07-29T09:00:00+02:00,success,[],,2026-07-29T18:00:00+02:00,success,[],,2026-07-29T07:50:46+02:00,2026-07-29T09:00:00+02:00,BICYCLE,,,,69.23333333333333,16907.2,0.0,0.0,0.0,0.0,2026-07-29T18:00:00+02:00,2026-07-29T19:02:08+02:00,BICYCLE,,,,62.13333333333333,15899.77,0.0,0.0,0.0,0.0,complete_route,True,0,131.36666666666667,32806.97,0.0,0.0,0.0,0.0
MAD-025,Delicias,Arganzuela,DEST_003,UC3M Campus de Leganés,CAR,Coche,2026-07-29,2026-07-29T09:00:00+02:00,success,[],,2026-07-29T18:00:00+02:00,success,[],,2026-07-29T08:44:14+02:00,2026-07-29T09:00:00+02:00,CAR,,,,15.766666666666667,14672.1,0.0,0.0,0.0,0.0,2026-07-29T18:00:00+02:00,2026-07-29T18:15:53+02:00,CAR,,,,15.883333333333333,15210.05,0.0,0.0,0.0,0.0,complete_route,True,0,31.65,29882.15,0.0,0.0,0.0,0.0
MAD-025,Delicias,Arganzuela,DEST_003,UC3M Campus de Leganés,TRANSIT,Transporte público,2026-07-29,2026-07-29T09:00:00+02:00,success,[],,2026-07-29T18:00:00+02:00,success,[],,2026-07-29T07:32:00+02:00,2026-07-29T08:56:51+02:00,WALK|BUS,BUS,E1|482,Información oficial: Consorcio Regional de Transportes de Madrid|Consorcio Regional de Transportes de Madrid,84.85,14357.89,27.55,12.6,1948.89,1.0,2026-07-29T18:04:55+02:00,2026-07-29T19:18:45+02:00,WALK|BUS,BUS,485|432|422,Consorcio Regional de Transportes de Madrid,73.83333333333333,14626.46,17.183333333333334,13.583333333333334,1243.46,2.0,complete_route,True,0,158.68333333333334,28984.35,44.733333333333334,26.183333333333334,3192.3500000000004,3.0
MAD-025,Delicias,Arganzuela,DEST_003,UC3M Campus de Leganés,WALK,A pie,2026-07-29,2026-07-29T09:00:00+02:00,success,[],,2026-07-29T18:00:00+02:00,success,[],,2026-07-29T06:19:40+02:00,2026-07-29T09:00:00+02:00,WALK,,,,160.33333333333334,12321.09,160.33333333333334,0.0,12321.09,0.0,2026-07-29T18:00:00+02:00,2026-07-29T20:40:20+02:00,WALK,,,,160.33333333333334,12321.09,160.33333333333334,0.0,12321.09,0.0,complete_route,True,0,320.6666666666667,24642.18,320.6666666666667,0.0,24642.18,0.0
MAD-026,Palos de la Frontera,Arganzuela,DEST_003,UC3M Campus de Leganés,BICYCLE,Bicicleta,2026-07-29,2026-07-29T09:00:00+02:00,success,[],,2026-07-29T18:00:00+02:00,success,[],,2026-07-29T07:47:45+02:00,2026-07-29T09:00:00+02:00,BICYCLE,,,,72.25,17424.5,0.0,0.0,0.0,0.0,2026-07-29T18:00:00+02:00,2026-07-29T19:03:18+02:00,BICYCLE,,,,63.3,16093.46,0.0,0.0,0.0,0.0,complete_route,True,0,135.55,33517.96,0.0,0.0,0.0,0.0
MAD-026,Palos de la Frontera,Arganzuela,DEST_003,UC3M Campus de Leganés,CAR,Coche,2026-07-29,2026-07-29T09:00:00+02:00,success,[],,2026-07-29T18:00:00+02:00,success,[],,2026-07-29T08:45:44+02:00,2026-07-29T09:00:00+02:00,CAR,,,,14.266666666666667,11913.82,0.0,0.0,0.0,0.0,2026-07-29T18:00:00+02:00,2026-07-29T18:17:28+02:00,CAR,,,,17.466666666666665,13338.86,0.0,0.0,0.0,0.0,complete_route,True,0,31.733333333333334,25252.68,0.0,0.0,0.0,0.0
MAD-026,Palos de la Frontera,Arganzuela,DEST_003,UC3M Campus de Leganés,TRANSIT,Transporte público,2026-07-29,2026-07-29T09:00:00+02:00,success,[],,2026-07-29T18:00:00+02:00,success,[],,2026-07-29T07:47:00+02:00,2026-07-29T08:56:51+02:00,WALK|BUS,BUS,E1|482,Información oficial: Consorcio Regional de Transportes de Madrid|Consorcio Regional de Transportes de Madrid,69.85,13279.14,12.983333333333333,12.166666666666666,870.14,1.0,2026-07-29T18:00:58+02:00,2026-07-29T19:07:53+02:00,WALK|BUS,BUS,480|E1,Consorcio Regional de Transportes de Madrid|Información oficial: Consorcio Regional de Transportes de Madrid,66.91666666666667,16289.95,6.433333333333334,13.0,416.95,1.0,complete_route,True,0,136.76666666666665,29569.09,19.416666666666664,25.166666666666664,1287.09,2.0
MAD-026,Palos de la Frontera,Arganzuela,DEST_003,UC3M Campus de Leganés,WALK,A pie,2026-07-29,2026-07-29T09:00:00+02:00,success,[],,2026-07-29T18:00:00+02:00,success,[],,2026-07-29T06:23:06+02:00,2026-07-29T09:00:00+02:00,WALK,,,,156.9,12006.45,156.9,0.0,12006.45,0.0,2026-07-29T18:00:00+02:00,2026-07-29T20:36:54+02:00,WALK,,,,156.9,12006.45,156.9,0.0,12006.45,0.0,complete_route,True,0,313.8,24012.9,313.8,0.0,24012.9,0.0
MAD-027,Atocha,Arganzuela,DEST_003,UC3M Campus de Leganés,BICYCLE,Bicicleta,2026-07-29,2026-07-29T09:00:00+02:00,success,[],,2026-07-29T18:00:00+02:00,success,[],,2026-07-29T07:47:43+02:00,2026-07-29T09:00:00+02:00,BICYCLE,,,,72.28333333333333,17685.27,0.0,0.0,0.0,0.0,2026-07-29T18:00:00+02:00,2026-07-29T19:03:38+02:00,BICYCLE,,,,63.63333333333333,16041.53,0.0,0.0,0.0,0.0,complete_route,True,0,135.91666666666666,33726.8,0.0,0.0,0.0,0.0
MAD-027,Atocha,Arganzuela,DEST_003,UC3M Campus de Leganés,CAR,Coche,2026-07-29,2026-07-29T09:00:00+02:00,success,[],,2026-07-29T18:00:00+02:00,success,[],,2026-07-29T08:43:33+02:00,2026-07-29T09:00:00+02:00,CAR,,,,16.45,13721.88,0.0,0.0,0.0,0.0,2026-07-29T18:00:00+02:00,2026-07-29T18:16:27+02:00,CAR,,,,16.45,15624.23,0.0,0.0,0.0,0.0,complete_route,True,0,32.9,29346.11,0.0,0.0,0.0,0.0
MAD-027,Atocha,Arganzuela,DEST_003,UC3M Campus de Leganés,TRANSIT,Transporte público,2026-07-29,2026-07-29T09:00:00+02:00,success,[],,2026-07-29T18:00:00+02:00,success,[],,2026-07-29T07:31:00+02:00,2026-07-29T08:56:51+02:00,WALK|BUS,BUS,102|E1|482,Información oficial: Consorcio Regional de Transportes de Madrid|Consorcio Regional de Transportes de Madrid,85.85,14715.83,11.483333333333333,21.25,753.8299999999999,2.0,2026-07-29T18:04:55+02:00,2026-07-29T19:18:38+02:00,WALK|BUS,BUS,485|432|423,Consorcio Regional de Transportes de Madrid,73.71666666666667,17095.0,15.066666666666666,14.866666666666667,1068.0,2.0,complete_route,True,0,159.56666666666666,31810.83,26.549999999999997,36.11666666666667,1821.83,4.0
MAD-027,Atocha,Arganzuela,DEST_003,UC3M Campus de Leganés,WALK,A pie,2026-07-29,2026-07-29T09:00:00+02:00,success,[],,2026-07-29T18:00:00+02:00,success,[],,2026-07-29T06:06:13+02:00,2026-07-29T09:00:00+02:00,WALK,,,,173.78333333333333,13387.16,173.78333333333333,0.0,13387.16,0.0,2026-07-29T18:00:00+02:00,2026-07-29T20:53:46+02:00,WALK,,,,173.76666666666668,13387.16,173.76666666666668,0.0,13387.16,0.0,complete_route,True,0,347.55,26774.32,347.55,0.0,26774.32,0.0
MAD-031,Pacífico,Retiro,DEST_003,UC3M Campus de Leganés,BICYCLE,Bicicleta,2026-07-29,2026-07-29T09:00:00+02:00,success,[],,2026-07-29T18:00:00+02:00,success,[],,2026-07-29T07:44:33+02:00,2026-07-29T09:00:00+02:00,BICYCLE,,,,75.45,18287.87,0.0,0.0,0.0,0.0,2026-07-29T18:00:00+02:00,2026-07-29T19:06:50+02:00,BICYCLE,,,,66.83333333333333,16660.71,0.0,0.0,0.0,0.0,complete_route,True,0,142.28333333333333,34948.58,0.0,0.0,0.0,0.0
MAD-031,Pacífico,Retiro,DEST_003,UC3M Campus de Leganés,CAR,Coche,2026-07-29,2026-07-29T09:00:00+02:00,success,[],,2026-07-29T18:00:00+02:00,success,[],,2026-07-29T08:43:37+02:00,2026-07-29T09:00:00+02:00,CAR,,,,16.383333333333333,16167.42,0.0,0.0,0.0,0.0,2026-07-29T18:00:00+02:00,2026-07-29T18:18:00+02:00,CAR,,,,18.0,16451.74,0.0,0.0,0.0,0.0,complete_route,True,0,34.38333333333333,32619.160000000003,0.0,0.0,0.0,0.0
MAD-031,Pacífico,Retiro,DEST_003,UC3M Campus de Leganés,TRANSIT,Transporte público,2026-07-29,2026-07-29T09:00:00+02:00,success,[],,2026-07-29T18:00:00+02:00,success,[],,2026-07-29T07:36:00+02:00,2026-07-29T08:56:51+02:00,WALK|BUS,BUS,C1|E1|482,Información oficial: Consorcio Regional de Transportes de Madrid|Consorcio Regional de Transportes de Madrid,80.85,14285.54,9.8,19.53333333333333,644.5400000000001,2.0,2026-07-29T18:04:55+02:00,2026-07-29T19:27:29+02:00,WALK|BUS,BUS,485|432|423,Consorcio Regional de Transportes de Madrid,82.56666666666666,17758.46,23.916666666666668,14.866666666666667,1731.46,2.0,complete_route,True,0,163.41666666666666,32044.0,33.71666666666667,34.4,2376.0,4.0
MAD-031,Pacífico,Retiro,DEST_003,UC3M Campus de Leganés,WALK,A pie,2026-07-29,2026-07-29T09:00:00+02:00,success,[],,2026-07-29T18:00:00+02:00,success,[],,2026-07-29T06:01:45+02:00,2026-07-29T09:00:00+02:00,WALK,,,,178.25,13742.22,178.25,0.0,13742.22,0.0,2026-07-29T18:00:00+02:00,2026-07-29T20:58:14+02:00,WALK,,,,178.23333333333332,13742.22,178.23333333333332,0.0,13742.22,0.0,complete_route,True,0,356.48333333333335,27484.44,356.48333333333335,0.0,27484.44,0.0
MAD-032,Adelfas,Retiro,DEST_003,UC3M Campus de Leganés,BICYCLE,Bicicleta,2026-07-29,2026-07-29T09:00:00+02:00,success,[],,2026-07-29T18:00:00+02:00,success,[],,2026-07-29T07:45:50+02:00,2026-07-29T09:00:00+02:00,BICYCLE,,,,74.16666666666667,18047.06,0.0,0.0,0.0,0.0,2026-07-29T18:00:00+02:00,2026-07-29T19:04:38+02:00,BICYCLE,,,,64.63333333333334,16364.02,0.0,0.0,0.0,0.0,complete_route,True,0,138.8,34411.08,0.0,0.0,0.0,0.0
MAD-032,Adelfas,Retiro,DEST_003,UC3M Campus de Leganés,CAR,Coche,2026-07-29,2026-07-29T09:00:00+02:00,success,[],,2026-07-29T18:00:00+02:00,success,[],,2026-07-29T08:44:20+02:00,2026-07-29T09:00:00+02:00,CAR,,,,15.666666666666666,15705.68,0.0,0.0,0.0,0.0,2026-07-29T18:00:00+02:00,2026-07-29T18:15:35+02:00,CAR,,,,15.583333333333334,15715.59,0.0,0.0,0.0,0.0,complete_route,True,0,31.25,31421.27,0.0,0.0,0.0,0.0
MAD-032,Adelfas,Retiro,DEST_003,UC3M Campus de Leganés,TRANSIT,Transporte público,2026-07-29,2026-07-29T09:00:00+02:00,success,[],,2026-07-29T18:00:00+02:00,success,[],,2026-07-29T07:26:00+02:00,2026-07-29T08:56:51+02:00,WALK|BUS,BUS,C1|E1|482,Información oficial: Consorcio Regional de Transportes de Madrid|Consorcio Regional de Transportes de Madrid,90.85,15048.1,20.08333333333333,19.25,1407.1,2.0,2026-07-29T18:04:55+02:00,2026-07-29T19:24:31+02:00,WALK|BUS,BUS,485|432|423,Consorcio Regional de Transportes de Madrid,79.6,17540.55,20.95,14.866666666666667,1513.55,2.0,complete_route,True,0,170.45,32588.65,41.03333333333333,34.11666666666667,2920.6499999999996,4.0
MAD-032,Adelfas,Retiro,DEST_003,UC3M Campus de Leganés,WALK,A pie,2026-07-29,2026-07-29T09:00:00+02:00,success,[],,2026-07-29T18:00:00+02:00,success,[],,2026-07-29T06:02:15+02:00,2026-07-29T09:00:00+02:00,WALK,,,,177.75,13702.83,177.75,0.0,13702.83,0.0,2026-07-29T18:00:00+02:00,2026-07-29T20:57:45+02:00,WALK,,,,177.75,13702.83,177.75,0.0,13702.83,0.0,complete_route,True,0,355.5,27405.66,355.5,0.0,27405.66,0.0
MAD-033,Estrella,Retiro,DEST_003,UC3M Campus de Leganés,BICYCLE,Bicicleta,2026-07-29,2026-07-29T09:00:00+02:00,success,[],,2026-07-29T18:00:00+02:00,success,[],,2026-07-29T07:32:52+02:00,2026-07-29T09:00:00+02:00,BICYCLE,,,,87.13333333333334,20283.24,0.0,0.0,0.0,0.0,2026-07-29T18:00:00+02:00,2026-07-29T19:16:07+02:00,BICYCLE,,,,76.11666666666666,18260.22,0.0,0.0,0.0,0.0,complete_route,True,0,163.25,38543.46000000001,0.0,0.0,0.0,0.0
MAD-033,Estrella,Retiro,DEST_003,UC3M Campus de Leganés,CAR,Coche,2026-07-29,2026-07-29T09:00:00+02:00,success,[],,2026-07-29T18:00:00+02:00,success,[],,2026-07-29T08:43:48+02:00,2026-07-29T09:00:00+02:00,CAR,,,,16.2,17435.97,0.0,0.0,0.0,0.0,2026-07-29T18:00:00+02:00,2026-07-29T18:19:19+02:00,CAR,,,,19.316666666666663,18827.98,0.0,0.0,0.0,0.0,complete_route,True,0,35.516666666666666,36263.95,0.0,0.0,0.0,0.0
MAD-033,Estrella,Retiro,DEST_003,UC3M Campus de Leganés,TRANSIT,Transporte público,2026-07-29,2026-07-29T09:00:00+02:00,success,[],,2026-07-29T18:00:00+02:00,success,[],,2026-07-29T07:18:00+02:00,2026-07-29T08:56:51+02:00,WALK|BUS,BUS,32|E1|482,Información oficial: Consorcio Regional de Transportes de Madrid|Consorcio Regional de Transportes de Madrid,98.85,16793.15,12.8,24.23333333333333,882.1500000000001,2.0,2026-07-29T18:00:58+02:00,2026-07-29T19:48:26+02:00,WALK|BUS,BUS,480|E1|C2,Consorcio Regional de Transportes de Madrid|Información oficial: Consorcio Regional de Transportes de Madrid,107.46666666666668,20227.47,23.866666666666667,22.0,1647.47,2.0,complete_route,True,0,206.31666666666666,37020.62,36.66666666666667,46.233333333333334,2529.62,4.0
MAD-033,Estrella,Retiro,DEST_003,UC3M Campus de Leganés,WALK,A pie,2026-07-29,2026-07-29T09:00:00+02:00,success,[],,2026-07-29T18:00:00+02:00,success,[],,2026-07-29T05:35:16+02:00,2026-07-29T09:00:00+02:00,WALK,,,,204.7333333333333,15518.67,204.7333333333333,0.0,15518.67,0.0,2026-07-29T18:00:00+02:00,2026-07-29T21:24:44+02:00,WALK,,,,204.7333333333333,15518.67,204.7333333333333,0.0,15518.67,0.0,complete_route,True,0,409.4666666666666,31037.34,409.4666666666666,0.0,31037.34,0.0
MAD-034,Ibiza,Retiro,DEST_003,UC3M Campus de Leganés,BICYCLE,Bicicleta,2026-07-29,2026-07-29T09:00:00+02:00,success,[],,2026-07-29T18:00:00+02:00,success,[],,2026-07-29T07:34:48+02:00,2026-07-29T09:00:00+02:00,BICYCLE,,,,85.2,20207.15,0.0,0.0,0.0,0.0,2026-07-29T18:00:00+02:00,2026-07-29T19:18:49+02:00,BICYCLE,,,,78.81666666666666,19095.16,0.0,0.0,0.0,0.0,complete_route,True,0,164.01666666666665,39302.31,0.0,0.0,0.0,0.0
MAD-034,Ibiza,Retiro,DEST_003,UC3M Campus de Leganés,CAR,Coche,2026-07-29,2026-07-29T09:00:00+02:00,success,[],,2026-07-29T18:00:00+02:00,success,[],,2026-07-29T08:40:50+02:00,2026-07-29T09:00:00+02:00,CAR,,,,19.166666666666668,15548.72,0.0,0.0,0.0,0.0,2026-07-29T18:00:00+02:00,2026-07-29T18:19:38+02:00,CAR,,,,19.633333333333333,19844.99,0.0,0.0,0.0,0.0,complete_route,True,0,38.8,35393.71,0.0,0.0,0.0,0.0
MAD-034,Ibiza,Retiro,DEST_003,UC3M Campus de Leganés,TRANSIT,Transporte público,2026-07-29,2026-07-29T09:00:00+02:00,success,[],,2026-07-29T18:00:00+02:00,success,[],,2026-07-29T07:25:00+02:00,2026-07-29T08:56:51+02:00,WALK|BUS,BUS,C1|E1|482,Información oficial: Consorcio Regional de Transportes de Madrid|Consorcio Regional de Transportes de Madrid,91.85,16306.97,9.883333333333333,19.383333333333333,656.9699999999999,2.0,2026-07-29T18:00:58+02:00,2026-07-29T19:39:32+02:00,WALK|BUS,BUS,480|E1,Consorcio Regional de Transportes de Madrid|Información oficial: Consorcio Regional de Transportes de Madrid,98.56666666666666,19980.51,29.83333333333333,13.0,2190.51,1.0,complete_route,True,0,190.41666666666666,36287.479999999996,39.71666666666666,32.38333333333333,2847.48,3.0
MAD-034,Ibiza,Retiro,DEST_003,UC3M Campus de Leganés,WALK,A pie,2026-07-29,2026-07-29T09:00:00+02:00,success,[],,2026-07-29T18:00:00+02:00,success,[],,2026-07-29T05:39:29+02:00,2026-07-29T09:00:00+02:00,WALK,,,,200.51666666666668,15229.02,200.51666666666668,0.0,15229.02,0.0,2026-07-29T18:00:00+02:00,2026-07-29T21:20:31+02:00,WALK,,,,200.51666666666668,15229.02,200.51666666666668,0.0,15229.02,0.0,complete_route,True,0,401.03333333333336,30458.04,401.03333333333336,0.0,30458.04,0.0
MAD-035,Los Jerónimos,Retiro,DEST_003,UC3M Campus de Leganés,BICYCLE,Bicicleta,2026-07-29,2026-07-29T09:00:00+02:00,success,[],,2026-07-29T18:00:00+02:00,success,[],,2026-07-29T07:30:40+02:00,2026-07-29T09:00:00+02:00,BICYCLE,,,,89.33333333333333,21508.65,0.0,0.0,0.0,0.0,2026-07-29T18:00:00+02:00,2026-07-29T19:19:43+02:00,BICYCLE,,,,79.71666666666667,20167.35,0.0,0.0,0.0,0.0,complete_route,True,0,169.05,41676.0,0.0,0.0,0.0,0.0
MAD-035,Los Jerónimos,Retiro,DEST_003,UC3M Campus de Leganés,CAR,Coche,2026-07-29,2026-07-29T09:00:00+02:00,no_route,"[{""code"":""NO_DIRECT_MODE_CONNECTION"",""description"":""No route found for the requested direct mode. The origin and destination may be too far apart or not connected by the requested mode of transport."",""inputField"":null}]",,2026-07-29T18:00:00+02:00,no_route,"[{""code"":""NO_DIRECT_MODE_CONNECTION"",""description"":""No route found for the requested direct mode. The origin and destination may be too far apart or not connected by the requested mode of transport."",""inputField"":null}]",,,,,,,,,,,,,,,,,,,,,,,,,,no_route,False,2,,,,,,
MAD-035,Los Jerónimos,Retiro,DEST_003,UC3M Campus de Leganés,TRANSIT,Transporte público,2026-07-29,2026-07-29T09:00:00+02:00,success,[],,2026-07-29T18:00:00+02:00,success,[],,2026-07-29T07:39:00+02:00,2026-07-29T08:56:51+02:00,WALK|BUS,BUS,E1|482,Información oficial: Consorcio Regional de Transportes de Madrid|Consorcio Regional de Transportes de Madrid,77.85,14090.47,19.55,12.5,1380.4699999999998,1.0,2026-07-29T18:00:58+02:00,2026-07-29T19:23:35+02:00,WALK|BUS,BUS,480|E1,Consorcio Regional de Transportes de Madrid|Información oficial: Consorcio Regional de Transportes de Madrid,82.61666666666666,18080.35,18.23333333333333,13.0,1301.35,1.0,complete_route,True,0,160.46666666666664,32170.82,37.78333333333333,25.5,2681.8199999999997,2.0
MAD-035,Los Jerónimos,Retiro,DEST_003,UC3M Campus de Leganés,WALK,A pie,2026-07-29,2026-07-29T09:00:00+02:00,success,[],,2026-07-29T18:00:00+02:00,success,[],,2026-07-29T05:59:46+02:00,2026-07-29T09:00:00+02:00,WALK,,,,180.2333333333333,13681.0,180.2333333333333,0.0,13681.0,0.0,2026-07-29T18:00:00+02:00,2026-07-29T21:00:14+02:00,WALK,,,,180.2333333333333,13681.0,180.2333333333333,0.0,13681.0,0.0,complete_route,True,0,360.4666666666666,27362.0,360.4666666666666,0.0,27362.0,0.0
MAD-036,Niño Jesús,Retiro,DEST_003,UC3M Campus de Leganés,BICYCLE,Bicicleta,2026-07-29,2026-07-29T09:00:00+02:00,success,[],,2026-07-29T18:00:00+02:00,success,[],,2026-07-29T07:37:13+02:00,2026-07-29T09:00:00+02:00,BICYCLE,,,,82.78333333333333,19576.85,0.0,0.0,0.0,0.0,2026-07-29T18:00:00+02:00,2026-07-29T19:14:22+02:00,BICYCLE,,,,74.36666666666666,18099.28,0.0,0.0,0.0,0.0,complete_route,True,0,157.14999999999998,37676.13,0.0,0.0,0.0,0.0
MAD-036,Niño Jesús,Retiro,DEST_003,UC3M Campus de Leganés,CAR,Coche,2026-07-29,2026-07-29T09:00:00+02:00,success,[],,2026-07-29T18:00:00+02:00,success,[],,2026-07-29T08:41:48+02:00,2026-07-29T09:00:00+02:00,CAR,,,,18.2,18309.23,0.0,0.0,0.0,0.0,2026-07-29T18:00:00+02:00,2026-07-29T18:18:37+02:00,CAR,,,,18.616666666666667,18262.43,0.0,0.0,0.0,0.0,complete_route,True,0,36.81666666666666,36571.66,0.0,0.0,0.0,0.0
MAD-036,Niño Jesús,Retiro,DEST_003,UC3M Campus de Leganés,TRANSIT,Transporte público,2026-07-29,2026-07-29T09:00:00+02:00,success,[],,2026-07-29T18:00:00+02:00,success,[],,2026-07-29T07:30:00+02:00,2026-07-29T08:56:51+02:00,WALK|BUS,BUS,C1|E1|482,Información oficial: Consorcio Regional de Transportes de Madrid|Consorcio Regional de Transportes de Madrid,86.85,15255.21,10.766666666666667,19.633333333333333,720.21,2.0,2026-07-29T18:00:58+02:00,2026-07-29T19:35:25+02:00,WALK|BUS,BUS,480|E1|C2,Consorcio Regional de Transportes de Madrid|Información oficial: Consorcio Regional de Transportes de Madrid,94.45,19282.66,10.85,22.0,702.6600000000001,2.0,complete_route,True,0,181.3,34537.869999999995,21.616666666666667,41.63333333333333,1422.8700000000001,4.0
MAD-036,Niño Jesús,Retiro,DEST_003,UC3M Campus de Leganés,WALK,A pie,2026-07-29,2026-07-29T09:00:00+02:00,success,[],,2026-07-29T18:00:00+02:00,success,[],,2026-07-29T05:48:17+02:00,2026-07-29T09:00:00+02:00,WALK,,,,191.71666666666667,14573.86,191.71666666666667,0.0,14573.86,0.0,2026-07-29T18:00:00+02:00,2026-07-29T21:11:43+02:00,WALK,,,,191.71666666666667,14573.86,191.71666666666667,0.0,14573.86,0.0,complete_route,True,0,383.43333333333334,29147.72,383.43333333333334,0.0,29147.72,0.0
MAD-041,Recoletos,Salamanca,DEST_003,UC3M Campus de Leganés,BICYCLE,Bicicleta,2026-07-29,2026-07-29T09:00:00+02:00,success,[],,2026-07-29T18:00:00+02:00,success,[],,2026-07-29T07:41:25+02:00,2026-07-29T09:00:00+02:00,BICYCLE,,,,78.58333333333333,18021.12,0.0,0.0,0.0,0.0,2026-07-29T18:00:00+02:00,2026-07-29T19:21:49+02:00,BICYCLE,,,,81.81666666666666,20214.45,0.0,0.0,0.0,0.0,complete_route,True,0,160.39999999999998,38235.57,0.0,0.0,0.0,0.0
MAD-041,Recoletos,Salamanca,DEST_003,UC3M Campus de Leganés,CAR,Coche,2026-07-29,2026-07-29T09:00:00+02:00,success,[],,2026-07-29T18:00:00+02:00,success,[],,2026-07-29T08:42:23+02:00,2026-07-29T09:00:00+02:00,CAR,,,,17.616666666666667,14566.86,0.0,0.0,0.0,0.0,2026-07-29T18:00:00+02:00,2026-07-29T18:20:33+02:00,CAR,,,,20.55,20971.88,0.0,0.0,0.0,0.0,complete_route,True,0,38.16666666666667,35538.740000000005,0.0,0.0,0.0,0.0
MAD-041,Recoletos,Salamanca,DEST_003,UC3M Campus de Leganés,TRANSIT,Transporte público,2026-07-29,2026-07-29T09:00:00+02:00,success,[],,2026-07-29T18:00:00+02:00,success,[],,2026-07-29T07:33:00+02:00,2026-07-29T08:56:51+02:00,WALK|BUS,BUS,27|E1|482,Información oficial: Consorcio Regional de Transportes de Madrid|Consorcio Regional de Transportes de Madrid,83.85,15101.17,11.433333333333334,18.616666666666667,721.17,2.0,2026-07-29T18:00:58+02:00,2026-07-29T19:29:42+02:00,WALK|BUS,BUS,480|E1,Consorcio Regional de Transportes de Madrid|Información oficial: Consorcio Regional de Transportes de Madrid,88.73333333333333,19267.0,20.0,13.0,1477.0,1.0,complete_route,True,0,172.58333333333331,34368.17,31.433333333333334,31.616666666666667,2198.17,3.0
MAD-041,Recoletos,Salamanca,DEST_003,UC3M Campus de Leganés,WALK,A pie,2026-07-29,2026-07-29T09:00:00+02:00,success,[],,2026-07-29T18:00:00+02:00,success,[],,2026-07-29T05:45:42+02:00,2026-07-29T09:00:00+02:00,WALK,,,,194.3,14825.38,194.3,0.0,14825.38,0.0,2026-07-29T18:00:00+02:00,2026-07-29T21:14:18+02:00,WALK,,,,194.3,14825.38,194.3,0.0,14825.38,0.0,complete_route,True,0,388.6,29650.76,388.6,0.0,29650.76,0.0
MAD-042,Goya,Salamanca,DEST_003,UC3M Campus de Leganés,BICYCLE,Bicicleta,2026-07-29,2026-07-29T09:00:00+02:00,success,[],,2026-07-29T18:00:00+02:00,success,[],,2026-07-29T07:33:51+02:00,2026-07-29T09:00:00+02:00,BICYCLE,,,,86.15,19689.81,0.0,0.0,0.0,0.0,2026-07-29T18:00:00+02:00,2026-07-29T19:26:54+02:00,BICYCLE,,,,86.9,21454.62,0.0,0.0,0.0,0.0,complete_route,True,0,173.05,41144.43,0.0,0.0,0.0,0.0
MAD-042,Goya,Salamanca,DEST_003,UC3M Campus de Leganés,CAR,Coche,2026-07-29,2026-07-29T09:00:00+02:00,success,[],,2026-07-29T18:00:00+02:00,success,[],,2026-07-29T08:40:58+02:00,2026-07-29T09:00:00+02:00,CAR,,,,19.03333333333333,19412.56,0.0,0.0,0.0,0.0,2026-07-29T18:00:00+02:00,2026-07-29T18:19:26+02:00,CAR,,,,19.433333333333334,19883.39,0.0,0.0,0.0,0.0,complete_route,True,0,38.46666666666667,39295.95,0.0,0.0,0.0,0.0
MAD-042,Goya,Salamanca,DEST_003,UC3M Campus de Leganés,TRANSIT,Transporte público,2026-07-29,2026-07-29T09:00:00+02:00,success,[],,2026-07-29T18:00:00+02:00,success,[],,2026-07-29T07:22:00+02:00,2026-07-29T08:56:51+02:00,WALK|BUS,BUS,C1|E1|482,Información oficial: Consorcio Regional de Transportes de Madrid|Consorcio Regional de Transportes de Madrid,94.85,17123.46,7.15,19.48333333333333,450.46,2.0,2026-07-29T18:00:58+02:00,2026-07-29T19:36:05+02:00,WALK|BUS,BUS,480|E1|146,Consorcio Regional de Transportes de Madrid|Información oficial: Consorcio Regional de Transportes de Madrid,95.11666666666666,19964.51,6.533333333333333,23.0,395.51,2.0,complete_route,True,0,189.96666666666664,37087.97,13.683333333333334,42.483333333333334,845.97,4.0
MAD-042,Goya,Salamanca,DEST_003,UC3M Campus de Leganés,WALK,A pie,2026-07-29,2026-07-29T09:00:00+02:00,success,[],,2026-07-29T18:00:00+02:00,success,[],,2026-07-29T05:32:32+02:00,2026-07-29T09:00:00+02:00,WALK,,,,207.46666666666667,15707.78,207.46666666666667,0.0,15707.78,0.0,2026-07-29T18:00:00+02:00,2026-07-29T21:27:28+02:00,WALK,,,,207.46666666666667,15707.78,207.46666666666667,0.0,15707.78,0.0,complete_route,True,0,414.93333333333334,31415.56,414.93333333333334,0.0,31415.56,0.0
MAD-043,Fuente del Berro,Salamanca,DEST_003,UC3M Campus de Leganés,BICYCLE,Bicicleta,2026-07-29,2026-07-29T09:00:00+02:00,success,[],,2026-07-29T18:00:00+02:00,success,[],,2026-07-29T07:30:47+02:00,2026-07-29T09:00:00+02:00,BICYCLE,,,,89.21666666666667,20333.48,0.0,0.0,0.0,0.0,2026-07-29T18:00:00+02:00,2026-07-29T19:33:10+02:00,BICYCLE,,,,93.16666666666669,22466.99,0.0,0.0,0.0,0.0,complete_route,True,0,182.38333333333335,42800.47,0.0,0.0,0.0,0.0
MAD-043,Fuente del Berro,Salamanca,DEST_003,UC3M Campus de Leganés,CAR,Coche,2026-07-29,2026-07-29T09:00:00+02:00,success,[],,2026-07-29T18:00:00+02:00,success,[],,2026-07-29T08:40:50+02:00,2026-07-29T09:00:00+02:00,CAR,,,,19.166666666666668,19473.71,0.0,0.0,0.0,0.0,2026-07-29T18:00:00+02:00,2026-07-29T18:19:02+02:00,CAR,,,,19.03333333333333,19748.09,0.0,0.0,0.0,0.0,complete_route,True,0,38.2,39221.8,0.0,0.0,0.0,0.0
MAD-043,Fuente del Berro,Salamanca,DEST_003,UC3M Campus de Leganés,TRANSIT,Transporte público,2026-07-29,2026-07-29T09:00:00+02:00,success,[],,2026-07-29T18:00:00+02:00,success,[],,2026-07-29T07:10:00+02:00,2026-07-29T08:56:51+02:00,WALK|BUS,BUS,C1|E1|482,Información oficial: Consorcio Regional de Transportes de Madrid|Consorcio Regional de Transportes de Madrid,106.85,18354.53,16.933333333333334,19.016666666666666,1194.5300000000002,2.0,2026-07-29T18:00:58+02:00,2026-07-29T19:49:01+02:00,WALK|BUS,BUS,480|E1|203,Consorcio Regional de Transportes de Madrid|Información oficial: Consorcio Regional de Transportes de Madrid,108.05,21212.18,18.1,30.0,1340.18,2.0,complete_route,True,0,214.89999999999998,39566.71,35.03333333333333,49.016666666666666,2534.71,4.0
MAD-043,Fuente del Berro,Salamanca,DEST_003,UC3M Campus de Leganés,WALK,A pie,2026-07-29,2026-07-29T09:00:00+02:00,success,[],,2026-07-29T18:00:00+02:00,success,[],,2026-07-29T05:18:33+02:00,2026-07-29T09:00:00+02:00,WALK,,,,221.45,16877.39,221.45,0.0,16877.39,0.0,2026-07-29T18:00:00+02:00,2026-07-29T21:41:27+02:00,WALK,,,,221.45,16877.39,221.45,0.0,16877.39,0.0,complete_route,True,0,442.9,33754.78,442.9,0.0,33754.78,0.0
MAD-044,Guindalera,Salamanca,DEST_003,UC3M Campus de Leganés,BICYCLE,Bicicleta,2026-07-29,2026-07-29T09:00:00+02:00,success,[],,2026-07-29T18:00:00+02:00,success,[],,2026-07-29T07:30:15+02:00,2026-07-29T09:00:00+02:00,BICYCLE,,,,89.75,20691.84,0.0,0.0,0.0,0.0,2026-07-29T18:00:00+02:00,2026-07-29T19:31:40+02:00,BICYCLE,,,,91.66666666666669,22764.13,0.0,0.0,0.0,0.0,complete_route,True,0,181.41666666666669,43455.97,0.0,0.0,0.0,0.0
MAD-044,Guindalera,Salamanca,DEST_003,UC3M Campus de Leganés,CAR,Coche,2026-07-29,2026-07-29T09:00:00+02:00,success,[],,2026-07-29T18:00:00+02:00,success,[],,2026-07-29T08:40:04+02:00,2026-07-29T09:00:00+02:00,CAR,,,,19.933333333333334,20256.32,0.0,0.0,0.0,0.0,2026-07-29T18:00:00+02:00,2026-07-29T18:20:00+02:00,CAR,,,,20.0,20483.78,0.0,0.0,0.0,0.0,complete_route,True,0,39.93333333333334,40740.1,0.0,0.0,0.0,0.0
MAD-044,Guindalera,Salamanca,DEST_003,UC3M Campus de Leganés,TRANSIT,Transporte público,2026-07-29,2026-07-29T09:00:00+02:00,success,[],,2026-07-29T18:00:00+02:00,success,[],,2026-07-29T07:09:00+02:00,2026-07-29T08:56:51+02:00,WALK|BUS,BUS,27|E1|482,Información oficial: Consorcio Regional de Transportes de Madrid|Consorcio Regional de Transportes de Madrid,107.85,17648.48,30.35,18.666666666666668,2220.48,2.0,2026-07-29T18:00:58+02:00,2026-07-29T19:55:09+02:00,WALK|BUS,BUS,480|E1|146,Consorcio Regional de Transportes de Madrid|Información oficial: Consorcio Regional de Transportes de Madrid,114.18333333333334,21988.03,19.433333333333334,23.0,1301.03,2.0,complete_route,True,0,222.03333333333333,39636.509999999995,49.78333333333333,41.66666666666667,3521.51,4.0
MAD-044,Guindalera,Salamanca,DEST_003,UC3M Campus de Leganés,WALK,A pie,2026-07-29,2026-07-29T09:00:00+02:00,success,[],,2026-07-29T18:00:00+02:00,success,[],,2026-07-29T05:12:47+02:00,2026-07-29T09:00:00+02:00,WALK,,,,227.21666666666667,17298.24,227.21666666666667,0.0,17298.24,0.0,2026-07-29T18:00:00+02:00,2026-07-29T21:47:13+02:00,WALK,,,,227.21666666666667,17298.24,227.21666666666667,0.0,17298.24,0.0,complete_route,True,0,454.43333333333334,34596.48,454.43333333333334,0.0,34596.48,0.0
MAD-045,Lista,Salamanca,DEST_003,UC3M Campus de Leganés,BICYCLE,Bicicleta,2026-07-29,2026-07-29T09:00:00+02:00,success,[],,2026-07-29T18:00:00+02:00,success,[],,2026-07-29T07:32:27+02:00,2026-07-29T09:00:00+02:00,BICYCLE,,,,87.55,19955.05,0.0,0.0,0.0,0.0,2026-07-29T18:00:00+02:00,2026-07-29T19:28:14+02:00,BICYCLE,,,,88.23333333333333,22094.84,0.0,0.0,0.0,0.0,complete_route,True,0,175.78333333333333,42049.89,0.0,0.0,0.0,0.0
MAD-045,Lista,Salamanca,DEST_003,UC3M Campus de Leganés,CAR,Coche,2026-07-29,2026-07-29T09:00:00+02:00,success,[],,2026-07-29T18:00:00+02:00,success,[],,2026-07-29T08:39:11+02:00,2026-07-29T09:00:00+02:00,CAR,,,,20.816666666666663,20198.84,0.0,0.0,0.0,0.0,2026-07-29T18:00:00+02:00,2026-07-29T18:21:54+02:00,CAR,,,,21.9,21122.42,0.0,0.0,0.0,0.0,complete_route,True,0,42.71666666666666,41321.259999999995,0.0,0.0,0.0,0.0
MAD-045,Lista,Salamanca,DEST_003,UC3M Campus de Leganés,TRANSIT,Transporte público,2026-07-29,2026-07-29T09:00:00+02:00,success,[],,2026-07-29T18:00:00+02:00,success,[],,2026-07-29T07:19:00+02:00,2026-07-29T08:56:51+02:00,WALK|BUS,BUS,27|E1|482,Información oficial: Consorcio Regional de Transportes de Madrid|Consorcio Regional de Transportes de Madrid,97.85,16897.71,20.616666666666667,18.4,1469.71,2.0,2026-07-29T18:00:58+02:00,2026-07-29T19:46:05+02:00,WALK|BUS,BUS,480|E1|19,Consorcio Regional de Transportes de Madrid|Información oficial: Consorcio Regional de Transportes de Madrid,105.11666666666666,21150.81,15.5,20.0,1122.81,2.0,complete_route,True,0,202.96666666666664,38048.520000000004,36.11666666666667,38.4,2592.52,4.0
MAD-045,Lista,Salamanca,DEST_003,UC3M Campus de Leganés,WALK,A pie,2026-07-29,2026-07-29T09:00:00+02:00,success,[],,2026-07-29T18:00:00+02:00,success,[],,2026-07-29T05:22:20+02:00,2026-07-29T09:00:00+02:00,WALK,,,,217.66666666666663,16550.4,217.66666666666663,0.0,16550.4,0.0,2026-07-29T18:00:00+02:00,2026-07-29T21:37:40+02:00,WALK,,,,217.66666666666663,16550.4,217.66666666666663,0.0,16550.4,0.0,complete_route,True,0,435.33333333333326,33100.8,435.33333333333326,0.0,33100.8,0.0
MAD-046,Castellana,Salamanca,DEST_003,UC3M Campus de Leganés,BICYCLE,Bicicleta,2026-07-29,2026-07-29T09:00:00+02:00,success,[],,2026-07-29T18:00:00+02:00,success,[],,2026-07-29T07:36:47+02:00,2026-07-29T09:00:00+02:00,BICYCLE,,,,83.21666666666667,19147.25,0.0,0.0,0.0,0.0,2026-07-29T18:00:00+02:00,2026-07-29T19:25:50+02:00,BICYCLE,,,,85.83333333333333,21257.73,0.0,0.0,0.0,0.0,complete_route,True,0,169.05,40404.979999999996,0.0,0.0,0.0,0.0
MAD-046,Castellana,Salamanca,DEST_003,UC3M Campus de Leganés,CAR,Coche,2026-07-29,2026-07-29T09:00:00+02:00,success,[],,2026-07-29T18:00:00+02:00,success,[],,2026-07-29T08:40:55+02:00,2026-07-29T09:00:00+02:00,CAR,,,,19.08333333333333,15815.77,0.0,0.0,0.0,0.0,2026-07-29T18:00:00+02:00,2026-07-29T18:22:10+02:00,CAR,,,,22.166666666666668,23574.68,0.0,0.0,0.0,0.0,complete_route,True,0,41.25,39390.45,0.0,0.0,0.0,0.0
MAD-046,Castellana,Salamanca,DEST_003,UC3M Campus de Leganés,TRANSIT,Transporte público,2026-07-29,2026-07-29T09:00:00+02:00,success,[],,2026-07-29T18:00:00+02:00,success,[],,2026-07-29T07:28:00+02:00,2026-07-29T08:56:51+02:00,WALK|BUS,BUS,27|E1|482,Información oficial: Consorcio Regional de Transportes de Madrid|Consorcio Regional de Transportes de Madrid,88.85,16206.04,11.5,18.516666666666666,778.04,2.0,2026-07-29T18:00:58+02:00,2026-07-29T19:36:30+02:00,WALK|BUS,BUS,480|E1|19,Consorcio Regional de Transportes de Madrid|Información oficial: Consorcio Regional de Transportes de Madrid,95.53333333333332,20427.76,5.916666666666667,20.0,399.76,2.0,complete_route,True,0,184.38333333333333,36633.8,17.416666666666668,38.516666666666666,1177.8,4.0
MAD-046,Castellana,Salamanca,DEST_003,UC3M Campus de Leganés,WALK,A pie,2026-07-29,2026-07-29T09:00:00+02:00,success,[],,2026-07-29T18:00:00+02:00,success,[],,2026-07-29T05:30:36+02:00,2026-07-29T09:00:00+02:00,WALK,,,,209.4,16003.62,209.4,0.0,16003.62,0.0,2026-07-29T18:00:00+02:00,2026-07-29T21:29:24+02:00,WALK,,,,209.4,16003.62,209.4,0.0,16003.62,0.0,complete_route,True,0,418.8,32007.24,418.8,0.0,32007.24,0.0
MAD-051,El Viso,Chamartín,DEST_003,UC3M Campus de Leganés,BICYCLE,Bicicleta,2026-07-29,2026-07-29T09:00:00+02:00,success,[],,2026-07-29T18:00:00+02:00,success,[],,2026-07-29T07:32:23+02:00,2026-07-29T09:00:00+02:00,BICYCLE,,,,87.61666666666666,20088.88,0.0,0.0,0.0,0.0,2026-07-29T18:00:00+02:00,2026-07-29T19:34:16+02:00,BICYCLE,,,,94.26666666666668,22888.18,0.0,0.0,0.0,0.0,complete_route,True,0,181.88333333333333,42977.06,0.0,0.0,0.0,0.0
MAD-051,El Viso,Chamartín,DEST_003,UC3M Campus de Leganés,CAR,Coche,2026-07-29,2026-07-29T09:00:00+02:00,success,[],,2026-07-29T18:00:00+02:00,success,[],,2026-07-29T08:39:04+02:00,2026-07-29T09:00:00+02:00,CAR,,,,20.933333333333334,16870.92,0.0,0.0,0.0,0.0,2026-07-29T18:00:00+02:00,2026-07-29T18:22:16+02:00,CAR,,,,22.266666666666666,23660.26,0.0,0.0,0.0,0.0,complete_route,True,0,43.2,40531.17999999999,0.0,0.0,0.0,0.0
MAD-051,El Viso,Chamartín,DEST_003,UC3M Campus de Leganés,TRANSIT,Transporte público,2026-07-29,2026-07-29T09:00:00+02:00,success,[],,2026-07-29T18:00:00+02:00,success,[],,2026-07-29T07:27:00+02:00,2026-07-29T08:56:51+02:00,WALK|BUS,BUS,19|E1|482,Información oficial: Consorcio Regional de Transportes de Madrid|Consorcio Regional de Transportes de Madrid,89.85,17685.93,12.716666666666669,20.55,843.9300000000001,2.0,2026-07-29T18:00:58+02:00,2026-07-29T19:46:54+02:00,WALK|BUS,BUS,480|E1|19,Consorcio Regional de Transportes de Madrid|Información oficial: Consorcio Regional de Transportes de Madrid,105.93333333333334,22141.18,7.75,20.0,543.1800000000001,2.0,complete_route,True,0,195.78333333333333,39827.11,20.46666666666667,40.55,1387.1100000000001,4.0
MAD-051,El Viso,Chamartín,DEST_003,UC3M Campus de Leganés,WALK,A pie,2026-07-29,2026-07-29T09:00:00+02:00,success,[],,2026-07-29T18:00:00+02:00,success,[],,2026-07-29T05:10:22+02:00,2026-07-29T09:00:00+02:00,WALK,,,,229.63333333333333,17421.33,229.63333333333333,0.0,17421.33,0.0,2026-07-29T18:00:00+02:00,2026-07-29T21:49:38+02:00,WALK,,,,229.63333333333333,17421.33,229.63333333333333,0.0,17421.33,0.0,complete_route,True,0,459.26666666666665,34842.66,459.26666666666665,0.0,34842.66,0.0
MAD-052,Prosperidad,Chamartín,DEST_003,UC3M Campus de Leganés,BICYCLE,Bicicleta,2026-07-29,2026-07-29T09:00:00+02:00,success,[],,2026-07-29T18:00:00+02:00,success,[],,2026-07-29T07:25:01+02:00,2026-07-29T09:00:00+02:00,BICYCLE,,,,94.98333333333332,21770.6,0.0,0.0,0.0,0.0,2026-07-29T18:00:00+02:00,2026-07-29T19:37:00+02:00,BICYCLE,,,,97.0,23874.72,0.0,0.0,0.0,0.0,complete_route,True,0,191.98333333333332,45645.32,0.0,0.0,0.0,0.0
MAD-052,Prosperidad,Chamartín,DEST_003,UC3M Campus de Leganés,CAR,Coche,2026-07-29,2026-07-29T09:00:00+02:00,success,[],,2026-07-29T18:00:00+02:00,success,[],,2026-07-29T08:39:53+02:00,2026-07-29T09:00:00+02:00,CAR,,,,20.116666666666667,22254.21,0.0,0.0,0.0,0.0,2026-07-29T18:00:00+02:00,2026-07-29T18:20:32+02:00,CAR,,,,20.53333333333333,21985.78,0.0,0.0,0.0,0.0,complete_route,True,0,40.65,44239.99,0.0,0.0,0.0,0.0
MAD-052,Prosperidad,Chamartín,DEST_003,UC3M Campus de Leganés,TRANSIT,Transporte público,2026-07-29,2026-07-29T09:00:00+02:00,success,[],,2026-07-29T18:00:00+02:00,success,[],,2026-07-29T07:09:00+02:00,2026-07-29T08:56:51+02:00,WALK|BUS,BUS,19|E1|482,Información oficial: Consorcio Regional de Transportes de Madrid|Consorcio Regional de Transportes de Madrid,107.85,19969.12,27.73333333333333,20.73333333333333,2047.12,2.0,2026-07-29T18:00:58+02:00,2026-07-29T19:59:56+02:00,WALK|BUS,BUS,480|E1|9,Consorcio Regional de Transportes de Madrid|Información oficial: Consorcio Regional de Transportes de Madrid,118.96666666666668,22924.45,12.716666666666669,24.0,868.45,2.0,complete_route,True,0,226.81666666666666,42893.57,40.45,44.733333333333334,2915.5699999999997,4.0
MAD-052,Prosperidad,Chamartín,DEST_003,UC3M Campus de Leganés,WALK,A pie,2026-07-29,2026-07-29T09:00:00+02:00,no_route,"[{""code"":""NO_DIRECT_MODE_CONNECTION"",""description"":""No route found for the requested direct mode. The origin and destination may be too far apart or not connected by the requested mode of transport."",""inputField"":null}]",,2026-07-29T18:00:00+02:00,no_route,"[{""code"":""NO_DIRECT_MODE_CONNECTION"",""description"":""No route found for the requested direct mode. The origin and destination may be too far apart or not connected by the requested mode of transport."",""inputField"":null}]",,,,,,,,,,,,,,,,,,,,,,,,,,no_route,False,2,,,,,,
MAD-053,Ciudad Jardín,Chamartín,DEST_003,UC3M Campus de Leganés,BICYCLE,Bicicleta,2026-07-29,2026-07-29T09:00:00+02:00,success,[],,2026-07-29T18:00:00+02:00,success,[],,2026-07-29T07:26:59+02:00,2026-07-29T09:00:00+02:00,BICYCLE,,,,93.01666666666668,21353.14,0.0,0.0,0.0,0.0,2026-07-29T18:00:00+02:00,2026-07-29T19:37:05+02:00,BICYCLE,,,,97.08333333333331,23667.7,0.0,0.0,0.0,0.0,complete_route,True,0,190.1,45020.84,0.0,0.0,0.0,0.0
MAD-053,Ciudad Jardín,Chamartín,DEST_003,UC3M Campus de Leganés,CAR,Coche,2026-07-29,2026-07-29T09:00:00+02:00,success,[],,2026-07-29T18:00:00+02:00,success,[],,2026-07-29T08:38:25+02:00,2026-07-29T09:00:00+02:00,CAR,,,,21.58333333333333,22885.96,0.0,0.0,0.0,0.0,2026-07-29T18:00:00+02:00,2026-07-29T18:21:49+02:00,CAR,,,,21.816666666666663,22453.98,0.0,0.0,0.0,0.0,complete_route,True,0,43.39999999999999,45339.94,0.0,0.0,0.0,0.0
MAD-053,Ciudad Jardín,Chamartín,DEST_003,UC3M Campus de Leganés,TRANSIT,Transporte público,2026-07-29,2026-07-29T09:00:00+02:00,success,[],,2026-07-29T18:00:00+02:00,success,[],,2026-07-29T07:20:00+02:00,2026-07-29T08:56:51+02:00,WALK|BUS,BUS,19|E1|482,Información oficial: Consorcio Regional de Transportes de Madrid|Consorcio Regional de Transportes de Madrid,96.85,19168.22,17.316666666666666,20.15,1246.2199999999998,2.0,2026-07-29T18:00:58+02:00,2026-07-29T19:52:37+02:00,WALK|BUS,BUS,480|E1|19,Consorcio Regional de Transportes de Madrid|Información oficial: Consorcio Regional de Transportes de Madrid,111.65,22837.71,11.166666666666666,20.0,812.71,2.0,complete_route,True,0,208.5,42005.93,28.483333333333334,40.15,2058.93,4.0
MAD-053,Ciudad Jardín,Chamartín,DEST_003,UC3M Campus de Leganés,WALK,A pie,2026-07-29,2026-07-29T09:00:00+02:00,success,[],,2026-07-29T18:00:00+02:00,success,[],,2026-07-29T05:00:33+02:00,2026-07-29T09:00:00+02:00,WALK,,,,239.45,18084.54,239.45,0.0,18084.54,0.0,2026-07-29T18:00:00+02:00,2026-07-29T21:59:27+02:00,WALK,,,,239.45,18084.54,239.45,0.0,18084.54,0.0,complete_route,True,0,478.9,36169.08,478.9,0.0,36169.08,0.0
MAD-054,Hispanoamérica,Chamartín,DEST_003,UC3M Campus de Leganés,BICYCLE,Bicicleta,2026-07-29,2026-07-29T09:00:00+02:00,success,[],,2026-07-29T18:00:00+02:00,success,[],,2026-07-29T07:24:53+02:00,2026-07-29T09:00:00+02:00,BICYCLE,,,,95.11666666666666,21401.3,0.0,0.0,0.0,0.0,2026-07-29T18:00:00+02:00,2026-07-29T19:41:50+02:00,BICYCLE,,,,101.83333333333331,24398.92,0.0,0.0,0.0,0.0,complete_route,True,0,196.95,45800.22,0.0,0.0,0.0,0.0
MAD-054,Hispanoamérica,Chamartín,DEST_003,UC3M Campus de Leganés,CAR,Coche,2026-07-29,2026-07-29T09:00:00+02:00,success,[],,2026-07-29T18:00:00+02:00,success,[],,2026-07-29T08:38:25+02:00,2026-07-29T09:00:00+02:00,CAR,,,,21.58333333333333,23550.83,0.0,0.0,0.0,0.0,2026-07-29T18:00:00+02:00,2026-07-29T18:22:22+02:00,CAR,,,,22.366666666666667,23542.95,0.0,0.0,0.0,0.0,complete_route,True,0,43.949999999999996,47093.78,0.0,0.0,0.0,0.0
MAD-054,Hispanoamérica,Chamartín,DEST_003,UC3M Campus de Leganés,TRANSIT,Transporte público,2026-07-29,2026-07-29T09:00:00+02:00,success,[],,2026-07-29T18:00:00+02:00,success,[],,2026-07-29T07:16:00+02:00,2026-07-29T08:56:51+02:00,WALK|BUS,BUS,19|E1|482,Información oficial: Consorcio Regional de Transportes de Madrid|Consorcio Regional de Transportes de Madrid,100.85,19455.12,21.15,20.316666666666663,1533.12,2.0,2026-07-29T18:00:58+02:00,2026-07-29T19:56:27+02:00,WALK|BUS,BUS,480|E1|19,Consorcio Regional de Transportes de Madrid|Información oficial: Consorcio Regional de Transportes de Madrid,115.48333333333332,23124.61,15.0,20.0,1099.61,2.0,complete_route,True,0,216.33333333333331,42579.729999999996,36.15,40.31666666666666,2632.7299999999996,4.0
MAD-054,Hispanoamérica,Chamartín,DEST_003,UC3M Campus de Leganés,WALK,A pie,2026-07-29,2026-07-29T09:00:00+02:00,no_route,"[{""code"":""NO_DIRECT_MODE_CONNECTION"",""description"":""No route found for the requested direct mode. The origin and destination may be too far apart or not connected by the requested mode of transport."",""inputField"":null}]",,2026-07-29T18:00:00+02:00,no_route,"[{""code"":""NO_DIRECT_MODE_CONNECTION"",""description"":""No route found for the requested direct mode. The origin and destination may be too far apart or not connected by the requested mode of transport."",""inputField"":null}]",,,,,,,,,,,,,,,,,,,,,,,,,,no_route,False,2,,,,,,
MAD-055,Nueva España,Chamartín,DEST_003,UC3M Campus de Leganés,BICYCLE,Bicicleta,2026-07-29,2026-07-29T09:00:00+02:00,success,[],,2026-07-29T18:00:00+02:00,success,[],,2026-07-29T07:20:29+02:00,2026-07-29T09:00:00+02:00,BICYCLE,,,,99.51666666666668,22309.01,0.0,0.0,0.0,0.0,2026-07-29T18:00:00+02:00,2026-07-29T19:46:05+02:00,BICYCLE,,,,106.08333333333331,25206.54,0.0,0.0,0.0,0.0,complete_route,True,0,205.6,47515.55,0.0,0.0,0.0,0.0
MAD-055,Nueva España,Chamartín,DEST_003,UC3M Campus de Leganés,CAR,Coche,2026-07-29,2026-07-29T09:00:00+02:00,success,[],,2026-07-29T18:00:00+02:00,success,[],,2026-07-29T08:38:04+02:00,2026-07-29T09:00:00+02:00,CAR,,,,21.933333333333334,23898.64,0.0,0.0,0.0,0.0,2026-07-29T18:00:00+02:00,2026-07-29T18:22:49+02:00,CAR,,,,22.816666666666663,24416.2,0.0,0.0,0.0,0.0,complete_route,True,0,44.75,48314.84,0.0,0.0,0.0,0.0
MAD-055,Nueva España,Chamartín,DEST_003,UC3M Campus de Leganés,TRANSIT,Transporte público,2026-07-29,2026-07-29T09:00:00+02:00,success,[],,2026-07-29T18:00:00+02:00,success,[],,2026-07-29T07:06:00+02:00,2026-07-29T08:56:51+02:00,WALK|BUS,BUS,14|E1|482,Información oficial: Consorcio Regional de Transportes de Madrid|Consorcio Regional de Transportes de Madrid,110.85,20128.4,8.183333333333334,21.383333333333333,589.4,2.0,2026-07-29T18:00:58+02:00,2026-07-29T20:01:46+02:00,WALK|BUS,BUS,480|E1|14,Consorcio Regional de Transportes de Madrid|Información oficial: Consorcio Regional de Transportes de Madrid,120.8,23823.42,9.416666666666666,25.0,655.4200000000001,2.0,complete_route,True,0,231.64999999999998,43951.82,17.6,46.38333333333333,1244.8200000000002,4.0
MAD-055,Nueva España,Chamartín,DEST_003,UC3M Campus de Leganés,WALK,A pie,2026-07-29,2026-07-29T09:00:00+02:00,no_route,"[{""code"":""NO_DIRECT_MODE_CONNECTION"",""description"":""No route found for the requested direct mode. The origin and destination may be too far apart or not connected by the requested mode of transport."",""inputField"":null}]",,2026-07-29T18:00:00+02:00,no_route,"[{""code"":""NO_DIRECT_MODE_CONNECTION"",""description"":""No route found for the requested direct mode. The origin and destination may be too far apart or not connected by the requested mode of transport."",""inputField"":null}]",,,,,,,,,,,,,,,,,,,,,,,,,,no_route,False,2,,,,,,
MAD-056,Castilla,Chamartín,DEST_003,UC3M Campus de Leganés,BICYCLE,Bicicleta,2026-07-29,2026-07-29T09:00:00+02:00,success,[],,2026-07-29T18:00:00+02:00,success,[],,2026-07-29T07:07:33+02:00,2026-07-29T09:00:00+02:00,BICYCLE,,,,112.45,27452.03,0.0,0.0,0.0,0.0,2026-07-29T18:00:00+02:00,2026-07-29T19:55:53+02:00,BICYCLE,,,,115.88333333333334,26849.06,0.0,0.0,0.0,0.0,complete_route,True,0,228.33333333333334,54301.09,0.0,0.0,0.0,0.0
MAD-056,Castilla,Chamartín,DEST_003,UC3M Campus de Leganés,CAR,Coche,2026-07-29,2026-07-29T09:00:00+02:00,success,[],,2026-07-29T18:00:00+02:00,success,[],,2026-07-29T08:36:21+02:00,2026-07-29T09:00:00+02:00,CAR,,,,23.65,26965.31,0.0,0.0,0.0,0.0,2026-07-29T18:00:00+02:00,2026-07-29T18:20:59+02:00,CAR,,,,20.98333333333333,24699.54,0.0,0.0,0.0,0.0,complete_route,True,0,44.633333333333326,51664.850000000006,0.0,0.0,0.0,0.0
MAD-056,Castilla,Chamartín,DEST_003,UC3M Campus de Leganés,TRANSIT,Transporte público,2026-07-29,2026-07-29T09:00:00+02:00,success,[],,2026-07-29T18:00:00+02:00,success,[],,2026-07-29T06:59:46+02:00,2026-07-29T08:56:51+02:00,WALK|BUS,BUS,171|27|E1|482,Consorcio Regional de Transportes de Madrid|Información oficial: Consorcio Regional de Transportes de Madrid,117.08333333333331,21509.98,13.183333333333334,24.1,941.98,3.0,2026-07-29T18:00:58+02:00,2026-07-29T20:12:47+02:00,WALK|BUS,BUS,480|E1|27,Consorcio Regional de Transportes de Madrid|Información oficial: Consorcio Regional de Transportes de Madrid,131.81666666666666,24932.72,22.53333333333333,22.0,1624.72,2.0,complete_route,True,0,248.89999999999998,46442.7,35.71666666666667,46.1,2566.7,5.0
MAD-056,Castilla,Chamartín,DEST_003,UC3M Campus de Leganés,WALK,A pie,2026-07-29,2026-07-29T09:00:00+02:00,no_route,"[{""code"":""NO_DIRECT_MODE_CONNECTION"",""description"":""No route found for the requested direct mode. The origin and destination may be too far apart or not connected by the requested mode of transport."",""inputField"":null}]",,2026-07-29T18:00:00+02:00,no_route,"[{""code"":""NO_DIRECT_MODE_CONNECTION"",""description"":""No route found for the requested direct mode. The origin and destination may be too far apart or not connected by the requested mode of transport."",""inputField"":null}]",,,,,,,,,,,,,,,,,,,,,,,,,,no_route,False,2,,,,,,
MAD-061,Bellas Vistas,Tetuán,DEST_003,UC3M Campus de Leganés,BICYCLE,Bicicleta,2026-07-29,2026-07-29T09:00:00+02:00,success,[],,2026-07-29T18:00:00+02:00,success,[],,2026-07-29T07:34:59+02:00,2026-07-29T09:00:00+02:00,BICYCLE,,,,85.01666666666667,20672.65,0.0,0.0,0.0,0.0,2026-07-29T18:00:00+02:00,2026-07-29T19:33:45+02:00,BICYCLE,,,,93.75,23341.47,0.0,0.0,0.0,0.0,complete_route,True,0,178.76666666666665,44014.12,0.0,0.0,0.0,0.0
MAD-061,Bellas Vistas,Tetuán,DEST_003,UC3M Campus de Leganés,CAR,Coche,2026-07-29,2026-07-29T09:00:00+02:00,success,[],,2026-07-29T18:00:00+02:00,success,[],,2026-07-29T08:35:10+02:00,2026-07-29T09:00:00+02:00,CAR,,,,24.83333333333333,18327.97,0.0,0.0,0.0,0.0,2026-07-29T18:00:00+02:00,2026-07-29T18:24:45+02:00,CAR,,,,24.75,20270.62,0.0,0.0,0.0,0.0,complete_route,True,0,49.58333333333333,38598.59,0.0,0.0,0.0,0.0
MAD-061,Bellas Vistas,Tetuán,DEST_003,UC3M Campus de Leganés,TRANSIT,Transporte público,2026-07-29,2026-07-29T09:00:00+02:00,success,[],,2026-07-29T18:00:00+02:00,success,[],,2026-07-29T07:04:00+02:00,2026-07-29T08:56:51+02:00,WALK|BUS,BUS,27|E1|482,Información oficial: Consorcio Regional de Transportes de Madrid|Consorcio Regional de Transportes de Madrid,112.85,19424.32,25.55,18.2,1849.32,2.0,2026-07-29T18:00:58+02:00,2026-07-29T20:01:41+02:00,WALK|BUS,BUS,480|E1|45,Consorcio Regional de Transportes de Madrid|Información oficial: Consorcio Regional de Transportes de Madrid,120.71666666666668,23321.73,13.783333333333331,25.0,972.73,2.0,complete_route,True,0,233.56666666666666,42746.05,39.33333333333333,43.2,2822.05,4.0
MAD-061,Bellas Vistas,Tetuán,DEST_003,UC3M Campus de Leganés,WALK,A pie,2026-07-29,2026-07-29T09:00:00+02:00,success,[],,2026-07-29T18:00:00+02:00,success,[],,2026-07-29T05:04:27+02:00,2026-07-29T09:00:00+02:00,WALK,,,,235.55,17889.83,235.55,0.0,17889.83,0.0,2026-07-29T18:00:00+02:00,2026-07-29T21:55:33+02:00,WALK,,,,235.55,17889.83,235.55,0.0,17889.83,0.0,complete_route,True,0,471.1,35779.66,471.1,0.0,35779.66,0.0
MAD-062,Cuatro Caminos,Tetuán,DEST_003,UC3M Campus de Leganés,BICYCLE,Bicicleta,2026-07-29,2026-07-29T09:00:00+02:00,success,[],,2026-07-29T18:00:00+02:00,success,[],,2026-07-29T07:32:06+02:00,2026-07-29T09:00:00+02:00,BICYCLE,,,,87.9,20721.99,0.0,0.0,0.0,0.0,2026-07-29T18:00:00+02:00,2026-07-29T19:34:23+02:00,BICYCLE,,,,94.38333333333334,23513.13,0.0,0.0,0.0,0.0,complete_route,True,0,182.28333333333336,44235.12,0.0,0.0,0.0,0.0
MAD-062,Cuatro Caminos,Tetuán,DEST_003,UC3M Campus de Leganés,CAR,Coche,2026-07-29,2026-07-29T09:00:00+02:00,success,[],,2026-07-29T18:00:00+02:00,success,[],,2026-07-29T08:37:10+02:00,2026-07-29T09:00:00+02:00,CAR,,,,22.83333333333333,17943.67,0.0,0.0,0.0,0.0,2026-07-29T18:00:00+02:00,2026-07-29T18:24:27+02:00,CAR,,,,24.45,25095.8,0.0,0.0,0.0,0.0,complete_route,True,0,47.28333333333333,43039.47,0.0,0.0,0.0,0.0
MAD-062,Cuatro Caminos,Tetuán,DEST_003,UC3M Campus de Leganés,TRANSIT,Transporte público,2026-07-29,2026-07-29T09:00:00+02:00,success,[],,2026-07-29T18:00:00+02:00,success,[],,2026-07-29T07:18:00+02:00,2026-07-29T08:56:51+02:00,WALK|BUS,BUS,27|E1|482,Información oficial: Consorcio Regional de Transportes de Madrid|Consorcio Regional de Transportes de Madrid,98.85,18341.6,11.566666666666666,18.183333333333334,766.6,2.0,2026-07-29T18:00:58+02:00,2026-07-29T19:53:40+02:00,WALK|BUS,BUS,480|E1|27,Consorcio Regional de Transportes de Madrid|Información oficial: Consorcio Regional de Transportes de Madrid,112.7,22426.38,12.766666666666667,22.0,833.38,2.0,complete_route,True,0,211.55,40767.979999999996,24.333333333333336,40.18333333333334,1599.98,4.0
MAD-062,Cuatro Caminos,Tetuán,DEST_003,UC3M Campus de Leganés,WALK,A pie,2026-07-29,2026-07-29T09:00:00+02:00,success,[],,2026-07-29T18:00:00+02:00,success,[],,2026-07-29T05:06:41+02:00,2026-07-29T09:00:00+02:00,WALK,,,,233.31666666666663,17749.07,233.31666666666663,0.0,17749.07,0.0,2026-07-29T18:00:00+02:00,2026-07-29T21:53:19+02:00,WALK,,,,233.31666666666663,17749.07,233.31666666666663,0.0,17749.07,0.0,complete_route,True,0,466.63333333333327,35498.14,466.63333333333327,0.0,35498.14,0.0
MAD-063,Castillejos,Tetuán,DEST_003,UC3M Campus de Leganés,BICYCLE,Bicicleta,2026-07-29,2026-07-29T09:00:00+02:00,success,[],,2026-07-29T18:00:00+02:00,success,[],,2026-07-29T07:21:40+02:00,2026-07-29T09:00:00+02:00,BICYCLE,,,,98.33333333333331,25315.95,0.0,0.0,0.0,0.0,2026-07-29T18:00:00+02:00,2026-07-29T19:40:07+02:00,BICYCLE,,,,100.11666666666666,24438.76,0.0,0.0,0.0,0.0,complete_route,True,0,198.45,49754.71,0.0,0.0,0.0,0.0
MAD-063,Castillejos,Tetuán,DEST_003,UC3M Campus de Leganés,CAR,Coche,2026-07-29,2026-07-29T09:00:00+02:00,success,[],,2026-07-29T18:00:00+02:00,success,[],,2026-07-29T08:35:50+02:00,2026-07-29T09:00:00+02:00,CAR,,,,24.166666666666668,18746.47,0.0,0.0,0.0,0.0,2026-07-29T18:00:00+02:00,2026-07-29T18:25:28+02:00,CAR,,,,25.466666666666665,25509.64,0.0,0.0,0.0,0.0,complete_route,True,0,49.63333333333333,44256.11,0.0,0.0,0.0,0.0
MAD-063,Castillejos,Tetuán,DEST_003,UC3M Campus de Leganés,TRANSIT,Transporte público,2026-07-29,2026-07-29T09:00:00+02:00,success,[],,2026-07-29T18:00:00+02:00,success,[],,2026-07-29T07:14:00+02:00,2026-07-29T08:56:51+02:00,WALK|BUS,BUS,27|E1|482,Información oficial: Consorcio Regional de Transportes de Madrid|Consorcio Regional de Transportes de Madrid,102.85,19126.0,11.566666666666666,18.53333333333333,790.0,2.0,2026-07-29T18:00:58+02:00,2026-07-29T19:58:15+02:00,WALK|BUS,BUS,480|E1|27,Consorcio Regional de Transportes de Madrid|Información oficial: Consorcio Regional de Transportes de Madrid,117.28333333333332,23308.42,12.25,22.0,790.42,2.0,complete_route,True,0,220.13333333333333,42434.42,23.816666666666666,40.53333333333333,1580.42,4.0
MAD-063,Castillejos,Tetuán,DEST_003,UC3M Campus de Leganés,WALK,A pie,2026-07-29,2026-07-29T09:00:00+02:00,no_route,"[{""code"":""NO_DIRECT_MODE_CONNECTION"",""description"":""No route found for the requested direct mode. The origin and destination may be too far apart or not connected by the requested mode of transport."",""inputField"":null}]",,2026-07-29T18:00:00+02:00,no_route,"[{""code"":""NO_DIRECT_MODE_CONNECTION"",""description"":""No route found for the requested direct mode. The origin and destination may be too far apart or not connected by the requested mode of transport."",""inputField"":null}]",,,,,,,,,,,,,,,,,,,,,,,,,,no_route,False,2,,,,,,
MAD-064,Almenara,Tetuán,DEST_003,UC3M Campus de Leganés,BICYCLE,Bicicleta,2026-07-29,2026-07-29T09:00:00+02:00,success,[],,2026-07-29T18:00:00+02:00,success,[],,2026-07-29T07:19:59+02:00,2026-07-29T09:00:00+02:00,BICYCLE,,,,100.01666666666668,25938.61,0.0,0.0,0.0,0.0,2026-07-29T18:00:00+02:00,2026-07-29T19:45:05+02:00,BICYCLE,,,,105.08333333333331,25503.91,0.0,0.0,0.0,0.0,complete_route,True,0,205.1,51442.520000000004,0.0,0.0,0.0,0.0
MAD-064,Almenara,Tetuán,DEST_003,UC3M Campus de Leganés,CAR,Coche,2026-07-29,2026-07-29T09:00:00+02:00,success,[],,2026-07-29T18:00:00+02:00,success,[],,2026-07-29T08:35:27+02:00,2026-07-29T09:00:00+02:00,CAR,,,,24.55,27234.98,0.0,0.0,0.0,0.0,2026-07-29T18:00:00+02:00,2026-07-29T18:23:32+02:00,CAR,,,,23.53333333333333,26403.92,0.0,0.0,0.0,0.0,complete_route,True,0,48.08333333333333,53638.899999999994,0.0,0.0,0.0,0.0
MAD-064,Almenara,Tetuán,DEST_003,UC3M Campus de Leganés,TRANSIT,Transporte público,2026-07-29,2026-07-29T09:00:00+02:00,success,[],,2026-07-29T18:00:00+02:00,success,[],,2026-07-29T07:09:00+02:00,2026-07-29T08:56:51+02:00,WALK|BUS,BUS,27|E1|482,Información oficial: Consorcio Regional de Transportes de Madrid|Consorcio Regional de Transportes de Madrid,107.85,20166.86,12.366666666666667,18.15,863.86,2.0,2026-07-29T18:00:58+02:00,2026-07-29T20:02:46+02:00,WALK|BUS,BUS,480|E1|27,Consorcio Regional de Transportes de Madrid|Información oficial: Consorcio Regional de Transportes de Madrid,121.8,24193.78,12.516666666666667,22.0,885.78,2.0,complete_route,True,0,229.64999999999998,44360.64,24.883333333333333,40.15,1749.6399999999999,4.0
MAD-064,Almenara,Tetuán,DEST_003,UC3M Campus de Leganés,WALK,A pie,2026-07-29,2026-07-29T09:00:00+02:00,no_route,"[{""code"":""NO_DIRECT_MODE_CONNECTION"",""description"":""No route found for the requested direct mode. The origin and destination may be too far apart or not connected by the requested mode of transport."",""inputField"":null}]",,2026-07-29T18:00:00+02:00,no_route,"[{""code"":""NO_DIRECT_MODE_CONNECTION"",""description"":""No route found for the requested direct mode. The origin and destination may be too far apart or not connected by the requested mode of transport."",""inputField"":null}]",,,,,,,,,,,,,,,,,,,,,,,,,,no_route,False,2,,,,,,
MAD-065,Valdeacederas,Tetuán,DEST_003,UC3M Campus de Leganés,BICYCLE,Bicicleta,2026-07-29,2026-07-29T09:00:00+02:00,success,[],,2026-07-29T18:00:00+02:00,success,[],,2026-07-29T07:23:05+02:00,2026-07-29T09:00:00+02:00,BICYCLE,,,,96.91666666666669,25062.08,0.0,0.0,0.0,0.0,2026-07-29T18:00:00+02:00,2026-07-29T19:44:21+02:00,BICYCLE,,,,104.35,25857.73,0.0,0.0,0.0,0.0,complete_route,True,0,201.26666666666668,50919.81,0.0,0.0,0.0,0.0
MAD-065,Valdeacederas,Tetuán,DEST_003,UC3M Campus de Leganés,CAR,Coche,2026-07-29,2026-07-29T09:00:00+02:00,success,[],,2026-07-29T18:00:00+02:00,success,[],,2026-07-29T08:34:03+02:00,2026-07-29T09:00:00+02:00,CAR,,,,25.95,26308.68,0.0,0.0,0.0,0.0,2026-07-29T18:00:00+02:00,2026-07-29T18:26:20+02:00,CAR,,,,26.33333333333333,27927.43,0.0,0.0,0.0,0.0,complete_route,True,0,52.28333333333333,54236.11,0.0,0.0,0.0,0.0
MAD-065,Valdeacederas,Tetuán,DEST_003,UC3M Campus de Leganés,TRANSIT,Transporte público,2026-07-29,2026-07-29T09:00:00+02:00,success,[],,2026-07-29T18:00:00+02:00,success,[],,2026-07-29T07:02:00+02:00,2026-07-29T08:56:51+02:00,WALK|BUS,BUS,49|27|E1|482,Información oficial: Consorcio Regional de Transportes de Madrid|Consorcio Regional de Transportes de Madrid,114.85,20676.29,6.116666666666666,27.266666666666666,372.29,3.0,2026-07-29T18:00:58+02:00,2026-07-29T20:13:08+02:00,WALK|BUS,BUS,480|E1|27,Consorcio Regional de Transportes de Madrid|Información oficial: Consorcio Regional de Transportes de Madrid,132.16666666666666,24782.04,23.916666666666668,22.0,1680.0400000000002,2.0,complete_route,True,0,247.01666666666665,45458.33,30.033333333333335,49.266666666666666,2052.3300000000004,5.0
MAD-065,Valdeacederas,Tetuán,DEST_003,UC3M Campus de Leganés,WALK,A pie,2026-07-29,2026-07-29T09:00:00+02:00,no_route,"[{""code"":""NO_DIRECT_MODE_CONNECTION"",""description"":""No route found for the requested direct mode. The origin and destination may be too far apart or not connected by the requested mode of transport."",""inputField"":null}]",,2026-07-29T18:00:00+02:00,no_route,"[{""code"":""NO_DIRECT_MODE_CONNECTION"",""description"":""No route found for the requested direct mode. The origin and destination may be too far apart or not connected by the requested mode of transport."",""inputField"":null}]",,,,,,,,,,,,,,,,,,,,,,,,,,no_route,False,2,,,,,,
MAD-066,Berruguete,Tetuán,DEST_003,UC3M Campus de Leganés,BICYCLE,Bicicleta,2026-07-29,2026-07-29T09:00:00+02:00,success,[],,2026-07-29T18:00:00+02:00,success,[],,2026-07-29T07:25:47+02:00,2026-07-29T09:00:00+02:00,BICYCLE,,,,94.21666666666668,24218.57,0.0,0.0,0.0,0.0,2026-07-29T18:00:00+02:00,2026-07-29T19:35:53+02:00,BICYCLE,,,,95.88333333333334,23583.97,0.0,0.0,0.0,0.0,complete_route,True,0,190.10000000000002,47802.54,0.0,0.0,0.0,0.0
MAD-066,Berruguete,Tetuán,DEST_003,UC3M Campus de Leganés,CAR,Coche,2026-07-29,2026-07-29T09:00:00+02:00,success,[],,2026-07-29T18:00:00+02:00,success,[],,2026-07-29T08:33:34+02:00,2026-07-29T09:00:00+02:00,CAR,,,,26.433333333333334,24110.09,0.0,0.0,0.0,0.0,2026-07-29T18:00:00+02:00,2026-07-29T18:26:39+02:00,CAR,,,,26.65,21364.43,0.0,0.0,0.0,0.0,complete_route,True,0,53.08333333333333,45474.520000000004,0.0,0.0,0.0,0.0
MAD-066,Berruguete,Tetuán,DEST_003,UC3M Campus de Leganés,TRANSIT,Transporte público,2026-07-29,2026-07-29T09:00:00+02:00,success,[],,2026-07-29T18:00:00+02:00,success,[],,2026-07-29T07:02:00+02:00,2026-07-29T08:56:51+02:00,WALK|BUS,BUS,27|E1|482,Información oficial: Consorcio Regional de Transportes de Madrid|Consorcio Regional de Transportes de Madrid,114.85,19848.92,25.0,18.016666666666666,1704.92,2.0,2026-07-29T18:00:58+02:00,2026-07-29T20:09:08+02:00,WALK|BUS,BUS,480|E1|27,Consorcio Regional de Transportes de Madrid|Información oficial: Consorcio Regional de Transportes de Madrid,128.16666666666666,23808.55,25.683333333333334,22.0,1750.5500000000002,2.0,complete_route,True,0,243.01666666666665,43657.47,50.68333333333334,40.016666666666666,3455.4700000000003,4.0
MAD-066,Berruguete,Tetuán,DEST_003,UC3M Campus de Leganés,WALK,A pie,2026-07-29,2026-07-29T09:00:00+02:00,no_route,"[{""code"":""NO_DIRECT_MODE_CONNECTION"",""description"":""No route found for the requested direct mode. The origin and destination may be too far apart or not connected by the requested mode of transport."",""inputField"":null}]",,2026-07-29T18:00:00+02:00,no_route,"[{""code"":""NO_DIRECT_MODE_CONNECTION"",""description"":""No route found for the requested direct mode. The origin and destination may be too far apart or not connected by the requested mode of transport."",""inputField"":null}]",,,,,,,,,,,,,,,,,,,,,,,,,,no_route,False,2,,,,,,
MAD-071,Gaztambide,Chamberí,DEST_003,UC3M Campus de Leganés,BICYCLE,Bicicleta,2026-07-29,2026-07-29T09:00:00+02:00,success,[],,2026-07-29T18:00:00+02:00,success,[],,2026-07-29T07:47:57+02:00,2026-07-29T09:00:00+02:00,BICYCLE,,,,72.05,17025.7,0.0,0.0,0.0,0.0,2026-07-29T18:00:00+02:00,2026-07-29T19:20:30+02:00,BICYCLE,,,,80.5,19789.0,0.0,0.0,0.0,0.0,complete_route,True,0,152.55,36814.7,0.0,0.0,0.0,0.0
MAD-071,Gaztambide,Chamberí,DEST_003,UC3M Campus de Leganés,CAR,Coche,2026-07-29,2026-07-29T09:00:00+02:00,success,[],,2026-07-29T18:00:00+02:00,success,[],,2026-07-29T08:39:48+02:00,2026-07-29T09:00:00+02:00,CAR,,,,20.2,16957.32,0.0,0.0,0.0,0.0,2026-07-29T18:00:00+02:00,2026-07-29T18:20:33+02:00,CAR,,,,20.55,17903.68,0.0,0.0,0.0,0.0,complete_route,True,0,40.75,34861.0,0.0,0.0,0.0,0.0
MAD-071,Gaztambide,Chamberí,DEST_003,UC3M Campus de Leganés,TRANSIT,Transporte público,2026-07-29,2026-07-29T09:00:00+02:00,success,[],,2026-07-29T18:00:00+02:00,success,[],,2026-07-29T07:23:00+02:00,2026-07-29T08:56:51+02:00,WALK|BUS,BUS,C2|39|482,Información oficial: Consorcio Regional de Transportes de Madrid|Consorcio Regional de Transportes de Madrid,93.85,17007.2,28.4,18.85,1994.2,2.0,2026-07-29T18:00:58+02:00,2026-07-29T19:36:06+02:00,WALK|BUS,BUS,493|138,Consorcio Regional de Transportes de Madrid|Información oficial: Consorcio Regional de Transportes de Madrid,95.13333333333334,16542.23,14.466666666666669,12.0,1038.23,1.0,complete_route,True,0,188.98333333333335,33549.43,42.86666666666667,30.85,3032.4300000000003,3.0
MAD-071,Gaztambide,Chamberí,DEST_003,UC3M Campus de Leganés,WALK,A pie,2026-07-29,2026-07-29T09:00:00+02:00,success,[],,2026-07-29T18:00:00+02:00,success,[],,2026-07-29T05:35:52+02:00,2026-07-29T09:00:00+02:00,WALK,,,,204.13333333333333,15672.23,204.13333333333333,0.0,15672.23,0.0,2026-07-29T18:00:00+02:00,2026-07-29T21:24:08+02:00,WALK,,,,204.13333333333333,15672.23,204.13333333333333,0.0,15672.23,0.0,complete_route,True,0,408.26666666666665,31344.46,408.26666666666665,0.0,31344.46,0.0
MAD-072,Arapiles,Chamberí,DEST_003,UC3M Campus de Leganés,BICYCLE,Bicicleta,2026-07-29,2026-07-29T09:00:00+02:00,success,[],,2026-07-29T18:00:00+02:00,success,[],,2026-07-29T07:45:39+02:00,2026-07-29T09:00:00+02:00,BICYCLE,,,,74.35,17433.31,0.0,0.0,0.0,0.0,2026-07-29T18:00:00+02:00,2026-07-29T19:20:18+02:00,BICYCLE,,,,80.3,20102.22,0.0,0.0,0.0,0.0,complete_route,True,0,154.64999999999998,37535.53,0.0,0.0,0.0,0.0
MAD-072,Arapiles,Chamberí,DEST_003,UC3M Campus de Leganés,CAR,Coche,2026-07-29,2026-07-29T09:00:00+02:00,success,[],,2026-07-29T18:00:00+02:00,success,[],,2026-07-29T08:38:59+02:00,2026-07-29T09:00:00+02:00,CAR,,,,21.016666666666666,17455.3,0.0,0.0,0.0,0.0,2026-07-29T18:00:00+02:00,2026-07-29T18:20:59+02:00,CAR,,,,20.98333333333333,17985.41,0.0,0.0,0.0,0.0,complete_route,True,0,42.0,35440.71,0.0,0.0,0.0,0.0
MAD-072,Arapiles,Chamberí,DEST_003,UC3M Campus de Leganés,TRANSIT,Transporte público,2026-07-29,2026-07-29T09:00:00+02:00,success,[],,2026-07-29T18:00:00+02:00,success,[],,2026-07-29T07:25:00+02:00,2026-07-29T08:56:51+02:00,WALK|BUS,BUS,39|482,Información oficial: Consorcio Regional de Transportes de Madrid|Consorcio Regional de Transportes de Madrid,91.85,16856.35,41.56666666666667,11.033333333333331,2979.35,1.0,2026-07-29T18:00:58+02:00,2026-07-29T19:42:23+02:00,WALK|BUS,BUS,493|486|25,Consorcio Regional de Transportes de Madrid|Información oficial: Consorcio Regional de Transportes de Madrid,101.41666666666669,15103.18,34.666666666666664,16.033333333333335,2583.1800000000003,2.0,complete_route,True,0,193.26666666666668,31959.53,76.23333333333333,27.066666666666666,5562.530000000001,3.0
MAD-072,Arapiles,Chamberí,DEST_003,UC3M Campus de Leganés,WALK,A pie,2026-07-29,2026-07-29T09:00:00+02:00,success,[],,2026-07-29T18:00:00+02:00,success,[],,2026-07-29T05:37:04+02:00,2026-07-29T09:00:00+02:00,WALK,,,,202.9333333333333,15508.24,202.9333333333333,0.0,15508.24,0.0,2026-07-29T18:00:00+02:00,2026-07-29T21:22:56+02:00,WALK,,,,202.9333333333333,15508.24,202.9333333333333,0.0,15508.24,0.0,complete_route,True,0,405.8666666666666,31016.48,405.8666666666666,0.0,31016.48,0.0
MAD-073,Trafalgar,Chamberí,DEST_003,UC3M Campus de Leganés,BICYCLE,Bicicleta,2026-07-29,2026-07-29T09:00:00+02:00,success,[],,2026-07-29T18:00:00+02:00,success,[],,2026-07-29T07:44:28+02:00,2026-07-29T09:00:00+02:00,BICYCLE,,,,75.53333333333333,17821.74,0.0,0.0,0.0,0.0,2026-07-29T18:00:00+02:00,2026-07-29T19:23:12+02:00,BICYCLE,,,,83.2,20703.76,0.0,0.0,0.0,0.0,complete_route,True,0,158.73333333333335,38525.5,0.0,0.0,0.0,0.0
MAD-073,Trafalgar,Chamberí,DEST_003,UC3M Campus de Leganés,CAR,Coche,2026-07-29,2026-07-29T09:00:00+02:00,success,[],,2026-07-29T18:00:00+02:00,success,[],,2026-07-29T08:40:37+02:00,2026-07-29T09:00:00+02:00,CAR,,,,19.383333333333333,15578.33,0.0,0.0,0.0,0.0,2026-07-29T18:00:00+02:00,2026-07-29T18:21:52+02:00,CAR,,,,21.866666666666667,18596.52,0.0,0.0,0.0,0.0,complete_route,True,0,41.25,34174.85,0.0,0.0,0.0,0.0
MAD-073,Trafalgar,Chamberí,DEST_003,UC3M Campus de Leganés,TRANSIT,Transporte público,2026-07-29,2026-07-29T09:00:00+02:00,success,[],,2026-07-29T18:00:00+02:00,success,[],,2026-07-29T07:20:00+02:00,2026-07-29T08:56:51+02:00,WALK|BUS,BUS,27|E1|482,Información oficial: Consorcio Regional de Transportes de Madrid|Consorcio Regional de Transportes de Madrid,96.85,16524.22,21.45,18.666666666666668,1534.2199999999998,2.0,2026-07-29T18:00:58+02:00,2026-07-29T19:42:15+02:00,WALK|BUS,BUS,480|E1,Consorcio Regional de Transportes de Madrid|Información oficial: Consorcio Regional de Transportes de Madrid,101.28333333333332,20129.73,32.55,13.0,2339.73,1.0,complete_route,True,0,198.13333333333333,36653.95,54.0,31.666666666666668,3873.95,3.0
MAD-073,Trafalgar,Chamberí,DEST_003,UC3M Campus de Leganés,WALK,A pie,2026-07-29,2026-07-29T09:00:00+02:00,success,[],,2026-07-29T18:00:00+02:00,success,[],,2026-07-29T05:36:13+02:00,2026-07-29T09:00:00+02:00,WALK,,,,203.78333333333333,15542.88,203.78333333333333,0.0,15542.88,0.0,2026-07-29T18:00:00+02:00,2026-07-29T21:23:47+02:00,WALK,,,,203.78333333333333,15542.88,203.78333333333333,0.0,15542.88,0.0,complete_route,True,0,407.56666666666666,31085.76,407.56666666666666,0.0,31085.76,0.0
MAD-074,Almagro,Chamberí,DEST_003,UC3M Campus de Leganés,BICYCLE,Bicicleta,2026-07-29,2026-07-29T09:00:00+02:00,success,[],,2026-07-29T18:00:00+02:00,success,[],,2026-07-29T07:39:57+02:00,2026-07-29T09:00:00+02:00,BICYCLE,,,,80.05,18362.2,0.0,0.0,0.0,0.0,2026-07-29T18:00:00+02:00,2026-07-29T19:24:33+02:00,BICYCLE,,,,84.55,21010.41,0.0,0.0,0.0,0.0,complete_route,True,0,164.6,39372.61,0.0,0.0,0.0,0.0
MAD-074,Almagro,Chamberí,DEST_003,UC3M Campus de Leganés,CAR,Coche,2026-07-29,2026-07-29T09:00:00+02:00,success,[],,2026-07-29T18:00:00+02:00,success,[],,2026-07-29T08:40:38+02:00,2026-07-29T09:00:00+02:00,CAR,,,,19.366666666666667,15093.32,0.0,0.0,0.0,0.0,2026-07-29T18:00:00+02:00,2026-07-29T18:22:31+02:00,CAR,,,,22.516666666666666,19041.38,0.0,0.0,0.0,0.0,complete_route,True,0,41.88333333333333,34134.7,0.0,0.0,0.0,0.0
MAD-074,Almagro,Chamberí,DEST_003,UC3M Campus de Leganés,TRANSIT,Transporte público,2026-07-29,2026-07-29T09:00:00+02:00,success,[],,2026-07-29T18:00:00+02:00,success,[],,2026-07-29T07:30:00+02:00,2026-07-29T08:56:51+02:00,WALK|BUS,BUS,27|E1|482,Información oficial: Consorcio Regional de Transportes de Madrid|Consorcio Regional de Transportes de Madrid,86.85,16129.28,9.966666666666669,18.05,701.2800000000001,2.0,2026-07-29T18:00:58+02:00,2026-07-29T19:40:12+02:00,WALK|BUS,BUS,480|E1,Consorcio Regional de Transportes de Madrid|Información oficial: Consorcio Regional de Transportes de Madrid,99.23333333333332,19993.24,30.5,13.0,2203.24,1.0,complete_route,True,0,186.08333333333331,36122.520000000004,40.46666666666667,31.05,2904.52,3.0
MAD-074,Almagro,Chamberí,DEST_003,UC3M Campus de Leganés,WALK,A pie,2026-07-29,2026-07-29T09:00:00+02:00,success,[],,2026-07-29T18:00:00+02:00,success,[],,2026-07-29T05:35:14+02:00,2026-07-29T09:00:00+02:00,WALK,,,,204.76666666666668,15638.09,204.76666666666668,0.0,15638.09,0.0,2026-07-29T18:00:00+02:00,2026-07-29T21:24:46+02:00,WALK,,,,204.76666666666668,15638.09,204.76666666666668,0.0,15638.09,0.0,complete_route,True,0,409.53333333333336,31276.18,409.53333333333336,0.0,31276.18,0.0
MAD-075,Ríos Rosas,Chamberí,DEST_003,UC3M Campus de Leganés,BICYCLE,Bicicleta,2026-07-29,2026-07-29T09:00:00+02:00,success,[],,2026-07-29T18:00:00+02:00,success,[],,2026-07-29T07:38:16+02:00,2026-07-29T09:00:00+02:00,BICYCLE,,,,81.73333333333333,19195.88,0.0,0.0,0.0,0.0,2026-07-29T18:00:00+02:00,2026-07-29T19:29:15+02:00,BICYCLE,,,,89.25,22294.55,0.0,0.0,0.0,0.0,complete_route,True,0,170.98333333333335,41490.43,0.0,0.0,0.0,0.0
MAD-075,Ríos Rosas,Chamberí,DEST_003,UC3M Campus de Leganés,CAR,Coche,2026-07-29,2026-07-29T09:00:00+02:00,success,[],,2026-07-29T18:00:00+02:00,success,[],,2026-07-29T08:38:38+02:00,2026-07-29T09:00:00+02:00,CAR,,,,21.366666666666667,16814.63,0.0,0.0,0.0,0.0,2026-07-29T18:00:00+02:00,2026-07-29T18:24:44+02:00,CAR,,,,24.73333333333333,20002.45,0.0,0.0,0.0,0.0,complete_route,True,0,46.099999999999994,36817.08,0.0,0.0,0.0,0.0
MAD-075,Ríos Rosas,Chamberí,DEST_003,UC3M Campus de Leganés,TRANSIT,Transporte público,2026-07-29,2026-07-29T09:00:00+02:00,success,[],,2026-07-29T18:00:00+02:00,success,[],,2026-07-29T07:22:00+02:00,2026-07-29T08:56:51+02:00,WALK|BUS,BUS,27|E1|482,Información oficial: Consorcio Regional de Transportes de Madrid|Consorcio Regional de Transportes de Madrid,94.85,17297.09,12.783333333333331,18.633333333333333,906.09,2.0,2026-07-29T18:00:58+02:00,2026-07-29T19:48:00+02:00,WALK|BUS,BUS,480|E1|27,Consorcio Regional de Transportes de Madrid|Información oficial: Consorcio Regional de Transportes de Madrid,107.03333333333332,21368.17,13.6,22.0,958.17,2.0,complete_route,True,0,201.88333333333333,38665.259999999995,26.383333333333333,40.63333333333333,1864.26,4.0
MAD-075,Ríos Rosas,Chamberí,DEST_003,UC3M Campus de Leganés,WALK,A pie,2026-07-29,2026-07-29T09:00:00+02:00,success,[],,2026-07-29T18:00:00+02:00,success,[],,2026-07-29T05:19:28+02:00,2026-07-29T09:00:00+02:00,WALK,,,,220.53333333333333,16766.14,220.53333333333333,0.0,16766.14,0.0,2026-07-29T18:00:00+02:00,2026-07-29T21:40:32+02:00,WALK,,,,220.53333333333333,16766.14,220.53333333333333,0.0,16766.14,0.0,complete_route,True,0,441.06666666666666,33532.28,441.06666666666666,0.0,33532.28,0.0
MAD-076,Vallehermoso,Chamberí,DEST_003,UC3M Campus de Leganés,BICYCLE,Bicicleta,2026-07-29,2026-07-29T09:00:00+02:00,success,[],,2026-07-29T18:00:00+02:00,success,[],,2026-07-29T07:42:45+02:00,2026-07-29T09:00:00+02:00,BICYCLE,,,,77.25,17874.62,0.0,0.0,0.0,0.0,2026-07-29T18:00:00+02:00,2026-07-29T19:24:20+02:00,BICYCLE,,,,84.33333333333333,20784.39,0.0,0.0,0.0,0.0,complete_route,True,0,161.58333333333331,38659.009999999995,0.0,0.0,0.0,0.0
MAD-076,Vallehermoso,Chamberí,DEST_003,UC3M Campus de Leganés,CAR,Coche,2026-07-29,2026-07-29T09:00:00+02:00,success,[],,2026-07-29T18:00:00+02:00,success,[],,2026-07-29T08:37:30+02:00,2026-07-29T09:00:00+02:00,CAR,,,,22.5,17891.3,0.0,0.0,0.0,0.0,2026-07-29T18:00:00+02:00,2026-07-29T18:22:45+02:00,CAR,,,,22.75,19205.97,0.0,0.0,0.0,0.0,complete_route,True,0,45.25,37097.270000000004,0.0,0.0,0.0,0.0
MAD-076,Vallehermoso,Chamberí,DEST_003,UC3M Campus de Leganés,TRANSIT,Transporte público,2026-07-29,2026-07-29T09:00:00+02:00,success,[],,2026-07-29T18:00:00+02:00,success,[],,2026-07-29T07:12:00+02:00,2026-07-29T08:56:51+02:00,WALK|BUS,BUS,C2|39|482,Información oficial: Consorcio Regional de Transportes de Madrid|Consorcio Regional de Transportes de Madrid,104.85,18308.68,35.31666666666667,18.716666666666665,2517.68,2.0,2026-07-29T18:00:58+02:00,2026-07-29T19:46:15+02:00,WALK|BUS,BUS,493|138,Consorcio Regional de Transportes de Madrid|Información oficial: Consorcio Regional de Transportes de Madrid,105.28333333333332,17702.49,21.1,12.0,1531.4899999999998,1.0,complete_route,True,0,210.13333333333333,36011.17,56.41666666666667,30.716666666666665,4049.1699999999996,3.0
MAD-076,Vallehermoso,Chamberí,DEST_003,UC3M Campus de Leganés,WALK,A pie,2026-07-29,2026-07-29T09:00:00+02:00,success,[],,2026-07-29T18:00:00+02:00,success,[],,2026-07-29T05:20:56+02:00,2026-07-29T09:00:00+02:00,WALK,,,,219.06666666666663,16729.28,219.06666666666663,0.0,16729.28,0.0,2026-07-29T18:00:00+02:00,2026-07-29T21:39:04+02:00,WALK,,,,219.06666666666663,16729.28,219.06666666666663,0.0,16729.28,0.0,complete_route,True,0,438.13333333333327,33458.56,438.13333333333327,0.0,33458.56,0.0
MAD-081,El Pardo,Fuencarral - El Pardo,DEST_003,UC3M Campus de Leganés,BICYCLE,Bicicleta,2026-07-29,2026-07-29T09:00:00+02:00,success,[],,2026-07-29T18:00:00+02:00,success,[],,2026-07-29T07:01:01+02:00,2026-07-29T09:00:00+02:00,BICYCLE,,,,118.98333333333332,32339.77,0.0,0.0,0.0,0.0,2026-07-29T18:00:00+02:00,2026-07-29T20:02:01+02:00,BICYCLE,,,,122.01666666666668,33098.92,0.0,0.0,0.0,0.0,complete_route,True,0,241.0,65438.69,0.0,0.0,0.0,0.0
MAD-081,El Pardo,Fuencarral - El Pardo,DEST_003,UC3M Campus de Leganés,CAR,Coche,2026-07-29,2026-07-29T09:00:00+02:00,success,[],,2026-07-29T18:00:00+02:00,success,[],,2026-07-29T08:22:21+02:00,2026-07-29T09:00:00+02:00,CAR,,,,37.65,31816.05,0.0,0.0,0.0,0.0,2026-07-29T18:00:00+02:00,2026-07-29T18:39:10+02:00,CAR,,,,39.16666666666666,33077.35,0.0,0.0,0.0,0.0,complete_route,True,0,76.81666666666666,64893.399999999994,0.0,0.0,0.0,0.0
MAD-081,El Pardo,Fuencarral - El Pardo,DEST_003,UC3M Campus de Leganés,TRANSIT,Transporte público,2026-07-29,2026-07-29T09:00:00+02:00,no_route,"[{""code"":""NO_STOPS_IN_RANGE"",""description"":""The location was found, but no stops could be found within the search radius."",""inputField"":""FROM""}]",,2026-07-29T18:00:00+02:00,no_route,"[{""code"":""NO_STOPS_IN_RANGE"",""description"":""The location was found, but no stops could be found within the search radius."",""inputField"":""TO""}]",,,,,,,,,,,,,,,,,,,,,,,,,,no_route,False,2,,,,,,
MAD-081,El Pardo,Fuencarral - El Pardo,DEST_003,UC3M Campus de Leganés,WALK,A pie,2026-07-29,2026-07-29T09:00:00+02:00,no_route,"[{""code"":""NO_DIRECT_MODE_CONNECTION"",""description"":""No route found for the requested direct mode. The origin and destination may be too far apart or not connected by the requested mode of transport."",""inputField"":null}]",,2026-07-29T18:00:00+02:00,no_route,"[{""code"":""NO_DIRECT_MODE_CONNECTION"",""description"":""No route found for the requested direct mode. The origin and destination may be too far apart or not connected by the requested mode of transport."",""inputField"":null}]",,,,,,,,,,,,,,,,,,,,,,,,,,no_route,False,2,,,,,,
MAD-082,Fuentelarreina,Fuencarral - El Pardo,DEST_003,UC3M Campus de Leganés,BICYCLE,Bicicleta,2026-07-29,2026-07-29T09:00:00+02:00,success,[],,2026-07-29T18:00:00+02:00,success,[],,2026-07-29T07:31:28+02:00,2026-07-29T09:00:00+02:00,BICYCLE,,,,88.53333333333333,22133.84,0.0,0.0,0.0,0.0,2026-07-29T18:00:00+02:00,2026-07-29T19:32:19+02:00,BICYCLE,,,,92.31666666666666,22912.44,0.0,0.0,0.0,0.0,complete_route,True,0,180.85,45046.28,0.0,0.0,0.0,0.0
MAD-082,Fuentelarreina,Fuencarral - El Pardo,DEST_003,UC3M Campus de Leganés,CAR,Coche,2026-07-29,2026-07-29T09:00:00+02:00,success,[],,2026-07-29T18:00:00+02:00,success,[],,2026-07-29T08:37:23+02:00,2026-07-29T09:00:00+02:00,CAR,,,,22.616666666666667,22579.51,0.0,0.0,0.0,0.0,2026-07-29T18:00:00+02:00,2026-07-29T18:24:07+02:00,CAR,,,,24.116666666666667,28496.24,0.0,0.0,0.0,0.0,complete_route,True,0,46.733333333333334,51075.75,0.0,0.0,0.0,0.0
MAD-082,Fuentelarreina,Fuencarral - El Pardo,DEST_003,UC3M Campus de Leganés,TRANSIT,Transporte público,2026-07-29,2026-07-29T09:00:00+02:00,success,[],,2026-07-29T18:00:00+02:00,success,[],,2026-07-29T06:56:00+02:00,2026-07-29T08:56:51+02:00,WALK|BUS,BUS,133|39|482,Información oficial: Consorcio Regional de Transportes de Madrid|Consorcio Regional de Transportes de Madrid,120.85,24526.31,34.016666666666666,21.4,2451.31,2.0,2026-07-29T18:00:58+02:00,2026-07-29T20:12:22+02:00,WALK|BUS,BUS,493|138|133,Consorcio Regional de Transportes de Madrid|Información oficial: Consorcio Regional de Transportes de Madrid,131.4,23597.49,15.433333333333334,23.0,1187.49,2.0,complete_route,True,0,252.25,48123.8,49.45,44.4,3638.8,4.0
MAD-082,Fuentelarreina,Fuencarral - El Pardo,DEST_003,UC3M Campus de Leganés,WALK,A pie,2026-07-29,2026-07-29T09:00:00+02:00,no_route,"[{""code"":""NO_DIRECT_MODE_CONNECTION"",""description"":""No route found for the requested direct mode. The origin and destination may be too far apart or not connected by the requested mode of transport."",""inputField"":null}]",,2026-07-29T18:00:00+02:00,no_route,"[{""code"":""NO_DIRECT_MODE_CONNECTION"",""description"":""No route found for the requested direct mode. The origin and destination may be too far apart or not connected by the requested mode of transport."",""inputField"":null}]",,,,,,,,,,,,,,,,,,,,,,,,,,no_route,False,2,,,,,,
MAD-083,Peñagrande,Fuencarral - El Pardo,DEST_003,UC3M Campus de Leganés,BICYCLE,Bicicleta,2026-07-29,2026-07-29T09:00:00+02:00,success,[],,2026-07-29T18:00:00+02:00,success,[],,2026-07-29T07:29:01+02:00,2026-07-29T09:00:00+02:00,BICYCLE,,,,90.98333333333332,23052.65,0.0,0.0,0.0,0.0,2026-07-29T18:00:00+02:00,2026-07-29T19:34:16+02:00,BICYCLE,,,,94.26666666666668,23903.86,0.0,0.0,0.0,0.0,complete_route,True,0,185.25,46956.51,0.0,0.0,0.0,0.0
MAD-083,Peñagrande,Fuencarral - El Pardo,DEST_003,UC3M Campus de Leganés,CAR,Coche,2026-07-29,2026-07-29T09:00:00+02:00,success,[],,2026-07-29T18:00:00+02:00,success,[],,2026-07-29T08:36:07+02:00,2026-07-29T09:00:00+02:00,CAR,,,,23.883333333333333,23848.84,0.0,0.0,0.0,0.0,2026-07-29T18:00:00+02:00,2026-07-29T18:24:35+02:00,CAR,,,,24.58333333333333,28627.02,0.0,0.0,0.0,0.0,complete_route,True,0,48.46666666666666,52475.86,0.0,0.0,0.0,0.0
MAD-083,Peñagrande,Fuencarral - El Pardo,DEST_003,UC3M Campus de Leganés,TRANSIT,Transporte público,2026-07-29,2026-07-29T09:00:00+02:00,success,[],,2026-07-29T18:00:00+02:00,success,[],,2026-07-29T06:54:00+02:00,2026-07-29T08:56:51+02:00,WALK|BUS,BUS,133|39|482,Información oficial: Consorcio Regional de Transportes de Madrid|Consorcio Regional de Transportes de Madrid,122.85,25090.92,34.36666666666667,21.1,2407.92,2.0,2026-07-29T18:00:58+02:00,2026-07-29T20:11:50+02:00,WALK|BUS,BUS,493|138|133,Consorcio Regional de Transportes de Madrid|Información oficial: Consorcio Regional de Transportes de Madrid,130.86666666666667,24260.76,10.966666666666669,23.0,808.76,2.0,complete_route,True,0,253.71666666666667,49351.67999999999,45.333333333333336,44.1,3216.6800000000003,4.0
MAD-083,Peñagrande,Fuencarral - El Pardo,DEST_003,UC3M Campus de Leganés,WALK,A pie,2026-07-29,2026-07-29T09:00:00+02:00,no_route,"[{""code"":""NO_DIRECT_MODE_CONNECTION"",""description"":""No route found for the requested direct mode. The origin and destination may be too far apart or not connected by the requested mode of transport."",""inputField"":null}]",,2026-07-29T18:00:00+02:00,no_route,"[{""code"":""NO_DIRECT_MODE_CONNECTION"",""description"":""No route found for the requested direct mode. The origin and destination may be too far apart or not connected by the requested mode of transport."",""inputField"":null}]",,,,,,,,,,,,,,,,,,,,,,,,,,no_route,False,2,,,,,,
MAD-084,Pilar,Fuencarral - El Pardo,DEST_003,UC3M Campus de Leganés,BICYCLE,Bicicleta,2026-07-29,2026-07-29T09:00:00+02:00,success,[],,2026-07-29T18:00:00+02:00,success,[],,2026-07-29T07:21:11+02:00,2026-07-29T09:00:00+02:00,BICYCLE,,,,98.81666666666666,24469.12,0.0,0.0,0.0,0.0,2026-07-29T18:00:00+02:00,2026-07-29T19:43:02+02:00,BICYCLE,,,,103.03333333333332,25421.63,0.0,0.0,0.0,0.0,complete_route,True,0,201.84999999999997,49890.75,0.0,0.0,0.0,0.0
MAD-084,Pilar,Fuencarral - El Pardo,DEST_003,UC3M Campus de Leganés,CAR,Coche,2026-07-29,2026-07-29T09:00:00+02:00,success,[],,2026-07-29T18:00:00+02:00,success,[],,2026-07-29T08:34:52+02:00,2026-07-29T09:00:00+02:00,CAR,,,,25.133333333333333,27444.6,0.0,0.0,0.0,0.0,2026-07-29T18:00:00+02:00,2026-07-29T18:25:23+02:00,CAR,,,,25.383333333333333,27706.13,0.0,0.0,0.0,0.0,complete_route,True,0,50.516666666666666,55150.729999999996,0.0,0.0,0.0,0.0
MAD-084,Pilar,Fuencarral - El Pardo,DEST_003,UC3M Campus de Leganés,TRANSIT,Transporte público,2026-07-29,2026-07-29T09:00:00+02:00,success,[],,2026-07-29T18:00:00+02:00,success,[],,2026-07-29T06:55:55+02:00,2026-07-29T08:56:51+02:00,WALK|BUS,BUS,712|27|E1|482,Consorcio Regional de Transportes de Madrid|Información oficial: Consorcio Regional de Transportes de Madrid,120.93333333333334,22442.4,19.116666666666667,22.133333333333333,1267.4,3.0,2026-07-29T18:00:58+02:00,2026-07-29T20:26:42+02:00,WALK|BUS,BUS,493|138|133,Consorcio Regional de Transportes de Madrid|Información oficial: Consorcio Regional de Transportes de Madrid,145.73333333333332,26278.02,20.85,23.0,1504.02,2.0,complete_route,True,0,266.66666666666663,48720.42,39.96666666666667,45.13333333333333,2771.42,5.0
MAD-084,Pilar,Fuencarral - El Pardo,DEST_003,UC3M Campus de Leganés,WALK,A pie,2026-07-29,2026-07-29T09:00:00+02:00,no_route,"[{""code"":""NO_DIRECT_MODE_CONNECTION"",""description"":""No route found for the requested direct mode. The origin and destination may be too far apart or not connected by the requested mode of transport."",""inputField"":null}]",,2026-07-29T18:00:00+02:00,no_route,"[{""code"":""NO_DIRECT_MODE_CONNECTION"",""description"":""No route found for the requested direct mode. The origin and destination may be too far apart or not connected by the requested mode of transport."",""inputField"":null}]",,,,,,,,,,,,,,,,,,,,,,,,,,no_route,False,2,,,,,,
MAD-085,La Paz,Fuencarral - El Pardo,DEST_003,UC3M Campus de Leganés,BICYCLE,Bicicleta,2026-07-29,2026-07-29T09:00:00+02:00,success,[],,2026-07-29T18:00:00+02:00,success,[],,2026-07-29T07:12:59+02:00,2026-07-29T09:00:00+02:00,BICYCLE,,,,107.01666666666668,26346.64,0.0,0.0,0.0,0.0,2026-07-29T18:00:00+02:00,2026-07-29T19:50:06+02:00,BICYCLE,,,,110.1,27082.77,0.0,0.0,0.0,0.0,complete_route,True,0,217.11666666666667,53429.41,0.0,0.0,0.0,0.0
MAD-085,La Paz,Fuencarral - El Pardo,DEST_003,UC3M Campus de Leganés,CAR,Coche,2026-07-29,2026-07-29T09:00:00+02:00,success,[],,2026-07-29T18:00:00+02:00,success,[],,2026-07-29T08:35:20+02:00,2026-07-29T09:00:00+02:00,CAR,,,,24.666666666666668,26660.16,0.0,0.0,0.0,0.0,2026-07-29T18:00:00+02:00,2026-07-29T18:25:06+02:00,CAR,,,,25.1,26826.99,0.0,0.0,0.0,0.0,complete_route,True,0,49.766666666666666,53487.15,0.0,0.0,0.0,0.0
MAD-085,La Paz,Fuencarral - El Pardo,DEST_003,UC3M Campus de Leganés,TRANSIT,Transporte público,2026-07-29,2026-07-29T09:00:00+02:00,success,[],,2026-07-29T18:00:00+02:00,success,[],,2026-07-29T06:48:50+02:00,2026-07-29T08:56:51+02:00,WALK|BUS,BUS,712|27|E1|482,Consorcio Regional de Transportes de Madrid|Información oficial: Consorcio Regional de Transportes de Madrid,128.01666666666668,23021.34,26.2,22.133333333333333,1846.34,3.0,2026-07-29T18:00:58+02:00,2026-07-29T20:24:57+02:00,WALK|BUS,BUS,480|E1|27|67,Consorcio Regional de Transportes de Madrid|Información oficial: Consorcio Regional de Transportes de Madrid,143.98333333333332,26402.0,7.3,37.0,518.0,3.0,complete_route,True,0,272.0,49423.34,33.5,59.13333333333333,2364.34,6.0
MAD-085,La Paz,Fuencarral - El Pardo,DEST_003,UC3M Campus de Leganés,WALK,A pie,2026-07-29,2026-07-29T09:00:00+02:00,no_route,"[{""code"":""NO_DIRECT_MODE_CONNECTION"",""description"":""No route found for the requested direct mode. The origin and destination may be too far apart or not connected by the requested mode of transport."",""inputField"":null}]",,2026-07-29T18:00:00+02:00,no_route,"[{""code"":""NO_DIRECT_MODE_CONNECTION"",""description"":""No route found for the requested direct mode. The origin and destination may be too far apart or not connected by the requested mode of transport."",""inputField"":null}]",,,,,,,,,,,,,,,,,,,,,,,,,,no_route,False,2,,,,,,
MAD-086,Valverde,Fuencarral - El Pardo,DEST_003,UC3M Campus de Leganés,BICYCLE,Bicicleta,2026-07-29,2026-07-29T09:00:00+02:00,success,[],,2026-07-29T18:00:00+02:00,success,[],,2026-07-29T06:53:38+02:00,2026-07-29T09:00:00+02:00,BICYCLE,,,,126.36666666666666,30906.44,0.0,0.0,0.0,0.0,2026-07-29T18:00:00+02:00,2026-07-29T20:13:25+02:00,BICYCLE,,,,133.41666666666666,31453.9,0.0,0.0,0.0,0.0,complete_route,True,0,259.7833333333333,62360.34,0.0,0.0,0.0,0.0
MAD-086,Valverde,Fuencarral - El Pardo,DEST_003,UC3M Campus de Leganés,CAR,Coche,2026-07-29,2026-07-29T09:00:00+02:00,success,[],,2026-07-29T18:00:00+02:00,success,[],,2026-07-29T08:33:14+02:00,2026-07-29T09:00:00+02:00,CAR,,,,26.766666666666666,28918.8,0.0,0.0,0.0,0.0,2026-07-29T18:00:00+02:00,2026-07-29T18:26:57+02:00,CAR,,,,26.95,27648.37,0.0,0.0,0.0,0.0,complete_route,True,0,53.71666666666667,56567.17,0.0,0.0,0.0,0.0
MAD-086,Valverde,Fuencarral - El Pardo,DEST_003,UC3M Campus de Leganés,TRANSIT,Transporte público,2026-07-29,2026-07-29T09:00:00+02:00,success,[],,2026-07-29T18:00:00+02:00,success,[],,2026-07-29T06:43:33+02:00,2026-07-29T08:56:51+02:00,WALK|BUS,BUS,171|27|E1|482,Consorcio Regional de Transportes de Madrid|Información oficial: Consorcio Regional de Transportes de Madrid,133.3,24584.82,23.45,24.1,1806.82,3.0,2026-07-29T18:03:27+02:00,2026-07-29T20:19:24+02:00,WALK|BUS,BUS,485|E1|27|171,Consorcio Regional de Transportes de Madrid|Información oficial: Consorcio Regional de Transportes de Madrid,135.95,28984.99,27.05,26.75,2111.99,3.0,complete_route,True,0,269.25,53569.81,50.5,50.85,3918.8099999999995,6.0
MAD-086,Valverde,Fuencarral - El Pardo,DEST_003,UC3M Campus de Leganés,WALK,A pie,2026-07-29,2026-07-29T09:00:00+02:00,no_route,"[{""code"":""NO_DIRECT_MODE_CONNECTION"",""description"":""No route found for the requested direct mode. The origin and destination may be too far apart or not connected by the requested mode of transport."",""inputField"":null}]",,2026-07-29T18:00:00+02:00,no_route,"[{""code"":""NO_DIRECT_MODE_CONNECTION"",""description"":""No route found for the requested direct mode. The origin and destination may be too far apart or not connected by the requested mode of transport."",""inputField"":null}]",,,,,,,,,,,,,,,,,,,,,,,,,,no_route,False,2,,,,,,
MAD-087,Mirasierra,Fuencarral - El Pardo,DEST_003,UC3M Campus de Leganés,BICYCLE,Bicicleta,2026-07-29,2026-07-29T09:00:00+02:00,success,[],,2026-07-29T18:00:00+02:00,success,[],,2026-07-29T07:14:33+02:00,2026-07-29T09:00:00+02:00,BICYCLE,,,,105.45,26353.09,0.0,0.0,0.0,0.0,2026-07-29T18:00:00+02:00,2026-07-29T19:47:07+02:00,BICYCLE,,,,107.11666666666666,25765.9,0.0,0.0,0.0,0.0,complete_route,True,0,212.56666666666666,52118.990000000005,0.0,0.0,0.0,0.0
MAD-087,Mirasierra,Fuencarral - El Pardo,DEST_003,UC3M Campus de Leganés,CAR,Coche,2026-07-29,2026-07-29T09:00:00+02:00,success,[],,2026-07-29T18:00:00+02:00,success,[],,2026-07-29T08:33:43+02:00,2026-07-29T09:00:00+02:00,CAR,,,,26.28333333333333,33163.68,0.0,0.0,0.0,0.0,2026-07-29T18:00:00+02:00,2026-07-29T18:23:58+02:00,CAR,,,,23.966666666666665,30188.82,0.0,0.0,0.0,0.0,complete_route,True,0,50.25,63352.5,0.0,0.0,0.0,0.0
MAD-087,Mirasierra,Fuencarral - El Pardo,DEST_003,UC3M Campus de Leganés,TRANSIT,Transporte público,2026-07-29,2026-07-29T09:00:00+02:00,success,[],,2026-07-29T18:00:00+02:00,success,[],,2026-07-29T06:39:28+02:00,2026-07-29T08:56:51+02:00,WALK|BUS,BUS,712|27|E1|482,Consorcio Regional de Transportes de Madrid|Información oficial: Consorcio Regional de Transportes de Madrid,137.38333333333333,26254.95,31.116666666666667,22.133333333333333,2284.95,3.0,2026-07-29T18:00:58+02:00,2026-07-29T20:40:43+02:00,WALK|BUS,BUS,493|138|133,Consorcio Regional de Transportes de Madrid|Información oficial: Consorcio Regional de Transportes de Madrid,159.75,30084.98,21.15,23.0,1657.98,2.0,complete_route,True,0,297.1333333333333,56339.93,52.266666666666666,45.13333333333333,3942.93,5.0
MAD-087,Mirasierra,Fuencarral - El Pardo,DEST_003,UC3M Campus de Leganés,WALK,A pie,2026-07-29,2026-07-29T09:00:00+02:00,no_route,"[{""code"":""NO_DIRECT_MODE_CONNECTION"",""description"":""No route found for the requested direct mode. The origin and destination may be too far apart or not connected by the requested mode of transport."",""inputField"":null}]",,2026-07-29T18:00:00+02:00,no_route,"[{""code"":""NO_DIRECT_MODE_CONNECTION"",""description"":""No route found for the requested direct mode. The origin and destination may be too far apart or not connected by the requested mode of transport."",""inputField"":null}]",,,,,,,,,,,,,,,,,,,,,,,,,,no_route,False,2,,,,,,
MAD-088,El Goloso,Fuencarral - El Pardo,DEST_003,UC3M Campus de Leganés,BICYCLE,Bicicleta,2026-07-29,2026-07-29T09:00:00+02:00,success,[],,2026-07-29T18:00:00+02:00,success,[],,2026-07-29T06:49:51+02:00,2026-07-29T09:00:00+02:00,BICYCLE,,,,130.15,32699.18,0.0,0.0,0.0,0.0,2026-07-29T18:00:00+02:00,2026-07-29T20:17:50+02:00,BICYCLE,,,,137.83333333333334,33442.19,0.0,0.0,0.0,0.0,complete_route,True,0,267.98333333333335,66141.37,0.0,0.0,0.0,0.0
MAD-088,El Goloso,Fuencarral - El Pardo,DEST_003,UC3M Campus de Leganés,CAR,Coche,2026-07-29,2026-07-29T09:00:00+02:00,success,[],,2026-07-29T18:00:00+02:00,success,[],,2026-07-29T08:31:19+02:00,2026-07-29T09:00:00+02:00,CAR,,,,28.683333333333334,37152.49,0.0,0.0,0.0,0.0,2026-07-29T18:00:00+02:00,2026-07-29T18:29:10+02:00,CAR,,,,29.166666666666668,36203.39,0.0,0.0,0.0,0.0,complete_route,True,0,57.85,73355.88,0.0,0.0,0.0,0.0
MAD-088,El Goloso,Fuencarral - El Pardo,DEST_003,UC3M Campus de Leganés,TRANSIT,Transporte público,2026-07-29,2026-07-29T09:00:00+02:00,success,[],,2026-07-29T18:00:00+02:00,success,[],,2026-07-29T06:39:36+02:00,2026-07-29T08:56:51+02:00,WALK|BUS,BUS,712|27|E1|482,Consorcio Regional de Transportes de Madrid|Información oficial: Consorcio Regional de Transportes de Madrid,137.25,30323.05,23.55,22.133333333333333,1679.0499999999995,3.0,2026-07-29T18:03:27+02:00,2026-07-29T20:29:04+02:00,WALK|BUS,BUS,485|E1|27|712,Consorcio Regional de Transportes de Madrid|Información oficial: Consorcio Regional de Transportes de Madrid,145.61666666666667,33987.96,18.65,30.03333333333333,1319.96,3.0,complete_route,True,0,282.8666666666667,64311.009999999995,42.2,52.166666666666664,2999.0099999999993,6.0
MAD-088,El Goloso,Fuencarral - El Pardo,DEST_003,UC3M Campus de Leganés,WALK,A pie,2026-07-29,2026-07-29T09:00:00+02:00,no_route,"[{""code"":""NO_DIRECT_MODE_CONNECTION"",""description"":""No route found for the requested direct mode. The origin and destination may be too far apart or not connected by the requested mode of transport."",""inputField"":null}]",,2026-07-29T18:00:00+02:00,no_route,"[{""code"":""NO_DIRECT_MODE_CONNECTION"",""description"":""No route found for the requested direct mode. The origin and destination may be too far apart or not connected by the requested mode of transport."",""inputField"":null}]",,,,,,,,,,,,,,,,,,,,,,,,,,no_route,False,2,,,,,,
MAD-091,Casa de Campo,Moncloa - Aravaca,DEST_003,UC3M Campus de Leganés,BICYCLE,Bicicleta,2026-07-29,2026-07-29T09:00:00+02:00,success,[],,2026-07-29T18:00:00+02:00,success,[],,2026-07-29T08:05:44+02:00,2026-07-29T09:00:00+02:00,BICYCLE,,,,54.266666666666666,13785.64,0.0,0.0,0.0,0.0,2026-07-29T18:00:00+02:00,2026-07-29T18:57:58+02:00,BICYCLE,,,,57.96666666666667,14501.48,0.0,0.0,0.0,0.0,complete_route,True,0,112.23333333333333,28287.12,0.0,0.0,0.0,0.0
MAD-091,Casa de Campo,Moncloa - Aravaca,DEST_003,UC3M Campus de Leganés,CAR,Coche,2026-07-29,2026-07-29T09:00:00+02:00,no_route,"[{""code"":""NO_DIRECT_MODE_CONNECTION"",""description"":""No route found for the requested direct mode. The origin and destination may be too far apart or not connected by the requested mode of transport."",""inputField"":null}]",,2026-07-29T18:00:00+02:00,no_route,"[{""code"":""NO_DIRECT_MODE_CONNECTION"",""description"":""No route found for the requested direct mode. The origin and destination may be too far apart or not connected by the requested mode of transport."",""inputField"":null}]",,,,,,,,,,,,,,,,,,,,,,,,,,no_route,False,2,,,,,,
MAD-091,Casa de Campo,Moncloa - Aravaca,DEST_003,UC3M Campus de Leganés,TRANSIT,Transporte público,2026-07-29,2026-07-29T09:00:00+02:00,success,[],,2026-07-29T18:00:00+02:00,success,[],,2026-07-29T07:18:00+02:00,2026-07-29T08:56:51+02:00,WALK|BUS,BUS,39|482,Información oficial: Consorcio Regional de Transportes de Madrid|Consorcio Regional de Transportes de Madrid,98.85,15186.77,53.66666666666666,11.666666666666666,3973.77,1.0,2026-07-29T18:00:58+02:00,2026-07-29T19:44:31+02:00,WALK|BUS,BUS,493|138,Consorcio Regional de Transportes de Madrid|Información oficial: Consorcio Regional de Transportes de Madrid,103.55,15113.37,41.45,12.0,3126.37,1.0,complete_route,True,0,202.39999999999998,30300.14,95.11666666666666,23.666666666666664,7100.139999999999,2.0
MAD-091,Casa de Campo,Moncloa - Aravaca,DEST_003,UC3M Campus de Leganés,WALK,A pie,2026-07-29,2026-07-29T09:00:00+02:00,success,[],,2026-07-29T18:00:00+02:00,success,[],,2026-07-29T06:04:20+02:00,2026-07-29T09:00:00+02:00,WALK,,,,175.66666666666666,13684.16,175.66666666666666,0.0,13684.16,0.0,2026-07-29T18:00:00+02:00,2026-07-29T20:55:37+02:00,WALK,,,,175.61666666666667,13684.16,175.61666666666667,0.0,13684.16,0.0,complete_route,True,0,351.2833333333333,27368.32,351.2833333333333,0.0,27368.32,0.0
MAD-092,Argüelles,Moncloa - Aravaca,DEST_003,UC3M Campus de Leganés,BICYCLE,Bicicleta,2026-07-29,2026-07-29T09:00:00+02:00,success,[],,2026-07-29T18:00:00+02:00,success,[],,2026-07-29T07:54:16+02:00,2026-07-29T09:00:00+02:00,BICYCLE,,,,65.73333333333333,15875.84,0.0,0.0,0.0,0.0,2026-07-29T18:00:00+02:00,2026-07-29T19:15:19+02:00,BICYCLE,,,,75.31666666666666,19438.21,0.0,0.0,0.0,0.0,complete_route,True,0,141.05,35314.05,0.0,0.0,0.0,0.0
MAD-092,Argüelles,Moncloa - Aravaca,DEST_003,UC3M Campus de Leganés,CAR,Coche,2026-07-29,2026-07-29T09:00:00+02:00,success,[],,2026-07-29T18:00:00+02:00,success,[],,2026-07-29T08:41:49+02:00,2026-07-29T09:00:00+02:00,CAR,,,,18.183333333333334,16051.62,0.0,0.0,0.0,0.0,2026-07-29T18:00:00+02:00,2026-07-29T18:19:48+02:00,CAR,,,,19.8,17129.08,0.0,0.0,0.0,0.0,complete_route,True,0,37.983333333333334,33180.700000000004,0.0,0.0,0.0,0.0
MAD-092,Argüelles,Moncloa - Aravaca,DEST_003,UC3M Campus de Leganés,TRANSIT,Transporte público,2026-07-29,2026-07-29T09:00:00+02:00,success,[],,2026-07-29T18:00:00+02:00,success,[],,2026-07-29T07:33:00+02:00,2026-07-29T08:56:51+02:00,WALK|BUS,BUS,39|482,Información oficial: Consorcio Regional de Transportes de Madrid|Consorcio Regional de Transportes de Madrid,83.85,16004.16,33.833333333333336,11.566666666666666,2498.16,1.0,2026-07-29T18:00:58+02:00,2026-07-29T19:33:00+02:00,WALK|BUS,BUS,493|138,Consorcio Regional de Transportes de Madrid|Información oficial: Consorcio Regional de Transportes de Madrid,92.03333333333332,15891.06,15.033333333333331,12.0,1086.06,1.0,complete_route,True,0,175.88333333333333,31895.22,48.86666666666667,23.566666666666666,3584.22,2.0
MAD-092,Argüelles,Moncloa - Aravaca,DEST_003,UC3M Campus de Leganés,WALK,A pie,2026-07-29,2026-07-29T09:00:00+02:00,success,[],,2026-07-29T18:00:00+02:00,success,[],,2026-07-29T05:48:23+02:00,2026-07-29T09:00:00+02:00,WALK,,,,191.61666666666667,14793.53,191.61666666666667,0.0,14793.53,0.0,2026-07-29T18:00:00+02:00,2026-07-29T21:11:37+02:00,WALK,,,,191.61666666666667,14793.53,191.61666666666667,0.0,14793.53,0.0,complete_route,True,0,383.23333333333335,29587.06,383.23333333333335,0.0,29587.06,0.0
MAD-093,Ciudad Universitaria,Moncloa - Aravaca,DEST_003,UC3M Campus de Leganés,BICYCLE,Bicicleta,2026-07-29,2026-07-29T09:00:00+02:00,success,[],,2026-07-29T18:00:00+02:00,success,[],,2026-07-29T07:32:43+02:00,2026-07-29T09:00:00+02:00,BICYCLE,,,,87.28333333333333,21627.51,0.0,0.0,0.0,0.0,2026-07-29T18:00:00+02:00,2026-07-29T19:32:14+02:00,BICYCLE,,,,92.23333333333332,21918.1,0.0,0.0,0.0,0.0,complete_route,True,0,179.51666666666665,43545.61,0.0,0.0,0.0,0.0
MAD-093,Ciudad Universitaria,Moncloa - Aravaca,DEST_003,UC3M Campus de Leganés,CAR,Coche,2026-07-29,2026-07-29T09:00:00+02:00,no_route,"[{""code"":""NO_DIRECT_MODE_CONNECTION"",""description"":""No route found for the requested direct mode. The origin and destination may be too far apart or not connected by the requested mode of transport."",""inputField"":null}]",,2026-07-29T18:00:00+02:00,no_route,"[{""code"":""NO_DIRECT_MODE_CONNECTION"",""description"":""No route found for the requested direct mode. The origin and destination may be too far apart or not connected by the requested mode of transport."",""inputField"":null}]",,,,,,,,,,,,,,,,,,,,,,,,,,no_route,False,2,,,,,,
MAD-093,Ciudad Universitaria,Moncloa - Aravaca,DEST_003,UC3M Campus de Leganés,TRANSIT,Transporte público,2026-07-29,2026-07-29T09:00:00+02:00,success,[],,2026-07-29T18:00:00+02:00,success,[],,2026-07-29T06:49:00+02:00,2026-07-29T08:56:51+02:00,WALK|BUS,BUS,133|39|482,Información oficial: Consorcio Regional de Transportes de Madrid|Consorcio Regional de Transportes de Madrid,127.85,21396.24,56.43333333333333,21.45,4160.24,2.0,2026-07-29T18:11:02+02:00,2026-07-29T20:06:48+02:00,WALK|BUS,BUS,482|561|560|656|629,Consorcio Regional de Transportes de Madrid,115.76666666666668,27067.55,31.65,17.75,2425.55,4.0,complete_route,True,0,243.61666666666667,48463.79,88.08333333333333,39.2,6585.79,6.0
MAD-093,Ciudad Universitaria,Moncloa - Aravaca,DEST_003,UC3M Campus de Leganés,WALK,A pie,2026-07-29,2026-07-29T09:00:00+02:00,no_route,"[{""code"":""NO_DIRECT_MODE_CONNECTION"",""description"":""No route found for the requested direct mode. The origin and destination may be too far apart or not connected by the requested mode of transport."",""inputField"":null}]",,2026-07-29T18:00:00+02:00,no_route,"[{""code"":""NO_DIRECT_MODE_CONNECTION"",""description"":""No route found for the requested direct mode. The origin and destination may be too far apart or not connected by the requested mode of transport."",""inputField"":null}]",,,,,,,,,,,,,,,,,,,,,,,,,,no_route,False,2,,,,,,
MAD-094,Valdezarza,Moncloa - Aravaca,DEST_003,UC3M Campus de Leganés,BICYCLE,Bicicleta,2026-07-29,2026-07-29T09:00:00+02:00,success,[],,2026-07-29T18:00:00+02:00,success,[],,2026-07-29T07:31:21+02:00,2026-07-29T09:00:00+02:00,BICYCLE,,,,88.65,22936.17,0.0,0.0,0.0,0.0,2026-07-29T18:00:00+02:00,2026-07-29T19:31:46+02:00,BICYCLE,,,,91.76666666666668,22583.88,0.0,0.0,0.0,0.0,complete_route,True,0,180.41666666666669,45520.05,0.0,0.0,0.0,0.0
MAD-094,Valdezarza,Moncloa - Aravaca,DEST_003,UC3M Campus de Leganés,CAR,Coche,2026-07-29,2026-07-29T09:00:00+02:00,success,[],,2026-07-29T18:00:00+02:00,success,[],,2026-07-29T08:35:25+02:00,2026-07-29T09:00:00+02:00,CAR,,,,24.58333333333333,22830.67,0.0,0.0,0.0,0.0,2026-07-29T18:00:00+02:00,2026-07-29T18:26:44+02:00,CAR,,,,26.73333333333333,29900.26,0.0,0.0,0.0,0.0,complete_route,True,0,51.31666666666666,52730.92999999999,0.0,0.0,0.0,0.0
MAD-094,Valdezarza,Moncloa - Aravaca,DEST_003,UC3M Campus de Leganés,TRANSIT,Transporte público,2026-07-29,2026-07-29T09:00:00+02:00,success,[],,2026-07-29T18:00:00+02:00,success,[],,2026-07-29T06:51:00+02:00,2026-07-29T08:56:51+02:00,WALK|BUS,BUS,126|27|E1|482,Información oficial: Consorcio Regional de Transportes de Madrid|Consorcio Regional de Transportes de Madrid,125.85,21924.83,9.066666666666666,32.5,627.83,3.0,2026-07-29T18:00:58+02:00,2026-07-29T20:13:56+02:00,WALK|BUS,BUS,493|138|82,Consorcio Regional de Transportes de Madrid|Información oficial: Consorcio Regional de Transportes de Madrid,132.96666666666667,21980.94,20.216666666666665,24.0,1482.94,2.0,complete_route,True,0,258.81666666666666,43905.770000000004,29.28333333333333,56.5,2110.77,5.0
MAD-094,Valdezarza,Moncloa - Aravaca,DEST_003,UC3M Campus de Leganés,WALK,A pie,2026-07-29,2026-07-29T09:00:00+02:00,no_route,"[{""code"":""NO_DIRECT_MODE_CONNECTION"",""description"":""No route found for the requested direct mode. The origin and destination may be too far apart or not connected by the requested mode of transport."",""inputField"":null}]",,2026-07-29T18:00:00+02:00,no_route,"[{""code"":""NO_DIRECT_MODE_CONNECTION"",""description"":""No route found for the requested direct mode. The origin and destination may be too far apart or not connected by the requested mode of transport."",""inputField"":null}]",,,,,,,,,,,,,,,,,,,,,,,,,,no_route,False,2,,,,,,
MAD-095,Valdemarín,Moncloa - Aravaca,DEST_003,UC3M Campus de Leganés,BICYCLE,Bicicleta,2026-07-29,2026-07-29T09:00:00+02:00,success,[],,2026-07-29T18:00:00+02:00,success,[],,2026-07-29T07:30:35+02:00,2026-07-29T09:00:00+02:00,BICYCLE,,,,89.41666666666667,23391.03,0.0,0.0,0.0,0.0,2026-07-29T18:00:00+02:00,2026-07-29T19:31:14+02:00,BICYCLE,,,,91.23333333333332,23999.84,0.0,0.0,0.0,0.0,complete_route,True,0,180.64999999999998,47390.869999999995,0.0,0.0,0.0,0.0
MAD-095,Valdemarín,Moncloa - Aravaca,DEST_003,UC3M Campus de Leganés,CAR,Coche,2026-07-29,2026-07-29T09:00:00+02:00,success,[],,2026-07-29T18:00:00+02:00,success,[],,2026-07-29T08:39:51+02:00,2026-07-29T09:00:00+02:00,CAR,,,,20.15,24714.01,0.0,0.0,0.0,0.0,2026-07-29T18:00:00+02:00,2026-07-29T18:20:00+02:00,CAR,,,,20.0,23339.37,0.0,0.0,0.0,0.0,complete_route,True,0,40.15,48053.38,0.0,0.0,0.0,0.0
MAD-095,Valdemarín,Moncloa - Aravaca,DEST_003,UC3M Campus de Leganés,TRANSIT,Transporte público,2026-07-29,2026-07-29T09:00:00+02:00,success,[],,2026-07-29T18:00:00+02:00,success,[],,2026-07-29T07:20:00+02:00,2026-07-29T08:56:51+02:00,WALK|BUS|TRAM,BUS|TRAM,161|ML2|574|482,Información oficial: Consorcio Regional de Transportes de Madrid|Consorcio Regional de Transportes de Madrid,96.85,22511.15,10.966666666666669,22.883333333333333,717.15,3.0,2026-07-29T18:11:02+02:00,2026-07-29T19:40:20+02:00,WALK|BUS,BUS,482|561|560|656,Consorcio Regional de Transportes de Madrid,89.3,20916.0,15.083333333333334,15.266666666666667,1184.0,3.0,complete_route,True,0,186.14999999999998,43427.15,26.050000000000004,38.15,1901.15,6.0
MAD-095,Valdemarín,Moncloa - Aravaca,DEST_003,UC3M Campus de Leganés,WALK,A pie,2026-07-29,2026-07-29T09:00:00+02:00,no_route,"[{""code"":""NO_DIRECT_MODE_CONNECTION"",""description"":""No route found for the requested direct mode. The origin and destination may be too far apart or not connected by the requested mode of transport."",""inputField"":null}]",,2026-07-29T18:00:00+02:00,no_route,"[{""code"":""NO_DIRECT_MODE_CONNECTION"",""description"":""No route found for the requested direct mode. The origin and destination may be too far apart or not connected by the requested mode of transport."",""inputField"":null}]",,,,,,,,,,,,,,,,,,,,,,,,,,no_route,False,2,,,,,,
MAD-096,El Plantío,Moncloa - Aravaca,DEST_003,UC3M Campus de Leganés,BICYCLE,Bicicleta,2026-07-29,2026-07-29T09:00:00+02:00,success,[],,2026-07-29T18:00:00+02:00,success,[],,2026-07-29T07:31:31+02:00,2026-07-29T09:00:00+02:00,BICYCLE,,,,88.48333333333333,22496.39,0.0,0.0,0.0,0.0,2026-07-29T18:00:00+02:00,2026-07-29T19:31:37+02:00,BICYCLE,,,,91.61666666666666,22902.39,0.0,0.0,0.0,0.0,complete_route,True,0,180.1,45398.78,0.0,0.0,0.0,0.0
MAD-096,El Plantío,Moncloa - Aravaca,DEST_003,UC3M Campus de Leganés,CAR,Coche,2026-07-29,2026-07-29T09:00:00+02:00,success,[],,2026-07-29T18:00:00+02:00,success,[],,2026-07-29T08:39:54+02:00,2026-07-29T09:00:00+02:00,CAR,,,,20.1,23141.64,0.0,0.0,0.0,0.0,2026-07-29T18:00:00+02:00,2026-07-29T18:19:43+02:00,CAR,,,,19.716666666666665,21872.27,0.0,0.0,0.0,0.0,complete_route,True,0,39.81666666666666,45013.91,0.0,0.0,0.0,0.0
MAD-096,El Plantío,Moncloa - Aravaca,DEST_003,UC3M Campus de Leganés,TRANSIT,Transporte público,2026-07-29,2026-07-29T09:00:00+02:00,success,[],,2026-07-29T18:00:00+02:00,success,[],,2026-07-29T07:01:55+02:00,2026-07-29T08:49:27+02:00,WALK|BUS,BUS,563|485,Consorcio Regional de Transportes de Madrid,107.53333333333332,29452.56,18.95,5.0,1471.56,1.0,2026-07-29T18:11:02+02:00,2026-07-29T19:46:09+02:00,WALK|BUS,BUS,482|561|654,Consorcio Regional de Transportes de Madrid,95.11666666666666,27418.9,2.566666666666667,8.2,190.9,2.0,complete_route,True,0,202.64999999999998,56871.46000000001,21.516666666666666,13.2,1662.46,3.0
MAD-096,El Plantío,Moncloa - Aravaca,DEST_003,UC3M Campus de Leganés,WALK,A pie,2026-07-29,2026-07-29T09:00:00+02:00,no_route,"[{""code"":""NO_DIRECT_MODE_CONNECTION"",""description"":""No route found for the requested direct mode. The origin and destination may be too far apart or not connected by the requested mode of transport."",""inputField"":null}]",,2026-07-29T18:00:00+02:00,no_route,"[{""code"":""NO_DIRECT_MODE_CONNECTION"",""description"":""No route found for the requested direct mode. The origin and destination may be too far apart or not connected by the requested mode of transport."",""inputField"":null}]",,,,,,,,,,,,,,,,,,,,,,,,,,no_route,False,2,,,,,,
MAD-097,Aravaca,Moncloa - Aravaca,DEST_003,UC3M Campus de Leganés,BICYCLE,Bicicleta,2026-07-29,2026-07-29T09:00:00+02:00,success,[],,2026-07-29T18:00:00+02:00,success,[],,2026-07-29T07:48:25+02:00,2026-07-29T09:00:00+02:00,BICYCLE,,,,71.58333333333333,18103.61,0.0,0.0,0.0,0.0,2026-07-29T18:00:00+02:00,2026-07-29T19:15:17+02:00,BICYCLE,,,,75.28333333333333,18736.92,0.0,0.0,0.0,0.0,complete_route,True,0,146.86666666666667,36840.53,0.0,0.0,0.0,0.0
MAD-097,Aravaca,Moncloa - Aravaca,DEST_003,UC3M Campus de Leganés,CAR,Coche,2026-07-29,2026-07-29T09:00:00+02:00,success,[],,2026-07-29T18:00:00+02:00,success,[],,2026-07-29T08:39:03+02:00,2026-07-29T09:00:00+02:00,CAR,,,,20.95,20639.49,0.0,0.0,0.0,0.0,2026-07-29T18:00:00+02:00,2026-07-29T18:20:57+02:00,CAR,,,,20.95,24933.51,0.0,0.0,0.0,0.0,complete_route,True,0,41.9,45573.0,0.0,0.0,0.0,0.0
MAD-097,Aravaca,Moncloa - Aravaca,DEST_003,UC3M Campus de Leganés,TRANSIT,Transporte público,2026-07-29,2026-07-29T09:00:00+02:00,success,[],,2026-07-29T18:00:00+02:00,success,[],,2026-07-29T07:27:31+02:00,2026-07-29T08:56:51+02:00,WALK|TRAM|BUS,TRAM|BUS,ML2|574|482,Consorcio Regional de Transportes de Madrid,89.33333333333333,19911.26,26.98333333333333,11.116666666666667,1901.26,2.0,2026-07-29T18:11:02+02:00,2026-07-29T19:31:03+02:00,WALK|BUS,BUS,482|561|658,Consorcio Regional de Transportes de Madrid,80.01666666666667,21145.97,6.466666666666667,10.25,470.97,2.0,complete_route,True,0,169.35,41057.229999999996,33.449999999999996,21.366666666666667,2372.23,4.0
MAD-097,Aravaca,Moncloa - Aravaca,DEST_003,UC3M Campus de Leganés,WALK,A pie,2026-07-29,2026-07-29T09:00:00+02:00,success,[],,2026-07-29T18:00:00+02:00,success,[],,2026-07-29T05:12:16+02:00,2026-07-29T09:00:00+02:00,WALK,,,,227.7333333333333,17759.21,227.7333333333333,0.0,17759.21,0.0,2026-07-29T18:00:00+02:00,2026-07-29T21:47:41+02:00,WALK,,,,227.6833333333333,17759.21,227.6833333333333,0.0,17759.21,0.0,complete_route,True,0,455.41666666666663,35518.42,455.41666666666663,0.0,35518.42,0.0
MAD-101,Los Cármenes,Latina,DEST_003,UC3M Campus de Leganés,BICYCLE,Bicicleta,2026-07-29,2026-07-29T09:00:00+02:00,success,[],,2026-07-29T18:00:00+02:00,success,[],,2026-07-29T08:13:33+02:00,2026-07-29T09:00:00+02:00,BICYCLE,,,,46.45,11435.86,0.0,0.0,0.0,0.0,2026-07-29T18:00:00+02:00,2026-07-29T18:49:09+02:00,BICYCLE,,,,49.15,12044.3,0.0,0.0,0.0,0.0,complete_route,True,0,95.6,23480.16,0.0,0.0,0.0,0.0
MAD-101,Los Cármenes,Latina,DEST_003,UC3M Campus de Leganés,CAR,Coche,2026-07-29,2026-07-29T09:00:00+02:00,success,[],,2026-07-29T18:00:00+02:00,success,[],,2026-07-29T08:43:40+02:00,2026-07-29T09:00:00+02:00,CAR,,,,16.333333333333332,9678.12,0.0,0.0,0.0,0.0,2026-07-29T18:00:00+02:00,2026-07-29T18:17:05+02:00,CAR,,,,17.083333333333332,9951.24,0.0,0.0,0.0,0.0,complete_route,True,0,33.416666666666664,19629.36,0.0,0.0,0.0,0.0
MAD-101,Los Cármenes,Latina,DEST_003,UC3M Campus de Leganés,TRANSIT,Transporte público,2026-07-29,2026-07-29T09:00:00+02:00,success,[],,2026-07-29T18:00:00+02:00,success,[],,2026-07-29T07:55:50+02:00,2026-07-29T08:47:11+02:00,WALK|BUS,BUS,486|491,Consorcio Regional de Transportes de Madrid,51.35,9746.72,26.75,3.966666666666667,2066.7200000000003,1.0,2026-07-29T18:00:58+02:00,2026-07-29T19:00:18+02:00,WALK|BUS,BUS,493|486,Consorcio Regional de Transportes de Madrid,59.333333333333336,9810.45,29.8,5.033333333333333,2298.45,1.0,complete_route,True,0,110.68333333333334,19557.17,56.55,9.0,4365.17,2.0
MAD-101,Los Cármenes,Latina,DEST_003,UC3M Campus de Leganés,WALK,A pie,2026-07-29,2026-07-29T09:00:00+02:00,success,[],,2026-07-29T18:00:00+02:00,success,[],,2026-07-29T06:44:53+02:00,2026-07-29T09:00:00+02:00,WALK,,,,135.11666666666667,10514.92,135.11666666666667,0.0,10514.92,0.0,2026-07-29T18:00:00+02:00,2026-07-29T20:15:07+02:00,WALK,,,,135.11666666666667,10514.92,135.11666666666667,0.0,10514.92,0.0,complete_route,True,0,270.23333333333335,21029.84,270.23333333333335,0.0,21029.84,0.0
MAD-102,Puerta del Ángel,Latina,DEST_003,UC3M Campus de Leganés,BICYCLE,Bicicleta,2026-07-29,2026-07-29T09:00:00+02:00,success,[],,2026-07-29T18:00:00+02:00,success,[],,2026-07-29T08:06:00+02:00,2026-07-29T09:00:00+02:00,BICYCLE,,,,54.0,13281.02,0.0,0.0,0.0,0.0,2026-07-29T18:00:00+02:00,2026-07-29T18:55:41+02:00,BICYCLE,,,,55.68333333333333,13524.47,0.0,0.0,0.0,0.0,complete_route,True,0,109.68333333333334,26805.489999999998,0.0,0.0,0.0,0.0
MAD-102,Puerta del Ángel,Latina,DEST_003,UC3M Campus de Leganés,CAR,Coche,2026-07-29,2026-07-29T09:00:00+02:00,success,[],,2026-07-29T18:00:00+02:00,success,[],,2026-07-29T08:43:09+02:00,2026-07-29T09:00:00+02:00,CAR,,,,16.85,14364.5,0.0,0.0,0.0,0.0,2026-07-29T18:00:00+02:00,2026-07-29T18:18:27+02:00,CAR,,,,18.45,11168.16,0.0,0.0,0.0,0.0,complete_route,True,0,35.3,25532.66,0.0,0.0,0.0,0.0
MAD-102,Puerta del Ángel,Latina,DEST_003,UC3M Campus de Leganés,TRANSIT,Transporte público,2026-07-29,2026-07-29T09:00:00+02:00,success,[],,2026-07-29T18:00:00+02:00,success,[],,2026-07-29T07:44:00+02:00,2026-07-29T08:56:51+02:00,WALK|BUS,BUS,138|482,Información oficial: Consorcio Regional de Transportes de Madrid|Consorcio Regional de Transportes de Madrid,72.85,12449.9,12.916666666666666,12.983333333333333,922.9,1.0,2026-07-29T18:00:58+02:00,2026-07-29T19:15:18+02:00,WALK|BUS,BUS,493|486,Consorcio Regional de Transportes de Madrid,74.33333333333333,10948.31,44.8,5.033333333333333,3436.31,1.0,complete_route,True,0,147.18333333333334,23398.21,57.71666666666666,18.016666666666666,4359.21,2.0
MAD-102,Puerta del Ángel,Latina,DEST_003,UC3M Campus de Leganés,WALK,A pie,2026-07-29,2026-07-29T09:00:00+02:00,success,[],,2026-07-29T18:00:00+02:00,success,[],,2026-07-29T06:29:53+02:00,2026-07-29T09:00:00+02:00,WALK,,,,150.11666666666667,11652.78,150.11666666666667,0.0,11652.78,0.0,2026-07-29T18:00:00+02:00,2026-07-29T20:30:07+02:00,WALK,,,,150.11666666666667,11652.78,150.11666666666667,0.0,11652.78,0.0,complete_route,True,0,300.23333333333335,23305.56,300.23333333333335,0.0,23305.56,0.0
MAD-103,Lucero,Latina,DEST_003,UC3M Campus de Leganés,BICYCLE,Bicicleta,2026-07-29,2026-07-29T09:00:00+02:00,success,[],,2026-07-29T18:00:00+02:00,success,[],,2026-07-29T08:15:48+02:00,2026-07-29T09:00:00+02:00,BICYCLE,,,,44.2,10315.38,0.0,0.0,0.0,0.0,2026-07-29T18:00:00+02:00,2026-07-29T18:47:24+02:00,BICYCLE,,,,47.4,10936.87,0.0,0.0,0.0,0.0,complete_route,True,0,91.6,21252.25,0.0,0.0,0.0,0.0
MAD-103,Lucero,Latina,DEST_003,UC3M Campus de Leganés,CAR,Coche,2026-07-29,2026-07-29T09:00:00+02:00,success,[],,2026-07-29T18:00:00+02:00,success,[],,2026-07-29T08:43:34+02:00,2026-07-29T09:00:00+02:00,CAR,,,,16.433333333333334,9696.38,0.0,0.0,0.0,0.0,2026-07-29T18:00:00+02:00,2026-07-29T18:18:04+02:00,CAR,,,,18.066666666666663,10438.8,0.0,0.0,0.0,0.0,complete_route,True,0,34.5,20135.18,0.0,0.0,0.0,0.0
MAD-103,Lucero,Latina,DEST_003,UC3M Campus de Leganés,TRANSIT,Transporte público,2026-07-29,2026-07-29T09:00:00+02:00,success,[],,2026-07-29T18:00:00+02:00,success,[],,2026-07-29T08:02:00+02:00,2026-07-29T08:56:51+02:00,WALK|BUS,BUS,138|482,Información oficial: Consorcio Regional de Transportes de Madrid|Consorcio Regional de Transportes de Madrid,54.85,10114.5,5.583333333333333,12.116666666666667,364.5,1.0,2026-07-29T18:00:58+02:00,2026-07-29T18:58:48+02:00,WALK|BUS,BUS,493|138,Consorcio Regional de Transportes de Madrid|Información oficial: Consorcio Regional de Transportes de Madrid,57.833333333333336,9862.14,11.15,12.0,794.1399999999999,1.0,complete_route,True,0,112.68333333333334,19976.64,16.733333333333334,24.116666666666667,1158.6399999999999,2.0
MAD-103,Lucero,Latina,DEST_003,UC3M Campus de Leganés,WALK,A pie,2026-07-29,2026-07-29T09:00:00+02:00,success,[],,2026-07-29T18:00:00+02:00,success,[],,2026-07-29T06:50:21+02:00,2026-07-29T09:00:00+02:00,WALK,,,,129.65,9973.14,129.65,0.0,9973.14,0.0,2026-07-29T18:00:00+02:00,2026-07-29T20:09:39+02:00,WALK,,,,129.65,9973.14,129.65,0.0,9973.14,0.0,complete_route,True,0,259.3,19946.28,259.3,0.0,19946.28,0.0
MAD-104,Aluche,Latina,DEST_003,UC3M Campus de Leganés,BICYCLE,Bicicleta,2026-07-29,2026-07-29T09:00:00+02:00,success,[],,2026-07-29T18:00:00+02:00,success,[],,2026-07-29T08:23:58+02:00,2026-07-29T09:00:00+02:00,BICYCLE,,,,36.03333333333333,9201.39,0.0,0.0,0.0,0.0,2026-07-29T18:00:00+02:00,2026-07-29T18:37:47+02:00,BICYCLE,,,,37.78333333333333,9568.24,0.0,0.0,0.0,0.0,complete_route,True,0,73.81666666666666,18769.629999999997,0.0,0.0,0.0,0.0
MAD-104,Aluche,Latina,DEST_003,UC3M Campus de Leganés,CAR,Coche,2026-07-29,2026-07-29T09:00:00+02:00,success,[],,2026-07-29T18:00:00+02:00,success,[],,2026-07-29T08:45:45+02:00,2026-07-29T09:00:00+02:00,CAR,,,,14.25,8556.07,0.0,0.0,0.0,0.0,2026-07-29T18:00:00+02:00,2026-07-29T18:14:43+02:00,CAR,,,,14.716666666666669,8950.27,0.0,0.0,0.0,0.0,complete_route,True,0,28.96666666666667,17506.34,0.0,0.0,0.0,0.0
MAD-104,Aluche,Latina,DEST_003,UC3M Campus de Leganés,TRANSIT,Transporte público,2026-07-29,2026-07-29T09:00:00+02:00,success,[],,2026-07-29T18:00:00+02:00,success,[],,2026-07-29T08:13:56+02:00,2026-07-29T08:56:51+02:00,WALK|BUS,BUS,482,Consorcio Regional de Transportes de Madrid,42.91666666666666,8988.03,16.933333333333334,0.0,1269.0300000000002,0.0,2026-07-29T18:00:58+02:00,2026-07-29T18:47:04+02:00,WALK|BUS,BUS,493,Consorcio Regional de Transportes de Madrid,46.1,8691.04,22.216666666666665,0.0,1675.04,0.0,complete_route,True,0,89.01666666666665,17679.07,39.15,0.0,2944.07,0.0
MAD-104,Aluche,Latina,DEST_003,UC3M Campus de Leganés,WALK,A pie,2026-07-29,2026-07-29T09:00:00+02:00,success,[],,2026-07-29T18:00:00+02:00,success,[],,2026-07-29T07:05:06+02:00,2026-07-29T09:00:00+02:00,WALK,,,,114.9,8928.25,114.9,0.0,8928.25,0.0,2026-07-29T18:00:00+02:00,2026-07-29T19:54:54+02:00,WALK,,,,114.9,8928.25,114.9,0.0,8928.25,0.0,complete_route,True,0,229.8,17856.5,229.8,0.0,17856.5,0.0
MAD-105,Campamento,Latina,DEST_003,UC3M Campus de Leganés,BICYCLE,Bicicleta,2026-07-29,2026-07-29T09:00:00+02:00,success,[],,2026-07-29T18:00:00+02:00,success,[],,2026-07-29T08:26:23+02:00,2026-07-29T09:00:00+02:00,BICYCLE,,,,33.61666666666667,8713.16,0.0,0.0,0.0,0.0,2026-07-29T18:00:00+02:00,2026-07-29T18:33:54+02:00,BICYCLE,,,,33.9,8651.91,0.0,0.0,0.0,0.0,complete_route,True,0,67.51666666666667,17365.07,0.0,0.0,0.0,0.0
MAD-105,Campamento,Latina,DEST_003,UC3M Campus de Leganés,CAR,Coche,2026-07-29,2026-07-29T09:00:00+02:00,success,[],,2026-07-29T18:00:00+02:00,success,[],,2026-07-29T08:44:01+02:00,2026-07-29T09:00:00+02:00,CAR,,,,15.983333333333333,17059.51,0.0,0.0,0.0,0.0,2026-07-29T18:00:00+02:00,2026-07-29T18:09:14+02:00,CAR,,,,9.233333333333333,8307.65,0.0,0.0,0.0,0.0,complete_route,True,0,25.216666666666665,25367.159999999996,0.0,0.0,0.0,0.0
MAD-105,Campamento,Latina,DEST_003,UC3M Campus de Leganés,TRANSIT,Transporte público,2026-07-29,2026-07-29T09:00:00+02:00,success,[],,2026-07-29T18:00:00+02:00,success,[],,2026-07-29T07:39:20+02:00,2026-07-29T08:46:45+02:00,WALK|BUS,BUS,511|450,Consorcio Regional de Transportes de Madrid,67.41666666666667,12173.41,25.4,5.916666666666667,2014.41,1.0,2026-07-29T18:11:02+02:00,2026-07-29T19:30:07+02:00,WALK|BUS,BUS,482|561|560,Consorcio Regional de Transportes de Madrid,79.08333333333333,16031.33,27.133333333333333,8.883333333333333,2104.33,2.0,complete_route,True,0,146.5,28204.739999999998,52.53333333333333,14.8,4118.74,3.0
MAD-105,Campamento,Latina,DEST_003,UC3M Campus de Leganés,WALK,A pie,2026-07-29,2026-07-29T09:00:00+02:00,success,[],,2026-07-29T18:00:00+02:00,success,[],,2026-07-29T07:11:00+02:00,2026-07-29T09:00:00+02:00,WALK,,,,109.0,8630.44,109.0,0.0,8630.44,0.0,2026-07-29T18:00:00+02:00,2026-07-29T19:49:00+02:00,WALK,,,,109.0,8630.44,109.0,0.0,8630.44,0.0,complete_route,True,0,218.0,17260.88,218.0,0.0,17260.88,0.0
MAD-106,Cuatro Vientos,Latina,DEST_003,UC3M Campus de Leganés,BICYCLE,Bicicleta,2026-07-29,2026-07-29T09:00:00+02:00,success,[],,2026-07-29T18:00:00+02:00,success,[],,2026-07-29T08:35:48+02:00,2026-07-29T09:00:00+02:00,BICYCLE,,,,24.2,6434.28,0.0,0.0,0.0,0.0,2026-07-29T18:00:00+02:00,2026-07-29T18:26:17+02:00,BICYCLE,,,,26.28333333333333,6714.18,0.0,0.0,0.0,0.0,complete_route,True,0,50.483333333333334,13148.46,0.0,0.0,0.0,0.0
MAD-106,Cuatro Vientos,Latina,DEST_003,UC3M Campus de Leganés,CAR,Coche,2026-07-29,2026-07-29T09:00:00+02:00,success,[],,2026-07-29T18:00:00+02:00,success,[],,2026-07-29T08:50:16+02:00,2026-07-29T09:00:00+02:00,CAR,,,,9.733333333333333,5819.09,0.0,0.0,0.0,0.0,2026-07-29T18:00:00+02:00,2026-07-29T18:09:12+02:00,CAR,,,,9.2,6123.17,0.0,0.0,0.0,0.0,complete_route,True,0,18.93333333333333,11942.26,0.0,0.0,0.0,0.0
MAD-106,Cuatro Vientos,Latina,DEST_003,UC3M Campus de Leganés,TRANSIT,Transporte público,2026-07-29,2026-07-29T09:00:00+02:00,success,[],,2026-07-29T18:00:00+02:00,success,[],,2026-07-29T08:14:44+02:00,2026-07-29T08:58:15+02:00,WALK|BUS,BUS,486|1,Consorcio Regional de Transportes de Madrid,43.516666666666666,7648.05,23.716666666666665,4.933333333333334,1855.05,1.0,2026-07-29T18:02:56+02:00,2026-07-29T18:42:40+02:00,WALK|BUS,BUS,483,Consorcio Regional de Transportes de Madrid,39.73333333333333,8372.289999999999,21.933333333333334,0.0,1722.29,0.0,complete_route,True,0,83.25,16020.34,45.65,4.933333333333334,3577.34,1.0
MAD-106,Cuatro Vientos,Latina,DEST_003,UC3M Campus de Leganés,WALK,A pie,2026-07-29,2026-07-29T09:00:00+02:00,success,[],,2026-07-29T18:00:00+02:00,success,[],,2026-07-29T07:40:50+02:00,2026-07-29T09:00:00+02:00,WALK,,,,79.16666666666667,6229.54,79.16666666666667,0.0,6229.54,0.0,2026-07-29T18:00:00+02:00,2026-07-29T19:19:10+02:00,WALK,,,,79.16666666666667,6229.54,79.16666666666667,0.0,6229.54,0.0,complete_route,True,0,158.33333333333334,12459.08,158.33333333333334,0.0,12459.08,0.0
MAD-107,Águilas,Latina,DEST_003,UC3M Campus de Leganés,BICYCLE,Bicicleta,2026-07-29,2026-07-29T09:00:00+02:00,success,[],,2026-07-29T18:00:00+02:00,success,[],,2026-07-29T08:30:12+02:00,2026-07-29T09:00:00+02:00,BICYCLE,,,,29.8,7951.65,0.0,0.0,0.0,0.0,2026-07-29T18:00:00+02:00,2026-07-29T18:32:29+02:00,BICYCLE,,,,32.483333333333334,8104.21,0.0,0.0,0.0,0.0,complete_route,True,0,62.28333333333333,16055.86,0.0,0.0,0.0,0.0
MAD-107,Águilas,Latina,DEST_003,UC3M Campus de Leganés,CAR,Coche,2026-07-29,2026-07-29T09:00:00+02:00,success,[],,2026-07-29T18:00:00+02:00,success,[],,2026-07-29T08:47:35+02:00,2026-07-29T09:00:00+02:00,CAR,,,,12.416666666666666,8238.55,0.0,0.0,0.0,0.0,2026-07-29T18:00:00+02:00,2026-07-29T18:11:45+02:00,CAR,,,,11.75,8697.2,0.0,0.0,0.0,0.0,complete_route,True,0,24.166666666666664,16935.75,0.0,0.0,0.0,0.0
MAD-107,Águilas,Latina,DEST_003,UC3M Campus de Leganés,TRANSIT,Transporte público,2026-07-29,2026-07-29T09:00:00+02:00,success,[],,2026-07-29T18:00:00+02:00,success,[],,2026-07-29T08:15:20+02:00,2026-07-29T08:53:20+02:00,WALK|BUS,BUS,483|493,Consorcio Regional de Transportes de Madrid,38.0,9275.8,15.433333333333334,2.0,1169.8,1.0,2026-07-29T18:02:56+02:00,2026-07-29T18:41:32+02:00,WALK|BUS,BUS,483,Consorcio Regional de Transportes de Madrid,38.6,9973.66,14.866666666666667,0.0,1131.66,0.0,complete_route,True,0,76.6,19249.46,30.3,2.0,2301.46,1.0
MAD-107,Águilas,Latina,DEST_003,UC3M Campus de Leganés,WALK,A pie,2026-07-29,2026-07-29T09:00:00+02:00,success,[],,2026-07-29T18:00:00+02:00,success,[],,2026-07-29T07:17:57+02:00,2026-07-29T09:00:00+02:00,WALK,,,,102.05,7980.35,102.05,0.0,7980.35,0.0,2026-07-29T18:00:00+02:00,2026-07-29T19:42:03+02:00,WALK,,,,102.05,7980.35,102.05,0.0,7980.35,0.0,complete_route,True,0,204.1,15960.7,204.1,0.0,15960.7,0.0
MAD-111,Comillas,Carabanchel,DEST_003,UC3M Campus de Leganés,BICYCLE,Bicicleta,2026-07-29,2026-07-29T09:00:00+02:00,success,[],,2026-07-29T18:00:00+02:00,success,[],,2026-07-29T08:07:57+02:00,2026-07-29T09:00:00+02:00,BICYCLE,,,,52.05,12469.52,0.0,0.0,0.0,0.0,2026-07-29T18:00:00+02:00,2026-07-29T18:52:29+02:00,BICYCLE,,,,52.48333333333333,12507.42,0.0,0.0,0.0,0.0,complete_route,True,0,104.53333333333333,24976.940000000002,0.0,0.0,0.0,0.0
MAD-111,Comillas,Carabanchel,DEST_003,UC3M Campus de Leganés,CAR,Coche,2026-07-29,2026-07-29T09:00:00+02:00,success,[],,2026-07-29T18:00:00+02:00,success,[],,2026-07-29T08:48:15+02:00,2026-07-29T09:00:00+02:00,CAR,,,,11.75,10056.74,0.0,0.0,0.0,0.0,2026-07-29T18:00:00+02:00,2026-07-29T18:13:07+02:00,CAR,,,,13.116666666666667,10800.03,0.0,0.0,0.0,0.0,complete_route,True,0,24.866666666666667,20856.77,0.0,0.0,0.0,0.0
MAD-111,Comillas,Carabanchel,DEST_003,UC3M Campus de Leganés,TRANSIT,Transporte público,2026-07-29,2026-07-29T09:00:00+02:00,success,[],,2026-07-29T18:00:00+02:00,success,[],,2026-07-29T08:00:00+02:00,2026-07-29T08:56:51+02:00,WALK|BUS,BUS,E1|482,Información oficial: Consorcio Regional de Transportes de Madrid|Consorcio Regional de Transportes de Madrid,56.85,10531.2,9.566666666666666,12.016666666666667,688.1999999999999,1.0,2026-07-29T18:00:58+02:00,2026-07-29T18:54:30+02:00,WALK|BUS,BUS,480,Consorcio Regional de Transportes de Madrid,53.53333333333333,14068.53,19.666666666666668,0.0,1358.53,0.0,complete_route,True,0,110.38333333333333,24599.730000000003,29.233333333333334,12.016666666666667,2046.73,1.0
MAD-111,Comillas,Carabanchel,DEST_003,UC3M Campus de Leganés,WALK,A pie,2026-07-29,2026-07-29T09:00:00+02:00,success,[],,2026-07-29T18:00:00+02:00,success,[],,2026-07-29T06:48:58+02:00,2026-07-29T09:00:00+02:00,WALK,,,,131.03333333333333,10115.84,131.03333333333333,0.0,10115.84,0.0,2026-07-29T18:00:00+02:00,2026-07-29T20:11:02+02:00,WALK,,,,131.03333333333333,10115.84,131.03333333333333,0.0,10115.84,0.0,complete_route,True,0,262.06666666666666,20231.68,262.06666666666666,0.0,20231.68,0.0
MAD-112,Opañel,Carabanchel,DEST_003,UC3M Campus de Leganés,BICYCLE,Bicicleta,2026-07-29,2026-07-29T09:00:00+02:00,success,[],,2026-07-29T18:00:00+02:00,success,[],,2026-07-29T08:14:15+02:00,2026-07-29T09:00:00+02:00,BICYCLE,,,,45.75,11635.22,0.0,0.0,0.0,0.0,2026-07-29T18:00:00+02:00,2026-07-29T18:45:10+02:00,BICYCLE,,,,45.16666666666666,11605.4,0.0,0.0,0.0,0.0,complete_route,True,0,90.91666666666666,23240.62,0.0,0.0,0.0,0.0
MAD-112,Opañel,Carabanchel,DEST_003,UC3M Campus de Leganés,CAR,Coche,2026-07-29,2026-07-29T09:00:00+02:00,success,[],,2026-07-29T18:00:00+02:00,success,[],,2026-07-29T08:47:39+02:00,2026-07-29T09:00:00+02:00,CAR,,,,12.35,10184.21,0.0,0.0,0.0,0.0,2026-07-29T18:00:00+02:00,2026-07-29T18:12:42+02:00,CAR,,,,12.7,10891.86,0.0,0.0,0.0,0.0,complete_route,True,0,25.049999999999997,21076.07,0.0,0.0,0.0,0.0
MAD-112,Opañel,Carabanchel,DEST_003,UC3M Campus de Leganés,TRANSIT,Transporte público,2026-07-29,2026-07-29T09:00:00+02:00,success,[],,2026-07-29T18:00:00+02:00,success,[],,2026-07-29T08:08:03+02:00,2026-07-29T08:56:51+02:00,WALK|BUS,BUS,484|482,Consorcio Regional de Transportes de Madrid,48.8,8941.17,13.716666666666669,7.416666666666667,989.17,1.0,2026-07-29T18:03:27+02:00,2026-07-29T18:44:54+02:00,WALK|BUS,BUS,485|484,Consorcio Regional de Transportes de Madrid,41.45,13697.8,12.483333333333333,2.4833333333333334,936.8,1.0,complete_route,True,0,90.25,22638.97,26.200000000000003,9.9,1925.9699999999998,2.0
MAD-112,Opañel,Carabanchel,DEST_003,UC3M Campus de Leganés,WALK,A pie,2026-07-29,2026-07-29T09:00:00+02:00,success,[],,2026-07-29T18:00:00+02:00,success,[],,2026-07-29T06:53:19+02:00,2026-07-29T09:00:00+02:00,WALK,,,,126.68333333333334,9850.53,126.68333333333334,0.0,9850.53,0.0,2026-07-29T18:00:00+02:00,2026-07-29T20:06:41+02:00,WALK,,,,126.68333333333334,9850.53,126.68333333333334,0.0,9850.53,0.0,complete_route,True,0,253.36666666666667,19701.06,253.36666666666667,0.0,19701.06,0.0
MAD-113,San Isidro,Carabanchel,DEST_003,UC3M Campus de Leganés,BICYCLE,Bicicleta,2026-07-29,2026-07-29T09:00:00+02:00,success,[],,2026-07-29T18:00:00+02:00,success,[],,2026-07-29T08:13:49+02:00,2026-07-29T09:00:00+02:00,BICYCLE,,,,46.18333333333333,11213.82,0.0,0.0,0.0,0.0,2026-07-29T18:00:00+02:00,2026-07-29T18:49:31+02:00,BICYCLE,,,,49.516666666666666,12244.15,0.0,0.0,0.0,0.0,complete_route,True,0,95.69999999999999,23457.97,0.0,0.0,0.0,0.0
MAD-113,San Isidro,Carabanchel,DEST_003,UC3M Campus de Leganés,CAR,Coche,2026-07-29,2026-07-29T09:00:00+02:00,success,[],,2026-07-29T18:00:00+02:00,success,[],,2026-07-29T08:45:31+02:00,2026-07-29T09:00:00+02:00,CAR,,,,14.483333333333333,11156.52,0.0,0.0,0.0,0.0,2026-07-29T18:00:00+02:00,2026-07-29T18:15:01+02:00,CAR,,,,15.016666666666667,12033.9,0.0,0.0,0.0,0.0,complete_route,True,0,29.5,23190.42,0.0,0.0,0.0,0.0
MAD-113,San Isidro,Carabanchel,DEST_003,UC3M Campus de Leganés,TRANSIT,Transporte público,2026-07-29,2026-07-29T09:00:00+02:00,success,[],,2026-07-29T18:00:00+02:00,success,[],,2026-07-29T08:00:30+02:00,2026-07-29T08:56:51+02:00,WALK|BUS,BUS,484|482,Consorcio Regional de Transportes de Madrid,56.35,10381.72,18.366666666666667,7.416666666666667,1357.7199999999998,1.0,2026-07-29T18:03:27+02:00,2026-07-29T18:53:30+02:00,WALK|BUS,BUS,485|484,Consorcio Regional de Transportes de Madrid,50.05,14890.9,18.933333333333334,2.4833333333333334,1397.9,1.0,complete_route,True,0,106.4,25272.62,37.3,9.9,2755.62,2.0
MAD-113,San Isidro,Carabanchel,DEST_003,UC3M Campus de Leganés,WALK,A pie,2026-07-29,2026-07-29T09:00:00+02:00,success,[],,2026-07-29T18:00:00+02:00,success,[],,2026-07-29T06:42:01+02:00,2026-07-29T09:00:00+02:00,WALK,,,,137.98333333333332,10655.76,137.98333333333332,0.0,10655.76,0.0,2026-07-29T18:00:00+02:00,2026-07-29T20:17:59+02:00,WALK,,,,137.98333333333332,10655.76,137.98333333333332,0.0,10655.76,0.0,complete_route,True,0,275.96666666666664,21311.52,275.96666666666664,0.0,21311.52,0.0
MAD-114,Vista Alegre,Carabanchel,DEST_003,UC3M Campus de Leganés,BICYCLE,Bicicleta,2026-07-29,2026-07-29T09:00:00+02:00,success,[],,2026-07-29T18:00:00+02:00,success,[],,2026-07-29T08:24:23+02:00,2026-07-29T09:00:00+02:00,BICYCLE,,,,35.61666666666667,8750.72,0.0,0.0,0.0,0.0,2026-07-29T18:00:00+02:00,2026-07-29T18:38:29+02:00,BICYCLE,,,,38.48333333333333,9163.03,0.0,0.0,0.0,0.0,complete_route,True,0,74.1,17913.75,0.0,0.0,0.0,0.0
MAD-114,Vista Alegre,Carabanchel,DEST_003,UC3M Campus de Leganés,CAR,Coche,2026-07-29,2026-07-29T09:00:00+02:00,success,[],,2026-07-29T18:00:00+02:00,success,[],,2026-07-29T08:48:47+02:00,2026-07-29T09:00:00+02:00,CAR,,,,11.216666666666669,7199.02,0.0,0.0,0.0,0.0,2026-07-29T18:00:00+02:00,2026-07-29T18:12:02+02:00,CAR,,,,12.033333333333331,7611.12,0.0,0.0,0.0,0.0,complete_route,True,0,23.25,14810.14,0.0,0.0,0.0,0.0
MAD-114,Vista Alegre,Carabanchel,DEST_003,UC3M Campus de Leganés,TRANSIT,Transporte público,2026-07-29,2026-07-29T09:00:00+02:00,success,[],,2026-07-29T18:00:00+02:00,success,[],,2026-07-29T08:17:28+02:00,2026-07-29T08:56:51+02:00,WALK|BUS,BUS,482,Consorcio Regional de Transportes de Madrid,39.38333333333333,7174.15,19.28333333333333,0.0,1390.15,0.0,2026-07-29T18:00:58+02:00,2026-07-29T18:35:52+02:00,WALK|BUS,BUS,493|486,Consorcio Regional de Transportes de Madrid,34.9,7308.36,8.25,5.033333333333333,622.36,1.0,complete_route,True,0,74.28333333333333,14482.509999999998,27.53333333333333,5.033333333333333,2012.5100000000002,1.0
MAD-114,Vista Alegre,Carabanchel,DEST_003,UC3M Campus de Leganés,WALK,A pie,2026-07-29,2026-07-29T09:00:00+02:00,success,[],,2026-07-29T18:00:00+02:00,success,[],,2026-07-29T07:12:39+02:00,2026-07-29T09:00:00+02:00,WALK,,,,107.35,8314.0,107.35,0.0,8314.0,0.0,2026-07-29T18:00:00+02:00,2026-07-29T19:47:21+02:00,WALK,,,,107.35,8314.0,107.35,0.0,8314.0,0.0,complete_route,True,0,214.7,16628.0,214.7,0.0,16628.0,0.0
MAD-115,Puerta Bonita,Carabanchel,DEST_003,UC3M Campus de Leganés,BICYCLE,Bicicleta,2026-07-29,2026-07-29T09:00:00+02:00,success,[],,2026-07-29T18:00:00+02:00,success,[],,2026-07-29T08:23:14+02:00,2026-07-29T09:00:00+02:00,BICYCLE,,,,36.766666666666666,9372.39,0.0,0.0,0.0,0.0,2026-07-29T18:00:00+02:00,2026-07-29T18:38:20+02:00,BICYCLE,,,,38.333333333333336,9646.41,0.0,0.0,0.0,0.0,complete_route,True,0,75.1,19018.8,0.0,0.0,0.0,0.0
MAD-115,Puerta Bonita,Carabanchel,DEST_003,UC3M Campus de Leganés,CAR,Coche,2026-07-29,2026-07-29T09:00:00+02:00,success,[],,2026-07-29T18:00:00+02:00,success,[],,2026-07-29T08:48:51+02:00,2026-07-29T09:00:00+02:00,CAR,,,,11.15,7547.51,0.0,0.0,0.0,0.0,2026-07-29T18:00:00+02:00,2026-07-29T18:12:42+02:00,CAR,,,,12.7,7784.6,0.0,0.0,0.0,0.0,complete_route,True,0,23.85,15332.11,0.0,0.0,0.0,0.0
MAD-115,Puerta Bonita,Carabanchel,DEST_003,UC3M Campus de Leganés,TRANSIT,Transporte público,2026-07-29,2026-07-29T09:00:00+02:00,success,[],,2026-07-29T18:00:00+02:00,success,[],,2026-07-29T08:15:16+02:00,2026-07-29T08:56:51+02:00,WALK|BUS,BUS,482,Consorcio Regional de Transportes de Madrid,41.583333333333336,7354.66,21.48333333333333,0.0,1570.66,0.0,2026-07-29T18:03:27+02:00,2026-07-29T18:39:37+02:00,WALK|BUS,BUS,485,Consorcio Regional de Transportes de Madrid,36.16666666666666,12319.8,14.683333333333334,0.0,1126.8,0.0,complete_route,True,0,77.75,19674.46,36.166666666666664,0.0,2697.46,0.0
MAD-115,Puerta Bonita,Carabanchel,DEST_003,UC3M Campus de Leganés,WALK,A pie,2026-07-29,2026-07-29T09:00:00+02:00,success,[],,2026-07-29T18:00:00+02:00,success,[],,2026-07-29T07:12:17+02:00,2026-07-29T09:00:00+02:00,WALK,,,,107.71666666666668,8365.69,107.71666666666668,0.0,8365.69,0.0,2026-07-29T18:00:00+02:00,2026-07-29T19:47:43+02:00,WALK,,,,107.71666666666668,8365.69,107.71666666666668,0.0,8365.69,0.0,complete_route,True,0,215.43333333333337,16731.38,215.43333333333337,0.0,16731.38,0.0
MAD-116,Buenavista,Carabanchel,DEST_003,UC3M Campus de Leganés,BICYCLE,Bicicleta,2026-07-29,2026-07-29T09:00:00+02:00,success,[],,2026-07-29T18:00:00+02:00,success,[],,2026-07-29T08:27:29+02:00,2026-07-29T09:00:00+02:00,BICYCLE,,,,32.516666666666666,7967.68,0.0,0.0,0.0,0.0,2026-07-29T18:00:00+02:00,2026-07-29T18:34:09+02:00,BICYCLE,,,,34.15,8298.5,0.0,0.0,0.0,0.0,complete_route,True,0,66.66666666666666,16266.18,0.0,0.0,0.0,0.0
MAD-116,Buenavista,Carabanchel,DEST_003,UC3M Campus de Leganés,CAR,Coche,2026-07-29,2026-07-29T09:00:00+02:00,success,[],,2026-07-29T18:00:00+02:00,success,[],,2026-07-29T08:51:59+02:00,2026-07-29T09:00:00+02:00,CAR,,,,8.016666666666667,5408.28,0.0,0.0,0.0,0.0,2026-07-29T18:00:00+02:00,2026-07-29T18:08:00+02:00,CAR,,,,8.0,5662.66,0.0,0.0,0.0,0.0,complete_route,True,0,16.016666666666666,11070.939999999999,0.0,0.0,0.0,0.0
MAD-116,Buenavista,Carabanchel,DEST_003,UC3M Campus de Leganés,TRANSIT,Transporte público,2026-07-29,2026-07-29T09:00:00+02:00,success,[],,2026-07-29T18:00:00+02:00,success,[],,2026-07-29T08:28:21+02:00,2026-07-29T08:56:51+02:00,WALK|BUS,BUS,484|482,Consorcio Regional de Transportes de Madrid,28.5,5376.07,3.283333333333333,7.416666666666667,225.07,1.0,2026-07-29T18:03:27+02:00,2026-07-29T18:26:34+02:00,WALK|BUS,BUS,485,Consorcio Regional de Transportes de Madrid,23.116666666666667,10166.62,4.083333333333333,0.0,261.62,0.0,complete_route,True,0,51.61666666666667,15542.69,7.366666666666666,7.416666666666667,486.69,1.0
MAD-116,Buenavista,Carabanchel,DEST_003,UC3M Campus de Leganés,WALK,A pie,2026-07-29,2026-07-29T09:00:00+02:00,success,[],,2026-07-29T18:00:00+02:00,success,[],,2026-07-29T07:48:32+02:00,2026-07-29T09:00:00+02:00,WALK,,,,71.46666666666667,5465.57,71.46666666666667,0.0,5465.57,0.0,2026-07-29T18:00:00+02:00,2026-07-29T19:11:28+02:00,WALK,,,,71.46666666666667,5465.57,71.46666666666667,0.0,5465.57,0.0,complete_route,True,0,142.93333333333334,10931.14,142.93333333333334,0.0,10931.14,0.0
MAD-117,Abrantes,Carabanchel,DEST_003,UC3M Campus de Leganés,BICYCLE,Bicicleta,2026-07-29,2026-07-29T09:00:00+02:00,success,[],,2026-07-29T18:00:00+02:00,success,[],,2026-07-29T08:18:00+02:00,2026-07-29T09:00:00+02:00,BICYCLE,,,,42.0,10421.32,0.0,0.0,0.0,0.0,2026-07-29T18:00:00+02:00,2026-07-29T18:41:04+02:00,BICYCLE,,,,41.06666666666667,10217.22,0.0,0.0,0.0,0.0,complete_route,True,0,83.06666666666666,20638.54,0.0,0.0,0.0,0.0
MAD-117,Abrantes,Carabanchel,DEST_003,UC3M Campus de Leganés,CAR,Coche,2026-07-29,2026-07-29T09:00:00+02:00,success,[],,2026-07-29T18:00:00+02:00,success,[],,2026-07-29T08:50:24+02:00,2026-07-29T09:00:00+02:00,CAR,,,,9.6,7375.33,0.0,0.0,0.0,0.0,2026-07-29T18:00:00+02:00,2026-07-29T18:10:13+02:00,CAR,,,,10.216666666666669,7349.92,0.0,0.0,0.0,0.0,complete_route,True,0,19.81666666666667,14725.25,0.0,0.0,0.0,0.0
MAD-117,Abrantes,Carabanchel,DEST_003,UC3M Campus de Leganés,TRANSIT,Transporte público,2026-07-29,2026-07-29T09:00:00+02:00,success,[],,2026-07-29T18:00:00+02:00,success,[],,2026-07-29T08:09:32+02:00,2026-07-29T08:56:51+02:00,WALK|BUS,BUS,484|482,Consorcio Regional de Transportes de Madrid,47.31666666666667,8643.76,13.316666666666666,7.416666666666667,1001.76,1.0,2026-07-29T18:03:27+02:00,2026-07-29T18:44:57+02:00,WALK|BUS,BUS,485|484,Consorcio Regional de Transportes de Madrid,41.5,13405.24,13.7,2.4833333333333334,1028.24,1.0,complete_route,True,0,88.81666666666666,22049.0,27.016666666666666,9.9,2030.0,2.0
MAD-117,Abrantes,Carabanchel,DEST_003,UC3M Campus de Leganés,WALK,A pie,2026-07-29,2026-07-29T09:00:00+02:00,success,[],,2026-07-29T18:00:00+02:00,success,[],,2026-07-29T07:11:11+02:00,2026-07-29T09:00:00+02:00,WALK,,,,108.81666666666666,8537.33,108.81666666666666,0.0,8537.33,0.0,2026-07-29T18:00:00+02:00,2026-07-29T19:48:49+02:00,WALK,,,,108.81666666666666,8537.33,108.81666666666666,0.0,8537.33,0.0,complete_route,True,0,217.63333333333333,17074.66,217.63333333333333,0.0,17074.66,0.0
MAD-121,Orcasitas,Usera,DEST_003,UC3M Campus de Leganés,BICYCLE,Bicicleta,2026-07-29,2026-07-29T09:00:00+02:00,success,[],,2026-07-29T18:00:00+02:00,success,[],,2026-07-29T08:12:29+02:00,2026-07-29T09:00:00+02:00,BICYCLE,,,,47.516666666666666,11679.93,0.0,0.0,0.0,0.0,2026-07-29T18:00:00+02:00,2026-07-29T18:38:30+02:00,BICYCLE,,,,38.5,10101.45,0.0,0.0,0.0,0.0,complete_route,True,0,86.01666666666667,21781.38,0.0,0.0,0.0,0.0
MAD-121,Orcasitas,Usera,DEST_003,UC3M Campus de Leganés,CAR,Coche,2026-07-29,2026-07-29T09:00:00+02:00,success,[],,2026-07-29T18:00:00+02:00,success,[],,2026-07-29T08:48:47+02:00,2026-07-29T09:00:00+02:00,CAR,,,,11.216666666666669,8828.0,0.0,0.0,0.0,0.0,2026-07-29T18:00:00+02:00,2026-07-29T18:11:26+02:00,CAR,,,,11.433333333333334,9386.82,0.0,0.0,0.0,0.0,complete_route,True,0,22.650000000000002,18214.82,0.0,0.0,0.0,0.0
MAD-121,Orcasitas,Usera,DEST_003,UC3M Campus de Leganés,TRANSIT,Transporte público,2026-07-29,2026-07-29T09:00:00+02:00,success,[],,2026-07-29T18:00:00+02:00,success,[],,2026-07-29T07:58:00+02:00,2026-07-29T08:56:51+02:00,WALK|BUS,BUS,131|485|482,Información oficial: Consorcio Regional de Transportes de Madrid|Consorcio Regional de Transportes de Madrid,58.85,11159.45,3.85,17.083333333333332,248.45,2.0,2026-07-29T18:03:27+02:00,2026-07-29T18:57:38+02:00,WALK|BUS,BUS,485|131,Consorcio Regional de Transportes de Madrid|Información oficial: Consorcio Regional de Transportes de Madrid,54.18333333333333,13752.02,4.65,17.0,308.02,1.0,complete_route,True,0,113.03333333333333,24911.47,8.5,34.08333333333333,556.47,3.0
MAD-121,Orcasitas,Usera,DEST_003,UC3M Campus de Leganés,WALK,A pie,2026-07-29,2026-07-29T09:00:00+02:00,success,[],,2026-07-29T18:00:00+02:00,success,[],,2026-07-29T07:16:56+02:00,2026-07-29T09:00:00+02:00,WALK,,,,103.06666666666666,8099.33,103.06666666666666,0.0,8099.33,0.0,2026-07-29T18:00:00+02:00,2026-07-29T19:43:04+02:00,WALK,,,,103.06666666666666,8099.33,103.06666666666666,0.0,8099.33,0.0,complete_route,True,0,206.13333333333333,16198.66,206.13333333333333,0.0,16198.66,0.0
MAD-122,Orcasur,Usera,DEST_003,UC3M Campus de Leganés,BICYCLE,Bicicleta,2026-07-29,2026-07-29T09:00:00+02:00,success,[],,2026-07-29T18:00:00+02:00,success,[],,2026-07-29T08:08:29+02:00,2026-07-29T09:00:00+02:00,BICYCLE,,,,51.516666666666666,12685.41,0.0,0.0,0.0,0.0,2026-07-29T18:00:00+02:00,2026-07-29T18:42:14+02:00,BICYCLE,,,,42.23333333333333,11078.7,0.0,0.0,0.0,0.0,complete_route,True,0,93.75,23764.11,0.0,0.0,0.0,0.0
MAD-122,Orcasur,Usera,DEST_003,UC3M Campus de Leganés,CAR,Coche,2026-07-29,2026-07-29T09:00:00+02:00,success,[],,2026-07-29T18:00:00+02:00,success,[],,2026-07-29T08:46:43+02:00,2026-07-29T09:00:00+02:00,CAR,,,,13.283333333333331,10620.42,0.0,0.0,0.0,0.0,2026-07-29T18:00:00+02:00,2026-07-29T18:13:38+02:00,CAR,,,,13.633333333333333,10375.44,0.0,0.0,0.0,0.0,complete_route,True,0,26.916666666666664,20995.86,0.0,0.0,0.0,0.0
MAD-122,Orcasur,Usera,DEST_003,UC3M Campus de Leganés,TRANSIT,Transporte público,2026-07-29,2026-07-29T09:00:00+02:00,success,[],,2026-07-29T18:00:00+02:00,success,[],,2026-07-29T07:45:00+02:00,2026-07-29T08:56:51+02:00,WALK|BUS,BUS,121|485|482,Información oficial: Consorcio Regional de Transportes de Madrid|Consorcio Regional de Transportes de Madrid,71.85,11903.44,13.0,18.48333333333333,961.44,2.0,2026-07-29T18:04:55+02:00,2026-07-29T19:10:07+02:00,WALK|BUS,BUS,485|432|422,Consorcio Regional de Transportes de Madrid,65.2,12257.08,11.633333333333333,13.583333333333334,829.08,2.0,complete_route,True,0,137.05,24160.52,24.633333333333333,32.06666666666666,1790.52,4.0
MAD-122,Orcasur,Usera,DEST_003,UC3M Campus de Leganés,WALK,A pie,2026-07-29,2026-07-29T09:00:00+02:00,success,[],,2026-07-29T18:00:00+02:00,success,[],,2026-07-29T06:56:48+02:00,2026-07-29T09:00:00+02:00,WALK,,,,123.2,9614.22,123.2,0.0,9614.22,0.0,2026-07-29T18:00:00+02:00,2026-07-29T20:03:12+02:00,WALK,,,,123.2,9614.22,123.2,0.0,9614.22,0.0,complete_route,True,0,246.4,19228.44,246.4,0.0,19228.44,0.0
MAD-123,San Fermín,Usera,DEST_003,UC3M Campus de Leganés,BICYCLE,Bicicleta,2026-07-29,2026-07-29T09:00:00+02:00,success,[],,2026-07-29T18:00:00+02:00,success,[],,2026-07-29T08:03:39+02:00,2026-07-29T09:00:00+02:00,BICYCLE,,,,56.35,13914.3,0.0,0.0,0.0,0.0,2026-07-29T18:00:00+02:00,2026-07-29T18:48:20+02:00,BICYCLE,,,,48.333333333333336,12497.34,0.0,0.0,0.0,0.0,complete_route,True,0,104.68333333333334,26411.64,0.0,0.0,0.0,0.0
MAD-123,San Fermín,Usera,DEST_003,UC3M Campus de Leganés,CAR,Coche,2026-07-29,2026-07-29T09:00:00+02:00,success,[],,2026-07-29T18:00:00+02:00,success,[],,2026-07-29T08:47:36+02:00,2026-07-29T09:00:00+02:00,CAR,,,,12.4,10237.36,0.0,0.0,0.0,0.0,2026-07-29T18:00:00+02:00,2026-07-29T18:12:02+02:00,CAR,,,,12.033333333333331,10292.18,0.0,0.0,0.0,0.0,complete_route,True,0,24.43333333333333,20529.54,0.0,0.0,0.0,0.0
MAD-123,San Fermín,Usera,DEST_003,UC3M Campus de Leganés,TRANSIT,Transporte público,2026-07-29,2026-07-29T09:00:00+02:00,success,[],,2026-07-29T18:00:00+02:00,success,[],,2026-07-29T07:40:00+02:00,2026-07-29T08:56:51+02:00,WALK|BUS,BUS,121|485|482,Información oficial: Consorcio Regional de Transportes de Madrid|Consorcio Regional de Transportes de Madrid,76.85,12548.67,13.0,19.416666666666668,868.67,2.0,2026-07-29T18:04:55+02:00,2026-07-29T19:07:02+02:00,WALK|BUS,BUS,485|432|422,Consorcio Regional de Transportes de Madrid,62.11666666666667,11336.07,9.9,13.583333333333334,740.0699999999999,2.0,complete_route,True,0,138.96666666666667,23884.739999999998,22.9,33.0,1608.7399999999998,4.0
MAD-123,San Fermín,Usera,DEST_003,UC3M Campus de Leganés,WALK,A pie,2026-07-29,2026-07-29T09:00:00+02:00,success,[],,2026-07-29T18:00:00+02:00,success,[],,2026-07-29T06:49:22+02:00,2026-07-29T09:00:00+02:00,WALK,,,,130.63333333333333,9997.54,130.63333333333333,0.0,9997.54,0.0,2026-07-29T18:00:00+02:00,2026-07-29T20:10:38+02:00,WALK,,,,130.63333333333333,9997.54,130.63333333333333,0.0,9997.54,0.0,complete_route,True,0,261.26666666666665,19995.08,261.26666666666665,0.0,19995.08,0.0
MAD-124,Almendrales,Usera,DEST_003,UC3M Campus de Leganés,BICYCLE,Bicicleta,2026-07-29,2026-07-29T09:00:00+02:00,success,[],,2026-07-29T18:00:00+02:00,success,[],,2026-07-29T08:05:15+02:00,2026-07-29T09:00:00+02:00,BICYCLE,,,,54.75,13585.28,0.0,0.0,0.0,0.0,2026-07-29T18:00:00+02:00,2026-07-29T18:45:56+02:00,BICYCLE,,,,45.93333333333333,12054.05,0.0,0.0,0.0,0.0,complete_route,True,0,100.68333333333334,25639.33,0.0,0.0,0.0,0.0
MAD-124,Almendrales,Usera,DEST_003,UC3M Campus de Leganés,CAR,Coche,2026-07-29,2026-07-29T09:00:00+02:00,success,[],,2026-07-29T18:00:00+02:00,success,[],,2026-07-29T08:46:31+02:00,2026-07-29T09:00:00+02:00,CAR,,,,13.483333333333333,10417.94,0.0,0.0,0.0,0.0,2026-07-29T18:00:00+02:00,2026-07-29T18:13:52+02:00,CAR,,,,13.866666666666667,11628.65,0.0,0.0,0.0,0.0,complete_route,True,0,27.35,22046.59,0.0,0.0,0.0,0.0
MAD-124,Almendrales,Usera,DEST_003,UC3M Campus de Leganés,TRANSIT,Transporte público,2026-07-29,2026-07-29T09:00:00+02:00,success,[],,2026-07-29T18:00:00+02:00,success,[],,2026-07-29T07:49:26+02:00,2026-07-29T08:59:59+02:00,WALK|BUS,BUS,480,Consorcio Regional de Transportes de Madrid,70.55,15296.91,28.433333333333334,0.0,2090.91,0.0,2026-07-29T18:00:58+02:00,2026-07-29T19:03:50+02:00,WALK|BUS,BUS,480,Consorcio Regional de Transportes de Madrid,62.86666666666667,14841.09,29.0,0.0,2131.09,0.0,complete_route,True,0,133.41666666666666,30138.0,57.43333333333334,0.0,4222.0,0.0
MAD-124,Almendrales,Usera,DEST_003,UC3M Campus de Leganés,WALK,A pie,2026-07-29,2026-07-29T09:00:00+02:00,success,[],,2026-07-29T18:00:00+02:00,success,[],,2026-07-29T06:49:32+02:00,2026-07-29T09:00:00+02:00,WALK,,,,130.46666666666667,10215.67,130.46666666666667,0.0,10215.67,0.0,2026-07-29T18:00:00+02:00,2026-07-29T20:10:28+02:00,WALK,,,,130.46666666666667,10215.67,130.46666666666667,0.0,10215.67,0.0,complete_route,True,0,260.93333333333334,20431.34,260.93333333333334,0.0,20431.34,0.0
MAD-125,Moscardó,Usera,DEST_003,UC3M Campus de Leganés,BICYCLE,Bicicleta,2026-07-29,2026-07-29T09:00:00+02:00,success,[],,2026-07-29T18:00:00+02:00,success,[],,2026-07-29T08:01:53+02:00,2026-07-29T09:00:00+02:00,BICYCLE,,,,58.11666666666667,14444.17,0.0,0.0,0.0,0.0,2026-07-29T18:00:00+02:00,2026-07-29T18:48:52+02:00,BICYCLE,,,,48.86666666666667,12895.07,0.0,0.0,0.0,0.0,complete_route,True,0,106.98333333333333,27339.239999999998,0.0,0.0,0.0,0.0
MAD-125,Moscardó,Usera,DEST_003,UC3M Campus de Leganés,CAR,Coche,2026-07-29,2026-07-29T09:00:00+02:00,success,[],,2026-07-29T18:00:00+02:00,success,[],,2026-07-29T08:46:43+02:00,2026-07-29T09:00:00+02:00,CAR,,,,13.283333333333331,10916.1,0.0,0.0,0.0,0.0,2026-07-29T18:00:00+02:00,2026-07-29T18:12:32+02:00,CAR,,,,12.533333333333331,10918.74,0.0,0.0,0.0,0.0,complete_route,True,0,25.816666666666663,21834.84,0.0,0.0,0.0,0.0
MAD-125,Moscardó,Usera,DEST_003,UC3M Campus de Leganés,TRANSIT,Transporte público,2026-07-29,2026-07-29T09:00:00+02:00,success,[],,2026-07-29T18:00:00+02:00,success,[],,2026-07-29T07:55:43+02:00,2026-07-29T08:59:59+02:00,WALK|BUS,BUS,480,Consorcio Regional de Transportes de Madrid,64.26666666666667,14844.81,22.15,0.0,1638.81,0.0,2026-07-29T18:00:58+02:00,2026-07-29T18:57:33+02:00,WALK|BUS,BUS,480,Consorcio Regional de Transportes de Madrid,56.583333333333336,14388.99,22.716666666666665,0.0,1678.99,0.0,complete_route,True,0,120.85,29233.8,44.86666666666666,0.0,3317.8,0.0
MAD-125,Moscardó,Usera,DEST_003,UC3M Campus de Leganés,WALK,A pie,2026-07-29,2026-07-29T09:00:00+02:00,success,[],,2026-07-29T18:00:00+02:00,success,[],,2026-07-29T06:46:18+02:00,2026-07-29T09:00:00+02:00,WALK,,,,133.7,10413.15,133.7,0.0,10413.15,0.0,2026-07-29T18:00:00+02:00,2026-07-29T20:13:42+02:00,WALK,,,,133.7,10413.15,133.7,0.0,10413.15,0.0,complete_route,True,0,267.4,20826.3,267.4,0.0,20826.3,0.0
MAD-126,Zofío,Usera,DEST_003,UC3M Campus de Leganés,BICYCLE,Bicicleta,2026-07-29,2026-07-29T09:00:00+02:00,success,[],,2026-07-29T18:00:00+02:00,success,[],,2026-07-29T08:10:00+02:00,2026-07-29T09:00:00+02:00,BICYCLE,,,,50.0,12160.99,0.0,0.0,0.0,0.0,2026-07-29T18:00:00+02:00,2026-07-29T18:41:10+02:00,BICYCLE,,,,41.16666666666666,10525.98,0.0,0.0,0.0,0.0,complete_route,True,0,91.16666666666666,22686.97,0.0,0.0,0.0,0.0
MAD-126,Zofío,Usera,DEST_003,UC3M Campus de Leganés,CAR,Coche,2026-07-29,2026-07-29T09:00:00+02:00,success,[],,2026-07-29T18:00:00+02:00,success,[],,2026-07-29T08:48:25+02:00,2026-07-29T09:00:00+02:00,CAR,,,,11.583333333333334,9188.48,0.0,0.0,0.0,0.0,2026-07-29T18:00:00+02:00,2026-07-29T18:12:00+02:00,CAR,,,,12.0,9987.41,0.0,0.0,0.0,0.0,complete_route,True,0,23.583333333333336,19175.89,0.0,0.0,0.0,0.0
MAD-126,Zofío,Usera,DEST_003,UC3M Campus de Leganés,TRANSIT,Transporte público,2026-07-29,2026-07-29T09:00:00+02:00,success,[],,2026-07-29T18:00:00+02:00,success,[],,2026-07-29T08:04:25+02:00,2026-07-29T08:56:51+02:00,WALK|BUS,BUS,484|482,Consorcio Regional de Transportes de Madrid,52.43333333333333,9022.48,18.433333333333334,7.416666666666667,1380.48,1.0,2026-07-29T18:03:27+02:00,2026-07-29T18:50:05+02:00,WALK|BUS,BUS,485|484,Consorcio Regional de Transportes de Madrid,46.63333333333333,13783.96,18.83333333333333,2.4833333333333334,1406.96,1.0,complete_route,True,0,99.06666666666666,22806.44,37.266666666666666,9.9,2787.44,2.0
MAD-126,Zofío,Usera,DEST_003,UC3M Campus de Leganés,WALK,A pie,2026-07-29,2026-07-29T09:00:00+02:00,success,[],,2026-07-29T18:00:00+02:00,success,[],,2026-07-29T07:08:14+02:00,2026-07-29T09:00:00+02:00,WALK,,,,111.76666666666668,8748.02,111.76666666666668,0.0,8748.02,0.0,2026-07-29T18:00:00+02:00,2026-07-29T19:51:46+02:00,WALK,,,,111.76666666666668,8748.02,111.76666666666668,0.0,8748.02,0.0,complete_route,True,0,223.53333333333336,17496.04,223.53333333333336,0.0,17496.04,0.0
MAD-127,Pradolongo,Usera,DEST_003,UC3M Campus de Leganés,BICYCLE,Bicicleta,2026-07-29,2026-07-29T09:00:00+02:00,success,[],,2026-07-29T18:00:00+02:00,success,[],,2026-07-29T08:07:24+02:00,2026-07-29T09:00:00+02:00,BICYCLE,,,,52.6,12435.32,0.0,0.0,0.0,0.0,2026-07-29T18:00:00+02:00,2026-07-29T18:43:02+02:00,BICYCLE,,,,43.03333333333333,10725.22,0.0,0.0,0.0,0.0,complete_route,True,0,95.63333333333333,23160.54,0.0,0.0,0.0,0.0
MAD-127,Pradolongo,Usera,DEST_003,UC3M Campus de Leganés,CAR,Coche,2026-07-29,2026-07-29T09:00:00+02:00,success,[],,2026-07-29T18:00:00+02:00,success,[],,2026-07-29T08:47:21+02:00,2026-07-29T09:00:00+02:00,CAR,,,,12.65,9593.89,0.0,0.0,0.0,0.0,2026-07-29T18:00:00+02:00,2026-07-29T18:12:50+02:00,CAR,,,,12.833333333333334,10139.85,0.0,0.0,0.0,0.0,complete_route,True,0,25.483333333333334,19733.739999999998,0.0,0.0,0.0,0.0
MAD-127,Pradolongo,Usera,DEST_003,UC3M Campus de Leganés,TRANSIT,Transporte público,2026-07-29,2026-07-29T09:00:00+02:00,success,[],,2026-07-29T18:00:00+02:00,success,[],,2026-07-29T07:54:03+02:00,2026-07-29T08:59:59+02:00,WALK|BUS,BUS,480,Consorcio Regional de Transportes de Madrid,65.93333333333334,14917.19,23.816666666666663,0.0,1711.19,0.0,2026-07-29T18:00:58+02:00,2026-07-29T18:59:13+02:00,WALK|BUS,BUS,480,Consorcio Regional de Transportes de Madrid,58.25,14461.37,24.383333333333333,0.0,1751.37,0.0,complete_route,True,0,124.18333333333334,29378.56,48.199999999999996,0.0,3462.56,0.0
MAD-127,Pradolongo,Usera,DEST_003,UC3M Campus de Leganés,WALK,A pie,2026-07-29,2026-07-29T09:00:00+02:00,success,[],,2026-07-29T18:00:00+02:00,success,[],,2026-07-29T07:01:18+02:00,2026-07-29T09:00:00+02:00,WALK,,,,118.7,9279.43,118.7,0.0,9279.43,0.0,2026-07-29T18:00:00+02:00,2026-07-29T19:58:42+02:00,WALK,,,,118.7,9279.43,118.7,0.0,9279.43,0.0,complete_route,True,0,237.4,18558.86,237.4,0.0,18558.86,0.0
MAD-131,Entrevías,Puente de Vallecas,DEST_003,UC3M Campus de Leganés,BICYCLE,Bicicleta,2026-07-29,2026-07-29T09:00:00+02:00,success,[],,2026-07-29T18:00:00+02:00,success,[],,2026-07-29T07:52:40+02:00,2026-07-29T09:00:00+02:00,BICYCLE,,,,67.33333333333333,17080.64,0.0,0.0,0.0,0.0,2026-07-29T18:00:00+02:00,2026-07-29T18:58:40+02:00,BICYCLE,,,,58.66666666666666,15535.63,0.0,0.0,0.0,0.0,complete_route,True,0,125.99999999999999,32616.269999999997,0.0,0.0,0.0,0.0
MAD-131,Entrevías,Puente de Vallecas,DEST_003,UC3M Campus de Leganés,CAR,Coche,2026-07-29,2026-07-29T09:00:00+02:00,success,[],,2026-07-29T18:00:00+02:00,success,[],,2026-07-29T08:44:28+02:00,2026-07-29T09:00:00+02:00,CAR,,,,15.533333333333331,14692.93,0.0,0.0,0.0,0.0,2026-07-29T18:00:00+02:00,2026-07-29T18:16:00+02:00,CAR,,,,16.0,15528.61,0.0,0.0,0.0,0.0,complete_route,True,0,31.53333333333333,30221.54,0.0,0.0,0.0,0.0
MAD-131,Entrevías,Puente de Vallecas,DEST_003,UC3M Campus de Leganés,TRANSIT,Transporte público,2026-07-29,2026-07-29T09:00:00+02:00,success,[],,2026-07-29T18:00:00+02:00,success,[],,2026-07-29T07:16:00+02:00,2026-07-29T08:56:51+02:00,WALK|BUS,BUS,102|E1|482,Información oficial: Consorcio Regional de Transportes de Madrid|Consorcio Regional de Transportes de Madrid,100.85,17506.89,11.516666666666667,21.15,760.89,2.0,2026-07-29T18:04:55+02:00,2026-07-29T19:37:07+02:00,WALK|BUS,BUS,485|432|423|102,Consorcio Regional de Transportes de Madrid|Información oficial: Consorcio Regional de Transportes de Madrid,92.2,19281.84,11.166666666666666,24.866666666666667,792.84,3.0,complete_route,True,0,193.05,36788.729999999996,22.683333333333334,46.016666666666666,1553.73,5.0
MAD-131,Entrevías,Puente de Vallecas,DEST_003,UC3M Campus de Leganés,WALK,A pie,2026-07-29,2026-07-29T09:00:00+02:00,success,[],,2026-07-29T18:00:00+02:00,success,[],,2026-07-29T06:24:05+02:00,2026-07-29T09:00:00+02:00,WALK,,,,155.91666666666666,11921.36,155.91666666666666,0.0,11921.36,0.0,2026-07-29T18:00:00+02:00,2026-07-29T20:35:55+02:00,WALK,,,,155.91666666666666,11921.36,155.91666666666666,0.0,11921.36,0.0,complete_route,True,0,311.8333333333333,23842.72,311.8333333333333,0.0,23842.72,0.0
MAD-132,San Diego,Puente de Vallecas,DEST_003,UC3M Campus de Leganés,BICYCLE,Bicicleta,2026-07-29,2026-07-29T09:00:00+02:00,success,[],,2026-07-29T18:00:00+02:00,success,[],,2026-07-29T07:47:32+02:00,2026-07-29T09:00:00+02:00,BICYCLE,,,,72.46666666666667,17789.36,0.0,0.0,0.0,0.0,2026-07-29T18:00:00+02:00,2026-07-29T19:06:24+02:00,BICYCLE,,,,66.4,17459.36,0.0,0.0,0.0,0.0,complete_route,True,0,138.86666666666667,35248.72,0.0,0.0,0.0,0.0
MAD-132,San Diego,Puente de Vallecas,DEST_003,UC3M Campus de Leganés,CAR,Coche,2026-07-29,2026-07-29T09:00:00+02:00,success,[],,2026-07-29T18:00:00+02:00,success,[],,2026-07-29T08:43:23+02:00,2026-07-29T09:00:00+02:00,CAR,,,,16.616666666666667,13851.99,0.0,0.0,0.0,0.0,2026-07-29T18:00:00+02:00,2026-07-29T18:16:21+02:00,CAR,,,,16.35,15542.07,0.0,0.0,0.0,0.0,complete_route,True,0,32.96666666666667,29394.059999999998,0.0,0.0,0.0,0.0
MAD-132,San Diego,Puente de Vallecas,DEST_003,UC3M Campus de Leganés,TRANSIT,Transporte público,2026-07-29,2026-07-29T09:00:00+02:00,success,[],,2026-07-29T18:00:00+02:00,success,[],,2026-07-29T07:21:00+02:00,2026-07-29T08:56:51+02:00,WALK|BUS,BUS,102|E1|482,Información oficial: Consorcio Regional de Transportes de Madrid|Consorcio Regional de Transportes de Madrid,95.85,16311.79,13.316666666666666,21.33333333333333,854.79,2.0,2026-07-29T18:04:55+02:00,2026-07-29T19:23:40+02:00,WALK|BUS,BUS,485|432|423,Consorcio Regional de Transportes de Madrid,78.75,17487.14,20.1,14.866666666666667,1460.14,2.0,complete_route,True,0,174.6,33798.93,33.41666666666667,36.199999999999996,2314.9300000000003,4.0
MAD-132,San Diego,Puente de Vallecas,DEST_003,UC3M Campus de Leganés,WALK,A pie,2026-07-29,2026-07-29T09:00:00+02:00,success,[],,2026-07-29T18:00:00+02:00,success,[],,2026-07-29T05:59:37+02:00,2026-07-29T09:00:00+02:00,WALK,,,,180.38333333333333,13769.64,180.38333333333333,0.0,13769.64,0.0,2026-07-29T18:00:00+02:00,2026-07-29T21:00:23+02:00,WALK,,,,180.38333333333333,13769.64,180.38333333333333,0.0,13769.64,0.0,complete_route,True,0,360.76666666666665,27539.28,360.76666666666665,0.0,27539.28,0.0
MAD-133,Palomeras Bajas,Puente de Vallecas,DEST_003,UC3M Campus de Leganés,BICYCLE,Bicicleta,2026-07-29,2026-07-29T09:00:00+02:00,success,[],,2026-07-29T18:00:00+02:00,success,[],,2026-07-29T07:38:28+02:00,2026-07-29T09:00:00+02:00,BICYCLE,,,,81.53333333333333,20539.45,0.0,0.0,0.0,0.0,2026-07-29T18:00:00+02:00,2026-07-29T19:11:36+02:00,BICYCLE,,,,71.6,18977.4,0.0,0.0,0.0,0.0,complete_route,True,0,153.13333333333333,39516.850000000006,0.0,0.0,0.0,0.0
MAD-133,Palomeras Bajas,Puente de Vallecas,DEST_003,UC3M Campus de Leganés,CAR,Coche,2026-07-29,2026-07-29T09:00:00+02:00,success,[],,2026-07-29T18:00:00+02:00,success,[],,2026-07-29T08:41:45+02:00,2026-07-29T09:00:00+02:00,CAR,,,,18.25,18545.31,0.0,0.0,0.0,0.0,2026-07-29T18:00:00+02:00,2026-07-29T18:17:22+02:00,CAR,,,,17.366666666666667,18368.34,0.0,0.0,0.0,0.0,complete_route,True,0,35.61666666666667,36913.65,0.0,0.0,0.0,0.0
MAD-133,Palomeras Bajas,Puente de Vallecas,DEST_003,UC3M Campus de Leganés,TRANSIT,Transporte público,2026-07-29,2026-07-29T09:00:00+02:00,success,[],,2026-07-29T18:00:00+02:00,success,[],,2026-07-29T07:07:00+02:00,2026-07-29T08:56:51+02:00,WALK|BUS,BUS,10|E1|482,Información oficial: Consorcio Regional de Transportes de Madrid|Consorcio Regional de Transportes de Madrid,109.85,18570.01,14.45,22.116666666666667,1016.01,2.0,2026-07-29T18:04:55+02:00,2026-07-29T19:39:09+02:00,WALK|BUS,BUS,485|432|423,Consorcio Regional de Transportes de Madrid,94.23333333333332,18620.23,35.583333333333336,14.866666666666667,2593.23,2.0,complete_route,True,0,204.08333333333331,37190.24,50.03333333333333,36.983333333333334,3609.24,4.0
MAD-133,Palomeras Bajas,Puente de Vallecas,DEST_003,UC3M Campus de Leganés,WALK,A pie,2026-07-29,2026-07-29T09:00:00+02:00,success,[],,2026-07-29T18:00:00+02:00,success,[],,2026-07-29T05:55:12+02:00,2026-07-29T09:00:00+02:00,WALK,,,,184.8,14120.28,184.8,0.0,14120.28,0.0,2026-07-29T18:00:00+02:00,2026-07-29T21:04:48+02:00,WALK,,,,184.8,14120.28,184.8,0.0,14120.28,0.0,complete_route,True,0,369.6,28240.56,369.6,0.0,28240.56,0.0
MAD-134,Palomeras Sureste,Puente de Vallecas,DEST_003,UC3M Campus de Leganés,BICYCLE,Bicicleta,2026-07-29,2026-07-29T09:00:00+02:00,success,[],,2026-07-29T18:00:00+02:00,success,[],,2026-07-29T07:36:26+02:00,2026-07-29T09:00:00+02:00,BICYCLE,,,,83.56666666666666,21425.49,0.0,0.0,0.0,0.0,2026-07-29T18:00:00+02:00,2026-07-29T19:13:12+02:00,BICYCLE,,,,73.2,19506.57,0.0,0.0,0.0,0.0,complete_route,True,0,156.76666666666665,40932.06,0.0,0.0,0.0,0.0
MAD-134,Palomeras Sureste,Puente de Vallecas,DEST_003,UC3M Campus de Leganés,CAR,Coche,2026-07-29,2026-07-29T09:00:00+02:00,success,[],,2026-07-29T18:00:00+02:00,success,[],,2026-07-29T08:45:48+02:00,2026-07-29T09:00:00+02:00,CAR,,,,14.2,15904.58,0.0,0.0,0.0,0.0,2026-07-29T18:00:00+02:00,2026-07-29T18:13:51+02:00,CAR,,,,13.85,15893.43,0.0,0.0,0.0,0.0,complete_route,True,0,28.049999999999997,31798.010000000002,0.0,0.0,0.0,0.0
MAD-134,Palomeras Sureste,Puente de Vallecas,DEST_003,UC3M Campus de Leganés,TRANSIT,Transporte público,2026-07-29,2026-07-29T09:00:00+02:00,success,[],,2026-07-29T18:00:00+02:00,success,[],,2026-07-29T07:00:14+02:00,2026-07-29T08:56:51+02:00,WALK|BUS,BUS,352|102|E1|482,Consorcio Regional de Transportes de Madrid|Información oficial: Consorcio Regional de Transportes de Madrid,116.61666666666666,21714.12,31.85,23.433333333333334,2259.12,3.0,2026-07-29T18:04:55+02:00,2026-07-29T19:46:35+02:00,WALK|BUS,BUS,485|432|423|331,Consorcio Regional de Transportes de Madrid,101.66666666666669,23660.56,27.816666666666663,18.066666666666663,2073.56,3.0,complete_route,True,0,218.28333333333336,45374.68,59.666666666666664,41.5,4332.68,6.0
MAD-134,Palomeras Sureste,Puente de Vallecas,DEST_003,UC3M Campus de Leganés,WALK,A pie,2026-07-29,2026-07-29T09:00:00+02:00,success,[],,2026-07-29T18:00:00+02:00,success,[],,2026-07-29T05:39:18+02:00,2026-07-29T09:00:00+02:00,WALK,,,,200.7,15435.03,200.7,0.0,15435.03,0.0,2026-07-29T18:00:00+02:00,2026-07-29T21:20:42+02:00,WALK,,,,200.7,15435.03,200.7,0.0,15435.03,0.0,complete_route,True,0,401.4,30870.06,401.4,0.0,30870.06,0.0
MAD-135,Portazgo,Puente de Vallecas,DEST_003,UC3M Campus de Leganés,BICYCLE,Bicicleta,2026-07-29,2026-07-29T09:00:00+02:00,success,[],,2026-07-29T18:00:00+02:00,success,[],,2026-07-29T07:35:17+02:00,2026-07-29T09:00:00+02:00,BICYCLE,,,,84.71666666666667,21355.54,0.0,0.0,0.0,0.0,2026-07-29T18:00:00+02:00,2026-07-29T19:13:42+02:00,BICYCLE,,,,73.7,19535.57,0.0,0.0,0.0,0.0,complete_route,True,0,158.41666666666669,40891.11,0.0,0.0,0.0,0.0
MAD-135,Portazgo,Puente de Vallecas,DEST_003,UC3M Campus de Leganés,CAR,Coche,2026-07-29,2026-07-29T09:00:00+02:00,success,[],,2026-07-29T18:00:00+02:00,success,[],,2026-07-29T08:44:06+02:00,2026-07-29T09:00:00+02:00,CAR,,,,15.9,16919.95,0.0,0.0,0.0,0.0,2026-07-29T18:00:00+02:00,2026-07-29T18:15:25+02:00,CAR,,,,15.416666666666666,17077.86,0.0,0.0,0.0,0.0,complete_route,True,0,31.316666666666666,33997.81,0.0,0.0,0.0,0.0
MAD-135,Portazgo,Puente de Vallecas,DEST_003,UC3M Campus de Leganés,TRANSIT,Transporte público,2026-07-29,2026-07-29T09:00:00+02:00,success,[],,2026-07-29T18:00:00+02:00,success,[],,2026-07-29T07:07:35+02:00,2026-07-29T08:56:51+02:00,WALK|BUS,BUS,352|102|E1|482,Consorcio Regional de Transportes de Madrid|Información oficial: Consorcio Regional de Transportes de Madrid,109.26666666666668,21085.58,24.5,23.433333333333334,1630.58,3.0,2026-07-29T18:04:55+02:00,2026-07-29T19:39:36+02:00,WALK|BUS,BUS,485|432|423|331,Consorcio Regional de Transportes de Madrid,94.68333333333334,21980.52,22.83333333333333,18.066666666666663,1630.52,3.0,complete_route,True,0,203.95000000000002,43066.100000000006,47.33333333333333,41.5,3261.1,6.0
MAD-135,Portazgo,Puente de Vallecas,DEST_003,UC3M Campus de Leganés,WALK,A pie,2026-07-29,2026-07-29T09:00:00+02:00,success,[],,2026-07-29T18:00:00+02:00,success,[],,2026-07-29T05:39:42+02:00,2026-07-29T09:00:00+02:00,WALK,,,,200.3,15315.27,200.3,0.0,15315.27,0.0,2026-07-29T18:00:00+02:00,2026-07-29T21:20:18+02:00,WALK,,,,200.3,15315.27,200.3,0.0,15315.27,0.0,complete_route,True,0,400.6,30630.54,400.6,0.0,30630.54,0.0
MAD-136,Numancia,Puente de Vallecas,DEST_003,UC3M Campus de Leganés,BICYCLE,Bicicleta,2026-07-29,2026-07-29T09:00:00+02:00,success,[],,2026-07-29T18:00:00+02:00,success,[],,2026-07-29T07:41:25+02:00,2026-07-29T09:00:00+02:00,BICYCLE,,,,78.58333333333333,18790.24,0.0,0.0,0.0,0.0,2026-07-29T18:00:00+02:00,2026-07-29T19:10:25+02:00,BICYCLE,,,,70.41666666666667,17483.48,0.0,0.0,0.0,0.0,complete_route,True,0,149.0,36273.72,0.0,0.0,0.0,0.0
MAD-136,Numancia,Puente de Vallecas,DEST_003,UC3M Campus de Leganés,CAR,Coche,2026-07-29,2026-07-29T09:00:00+02:00,success,[],,2026-07-29T18:00:00+02:00,success,[],,2026-07-29T08:42:12+02:00,2026-07-29T09:00:00+02:00,CAR,,,,17.8,19180.52,0.0,0.0,0.0,0.0,2026-07-29T18:00:00+02:00,2026-07-29T18:16:43+02:00,CAR,,,,16.716666666666665,16414.14,0.0,0.0,0.0,0.0,complete_route,True,0,34.516666666666666,35594.66,0.0,0.0,0.0,0.0
MAD-136,Numancia,Puente de Vallecas,DEST_003,UC3M Campus de Leganés,TRANSIT,Transporte público,2026-07-29,2026-07-29T09:00:00+02:00,success,[],,2026-07-29T18:00:00+02:00,success,[],,2026-07-29T07:11:00+02:00,2026-07-29T08:56:51+02:00,WALK|BUS,BUS,10|E1|482,Información oficial: Consorcio Regional de Transportes de Madrid|Consorcio Regional de Transportes de Madrid,105.85,17567.29,17.383333333333333,22.166666666666668,1243.29,2.0,2026-07-29T18:04:55+02:00,2026-07-29T19:37:37+02:00,WALK|BUS,BUS,485|432|423,Consorcio Regional de Transportes de Madrid,92.7,18525.9,34.05,14.866666666666667,2498.9,2.0,complete_route,True,0,198.55,36093.19,51.43333333333333,37.03333333333333,3742.19,4.0
MAD-136,Numancia,Puente de Vallecas,DEST_003,UC3M Campus de Leganés,WALK,A pie,2026-07-29,2026-07-29T09:00:00+02:00,success,[],,2026-07-29T18:00:00+02:00,success,[],,2026-07-29T05:49:09+02:00,2026-07-29T09:00:00+02:00,WALK,,,,190.85,14688.18,190.85,0.0,14688.18,0.0,2026-07-29T18:00:00+02:00,2026-07-29T21:10:51+02:00,WALK,,,,190.85,14688.18,190.85,0.0,14688.18,0.0,complete_route,True,0,381.7,29376.36,381.7,0.0,29376.36,0.0
MAD-141,Pavones,Moratalaz,DEST_003,UC3M Campus de Leganés,BICYCLE,Bicicleta,2026-07-29,2026-07-29T09:00:00+02:00,success,[],,2026-07-29T18:00:00+02:00,success,[],,2026-07-29T07:27:31+02:00,2026-07-29T09:00:00+02:00,BICYCLE,,,,92.48333333333332,23647.66,0.0,0.0,0.0,0.0,2026-07-29T18:00:00+02:00,2026-07-29T19:23:20+02:00,BICYCLE,,,,83.33333333333333,22166.01,0.0,0.0,0.0,0.0,complete_route,True,0,175.81666666666666,45813.67,0.0,0.0,0.0,0.0
MAD-141,Pavones,Moratalaz,DEST_003,UC3M Campus de Leganés,CAR,Coche,2026-07-29,2026-07-29T09:00:00+02:00,success,[],,2026-07-29T18:00:00+02:00,success,[],,2026-07-29T08:42:39+02:00,2026-07-29T09:00:00+02:00,CAR,,,,17.35,18251.0,0.0,0.0,0.0,0.0,2026-07-29T18:00:00+02:00,2026-07-29T18:17:20+02:00,CAR,,,,17.333333333333332,18582.71,0.0,0.0,0.0,0.0,complete_route,True,0,34.68333333333334,36833.71,0.0,0.0,0.0,0.0
MAD-141,Pavones,Moratalaz,DEST_003,UC3M Campus de Leganés,TRANSIT,Transporte público,2026-07-29,2026-07-29T09:00:00+02:00,success,[],,2026-07-29T18:00:00+02:00,success,[],,2026-07-29T07:09:10+02:00,2026-07-29T08:56:51+02:00,WALK|BUS,BUS,352|102|E1|482,Consorcio Regional de Transportes de Madrid|Información oficial: Consorcio Regional de Transportes de Madrid,107.68333333333334,20997.15,22.916666666666668,23.433333333333334,1542.15,3.0,2026-07-29T18:04:55+02:00,2026-07-29T19:39:47+02:00,WALK|BUS,BUS,485|432|423|331,Consorcio Regional de Transportes de Madrid,94.86666666666666,22015.38,23.016666666666666,18.066666666666663,1665.38,3.0,complete_route,True,0,202.55,43012.53,45.93333333333334,41.5,3207.53,6.0
MAD-141,Pavones,Moratalaz,DEST_003,UC3M Campus de Leganés,WALK,A pie,2026-07-29,2026-07-29T09:00:00+02:00,success,[],,2026-07-29T18:00:00+02:00,success,[],,2026-07-29T05:17:29+02:00,2026-07-29T09:00:00+02:00,WALK,,,,222.51666666666668,16901.36,222.51666666666668,0.0,16901.36,0.0,2026-07-29T18:00:00+02:00,2026-07-29T21:42:25+02:00,WALK,,,,222.41666666666663,16901.36,222.41666666666663,0.0,16901.36,0.0,complete_route,True,0,444.9333333333333,33802.72,444.9333333333333,0.0,33802.72,0.0
MAD-142,Horcajo,Moratalaz,DEST_003,UC3M Campus de Leganés,BICYCLE,Bicicleta,2026-07-29,2026-07-29T09:00:00+02:00,success,[],,2026-07-29T18:00:00+02:00,success,[],,2026-07-29T07:25:16+02:00,2026-07-29T09:00:00+02:00,BICYCLE,,,,94.73333333333332,24465.59,0.0,0.0,0.0,0.0,2026-07-29T18:00:00+02:00,2026-07-29T19:25:13+02:00,BICYCLE,,,,85.21666666666667,22931.32,0.0,0.0,0.0,0.0,complete_route,True,0,179.95,47396.91,0.0,0.0,0.0,0.0
MAD-142,Horcajo,Moratalaz,DEST_003,UC3M Campus de Leganés,CAR,Coche,2026-07-29,2026-07-29T09:00:00+02:00,success,[],,2026-07-29T18:00:00+02:00,success,[],,2026-07-29T08:44:14+02:00,2026-07-29T09:00:00+02:00,CAR,,,,15.766666666666667,18223.92,0.0,0.0,0.0,0.0,2026-07-29T18:00:00+02:00,2026-07-29T18:15:36+02:00,CAR,,,,15.6,18517.28,0.0,0.0,0.0,0.0,complete_route,True,0,31.366666666666667,36741.2,0.0,0.0,0.0,0.0
MAD-142,Horcajo,Moratalaz,DEST_003,UC3M Campus de Leganés,TRANSIT,Transporte público,2026-07-29,2026-07-29T09:00:00+02:00,success,[],,2026-07-29T18:00:00+02:00,success,[],,2026-07-29T06:53:00+02:00,2026-07-29T08:56:51+02:00,WALK|BUS,BUS,E4|C1|E1|482,Información oficial: Consorcio Regional de Transportes de Madrid|Consorcio Regional de Transportes de Madrid,123.85,21593.5,12.583333333333334,32.31666666666667,830.5000000000001,3.0,2026-07-29T18:04:55+02:00,2026-07-29T19:57:21+02:00,WALK|BUS,BUS,485|432|423|331,Consorcio Regional de Transportes de Madrid,112.43333333333334,23347.15,40.583333333333336,18.066666666666663,2997.15,3.0,complete_route,True,0,236.28333333333333,44940.65,53.16666666666667,50.38333333333333,3827.65,6.0
MAD-142,Horcajo,Moratalaz,DEST_003,UC3M Campus de Leganés,WALK,A pie,2026-07-29,2026-07-29T09:00:00+02:00,no_route,"[{""code"":""NO_DIRECT_MODE_CONNECTION"",""description"":""No route found for the requested direct mode. The origin and destination may be too far apart or not connected by the requested mode of transport."",""inputField"":null}]",,2026-07-29T18:00:00+02:00,no_route,"[{""code"":""NO_DIRECT_MODE_CONNECTION"",""description"":""No route found for the requested direct mode. The origin and destination may be too far apart or not connected by the requested mode of transport."",""inputField"":null}]",,,,,,,,,,,,,,,,,,,,,,,,,,no_route,False,2,,,,,,
MAD-143,Marroquina,Moratalaz,DEST_003,UC3M Campus de Leganés,BICYCLE,Bicicleta,2026-07-29,2026-07-29T09:00:00+02:00,success,[],,2026-07-29T18:00:00+02:00,success,[],,2026-07-29T07:20:35+02:00,2026-07-29T09:00:00+02:00,BICYCLE,,,,99.41666666666669,25605.86,0.0,0.0,0.0,0.0,2026-07-29T18:00:00+02:00,2026-07-29T19:28:48+02:00,BICYCLE,,,,88.8,23686.55,0.0,0.0,0.0,0.0,complete_route,True,0,188.2166666666667,49292.41,0.0,0.0,0.0,0.0
MAD-143,Marroquina,Moratalaz,DEST_003,UC3M Campus de Leganés,CAR,Coche,2026-07-29,2026-07-29T09:00:00+02:00,success,[],,2026-07-29T18:00:00+02:00,success,[],,2026-07-29T08:42:23+02:00,2026-07-29T09:00:00+02:00,CAR,,,,17.616666666666667,19345.24,0.0,0.0,0.0,0.0,2026-07-29T18:00:00+02:00,2026-07-29T18:17:01+02:00,CAR,,,,17.016666666666666,19581.78,0.0,0.0,0.0,0.0,complete_route,True,0,34.63333333333333,38927.020000000004,0.0,0.0,0.0,0.0
MAD-143,Marroquina,Moratalaz,DEST_003,UC3M Campus de Leganés,TRANSIT,Transporte público,2026-07-29,2026-07-29T09:00:00+02:00,success,[],,2026-07-29T18:00:00+02:00,success,[],,2026-07-29T07:09:00+02:00,2026-07-29T08:56:51+02:00,WALK|BUS,BUS,32|E1|482,Información oficial: Consorcio Regional de Transportes de Madrid|Consorcio Regional de Transportes de Madrid,107.85,19151.27,7.416666666666667,24.766666666666666,471.27,2.0,2026-07-29T18:04:55+02:00,2026-07-29T19:46:29+02:00,WALK|BUS,BUS,485|432|423|331,Consorcio Regional de Transportes de Madrid,101.56666666666666,21783.25,32.71666666666667,18.066666666666663,2414.25,3.0,complete_route,True,0,209.41666666666666,40934.520000000004,40.13333333333333,42.83333333333333,2885.52,5.0
MAD-143,Marroquina,Moratalaz,DEST_003,UC3M Campus de Leganés,WALK,A pie,2026-07-29,2026-07-29T09:00:00+02:00,success,[],,2026-07-29T18:00:00+02:00,success,[],,2026-07-29T05:07:40+02:00,2026-07-29T09:00:00+02:00,WALK,,,,232.3333333333333,17616.71,232.3333333333333,0.0,17616.71,0.0,2026-07-29T18:00:00+02:00,2026-07-29T21:52:20+02:00,WALK,,,,232.3333333333333,17616.71,232.3333333333333,0.0,17616.71,0.0,complete_route,True,0,464.6666666666666,35233.42,464.6666666666666,0.0,35233.42,0.0
MAD-144,Media Legua,Moratalaz,DEST_003,UC3M Campus de Leganés,BICYCLE,Bicicleta,2026-07-29,2026-07-29T09:00:00+02:00,success,[],,2026-07-29T18:00:00+02:00,success,[],,2026-07-29T07:34:33+02:00,2026-07-29T09:00:00+02:00,BICYCLE,,,,85.45,20228.49,0.0,0.0,0.0,0.0,2026-07-29T18:00:00+02:00,2026-07-29T19:18:47+02:00,BICYCLE,,,,78.78333333333333,19103.88,0.0,0.0,0.0,0.0,complete_route,True,0,164.23333333333335,39332.37,0.0,0.0,0.0,0.0
MAD-144,Media Legua,Moratalaz,DEST_003,UC3M Campus de Leganés,CAR,Coche,2026-07-29,2026-07-29T09:00:00+02:00,success,[],,2026-07-29T18:00:00+02:00,success,[],,2026-07-29T08:41:52+02:00,2026-07-29T09:00:00+02:00,CAR,,,,18.133333333333333,18128.39,0.0,0.0,0.0,0.0,2026-07-29T18:00:00+02:00,2026-07-29T18:16:53+02:00,CAR,,,,16.883333333333333,17675.76,0.0,0.0,0.0,0.0,complete_route,True,0,35.016666666666666,35804.149999999994,0.0,0.0,0.0,0.0
MAD-144,Media Legua,Moratalaz,DEST_003,UC3M Campus de Leganés,TRANSIT,Transporte público,2026-07-29,2026-07-29T09:00:00+02:00,success,[],,2026-07-29T18:00:00+02:00,success,[],,2026-07-29T07:18:00+02:00,2026-07-29T08:56:51+02:00,WALK|BUS,BUS,32|E1|482,Información oficial: Consorcio Regional de Transportes de Madrid|Consorcio Regional de Transportes de Madrid,98.85,17099.14,9.533333333333331,24.716666666666665,633.14,2.0,2026-07-29T18:04:55+02:00,2026-07-29T19:44:17+02:00,WALK|BUS,BUS,485|432|423|113,Consorcio Regional de Transportes de Madrid|Información oficial: Consorcio Regional de Transportes de Madrid,99.36666666666666,19944.12,11.966666666666669,25.866666666666667,857.1200000000001,3.0,complete_route,True,0,198.21666666666664,37043.259999999995,21.5,50.58333333333333,1490.2600000000002,5.0
MAD-144,Media Legua,Moratalaz,DEST_003,UC3M Campus de Leganés,WALK,A pie,2026-07-29,2026-07-29T09:00:00+02:00,success,[],,2026-07-29T18:00:00+02:00,success,[],,2026-07-29T05:26:00+02:00,2026-07-29T09:00:00+02:00,WALK,,,,214.0,16148.41,214.0,0.0,16148.41,0.0,2026-07-29T18:00:00+02:00,2026-07-29T21:34:00+02:00,WALK,,,,214.0,16148.42,214.0,0.0,16148.42,0.0,complete_route,True,0,428.0,32296.83,428.0,0.0,32296.83,0.0
MAD-145,Fontarrón,Moratalaz,DEST_003,UC3M Campus de Leganés,BICYCLE,Bicicleta,2026-07-29,2026-07-29T09:00:00+02:00,success,[],,2026-07-29T18:00:00+02:00,success,[],,2026-07-29T07:27:45+02:00,2026-07-29T09:00:00+02:00,BICYCLE,,,,92.25,23537.17,0.0,0.0,0.0,0.0,2026-07-29T18:00:00+02:00,2026-07-29T19:22:56+02:00,BICYCLE,,,,82.93333333333334,22001.14,0.0,0.0,0.0,0.0,complete_route,True,0,175.18333333333334,45538.31,0.0,0.0,0.0,0.0
MAD-145,Fontarrón,Moratalaz,DEST_003,UC3M Campus de Leganés,CAR,Coche,2026-07-29,2026-07-29T09:00:00+02:00,success,[],,2026-07-29T18:00:00+02:00,success,[],,2026-07-29T08:42:19+02:00,2026-07-29T09:00:00+02:00,CAR,,,,17.683333333333334,18397.39,0.0,0.0,0.0,0.0,2026-07-29T18:00:00+02:00,2026-07-29T18:17:32+02:00,CAR,,,,17.533333333333335,18778.06,0.0,0.0,0.0,0.0,complete_route,True,0,35.21666666666667,37175.45,0.0,0.0,0.0,0.0
MAD-145,Fontarrón,Moratalaz,DEST_003,UC3M Campus de Leganés,TRANSIT,Transporte público,2026-07-29,2026-07-29T09:00:00+02:00,success,[],,2026-07-29T18:00:00+02:00,success,[],,2026-07-29T07:10:04+02:00,2026-07-29T08:56:51+02:00,WALK|BUS,BUS,352|102|E1|482,Consorcio Regional de Transportes de Madrid|Información oficial: Consorcio Regional de Transportes de Madrid,106.78333333333332,20967.92,22.016666666666666,23.433333333333334,1512.92,3.0,2026-07-29T18:04:55+02:00,2026-07-29T19:30:10+02:00,WALK|BUS,BUS,485|432|423|331,Consorcio Regional de Transportes de Madrid,85.25,20583.69,16.4,18.066666666666663,1214.69,3.0,complete_route,True,0,192.0333333333333,41551.61,38.416666666666664,41.5,2727.61,6.0
MAD-145,Fontarrón,Moratalaz,DEST_003,UC3M Campus de Leganés,WALK,A pie,2026-07-29,2026-07-29T09:00:00+02:00,success,[],,2026-07-29T18:00:00+02:00,success,[],,2026-07-29T05:26:50+02:00,2026-07-29T09:00:00+02:00,WALK,,,,213.16666666666663,16214.76,213.16666666666663,0.0,16214.76,0.0,2026-07-29T18:00:00+02:00,2026-07-29T21:33:10+02:00,WALK,,,,213.16666666666663,16214.76,213.16666666666663,0.0,16214.76,0.0,complete_route,True,0,426.33333333333326,32429.52,426.33333333333326,0.0,32429.52,0.0
MAD-146,Vinateros,Moratalaz,DEST_003,UC3M Campus de Leganés,BICYCLE,Bicicleta,2026-07-29,2026-07-29T09:00:00+02:00,success,[],,2026-07-29T18:00:00+02:00,success,[],,2026-07-29T07:26:22+02:00,2026-07-29T09:00:00+02:00,BICYCLE,,,,93.63333333333334,23844.8,0.0,0.0,0.0,0.0,2026-07-29T18:00:00+02:00,2026-07-29T19:24:24+02:00,BICYCLE,,,,84.4,22363.83,0.0,0.0,0.0,0.0,complete_route,True,0,178.03333333333336,46208.630000000005,0.0,0.0,0.0,0.0
MAD-146,Vinateros,Moratalaz,DEST_003,UC3M Campus de Leganés,CAR,Coche,2026-07-29,2026-07-29T09:00:00+02:00,success,[],,2026-07-29T18:00:00+02:00,success,[],,2026-07-29T08:41:37+02:00,2026-07-29T09:00:00+02:00,CAR,,,,18.383333333333333,18471.14,0.0,0.0,0.0,0.0,2026-07-29T18:00:00+02:00,2026-07-29T18:18:40+02:00,CAR,,,,18.666666666666668,19183.8,0.0,0.0,0.0,0.0,complete_route,True,0,37.05,37654.94,0.0,0.0,0.0,0.0
MAD-146,Vinateros,Moratalaz,DEST_003,UC3M Campus de Leganés,TRANSIT,Transporte público,2026-07-29,2026-07-29T09:00:00+02:00,success,[],,2026-07-29T18:00:00+02:00,success,[],,2026-07-29T07:08:00+02:00,2026-07-29T08:56:51+02:00,WALK|BUS,BUS,32|E1|482,Información oficial: Consorcio Regional de Transportes de Madrid|Consorcio Regional de Transportes de Madrid,108.85,18967.64,11.333333333333334,24.23333333333333,764.64,2.0,2026-07-29T18:04:55+02:00,2026-07-29T19:36:41+02:00,WALK|BUS,BUS,485|432|423|331,Consorcio Regional de Transportes de Madrid,91.76666666666668,21074.95,22.916666666666668,18.066666666666663,1705.95,3.0,complete_route,True,0,200.61666666666667,40042.59,34.25,42.3,2470.59,5.0
MAD-146,Vinateros,Moratalaz,DEST_003,UC3M Campus de Leganés,WALK,A pie,2026-07-29,2026-07-29T09:00:00+02:00,success,[],,2026-07-29T18:00:00+02:00,success,[],,2026-07-29T05:20:20+02:00,2026-07-29T09:00:00+02:00,WALK,,,,219.66666666666663,16706.02,219.66666666666663,0.0,16706.02,0.0,2026-07-29T18:00:00+02:00,2026-07-29T21:39:40+02:00,WALK,,,,219.66666666666663,16706.02,219.66666666666663,0.0,16706.02,0.0,complete_route,True,0,439.33333333333326,33412.04,439.33333333333326,0.0,33412.04,0.0
MAD-151,Ventas,Ciudad Lineal,DEST_003,UC3M Campus de Leganés,BICYCLE,Bicicleta,2026-07-29,2026-07-29T09:00:00+02:00,success,[],,2026-07-29T18:00:00+02:00,success,[],,2026-07-29T07:09:52+02:00,2026-07-29T09:00:00+02:00,BICYCLE,,,,110.13333333333334,28438.84,0.0,0.0,0.0,0.0,2026-07-29T18:00:00+02:00,2026-07-29T19:41:21+02:00,BICYCLE,,,,101.35,27017.3,0.0,0.0,0.0,0.0,complete_route,True,0,211.48333333333335,55456.14,0.0,0.0,0.0,0.0
MAD-151,Ventas,Ciudad Lineal,DEST_003,UC3M Campus de Leganés,CAR,Coche,2026-07-29,2026-07-29T09:00:00+02:00,success,[],,2026-07-29T18:00:00+02:00,success,[],,2026-07-29T08:41:08+02:00,2026-07-29T09:00:00+02:00,CAR,,,,18.866666666666667,19460.49,0.0,0.0,0.0,0.0,2026-07-29T18:00:00+02:00,2026-07-29T18:19:30+02:00,CAR,,,,19.5,19411.06,0.0,0.0,0.0,0.0,complete_route,True,0,38.36666666666667,38871.55,0.0,0.0,0.0,0.0
MAD-151,Ventas,Ciudad Lineal,DEST_003,UC3M Campus de Leganés,TRANSIT,Transporte público,2026-07-29,2026-07-29T09:00:00+02:00,success,[],,2026-07-29T18:00:00+02:00,success,[],,2026-07-29T07:06:00+02:00,2026-07-29T08:56:51+02:00,WALK|BUS,BUS,28|E1|482,Información oficial: Consorcio Regional de Transportes de Madrid|Consorcio Regional de Transportes de Madrid,110.85,19551.96,20.45,22.53333333333333,1396.96,2.0,2026-07-29T18:00:58+02:00,2026-07-29T19:56:46+02:00,WALK|BUS,BUS,480|E1|28,Consorcio Regional de Transportes de Madrid|Información oficial: Consorcio Regional de Transportes de Madrid,115.8,22774.39,20.016666666666666,22.0,1401.39,2.0,complete_route,True,0,226.64999999999998,42326.35,40.46666666666667,44.53333333333333,2798.3500000000004,4.0
MAD-151,Ventas,Ciudad Lineal,DEST_003,UC3M Campus de Leganés,WALK,A pie,2026-07-29,2026-07-29T09:00:00+02:00,success,[],,2026-07-29T18:00:00+02:00,success,[],,2026-07-29T05:09:21+02:00,2026-07-29T09:00:00+02:00,WALK,,,,230.65,17336.38,230.65,0.0,17336.38,0.0,2026-07-29T18:00:00+02:00,2026-07-29T21:50:39+02:00,WALK,,,,230.65,17336.38,230.65,0.0,17336.38,0.0,complete_route,True,0,461.3,34672.76,461.3,0.0,34672.76,0.0
MAD-152,Pueblo Nuevo,Ciudad Lineal,DEST_003,UC3M Campus de Leganés,BICYCLE,Bicicleta,2026-07-29,2026-07-29T09:00:00+02:00,success,[],,2026-07-29T18:00:00+02:00,success,[],,2026-07-29T07:14:26+02:00,2026-07-29T09:00:00+02:00,BICYCLE,,,,105.56666666666666,27420.73,0.0,0.0,0.0,0.0,2026-07-29T18:00:00+02:00,2026-07-29T19:36:55+02:00,BICYCLE,,,,96.91666666666669,25876.39,0.0,0.0,0.0,0.0,complete_route,True,0,202.48333333333335,53297.119999999995,0.0,0.0,0.0,0.0
MAD-152,Pueblo Nuevo,Ciudad Lineal,DEST_003,UC3M Campus de Leganés,CAR,Coche,2026-07-29,2026-07-29T09:00:00+02:00,success,[],,2026-07-29T18:00:00+02:00,success,[],,2026-07-29T08:38:24+02:00,2026-07-29T09:00:00+02:00,CAR,,,,21.6,21135.68,0.0,0.0,0.0,0.0,2026-07-29T18:00:00+02:00,2026-07-29T18:21:46+02:00,CAR,,,,21.766666666666666,21983.58,0.0,0.0,0.0,0.0,complete_route,True,0,43.36666666666667,43119.26,0.0,0.0,0.0,0.0
MAD-152,Pueblo Nuevo,Ciudad Lineal,DEST_003,UC3M Campus de Leganés,TRANSIT,Transporte público,2026-07-29,2026-07-29T09:00:00+02:00,success,[],,2026-07-29T18:00:00+02:00,success,[],,2026-07-29T06:58:00+02:00,2026-07-29T08:56:51+02:00,WALK|BUS,BUS,28|E1|482,Información oficial: Consorcio Regional de Transportes de Madrid|Consorcio Regional de Transportes de Madrid,118.85,21071.05,23.116666666666667,23.183333333333334,1698.0499999999995,2.0,2026-07-29T18:00:58+02:00,2026-07-29T20:05:41+02:00,WALK|BUS,BUS,480|E1|28,Consorcio Regional de Transportes de Madrid|Información oficial: Consorcio Regional de Transportes de Madrid,124.71666666666668,24627.11,19.85,22.0,1446.11,2.0,complete_route,True,0,243.56666666666666,45698.16,42.96666666666667,45.18333333333334,3144.1599999999994,4.0
MAD-152,Pueblo Nuevo,Ciudad Lineal,DEST_003,UC3M Campus de Leganés,WALK,A pie,2026-07-29,2026-07-29T09:00:00+02:00,no_route,"[{""code"":""NO_DIRECT_MODE_CONNECTION"",""description"":""No route found for the requested direct mode. The origin and destination may be too far apart or not connected by the requested mode of transport."",""inputField"":null}]",,2026-07-29T18:00:00+02:00,no_route,"[{""code"":""NO_DIRECT_MODE_CONNECTION"",""description"":""No route found for the requested direct mode. The origin and destination may be too far apart or not connected by the requested mode of transport."",""inputField"":null}]",,,,,,,,,,,,,,,,,,,,,,,,,,no_route,False,2,,,,,,
MAD-153,Quintana,Ciudad Lineal,DEST_003,UC3M Campus de Leganés,BICYCLE,Bicicleta,2026-07-29,2026-07-29T09:00:00+02:00,success,[],,2026-07-29T18:00:00+02:00,success,[],,2026-07-29T07:09:12+02:00,2026-07-29T09:00:00+02:00,BICYCLE,,,,110.8,28965.16,0.0,0.0,0.0,0.0,2026-07-29T18:00:00+02:00,2026-07-29T19:41:58+02:00,BICYCLE,,,,101.96666666666668,27450.38,0.0,0.0,0.0,0.0,complete_route,True,0,212.76666666666668,56415.54,0.0,0.0,0.0,0.0
MAD-153,Quintana,Ciudad Lineal,DEST_003,UC3M Campus de Leganés,CAR,Coche,2026-07-29,2026-07-29T09:00:00+02:00,success,[],,2026-07-29T18:00:00+02:00,success,[],,2026-07-29T08:39:09+02:00,2026-07-29T09:00:00+02:00,CAR,,,,20.85,21027.52,0.0,0.0,0.0,0.0,2026-07-29T18:00:00+02:00,2026-07-29T18:20:54+02:00,CAR,,,,20.9,21078.14,0.0,0.0,0.0,0.0,complete_route,True,0,41.75,42105.66,0.0,0.0,0.0,0.0
MAD-153,Quintana,Ciudad Lineal,DEST_003,UC3M Campus de Leganés,TRANSIT,Transporte público,2026-07-29,2026-07-29T09:00:00+02:00,success,[],,2026-07-29T18:00:00+02:00,success,[],,2026-07-29T06:56:00+02:00,2026-07-29T08:56:51+02:00,WALK|BUS,BUS,28|E1|482,Información oficial: Consorcio Regional de Transportes de Madrid|Consorcio Regional de Transportes de Madrid,120.85,21006.25,25.933333333333334,23.53333333333333,1912.2499999999995,2.0,2026-07-29T18:00:58+02:00,2026-07-29T19:57:54+02:00,WALK|BUS,BUS,480|E1|146,Consorcio Regional de Transportes de Madrid|Información oficial: Consorcio Regional de Transportes de Madrid,116.93333333333334,23362.09,11.95,23.0,824.09,2.0,complete_route,True,0,237.78333333333333,44368.34,37.88333333333333,46.53333333333333,2736.3399999999997,4.0
MAD-153,Quintana,Ciudad Lineal,DEST_003,UC3M Campus de Leganés,WALK,A pie,2026-07-29,2026-07-29T09:00:00+02:00,no_route,"[{""code"":""NO_DIRECT_MODE_CONNECTION"",""description"":""No route found for the requested direct mode. The origin and destination may be too far apart or not connected by the requested mode of transport."",""inputField"":null}]",,2026-07-29T18:00:00+02:00,no_route,"[{""code"":""NO_DIRECT_MODE_CONNECTION"",""description"":""No route found for the requested direct mode. The origin and destination may be too far apart or not connected by the requested mode of transport."",""inputField"":null}]",,,,,,,,,,,,,,,,,,,,,,,,,,no_route,False,2,,,,,,
MAD-154,La Concepción,Ciudad Lineal,DEST_003,UC3M Campus de Leganés,BICYCLE,Bicicleta,2026-07-29,2026-07-29T09:00:00+02:00,success,[],,2026-07-29T18:00:00+02:00,success,[],,2026-07-29T07:07:45+02:00,2026-07-29T09:00:00+02:00,BICYCLE,,,,112.25,29108.04,0.0,0.0,0.0,0.0,2026-07-29T18:00:00+02:00,2026-07-29T19:42:55+02:00,BICYCLE,,,,102.91666666666669,27570.54,0.0,0.0,0.0,0.0,complete_route,True,0,215.16666666666669,56678.58,0.0,0.0,0.0,0.0
MAD-154,La Concepción,Ciudad Lineal,DEST_003,UC3M Campus de Leganés,CAR,Coche,2026-07-29,2026-07-29T09:00:00+02:00,success,[],,2026-07-29T18:00:00+02:00,success,[],,2026-07-29T08:39:47+02:00,2026-07-29T09:00:00+02:00,CAR,,,,20.216666666666665,20559.06,0.0,0.0,0.0,0.0,2026-07-29T18:00:00+02:00,2026-07-29T18:19:36+02:00,CAR,,,,19.6,20981.31,0.0,0.0,0.0,0.0,complete_route,True,0,39.81666666666666,41540.37,0.0,0.0,0.0,0.0
MAD-154,La Concepción,Ciudad Lineal,DEST_003,UC3M Campus de Leganés,TRANSIT,Transporte público,2026-07-29,2026-07-29T09:00:00+02:00,success,[],,2026-07-29T18:00:00+02:00,success,[],,2026-07-29T07:00:00+02:00,2026-07-29T08:56:51+02:00,WALK|BUS,BUS,21|27|E1|482,Información oficial: Consorcio Regional de Transportes de Madrid|Consorcio Regional de Transportes de Madrid,116.85,19496.46,10.833333333333334,28.5,701.46,3.0,2026-07-29T18:00:58+02:00,2026-07-29T19:57:12+02:00,WALK|BUS,BUS,480|E1|146,Consorcio Regional de Transportes de Madrid|Información oficial: Consorcio Regional de Transportes de Madrid,116.23333333333332,23272.47,11.25,23.0,734.47,2.0,complete_route,True,0,233.08333333333331,42768.93,22.083333333333336,51.5,1435.93,5.0
MAD-154,La Concepción,Ciudad Lineal,DEST_003,UC3M Campus de Leganés,WALK,A pie,2026-07-29,2026-07-29T09:00:00+02:00,no_route,"[{""code"":""NO_DIRECT_MODE_CONNECTION"",""description"":""No route found for the requested direct mode. The origin and destination may be too far apart or not connected by the requested mode of transport."",""inputField"":null}]",,2026-07-29T18:00:00+02:00,no_route,"[{""code"":""NO_DIRECT_MODE_CONNECTION"",""description"":""No route found for the requested direct mode. The origin and destination may be too far apart or not connected by the requested mode of transport."",""inputField"":null}]",,,,,,,,,,,,,,,,,,,,,,,,,,no_route,False,2,,,,,,
MAD-155,San Pascual,Ciudad Lineal,DEST_003,UC3M Campus de Leganés,BICYCLE,Bicicleta,2026-07-29,2026-07-29T09:00:00+02:00,success,[],,2026-07-29T18:00:00+02:00,success,[],,2026-07-29T07:04:33+02:00,2026-07-29T09:00:00+02:00,BICYCLE,,,,115.45,29834.86,0.0,0.0,0.0,0.0,2026-07-29T18:00:00+02:00,2026-07-29T19:45:24+02:00,BICYCLE,,,,105.4,28087.87,0.0,0.0,0.0,0.0,complete_route,True,0,220.85000000000002,57922.729999999996,0.0,0.0,0.0,0.0
MAD-155,San Pascual,Ciudad Lineal,DEST_003,UC3M Campus de Leganés,CAR,Coche,2026-07-29,2026-07-29T09:00:00+02:00,success,[],,2026-07-29T18:00:00+02:00,success,[],,2026-07-29T08:40:17+02:00,2026-07-29T09:00:00+02:00,CAR,,,,19.716666666666665,21009.0,0.0,0.0,0.0,0.0,2026-07-29T18:00:00+02:00,2026-07-29T18:18:49+02:00,CAR,,,,18.816666666666663,20684.36,0.0,0.0,0.0,0.0,complete_route,True,0,38.53333333333333,41693.36,0.0,0.0,0.0,0.0
MAD-155,San Pascual,Ciudad Lineal,DEST_003,UC3M Campus de Leganés,TRANSIT,Transporte público,2026-07-29,2026-07-29T09:00:00+02:00,success,[],,2026-07-29T18:00:00+02:00,success,[],,2026-07-29T07:00:53+02:00,2026-07-29T08:56:51+02:00,WALK|BUS,BUS,223|19|E1|482,Consorcio Regional de Transportes de Madrid|Información oficial: Consorcio Regional de Transportes de Madrid,115.96666666666668,21180.4,37.56666666666667,22.58333333333333,2715.4,3.0,2026-07-29T18:00:58+02:00,2026-07-29T20:03:53+02:00,WALK|BUS,BUS,480|E1|146,Consorcio Regional de Transportes de Madrid|Información oficial: Consorcio Regional de Transportes de Madrid,122.91666666666669,23569.28,19.6,23.0,1332.28,2.0,complete_route,True,0,238.88333333333338,44749.68,57.16666666666667,45.58333333333333,4047.6800000000003,5.0
MAD-155,San Pascual,Ciudad Lineal,DEST_003,UC3M Campus de Leganés,WALK,A pie,2026-07-29,2026-07-29T09:00:00+02:00,no_route,"[{""code"":""NO_DIRECT_MODE_CONNECTION"",""description"":""No route found for the requested direct mode. The origin and destination may be too far apart or not connected by the requested mode of transport."",""inputField"":null}]",,2026-07-29T18:00:00+02:00,no_route,"[{""code"":""NO_DIRECT_MODE_CONNECTION"",""description"":""No route found for the requested direct mode. The origin and destination may be too far apart or not connected by the requested mode of transport."",""inputField"":null}]",,,,,,,,,,,,,,,,,,,,,,,,,,no_route,False,2,,,,,,
MAD-156,San Juan Bautista,Ciudad Lineal,DEST_003,UC3M Campus de Leganés,BICYCLE,Bicicleta,2026-07-29,2026-07-29T09:00:00+02:00,success,[],,2026-07-29T18:00:00+02:00,success,[],,2026-07-29T06:59:05+02:00,2026-07-29T09:00:00+02:00,BICYCLE,,,,120.91666666666669,31112.01,0.0,0.0,0.0,0.0,2026-07-29T18:00:00+02:00,2026-07-29T19:50:56+02:00,BICYCLE,,,,110.93333333333334,29264.3,0.0,0.0,0.0,0.0,complete_route,True,0,231.85000000000002,60376.31,0.0,0.0,0.0,0.0
MAD-156,San Juan Bautista,Ciudad Lineal,DEST_003,UC3M Campus de Leganés,CAR,Coche,2026-07-29,2026-07-29T09:00:00+02:00,success,[],,2026-07-29T18:00:00+02:00,success,[],,2026-07-29T08:39:36+02:00,2026-07-29T09:00:00+02:00,CAR,,,,20.4,22455.05,0.0,0.0,0.0,0.0,2026-07-29T18:00:00+02:00,2026-07-29T18:20:26+02:00,CAR,,,,20.433333333333334,22238.41,0.0,0.0,0.0,0.0,complete_route,True,0,40.83333333333333,44693.46,0.0,0.0,0.0,0.0
MAD-156,San Juan Bautista,Ciudad Lineal,DEST_003,UC3M Campus de Leganés,TRANSIT,Transporte público,2026-07-29,2026-07-29T09:00:00+02:00,success,[],,2026-07-29T18:00:00+02:00,success,[],,2026-07-29T07:04:16+02:00,2026-07-29T08:56:51+02:00,WALK|BUS,BUS,223|19|E1|482,Consorcio Regional de Transportes de Madrid|Información oficial: Consorcio Regional de Transportes de Madrid,112.58333333333331,20934.12,34.18333333333333,22.58333333333333,2469.12,3.0,2026-07-29T18:00:58+02:00,2026-07-29T20:06:26+02:00,WALK|BUS,BUS,480|E1|19|224A,Consorcio Regional de Transportes de Madrid|Información oficial: Consorcio Regional de Transportes de Madrid,125.46666666666668,24969.79,26.53333333333333,22.08333333333333,1898.79,3.0,complete_route,True,0,238.05,45903.91,60.71666666666666,44.66666666666666,4367.91,6.0
MAD-156,San Juan Bautista,Ciudad Lineal,DEST_003,UC3M Campus de Leganés,WALK,A pie,2026-07-29,2026-07-29T09:00:00+02:00,no_route,"[{""code"":""NO_DIRECT_MODE_CONNECTION"",""description"":""No route found for the requested direct mode. The origin and destination may be too far apart or not connected by the requested mode of transport."",""inputField"":null}]",,2026-07-29T18:00:00+02:00,no_route,"[{""code"":""NO_DIRECT_MODE_CONNECTION"",""description"":""No route found for the requested direct mode. The origin and destination may be too far apart or not connected by the requested mode of transport."",""inputField"":null}]",,,,,,,,,,,,,,,,,,,,,,,,,,no_route,False,2,,,,,,
MAD-157,Colina,Ciudad Lineal,DEST_003,UC3M Campus de Leganés,BICYCLE,Bicicleta,2026-07-29,2026-07-29T09:00:00+02:00,success,[],,2026-07-29T18:00:00+02:00,success,[],,2026-07-29T07:16:06+02:00,2026-07-29T09:00:00+02:00,BICYCLE,,,,103.9,23561.34,0.0,0.0,0.0,0.0,2026-07-29T18:00:00+02:00,2026-07-29T19:46:06+02:00,BICYCLE,,,,106.1,25958.43,0.0,0.0,0.0,0.0,complete_route,True,0,210.0,49519.770000000004,0.0,0.0,0.0,0.0
MAD-157,Colina,Ciudad Lineal,DEST_003,UC3M Campus de Leganés,CAR,Coche,2026-07-29,2026-07-29T09:00:00+02:00,success,[],,2026-07-29T18:00:00+02:00,success,[],,2026-07-29T08:38:46+02:00,2026-07-29T09:00:00+02:00,CAR,,,,21.23333333333333,22966.9,0.0,0.0,0.0,0.0,2026-07-29T18:00:00+02:00,2026-07-29T18:20:16+02:00,CAR,,,,20.266666666666666,22387.24,0.0,0.0,0.0,0.0,complete_route,True,0,41.5,45354.14,0.0,0.0,0.0,0.0
MAD-157,Colina,Ciudad Lineal,DEST_003,UC3M Campus de Leganés,TRANSIT,Transporte público,2026-07-29,2026-07-29T09:00:00+02:00,success,[],,2026-07-29T18:00:00+02:00,success,[],,2026-07-29T07:00:00+02:00,2026-07-29T08:56:51+02:00,WALK|BUS,BUS,9|E1|482,Información oficial: Consorcio Regional de Transportes de Madrid|Consorcio Regional de Transportes de Madrid,116.85,21260.19,12.216666666666669,23.03333333333333,735.19,2.0,2026-07-29T18:00:58+02:00,2026-07-29T20:06:29+02:00,WALK|BUS,BUS,480|E1|9,Consorcio Regional de Transportes de Madrid|Información oficial: Consorcio Regional de Transportes de Madrid,125.51666666666668,24274.98,9.283333333333331,24.0,612.98,2.0,complete_route,True,0,242.36666666666667,45535.17,21.5,47.03333333333333,1348.17,4.0
MAD-157,Colina,Ciudad Lineal,DEST_003,UC3M Campus de Leganés,WALK,A pie,2026-07-29,2026-07-29T09:00:00+02:00,no_route,"[{""code"":""NO_DIRECT_MODE_CONNECTION"",""description"":""No route found for the requested direct mode. The origin and destination may be too far apart or not connected by the requested mode of transport."",""inputField"":null}]",,2026-07-29T18:00:00+02:00,no_route,"[{""code"":""NO_DIRECT_MODE_CONNECTION"",""description"":""No route found for the requested direct mode. The origin and destination may be too far apart or not connected by the requested mode of transport."",""inputField"":null}]",,,,,,,,,,,,,,,,,,,,,,,,,,no_route,False,2,,,,,,
MAD-158,Atalaya,Ciudad Lineal,DEST_003,UC3M Campus de Leganés,BICYCLE,Bicicleta,2026-07-29,2026-07-29T09:00:00+02:00,success,[],,2026-07-29T18:00:00+02:00,success,[],,2026-07-29T07:13:58+02:00,2026-07-29T09:00:00+02:00,BICYCLE,,,,106.03333333333332,24227.7,0.0,0.0,0.0,0.0,2026-07-29T18:00:00+02:00,2026-07-29T19:51:19+02:00,BICYCLE,,,,111.31666666666666,26614.84,0.0,0.0,0.0,0.0,complete_route,True,0,217.34999999999997,50842.54,0.0,0.0,0.0,0.0
MAD-158,Atalaya,Ciudad Lineal,DEST_003,UC3M Campus de Leganés,CAR,Coche,2026-07-29,2026-07-29T09:00:00+02:00,success,[],,2026-07-29T18:00:00+02:00,success,[],,2026-07-29T08:39:15+02:00,2026-07-29T09:00:00+02:00,CAR,,,,20.75,23460.77,0.0,0.0,0.0,0.0,2026-07-29T18:00:00+02:00,2026-07-29T18:20:58+02:00,CAR,,,,20.966666666666665,24114.23,0.0,0.0,0.0,0.0,complete_route,True,0,41.71666666666667,47575.0,0.0,0.0,0.0,0.0
MAD-158,Atalaya,Ciudad Lineal,DEST_003,UC3M Campus de Leganés,TRANSIT,Transporte público,2026-07-29,2026-07-29T09:00:00+02:00,success,[],,2026-07-29T18:00:00+02:00,success,[],,2026-07-29T06:53:00+02:00,2026-07-29T08:56:51+02:00,WALK|BUS,BUS,7|27|E1|482,Información oficial: Consorcio Regional de Transportes de Madrid|Consorcio Regional de Transportes de Madrid,123.85,21462.61,6.416666666666667,32.416666666666664,403.61,3.0,2026-07-29T18:00:58+02:00,2026-07-29T20:16:01+02:00,WALK|BUS,BUS,480|E1|9,Consorcio Regional de Transportes de Madrid|Información oficial: Consorcio Regional de Transportes de Madrid,135.05,25117.45,16.7,24.0,1114.45,2.0,complete_route,True,0,258.9,46580.06,23.116666666666667,56.416666666666664,1518.06,5.0
MAD-158,Atalaya,Ciudad Lineal,DEST_003,UC3M Campus de Leganés,WALK,A pie,2026-07-29,2026-07-29T09:00:00+02:00,no_route,"[{""code"":""NO_DIRECT_MODE_CONNECTION"",""description"":""No route found for the requested direct mode. The origin and destination may be too far apart or not connected by the requested mode of transport."",""inputField"":null}]",,2026-07-29T18:00:00+02:00,no_route,"[{""code"":""NO_DIRECT_MODE_CONNECTION"",""description"":""No route found for the requested direct mode. The origin and destination may be too far apart or not connected by the requested mode of transport."",""inputField"":null}]",,,,,,,,,,,,,,,,,,,,,,,,,,no_route,False,2,,,,,,
MAD-159,Costillares,Ciudad Lineal,DEST_003,UC3M Campus de Leganés,BICYCLE,Bicicleta,2026-07-29,2026-07-29T09:00:00+02:00,no_route,"[{""code"":""NO_DIRECT_MODE_CONNECTION"",""description"":""No route found for the requested direct mode. The origin and destination may be too far apart or not connected by the requested mode of transport."",""inputField"":null}]",,2026-07-29T18:00:00+02:00,no_route,"[{""code"":""NO_DIRECT_MODE_CONNECTION"",""description"":""No route found for the requested direct mode. The origin and destination may be too far apart or not connected by the requested mode of transport."",""inputField"":null}]",,,,,,,,,,,,,,,,,,,,,,,,,,no_route,False,2,,,,,,
MAD-159,Costillares,Ciudad Lineal,DEST_003,UC3M Campus de Leganés,CAR,Coche,2026-07-29,2026-07-29T09:00:00+02:00,no_route,"[{""code"":""NO_DIRECT_MODE_CONNECTION"",""description"":""No route found for the requested direct mode. The origin and destination may be too far apart or not connected by the requested mode of transport."",""inputField"":null}]",,2026-07-29T18:00:00+02:00,no_route,"[{""code"":""NO_DIRECT_MODE_CONNECTION"",""description"":""No route found for the requested direct mode. The origin and destination may be too far apart or not connected by the requested mode of transport."",""inputField"":null}]",,,,,,,,,,,,,,,,,,,,,,,,,,no_route,False,2,,,,,,
MAD-159,Costillares,Ciudad Lineal,DEST_003,UC3M Campus de Leganés,TRANSIT,Transporte público,2026-07-29,2026-07-29T09:00:00+02:00,no_route,"[{""code"":""NO_STOPS_IN_RANGE"",""description"":""The location was found, but no stops could be found within the search radius."",""inputField"":""FROM""}]",,2026-07-29T18:00:00+02:00,no_route,"[{""code"":""NO_STOPS_IN_RANGE"",""description"":""The location was found, but no stops could be found within the search radius."",""inputField"":""TO""}]",,,,,,,,,,,,,,,,,,,,,,,,,,no_route,False,2,,,,,,
MAD-159,Costillares,Ciudad Lineal,DEST_003,UC3M Campus de Leganés,WALK,A pie,2026-07-29,2026-07-29T09:00:00+02:00,no_route,"[{""code"":""NO_DIRECT_MODE_CONNECTION"",""description"":""No route found for the requested direct mode. The origin and destination may be too far apart or not connected by the requested mode of transport."",""inputField"":null}]",,2026-07-29T18:00:00+02:00,no_route,"[{""code"":""NO_DIRECT_MODE_CONNECTION"",""description"":""No route found for the requested direct mode. The origin and destination may be too far apart or not connected by the requested mode of transport."",""inputField"":null}]",,,,,,,,,,,,,,,,,,,,,,,,,,no_route,False,2,,,,,,
MAD-161,Palomas,Hortaleza,DEST_003,UC3M Campus de Leganés,BICYCLE,Bicicleta,2026-07-29,2026-07-29T09:00:00+02:00,success,[],,2026-07-29T18:00:00+02:00,success,[],,2026-07-29T06:50:16+02:00,2026-07-29T09:00:00+02:00,BICYCLE,,,,129.73333333333332,33584.71,0.0,0.0,0.0,0.0,2026-07-29T18:00:00+02:00,2026-07-29T20:00:18+02:00,BICYCLE,,,,120.3,32221.12,0.0,0.0,0.0,0.0,complete_route,True,0,250.0333333333333,65805.83,0.0,0.0,0.0,0.0
MAD-161,Palomas,Hortaleza,DEST_003,UC3M Campus de Leganés,CAR,Coche,2026-07-29,2026-07-29T09:00:00+02:00,success,[],,2026-07-29T18:00:00+02:00,success,[],,2026-07-29T08:38:33+02:00,2026-07-29T09:00:00+02:00,CAR,,,,21.45,26274.06,0.0,0.0,0.0,0.0,2026-07-29T18:00:00+02:00,2026-07-29T18:22:19+02:00,CAR,,,,22.316666666666663,27427.08,0.0,0.0,0.0,0.0,complete_route,True,0,43.766666666666666,53701.14,0.0,0.0,0.0,0.0
MAD-161,Palomas,Hortaleza,DEST_003,UC3M Campus de Leganés,TRANSIT,Transporte público,2026-07-29,2026-07-29T09:00:00+02:00,success,[],,2026-07-29T18:00:00+02:00,success,[],,2026-07-29T06:39:02+02:00,2026-07-29T08:49:27+02:00,WALK|BUS,BUS,223|C1|E1|485,Consorcio Regional de Transportes de Madrid|Información oficial: Consorcio Regional de Transportes de Madrid,130.41666666666666,29893.06,29.016666666666666,30.266666666666666,2016.06,3.0,2026-07-29T18:00:58+02:00,2026-07-29T20:16:28+02:00,WALK|BUS,BUS,480|E1|19|224A,Consorcio Regional de Transportes de Madrid|Información oficial: Consorcio Regional de Transportes de Madrid,135.5,28870.65,31.03333333333333,22.08333333333333,2179.65,3.0,complete_route,True,0,265.91666666666663,58763.71000000001,60.05,52.349999999999994,4195.71,6.0
MAD-161,Palomas,Hortaleza,DEST_003,UC3M Campus de Leganés,WALK,A pie,2026-07-29,2026-07-29T09:00:00+02:00,no_route,"[{""code"":""NO_DIRECT_MODE_CONNECTION"",""description"":""No route found for the requested direct mode. The origin and destination may be too far apart or not connected by the requested mode of transport."",""inputField"":null}]",,2026-07-29T18:00:00+02:00,no_route,"[{""code"":""NO_DIRECT_MODE_CONNECTION"",""description"":""No route found for the requested direct mode. The origin and destination may be too far apart or not connected by the requested mode of transport."",""inputField"":null}]",,,,,,,,,,,,,,,,,,,,,,,,,,no_route,False,2,,,,,,
MAD-162,Piovera,Hortaleza,DEST_003,UC3M Campus de Leganés,BICYCLE,Bicicleta,2026-07-29,2026-07-29T09:00:00+02:00,success,[],,2026-07-29T18:00:00+02:00,success,[],,2026-07-29T06:40:37+02:00,2026-07-29T09:00:00+02:00,BICYCLE,,,,139.38333333333333,35980.2,0.0,0.0,0.0,0.0,2026-07-29T18:00:00+02:00,2026-07-29T20:10:17+02:00,BICYCLE,,,,130.28333333333333,34659.2,0.0,0.0,0.0,0.0,complete_route,True,0,269.66666666666663,70639.4,0.0,0.0,0.0,0.0
MAD-162,Piovera,Hortaleza,DEST_003,UC3M Campus de Leganés,CAR,Coche,2026-07-29,2026-07-29T09:00:00+02:00,success,[],,2026-07-29T18:00:00+02:00,success,[],,2026-07-29T08:36:51+02:00,2026-07-29T09:00:00+02:00,CAR,,,,23.15,24003.82,0.0,0.0,0.0,0.0,2026-07-29T18:00:00+02:00,2026-07-29T18:24:36+02:00,CAR,,,,24.6,25262.33,0.0,0.0,0.0,0.0,complete_route,True,0,47.75,49266.15,0.0,0.0,0.0,0.0
MAD-162,Piovera,Hortaleza,DEST_003,UC3M Campus de Leganés,TRANSIT,Transporte público,2026-07-29,2026-07-29T09:00:00+02:00,success,[],,2026-07-29T18:00:00+02:00,success,[],,2026-07-29T06:44:40+02:00,2026-07-29T08:49:27+02:00,WALK|BUS,BUS,223|C1|E1|485,Consorcio Regional de Transportes de Madrid|Información oficial: Consorcio Regional de Transportes de Madrid,124.78333333333332,26908.01,24.58333333333333,30.266666666666666,1786.0099999999998,3.0,2026-07-29T18:03:27+02:00,2026-07-29T20:23:22+02:00,WALK|BUS,BUS,485|E1|52|224|223,Consorcio Regional de Transportes de Madrid|Información oficial: Consorcio Regional de Transportes de Madrid,139.91666666666666,35636.22,30.7,34.983333333333334,2221.2200000000003,4.0,complete_route,True,0,264.7,62544.229999999996,55.28333333333333,65.25,4007.23,7.0
MAD-162,Piovera,Hortaleza,DEST_003,UC3M Campus de Leganés,WALK,A pie,2026-07-29,2026-07-29T09:00:00+02:00,no_route,"[{""code"":""NO_DIRECT_MODE_CONNECTION"",""description"":""No route found for the requested direct mode. The origin and destination may be too far apart or not connected by the requested mode of transport."",""inputField"":null}]",,2026-07-29T18:00:00+02:00,no_route,"[{""code"":""NO_DIRECT_MODE_CONNECTION"",""description"":""No route found for the requested direct mode. The origin and destination may be too far apart or not connected by the requested mode of transport."",""inputField"":null}]",,,,,,,,,,,,,,,,,,,,,,,,,,no_route,False,2,,,,,,
MAD-163,Canillas,Hortaleza,DEST_003,UC3M Campus de Leganés,BICYCLE,Bicicleta,2026-07-29,2026-07-29T09:00:00+02:00,success,[],,2026-07-29T18:00:00+02:00,success,[],,2026-07-29T06:38:22+02:00,2026-07-29T09:00:00+02:00,BICYCLE,,,,141.63333333333333,36105.92,0.0,0.0,0.0,0.0,2026-07-29T18:00:00+02:00,2026-07-29T20:11:48+02:00,BICYCLE,,,,131.8,34783.03,0.0,0.0,0.0,0.0,complete_route,True,0,273.43333333333334,70888.95,0.0,0.0,0.0,0.0
MAD-163,Canillas,Hortaleza,DEST_003,UC3M Campus de Leganés,CAR,Coche,2026-07-29,2026-07-29T09:00:00+02:00,success,[],,2026-07-29T18:00:00+02:00,success,[],,2026-07-29T08:36:55+02:00,2026-07-29T09:00:00+02:00,CAR,,,,23.08333333333333,28051.12,0.0,0.0,0.0,0.0,2026-07-29T18:00:00+02:00,2026-07-29T18:22:54+02:00,CAR,,,,22.9,24555.05,0.0,0.0,0.0,0.0,complete_route,True,0,45.98333333333333,52606.17,0.0,0.0,0.0,0.0
MAD-163,Canillas,Hortaleza,DEST_003,UC3M Campus de Leganés,TRANSIT,Transporte público,2026-07-29,2026-07-29T09:00:00+02:00,success,[],,2026-07-29T18:00:00+02:00,success,[],,2026-07-29T06:43:00+02:00,2026-07-29T08:56:51+02:00,WALK|BUS,BUS,120|19|E1|482,Información oficial: Consorcio Regional de Transportes de Madrid|Consorcio Regional de Transportes de Madrid,133.85,22842.63,19.316666666666663,39.266666666666666,1368.63,3.0,2026-07-29T18:00:58+02:00,2026-07-29T20:28:56+02:00,WALK|BUS,BUS,480|E1|9,Consorcio Regional de Transportes de Madrid|Información oficial: Consorcio Regional de Transportes de Madrid,147.96666666666667,26433.02,26.5,24.0,1928.02,2.0,complete_route,True,0,281.81666666666666,49275.65,45.81666666666666,63.266666666666666,3296.65,5.0
MAD-163,Canillas,Hortaleza,DEST_003,UC3M Campus de Leganés,WALK,A pie,2026-07-29,2026-07-29T09:00:00+02:00,no_route,"[{""code"":""NO_DIRECT_MODE_CONNECTION"",""description"":""No route found for the requested direct mode. The origin and destination may be too far apart or not connected by the requested mode of transport."",""inputField"":null}]",,2026-07-29T18:00:00+02:00,no_route,"[{""code"":""NO_DIRECT_MODE_CONNECTION"",""description"":""No route found for the requested direct mode. The origin and destination may be too far apart or not connected by the requested mode of transport."",""inputField"":null}]",,,,,,,,,,,,,,,,,,,,,,,,,,no_route,False,2,,,,,,
MAD-164,Pinar del Rey,Hortaleza,DEST_003,UC3M Campus de Leganés,BICYCLE,Bicicleta,2026-07-29,2026-07-29T09:00:00+02:00,success,[],,2026-07-29T18:00:00+02:00,success,[],,2026-07-29T06:32:39+02:00,2026-07-29T09:00:00+02:00,BICYCLE,,,,147.35,37660.86,0.0,0.0,0.0,0.0,2026-07-29T18:00:00+02:00,2026-07-29T20:15:14+02:00,BICYCLE,,,,135.23333333333332,35351.75,0.0,0.0,0.0,0.0,complete_route,True,0,282.5833333333333,73012.61,0.0,0.0,0.0,0.0
MAD-164,Pinar del Rey,Hortaleza,DEST_003,UC3M Campus de Leganés,CAR,Coche,2026-07-29,2026-07-29T09:00:00+02:00,success,[],,2026-07-29T18:00:00+02:00,success,[],,2026-07-29T08:36:23+02:00,2026-07-29T09:00:00+02:00,CAR,,,,23.616666666666667,29016.96,0.0,0.0,0.0,0.0,2026-07-29T18:00:00+02:00,2026-07-29T18:23:16+02:00,CAR,,,,23.266666666666666,28924.44,0.0,0.0,0.0,0.0,complete_route,True,0,46.88333333333333,57941.399999999994,0.0,0.0,0.0,0.0
MAD-164,Pinar del Rey,Hortaleza,DEST_003,UC3M Campus de Leganés,TRANSIT,Transporte público,2026-07-29,2026-07-29T09:00:00+02:00,success,[],,2026-07-29T18:00:00+02:00,success,[],,2026-07-29T06:45:00+02:00,2026-07-29T08:56:51+02:00,WALK|BUS,BUS,9|E1|482,Información oficial: Consorcio Regional de Transportes de Madrid|Consorcio Regional de Transportes de Madrid,131.85,23887.34,15.566666666666666,23.183333333333334,1003.34,2.0,2026-07-29T18:00:58+02:00,2026-07-29T20:24:37+02:00,WALK|BUS,BUS,480|E1|9,Consorcio Regional de Transportes de Madrid|Información oficial: Consorcio Regional de Transportes de Madrid,143.65,26949.87,11.7,24.0,757.87,2.0,complete_route,True,0,275.5,50837.21,27.266666666666666,47.18333333333334,1761.21,4.0
MAD-164,Pinar del Rey,Hortaleza,DEST_003,UC3M Campus de Leganés,WALK,A pie,2026-07-29,2026-07-29T09:00:00+02:00,no_route,"[{""code"":""NO_DIRECT_MODE_CONNECTION"",""description"":""No route found for the requested direct mode. The origin and destination may be too far apart or not connected by the requested mode of transport."",""inputField"":null}]",,2026-07-29T18:00:00+02:00,no_route,"[{""code"":""NO_DIRECT_MODE_CONNECTION"",""description"":""No route found for the requested direct mode. The origin and destination may be too far apart or not connected by the requested mode of transport."",""inputField"":null}]",,,,,,,,,,,,,,,,,,,,,,,,,,no_route,False,2,,,,,,
MAD-165,Apóstol Santiago,Hortaleza,DEST_003,UC3M Campus de Leganés,BICYCLE,Bicicleta,2026-07-29,2026-07-29T09:00:00+02:00,success,[],,2026-07-29T18:00:00+02:00,success,[],,2026-07-29T06:26:46+02:00,2026-07-29T09:00:00+02:00,BICYCLE,,,,153.23333333333332,39287.12,0.0,0.0,0.0,0.0,2026-07-29T18:00:00+02:00,2026-07-29T19:55:40+02:00,BICYCLE,,,,115.66666666666669,27764.82,0.0,0.0,0.0,0.0,complete_route,True,0,268.9,67051.94,0.0,0.0,0.0,0.0
MAD-165,Apóstol Santiago,Hortaleza,DEST_003,UC3M Campus de Leganés,CAR,Coche,2026-07-29,2026-07-29T09:00:00+02:00,success,[],,2026-07-29T18:00:00+02:00,success,[],,2026-07-29T08:36:51+02:00,2026-07-29T09:00:00+02:00,CAR,,,,23.15,25203.06,0.0,0.0,0.0,0.0,2026-07-29T18:00:00+02:00,2026-07-29T18:22:24+02:00,CAR,,,,22.4,24762.83,0.0,0.0,0.0,0.0,complete_route,True,0,45.55,49965.89,0.0,0.0,0.0,0.0
MAD-165,Apóstol Santiago,Hortaleza,DEST_003,UC3M Campus de Leganés,TRANSIT,Transporte público,2026-07-29,2026-07-29T09:00:00+02:00,success,[],,2026-07-29T18:00:00+02:00,success,[],,2026-07-29T06:46:00+02:00,2026-07-29T08:56:51+02:00,WALK|BUS,BUS,29|19|E1|482,Información oficial: Consorcio Regional de Transportes de Madrid|Consorcio Regional de Transportes de Madrid,130.85,23881.69,16.55,39.36666666666667,1150.69,3.0,2026-07-29T18:00:58+02:00,2026-07-29T20:31:06+02:00,WALK|BUS,BUS,480|E1|14,Consorcio Regional de Transportes de Madrid|Información oficial: Consorcio Regional de Transportes de Madrid,150.13333333333333,26359.37,35.93333333333333,25.0,2696.37,2.0,complete_route,True,0,280.98333333333335,50241.06,52.483333333333334,64.36666666666667,3847.06,5.0
MAD-165,Apóstol Santiago,Hortaleza,DEST_003,UC3M Campus de Leganés,WALK,A pie,2026-07-29,2026-07-29T09:00:00+02:00,no_route,"[{""code"":""NO_DIRECT_MODE_CONNECTION"",""description"":""No route found for the requested direct mode. The origin and destination may be too far apart or not connected by the requested mode of transport."",""inputField"":null}]",,2026-07-29T18:00:00+02:00,no_route,"[{""code"":""NO_DIRECT_MODE_CONNECTION"",""description"":""No route found for the requested direct mode. The origin and destination may be too far apart or not connected by the requested mode of transport."",""inputField"":null}]",,,,,,,,,,,,,,,,,,,,,,,,,,no_route,False,2,,,,,,
MAD-166,Valdefuentes,Hortaleza,DEST_003,UC3M Campus de Leganés,BICYCLE,Bicicleta,2026-07-29,2026-07-29T09:00:00+02:00,success,[],,2026-07-29T18:00:00+02:00,success,[],,2026-07-29T06:27:30+02:00,2026-07-29T09:00:00+02:00,BICYCLE,,,,152.5,38849.14,0.0,0.0,0.0,0.0,2026-07-29T18:00:00+02:00,2026-07-29T20:26:47+02:00,BICYCLE,,,,146.78333333333333,38561.69,0.0,0.0,0.0,0.0,complete_route,True,0,299.2833333333333,77410.83,0.0,0.0,0.0,0.0
MAD-166,Valdefuentes,Hortaleza,DEST_003,UC3M Campus de Leganés,CAR,Coche,2026-07-29,2026-07-29T09:00:00+02:00,no_route,"[{""code"":""NO_DIRECT_MODE_CONNECTION"",""description"":""No route found for the requested direct mode. The origin and destination may be too far apart or not connected by the requested mode of transport."",""inputField"":null}]",,2026-07-29T18:00:00+02:00,no_route,"[{""code"":""NO_DIRECT_MODE_CONNECTION"",""description"":""No route found for the requested direct mode. The origin and destination may be too far apart or not connected by the requested mode of transport."",""inputField"":null}]",,,,,,,,,,,,,,,,,,,,,,,,,,no_route,False,2,,,,,,
MAD-166,Valdefuentes,Hortaleza,DEST_003,UC3M Campus de Leganés,TRANSIT,Transporte público,2026-07-29,2026-07-29T09:00:00+02:00,success,[],,2026-07-29T18:00:00+02:00,success,[],,2026-07-29T06:26:39+02:00,2026-07-29T08:56:51+02:00,WALK|TRAM|BUS,TRAM|BUS,ML1|181|27|E1|482,Consorcio Regional de Transportes de Madrid|Información oficial: Consorcio Regional de Transportes de Madrid,150.2,28724.44,38.46666666666667,25.166666666666668,2758.44,4.0,2026-07-29T18:03:27+02:00,2026-07-29T20:36:09+02:00,WALK|BUS,BUS,485|E1|27|171,Consorcio Regional de Transportes de Madrid|Información oficial: Consorcio Regional de Transportes de Madrid,152.7,31321.51,43.8,26.75,3424.51,3.0,complete_route,True,0,302.9,60045.95,82.26666666666667,51.91666666666667,6182.950000000001,7.0
MAD-166,Valdefuentes,Hortaleza,DEST_003,UC3M Campus de Leganés,WALK,A pie,2026-07-29,2026-07-29T09:00:00+02:00,no_route,"[{""code"":""NO_DIRECT_MODE_CONNECTION"",""description"":""No route found for the requested direct mode. The origin and destination may be too far apart or not connected by the requested mode of transport."",""inputField"":null}]",,2026-07-29T18:00:00+02:00,no_route,"[{""code"":""NO_DIRECT_MODE_CONNECTION"",""description"":""No route found for the requested direct mode. The origin and destination may be too far apart or not connected by the requested mode of transport."",""inputField"":null}]",,,,,,,,,,,,,,,,,,,,,,,,,,no_route,False,2,,,,,,
MAD-171,Villaverde Alto - Casco Histórico de Villaverde,Villaverde,DEST_003,UC3M Campus de Leganés,BICYCLE,Bicicleta,2026-07-29,2026-07-29T09:00:00+02:00,success,[],,2026-07-29T18:00:00+02:00,success,[],,2026-07-29T08:29:24+02:00,2026-07-29T09:00:00+02:00,BICYCLE,,,,30.6,7350.66,0.0,0.0,0.0,0.0,2026-07-29T18:00:00+02:00,2026-07-29T18:28:05+02:00,BICYCLE,,,,28.08333333333333,7031.94,0.0,0.0,0.0,0.0,complete_route,True,0,58.68333333333333,14382.599999999999,0.0,0.0,0.0,0.0
MAD-171,Villaverde Alto - Casco Histórico de Villaverde,Villaverde,DEST_003,UC3M Campus de Leganés,CAR,Coche,2026-07-29,2026-07-29T09:00:00+02:00,success,[],,2026-07-29T18:00:00+02:00,success,[],,2026-07-29T08:47:48+02:00,2026-07-29T09:00:00+02:00,CAR,,,,12.2,6206.51,0.0,0.0,0.0,0.0,2026-07-29T18:00:00+02:00,2026-07-29T18:11:12+02:00,CAR,,,,11.2,5682.59,0.0,0.0,0.0,0.0,complete_route,True,0,23.4,11889.1,0.0,0.0,0.0,0.0
MAD-171,Villaverde Alto - Casco Histórico de Villaverde,Villaverde,DEST_003,UC3M Campus de Leganés,TRANSIT,Transporte público,2026-07-29,2026-07-29T09:00:00+02:00,success,[],,2026-07-29T18:00:00+02:00,success,[],,2026-07-29T07:48:10+02:00,2026-07-29T08:32:11+02:00,WALK|BUS,BUS,432,Consorcio Regional de Transportes de Madrid,44.016666666666666,8888.51,4.15,0.0,308.51,0.0,2026-07-29T18:04:55+02:00,2026-07-29T18:41:35+02:00,WALK|BUS,BUS,485|432,Consorcio Regional de Transportes de Madrid,36.66666666666666,6576.04,3.316666666666667,8.6,244.04,1.0,complete_route,True,0,80.68333333333332,15464.55,7.466666666666667,8.6,552.55,1.0
MAD-171,Villaverde Alto - Casco Histórico de Villaverde,Villaverde,DEST_003,UC3M Campus de Leganés,WALK,A pie,2026-07-29,2026-07-29T09:00:00+02:00,success,[],,2026-07-29T18:00:00+02:00,success,[],,2026-07-29T07:45:05+02:00,2026-07-29T09:00:00+02:00,WALK,,,,74.91666666666667,5815.45,74.91666666666667,0.0,5815.45,0.0,2026-07-29T18:00:00+02:00,2026-07-29T19:14:55+02:00,WALK,,,,74.91666666666667,5815.45,74.91666666666667,0.0,5815.45,0.0,complete_route,True,0,149.83333333333334,11630.9,149.83333333333334,0.0,11630.9,0.0
MAD-172,San Cristóbal,Villaverde,DEST_003,UC3M Campus de Leganés,BICYCLE,Bicicleta,2026-07-29,2026-07-29T09:00:00+02:00,success,[],,2026-07-29T18:00:00+02:00,success,[],,2026-07-29T08:20:03+02:00,2026-07-29T09:00:00+02:00,BICYCLE,,,,39.95,9939.83,0.0,0.0,0.0,0.0,2026-07-29T18:00:00+02:00,2026-07-29T18:39:35+02:00,BICYCLE,,,,39.583333333333336,10003.5,0.0,0.0,0.0,0.0,complete_route,True,0,79.53333333333333,19943.33,0.0,0.0,0.0,0.0
MAD-172,San Cristóbal,Villaverde,DEST_003,UC3M Campus de Leganés,CAR,Coche,2026-07-29,2026-07-29T09:00:00+02:00,success,[],,2026-07-29T18:00:00+02:00,success,[],,2026-07-29T08:46:06+02:00,2026-07-29T09:00:00+02:00,CAR,,,,13.9,9883.27,0.0,0.0,0.0,0.0,2026-07-29T18:00:00+02:00,2026-07-29T18:14:12+02:00,CAR,,,,14.2,9821.71,0.0,0.0,0.0,0.0,complete_route,True,0,28.1,19704.98,0.0,0.0,0.0,0.0
MAD-172,San Cristóbal,Villaverde,DEST_003,UC3M Campus de Leganés,TRANSIT,Transporte público,2026-07-29,2026-07-29T09:00:00+02:00,success,[],,2026-07-29T18:00:00+02:00,success,[],,2026-07-29T07:40:00+02:00,2026-07-29T08:48:47+02:00,WALK|BUS,BUS,447|450,Consorcio Regional de Transportes de Madrid,68.78333333333333,16306.1,10.316666666666666,3.1333333333333333,738.1,1.0,2026-07-29T18:04:55+02:00,2026-07-29T19:12:28+02:00,WALK|BUS,BUS,485|432,Consorcio Regional de Transportes de Madrid,67.55,10168.21,23.883333333333333,8.6,1771.21,1.0,complete_route,True,0,136.33333333333331,26474.309999999998,34.2,11.733333333333333,2509.31,2.0
MAD-172,San Cristóbal,Villaverde,DEST_003,UC3M Campus de Leganés,WALK,A pie,2026-07-29,2026-07-29T09:00:00+02:00,success,[],,2026-07-29T18:00:00+02:00,success,[],,2026-07-29T07:13:14+02:00,2026-07-29T09:00:00+02:00,WALK,,,,106.76666666666668,8209.28,106.76666666666668,0.0,8209.28,0.0,2026-07-29T18:00:00+02:00,2026-07-29T19:46:48+02:00,WALK,,,,106.8,8209.28,106.8,0.0,8209.28,0.0,complete_route,True,0,213.56666666666666,16418.56,213.56666666666666,0.0,16418.56,0.0
MAD-173,Butarque,Villaverde,DEST_003,UC3M Campus de Leganés,BICYCLE,Bicicleta,2026-07-29,2026-07-29T09:00:00+02:00,success,[],,2026-07-29T18:00:00+02:00,success,[],,2026-07-29T08:07:44+02:00,2026-07-29T09:00:00+02:00,BICYCLE,,,,52.266666666666666,12791.13,0.0,0.0,0.0,0.0,2026-07-29T18:00:00+02:00,2026-07-29T18:47:59+02:00,BICYCLE,,,,47.98333333333333,12503.68,0.0,0.0,0.0,0.0,complete_route,True,0,100.25,25294.809999999998,0.0,0.0,0.0,0.0
MAD-173,Butarque,Villaverde,DEST_003,UC3M Campus de Leganés,CAR,Coche,2026-07-29,2026-07-29T09:00:00+02:00,success,[],,2026-07-29T18:00:00+02:00,success,[],,2026-07-29T08:47:44+02:00,2026-07-29T09:00:00+02:00,CAR,,,,12.266666666666667,10601.24,0.0,0.0,0.0,0.0,2026-07-29T18:00:00+02:00,2026-07-29T18:14:10+02:00,CAR,,,,14.166666666666666,14979.68,0.0,0.0,0.0,0.0,complete_route,True,0,26.433333333333334,25580.92,0.0,0.0,0.0,0.0
MAD-173,Butarque,Villaverde,DEST_003,UC3M Campus de Leganés,TRANSIT,Transporte público,2026-07-29,2026-07-29T09:00:00+02:00,success,[],,2026-07-29T18:00:00+02:00,success,[],,2026-07-29T07:23:11+02:00,2026-07-29T08:48:47+02:00,WALK|BUS,BUS,447|450,Consorcio Regional de Transportes de Madrid,85.6,17583.1,27.133333333333333,3.1333333333333333,2015.1,1.0,2026-07-29T18:04:55+02:00,2026-07-29T19:23:48+02:00,WALK|BUS,BUS,485|432|85,Consorcio Regional de Transportes de Madrid|Información oficial: Consorcio Regional de Transportes de Madrid,78.88333333333334,12098.28,7.583333333333333,20.6,557.28,2.0,complete_route,True,0,164.48333333333335,29681.379999999997,34.71666666666667,23.733333333333334,2572.38,3.0
MAD-173,Butarque,Villaverde,DEST_003,UC3M Campus de Leganés,WALK,A pie,2026-07-29,2026-07-29T09:00:00+02:00,success,[],,2026-07-29T18:00:00+02:00,success,[],,2026-07-29T06:53:56+02:00,2026-07-29T09:00:00+02:00,WALK,,,,126.06666666666666,9688.06,126.06666666666666,0.0,9688.06,0.0,2026-07-29T18:00:00+02:00,2026-07-29T20:06:06+02:00,WALK,,,,126.1,9688.06,126.1,0.0,9688.06,0.0,complete_route,True,0,252.16666666666666,19376.12,252.16666666666666,0.0,19376.12,0.0
MAD-174,Los Rosales,Villaverde,DEST_003,UC3M Campus de Leganés,BICYCLE,Bicicleta,2026-07-29,2026-07-29T09:00:00+02:00,success,[],,2026-07-29T18:00:00+02:00,success,[],,2026-07-29T08:17:01+02:00,2026-07-29T09:00:00+02:00,BICYCLE,,,,42.98333333333333,10686.85,0.0,0.0,0.0,0.0,2026-07-29T18:00:00+02:00,2026-07-29T18:43:14+02:00,BICYCLE,,,,43.23333333333333,11075.29,0.0,0.0,0.0,0.0,complete_route,True,0,86.21666666666665,21762.14,0.0,0.0,0.0,0.0
MAD-174,Los Rosales,Villaverde,DEST_003,UC3M Campus de Leganés,CAR,Coche,2026-07-29,2026-07-29T09:00:00+02:00,success,[],,2026-07-29T18:00:00+02:00,no_route,"[{""code"":""NO_DIRECT_MODE_CONNECTION"",""description"":""No route found for the requested direct mode. The origin and destination may be too far apart or not connected by the requested mode of transport."",""inputField"":null}]",,2026-07-29T08:46:35+02:00,2026-07-29T09:00:00+02:00,CAR,,,,13.416666666666666,10858.48,0.0,0.0,0.0,0.0,,,,,,,,,,,,,partial_route,False,1,,,,,,
MAD-174,Los Rosales,Villaverde,DEST_003,UC3M Campus de Leganés,TRANSIT,Transporte público,2026-07-29,2026-07-29T09:00:00+02:00,success,[],,2026-07-29T18:00:00+02:00,success,[],,2026-07-29T07:33:41+02:00,2026-07-29T08:48:47+02:00,WALK|BUS,BUS,447|450,Consorcio Regional de Transportes de Madrid,75.1,17949.98,11.433333333333334,3.1333333333333333,807.98,1.0,2026-07-29T18:04:55+02:00,2026-07-29T19:01:08+02:00,WALK|BUS,BUS,485|432,Consorcio Regional de Transportes de Madrid,56.21666666666667,9246.01,12.55,8.6,849.01,1.0,complete_route,True,0,131.31666666666666,27195.989999999998,23.983333333333334,11.733333333333333,1656.99,2.0
MAD-174,Los Rosales,Villaverde,DEST_003,UC3M Campus de Leganés,WALK,A pie,2026-07-29,2026-07-29T09:00:00+02:00,success,[],,2026-07-29T18:00:00+02:00,success,[],,2026-07-29T07:11:55+02:00,2026-07-29T09:00:00+02:00,WALK,,,,108.08333333333331,8198.19,108.08333333333331,0.0,8198.19,0.0,2026-07-29T18:00:00+02:00,2026-07-29T19:48:05+02:00,WALK,,,,108.08333333333331,8198.19,108.08333333333331,0.0,8198.19,0.0,complete_route,True,0,216.16666666666663,16396.38,216.16666666666663,0.0,16396.38,0.0
MAD-175,Ángeles,Villaverde,DEST_003,UC3M Campus de Leganés,BICYCLE,Bicicleta,2026-07-29,2026-07-29T09:00:00+02:00,success,[],,2026-07-29T18:00:00+02:00,success,[],,2026-07-29T08:23:13+02:00,2026-07-29T09:00:00+02:00,BICYCLE,,,,36.78333333333333,8828.58,0.0,0.0,0.0,0.0,2026-07-29T18:00:00+02:00,2026-07-29T18:37:51+02:00,BICYCLE,,,,37.85,9164.09,0.0,0.0,0.0,0.0,complete_route,True,0,74.63333333333333,17992.67,0.0,0.0,0.0,0.0
MAD-175,Ángeles,Villaverde,DEST_003,UC3M Campus de Leganés,CAR,Coche,2026-07-29,2026-07-29T09:00:00+02:00,success,[],,2026-07-29T18:00:00+02:00,success,[],,2026-07-29T08:47:09+02:00,2026-07-29T09:00:00+02:00,CAR,,,,12.85,11020.7,0.0,0.0,0.0,0.0,2026-07-29T18:00:00+02:00,2026-07-29T18:12:22+02:00,CAR,,,,12.366666666666667,10537.73,0.0,0.0,0.0,0.0,complete_route,True,0,25.21666666666667,21558.43,0.0,0.0,0.0,0.0
MAD-175,Ángeles,Villaverde,DEST_003,UC3M Campus de Leganés,TRANSIT,Transporte público,2026-07-29,2026-07-29T09:00:00+02:00,success,[],,2026-07-29T18:00:00+02:00,success,[],,2026-07-29T07:36:00+02:00,2026-07-29T08:56:51+02:00,WALK|BUS,BUS,131|485|482,Información oficial: Consorcio Regional de Transportes de Madrid|Consorcio Regional de Transportes de Madrid,80.85,14224.97,16.066666666666666,16.783333333333335,1140.9699999999998,2.0,2026-07-29T18:04:55+02:00,2026-07-29T18:57:25+02:00,WALK|BUS,BUS,485|432,Consorcio Regional de Transportes de Madrid,52.5,8594.54,13.25,8.6,979.54,1.0,complete_route,True,0,133.35,22819.510000000002,29.316666666666666,25.383333333333333,2120.5099999999998,3.0
MAD-175,Ángeles,Villaverde,DEST_003,UC3M Campus de Leganés,WALK,A pie,2026-07-29,2026-07-29T09:00:00+02:00,success,[],,2026-07-29T18:00:00+02:00,success,[],,2026-07-29T07:17:58+02:00,2026-07-29T09:00:00+02:00,WALK,,,,102.03333333333332,7863.44,102.03333333333332,0.0,7863.44,0.0,2026-07-29T18:00:00+02:00,2026-07-29T19:42:02+02:00,WALK,,,,102.03333333333332,7863.44,102.03333333333332,0.0,7863.44,0.0,complete_route,True,0,204.06666666666663,15726.88,204.06666666666663,0.0,15726.88,0.0
MAD-181,Casco Histórico de Vallecas,Villa de Vallecas,DEST_003,UC3M Campus de Leganés,BICYCLE,Bicicleta,2026-07-29,2026-07-29T09:00:00+02:00,success,[],,2026-07-29T18:00:00+02:00,success,[],,2026-07-29T07:22:34+02:00,2026-07-29T09:00:00+02:00,BICYCLE,,,,97.43333333333334,24674.41,0.0,0.0,0.0,0.0,2026-07-29T18:00:00+02:00,2026-07-29T19:27:19+02:00,BICYCLE,,,,87.31666666666666,22975.66,0.0,0.0,0.0,0.0,complete_route,True,0,184.75,47650.07,0.0,0.0,0.0,0.0
MAD-181,Casco Histórico de Vallecas,Villa de Vallecas,DEST_003,UC3M Campus de Leganés,CAR,Coche,2026-07-29,2026-07-29T09:00:00+02:00,success,[],,2026-07-29T18:00:00+02:00,success,[],,2026-07-29T08:25:50+02:00,2026-07-29T09:00:00+02:00,CAR,,,,34.166666666666664,22193.16,0.0,0.0,0.0,0.0,2026-07-29T18:00:00+02:00,2026-07-29T18:33:43+02:00,CAR,,,,33.71666666666667,25368.79,0.0,0.0,0.0,0.0,complete_route,True,0,67.88333333333333,47561.95,0.0,0.0,0.0,0.0
MAD-181,Casco Histórico de Vallecas,Villa de Vallecas,DEST_003,UC3M Campus de Leganés,TRANSIT,Transporte público,2026-07-29,2026-07-29T09:00:00+02:00,success,[],,2026-07-29T18:00:00+02:00,success,[],,2026-07-29T06:14:00+02:00,2026-07-29T08:56:51+02:00,WALK|BUS,BUS,145|352|102|E1|482,Información oficial: Consorcio Regional de Transportes de Madrid|Consorcio Regional de Transportes de Madrid,162.85,29554.24,46.63333333333333,40.3,3444.24,4.0,2026-07-29T18:04:55+02:00,2026-07-29T20:38:32+02:00,WALK|BUS,BUS,485|432|423|331|145,Consorcio Regional de Transportes de Madrid|Información oficial: Consorcio Regional de Transportes de Madrid,153.61666666666667,31117.22,44.083333333333336,32.06666666666667,3360.2200000000003,4.0,complete_route,True,0,316.4666666666667,60671.46000000001,90.71666666666667,72.36666666666667,6804.46,8.0
MAD-181,Casco Histórico de Vallecas,Villa de Vallecas,DEST_003,UC3M Campus de Leganés,WALK,A pie,2026-07-29,2026-07-29T09:00:00+02:00,success,[],,2026-07-29T18:00:00+02:00,success,[],,2026-07-29T05:08:39+02:00,2026-07-29T09:00:00+02:00,WALK,,,,231.35,18090.83,231.35,0.0,18090.83,0.0,2026-07-29T18:00:00+02:00,2026-07-29T21:51:21+02:00,WALK,,,,231.35,18090.84,231.35,0.0,18090.84,0.0,complete_route,True,0,462.7,36181.67,462.7,0.0,36181.67,0.0
MAD-182,Santa Eugenia,Villa de Vallecas,DEST_003,UC3M Campus de Leganés,BICYCLE,Bicicleta,2026-07-29,2026-07-29T09:00:00+02:00,success,[],,2026-07-29T18:00:00+02:00,success,[],,2026-07-29T07:27:55+02:00,2026-07-29T09:00:00+02:00,BICYCLE,,,,92.08333333333331,23299.15,0.0,0.0,0.0,0.0,2026-07-29T18:00:00+02:00,2026-07-29T19:22:26+02:00,BICYCLE,,,,82.43333333333334,21749.77,0.0,0.0,0.0,0.0,complete_route,True,0,174.51666666666665,45048.92,0.0,0.0,0.0,0.0
MAD-182,Santa Eugenia,Villa de Vallecas,DEST_003,UC3M Campus de Leganés,CAR,Coche,2026-07-29,2026-07-29T09:00:00+02:00,success,[],,2026-07-29T18:00:00+02:00,success,[],,2026-07-29T08:42:06+02:00,2026-07-29T09:00:00+02:00,CAR,,,,17.9,18153.02,0.0,0.0,0.0,0.0,2026-07-29T18:00:00+02:00,2026-07-29T18:17:23+02:00,CAR,,,,17.383333333333333,17743.63,0.0,0.0,0.0,0.0,complete_route,True,0,35.28333333333333,35896.65,0.0,0.0,0.0,0.0
MAD-182,Santa Eugenia,Villa de Vallecas,DEST_003,UC3M Campus de Leganés,TRANSIT,Transporte público,2026-07-29,2026-07-29T09:00:00+02:00,success,[],,2026-07-29T18:00:00+02:00,success,[],,2026-07-29T07:07:45+02:00,2026-07-29T08:56:51+02:00,WALK|BUS,BUS,352|102|E1|482,Consorcio Regional de Transportes de Madrid|Información oficial: Consorcio Regional de Transportes de Madrid,109.1,24255.65,21.03333333333333,23.433333333333334,1462.65,3.0,2026-07-29T18:04:55+02:00,2026-07-29T19:46:26+02:00,WALK|BUS,BUS,485|432|423|352,Consorcio Regional de Transportes de Madrid,101.51666666666668,26787.06,22.73333333333333,27.866666666666667,1748.06,3.0,complete_route,True,0,210.61666666666667,51042.71000000001,43.766666666666666,51.3,3210.71,6.0
MAD-182,Santa Eugenia,Villa de Vallecas,DEST_003,UC3M Campus de Leganés,WALK,A pie,2026-07-29,2026-07-29T09:00:00+02:00,success,[],,2026-07-29T18:00:00+02:00,success,[],,2026-07-29T05:12:16+02:00,2026-07-29T09:00:00+02:00,WALK,,,,227.7333333333333,17502.33,227.7333333333333,0.0,17502.33,0.0,2026-07-29T18:00:00+02:00,2026-07-29T21:47:44+02:00,WALK,,,,227.7333333333333,17502.33,227.7333333333333,0.0,17502.33,0.0,complete_route,True,0,455.4666666666666,35004.66,455.4666666666666,0.0,35004.66,0.0
MAD-183,Ensanche de Vallecas,Villa de Vallecas,DEST_003,UC3M Campus de Leganés,BICYCLE,Bicicleta,2026-07-29,2026-07-29T09:00:00+02:00,success,[],,2026-07-29T18:00:00+02:00,success,[],,2026-07-29T07:20:21+02:00,2026-07-29T09:00:00+02:00,BICYCLE,,,,99.65,24663.25,0.0,0.0,0.0,0.0,2026-07-29T18:00:00+02:00,2026-07-29T19:29:35+02:00,BICYCLE,,,,89.58333333333333,23202.03,0.0,0.0,0.0,0.0,complete_route,True,0,189.23333333333335,47865.28,0.0,0.0,0.0,0.0
MAD-183,Ensanche de Vallecas,Villa de Vallecas,DEST_003,UC3M Campus de Leganés,CAR,Coche,2026-07-29,2026-07-29T09:00:00+02:00,success,[],,2026-07-29T18:00:00+02:00,success,[],,2026-07-29T08:43:24+02:00,2026-07-29T09:00:00+02:00,CAR,,,,16.6,16564.73,0.0,0.0,0.0,0.0,2026-07-29T18:00:00+02:00,2026-07-29T18:16:26+02:00,CAR,,,,16.433333333333334,16486.98,0.0,0.0,0.0,0.0,complete_route,True,0,33.03333333333333,33051.71,0.0,0.0,0.0,0.0
MAD-183,Ensanche de Vallecas,Villa de Vallecas,DEST_003,UC3M Campus de Leganés,TRANSIT,Transporte público,2026-07-29,2026-07-29T09:00:00+02:00,success,[],,2026-07-29T18:00:00+02:00,success,[],,2026-07-29T06:44:00+02:00,2026-07-29T08:56:51+02:00,WALK|BUS,BUS,145|352|102|E1|482,Información oficial: Consorcio Regional de Transportes de Madrid|Consorcio Regional de Transportes de Madrid,132.85,27272.12,17.266666666666666,39.66666666666666,1162.12,4.0,2026-07-29T18:04:55+02:00,2026-07-29T20:07:18+02:00,WALK|BUS,BUS,485|432|423|331|145,Consorcio Regional de Transportes de Madrid|Información oficial: Consorcio Regional de Transportes de Madrid,122.38333333333334,28705.52,12.85,32.06666666666667,948.52,4.0,complete_route,True,0,255.23333333333335,55977.64,30.116666666666667,71.73333333333332,2110.64,8.0
MAD-183,Ensanche de Vallecas,Villa de Vallecas,DEST_003,UC3M Campus de Leganés,WALK,A pie,2026-07-29,2026-07-29T09:00:00+02:00,no_route,"[{""code"":""NO_DIRECT_MODE_CONNECTION"",""description"":""No route found for the requested direct mode. The origin and destination may be too far apart or not connected by the requested mode of transport."",""inputField"":null}]",,2026-07-29T18:00:00+02:00,no_route,"[{""code"":""NO_DIRECT_MODE_CONNECTION"",""description"":""No route found for the requested direct mode. The origin and destination may be too far apart or not connected by the requested mode of transport."",""inputField"":null}]",,,,,,,,,,,,,,,,,,,,,,,,,,no_route,False,2,,,,,,
MAD-191,Casco Histórico de Vicálvaro,Vicálvaro,DEST_003,UC3M Campus de Leganés,BICYCLE,Bicicleta,2026-07-29,2026-07-29T09:00:00+02:00,success,[],,2026-07-29T18:00:00+02:00,success,[],,2026-07-29T07:13:21+02:00,2026-07-29T09:00:00+02:00,BICYCLE,,,,106.65,27700.55,0.0,0.0,0.0,0.0,2026-07-29T18:00:00+02:00,2026-07-29T19:38:02+02:00,BICYCLE,,,,98.03333333333332,26228.72,0.0,0.0,0.0,0.0,complete_route,True,0,204.68333333333334,53929.270000000004,0.0,0.0,0.0,0.0
MAD-191,Casco Histórico de Vicálvaro,Vicálvaro,DEST_003,UC3M Campus de Leganés,CAR,Coche,2026-07-29,2026-07-29T09:00:00+02:00,success,[],,2026-07-29T18:00:00+02:00,success,[],,2026-07-29T08:42:44+02:00,2026-07-29T09:00:00+02:00,CAR,,,,17.266666666666666,20053.41,0.0,0.0,0.0,0.0,2026-07-29T18:00:00+02:00,2026-07-29T18:17:37+02:00,CAR,,,,17.616666666666667,19862.61,0.0,0.0,0.0,0.0,complete_route,True,0,34.88333333333333,39916.020000000004,0.0,0.0,0.0,0.0
MAD-191,Casco Histórico de Vicálvaro,Vicálvaro,DEST_003,UC3M Campus de Leganés,TRANSIT,Transporte público,2026-07-29,2026-07-29T09:00:00+02:00,success,[],,2026-07-29T18:00:00+02:00,success,[],,2026-07-29T06:50:12+02:00,2026-07-29T08:32:11+02:00,WALK|BUS,BUS,341|352|423|432,Consorcio Regional de Transportes de Madrid,101.98333333333332,31510.44,14.133333333333333,12.15,1083.44,3.0,2026-07-29T18:04:55+02:00,2026-07-29T19:47:06+02:00,WALK|BUS,BUS,485|432|423|352|341,Consorcio Regional de Transportes de Madrid,102.18333333333334,30231.43,9.666666666666666,31.9,734.4300000000001,4.0,complete_route,True,0,204.16666666666666,61741.869999999995,23.799999999999997,44.05,1817.8700000000001,7.0
MAD-191,Casco Histórico de Vicálvaro,Vicálvaro,DEST_003,UC3M Campus de Leganés,WALK,A pie,2026-07-29,2026-07-29T09:00:00+02:00,no_route,"[{""code"":""NO_DIRECT_MODE_CONNECTION"",""description"":""No route found for the requested direct mode. The origin and destination may be too far apart or not connected by the requested mode of transport."",""inputField"":null}]",,2026-07-29T18:00:00+02:00,no_route,"[{""code"":""NO_DIRECT_MODE_CONNECTION"",""description"":""No route found for the requested direct mode. The origin and destination may be too far apart or not connected by the requested mode of transport."",""inputField"":null}]",,,,,,,,,,,,,,,,,,,,,,,,,,no_route,False,2,,,,,,
MAD-192,Valdebernardo,Vicálvaro,DEST_003,UC3M Campus de Leganés,BICYCLE,Bicicleta,2026-07-29,2026-07-29T09:00:00+02:00,success,[],,2026-07-29T18:00:00+02:00,success,[],,2026-07-29T07:26:31+02:00,2026-07-29T09:00:00+02:00,BICYCLE,,,,93.48333333333332,23949.21,0.0,0.0,0.0,0.0,2026-07-29T18:00:00+02:00,2026-07-29T19:25:13+02:00,BICYCLE,,,,85.21666666666667,22464.21,0.0,0.0,0.0,0.0,complete_route,True,0,178.7,46413.42,0.0,0.0,0.0,0.0
MAD-192,Valdebernardo,Vicálvaro,DEST_003,UC3M Campus de Leganés,CAR,Coche,2026-07-29,2026-07-29T09:00:00+02:00,success,[],,2026-07-29T18:00:00+02:00,success,[],,2026-07-29T08:42:18+02:00,2026-07-29T09:00:00+02:00,CAR,,,,17.7,18569.94,0.0,0.0,0.0,0.0,2026-07-29T18:00:00+02:00,2026-07-29T18:17:03+02:00,CAR,,,,17.05,19586.43,0.0,0.0,0.0,0.0,complete_route,True,0,34.75,38156.369999999995,0.0,0.0,0.0,0.0
MAD-192,Valdebernardo,Vicálvaro,DEST_003,UC3M Campus de Leganés,TRANSIT,Transporte público,2026-07-29,2026-07-29T09:00:00+02:00,success,[],,2026-07-29T18:00:00+02:00,success,[],,2026-07-29T07:08:57+02:00,2026-07-29T08:56:51+02:00,WALK|BUS,BUS,352|102|E1|482,Consorcio Regional de Transportes de Madrid|Información oficial: Consorcio Regional de Transportes de Madrid,107.9,22500.39,21.6,23.433333333333334,1522.39,3.0,2026-07-29T18:04:55+02:00,2026-07-29T19:43:32+02:00,WALK|BUS,BUS,485|432|423|331,Consorcio Regional de Transportes de Madrid,98.61666666666666,23620.04,23.766666666666666,18.066666666666663,1785.04,3.0,complete_route,True,0,206.51666666666665,46120.43,45.36666666666667,41.5,3307.4300000000003,6.0
MAD-192,Valdebernardo,Vicálvaro,DEST_003,UC3M Campus de Leganés,WALK,A pie,2026-07-29,2026-07-29T09:00:00+02:00,success,[],,2026-07-29T18:00:00+02:00,success,[],,2026-07-29T05:04:37+02:00,2026-07-29T09:00:00+02:00,WALK,,,,235.38333333333333,18117.33,235.38333333333333,0.0,18117.33,0.0,2026-07-29T18:00:00+02:00,2026-07-29T21:55:23+02:00,WALK,,,,235.38333333333333,18117.33,235.38333333333333,0.0,18117.33,0.0,complete_route,True,0,470.76666666666665,36234.66,470.76666666666665,0.0,36234.66,0.0
MAD-193,Valderrivas,Vicálvaro,DEST_003,UC3M Campus de Leganés,BICYCLE,Bicicleta,2026-07-29,2026-07-29T09:00:00+02:00,success,[],,2026-07-29T18:00:00+02:00,success,[],,2026-07-29T07:19:27+02:00,2026-07-29T09:00:00+02:00,BICYCLE,,,,100.55,25525.59,0.0,0.0,0.0,0.0,2026-07-29T18:00:00+02:00,2026-07-29T19:30:47+02:00,BICYCLE,,,,90.78333333333332,24504.65,0.0,0.0,0.0,0.0,complete_route,True,0,191.33333333333331,50030.240000000005,0.0,0.0,0.0,0.0
MAD-193,Valderrivas,Vicálvaro,DEST_003,UC3M Campus de Leganés,CAR,Coche,2026-07-29,2026-07-29T09:00:00+02:00,success,[],,2026-07-29T18:00:00+02:00,success,[],,2026-07-29T08:41:06+02:00,2026-07-29T09:00:00+02:00,CAR,,,,18.9,20352.3,0.0,0.0,0.0,0.0,2026-07-29T18:00:00+02:00,2026-07-29T18:18:01+02:00,CAR,,,,18.016666666666666,20058.93,0.0,0.0,0.0,0.0,complete_route,True,0,36.916666666666664,40411.229999999996,0.0,0.0,0.0,0.0
MAD-193,Valderrivas,Vicálvaro,DEST_003,UC3M Campus de Leganés,TRANSIT,Transporte público,2026-07-29,2026-07-29T09:00:00+02:00,success,[],,2026-07-29T18:00:00+02:00,success,[],,2026-07-29T06:52:56+02:00,2026-07-29T08:56:51+02:00,WALK|BUS,BUS,352|102|E1|482,Consorcio Regional de Transportes de Madrid|Información oficial: Consorcio Regional de Transportes de Madrid,123.91666666666669,25384.26,35.85,23.433333333333334,2591.26,3.0,2026-07-29T18:04:55+02:00,2026-07-29T19:56:04+02:00,WALK|BUS,BUS,485|432|423|352,Consorcio Regional de Transportes de Madrid,111.15,27505.72,32.36666666666667,27.866666666666667,2466.7200000000003,3.0,complete_route,True,0,235.0666666666667,52889.979999999996,68.21666666666667,51.3,5057.9800000000005,6.0
MAD-193,Valderrivas,Vicálvaro,DEST_003,UC3M Campus de Leganés,WALK,A pie,2026-07-29,2026-07-29T09:00:00+02:00,no_route,"[{""code"":""NO_DIRECT_MODE_CONNECTION"",""description"":""No route found for the requested direct mode. The origin and destination may be too far apart or not connected by the requested mode of transport."",""inputField"":null}]",,2026-07-29T18:00:00+02:00,no_route,"[{""code"":""NO_DIRECT_MODE_CONNECTION"",""description"":""No route found for the requested direct mode. The origin and destination may be too far apart or not connected by the requested mode of transport."",""inputField"":null}]",,,,,,,,,,,,,,,,,,,,,,,,,,no_route,False,2,,,,,,
MAD-194,El Cañaveral,Vicálvaro,DEST_003,UC3M Campus de Leganés,BICYCLE,Bicicleta,2026-07-29,2026-07-29T09:00:00+02:00,success,[],,2026-07-29T18:00:00+02:00,success,[],,2026-07-29T06:50:11+02:00,2026-07-29T09:00:00+02:00,BICYCLE,,,,129.81666666666666,33408.95,0.0,0.0,0.0,0.0,2026-07-29T18:00:00+02:00,2026-07-29T20:07:23+02:00,BICYCLE,,,,127.38333333333334,33795.27,0.0,0.0,0.0,0.0,complete_route,True,0,257.2,67204.22,0.0,0.0,0.0,0.0
MAD-194,El Cañaveral,Vicálvaro,DEST_003,UC3M Campus de Leganés,CAR,Coche,2026-07-29,2026-07-29T09:00:00+02:00,success,[],,2026-07-29T18:00:00+02:00,success,[],,2026-07-29T08:39:43+02:00,2026-07-29T09:00:00+02:00,CAR,,,,20.28333333333333,24203.54,0.0,0.0,0.0,0.0,2026-07-29T18:00:00+02:00,2026-07-29T18:20:23+02:00,CAR,,,,20.383333333333333,23624.26,0.0,0.0,0.0,0.0,complete_route,True,0,40.666666666666664,47827.8,0.0,0.0,0.0,0.0
MAD-194,El Cañaveral,Vicálvaro,DEST_003,UC3M Campus de Leganés,TRANSIT,Transporte público,2026-07-29,2026-07-29T09:00:00+02:00,success,[],,2026-07-29T18:00:00+02:00,success,[],,2026-07-29T06:28:42+02:00,2026-07-29T08:32:11+02:00,WALK|BUS,BUS,341|352|423|432,Consorcio Regional de Transportes de Madrid,123.48333333333332,36559.78,24.75,12.15,1904.78,3.0,2026-07-29T18:04:55+02:00,2026-07-29T20:11:59+02:00,WALK|BUS,BUS,485|432|423|352|341,Consorcio Regional de Transportes de Madrid,127.06666666666666,35727.92,25.016666666666666,31.9,1925.92,4.0,complete_route,True,0,250.54999999999998,72287.7,49.766666666666666,44.05,3830.7,7.0
MAD-194,El Cañaveral,Vicálvaro,DEST_003,UC3M Campus de Leganés,WALK,A pie,2026-07-29,2026-07-29T09:00:00+02:00,no_route,"[{""code"":""NO_DIRECT_MODE_CONNECTION"",""description"":""No route found for the requested direct mode. The origin and destination may be too far apart or not connected by the requested mode of transport."",""inputField"":null}]",,2026-07-29T18:00:00+02:00,no_route,"[{""code"":""NO_DIRECT_MODE_CONNECTION"",""description"":""No route found for the requested direct mode. The origin and destination may be too far apart or not connected by the requested mode of transport."",""inputField"":null}]",,,,,,,,,,,,,,,,,,,,,,,,,,no_route,False,2,,,,,,
MAD-201,Simancas,San Blas - Canillejas,DEST_003,UC3M Campus de Leganés,BICYCLE,Bicicleta,2026-07-29,2026-07-29T09:00:00+02:00,success,[],,2026-07-29T18:00:00+02:00,success,[],,2026-07-29T07:08:28+02:00,2026-07-29T09:00:00+02:00,BICYCLE,,,,111.53333333333332,28264.92,0.0,0.0,0.0,0.0,2026-07-29T18:00:00+02:00,2026-07-29T19:44:21+02:00,BICYCLE,,,,104.35,26663.57,0.0,0.0,0.0,0.0,complete_route,True,0,215.88333333333333,54928.49,0.0,0.0,0.0,0.0
MAD-201,Simancas,San Blas - Canillejas,DEST_003,UC3M Campus de Leganés,CAR,Coche,2026-07-29,2026-07-29T09:00:00+02:00,success,[],,2026-07-29T18:00:00+02:00,success,[],,2026-07-29T08:38:20+02:00,2026-07-29T09:00:00+02:00,CAR,,,,21.666666666666668,21921.1,0.0,0.0,0.0,0.0,2026-07-29T18:00:00+02:00,2026-07-29T18:22:02+02:00,CAR,,,,22.03333333333333,22519.63,0.0,0.0,0.0,0.0,complete_route,True,0,43.7,44440.729999999996,0.0,0.0,0.0,0.0
MAD-201,Simancas,San Blas - Canillejas,DEST_003,UC3M Campus de Leganés,TRANSIT,Transporte público,2026-07-29,2026-07-29T09:00:00+02:00,success,[],,2026-07-29T18:00:00+02:00,success,[],,2026-07-29T07:01:00+02:00,2026-07-29T08:56:51+02:00,WALK|BUS,BUS,28|E1|482,Información oficial: Consorcio Regional de Transportes de Madrid|Consorcio Regional de Transportes de Madrid,115.85,21785.7,14.1,23.266666666666666,987.7,2.0,2026-07-29T18:00:58+02:00,2026-07-29T20:05:31+02:00,WALK|BUS,BUS,480|E1|28,Consorcio Regional de Transportes de Madrid|Información oficial: Consorcio Regional de Transportes de Madrid,124.55,25291.27,14.083333333333334,22.0,1001.27,2.0,complete_route,True,0,240.39999999999998,47076.97,28.183333333333334,45.266666666666666,1988.97,4.0
MAD-201,Simancas,San Blas - Canillejas,DEST_003,UC3M Campus de Leganés,WALK,A pie,2026-07-29,2026-07-29T09:00:00+02:00,no_route,"[{""code"":""NO_DIRECT_MODE_CONNECTION"",""description"":""No route found for the requested direct mode. The origin and destination may be too far apart or not connected by the requested mode of transport."",""inputField"":null}]",,2026-07-29T18:00:00+02:00,no_route,"[{""code"":""NO_DIRECT_MODE_CONNECTION"",""description"":""No route found for the requested direct mode. The origin and destination may be too far apart or not connected by the requested mode of transport."",""inputField"":null}]",,,,,,,,,,,,,,,,,,,,,,,,,,no_route,False,2,,,,,,
MAD-202,Hellín,San Blas - Canillejas,DEST_003,UC3M Campus de Leganés,BICYCLE,Bicicleta,2026-07-29,2026-07-29T09:00:00+02:00,success,[],,2026-07-29T18:00:00+02:00,success,[],,2026-07-29T07:10:19+02:00,2026-07-29T09:00:00+02:00,BICYCLE,,,,109.68333333333334,27939.63,0.0,0.0,0.0,0.0,2026-07-29T18:00:00+02:00,2026-07-29T19:41:28+02:00,BICYCLE,,,,101.46666666666668,27157.03,0.0,0.0,0.0,0.0,complete_route,True,0,211.15000000000003,55096.66,0.0,0.0,0.0,0.0
MAD-202,Hellín,San Blas - Canillejas,DEST_003,UC3M Campus de Leganés,CAR,Coche,2026-07-29,2026-07-29T09:00:00+02:00,success,[],,2026-07-29T18:00:00+02:00,success,[],,2026-07-29T08:38:40+02:00,2026-07-29T09:00:00+02:00,CAR,,,,21.33333333333333,22139.31,0.0,0.0,0.0,0.0,2026-07-29T18:00:00+02:00,2026-07-29T18:21:00+02:00,CAR,,,,21.0,22154.91,0.0,0.0,0.0,0.0,complete_route,True,0,42.33333333333333,44294.22,0.0,0.0,0.0,0.0
MAD-202,Hellín,San Blas - Canillejas,DEST_003,UC3M Campus de Leganés,TRANSIT,Transporte público,2026-07-29,2026-07-29T09:00:00+02:00,success,[],,2026-07-29T18:00:00+02:00,success,[],,2026-07-29T06:51:58+02:00,2026-07-29T08:56:51+02:00,WALK|BUS,BUS,289|28|E1|482,Consorcio Regional de Transportes de Madrid|Información oficial: Consorcio Regional de Transportes de Madrid,124.88333333333334,22804.92,18.016666666666666,26.83333333333333,1252.9199999999996,3.0,2026-07-29T18:03:27+02:00,2026-07-29T20:14:33+02:00,WALK|BUS,BUS,485|E1|28|288,Consorcio Regional de Transportes de Madrid|Información oficial: Consorcio Regional de Transportes de Madrid,131.1,26106.79,20.433333333333334,24.53333333333333,1531.79,3.0,complete_route,True,0,255.98333333333335,48911.71,38.45,51.36666666666666,2784.7099999999996,6.0
MAD-202,Hellín,San Blas - Canillejas,DEST_003,UC3M Campus de Leganés,WALK,A pie,2026-07-29,2026-07-29T09:00:00+02:00,no_route,"[{""code"":""NO_DIRECT_MODE_CONNECTION"",""description"":""No route found for the requested direct mode. The origin and destination may be too far apart or not connected by the requested mode of transport."",""inputField"":null}]",,2026-07-29T18:00:00+02:00,no_route,"[{""code"":""NO_DIRECT_MODE_CONNECTION"",""description"":""No route found for the requested direct mode. The origin and destination may be too far apart or not connected by the requested mode of transport."",""inputField"":null}]",,,,,,,,,,,,,,,,,,,,,,,,,,no_route,False,2,,,,,,
MAD-203,Amposta,San Blas - Canillejas,DEST_003,UC3M Campus de Leganés,BICYCLE,Bicicleta,2026-07-29,2026-07-29T09:00:00+02:00,success,[],,2026-07-29T18:00:00+02:00,success,[],,2026-07-29T07:14:12+02:00,2026-07-29T09:00:00+02:00,BICYCLE,,,,105.8,27108.31,0.0,0.0,0.0,0.0,2026-07-29T18:00:00+02:00,2026-07-29T19:38:00+02:00,BICYCLE,,,,98.0,26438.88,0.0,0.0,0.0,0.0,complete_route,True,0,203.8,53547.19,0.0,0.0,0.0,0.0
MAD-203,Amposta,San Blas - Canillejas,DEST_003,UC3M Campus de Leganés,CAR,Coche,2026-07-29,2026-07-29T09:00:00+02:00,success,[],,2026-07-29T18:00:00+02:00,success,[],,2026-07-29T08:39:12+02:00,2026-07-29T09:00:00+02:00,CAR,,,,20.8,21165.92,0.0,0.0,0.0,0.0,2026-07-29T18:00:00+02:00,2026-07-29T18:21:26+02:00,CAR,,,,21.433333333333334,21654.47,0.0,0.0,0.0,0.0,complete_route,True,0,42.233333333333334,42820.39,0.0,0.0,0.0,0.0
MAD-203,Amposta,San Blas - Canillejas,DEST_003,UC3M Campus de Leganés,TRANSIT,Transporte público,2026-07-29,2026-07-29T09:00:00+02:00,success,[],,2026-07-29T18:00:00+02:00,success,[],,2026-07-29T06:48:00+02:00,2026-07-29T08:56:51+02:00,WALK|BUS,BUS,28|E1|482,Información oficial: Consorcio Regional de Transportes de Madrid|Consorcio Regional de Transportes de Madrid,128.85,22715.54,26.816666666666663,23.55,1917.54,2.0,2026-07-29T18:03:27+02:00,2026-07-29T20:17:30+02:00,WALK|BUS,BUS,485|E1|28,Consorcio Regional de Transportes de Madrid|Información oficial: Consorcio Regional de Transportes de Madrid,134.05,26015.82,31.6,22.0,2294.82,2.0,complete_route,True,0,262.9,48731.36,58.416666666666664,45.55,4212.360000000001,4.0
MAD-203,Amposta,San Blas - Canillejas,DEST_003,UC3M Campus de Leganés,WALK,A pie,2026-07-29,2026-07-29T09:00:00+02:00,no_route,"[{""code"":""NO_DIRECT_MODE_CONNECTION"",""description"":""No route found for the requested direct mode. The origin and destination may be too far apart or not connected by the requested mode of transport."",""inputField"":null}]",,2026-07-29T18:00:00+02:00,no_route,"[{""code"":""NO_DIRECT_MODE_CONNECTION"",""description"":""No route found for the requested direct mode. The origin and destination may be too far apart or not connected by the requested mode of transport."",""inputField"":null}]",,,,,,,,,,,,,,,,,,,,,,,,,,no_route,False,2,,,,,,
MAD-204,Arcos,San Blas - Canillejas,DEST_003,UC3M Campus de Leganés,BICYCLE,Bicicleta,2026-07-29,2026-07-29T09:00:00+02:00,success,[],,2026-07-29T18:00:00+02:00,success,[],,2026-07-29T07:15:34+02:00,2026-07-29T09:00:00+02:00,BICYCLE,,,,104.43333333333334,26511.7,0.0,0.0,0.0,0.0,2026-07-29T18:00:00+02:00,2026-07-29T19:36:27+02:00,BICYCLE,,,,96.45,25806.73,0.0,0.0,0.0,0.0,complete_route,True,0,200.88333333333333,52318.43,0.0,0.0,0.0,0.0
MAD-204,Arcos,San Blas - Canillejas,DEST_003,UC3M Campus de Leganés,CAR,Coche,2026-07-29,2026-07-29T09:00:00+02:00,success,[],,2026-07-29T18:00:00+02:00,success,[],,2026-07-29T08:40:35+02:00,2026-07-29T09:00:00+02:00,CAR,,,,19.416666666666668,20420.7,0.0,0.0,0.0,0.0,2026-07-29T18:00:00+02:00,2026-07-29T18:20:17+02:00,CAR,,,,20.28333333333333,20906.35,0.0,0.0,0.0,0.0,complete_route,True,0,39.7,41327.05,0.0,0.0,0.0,0.0
MAD-204,Arcos,San Blas - Canillejas,DEST_003,UC3M Campus de Leganés,TRANSIT,Transporte público,2026-07-29,2026-07-29T09:00:00+02:00,success,[],,2026-07-29T18:00:00+02:00,success,[],,2026-07-29T06:50:00+02:00,2026-07-29T08:56:51+02:00,WALK|BUS,BUS,E2|C1|E1|482,Información oficial: Consorcio Regional de Transportes de Madrid|Consorcio Regional de Transportes de Madrid,126.85,22055.36,11.433333333333334,35.25,744.36,3.0,2026-07-29T18:00:58+02:00,2026-07-29T20:10:48+02:00,WALK|BUS,BUS,480|E1|203|E2,Consorcio Regional de Transportes de Madrid|Información oficial: Consorcio Regional de Transportes de Madrid,129.83333333333334,25176.9,10.9,42.0,728.9000000000001,3.0,complete_route,True,0,256.68333333333334,47232.26,22.333333333333336,77.25,1473.2600000000002,6.0
MAD-204,Arcos,San Blas - Canillejas,DEST_003,UC3M Campus de Leganés,WALK,A pie,2026-07-29,2026-07-29T09:00:00+02:00,no_route,"[{""code"":""NO_DIRECT_MODE_CONNECTION"",""description"":""No route found for the requested direct mode. The origin and destination may be too far apart or not connected by the requested mode of transport."",""inputField"":null}]",,2026-07-29T18:00:00+02:00,no_route,"[{""code"":""NO_DIRECT_MODE_CONNECTION"",""description"":""No route found for the requested direct mode. The origin and destination may be too far apart or not connected by the requested mode of transport."",""inputField"":null}]",,,,,,,,,,,,,,,,,,,,,,,,,,no_route,False,2,,,,,,
MAD-205,Rosas,San Blas - Canillejas,DEST_003,UC3M Campus de Leganés,BICYCLE,Bicicleta,2026-07-29,2026-07-29T09:00:00+02:00,success,[],,2026-07-29T18:00:00+02:00,success,[],,2026-07-29T07:04:20+02:00,2026-07-29T09:00:00+02:00,BICYCLE,,,,115.66666666666669,30282.19,0.0,0.0,0.0,0.0,2026-07-29T18:00:00+02:00,2026-07-29T19:48:33+02:00,BICYCLE,,,,108.55,28977.7,0.0,0.0,0.0,0.0,complete_route,True,0,224.2166666666667,59259.89,0.0,0.0,0.0,0.0
MAD-205,Rosas,San Blas - Canillejas,DEST_003,UC3M Campus de Leganés,CAR,Coche,2026-07-29,2026-07-29T09:00:00+02:00,success,[],,2026-07-29T18:00:00+02:00,success,[],,2026-07-29T08:41:36+02:00,2026-07-29T09:00:00+02:00,CAR,,,,18.4,21943.63,0.0,0.0,0.0,0.0,2026-07-29T18:00:00+02:00,2026-07-29T18:19:17+02:00,CAR,,,,19.28333333333333,24522.35,0.0,0.0,0.0,0.0,complete_route,True,0,37.68333333333333,46465.979999999996,0.0,0.0,0.0,0.0
MAD-205,Rosas,San Blas - Canillejas,DEST_003,UC3M Campus de Leganés,TRANSIT,Transporte público,2026-07-29,2026-07-29T09:00:00+02:00,success,[],,2026-07-29T18:00:00+02:00,success,[],,2026-07-29T06:39:32+02:00,2026-07-29T08:56:51+02:00,WALK|BUS,BUS,289|28|E1|482,Consorcio Regional de Transportes de Madrid|Información oficial: Consorcio Regional de Transportes de Madrid,137.31666666666666,24901.78,26.266666666666666,26.83333333333333,1944.78,3.0,2026-07-29T18:03:27+02:00,2026-07-29T20:27:41+02:00,WALK|BUS,BUS,485|E1|28|288,Consorcio Regional de Transportes de Madrid|Información oficial: Consorcio Regional de Transportes de Madrid,144.23333333333332,28113.92,27.6,24.53333333333333,2081.92,3.0,complete_route,True,0,281.54999999999995,53015.7,53.86666666666667,51.36666666666666,4026.7,6.0
MAD-205,Rosas,San Blas - Canillejas,DEST_003,UC3M Campus de Leganés,WALK,A pie,2026-07-29,2026-07-29T09:00:00+02:00,no_route,"[{""code"":""NO_DIRECT_MODE_CONNECTION"",""description"":""No route found for the requested direct mode. The origin and destination may be too far apart or not connected by the requested mode of transport."",""inputField"":null}]",,2026-07-29T18:00:00+02:00,no_route,"[{""code"":""NO_DIRECT_MODE_CONNECTION"",""description"":""No route found for the requested direct mode. The origin and destination may be too far apart or not connected by the requested mode of transport."",""inputField"":null}]",,,,,,,,,,,,,,,,,,,,,,,,,,no_route,False,2,,,,,,
MAD-206,Rejas,San Blas - Canillejas,DEST_003,UC3M Campus de Leganés,BICYCLE,Bicicleta,2026-07-29,2026-07-29T09:00:00+02:00,success,[],,2026-07-29T18:00:00+02:00,success,[],,2026-07-29T06:36:47+02:00,2026-07-29T09:00:00+02:00,BICYCLE,,,,143.21666666666667,37217.88,0.0,0.0,0.0,0.0,2026-07-29T18:00:00+02:00,2026-07-29T20:09:24+02:00,BICYCLE,,,,129.4,34353.41,0.0,0.0,0.0,0.0,complete_route,True,0,272.6166666666667,71571.29000000001,0.0,0.0,0.0,0.0
MAD-206,Rejas,San Blas - Canillejas,DEST_003,UC3M Campus de Leganés,CAR,Coche,2026-07-29,2026-07-29T09:00:00+02:00,success,[],,2026-07-29T18:00:00+02:00,success,[],,2026-07-29T08:38:47+02:00,2026-07-29T09:00:00+02:00,CAR,,,,21.216666666666665,25178.03,0.0,0.0,0.0,0.0,2026-07-29T18:00:00+02:00,2026-07-29T18:21:32+02:00,CAR,,,,21.53333333333333,26144.12,0.0,0.0,0.0,0.0,complete_route,True,0,42.75,51322.149999999994,0.0,0.0,0.0,0.0
MAD-206,Rejas,San Blas - Canillejas,DEST_003,UC3M Campus de Leganés,TRANSIT,Transporte público,2026-07-29,2026-07-29T09:00:00+02:00,success,[],,2026-07-29T18:00:00+02:00,success,[],,2026-07-29T06:36:17+02:00,2026-07-29T08:39:25+02:00,WALK|BUS,BUS,223|C1|E1|492,Consorcio Regional de Transportes de Madrid|Información oficial: Consorcio Regional de Transportes de Madrid,123.13333333333334,30095.74,27.316666666666663,23.95,1970.74,3.0,2026-07-29T18:03:27+02:00,2026-07-29T20:14:04+02:00,WALK|BUS,BUS,485|E1|52|224,Consorcio Regional de Transportes de Madrid|Información oficial: Consorcio Regional de Transportes de Madrid,130.61666666666667,31227.97,25.916666666666668,30.55,1819.97,3.0,complete_route,True,0,253.75,61323.71000000001,53.233333333333334,54.5,3790.71,6.0
MAD-206,Rejas,San Blas - Canillejas,DEST_003,UC3M Campus de Leganés,WALK,A pie,2026-07-29,2026-07-29T09:00:00+02:00,no_route,"[{""code"":""NO_DIRECT_MODE_CONNECTION"",""description"":""No route found for the requested direct mode. The origin and destination may be too far apart or not connected by the requested mode of transport."",""inputField"":null}]",,2026-07-29T18:00:00+02:00,no_route,"[{""code"":""NO_DIRECT_MODE_CONNECTION"",""description"":""No route found for the requested direct mode. The origin and destination may be too far apart or not connected by the requested mode of transport."",""inputField"":null}]",,,,,,,,,,,,,,,,,,,,,,,,,,no_route,False,2,,,,,,
MAD-207,Canillejas,San Blas - Canillejas,DEST_003,UC3M Campus de Leganés,BICYCLE,Bicicleta,2026-07-29,2026-07-29T09:00:00+02:00,success,[],,2026-07-29T18:00:00+02:00,success,[],,2026-07-29T06:59:33+02:00,2026-07-29T09:00:00+02:00,BICYCLE,,,,120.45,31026.38,0.0,0.0,0.0,0.0,2026-07-29T18:00:00+02:00,2026-07-29T19:50:53+02:00,BICYCLE,,,,110.88333333333334,29536.75,0.0,0.0,0.0,0.0,complete_route,True,0,231.33333333333334,60563.130000000005,0.0,0.0,0.0,0.0
MAD-207,Canillejas,San Blas - Canillejas,DEST_003,UC3M Campus de Leganés,CAR,Coche,2026-07-29,2026-07-29T09:00:00+02:00,success,[],,2026-07-29T18:00:00+02:00,no_route,"[{""code"":""NO_DIRECT_MODE_CONNECTION"",""description"":""No route found for the requested direct mode. The origin and destination may be too far apart or not connected by the requested mode of transport."",""inputField"":null}]",,2026-07-29T08:37:48+02:00,2026-07-29T09:00:00+02:00,CAR,,,,22.2,24151.36,0.0,0.0,0.0,0.0,,,,,,,,,,,,,partial_route,False,1,,,,,,
MAD-207,Canillejas,San Blas - Canillejas,DEST_003,UC3M Campus de Leganés,TRANSIT,Transporte público,2026-07-29,2026-07-29T09:00:00+02:00,success,[],,2026-07-29T18:00:00+02:00,success,[],,2026-07-29T06:51:00+02:00,2026-07-29T08:56:51+02:00,WALK|BUS,BUS,28|E1|482,Información oficial: Consorcio Regional de Transportes de Madrid|Consorcio Regional de Transportes de Madrid,125.85,23662.09,16.95,23.466666666666665,1200.0899999999997,2.0,2026-07-29T18:00:58+02:00,2026-07-29T20:14:39+02:00,WALK|BUS,BUS,480|E1|19|224A,Consorcio Regional de Transportes de Madrid|Información oficial: Consorcio Regional de Transportes de Madrid,133.68333333333334,28732.52,29.216666666666665,22.08333333333333,2041.52,3.0,complete_route,True,0,259.5333333333333,52394.61,46.166666666666664,45.55,3241.6099999999997,5.0
MAD-207,Canillejas,San Blas - Canillejas,DEST_003,UC3M Campus de Leganés,WALK,A pie,2026-07-29,2026-07-29T09:00:00+02:00,no_route,"[{""code"":""NO_DIRECT_MODE_CONNECTION"",""description"":""No route found for the requested direct mode. The origin and destination may be too far apart or not connected by the requested mode of transport."",""inputField"":null}]",,2026-07-29T18:00:00+02:00,no_route,"[{""code"":""NO_DIRECT_MODE_CONNECTION"",""description"":""No route found for the requested direct mode. The origin and destination may be too far apart or not connected by the requested mode of transport."",""inputField"":null}]",,,,,,,,,,,,,,,,,,,,,,,,,,no_route,False,2,,,,,,
MAD-208,El Salvador,San Blas - Canillejas,DEST_003,UC3M Campus de Leganés,BICYCLE,Bicicleta,2026-07-29,2026-07-29T09:00:00+02:00,success,[],,2026-07-29T18:00:00+02:00,success,[],,2026-07-29T07:00:26+02:00,2026-07-29T09:00:00+02:00,BICYCLE,,,,119.56666666666666,29759.56,0.0,0.0,0.0,0.0,2026-07-29T18:00:00+02:00,2026-07-29T19:51:00+02:00,BICYCLE,,,,111.0,28177.88,0.0,0.0,0.0,0.0,complete_route,True,0,230.56666666666666,57937.44,0.0,0.0,0.0,0.0
MAD-208,El Salvador,San Blas - Canillejas,DEST_003,UC3M Campus de Leganés,CAR,Coche,2026-07-29,2026-07-29T09:00:00+02:00,no_route,"[{""code"":""NO_DIRECT_MODE_CONNECTION"",""description"":""No route found for the requested direct mode. The origin and destination may be too far apart or not connected by the requested mode of transport."",""inputField"":null}]",,2026-07-29T18:00:00+02:00,no_route,"[{""code"":""NO_DIRECT_MODE_CONNECTION"",""description"":""No route found for the requested direct mode. The origin and destination may be too far apart or not connected by the requested mode of transport."",""inputField"":null}]",,,,,,,,,,,,,,,,,,,,,,,,,,no_route,False,2,,,,,,
MAD-208,El Salvador,San Blas - Canillejas,DEST_003,UC3M Campus de Leganés,TRANSIT,Transporte público,2026-07-29,2026-07-29T09:00:00+02:00,success,[],,2026-07-29T18:00:00+02:00,success,[],,2026-07-29T06:44:00+02:00,2026-07-29T08:56:51+02:00,WALK|BUS,BUS,28|E1|482,Información oficial: Consorcio Regional de Transportes de Madrid|Consorcio Regional de Transportes de Madrid,132.85,23244.34,29.9,23.416666666666668,2196.34,2.0,2026-07-29T18:00:58+02:00,2026-07-29T20:14:20+02:00,WALK|BUS,BUS,480|E1|146,Consorcio Regional de Transportes de Madrid|Información oficial: Consorcio Regional de Transportes de Madrid,133.36666666666667,26233.67,12.9,23.0,893.67,2.0,complete_route,True,0,266.2166666666667,49478.009999999995,42.8,46.41666666666667,3090.01,4.0
MAD-208,El Salvador,San Blas - Canillejas,DEST_003,UC3M Campus de Leganés,WALK,A pie,2026-07-29,2026-07-29T09:00:00+02:00,no_route,"[{""code"":""NO_DIRECT_MODE_CONNECTION"",""description"":""No route found for the requested direct mode. The origin and destination may be too far apart or not connected by the requested mode of transport."",""inputField"":null}]",,2026-07-29T18:00:00+02:00,no_route,"[{""code"":""NO_DIRECT_MODE_CONNECTION"",""description"":""No route found for the requested direct mode. The origin and destination may be too far apart or not connected by the requested mode of transport."",""inputField"":null}]",,,,,,,,,,,,,,,,,,,,,,,,,,no_route,False,2,,,,,,
MAD-211,Alameda de Osuna,Barajas,DEST_003,UC3M Campus de Leganés,BICYCLE,Bicicleta,2026-07-29,2026-07-29T09:00:00+02:00,success,[],,2026-07-29T18:00:00+02:00,success,[],,2026-07-29T06:51:17+02:00,2026-07-29T09:00:00+02:00,BICYCLE,,,,128.71666666666667,33650.55,0.0,0.0,0.0,0.0,2026-07-29T18:00:00+02:00,2026-07-29T20:00:47+02:00,BICYCLE,,,,120.78333333333332,32480.38,0.0,0.0,0.0,0.0,complete_route,True,0,249.5,66130.93000000001,0.0,0.0,0.0,0.0
MAD-211,Alameda de Osuna,Barajas,DEST_003,UC3M Campus de Leganés,CAR,Coche,2026-07-29,2026-07-29T09:00:00+02:00,success,[],,2026-07-29T18:00:00+02:00,success,[],,2026-07-29T08:37:31+02:00,2026-07-29T09:00:00+02:00,CAR,,,,22.48333333333333,26230.88,0.0,0.0,0.0,0.0,2026-07-29T18:00:00+02:00,2026-07-29T18:23:29+02:00,CAR,,,,23.48333333333333,27896.58,0.0,0.0,0.0,0.0,complete_route,True,0,45.96666666666666,54127.46000000001,0.0,0.0,0.0,0.0
MAD-211,Alameda de Osuna,Barajas,DEST_003,UC3M Campus de Leganés,TRANSIT,Transporte público,2026-07-29,2026-07-29T09:00:00+02:00,success,[],,2026-07-29T18:00:00+02:00,success,[],,2026-07-29T06:35:55+02:00,2026-07-29T08:39:25+02:00,WALK|BUS,BUS,223|C1|E1|492,Consorcio Regional de Transportes de Madrid|Información oficial: Consorcio Regional de Transportes de Madrid,123.5,27411.47,28.883333333333333,23.95,2079.4700000000003,3.0,2026-07-29T18:03:27+02:00,2026-07-29T20:16:36+02:00,WALK|BUS,BUS,485|E1|19|229|213,Consorcio Regional de Transportes de Madrid|Información oficial: Consorcio Regional de Transportes de Madrid,133.15,30341.86,28.316666666666663,26.65,2039.86,4.0,complete_route,True,0,256.65,57753.33,57.199999999999996,50.599999999999994,4119.33,7.0
MAD-211,Alameda de Osuna,Barajas,DEST_003,UC3M Campus de Leganés,WALK,A pie,2026-07-29,2026-07-29T09:00:00+02:00,no_route,"[{""code"":""NO_DIRECT_MODE_CONNECTION"",""description"":""No route found for the requested direct mode. The origin and destination may be too far apart or not connected by the requested mode of transport."",""inputField"":null}]",,2026-07-29T18:00:00+02:00,no_route,"[{""code"":""NO_DIRECT_MODE_CONNECTION"",""description"":""No route found for the requested direct mode. The origin and destination may be too far apart or not connected by the requested mode of transport."",""inputField"":null}]",,,,,,,,,,,,,,,,,,,,,,,,,,no_route,False,2,,,,,,
MAD-212,Aeropuerto,Barajas,DEST_003,UC3M Campus de Leganés,BICYCLE,Bicicleta,2026-07-29,2026-07-29T09:00:00+02:00,success,[],,2026-07-29T18:00:00+02:00,success,[],,2026-07-29T06:15:15+02:00,2026-07-29T09:00:00+02:00,BICYCLE,,,,164.75,43583.29,0.0,0.0,0.0,0.0,2026-07-29T18:00:00+02:00,2026-07-29T20:34:49+02:00,BICYCLE,,,,154.81666666666666,42003.55,0.0,0.0,0.0,0.0,complete_route,True,0,319.56666666666666,85586.84,0.0,0.0,0.0,0.0
MAD-212,Aeropuerto,Barajas,DEST_003,UC3M Campus de Leganés,CAR,Coche,2026-07-29,2026-07-29T09:00:00+02:00,no_route,"[{""code"":""NO_DIRECT_MODE_CONNECTION"",""description"":""No route found for the requested direct mode. The origin and destination may be too far apart or not connected by the requested mode of transport."",""inputField"":null}]",,2026-07-29T18:00:00+02:00,no_route,"[{""code"":""NO_DIRECT_MODE_CONNECTION"",""description"":""No route found for the requested direct mode. The origin and destination may be too far apart or not connected by the requested mode of transport."",""inputField"":null}]",,,,,,,,,,,,,,,,,,,,,,,,,,no_route,False,2,,,,,,
MAD-212,Aeropuerto,Barajas,DEST_003,UC3M Campus de Leganés,TRANSIT,Transporte público,2026-07-29,2026-07-29T09:00:00+02:00,no_route,"[{""code"":""NO_TRANSIT_CONNECTION_IN_SEARCH_WINDOW"",""description"":""ES-los trip is not possible.  Please check that you plan is within the bound of the map."",""inputField"":""DATE_TIME""}]",,2026-07-29T18:00:00+02:00,success,[],,,,,,,,,,,,,,2026-07-29T18:03:27+02:00,2026-07-29T20:54:13+02:00,WALK|BUS,BUS,485|E1|19|229|213,Consorcio Regional de Transportes de Madrid|Información oficial: Consorcio Regional de Transportes de Madrid,170.76666666666668,38595.26,57.38333333333333,26.65,4413.26,4.0,partial_route,False,1,,,,,,
MAD-212,Aeropuerto,Barajas,DEST_003,UC3M Campus de Leganés,WALK,A pie,2026-07-29,2026-07-29T09:00:00+02:00,no_route,"[{""code"":""NO_DIRECT_MODE_CONNECTION"",""description"":""No route found for the requested direct mode. The origin and destination may be too far apart or not connected by the requested mode of transport."",""inputField"":null}]",,2026-07-29T18:00:00+02:00,no_route,"[{""code"":""NO_DIRECT_MODE_CONNECTION"",""description"":""No route found for the requested direct mode. The origin and destination may be too far apart or not connected by the requested mode of transport."",""inputField"":null}]",,,,,,,,,,,,,,,,,,,,,,,,,,no_route,False,2,,,,,,
MAD-213,Casco Histórico de Barajas,Barajas,DEST_003,UC3M Campus de Leganés,BICYCLE,Bicicleta,2026-07-29,2026-07-29T09:00:00+02:00,success,[],,2026-07-29T18:00:00+02:00,success,[],,2026-07-29T06:37:11+02:00,2026-07-29T09:00:00+02:00,BICYCLE,,,,142.81666666666666,36772.55,0.0,0.0,0.0,0.0,2026-07-29T18:00:00+02:00,2026-07-29T20:11:43+02:00,BICYCLE,,,,131.71666666666667,35037.44,0.0,0.0,0.0,0.0,complete_route,True,0,274.5333333333333,71809.99,0.0,0.0,0.0,0.0
MAD-213,Casco Histórico de Barajas,Barajas,DEST_003,UC3M Campus de Leganés,CAR,Coche,2026-07-29,2026-07-29T09:00:00+02:00,success,[],,2026-07-29T18:00:00+02:00,success,[],,2026-07-29T08:34:49+02:00,2026-07-29T09:00:00+02:00,CAR,,,,25.183333333333334,27683.24,0.0,0.0,0.0,0.0,2026-07-29T18:00:00+02:00,2026-07-29T18:23:06+02:00,CAR,,,,23.1,27372.66,0.0,0.0,0.0,0.0,complete_route,True,0,48.28333333333333,55055.9,0.0,0.0,0.0,0.0
MAD-213,Casco Histórico de Barajas,Barajas,DEST_003,UC3M Campus de Leganés,TRANSIT,Transporte público,2026-07-29,2026-07-29T09:00:00+02:00,success,[],,2026-07-29T18:00:00+02:00,success,[],,2026-07-29T06:42:00+02:00,2026-07-29T08:56:51+02:00,WALK|BUS,BUS,203|E1|482,Información oficial: Consorcio Regional de Transportes de Madrid|Consorcio Regional de Transportes de Madrid,134.85,31911.86,26.03333333333333,32.1,1919.86,2.0,2026-07-29T18:03:27+02:00,2026-07-29T20:17:32+02:00,WALK|BUS,BUS,485|E1|19|229|213,Consorcio Regional de Transportes de Madrid|Información oficial: Consorcio Regional de Transportes de Madrid,134.08333333333334,31946.68,26.883333333333333,26.65,1943.68,4.0,complete_route,True,0,268.93333333333334,63858.54,52.916666666666664,58.75,3863.54,6.0
MAD-213,Casco Histórico de Barajas,Barajas,DEST_003,UC3M Campus de Leganés,WALK,A pie,2026-07-29,2026-07-29T09:00:00+02:00,no_route,"[{""code"":""NO_DIRECT_MODE_CONNECTION"",""description"":""No route found for the requested direct mode. The origin and destination may be too far apart or not connected by the requested mode of transport."",""inputField"":null}]",,2026-07-29T18:00:00+02:00,no_route,"[{""code"":""NO_DIRECT_MODE_CONNECTION"",""description"":""No route found for the requested direct mode. The origin and destination may be too far apart or not connected by the requested mode of transport."",""inputField"":null}]",,,,,,,,,,,,,,,,,,,,,,,,,,no_route,False,2,,,,,,
MAD-214,Timón,Barajas,DEST_003,UC3M Campus de Leganés,BICYCLE,Bicicleta,2026-07-29,2026-07-29T09:00:00+02:00,success,[],,2026-07-29T18:00:00+02:00,success,[],,2026-07-29T06:34:25+02:00,2026-07-29T09:00:00+02:00,BICYCLE,,,,145.58333333333334,37819.22,0.0,0.0,0.0,0.0,2026-07-29T18:00:00+02:00,2026-07-29T20:21:08+02:00,BICYCLE,,,,141.13333333333333,38041.19,0.0,0.0,0.0,0.0,complete_route,True,0,286.7166666666667,75860.41,0.0,0.0,0.0,0.0
MAD-214,Timón,Barajas,DEST_003,UC3M Campus de Leganés,CAR,Coche,2026-07-29,2026-07-29T09:00:00+02:00,success,[],,2026-07-29T18:00:00+02:00,success,[],,2026-07-29T08:32:57+02:00,2026-07-29T09:00:00+02:00,CAR,,,,27.05,29803.54,0.0,0.0,0.0,0.0,2026-07-29T18:00:00+02:00,2026-07-29T18:27:45+02:00,CAR,,,,27.75,30870.23,0.0,0.0,0.0,0.0,complete_route,True,0,54.8,60673.770000000004,0.0,0.0,0.0,0.0
MAD-214,Timón,Barajas,DEST_003,UC3M Campus de Leganés,TRANSIT,Transporte público,2026-07-29,2026-07-29T09:00:00+02:00,success,[],,2026-07-29T18:00:00+02:00,success,[],,2026-07-29T06:15:00+02:00,2026-07-29T08:56:51+02:00,WALK|BUS,BUS,BR1|185|27|E1|482,Información oficial: Consorcio Regional de Transportes de Madrid|Consorcio Regional de Transportes de Madrid,161.85,33376.47,26.9,38.266666666666666,1878.47,4.0,2026-07-29T18:04:55+02:00,2026-07-29T20:51:22+02:00,WALK|BUS,BUS,485|432|422|19|223|827,Consorcio Regional de Transportes de Madrid|Información oficial: Consorcio Regional de Transportes de Madrid,166.45,34646.15,46.71666666666667,34.9,3534.15,5.0,complete_route,True,0,328.29999999999995,68022.62,73.61666666666667,73.16666666666666,5412.62,9.0
MAD-214,Timón,Barajas,DEST_003,UC3M Campus de Leganés,WALK,A pie,2026-07-29,2026-07-29T09:00:00+02:00,no_route,"[{""code"":""NO_DIRECT_MODE_CONNECTION"",""description"":""No route found for the requested direct mode. The origin and destination may be too far apart or not connected by the requested mode of transport."",""inputField"":null}]",,2026-07-29T18:00:00+02:00,no_route,"[{""code"":""NO_DIRECT_MODE_CONNECTION"",""description"":""No route found for the requested direct mode. The origin and destination may be too far apart or not connected by the requested mode of transport."",""inputField"":null}]",,,,,,,,,,,,,,,,,,,,,,,,,,no_route,False,2,,,,,,
MAD-215,Corralejos,Barajas,DEST_003,UC3M Campus de Leganés,BICYCLE,Bicicleta,2026-07-29,2026-07-29T09:00:00+02:00,success,[],,2026-07-29T18:00:00+02:00,success,[],,2026-07-29T06:46:45+02:00,2026-07-29T09:00:00+02:00,BICYCLE,,,,133.25,34233.59,0.0,0.0,0.0,0.0,2026-07-29T18:00:00+02:00,2026-07-29T20:08:58+02:00,BICYCLE,,,,128.96666666666667,33746.31,0.0,0.0,0.0,0.0,complete_route,True,0,262.2166666666667,67979.9,0.0,0.0,0.0,0.0
MAD-215,Corralejos,Barajas,DEST_003,UC3M Campus de Leganés,CAR,Coche,2026-07-29,2026-07-29T09:00:00+02:00,no_route,"[{""code"":""NO_DIRECT_MODE_CONNECTION"",""description"":""No route found for the requested direct mode. The origin and destination may be too far apart or not connected by the requested mode of transport."",""inputField"":null}]",,2026-07-29T18:00:00+02:00,no_route,"[{""code"":""NO_DIRECT_MODE_CONNECTION"",""description"":""No route found for the requested direct mode. The origin and destination may be too far apart or not connected by the requested mode of transport."",""inputField"":null}]",,,,,,,,,,,,,,,,,,,,,,,,,,no_route,False,2,,,,,,
MAD-215,Corralejos,Barajas,DEST_003,UC3M Campus de Leganés,TRANSIT,Transporte público,2026-07-29,2026-07-29T09:00:00+02:00,success,[],,2026-07-29T18:00:00+02:00,success,[],,2026-07-29T06:28:14+02:00,2026-07-29T08:49:27+02:00,WALK|BUS,BUS,223|C1|E1|485,Consorcio Regional de Transportes de Madrid|Información oficial: Consorcio Regional de Transportes de Madrid,141.21666666666667,30766.57,39.81666666666667,30.266666666666666,2889.57,3.0,2026-07-29T18:03:27+02:00,2026-07-29T20:25:20+02:00,WALK|BUS,BUS,485|E1|19|229|213,Consorcio Regional de Transportes de Madrid|Información oficial: Consorcio Regional de Transportes de Madrid,141.88333333333333,30580.85,37.73333333333333,26.65,2762.85,4.0,complete_route,True,0,283.1,61347.42,77.55,56.916666666666664,5652.42,7.0
MAD-215,Corralejos,Barajas,DEST_003,UC3M Campus de Leganés,WALK,A pie,2026-07-29,2026-07-29T09:00:00+02:00,no_route,"[{""code"":""NO_DIRECT_MODE_CONNECTION"",""description"":""No route found for the requested direct mode. The origin and destination may be too far apart or not connected by the requested mode of transport."",""inputField"":null}]",,2026-07-29T18:00:00+02:00,no_route,"[{""code"":""NO_DIRECT_MODE_CONNECTION"",""description"":""No route found for the requested direct mode. The origin and destination may be too far apart or not connected by the requested mode of transport."",""inputField"":null}]",,,,,,,,,,,,,,,,,,,,,,,,,,no_route,False,2,,,,,,
