request_key,zone_key,neighborhood_name,district_name,origin_latitude,origin_longitude,destination_id,destination_name,target_latitude,target_longitude,scenario_id,scenario_name,direction,service_date,requested_datetime,calculation_timestamp,request_status,itineraries_found,routing_errors_json,request_error,elapsed_seconds
MAD-011|DEST_001|morning_arrival_0900,MAD-011,Palacio,Centro,40.41497123669304,-3.715595661419112,DEST_001,Puerta del Sol,40.416775,-3.70379,morning_arrival_0900,Llegada al destino a las 09:00,to_destination,2026-07-29,2026-07-29T09:00:00+02:00,2026-07-28T17:55:01.899182+02:00,no_route,0,"[{""code"":""WALKING_BETTER_THAN_TRANSIT"",""description"":""ES-los Origin is within a trivial distance of the destination."",""inputField"":null}]",,1.111222599996836
MAD-011|DEST_001|evening_departure_1800,MAD-011,Palacio,Centro,40.416775,-3.70379,DEST_001,Puerta del Sol,40.41497123669304,-3.715595661419112,evening_departure_1800,Salida del destino a las 18:00,from_destination,2026-07-29,2026-07-29T18:00:00+02:00,2026-07-28T17:55:03.010637+02:00,no_route,0,"[{""code"":""WALKING_BETTER_THAN_TRANSIT"",""description"":""ES-los Origin is within a trivial distance of the destination."",""inputField"":null}]",,1.965368799996213
MAD-011|DEST_002|morning_arrival_0900,MAD-011,Palacio,Centro,40.41497123669304,-3.715595661419112,DEST_002,Nuevos Ministerios,40.44661,-3.692436,morning_arrival_0900,Llegada al destino a las 09:00,to_destination,2026-07-29,2026-07-29T09:00:00+02:00,2026-07-28T17:55:04.976356+02:00,success,3,[],,1.325775799996336
MAD-011|DEST_002|evening_departure_1800,MAD-011,Palacio,Centro,40.44661,-3.692436,DEST_002,Nuevos Ministerios,40.41497123669304,-3.715595661419112,evening_departure_1800,Salida del destino a las 18:00,from_destination,2026-07-29,2026-07-29T18:00:00+02:00,2026-07-28T17:55:06.302628+02:00,success,3,[],,1.1644913000054655
MAD-011|DEST_003|morning_arrival_0900,MAD-011,Palacio,Centro,40.41497123669304,-3.715595661419112,DEST_003,UC3M Campus de Leganés,40.331755,-3.765697,morning_arrival_0900,Llegada al destino a las 09:00,to_destination,2026-07-29,2026-07-29T09:00:00+02:00,2026-07-28T17:55:07.467990+02:00,success,3,[],,1.4803042999992613
MAD-011|DEST_003|evening_departure_1800,MAD-011,Palacio,Centro,40.331755,-3.765697,DEST_003,UC3M Campus de Leganés,40.41497123669304,-3.715595661419112,evening_departure_1800,Salida del destino a las 18:00,from_destination,2026-07-29,2026-07-29T18:00:00+02:00,2026-07-28T17:55:08.948597+02:00,success,3,[],,0.4871246999973664
MAD-104|DEST_001|morning_arrival_0900,MAD-104,Aluche,Latina,40.39352401139113,-3.756377100414405,DEST_001,Puerta del Sol,40.416775,-3.70379,morning_arrival_0900,Llegada al destino a las 09:00,to_destination,2026-07-29,2026-07-29T09:00:00+02:00,2026-07-28T17:55:09.437864+02:00,success,3,[],,0.4241666000016266
MAD-104|DEST_001|evening_departure_1800,MAD-104,Aluche,Latina,40.416775,-3.70379,DEST_001,Puerta del Sol,40.39352401139113,-3.756377100414405,evening_departure_1800,Salida del destino a las 18:00,from_destination,2026-07-29,2026-07-29T18:00:00+02:00,2026-07-28T17:55:09.862405+02:00,success,3,[],,0.6423506999999518
MAD-104|DEST_002|morning_arrival_0900,MAD-104,Aluche,Latina,40.39352401139113,-3.756377100414405,DEST_002,Nuevos Ministerios,40.44661,-3.692436,morning_arrival_0900,Llegada al destino a las 09:00,to_destination,2026-07-29,2026-07-29T09:00:00+02:00,2026-07-28T17:55:10.505736+02:00,success,3,[],,5.337672599998768
MAD-104|DEST_002|evening_departure_1800,MAD-104,Aluche,Latina,40.44661,-3.692436,DEST_002,Nuevos Ministerios,40.39352401139113,-3.756377100414405,evening_departure_1800,Salida del destino a las 18:00,from_destination,2026-07-29,2026-07-29T18:00:00+02:00,2026-07-28T17:55:15.844548+02:00,success,3,[],,2.0867789999902016
MAD-104|DEST_003|morning_arrival_0900,MAD-104,Aluche,Latina,40.39352401139113,-3.756377100414405,DEST_003,UC3M Campus de Leganés,40.331755,-3.765697,morning_arrival_0900,Llegada al destino a las 09:00,to_destination,2026-07-29,2026-07-29T09:00:00+02:00,2026-07-28T17:55:17.961337+02:00,success,3,[],,0.2769864000001689
MAD-104|DEST_003|evening_departure_1800,MAD-104,Aluche,Latina,40.331755,-3.765697,DEST_003,UC3M Campus de Leganés,40.39352401139113,-3.756377100414405,evening_departure_1800,Salida del destino a las 18:00,from_destination,2026-07-29,2026-07-29T18:00:00+02:00,2026-07-28T17:55:18.238705+02:00,success,3,[],,0.148984899991774
MAD-192|DEST_001|morning_arrival_0900,MAD-192,Valdebernardo,Vicálvaro,40.39682213128047,-3.6186663010940654,DEST_001,Puerta del Sol,40.416775,-3.70379,morning_arrival_0900,Llegada al destino a las 09:00,to_destination,2026-07-29,2026-07-29T09:00:00+02:00,2026-07-28T17:55:18.389053+02:00,success,3,[],,0.8576254999934463
MAD-192|DEST_001|evening_departure_1800,MAD-192,Valdebernardo,Vicálvaro,40.416775,-3.70379,DEST_001,Puerta del Sol,40.39682213128047,-3.6186663010940654,evening_departure_1800,Salida del destino a las 18:00,from_destination,2026-07-29,2026-07-29T18:00:00+02:00,2026-07-28T17:55:19.247059+02:00,success,3,[],,1.2964958999946248
MAD-192|DEST_002|morning_arrival_0900,MAD-192,Valdebernardo,Vicálvaro,40.39682213128047,-3.6186663010940654,DEST_002,Nuevos Ministerios,40.44661,-3.692436,morning_arrival_0900,Llegada al destino a las 09:00,to_destination,2026-07-29,2026-07-29T09:00:00+02:00,2026-07-28T17:55:20.544523+02:00,success,3,[],,2.739346700007445
MAD-192|DEST_002|evening_departure_1800,MAD-192,Valdebernardo,Vicálvaro,40.44661,-3.692436,DEST_002,Nuevos Ministerios,40.39682213128047,-3.6186663010940654,evening_departure_1800,Salida del destino a las 18:00,from_destination,2026-07-29,2026-07-29T18:00:00+02:00,2026-07-28T17:55:23.284243+02:00,success,3,[],,2.682646700006444
MAD-192|DEST_003|morning_arrival_0900,MAD-192,Valdebernardo,Vicálvaro,40.39682213128047,-3.6186663010940654,DEST_003,UC3M Campus de Leganés,40.331755,-3.765697,morning_arrival_0900,Llegada al destino a las 09:00,to_destination,2026-07-29,2026-07-29T09:00:00+02:00,2026-07-28T17:55:25.967872+02:00,success,3,[],,2.8306957999884617
MAD-192|DEST_003|evening_departure_1800,MAD-192,Valdebernardo,Vicálvaro,40.331755,-3.765697,DEST_003,UC3M Campus de Leganés,40.39682213128047,-3.6186663010940654,evening_departure_1800,Salida del destino a las 18:00,from_destination,2026-07-29,2026-07-29T18:00:00+02:00,2026-07-28T17:55:28.802321+02:00,success,3,[],,0.8404645999980858
MAD-012|DEST_001|morning_arrival_0900,MAD-012,Embajadores,Centro,40.40955819693991,-3.701533658424557,DEST_001,Puerta del Sol,40.416775,-3.70379,morning_arrival_0900,Llegada al destino a las 09:00,to_destination,2026-07-29,2026-07-29T09:00:00+02:00,2026-07-28T17:59:03.380856+02:00,no_route,0,"[{""code"":""WALKING_BETTER_THAN_TRANSIT"",""description"":""ES-los Origin is within a trivial distance of the destination."",""inputField"":null}]",,0.9720868000003976
MAD-012|DEST_001|evening_departure_1800,MAD-012,Embajadores,Centro,40.416775,-3.70379,DEST_001,Puerta del Sol,40.40955819693991,-3.701533658424557,evening_departure_1800,Salida del destino a las 18:00,from_destination,2026-07-29,2026-07-29T18:00:00+02:00,2026-07-28T17:59:04.353071+02:00,no_route,0,"[{""code"":""WALKING_BETTER_THAN_TRANSIT"",""description"":""ES-los Origin is within a trivial distance of the destination."",""inputField"":null}]",,2.753140499989968
MAD-012|DEST_002|morning_arrival_0900,MAD-012,Embajadores,Centro,40.40955819693991,-3.701533658424557,DEST_002,Nuevos Ministerios,40.44661,-3.692436,morning_arrival_0900,Llegada al destino a las 09:00,to_destination,2026-07-29,2026-07-29T09:00:00+02:00,2026-07-28T17:59:07.106919+02:00,success,3,[],,1.437912099994719
MAD-012|DEST_002|evening_departure_1800,MAD-012,Embajadores,Centro,40.44661,-3.692436,DEST_002,Nuevos Ministerios,40.40955819693991,-3.701533658424557,evening_departure_1800,Salida del destino a las 18:00,from_destination,2026-07-29,2026-07-29T18:00:00+02:00,2026-07-28T17:59:08.545297+02:00,success,3,[],,0.6261546000023372
MAD-012|DEST_003|morning_arrival_0900,MAD-012,Embajadores,Centro,40.40955819693991,-3.701533658424557,DEST_003,UC3M Campus de Leganés,40.331755,-3.765697,morning_arrival_0900,Llegada al destino a las 09:00,to_destination,2026-07-29,2026-07-29T09:00:00+02:00,2026-07-28T17:59:09.171988+02:00,success,3,[],,0.8266364999872167
MAD-012|DEST_003|evening_departure_1800,MAD-012,Embajadores,Centro,40.331755,-3.765697,DEST_003,UC3M Campus de Leganés,40.40955819693991,-3.701533658424557,evening_departure_1800,Salida del destino a las 18:00,from_destination,2026-07-29,2026-07-29T18:00:00+02:00,2026-07-28T17:59:09.999755+02:00,success,3,[],,0.2605809999949997
MAD-013|DEST_001|morning_arrival_0900,MAD-013,Cortes,Centro,40.41444487646672,-3.698547352497454,DEST_001,Puerta del Sol,40.416775,-3.70379,morning_arrival_0900,Llegada al destino a las 09:00,to_destination,2026-07-29,2026-07-29T09:00:00+02:00,2026-07-28T17:59:10.262715+02:00,no_route,0,"[{""code"":""WALKING_BETTER_THAN_TRANSIT"",""description"":""ES-los Origin is within a trivial distance of the destination."",""inputField"":null}]",,0.8185220999876037
MAD-013|DEST_001|evening_departure_1800,MAD-013,Cortes,Centro,40.416775,-3.70379,DEST_001,Puerta del Sol,40.41444487646672,-3.698547352497454,evening_departure_1800,Salida del destino a las 18:00,from_destination,2026-07-29,2026-07-29T18:00:00+02:00,2026-07-28T17:59:11.081610+02:00,no_route,0,"[{""code"":""WALKING_BETTER_THAN_TRANSIT"",""description"":""ES-los Origin is within a trivial distance of the destination."",""inputField"":null}]",,2.348121500006528
MAD-013|DEST_002|morning_arrival_0900,MAD-013,Cortes,Centro,40.41444487646672,-3.698547352497454,DEST_002,Nuevos Ministerios,40.44661,-3.692436,morning_arrival_0900,Llegada al destino a las 09:00,to_destination,2026-07-29,2026-07-29T09:00:00+02:00,2026-07-28T17:59:13.430401+02:00,success,3,[],,1.6272228000016185
MAD-013|DEST_002|evening_departure_1800,MAD-013,Cortes,Centro,40.44661,-3.692436,DEST_002,Nuevos Ministerios,40.41444487646672,-3.698547352497454,evening_departure_1800,Salida del destino a las 18:00,from_destination,2026-07-29,2026-07-29T18:00:00+02:00,2026-07-28T17:59:15.058434+02:00,success,3,[],,0.7599122999963583
MAD-013|DEST_003|morning_arrival_0900,MAD-013,Cortes,Centro,40.41444487646672,-3.698547352497454,DEST_003,UC3M Campus de Leganés,40.331755,-3.765697,morning_arrival_0900,Llegada al destino a las 09:00,to_destination,2026-07-29,2026-07-29T09:00:00+02:00,2026-07-28T17:59:15.842742+02:00,success,3,[],,1.4002008000097703
MAD-013|DEST_003|evening_departure_1800,MAD-013,Cortes,Centro,40.331755,-3.765697,DEST_003,UC3M Campus de Leganés,40.41444487646672,-3.698547352497454,evening_departure_1800,Salida del destino a las 18:00,from_destination,2026-07-29,2026-07-29T18:00:00+02:00,2026-07-28T17:59:17.243297+02:00,success,3,[],,0.3733274999976856
MAD-014|DEST_001|morning_arrival_0900,MAD-014,Justicia,Centro,40.423894598841976,-3.695811811388121,DEST_001,Puerta del Sol,40.416775,-3.70379,morning_arrival_0900,Llegada al destino a las 09:00,to_destination,2026-07-29,2026-07-29T09:00:00+02:00,2026-07-28T17:59:17.617775+02:00,no_route,0,"[{""code"":""WALKING_BETTER_THAN_TRANSIT"",""description"":""ES-los Origin is within a trivial distance of the destination."",""inputField"":null}]",,0.9020406000054207
MAD-014|DEST_001|evening_departure_1800,MAD-014,Justicia,Centro,40.416775,-3.70379,DEST_001,Puerta del Sol,40.423894598841976,-3.695811811388121,evening_departure_1800,Salida del destino a las 18:00,from_destination,2026-07-29,2026-07-29T18:00:00+02:00,2026-07-28T17:59:18.520200+02:00,no_route,0,"[{""code"":""WALKING_BETTER_THAN_TRANSIT"",""description"":""ES-los Origin is within a trivial distance of the destination."",""inputField"":null}]",,2.314839700004086
MAD-014|DEST_002|morning_arrival_0900,MAD-014,Justicia,Centro,40.423894598841976,-3.695811811388121,DEST_002,Nuevos Ministerios,40.44661,-3.692436,morning_arrival_0900,Llegada al destino a las 09:00,to_destination,2026-07-29,2026-07-29T09:00:00+02:00,2026-07-28T17:59:20.835574+02:00,success,3,[],,1.301772599996184
MAD-014|DEST_002|evening_departure_1800,MAD-014,Justicia,Centro,40.44661,-3.692436,DEST_002,Nuevos Ministerios,40.423894598841976,-3.695811811388121,evening_departure_1800,Salida del destino a las 18:00,from_destination,2026-07-29,2026-07-29T18:00:00+02:00,2026-07-28T17:59:22.137554+02:00,success,3,[],,0.7758487999963108
MAD-014|DEST_003|morning_arrival_0900,MAD-014,Justicia,Centro,40.423894598841976,-3.695811811388121,DEST_003,UC3M Campus de Leganés,40.331755,-3.765697,morning_arrival_0900,Llegada al destino a las 09:00,to_destination,2026-07-29,2026-07-29T09:00:00+02:00,2026-07-28T17:59:22.914006+02:00,success,3,[],,1.4607923000003211
MAD-014|DEST_003|evening_departure_1800,MAD-014,Justicia,Centro,40.331755,-3.765697,DEST_003,UC3M Campus de Leganés,40.423894598841976,-3.695811811388121,evening_departure_1800,Salida del destino a las 18:00,from_destination,2026-07-29,2026-07-29T18:00:00+02:00,2026-07-28T17:59:24.375025+02:00,success,3,[],,0.2411764999997103
MAD-015|DEST_001|morning_arrival_0900,MAD-015,Universidad,Centro,40.42536457227763,-3.706674299024391,DEST_001,Puerta del Sol,40.416775,-3.70379,morning_arrival_0900,Llegada al destino a las 09:00,to_destination,2026-07-29,2026-07-29T09:00:00+02:00,2026-07-28T17:59:24.617165+02:00,no_route,0,"[{""code"":""WALKING_BETTER_THAN_TRANSIT"",""description"":""ES-los Origin is within a trivial distance of the destination."",""inputField"":null}]",,1.3707910999946762
MAD-015|DEST_001|evening_departure_1800,MAD-015,Universidad,Centro,40.416775,-3.70379,DEST_001,Puerta del Sol,40.42536457227763,-3.706674299024391,evening_departure_1800,Salida del destino a las 18:00,from_destination,2026-07-29,2026-07-29T18:00:00+02:00,2026-07-28T17:59:25.988118+02:00,no_route,0,"[{""code"":""WALKING_BETTER_THAN_TRANSIT"",""description"":""ES-los Origin is within a trivial distance of the destination."",""inputField"":null}]",,1.5589615000062622
MAD-015|DEST_002|morning_arrival_0900,MAD-015,Universidad,Centro,40.42536457227763,-3.706674299024391,DEST_002,Nuevos Ministerios,40.44661,-3.692436,morning_arrival_0900,Llegada al destino a las 09:00,to_destination,2026-07-29,2026-07-29T09:00:00+02:00,2026-07-28T17:59:27.560348+02:00,success,3,[],,1.8811625000089407
MAD-015|DEST_002|evening_departure_1800,MAD-015,Universidad,Centro,40.44661,-3.692436,DEST_002,Nuevos Ministerios,40.42536457227763,-3.706674299024391,evening_departure_1800,Salida del destino a las 18:00,from_destination,2026-07-29,2026-07-29T18:00:00+02:00,2026-07-28T17:59:29.441787+02:00,success,3,[],,1.2607592999993358
MAD-015|DEST_003|morning_arrival_0900,MAD-015,Universidad,Centro,40.42536457227763,-3.706674299024391,DEST_003,UC3M Campus de Leganés,40.331755,-3.765697,morning_arrival_0900,Llegada al destino a las 09:00,to_destination,2026-07-29,2026-07-29T09:00:00+02:00,2026-07-28T17:59:30.703241+02:00,success,3,[],,2.368875500003924
MAD-015|DEST_003|evening_departure_1800,MAD-015,Universidad,Centro,40.331755,-3.765697,DEST_003,UC3M Campus de Leganés,40.42536457227763,-3.706674299024391,evening_departure_1800,Salida del destino a las 18:00,from_destination,2026-07-29,2026-07-29T18:00:00+02:00,2026-07-28T17:59:33.073489+02:00,success,3,[],,0.350122799995006
MAD-016|DEST_001|morning_arrival_0900,MAD-016,Sol,Centro,40.41692666103148,-3.704453001491228,DEST_001,Puerta del Sol,40.416775,-3.70379,morning_arrival_0900,Llegada al destino a las 09:00,to_destination,2026-07-29,2026-07-29T09:00:00+02:00,2026-07-28T17:59:33.424663+02:00,no_route,0,"[{""code"":""WALKING_BETTER_THAN_TRANSIT"",""description"":""ES-los Origin is within a trivial distance of the destination."",""inputField"":null}]",,1.4679918000038017
MAD-016|DEST_001|evening_departure_1800,MAD-016,Sol,Centro,40.416775,-3.70379,DEST_001,Puerta del Sol,40.41692666103148,-3.704453001491228,evening_departure_1800,Salida del destino a las 18:00,from_destination,2026-07-29,2026-07-29T18:00:00+02:00,2026-07-28T17:59:34.893929+02:00,no_route,0,"[{""code"":""WALKING_BETTER_THAN_TRANSIT"",""description"":""ES-los Origin is within a trivial distance of the destination."",""inputField"":null}]",,1.1881624999950873
MAD-016|DEST_002|morning_arrival_0900,MAD-016,Sol,Centro,40.41692666103148,-3.704453001491228,DEST_002,Nuevos Ministerios,40.44661,-3.692436,morning_arrival_0900,Llegada al destino a las 09:00,to_destination,2026-07-29,2026-07-29T09:00:00+02:00,2026-07-28T17:59:36.083036+02:00,success,3,[],,1.192788300002576
MAD-016|DEST_002|evening_departure_1800,MAD-016,Sol,Centro,40.44661,-3.692436,DEST_002,Nuevos Ministerios,40.41692666103148,-3.704453001491228,evening_departure_1800,Salida del destino a las 18:00,from_destination,2026-07-29,2026-07-29T18:00:00+02:00,2026-07-28T17:59:37.276013+02:00,success,3,[],,0.6426229999924544
MAD-016|DEST_003|morning_arrival_0900,MAD-016,Sol,Centro,40.41692666103148,-3.704453001491228,DEST_003,UC3M Campus de Leganés,40.331755,-3.765697,morning_arrival_0900,Llegada al destino a las 09:00,to_destination,2026-07-29,2026-07-29T09:00:00+02:00,2026-07-28T17:59:37.919427+02:00,success,3,[],,1.921390199990128
MAD-016|DEST_003|evening_departure_1800,MAD-016,Sol,Centro,40.331755,-3.765697,DEST_003,UC3M Campus de Leganés,40.41692666103148,-3.704453001491228,evening_departure_1800,Salida del destino a las 18:00,from_destination,2026-07-29,2026-07-29T18:00:00+02:00,2026-07-28T17:59:39.841046+02:00,success,3,[],,0.3174433999956818
MAD-021|DEST_001|morning_arrival_0900,MAD-021,Imperial,Arganzuela,40.40692683430454,-3.7174315297367873,DEST_001,Puerta del Sol,40.416775,-3.70379,morning_arrival_0900,Llegada al destino a las 09:00,to_destination,2026-07-29,2026-07-29T09:00:00+02:00,2026-07-28T17:59:40.173941+02:00,success,3,[],,1.0977306999993743
MAD-021|DEST_001|evening_departure_1800,MAD-021,Imperial,Arganzuela,40.416775,-3.70379,DEST_001,Puerta del Sol,40.40692683430454,-3.7174315297367873,evening_departure_1800,Salida del destino a las 18:00,from_destination,2026-07-29,2026-07-29T18:00:00+02:00,2026-07-28T17:59:41.272087+02:00,success,3,[],,1.3043053000001237
MAD-021|DEST_002|morning_arrival_0900,MAD-021,Imperial,Arganzuela,40.40692683430454,-3.7174315297367873,DEST_002,Nuevos Ministerios,40.44661,-3.692436,morning_arrival_0900,Llegada al destino a las 09:00,to_destination,2026-07-29,2026-07-29T09:00:00+02:00,2026-07-28T17:59:42.576836+02:00,success,3,[],,0.6822470000042813
MAD-021|DEST_002|evening_departure_1800,MAD-021,Imperial,Arganzuela,40.44661,-3.692436,DEST_002,Nuevos Ministerios,40.40692683430454,-3.7174315297367873,evening_departure_1800,Salida del destino a las 18:00,from_destination,2026-07-29,2026-07-29T18:00:00+02:00,2026-07-28T17:59:43.259697+02:00,success,3,[],,1.5096480999927735
MAD-021|DEST_003|morning_arrival_0900,MAD-021,Imperial,Arganzuela,40.40692683430454,-3.7174315297367873,DEST_003,UC3M Campus de Leganés,40.331755,-3.765697,morning_arrival_0900,Llegada al destino a las 09:00,to_destination,2026-07-29,2026-07-29T09:00:00+02:00,2026-07-28T17:59:44.770476+02:00,success,3,[],,0.9171567000012146
MAD-021|DEST_003|evening_departure_1800,MAD-021,Imperial,Arganzuela,40.331755,-3.765697,DEST_003,UC3M Campus de Leganés,40.40692683430454,-3.7174315297367873,evening_departure_1800,Salida del destino a las 18:00,from_destination,2026-07-29,2026-07-29T18:00:00+02:00,2026-07-28T17:59:45.688992+02:00,success,3,[],,0.3278677999915089
MAD-022|DEST_001|morning_arrival_0900,MAD-022,Acacias,Arganzuela,40.40096044346389,-3.706855352481915,DEST_001,Puerta del Sol,40.416775,-3.70379,morning_arrival_0900,Llegada al destino a las 09:00,to_destination,2026-07-29,2026-07-29T09:00:00+02:00,2026-07-28T17:59:46.018052+02:00,success,3,[],,0.7860439999931259
MAD-022|DEST_001|evening_departure_1800,MAD-022,Acacias,Arganzuela,40.416775,-3.70379,DEST_001,Puerta del Sol,40.40096044346389,-3.706855352481915,evening_departure_1800,Salida del destino a las 18:00,from_destination,2026-07-29,2026-07-29T18:00:00+02:00,2026-07-28T17:59:46.804324+02:00,success,3,[],,1.9365835999924457
MAD-022|DEST_002|morning_arrival_0900,MAD-022,Acacias,Arganzuela,40.40096044346389,-3.706855352481915,DEST_002,Nuevos Ministerios,40.44661,-3.692436,morning_arrival_0900,Llegada al destino a las 09:00,to_destination,2026-07-29,2026-07-29T09:00:00+02:00,2026-07-28T17:59:48.741547+02:00,success,3,[],,0.7424070999986725
MAD-022|DEST_002|evening_departure_1800,MAD-022,Acacias,Arganzuela,40.44661,-3.692436,DEST_002,Nuevos Ministerios,40.40096044346389,-3.706855352481915,evening_departure_1800,Salida del destino a las 18:00,from_destination,2026-07-29,2026-07-29T18:00:00+02:00,2026-07-28T17:59:49.484597+02:00,success,3,[],,0.3301968000014312
MAD-022|DEST_003|morning_arrival_0900,MAD-022,Acacias,Arganzuela,40.40096044346389,-3.706855352481915,DEST_003,UC3M Campus de Leganés,40.331755,-3.765697,morning_arrival_0900,Llegada al destino a las 09:00,to_destination,2026-07-29,2026-07-29T09:00:00+02:00,2026-07-28T17:59:49.831673+02:00,success,3,[],,0.7861004999867873
MAD-022|DEST_003|evening_departure_1800,MAD-022,Acacias,Arganzuela,40.331755,-3.765697,DEST_003,UC3M Campus de Leganés,40.40096044346389,-3.706855352481915,evening_departure_1800,Salida del destino a las 18:00,from_destination,2026-07-29,2026-07-29T18:00:00+02:00,2026-07-28T17:59:50.618157+02:00,success,3,[],,0.382408999998006
MAD-023|DEST_001|morning_arrival_0900,MAD-023,Chopera,Arganzuela,40.3947953761719,-3.699528233798087,DEST_001,Puerta del Sol,40.416775,-3.70379,morning_arrival_0900,Llegada al destino a las 09:00,to_destination,2026-07-29,2026-07-29T09:00:00+02:00,2026-07-28T17:59:51.001863+02:00,success,3,[],,1.037791599999764
MAD-023|DEST_001|evening_departure_1800,MAD-023,Chopera,Arganzuela,40.416775,-3.70379,DEST_001,Puerta del Sol,40.3947953761719,-3.699528233798087,evening_departure_1800,Salida del destino a las 18:00,from_destination,2026-07-29,2026-07-29T18:00:00+02:00,2026-07-28T17:59:52.039998+02:00,success,3,[],,1.6246769999997923
MAD-023|DEST_002|morning_arrival_0900,MAD-023,Chopera,Arganzuela,40.3947953761719,-3.699528233798087,DEST_002,Nuevos Ministerios,40.44661,-3.692436,morning_arrival_0900,Llegada al destino a las 09:00,to_destination,2026-07-29,2026-07-29T09:00:00+02:00,2026-07-28T17:59:53.665025+02:00,success,3,[],,0.5394674999988638
MAD-023|DEST_002|evening_departure_1800,MAD-023,Chopera,Arganzuela,40.44661,-3.692436,DEST_002,Nuevos Ministerios,40.3947953761719,-3.699528233798087,evening_departure_1800,Salida del destino a las 18:00,from_destination,2026-07-29,2026-07-29T18:00:00+02:00,2026-07-28T17:59:54.204764+02:00,success,3,[],,0.495722100007697
MAD-023|DEST_003|morning_arrival_0900,MAD-023,Chopera,Arganzuela,40.3947953761719,-3.699528233798087,DEST_003,UC3M Campus de Leganés,40.331755,-3.765697,morning_arrival_0900,Llegada al destino a las 09:00,to_destination,2026-07-29,2026-07-29T09:00:00+02:00,2026-07-28T17:59:54.702085+02:00,success,3,[],,0.6258647000067867
MAD-023|DEST_003|evening_departure_1800,MAD-023,Chopera,Arganzuela,40.331755,-3.765697,DEST_003,UC3M Campus de Leganés,40.3947953761719,-3.699528233798087,evening_departure_1800,Salida del destino a las 18:00,from_destination,2026-07-29,2026-07-29T18:00:00+02:00,2026-07-28T17:59:55.328165+02:00,success,3,[],,0.1698609000013675
MAD-024|DEST_001|morning_arrival_0900,MAD-024,Legazpi,Arganzuela,40.38808872777946,-3.688611028723368,DEST_001,Puerta del Sol,40.416775,-3.70379,morning_arrival_0900,Llegada al destino a las 09:00,to_destination,2026-07-29,2026-07-29T09:00:00+02:00,2026-07-28T17:59:55.499364+02:00,success,3,[],,1.605378300009761
MAD-024|DEST_001|evening_departure_1800,MAD-024,Legazpi,Arganzuela,40.416775,-3.70379,DEST_001,Puerta del Sol,40.38808872777946,-3.688611028723368,evening_departure_1800,Salida del destino a las 18:00,from_destination,2026-07-29,2026-07-29T18:00:00+02:00,2026-07-28T17:59:57.105432+02:00,success,3,[],,1.5678109000000404
MAD-024|DEST_002|morning_arrival_0900,MAD-024,Legazpi,Arganzuela,40.38808872777946,-3.688611028723368,DEST_002,Nuevos Ministerios,40.44661,-3.692436,morning_arrival_0900,Llegada al destino a las 09:00,to_destination,2026-07-29,2026-07-29T09:00:00+02:00,2026-07-28T17:59:58.691124+02:00,success,3,[],,0.6721805000124732
MAD-024|DEST_002|evening_departure_1800,MAD-024,Legazpi,Arganzuela,40.44661,-3.692436,DEST_002,Nuevos Ministerios,40.38808872777946,-3.688611028723368,evening_departure_1800,Salida del destino a las 18:00,from_destination,2026-07-29,2026-07-29T18:00:00+02:00,2026-07-28T17:59:59.363536+02:00,success,3,[],,0.792690100002801
MAD-024|DEST_003|morning_arrival_0900,MAD-024,Legazpi,Arganzuela,40.38808872777946,-3.688611028723368,DEST_003,UC3M Campus de Leganés,40.331755,-3.765697,morning_arrival_0900,Llegada al destino a las 09:00,to_destination,2026-07-29,2026-07-29T09:00:00+02:00,2026-07-28T18:00:00.156696+02:00,success,3,[],,1.0482111999881454
MAD-024|DEST_003|evening_departure_1800,MAD-024,Legazpi,Arganzuela,40.331755,-3.765697,DEST_003,UC3M Campus de Leganés,40.38808872777946,-3.688611028723368,evening_departure_1800,Salida del destino a las 18:00,from_destination,2026-07-29,2026-07-29T18:00:00+02:00,2026-07-28T18:00:01.205553+02:00,success,3,[],,0.3938311999954749
MAD-025|DEST_001|morning_arrival_0900,MAD-025,Delicias,Arganzuela,40.39615353670448,-3.688428520446217,DEST_001,Puerta del Sol,40.416775,-3.70379,morning_arrival_0900,Llegada al destino a las 09:00,to_destination,2026-07-29,2026-07-29T09:00:00+02:00,2026-07-28T18:00:01.601834+02:00,success,3,[],,0.7511222999892198
MAD-025|DEST_001|evening_departure_1800,MAD-025,Delicias,Arganzuela,40.416775,-3.70379,DEST_001,Puerta del Sol,40.39615353670448,-3.688428520446217,evening_departure_1800,Salida del destino a las 18:00,from_destination,2026-07-29,2026-07-29T18:00:00+02:00,2026-07-28T18:00:02.353152+02:00,success,3,[],,1.7460298000078185
MAD-025|DEST_002|morning_arrival_0900,MAD-025,Delicias,Arganzuela,40.39615353670448,-3.688428520446217,DEST_002,Nuevos Ministerios,40.44661,-3.692436,morning_arrival_0900,Llegada al destino a las 09:00,to_destination,2026-07-29,2026-07-29T09:00:00+02:00,2026-07-28T18:00:04.100430+02:00,success,3,[],,0.6069293999898946
MAD-025|DEST_002|evening_departure_1800,MAD-025,Delicias,Arganzuela,40.44661,-3.692436,DEST_002,Nuevos Ministerios,40.39615353670448,-3.688428520446217,evening_departure_1800,Salida del destino a las 18:00,from_destination,2026-07-29,2026-07-29T18:00:00+02:00,2026-07-28T18:00:04.708013+02:00,success,3,[],,0.5495790999993915
MAD-025|DEST_003|morning_arrival_0900,MAD-025,Delicias,Arganzuela,40.39615353670448,-3.688428520446217,DEST_003,UC3M Campus de Leganés,40.331755,-3.765697,morning_arrival_0900,Llegada al destino a las 09:00,to_destination,2026-07-29,2026-07-29T09:00:00+02:00,2026-07-28T18:00:05.258407+02:00,success,3,[],,0.8400156999996398
MAD-025|DEST_003|evening_departure_1800,MAD-025,Delicias,Arganzuela,40.331755,-3.765697,DEST_003,UC3M Campus de Leganés,40.39615353670448,-3.688428520446217,evening_departure_1800,Salida del destino a las 18:00,from_destination,2026-07-29,2026-07-29T18:00:00+02:00,2026-07-28T18:00:06.099179+02:00,success,3,[],,0.3140987000078894
MAD-026|DEST_001|morning_arrival_0900,MAD-026,Palos de la Frontera,Arganzuela,40.40329942889103,-3.694958648859634,DEST_001,Puerta del Sol,40.416775,-3.70379,morning_arrival_0900,Llegada al destino a las 09:00,to_destination,2026-07-29,2026-07-29T09:00:00+02:00,2026-07-28T18:00:06.433994+02:00,success,3,[],,0.9863920000061626
MAD-026|DEST_001|evening_departure_1800,MAD-026,Palos de la Frontera,Arganzuela,40.416775,-3.70379,DEST_001,Puerta del Sol,40.40329942889103,-3.694958648859634,evening_departure_1800,Salida del destino a las 18:00,from_destination,2026-07-29,2026-07-29T18:00:00+02:00,2026-07-28T18:00:07.420786+02:00,success,3,[],,2.320552500008489
MAD-026|DEST_002|morning_arrival_0900,MAD-026,Palos de la Frontera,Arganzuela,40.40329942889103,-3.694958648859634,DEST_002,Nuevos Ministerios,40.44661,-3.692436,morning_arrival_0900,Llegada al destino a las 09:00,to_destination,2026-07-29,2026-07-29T09:00:00+02:00,2026-07-28T18:00:09.742299+02:00,success,3,[],,0.8304954000050202
MAD-026|DEST_002|evening_departure_1800,MAD-026,Palos de la Frontera,Arganzuela,40.44661,-3.692436,DEST_002,Nuevos Ministerios,40.40329942889103,-3.694958648859634,evening_departure_1800,Salida del destino a las 18:00,from_destination,2026-07-29,2026-07-29T18:00:00+02:00,2026-07-28T18:00:10.574261+02:00,success,3,[],,0.6120475999923656
MAD-026|DEST_003|morning_arrival_0900,MAD-026,Palos de la Frontera,Arganzuela,40.40329942889103,-3.694958648859634,DEST_003,UC3M Campus de Leganés,40.331755,-3.765697,morning_arrival_0900,Llegada al destino a las 09:00,to_destination,2026-07-29,2026-07-29T09:00:00+02:00,2026-07-28T18:00:11.187292+02:00,success,3,[],,0.9080491000058828
MAD-026|DEST_003|evening_departure_1800,MAD-026,Palos de la Frontera,Arganzuela,40.331755,-3.765697,DEST_003,UC3M Campus de Leganés,40.40329942889103,-3.694958648859634,evening_departure_1800,Salida del destino a las 18:00,from_destination,2026-07-29,2026-07-29T18:00:00+02:00,2026-07-28T18:00:12.096207+02:00,success,3,[],,0.211318299989216
MAD-027|DEST_001|morning_arrival_0900,MAD-027,Atocha,Arganzuela,40.39967677972614,-3.681177122440861,DEST_001,Puerta del Sol,40.416775,-3.70379,morning_arrival_0900,Llegada al destino a las 09:00,to_destination,2026-07-29,2026-07-29T09:00:00+02:00,2026-07-28T18:00:12.308700+02:00,success,3,[],,0.6787705000024289
MAD-027|DEST_001|evening_departure_1800,MAD-027,Atocha,Arganzuela,40.416775,-3.70379,DEST_001,Puerta del Sol,40.39967677972614,-3.681177122440861,evening_departure_1800,Salida del destino a las 18:00,from_destination,2026-07-29,2026-07-29T18:00:00+02:00,2026-07-28T18:00:12.987826+02:00,success,3,[],,2.6416362000018125
MAD-027|DEST_002|morning_arrival_0900,MAD-027,Atocha,Arganzuela,40.39967677972614,-3.681177122440861,DEST_002,Nuevos Ministerios,40.44661,-3.692436,morning_arrival_0900,Llegada al destino a las 09:00,to_destination,2026-07-29,2026-07-29T09:00:00+02:00,2026-07-28T18:00:15.630780+02:00,success,3,[],,1.6185529000067618
MAD-027|DEST_002|evening_departure_1800,MAD-027,Atocha,Arganzuela,40.44661,-3.692436,DEST_002,Nuevos Ministerios,40.39967677972614,-3.681177122440861,evening_departure_1800,Salida del destino a las 18:00,from_destination,2026-07-29,2026-07-29T18:00:00+02:00,2026-07-28T18:00:17.251284+02:00,success,3,[],,1.4852648999949452
MAD-027|DEST_003|morning_arrival_0900,MAD-027,Atocha,Arganzuela,40.39967677972614,-3.681177122440861,DEST_003,UC3M Campus de Leganés,40.331755,-3.765697,morning_arrival_0900,Llegada al destino a las 09:00,to_destination,2026-07-29,2026-07-29T09:00:00+02:00,2026-07-28T18:00:18.786070+02:00,success,3,[],,1.79836559999967
MAD-027|DEST_003|evening_departure_1800,MAD-027,Atocha,Arganzuela,40.331755,-3.765697,DEST_003,UC3M Campus de Leganés,40.39967677972614,-3.681177122440861,evening_departure_1800,Salida del destino a las 18:00,from_destination,2026-07-29,2026-07-29T18:00:00+02:00,2026-07-28T18:00:20.585415+02:00,success,3,[],,0.4058931000035954
MAD-031|DEST_001|morning_arrival_0900,MAD-031,Pacífico,Retiro,40.40321436314655,-3.678775713256429,DEST_001,Puerta del Sol,40.416775,-3.70379,morning_arrival_0900,Llegada al destino a las 09:00,to_destination,2026-07-29,2026-07-29T09:00:00+02:00,2026-07-28T18:00:20.993116+02:00,success,3,[],,0.997871600004146
MAD-031|DEST_001|evening_departure_1800,MAD-031,Pacífico,Retiro,40.416775,-3.70379,DEST_001,Puerta del Sol,40.40321436314655,-3.678775713256429,evening_departure_1800,Salida del destino a las 18:00,from_destination,2026-07-29,2026-07-29T18:00:00+02:00,2026-07-28T18:00:21.991742+02:00,success,3,[],,1.6502995000046212
MAD-031|DEST_002|morning_arrival_0900,MAD-031,Pacífico,Retiro,40.40321436314655,-3.678775713256429,DEST_002,Nuevos Ministerios,40.44661,-3.692436,morning_arrival_0900,Llegada al destino a las 09:00,to_destination,2026-07-29,2026-07-29T09:00:00+02:00,2026-07-28T18:00:23.643490+02:00,success,3,[],,1.3271800999937111
MAD-031|DEST_002|evening_departure_1800,MAD-031,Pacífico,Retiro,40.44661,-3.692436,DEST_002,Nuevos Ministerios,40.40321436314655,-3.678775713256429,evening_departure_1800,Salida del destino a las 18:00,from_destination,2026-07-29,2026-07-29T18:00:00+02:00,2026-07-28T18:00:24.971095+02:00,success,3,[],,1.180355000004056
MAD-031|DEST_003|morning_arrival_0900,MAD-031,Pacífico,Retiro,40.40321436314655,-3.678775713256429,DEST_003,UC3M Campus de Leganés,40.331755,-3.765697,morning_arrival_0900,Llegada al destino a las 09:00,to_destination,2026-07-29,2026-07-29T09:00:00+02:00,2026-07-28T18:00:26.152508+02:00,success,3,[],,1.3159530999982962
MAD-031|DEST_003|evening_departure_1800,MAD-031,Pacífico,Retiro,40.331755,-3.765697,DEST_003,UC3M Campus de Leganés,40.40321436314655,-3.678775713256429,evening_departure_1800,Salida del destino a las 18:00,from_destination,2026-07-29,2026-07-29T18:00:00+02:00,2026-07-28T18:00:27.468752+02:00,success,3,[],,0.2560388999991119
MAD-032|DEST_001|morning_arrival_0900,MAD-032,Adelfas,Retiro,40.40067212863422,-3.671562642563752,DEST_001,Puerta del Sol,40.416775,-3.70379,morning_arrival_0900,Llegada al destino a las 09:00,to_destination,2026-07-29,2026-07-29T09:00:00+02:00,2026-07-28T18:00:27.725873+02:00,success,3,[],,0.9825473000091732
MAD-032|DEST_001|evening_departure_1800,MAD-032,Adelfas,Retiro,40.416775,-3.70379,DEST_001,Puerta del Sol,40.40067212863422,-3.671562642563752,evening_departure_1800,Salida del destino a las 18:00,from_destination,2026-07-29,2026-07-29T18:00:00+02:00,2026-07-28T18:00:28.708924+02:00,success,3,[],,0.6472767999948701
MAD-032|DEST_002|morning_arrival_0900,MAD-032,Adelfas,Retiro,40.40067212863422,-3.671562642563752,DEST_002,Nuevos Ministerios,40.44661,-3.692436,morning_arrival_0900,Llegada al destino a las 09:00,to_destination,2026-07-29,2026-07-29T09:00:00+02:00,2026-07-28T18:00:29.376256+02:00,success,3,[],,0.7435352000029525
MAD-032|DEST_002|evening_departure_1800,MAD-032,Adelfas,Retiro,40.44661,-3.692436,DEST_002,Nuevos Ministerios,40.40067212863422,-3.671562642563752,evening_departure_1800,Salida del destino a las 18:00,from_destination,2026-07-29,2026-07-29T18:00:00+02:00,2026-07-28T18:00:30.120533+02:00,success,3,[],,0.8053816999890842
MAD-032|DEST_003|morning_arrival_0900,MAD-032,Adelfas,Retiro,40.40067212863422,-3.671562642563752,DEST_003,UC3M Campus de Leganés,40.331755,-3.765697,morning_arrival_0900,Llegada al destino a las 09:00,to_destination,2026-07-29,2026-07-29T09:00:00+02:00,2026-07-28T18:00:30.927224+02:00,success,3,[],,1.6717192999931283
MAD-032|DEST_003|evening_departure_1800,MAD-032,Adelfas,Retiro,40.331755,-3.765697,DEST_003,UC3M Campus de Leganés,40.40067212863422,-3.671562642563752,evening_departure_1800,Salida del destino a las 18:00,from_destination,2026-07-29,2026-07-29T18:00:00+02:00,2026-07-28T18:00:32.600001+02:00,success,3,[],,0.2646893999917665
MAD-033|DEST_001|morning_arrival_0900,MAD-033,Estrella,Retiro,40.41382856573583,-3.665362576755818,DEST_001,Puerta del Sol,40.416775,-3.70379,morning_arrival_0900,Llegada al destino a las 09:00,to_destination,2026-07-29,2026-07-29T09:00:00+02:00,2026-07-28T18:00:32.866360+02:00,success,3,[],,0.9149289000051796
MAD-033|DEST_001|evening_departure_1800,MAD-033,Estrella,Retiro,40.416775,-3.70379,DEST_001,Puerta del Sol,40.41382856573583,-3.665362576755818,evening_departure_1800,Salida del destino a las 18:00,from_destination,2026-07-29,2026-07-29T18:00:00+02:00,2026-07-28T18:00:33.782110+02:00,success,3,[],,1.5853906999982428
MAD-033|DEST_002|morning_arrival_0900,MAD-033,Estrella,Retiro,40.41382856573583,-3.665362576755818,DEST_002,Nuevos Ministerios,40.44661,-3.692436,morning_arrival_0900,Llegada al destino a las 09:00,to_destination,2026-07-29,2026-07-29T09:00:00+02:00,2026-07-28T18:00:35.367958+02:00,success,3,[],,0.8038232999970205
MAD-033|DEST_002|evening_departure_1800,MAD-033,Estrella,Retiro,40.44661,-3.692436,DEST_002,Nuevos Ministerios,40.41382856573583,-3.665362576755818,evening_departure_1800,Salida del destino a las 18:00,from_destination,2026-07-29,2026-07-29T18:00:00+02:00,2026-07-28T18:00:36.171976+02:00,success,3,[],,1.7814472000027308
MAD-033|DEST_003|morning_arrival_0900,MAD-033,Estrella,Retiro,40.41382856573583,-3.665362576755818,DEST_003,UC3M Campus de Leganés,40.331755,-3.765697,morning_arrival_0900,Llegada al destino a las 09:00,to_destination,2026-07-29,2026-07-29T09:00:00+02:00,2026-07-28T18:00:37.954242+02:00,success,3,[],,1.8146746000129497
MAD-033|DEST_003|evening_departure_1800,MAD-033,Estrella,Retiro,40.331755,-3.765697,DEST_003,UC3M Campus de Leganés,40.41382856573583,-3.665362576755818,evening_departure_1800,Salida del destino a las 18:00,from_destination,2026-07-29,2026-07-29T18:00:00+02:00,2026-07-28T18:00:39.769658+02:00,success,3,[],,0.3284937999997055
MAD-034|DEST_001|morning_arrival_0900,MAD-034,Ibiza,Retiro,40.41876147951759,-3.674065725411927,DEST_001,Puerta del Sol,40.416775,-3.70379,morning_arrival_0900,Llegada al destino a las 09:00,to_destination,2026-07-29,2026-07-29T09:00:00+02:00,2026-07-28T18:00:40.120523+02:00,success,3,[],,1.022704099988914
MAD-034|DEST_001|evening_departure_1800,MAD-034,Ibiza,Retiro,40.416775,-3.70379,DEST_001,Puerta del Sol,40.41876147951759,-3.674065725411927,evening_departure_1800,Salida del destino a las 18:00,from_destination,2026-07-29,2026-07-29T18:00:00+02:00,2026-07-28T18:00:41.143842+02:00,success,3,[],,2.1199836999876425
MAD-034|DEST_002|morning_arrival_0900,MAD-034,Ibiza,Retiro,40.41876147951759,-3.674065725411927,DEST_002,Nuevos Ministerios,40.44661,-3.692436,morning_arrival_0900,Llegada al destino a las 09:00,to_destination,2026-07-29,2026-07-29T09:00:00+02:00,2026-07-28T18:00:43.264626+02:00,success,3,[],,1.2455268999910911
MAD-034|DEST_002|evening_departure_1800,MAD-034,Ibiza,Retiro,40.44661,-3.692436,DEST_002,Nuevos Ministerios,40.41876147951759,-3.674065725411927,evening_departure_1800,Salida del destino a las 18:00,from_destination,2026-07-29,2026-07-29T18:00:00+02:00,2026-07-28T18:00:44.511051+02:00,success,3,[],,1.1400405999884242
MAD-034|DEST_003|morning_arrival_0900,MAD-034,Ibiza,Retiro,40.41876147951759,-3.674065725411927,DEST_003,UC3M Campus de Leganés,40.331755,-3.765697,morning_arrival_0900,Llegada al destino a las 09:00,to_destination,2026-07-29,2026-07-29T09:00:00+02:00,2026-07-28T18:00:45.651662+02:00,success,3,[],,2.1550915999978315
MAD-034|DEST_003|evening_departure_1800,MAD-034,Ibiza,Retiro,40.331755,-3.765697,DEST_003,UC3M Campus de Leganés,40.41876147951759,-3.674065725411927,evening_departure_1800,Salida del destino a las 18:00,from_destination,2026-07-29,2026-07-29T18:00:00+02:00,2026-07-28T18:00:47.807110+02:00,success,3,[],,0.3127659000019775
MAD-035|DEST_001|morning_arrival_0900,MAD-035,Los Jerónimos,Retiro,40.41347896333984,-3.685072645345216,DEST_001,Puerta del Sol,40.416775,-3.70379,morning_arrival_0900,Llegada al destino a las 09:00,to_destination,2026-07-29,2026-07-29T09:00:00+02:00,2026-07-28T18:00:48.121213+02:00,no_route,0,"[{""code"":""WALKING_BETTER_THAN_TRANSIT"",""description"":""ES-los Origin is within a trivial distance of the destination."",""inputField"":null}]",,1.2625215000007302
MAD-035|DEST_001|evening_departure_1800,MAD-035,Los Jerónimos,Retiro,40.416775,-3.70379,DEST_001,Puerta del Sol,40.41347896333984,-3.685072645345216,evening_departure_1800,Salida del destino a las 18:00,from_destination,2026-07-29,2026-07-29T18:00:00+02:00,2026-07-28T18:00:49.383889+02:00,no_route,0,"[{""code"":""WALKING_BETTER_THAN_TRANSIT"",""description"":""ES-los Origin is within a trivial distance of the destination."",""inputField"":null}]",,1.5927098000101978
MAD-035|DEST_002|morning_arrival_0900,MAD-035,Los Jerónimos,Retiro,40.41347896333984,-3.685072645345216,DEST_002,Nuevos Ministerios,40.44661,-3.692436,morning_arrival_0900,Llegada al destino a las 09:00,to_destination,2026-07-29,2026-07-29T09:00:00+02:00,2026-07-28T18:00:50.978960+02:00,success,3,[],,2.0953795999957947
MAD-035|DEST_002|evening_departure_1800,MAD-035,Los Jerónimos,Retiro,40.44661,-3.692436,DEST_002,Nuevos Ministerios,40.41347896333984,-3.685072645345216,evening_departure_1800,Salida del destino a las 18:00,from_destination,2026-07-29,2026-07-29T18:00:00+02:00,2026-07-28T18:00:53.074934+02:00,success,3,[],,1.1568032000068342
MAD-035|DEST_003|morning_arrival_0900,MAD-035,Los Jerónimos,Retiro,40.41347896333984,-3.685072645345216,DEST_003,UC3M Campus de Leganés,40.331755,-3.765697,morning_arrival_0900,Llegada al destino a las 09:00,to_destination,2026-07-29,2026-07-29T09:00:00+02:00,2026-07-28T18:00:54.253595+02:00,success,3,[],,0.9431065000098896
MAD-035|DEST_003|evening_departure_1800,MAD-035,Los Jerónimos,Retiro,40.331755,-3.765697,DEST_003,UC3M Campus de Leganés,40.41347896333984,-3.685072645345216,evening_departure_1800,Salida del destino a las 18:00,from_destination,2026-07-29,2026-07-29T18:00:00+02:00,2026-07-28T18:00:55.197372+02:00,success,3,[],,0.4212469000049168
MAD-036|DEST_001|morning_arrival_0900,MAD-036,Niño Jesús,Retiro,40.41191037423776,-3.673124310709524,DEST_001,Puerta del Sol,40.416775,-3.70379,morning_arrival_0900,Llegada al destino a las 09:00,to_destination,2026-07-29,2026-07-29T09:00:00+02:00,2026-07-28T18:00:55.620301+02:00,success,3,[],,1.404321100009838
MAD-036|DEST_001|evening_departure_1800,MAD-036,Niño Jesús,Retiro,40.416775,-3.70379,DEST_001,Puerta del Sol,40.41191037423776,-3.673124310709524,evening_departure_1800,Salida del destino a las 18:00,from_destination,2026-07-29,2026-07-29T18:00:00+02:00,2026-07-28T18:00:57.024881+02:00,success,3,[],,1.3597856000124011
MAD-036|DEST_002|morning_arrival_0900,MAD-036,Niño Jesús,Retiro,40.41191037423776,-3.673124310709524,DEST_002,Nuevos Ministerios,40.44661,-3.692436,morning_arrival_0900,Llegada al destino a las 09:00,to_destination,2026-07-29,2026-07-29T09:00:00+02:00,2026-07-28T18:00:58.385485+02:00,success,3,[],,0.6571456999954535
MAD-036|DEST_002|evening_departure_1800,MAD-036,Niño Jesús,Retiro,40.44661,-3.692436,DEST_002,Nuevos Ministerios,40.41191037423776,-3.673124310709524,evening_departure_1800,Salida del destino a las 18:00,from_destination,2026-07-29,2026-07-29T18:00:00+02:00,2026-07-28T18:00:59.043298+02:00,success,3,[],,0.7043009000044549
MAD-036|DEST_003|morning_arrival_0900,MAD-036,Niño Jesús,Retiro,40.41191037423776,-3.673124310709524,DEST_003,UC3M Campus de Leganés,40.331755,-3.765697,morning_arrival_0900,Llegada al destino a las 09:00,to_destination,2026-07-29,2026-07-29T09:00:00+02:00,2026-07-28T18:00:59.748710+02:00,success,3,[],,1.414703999995254
MAD-036|DEST_003|evening_departure_1800,MAD-036,Niño Jesús,Retiro,40.331755,-3.765697,DEST_003,UC3M Campus de Leganés,40.41191037423776,-3.673124310709524,evening_departure_1800,Salida del destino a las 18:00,from_destination,2026-07-29,2026-07-29T18:00:00+02:00,2026-07-28T18:01:01.164196+02:00,success,3,[],,0.5141501999896718
MAD-041|DEST_001|morning_arrival_0900,MAD-041,Recoletos,Salamanca,40.42383728244189,-3.6856391429903343,DEST_001,Puerta del Sol,40.416775,-3.70379,morning_arrival_0900,Llegada al destino a las 09:00,to_destination,2026-07-29,2026-07-29T09:00:00+02:00,2026-07-28T18:01:01.679714+02:00,success,3,[],,1.2664130999910412
MAD-041|DEST_001|evening_departure_1800,MAD-041,Recoletos,Salamanca,40.416775,-3.70379,DEST_001,Puerta del Sol,40.42383728244189,-3.6856391429903343,evening_departure_1800,Salida del destino a las 18:00,from_destination,2026-07-29,2026-07-29T18:00:00+02:00,2026-07-28T18:01:02.946621+02:00,success,3,[],,2.605418000006466
MAD-041|DEST_002|morning_arrival_0900,MAD-041,Recoletos,Salamanca,40.42383728244189,-3.6856391429903343,DEST_002,Nuevos Ministerios,40.44661,-3.692436,morning_arrival_0900,Llegada al destino a las 09:00,to_destination,2026-07-29,2026-07-29T09:00:00+02:00,2026-07-28T18:01:05.573033+02:00,success,3,[],,1.5301470999984303
MAD-041|DEST_002|evening_departure_1800,MAD-041,Recoletos,Salamanca,40.44661,-3.692436,DEST_002,Nuevos Ministerios,40.42383728244189,-3.6856391429903343,evening_departure_1800,Salida del destino a las 18:00,from_destination,2026-07-29,2026-07-29T18:00:00+02:00,2026-07-28T18:01:07.103580+02:00,success,3,[],,0.8334433999989415
MAD-041|DEST_003|morning_arrival_0900,MAD-041,Recoletos,Salamanca,40.42383728244189,-3.6856391429903343,DEST_003,UC3M Campus de Leganés,40.331755,-3.765697,morning_arrival_0900,Llegada al destino a las 09:00,to_destination,2026-07-29,2026-07-29T09:00:00+02:00,2026-07-28T18:01:07.937444+02:00,success,3,[],,2.2445294999924954
MAD-041|DEST_003|evening_departure_1800,MAD-041,Recoletos,Salamanca,40.331755,-3.765697,DEST_003,UC3M Campus de Leganés,40.42383728244189,-3.6856391429903343,evening_departure_1800,Salida del destino a las 18:00,from_destination,2026-07-29,2026-07-29T18:00:00+02:00,2026-07-28T18:01:10.182850+02:00,success,3,[],,0.2456306999956723
MAD-042|DEST_001|morning_arrival_0900,MAD-042,Goya,Salamanca,40.42529348449877,-3.6743982684910463,DEST_001,Puerta del Sol,40.416775,-3.70379,morning_arrival_0900,Llegada al destino a las 09:00,to_destination,2026-07-29,2026-07-29T09:00:00+02:00,2026-07-28T18:01:10.429679+02:00,success,3,[],,0.8583726999931969
MAD-042|DEST_001|evening_departure_1800,MAD-042,Goya,Salamanca,40.416775,-3.70379,DEST_001,Puerta del Sol,40.42529348449877,-3.6743982684910463,evening_departure_1800,Salida del destino a las 18:00,from_destination,2026-07-29,2026-07-29T18:00:00+02:00,2026-07-28T18:01:11.288644+02:00,success,3,[],,1.1137987000111025
MAD-042|DEST_002|morning_arrival_0900,MAD-042,Goya,Salamanca,40.42529348449877,-3.6743982684910463,DEST_002,Nuevos Ministerios,40.44661,-3.692436,morning_arrival_0900,Llegada al destino a las 09:00,to_destination,2026-07-29,2026-07-29T09:00:00+02:00,2026-07-28T18:01:12.403187+02:00,success,3,[],,1.1310019999946237
MAD-042|DEST_002|evening_departure_1800,MAD-042,Goya,Salamanca,40.44661,-3.692436,DEST_002,Nuevos Ministerios,40.42529348449877,-3.6743982684910463,evening_departure_1800,Salida del destino a las 18:00,from_destination,2026-07-29,2026-07-29T18:00:00+02:00,2026-07-28T18:01:13.534454+02:00,success,3,[],,1.2599389999959385
MAD-042|DEST_003|morning_arrival_0900,MAD-042,Goya,Salamanca,40.42529348449877,-3.6743982684910463,DEST_003,UC3M Campus de Leganés,40.331755,-3.765697,morning_arrival_0900,Llegada al destino a las 09:00,to_destination,2026-07-29,2026-07-29T09:00:00+02:00,2026-07-28T18:01:14.794956+02:00,success,3,[],,2.292976800003089
MAD-042|DEST_003|evening_departure_1800,MAD-042,Goya,Salamanca,40.331755,-3.765697,DEST_003,UC3M Campus de Leganés,40.42529348449877,-3.6743982684910463,evening_departure_1800,Salida del destino a las 18:00,from_destination,2026-07-29,2026-07-29T18:00:00+02:00,2026-07-28T18:01:17.088349+02:00,success,3,[],,0.3058577999909175
MAD-043|DEST_001|morning_arrival_0900,MAD-043,Fuente del Berro,Salamanca,40.42515397393525,-3.664219408712788,DEST_001,Puerta del Sol,40.416775,-3.70379,morning_arrival_0900,Llegada al destino a las 09:00,to_destination,2026-07-29,2026-07-29T09:00:00+02:00,2026-07-28T18:01:17.417528+02:00,success,3,[],,0.8455424999992829
MAD-043|DEST_001|evening_departure_1800,MAD-043,Fuente del Berro,Salamanca,40.416775,-3.70379,DEST_001,Puerta del Sol,40.42515397393525,-3.664219408712788,evening_departure_1800,Salida del destino a las 18:00,from_destination,2026-07-29,2026-07-29T18:00:00+02:00,2026-07-28T18:01:18.263376+02:00,success,3,[],,0.8052503999933833
MAD-043|DEST_002|morning_arrival_0900,MAD-043,Fuente del Berro,Salamanca,40.42515397393525,-3.664219408712788,DEST_002,Nuevos Ministerios,40.44661,-3.692436,morning_arrival_0900,Llegada al destino a las 09:00,to_destination,2026-07-29,2026-07-29T09:00:00+02:00,2026-07-28T18:01:19.069212+02:00,success,3,[],,1.1207758999953512
MAD-043|DEST_002|evening_departure_1800,MAD-043,Fuente del Berro,Salamanca,40.44661,-3.692436,DEST_002,Nuevos Ministerios,40.42515397393525,-3.664219408712788,evening_departure_1800,Salida del destino a las 18:00,from_destination,2026-07-29,2026-07-29T18:00:00+02:00,2026-07-28T18:01:20.190926+02:00,success,3,[],,0.8238903000019491
MAD-043|DEST_003|morning_arrival_0900,MAD-043,Fuente del Berro,Salamanca,40.42515397393525,-3.664219408712788,DEST_003,UC3M Campus de Leganés,40.331755,-3.765697,morning_arrival_0900,Llegada al destino a las 09:00,to_destination,2026-07-29,2026-07-29T09:00:00+02:00,2026-07-28T18:01:21.015825+02:00,success,3,[],,2.4762079999927664
MAD-043|DEST_003|evening_departure_1800,MAD-043,Fuente del Berro,Salamanca,40.331755,-3.765697,DEST_003,UC3M Campus de Leganés,40.42515397393525,-3.664219408712788,evening_departure_1800,Salida del destino a las 18:00,from_destination,2026-07-29,2026-07-29T18:00:00+02:00,2026-07-28T18:01:23.493481+02:00,success,3,[],,0.6281050000106916
MAD-044|DEST_001|morning_arrival_0900,MAD-044,Guindalera,Salamanca,40.4365301810946,-3.6680653990476575,DEST_001,Puerta del Sol,40.416775,-3.70379,morning_arrival_0900,Llegada al destino a las 09:00,to_destination,2026-07-29,2026-07-29T09:00:00+02:00,2026-07-28T18:01:24.123364+02:00,success,3,[],,0.9510524999932386
MAD-044|DEST_001|evening_departure_1800,MAD-044,Guindalera,Salamanca,40.416775,-3.70379,DEST_001,Puerta del Sol,40.4365301810946,-3.6680653990476575,evening_departure_1800,Salida del destino a las 18:00,from_destination,2026-07-29,2026-07-29T18:00:00+02:00,2026-07-28T18:01:25.075023+02:00,success,3,[],,2.6801833999925293
MAD-044|DEST_002|morning_arrival_0900,MAD-044,Guindalera,Salamanca,40.4365301810946,-3.6680653990476575,DEST_002,Nuevos Ministerios,40.44661,-3.692436,morning_arrival_0900,Llegada al destino a las 09:00,to_destination,2026-07-29,2026-07-29T09:00:00+02:00,2026-07-28T18:01:27.755778+02:00,success,3,[],,1.0592591000022369
MAD-044|DEST_002|evening_departure_1800,MAD-044,Guindalera,Salamanca,40.44661,-3.692436,DEST_002,Nuevos Ministerios,40.4365301810946,-3.6680653990476575,evening_departure_1800,Salida del destino a las 18:00,from_destination,2026-07-29,2026-07-29T18:00:00+02:00,2026-07-28T18:01:28.815810+02:00,success,3,[],,0.922210400007316
MAD-044|DEST_003|morning_arrival_0900,MAD-044,Guindalera,Salamanca,40.4365301810946,-3.6680653990476575,DEST_003,UC3M Campus de Leganés,40.331755,-3.765697,morning_arrival_0900,Llegada al destino a las 09:00,to_destination,2026-07-29,2026-07-29T09:00:00+02:00,2026-07-28T18:01:29.784839+02:00,success,3,[],,2.581041400000686
MAD-044|DEST_003|evening_departure_1800,MAD-044,Guindalera,Salamanca,40.331755,-3.765697,DEST_003,UC3M Campus de Leganés,40.4365301810946,-3.6680653990476575,evening_departure_1800,Salida del destino a las 18:00,from_destination,2026-07-29,2026-07-29T18:00:00+02:00,2026-07-28T18:01:32.366248+02:00,success,3,[],,0.9263950000022304
MAD-045|DEST_001|morning_arrival_0900,MAD-045,Lista,Salamanca,40.43289691303546,-3.6762251871685367,DEST_001,Puerta del Sol,40.416775,-3.70379,morning_arrival_0900,Llegada al destino a las 09:00,to_destination,2026-07-29,2026-07-29T09:00:00+02:00,2026-07-28T18:01:33.293596+02:00,success,3,[],,0.8446815000061179
MAD-045|DEST_001|evening_departure_1800,MAD-045,Lista,Salamanca,40.416775,-3.70379,DEST_001,Puerta del Sol,40.43289691303546,-3.6762251871685367,evening_departure_1800,Salida del destino a las 18:00,from_destination,2026-07-29,2026-07-29T18:00:00+02:00,2026-07-28T18:01:34.139351+02:00,success,3,[],,1.4097731999936514
MAD-045|DEST_002|morning_arrival_0900,MAD-045,Lista,Salamanca,40.43289691303546,-3.6762251871685367,DEST_002,Nuevos Ministerios,40.44661,-3.692436,morning_arrival_0900,Llegada al destino a las 09:00,to_destination,2026-07-29,2026-07-29T09:00:00+02:00,2026-07-28T18:01:35.549826+02:00,success,3,[],,0.7975978000031319
MAD-045|DEST_002|evening_departure_1800,MAD-045,Lista,Salamanca,40.44661,-3.692436,DEST_002,Nuevos Ministerios,40.43289691303546,-3.6762251871685367,evening_departure_1800,Salida del destino a las 18:00,from_destination,2026-07-29,2026-07-29T18:00:00+02:00,2026-07-28T18:01:36.348222+02:00,success,3,[],,1.3832986999914283
MAD-045|DEST_003|morning_arrival_0900,MAD-045,Lista,Salamanca,40.43289691303546,-3.6762251871685367,DEST_003,UC3M Campus de Leganés,40.331755,-3.765697,morning_arrival_0900,Llegada al destino a las 09:00,to_destination,2026-07-29,2026-07-29T09:00:00+02:00,2026-07-28T18:01:37.732189+02:00,success,3,[],,2.652051600001869
MAD-045|DEST_003|evening_departure_1800,MAD-045,Lista,Salamanca,40.331755,-3.765697,DEST_003,UC3M Campus de Leganés,40.43289691303546,-3.6762251871685367,evening_departure_1800,Salida del destino a las 18:00,from_destination,2026-07-29,2026-07-29T18:00:00+02:00,2026-07-28T18:01:40.385126+02:00,success,3,[],,0.5498672999965493
MAD-046|DEST_001|morning_arrival_0900,MAD-046,Castellana,Salamanca,40.4333811479077,-3.683963562263993,DEST_001,Puerta del Sol,40.416775,-3.70379,morning_arrival_0900,Llegada al destino a las 09:00,to_destination,2026-07-29,2026-07-29T09:00:00+02:00,2026-07-28T18:01:40.936036+02:00,success,3,[],,0.9226877999899444
MAD-046|DEST_001|evening_departure_1800,MAD-046,Castellana,Salamanca,40.416775,-3.70379,DEST_001,Puerta del Sol,40.4333811479077,-3.683963562263993,evening_departure_1800,Salida del destino a las 18:00,from_destination,2026-07-29,2026-07-29T18:00:00+02:00,2026-07-28T18:01:41.858988+02:00,success,3,[],,1.605563200006145
MAD-046|DEST_002|morning_arrival_0900,MAD-046,Castellana,Salamanca,40.4333811479077,-3.683963562263993,DEST_002,Nuevos Ministerios,40.44661,-3.692436,morning_arrival_0900,Llegada al destino a las 09:00,to_destination,2026-07-29,2026-07-29T09:00:00+02:00,2026-07-28T18:01:43.493733+02:00,success,3,[],,1.629826000003959
MAD-046|DEST_002|evening_departure_1800,MAD-046,Castellana,Salamanca,40.44661,-3.692436,DEST_002,Nuevos Ministerios,40.4333811479077,-3.683963562263993,evening_departure_1800,Salida del destino a las 18:00,from_destination,2026-07-29,2026-07-29T18:00:00+02:00,2026-07-28T18:01:45.124092+02:00,success,3,[],,1.0769639999925855
MAD-046|DEST_003|morning_arrival_0900,MAD-046,Castellana,Salamanca,40.4333811479077,-3.683963562263993,DEST_003,UC3M Campus de Leganés,40.331755,-3.765697,morning_arrival_0900,Llegada al destino a las 09:00,to_destination,2026-07-29,2026-07-29T09:00:00+02:00,2026-07-28T18:01:46.201881+02:00,success,3,[],,2.537788000001456
MAD-046|DEST_003|evening_departure_1800,MAD-046,Castellana,Salamanca,40.331755,-3.765697,DEST_003,UC3M Campus de Leganés,40.4333811479077,-3.683963562263993,evening_departure_1800,Salida del destino a las 18:00,from_destination,2026-07-29,2026-07-29T18:00:00+02:00,2026-07-28T18:01:48.740525+02:00,success,3,[],,0.3965896999870892
MAD-051|DEST_001|morning_arrival_0900,MAD-051,El Viso,Chamartín,40.44523032696901,-3.684832174017108,DEST_001,Puerta del Sol,40.416775,-3.70379,morning_arrival_0900,Llegada al destino a las 09:00,to_destination,2026-07-29,2026-07-29T09:00:00+02:00,2026-07-28T18:01:49.138947+02:00,success,3,[],,1.8519470000028373
MAD-051|DEST_001|evening_departure_1800,MAD-051,El Viso,Chamartín,40.416775,-3.70379,DEST_001,Puerta del Sol,40.44523032696901,-3.684832174017108,evening_departure_1800,Salida del destino a las 18:00,from_destination,2026-07-29,2026-07-29T18:00:00+02:00,2026-07-28T18:01:50.991199+02:00,success,3,[],,1.86934229999315
MAD-051|DEST_002|morning_arrival_0900,MAD-051,El Viso,Chamartín,40.44523032696901,-3.684832174017108,DEST_002,Nuevos Ministerios,40.44661,-3.692436,morning_arrival_0900,Llegada al destino a las 09:00,to_destination,2026-07-29,2026-07-29T09:00:00+02:00,2026-07-28T18:01:52.861041+02:00,no_route,0,"[{""code"":""WALKING_BETTER_THAN_TRANSIT"",""description"":""ES-los Origin is within a trivial distance of the destination."",""inputField"":null}]",,0.7030662000033772
MAD-051|DEST_002|evening_departure_1800,MAD-051,El Viso,Chamartín,40.44661,-3.692436,DEST_002,Nuevos Ministerios,40.44523032696901,-3.684832174017108,evening_departure_1800,Salida del destino a las 18:00,from_destination,2026-07-29,2026-07-29T18:00:00+02:00,2026-07-28T18:01:53.564590+02:00,no_route,0,"[{""code"":""WALKING_BETTER_THAN_TRANSIT"",""description"":""ES-los Origin is within a trivial distance of the destination."",""inputField"":null}]",,1.2684473999979673
MAD-051|DEST_003|morning_arrival_0900,MAD-051,El Viso,Chamartín,40.44523032696901,-3.684832174017108,DEST_003,UC3M Campus de Leganés,40.331755,-3.765697,morning_arrival_0900,Llegada al destino a las 09:00,to_destination,2026-07-29,2026-07-29T09:00:00+02:00,2026-07-28T18:01:54.833692+02:00,success,3,[],,2.883996100004879
MAD-051|DEST_003|evening_departure_1800,MAD-051,El Viso,Chamartín,40.331755,-3.765697,DEST_003,UC3M Campus de Leganés,40.44523032696901,-3.684832174017108,evening_departure_1800,Salida del destino a las 18:00,from_destination,2026-07-29,2026-07-29T18:00:00+02:00,2026-07-28T18:01:57.719405+02:00,success,3,[],,0.5935201999964193
MAD-052|DEST_001|morning_arrival_0900,MAD-052,Prosperidad,Chamartín,40.44543196389176,-3.666657616314384,DEST_001,Puerta del Sol,40.416775,-3.70379,morning_arrival_0900,Llegada al destino a las 09:00,to_destination,2026-07-29,2026-07-29T09:00:00+02:00,2026-07-28T18:01:58.351304+02:00,success,3,[],,0.9824395999894476
MAD-052|DEST_001|evening_departure_1800,MAD-052,Prosperidad,Chamartín,40.416775,-3.70379,DEST_001,Puerta del Sol,40.44543196389176,-3.666657616314384,evening_departure_1800,Salida del destino a las 18:00,from_destination,2026-07-29,2026-07-29T18:00:00+02:00,2026-07-28T18:01:59.334209+02:00,success,3,[],,1.615133399987826
MAD-052|DEST_002|morning_arrival_0900,MAD-052,Prosperidad,Chamartín,40.44543196389176,-3.666657616314384,DEST_002,Nuevos Ministerios,40.44661,-3.692436,morning_arrival_0900,Llegada al destino a las 09:00,to_destination,2026-07-29,2026-07-29T09:00:00+02:00,2026-07-28T18:02:00.950262+02:00,success,3,[],,1.1194013000058476
MAD-052|DEST_002|evening_departure_1800,MAD-052,Prosperidad,Chamartín,40.44661,-3.692436,DEST_002,Nuevos Ministerios,40.44543196389176,-3.666657616314384,evening_departure_1800,Salida del destino a las 18:00,from_destination,2026-07-29,2026-07-29T18:00:00+02:00,2026-07-28T18:02:02.070093+02:00,success,3,[],,2.1185810000024503
MAD-052|DEST_003|morning_arrival_0900,MAD-052,Prosperidad,Chamartín,40.44543196389176,-3.666657616314384,DEST_003,UC3M Campus de Leganés,40.331755,-3.765697,morning_arrival_0900,Llegada al destino a las 09:00,to_destination,2026-07-29,2026-07-29T09:00:00+02:00,2026-07-28T18:02:04.189766+02:00,success,3,[],,3.956874699986656
MAD-052|DEST_003|evening_departure_1800,MAD-052,Prosperidad,Chamartín,40.331755,-3.765697,DEST_003,UC3M Campus de Leganés,40.44543196389176,-3.666657616314384,evening_departure_1800,Salida del destino a las 18:00,from_destination,2026-07-29,2026-07-29T18:00:00+02:00,2026-07-28T18:02:08.147335+02:00,success,3,[],,0.8311129999929108
MAD-053|DEST_001|morning_arrival_0900,MAD-053,Ciudad Jardín,Chamartín,40.446888009365466,-3.67402531852014,DEST_001,Puerta del Sol,40.416775,-3.70379,morning_arrival_0900,Llegada al destino a las 09:00,to_destination,2026-07-29,2026-07-29T09:00:00+02:00,2026-07-28T18:02:08.979540+02:00,success,3,[],,1.4216548999975205
MAD-053|DEST_001|evening_departure_1800,MAD-053,Ciudad Jardín,Chamartín,40.416775,-3.70379,DEST_001,Puerta del Sol,40.446888009365466,-3.67402531852014,evening_departure_1800,Salida del destino a las 18:00,from_destination,2026-07-29,2026-07-29T18:00:00+02:00,2026-07-28T18:02:10.401387+02:00,success,3,[],,1.3987193000066327
MAD-053|DEST_002|morning_arrival_0900,MAD-053,Ciudad Jardín,Chamartín,40.446888009365466,-3.67402531852014,DEST_002,Nuevos Ministerios,40.44661,-3.692436,morning_arrival_0900,Llegada al destino a las 09:00,to_destination,2026-07-29,2026-07-29T09:00:00+02:00,2026-07-28T18:02:11.801568+02:00,no_route,0,"[{""code"":""WALKING_BETTER_THAN_TRANSIT"",""description"":""ES-los Origin is within a trivial distance of the destination."",""inputField"":null}]",,0.9387388000031932
MAD-053|DEST_002|evening_departure_1800,MAD-053,Ciudad Jardín,Chamartín,40.44661,-3.692436,DEST_002,Nuevos Ministerios,40.446888009365466,-3.67402531852014,evening_departure_1800,Salida del destino a las 18:00,from_destination,2026-07-29,2026-07-29T18:00:00+02:00,2026-07-28T18:02:12.740467+02:00,no_route,0,"[{""code"":""WALKING_BETTER_THAN_TRANSIT"",""description"":""ES-los Origin is within a trivial distance of the destination."",""inputField"":null}]",,2.3223097000009147
MAD-053|DEST_003|morning_arrival_0900,MAD-053,Ciudad Jardín,Chamartín,40.446888009365466,-3.67402531852014,DEST_003,UC3M Campus de Leganés,40.331755,-3.765697,morning_arrival_0900,Llegada al destino a las 09:00,to_destination,2026-07-29,2026-07-29T09:00:00+02:00,2026-07-28T18:02:15.104922+02:00,success,3,[],,2.6319559999974445
MAD-053|DEST_003|evening_departure_1800,MAD-053,Ciudad Jardín,Chamartín,40.331755,-3.765697,DEST_003,UC3M Campus de Leganés,40.446888009365466,-3.67402531852014,evening_departure_1800,Salida del destino a las 18:00,from_destination,2026-07-29,2026-07-29T18:00:00+02:00,2026-07-28T18:02:17.737340+02:00,success,3,[],,0.9387351000041236
MAD-054|DEST_001|morning_arrival_0900,MAD-054,Hispanoamérica,Chamartín,40.45561062956557,-3.676959707587443,DEST_001,Puerta del Sol,40.416775,-3.70379,morning_arrival_0900,Llegada al destino a las 09:00,to_destination,2026-07-29,2026-07-29T09:00:00+02:00,2026-07-28T18:02:18.677140+02:00,success,3,[],,0.8578868999902625
MAD-054|DEST_001|evening_departure_1800,MAD-054,Hispanoamérica,Chamartín,40.416775,-3.70379,DEST_001,Puerta del Sol,40.45561062956557,-3.676959707587443,evening_departure_1800,Salida del destino a las 18:00,from_destination,2026-07-29,2026-07-29T18:00:00+02:00,2026-07-28T18:02:19.536222+02:00,success,3,[],,0.8350308999943081
MAD-054|DEST_002|morning_arrival_0900,MAD-054,Hispanoamérica,Chamartín,40.45561062956557,-3.676959707587443,DEST_002,Nuevos Ministerios,40.44661,-3.692436,morning_arrival_0900,Llegada al destino a las 09:00,to_destination,2026-07-29,2026-07-29T09:00:00+02:00,2026-07-28T18:02:20.372065+02:00,success,3,[],,1.0958552000083728
MAD-054|DEST_002|evening_departure_1800,MAD-054,Hispanoamérica,Chamartín,40.44661,-3.692436,DEST_002,Nuevos Ministerios,40.45561062956557,-3.676959707587443,evening_departure_1800,Salida del destino a las 18:00,from_destination,2026-07-29,2026-07-29T18:00:00+02:00,2026-07-28T18:02:21.468239+02:00,success,3,[],,2.02103370000259
MAD-054|DEST_003|morning_arrival_0900,MAD-054,Hispanoamérica,Chamartín,40.45561062956557,-3.676959707587443,DEST_003,UC3M Campus de Leganés,40.331755,-3.765697,morning_arrival_0900,Llegada al destino a las 09:00,to_destination,2026-07-29,2026-07-29T09:00:00+02:00,2026-07-28T18:02:23.489588+02:00,success,3,[],,3.0043584999948507
MAD-054|DEST_003|evening_departure_1800,MAD-054,Hispanoamérica,Chamartín,40.331755,-3.765697,DEST_003,UC3M Campus de Leganés,40.45561062956557,-3.676959707587443,evening_departure_1800,Salida del destino a las 18:00,from_destination,2026-07-29,2026-07-29T18:00:00+02:00,2026-07-28T18:02:26.494311+02:00,success,3,[],,0.9641504000028362
MAD-055|DEST_001|morning_arrival_0900,MAD-055,Nueva España,Chamartín,40.46277122906753,-3.678034024844448,DEST_001,Puerta del Sol,40.416775,-3.70379,morning_arrival_0900,Llegada al destino a las 09:00,to_destination,2026-07-29,2026-07-29T09:00:00+02:00,2026-07-28T18:02:27.459888+02:00,success,3,[],,0.604185399992275
MAD-055|DEST_001|evening_departure_1800,MAD-055,Nueva España,Chamartín,40.416775,-3.70379,DEST_001,Puerta del Sol,40.46277122906753,-3.678034024844448,evening_departure_1800,Salida del destino a las 18:00,from_destination,2026-07-29,2026-07-29T18:00:00+02:00,2026-07-28T18:02:28.065300+02:00,success,3,[],,1.539556099989568
MAD-055|DEST_002|morning_arrival_0900,MAD-055,Nueva España,Chamartín,40.46277122906753,-3.678034024844448,DEST_002,Nuevos Ministerios,40.44661,-3.692436,morning_arrival_0900,Llegada al destino a las 09:00,to_destination,2026-07-29,2026-07-29T09:00:00+02:00,2026-07-28T18:02:29.636062+02:00,success,3,[],,0.6374275999987731
MAD-055|DEST_002|evening_departure_1800,MAD-055,Nueva España,Chamartín,40.44661,-3.692436,DEST_002,Nuevos Ministerios,40.46277122906753,-3.678034024844448,evening_departure_1800,Salida del destino a las 18:00,from_destination,2026-07-29,2026-07-29T18:00:00+02:00,2026-07-28T18:02:30.274138+02:00,success,3,[],,1.427993899997091
MAD-055|DEST_003|morning_arrival_0900,MAD-055,Nueva España,Chamartín,40.46277122906753,-3.678034024844448,DEST_003,UC3M Campus de Leganés,40.331755,-3.765697,morning_arrival_0900,Llegada al destino a las 09:00,to_destination,2026-07-29,2026-07-29T09:00:00+02:00,2026-07-28T18:02:31.702859+02:00,success,3,[],,2.7749127999995835
MAD-055|DEST_003|evening_departure_1800,MAD-055,Nueva España,Chamartín,40.331755,-3.765697,DEST_003,UC3M Campus de Leganés,40.46277122906753,-3.678034024844448,evening_departure_1800,Salida del destino a las 18:00,from_destination,2026-07-29,2026-07-29T18:00:00+02:00,2026-07-28T18:02:34.478221+02:00,success,3,[],,0.9946043000090868
MAD-056|DEST_001|morning_arrival_0900,MAD-056,Castilla,Chamartín,40.47469790338341,-3.6804616939594816,DEST_001,Puerta del Sol,40.416775,-3.70379,morning_arrival_0900,Llegada al destino a las 09:00,to_destination,2026-07-29,2026-07-29T09:00:00+02:00,2026-07-28T18:02:35.473811+02:00,success,3,[],,0.613182399989455
MAD-056|DEST_001|evening_departure_1800,MAD-056,Castilla,Chamartín,40.416775,-3.70379,DEST_001,Puerta del Sol,40.47469790338341,-3.6804616939594816,evening_departure_1800,Salida del destino a las 18:00,from_destination,2026-07-29,2026-07-29T18:00:00+02:00,2026-07-28T18:02:36.087362+02:00,success,3,[],,0.7102110999985598
MAD-056|DEST_002|morning_arrival_0900,MAD-056,Castilla,Chamartín,40.47469790338341,-3.6804616939594816,DEST_002,Nuevos Ministerios,40.44661,-3.692436,morning_arrival_0900,Llegada al destino a las 09:00,to_destination,2026-07-29,2026-07-29T09:00:00+02:00,2026-07-28T18:02:36.799353+02:00,success,3,[],,0.4073303999903146
MAD-056|DEST_002|evening_departure_1800,MAD-056,Castilla,Chamartín,40.44661,-3.692436,DEST_002,Nuevos Ministerios,40.47469790338341,-3.6804616939594816,evening_departure_1800,Salida del destino a las 18:00,from_destination,2026-07-29,2026-07-29T18:00:00+02:00,2026-07-28T18:02:37.207377+02:00,success,3,[],,0.9963435999961804
MAD-056|DEST_003|morning_arrival_0900,MAD-056,Castilla,Chamartín,40.47469790338341,-3.6804616939594816,DEST_003,UC3M Campus de Leganés,40.331755,-3.765697,morning_arrival_0900,Llegada al destino a las 09:00,to_destination,2026-07-29,2026-07-29T09:00:00+02:00,2026-07-28T18:02:38.204477+02:00,success,3,[],,2.7949244000046747
MAD-056|DEST_003|evening_departure_1800,MAD-056,Castilla,Chamartín,40.331755,-3.765697,DEST_003,UC3M Campus de Leganés,40.47469790338341,-3.6804616939594816,evening_departure_1800,Salida del destino a las 18:00,from_destination,2026-07-29,2026-07-29T18:00:00+02:00,2026-07-28T18:02:40.999758+02:00,success,3,[],,0.9496170000056736
MAD-061|DEST_001|morning_arrival_0900,MAD-061,Bellas Vistas,Tetuán,40.45205134182325,-3.707383026310552,DEST_001,Puerta del Sol,40.416775,-3.70379,morning_arrival_0900,Llegada al destino a las 09:00,to_destination,2026-07-29,2026-07-29T09:00:00+02:00,2026-07-28T18:02:42.006890+02:00,success,3,[],,1.6300733999960355
MAD-061|DEST_001|evening_departure_1800,MAD-061,Bellas Vistas,Tetuán,40.416775,-3.70379,DEST_001,Puerta del Sol,40.45205134182325,-3.707383026310552,evening_departure_1800,Salida del destino a las 18:00,from_destination,2026-07-29,2026-07-29T18:00:00+02:00,2026-07-28T18:02:43.637283+02:00,success,3,[],,1.0149842999962857
MAD-061|DEST_002|morning_arrival_0900,MAD-061,Bellas Vistas,Tetuán,40.45205134182325,-3.707383026310552,DEST_002,Nuevos Ministerios,40.44661,-3.692436,morning_arrival_0900,Llegada al destino a las 09:00,to_destination,2026-07-29,2026-07-29T09:00:00+02:00,2026-07-28T18:02:44.652976+02:00,success,3,[],,0.6327165999973658
MAD-061|DEST_002|evening_departure_1800,MAD-061,Bellas Vistas,Tetuán,40.44661,-3.692436,DEST_002,Nuevos Ministerios,40.45205134182325,-3.707383026310552,evening_departure_1800,Salida del destino a las 18:00,from_destination,2026-07-29,2026-07-29T18:00:00+02:00,2026-07-28T18:02:45.285949+02:00,success,3,[],,1.7210731000086523
MAD-061|DEST_003|morning_arrival_0900,MAD-061,Bellas Vistas,Tetuán,40.45205134182325,-3.707383026310552,DEST_003,UC3M Campus de Leganés,40.331755,-3.765697,morning_arrival_0900,Llegada al destino a las 09:00,to_destination,2026-07-29,2026-07-29T09:00:00+02:00,2026-07-28T18:02:47.007639+02:00,success,3,[],,4.449745300007635
MAD-061|DEST_003|evening_departure_1800,MAD-061,Bellas Vistas,Tetuán,40.331755,-3.765697,DEST_003,UC3M Campus de Leganés,40.45205134182325,-3.707383026310552,evening_departure_1800,Salida del destino a las 18:00,from_destination,2026-07-29,2026-07-29T18:00:00+02:00,2026-07-28T18:02:51.457784+02:00,success,3,[],,0.4146858000021893
MAD-062|DEST_001|morning_arrival_0900,MAD-062,Cuatro Caminos,Tetuán,40.45197019645254,-3.6969660680349614,DEST_001,Puerta del Sol,40.416775,-3.70379,morning_arrival_0900,Llegada al destino a las 09:00,to_destination,2026-07-29,2026-07-29T09:00:00+02:00,2026-07-28T18:02:51.873628+02:00,success,3,[],,0.7810415999992983
MAD-062|DEST_001|evening_departure_1800,MAD-062,Cuatro Caminos,Tetuán,40.416775,-3.70379,DEST_001,Puerta del Sol,40.45197019645254,-3.6969660680349614,evening_departure_1800,Salida del destino a las 18:00,from_destination,2026-07-29,2026-07-29T18:00:00+02:00,2026-07-28T18:02:52.654866+02:00,success,3,[],,0.9867348999978276
MAD-062|DEST_002|morning_arrival_0900,MAD-062,Cuatro Caminos,Tetuán,40.45197019645254,-3.6969660680349614,DEST_002,Nuevos Ministerios,40.44661,-3.692436,morning_arrival_0900,Llegada al destino a las 09:00,to_destination,2026-07-29,2026-07-29T09:00:00+02:00,2026-07-28T18:02:53.642486+02:00,no_route,0,"[{""code"":""WALKING_BETTER_THAN_TRANSIT"",""description"":""ES-los Origin is within a trivial distance of the destination."",""inputField"":null}]",,1.1076715999952285
MAD-062|DEST_002|evening_departure_1800,MAD-062,Cuatro Caminos,Tetuán,40.44661,-3.692436,DEST_002,Nuevos Ministerios,40.45197019645254,-3.6969660680349614,evening_departure_1800,Salida del destino a las 18:00,from_destination,2026-07-29,2026-07-29T18:00:00+02:00,2026-07-28T18:02:54.750396+02:00,no_route,0,"[{""code"":""WALKING_BETTER_THAN_TRANSIT"",""description"":""ES-los Origin is within a trivial distance of the destination."",""inputField"":null}]",,1.6940903999930017
MAD-062|DEST_003|morning_arrival_0900,MAD-062,Cuatro Caminos,Tetuán,40.45197019645254,-3.6969660680349614,DEST_003,UC3M Campus de Leganés,40.331755,-3.765697,morning_arrival_0900,Llegada al destino a las 09:00,to_destination,2026-07-29,2026-07-29T09:00:00+02:00,2026-07-28T18:02:56.481111+02:00,success,3,[],,3.309648700000253
MAD-062|DEST_003|evening_departure_1800,MAD-062,Cuatro Caminos,Tetuán,40.331755,-3.765697,DEST_003,UC3M Campus de Leganés,40.45197019645254,-3.6969660680349614,evening_departure_1800,Salida del destino a las 18:00,from_destination,2026-07-29,2026-07-29T18:00:00+02:00,2026-07-28T18:02:59.791117+02:00,success,3,[],,0.5641773000097601
MAD-063|DEST_001|morning_arrival_0900,MAD-063,Castillejos,Tetuán,40.46098235842083,-3.69404403815722,DEST_001,Puerta del Sol,40.416775,-3.70379,morning_arrival_0900,Llegada al destino a las 09:00,to_destination,2026-07-29,2026-07-29T09:00:00+02:00,2026-07-28T18:03:00.356852+02:00,success,3,[],,0.8518633000057889
MAD-063|DEST_001|evening_departure_1800,MAD-063,Castillejos,Tetuán,40.416775,-3.70379,DEST_001,Puerta del Sol,40.46098235842083,-3.69404403815722,evening_departure_1800,Salida del destino a las 18:00,from_destination,2026-07-29,2026-07-29T18:00:00+02:00,2026-07-28T18:03:01.208987+02:00,success,3,[],,0.6223548999987543
MAD-063|DEST_002|morning_arrival_0900,MAD-063,Castillejos,Tetuán,40.46098235842083,-3.69404403815722,DEST_002,Nuevos Ministerios,40.44661,-3.692436,morning_arrival_0900,Llegada al destino a las 09:00,to_destination,2026-07-29,2026-07-29T09:00:00+02:00,2026-07-28T18:03:01.831830+02:00,success,3,[],,1.6258936000085669
MAD-063|DEST_002|evening_departure_1800,MAD-063,Castillejos,Tetuán,40.44661,-3.692436,DEST_002,Nuevos Ministerios,40.46098235842083,-3.69404403815722,evening_departure_1800,Salida del destino a las 18:00,from_destination,2026-07-29,2026-07-29T18:00:00+02:00,2026-07-28T18:03:03.458423+02:00,success,3,[],,0.8972287999931723
MAD-063|DEST_003|morning_arrival_0900,MAD-063,Castillejos,Tetuán,40.46098235842083,-3.69404403815722,DEST_003,UC3M Campus de Leganés,40.331755,-3.765697,morning_arrival_0900,Llegada al destino a las 09:00,to_destination,2026-07-29,2026-07-29T09:00:00+02:00,2026-07-28T18:03:04.356066+02:00,success,3,[],,3.6979738999943934
MAD-063|DEST_003|evening_departure_1800,MAD-063,Castillejos,Tetuán,40.331755,-3.765697,DEST_003,UC3M Campus de Leganés,40.46098235842083,-3.69404403815722,evening_departure_1800,Salida del destino a las 18:00,from_destination,2026-07-29,2026-07-29T18:00:00+02:00,2026-07-28T18:03:08.055253+02:00,success,3,[],,0.7226857000059681
MAD-064|DEST_001|morning_arrival_0900,MAD-064,Almenara,Tetuán,40.46982090765559,-3.694008702124533,DEST_001,Puerta del Sol,40.416775,-3.70379,morning_arrival_0900,Llegada al destino a las 09:00,to_destination,2026-07-29,2026-07-29T09:00:00+02:00,2026-07-28T18:03:08.779910+02:00,success,3,[],,0.4965015000052517
MAD-064|DEST_001|evening_departure_1800,MAD-064,Almenara,Tetuán,40.416775,-3.70379,DEST_001,Puerta del Sol,40.46982090765559,-3.694008702124533,evening_departure_1800,Salida del destino a las 18:00,from_destination,2026-07-29,2026-07-29T18:00:00+02:00,2026-07-28T18:03:09.278197+02:00,success,3,[],,0.93221650000487
MAD-064|DEST_002|morning_arrival_0900,MAD-064,Almenara,Tetuán,40.46982090765559,-3.694008702124533,DEST_002,Nuevos Ministerios,40.44661,-3.692436,morning_arrival_0900,Llegada al destino a las 09:00,to_destination,2026-07-29,2026-07-29T09:00:00+02:00,2026-07-28T18:03:10.274107+02:00,success,3,[],,1.0469612000015331
MAD-064|DEST_002|evening_departure_1800,MAD-064,Almenara,Tetuán,40.44661,-3.692436,DEST_002,Nuevos Ministerios,40.46982090765559,-3.694008702124533,evening_departure_1800,Salida del destino a las 18:00,from_destination,2026-07-29,2026-07-29T18:00:00+02:00,2026-07-28T18:03:11.321542+02:00,success,3,[],,0.9036727999919094
MAD-064|DEST_003|morning_arrival_0900,MAD-064,Almenara,Tetuán,40.46982090765559,-3.694008702124533,DEST_003,UC3M Campus de Leganés,40.331755,-3.765697,morning_arrival_0900,Llegada al destino a las 09:00,to_destination,2026-07-29,2026-07-29T09:00:00+02:00,2026-07-28T18:03:12.225576+02:00,success,3,[],,3.082782999990741
MAD-064|DEST_003|evening_departure_1800,MAD-064,Almenara,Tetuán,40.331755,-3.765697,DEST_003,UC3M Campus de Leganés,40.46982090765559,-3.694008702124533,evening_departure_1800,Salida del destino a las 18:00,from_destination,2026-07-29,2026-07-29T18:00:00+02:00,2026-07-28T18:03:15.309991+02:00,success,3,[],,0.7022413999948185
MAD-065|DEST_001|morning_arrival_0900,MAD-065,Valdeacederas,Tetuán,40.46685967362852,-3.704337334016576,DEST_001,Puerta del Sol,40.416775,-3.70379,morning_arrival_0900,Llegada al destino a las 09:00,to_destination,2026-07-29,2026-07-29T09:00:00+02:00,2026-07-28T18:03:16.013428+02:00,success,3,[],,0.98628959999769
MAD-065|DEST_001|evening_departure_1800,MAD-065,Valdeacederas,Tetuán,40.416775,-3.70379,DEST_001,Puerta del Sol,40.46685967362852,-3.704337334016576,evening_departure_1800,Salida del destino a las 18:00,from_destination,2026-07-29,2026-07-29T18:00:00+02:00,2026-07-28T18:03:17.000569+02:00,success,3,[],,0.8157895999902394
MAD-065|DEST_002|morning_arrival_0900,MAD-065,Valdeacederas,Tetuán,40.46685967362852,-3.704337334016576,DEST_002,Nuevos Ministerios,40.44661,-3.692436,morning_arrival_0900,Llegada al destino a las 09:00,to_destination,2026-07-29,2026-07-29T09:00:00+02:00,2026-07-28T18:03:17.816890+02:00,success,3,[],,1.214121500001056
MAD-065|DEST_002|evening_departure_1800,MAD-065,Valdeacederas,Tetuán,40.44661,-3.692436,DEST_002,Nuevos Ministerios,40.46685967362852,-3.704337334016576,evening_departure_1800,Salida del destino a las 18:00,from_destination,2026-07-29,2026-07-29T18:00:00+02:00,2026-07-28T18:03:19.031687+02:00,success,3,[],,0.7168620999873383
MAD-065|DEST_003|morning_arrival_0900,MAD-065,Valdeacederas,Tetuán,40.46685967362852,-3.704337334016576,DEST_003,UC3M Campus de Leganés,40.331755,-3.765697,morning_arrival_0900,Llegada al destino a las 09:00,to_destination,2026-07-29,2026-07-29T09:00:00+02:00,2026-07-28T18:03:19.749643+02:00,success,3,[],,4.405090200001723
MAD-065|DEST_003|evening_departure_1800,MAD-065,Valdeacederas,Tetuán,40.331755,-3.765697,DEST_003,UC3M Campus de Leganés,40.46685967362852,-3.704337334016576,evening_departure_1800,Salida del destino a las 18:00,from_destination,2026-07-29,2026-07-29T18:00:00+02:00,2026-07-28T18:03:24.155294+02:00,success,3,[],,0.7698871999891708
MAD-066|DEST_001|morning_arrival_0900,MAD-066,Berruguete,Tetuán,40.45892667247497,-3.7053588342511823,DEST_001,Puerta del Sol,40.416775,-3.70379,morning_arrival_0900,Llegada al destino a las 09:00,to_destination,2026-07-29,2026-07-29T09:00:00+02:00,2026-07-28T18:03:24.972067+02:00,success,3,[],,1.4244077999901492
MAD-066|DEST_001|evening_departure_1800,MAD-066,Berruguete,Tetuán,40.416775,-3.70379,DEST_001,Puerta del Sol,40.45892667247497,-3.7053588342511823,evening_departure_1800,Salida del destino a las 18:00,from_destination,2026-07-29,2026-07-29T18:00:00+02:00,2026-07-28T18:03:26.397346+02:00,success,3,[],,0.8460990000021411
MAD-066|DEST_002|morning_arrival_0900,MAD-066,Berruguete,Tetuán,40.45892667247497,-3.7053588342511823,DEST_002,Nuevos Ministerios,40.44661,-3.692436,morning_arrival_0900,Llegada al destino a las 09:00,to_destination,2026-07-29,2026-07-29T09:00:00+02:00,2026-07-28T18:03:27.243786+02:00,success,3,[],,0.7554919999965932
MAD-066|DEST_002|evening_departure_1800,MAD-066,Berruguete,Tetuán,40.44661,-3.692436,DEST_002,Nuevos Ministerios,40.45892667247497,-3.7053588342511823,evening_departure_1800,Salida del destino a las 18:00,from_destination,2026-07-29,2026-07-29T18:00:00+02:00,2026-07-28T18:03:27.999788+02:00,success,3,[],,0.8565892999904463
MAD-066|DEST_003|morning_arrival_0900,MAD-066,Berruguete,Tetuán,40.45892667247497,-3.7053588342511823,DEST_003,UC3M Campus de Leganés,40.331755,-3.765697,morning_arrival_0900,Llegada al destino a las 09:00,to_destination,2026-07-29,2026-07-29T09:00:00+02:00,2026-07-28T18:03:28.857686+02:00,success,3,[],,3.8362278999993578
MAD-066|DEST_003|evening_departure_1800,MAD-066,Berruguete,Tetuán,40.331755,-3.765697,DEST_003,UC3M Campus de Leganés,40.45892667247497,-3.7053588342511823,evening_departure_1800,Salida del destino a las 18:00,from_destination,2026-07-29,2026-07-29T18:00:00+02:00,2026-07-28T18:03:32.694459+02:00,success,3,[],,1.2354190000041854
MAD-071|DEST_001|morning_arrival_0900,MAD-071,Gaztambide,Chamberí,40.43446435268885,-3.714828291032597,DEST_001,Puerta del Sol,40.416775,-3.70379,morning_arrival_0900,Llegada al destino a las 09:00,to_destination,2026-07-29,2026-07-29T09:00:00+02:00,2026-07-28T18:03:33.931037+02:00,success,3,[],,1.7732506000029389
MAD-071|DEST_001|evening_departure_1800,MAD-071,Gaztambide,Chamberí,40.416775,-3.70379,DEST_001,Puerta del Sol,40.43446435268885,-3.714828291032597,evening_departure_1800,Salida del destino a las 18:00,from_destination,2026-07-29,2026-07-29T18:00:00+02:00,2026-07-28T18:03:35.704599+02:00,success,3,[],,0.904251900006784
MAD-071|DEST_002|morning_arrival_0900,MAD-071,Gaztambide,Chamberí,40.43446435268885,-3.714828291032597,DEST_002,Nuevos Ministerios,40.44661,-3.692436,morning_arrival_0900,Llegada al destino a las 09:00,to_destination,2026-07-29,2026-07-29T09:00:00+02:00,2026-07-28T18:03:36.610256+02:00,success,3,[],,1.8572553999983936
MAD-071|DEST_002|evening_departure_1800,MAD-071,Gaztambide,Chamberí,40.44661,-3.692436,DEST_002,Nuevos Ministerios,40.43446435268885,-3.714828291032597,evening_departure_1800,Salida del destino a las 18:00,from_destination,2026-07-29,2026-07-29T18:00:00+02:00,2026-07-28T18:03:38.467933+02:00,success,3,[],,2.266792700000224
MAD-071|DEST_003|morning_arrival_0900,MAD-071,Gaztambide,Chamberí,40.43446435268885,-3.714828291032597,DEST_003,UC3M Campus de Leganés,40.331755,-3.765697,morning_arrival_0900,Llegada al destino a las 09:00,to_destination,2026-07-29,2026-07-29T09:00:00+02:00,2026-07-28T18:03:40.786341+02:00,success,3,[],,2.363040600001113
MAD-071|DEST_003|evening_departure_1800,MAD-071,Gaztambide,Chamberí,40.331755,-3.765697,DEST_003,UC3M Campus de Leganés,40.43446435268885,-3.714828291032597,evening_departure_1800,Salida del destino a las 18:00,from_destination,2026-07-29,2026-07-29T18:00:00+02:00,2026-07-28T18:03:43.149815+02:00,success,3,[],,0.3816341000056127
MAD-072|DEST_001|morning_arrival_0900,MAD-072,Arapiles,Chamberí,40.434524118875416,-3.7079105525720095,DEST_001,Puerta del Sol,40.416775,-3.70379,morning_arrival_0900,Llegada al destino a las 09:00,to_destination,2026-07-29,2026-07-29T09:00:00+02:00,2026-07-28T18:03:43.532602+02:00,success,3,[],,1.6507430000056047
MAD-072|DEST_001|evening_departure_1800,MAD-072,Arapiles,Chamberí,40.416775,-3.70379,DEST_001,Puerta del Sol,40.434524118875416,-3.7079105525720095,evening_departure_1800,Salida del destino a las 18:00,from_destination,2026-07-29,2026-07-29T18:00:00+02:00,2026-07-28T18:03:45.184013+02:00,success,3,[],,4.005243799998425
MAD-072|DEST_002|morning_arrival_0900,MAD-072,Arapiles,Chamberí,40.434524118875416,-3.7079105525720095,DEST_002,Nuevos Ministerios,40.44661,-3.692436,morning_arrival_0900,Llegada al destino a las 09:00,to_destination,2026-07-29,2026-07-29T09:00:00+02:00,2026-07-28T18:03:49.189709+02:00,success,3,[],,3.011718199995812
MAD-072|DEST_002|evening_departure_1800,MAD-072,Arapiles,Chamberí,40.44661,-3.692436,DEST_002,Nuevos Ministerios,40.434524118875416,-3.7079105525720095,evening_departure_1800,Salida del destino a las 18:00,from_destination,2026-07-29,2026-07-29T18:00:00+02:00,2026-07-28T18:03:52.201879+02:00,success,3,[],,0.9756940999941436
MAD-072|DEST_003|morning_arrival_0900,MAD-072,Arapiles,Chamberí,40.434524118875416,-3.7079105525720095,DEST_003,UC3M Campus de Leganés,40.331755,-3.765697,morning_arrival_0900,Llegada al destino a las 09:00,to_destination,2026-07-29,2026-07-29T09:00:00+02:00,2026-07-28T18:03:53.178309+02:00,success,3,[],,2.8902027000003727
MAD-072|DEST_003|evening_departure_1800,MAD-072,Arapiles,Chamberí,40.331755,-3.765697,DEST_003,UC3M Campus de Leganés,40.434524118875416,-3.7079105525720095,evening_departure_1800,Salida del destino a las 18:00,from_destination,2026-07-29,2026-07-29T18:00:00+02:00,2026-07-28T18:03:56.068826+02:00,success,3,[],,0.3426019000035012
MAD-073|DEST_001|morning_arrival_0900,MAD-073,Trafalgar,Chamberí,40.43330302647693,-3.701274271809081,DEST_001,Puerta del Sol,40.416775,-3.70379,morning_arrival_0900,Llegada al destino a las 09:00,to_destination,2026-07-29,2026-07-29T09:00:00+02:00,2026-07-28T18:03:56.412906+02:00,success,3,[],,0.936631500007934
MAD-073|DEST_001|evening_departure_1800,MAD-073,Trafalgar,Chamberí,40.416775,-3.70379,DEST_001,Puerta del Sol,40.43330302647693,-3.701274271809081,evening_departure_1800,Salida del destino a las 18:00,from_destination,2026-07-29,2026-07-29T18:00:00+02:00,2026-07-28T18:03:57.350024+02:00,success,3,[],,1.765252099998179
MAD-073|DEST_002|morning_arrival_0900,MAD-073,Trafalgar,Chamberí,40.43330302647693,-3.701274271809081,DEST_002,Nuevos Ministerios,40.44661,-3.692436,morning_arrival_0900,Llegada al destino a las 09:00,to_destination,2026-07-29,2026-07-29T09:00:00+02:00,2026-07-28T18:03:59.178532+02:00,success,3,[],,1.5683844000013778
MAD-073|DEST_002|evening_departure_1800,MAD-073,Trafalgar,Chamberí,40.44661,-3.692436,DEST_002,Nuevos Ministerios,40.43330302647693,-3.701274271809081,evening_departure_1800,Salida del destino a las 18:00,from_destination,2026-07-29,2026-07-29T18:00:00+02:00,2026-07-28T18:04:00.747356+02:00,success,3,[],,1.298510599997826
MAD-073|DEST_003|morning_arrival_0900,MAD-073,Trafalgar,Chamberí,40.43330302647693,-3.701274271809081,DEST_003,UC3M Campus de Leganés,40.331755,-3.765697,morning_arrival_0900,Llegada al destino a las 09:00,to_destination,2026-07-29,2026-07-29T09:00:00+02:00,2026-07-28T18:04:02.046876+02:00,success,3,[],,4.554578499999479
MAD-073|DEST_003|evening_departure_1800,MAD-073,Trafalgar,Chamberí,40.331755,-3.765697,DEST_003,UC3M Campus de Leganés,40.43330302647693,-3.701274271809081,evening_departure_1800,Salida del destino a las 18:00,from_destination,2026-07-29,2026-07-29T18:00:00+02:00,2026-07-28T18:04:06.602130+02:00,success,3,[],,0.5948460000072373
MAD-074|DEST_001|morning_arrival_0900,MAD-074,Almagro,Chamberí,40.43202548217936,-3.6930785245679902,DEST_001,Puerta del Sol,40.416775,-3.70379,morning_arrival_0900,Llegada al destino a las 09:00,to_destination,2026-07-29,2026-07-29T09:00:00+02:00,2026-07-28T18:04:07.198430+02:00,success,3,[],,0.8435732000070857
MAD-074|DEST_001|evening_departure_1800,MAD-074,Almagro,Chamberí,40.416775,-3.70379,DEST_001,Puerta del Sol,40.43202548217936,-3.6930785245679902,evening_departure_1800,Salida del destino a las 18:00,from_destination,2026-07-29,2026-07-29T18:00:00+02:00,2026-07-28T18:04:08.042441+02:00,success,3,[],,1.1334802000055788
MAD-074|DEST_002|morning_arrival_0900,MAD-074,Almagro,Chamberí,40.43202548217936,-3.6930785245679902,DEST_002,Nuevos Ministerios,40.44661,-3.692436,morning_arrival_0900,Llegada al destino a las 09:00,to_destination,2026-07-29,2026-07-29T09:00:00+02:00,2026-07-28T18:04:09.176388+02:00,success,3,[],,1.028443300005165
MAD-074|DEST_002|evening_departure_1800,MAD-074,Almagro,Chamberí,40.44661,-3.692436,DEST_002,Nuevos Ministerios,40.43202548217936,-3.6930785245679902,evening_departure_1800,Salida del destino a las 18:00,from_destination,2026-07-29,2026-07-29T18:00:00+02:00,2026-07-28T18:04:10.205499+02:00,success,3,[],,0.9436740999954054
MAD-074|DEST_003|morning_arrival_0900,MAD-074,Almagro,Chamberí,40.43202548217936,-3.6930785245679902,DEST_003,UC3M Campus de Leganés,40.331755,-3.765697,morning_arrival_0900,Llegada al destino a las 09:00,to_destination,2026-07-29,2026-07-29T09:00:00+02:00,2026-07-28T18:04:11.149792+02:00,success,3,[],,3.1587199000059627
MAD-074|DEST_003|evening_departure_1800,MAD-074,Almagro,Chamberí,40.331755,-3.765697,DEST_003,UC3M Campus de Leganés,40.43202548217936,-3.6930785245679902,evening_departure_1800,Salida del destino a las 18:00,from_destination,2026-07-29,2026-07-29T18:00:00+02:00,2026-07-28T18:04:14.309014+02:00,success,3,[],,0.5232388000003994
MAD-075|DEST_001|morning_arrival_0900,MAD-075,Ríos Rosas,Chamberí,40.44273595479475,-3.697848888052174,DEST_001,Puerta del Sol,40.416775,-3.70379,morning_arrival_0900,Llegada al destino a las 09:00,to_destination,2026-07-29,2026-07-29T09:00:00+02:00,2026-07-28T18:04:14.956334+02:00,success,3,[],,1.575193800003035
MAD-075|DEST_001|evening_departure_1800,MAD-075,Ríos Rosas,Chamberí,40.416775,-3.70379,DEST_001,Puerta del Sol,40.44273595479475,-3.697848888052174,evening_departure_1800,Salida del destino a las 18:00,from_destination,2026-07-29,2026-07-29T18:00:00+02:00,2026-07-28T18:04:16.531921+02:00,success,3,[],,2.613820400001714
MAD-075|DEST_002|morning_arrival_0900,MAD-075,Ríos Rosas,Chamberí,40.44273595479475,-3.697848888052174,DEST_002,Nuevos Ministerios,40.44661,-3.692436,morning_arrival_0900,Llegada al destino a las 09:00,to_destination,2026-07-29,2026-07-29T09:00:00+02:00,2026-07-28T18:04:19.146253+02:00,no_route,0,"[{""code"":""WALKING_BETTER_THAN_TRANSIT"",""description"":""ES-los Origin is within a trivial distance of the destination."",""inputField"":null}]",,0.6904433000017889
MAD-075|DEST_002|evening_departure_1800,MAD-075,Ríos Rosas,Chamberí,40.44661,-3.692436,DEST_002,Nuevos Ministerios,40.44273595479475,-3.697848888052174,evening_departure_1800,Salida del destino a las 18:00,from_destination,2026-07-29,2026-07-29T18:00:00+02:00,2026-07-28T18:04:19.836942+02:00,no_route,0,"[{""code"":""WALKING_BETTER_THAN_TRANSIT"",""description"":""ES-los Origin is within a trivial distance of the destination."",""inputField"":null}]",,0.7843291000026511
MAD-075|DEST_003|morning_arrival_0900,MAD-075,Ríos Rosas,Chamberí,40.44273595479475,-3.697848888052174,DEST_003,UC3M Campus de Leganés,40.331755,-3.765697,morning_arrival_0900,Llegada al destino a las 09:00,to_destination,2026-07-29,2026-07-29T09:00:00+02:00,2026-07-28T18:04:20.621837+02:00,success,3,[],,3.07265990000451
MAD-075|DEST_003|evening_departure_1800,MAD-075,Ríos Rosas,Chamberí,40.331755,-3.765697,DEST_003,UC3M Campus de Leganés,40.44273595479475,-3.697848888052174,evening_departure_1800,Salida del destino a las 18:00,from_destination,2026-07-29,2026-07-29T18:00:00+02:00,2026-07-28T18:04:23.694872+02:00,success,3,[],,0.4079748000076506
MAD-076|DEST_001|morning_arrival_0900,MAD-076,Vallehermoso,Chamberí,40.44248848873004,-3.711512709193333,DEST_001,Puerta del Sol,40.416775,-3.70379,morning_arrival_0900,Llegada al destino a las 09:00,to_destination,2026-07-29,2026-07-29T09:00:00+02:00,2026-07-28T18:04:24.104269+02:00,success,3,[],,1.7332710000046063
MAD-076|DEST_001|evening_departure_1800,MAD-076,Vallehermoso,Chamberí,40.416775,-3.70379,DEST_001,Puerta del Sol,40.44248848873004,-3.711512709193333,evening_departure_1800,Salida del destino a las 18:00,from_destination,2026-07-29,2026-07-29T18:00:00+02:00,2026-07-28T18:04:25.837957+02:00,success,3,[],,2.820684499994968
MAD-076|DEST_002|morning_arrival_0900,MAD-076,Vallehermoso,Chamberí,40.44248848873004,-3.711512709193333,DEST_002,Nuevos Ministerios,40.44661,-3.692436,morning_arrival_0900,Llegada al destino a las 09:00,to_destination,2026-07-29,2026-07-29T09:00:00+02:00,2026-07-28T18:04:28.659259+02:00,success,3,[],,1.5684180999960518
MAD-076|DEST_002|evening_departure_1800,MAD-076,Vallehermoso,Chamberí,40.44661,-3.692436,DEST_002,Nuevos Ministerios,40.44248848873004,-3.711512709193333,evening_departure_1800,Salida del destino a las 18:00,from_destination,2026-07-29,2026-07-29T18:00:00+02:00,2026-07-28T18:04:30.228031+02:00,success,3,[],,1.0652932999946645
MAD-076|DEST_003|morning_arrival_0900,MAD-076,Vallehermoso,Chamberí,40.44248848873004,-3.711512709193333,DEST_003,UC3M Campus de Leganés,40.331755,-3.765697,morning_arrival_0900,Llegada al destino a las 09:00,to_destination,2026-07-29,2026-07-29T09:00:00+02:00,2026-07-28T18:04:31.385527+02:00,success,3,[],,3.124566200000117
MAD-076|DEST_003|evening_departure_1800,MAD-076,Vallehermoso,Chamberí,40.331755,-3.765697,DEST_003,UC3M Campus de Leganés,40.44248848873004,-3.711512709193333,evening_departure_1800,Salida del destino a las 18:00,from_destination,2026-07-29,2026-07-29T18:00:00+02:00,2026-07-28T18:04:34.510731+02:00,success,3,[],,0.3051014999946346
MAD-081|DEST_001|morning_arrival_0900,MAD-081,El Pardo,Fuencarral - El Pardo,40.55585351028824,-3.793384378932627,DEST_001,Puerta del Sol,40.416775,-3.70379,morning_arrival_0900,Llegada al destino a las 09:00,to_destination,2026-07-29,2026-07-29T09:00:00+02:00,2026-07-28T18:04:34.816959+02:00,no_route,0,"[{""code"":""NO_STOPS_IN_RANGE"",""description"":""The location was found, but no stops could be found within the search radius."",""inputField"":""FROM""}]",,0.4606533000041963
MAD-081|DEST_001|evening_departure_1800,MAD-081,El Pardo,Fuencarral - El Pardo,40.416775,-3.70379,DEST_001,Puerta del Sol,40.55585351028824,-3.793384378932627,evening_departure_1800,Salida del destino a las 18:00,from_destination,2026-07-29,2026-07-29T18:00:00+02:00,2026-07-28T18:04:35.277764+02:00,no_route,0,"[{""code"":""NO_STOPS_IN_RANGE"",""description"":""The location was found, but no stops could be found within the search radius."",""inputField"":""TO""}]",,0.4739294000028167
MAD-081|DEST_002|morning_arrival_0900,MAD-081,El Pardo,Fuencarral - El Pardo,40.55585351028824,-3.793384378932627,DEST_002,Nuevos Ministerios,40.44661,-3.692436,morning_arrival_0900,Llegada al destino a las 09:00,to_destination,2026-07-29,2026-07-29T09:00:00+02:00,2026-07-28T18:04:35.752361+02:00,no_route,0,"[{""code"":""NO_STOPS_IN_RANGE"",""description"":""The location was found, but no stops could be found within the search radius."",""inputField"":""FROM""}]",,0.1287424000038299
MAD-081|DEST_002|evening_departure_1800,MAD-081,El Pardo,Fuencarral - El Pardo,40.44661,-3.692436,DEST_002,Nuevos Ministerios,40.55585351028824,-3.793384378932627,evening_departure_1800,Salida del destino a las 18:00,from_destination,2026-07-29,2026-07-29T18:00:00+02:00,2026-07-28T18:04:35.881602+02:00,no_route,0,"[{""code"":""NO_STOPS_IN_RANGE"",""description"":""The location was found, but no stops could be found within the search radius."",""inputField"":""TO""}]",,0.139902399998391
MAD-081|DEST_003|morning_arrival_0900,MAD-081,El Pardo,Fuencarral - El Pardo,40.55585351028824,-3.793384378932627,DEST_003,UC3M Campus de Leganés,40.331755,-3.765697,morning_arrival_0900,Llegada al destino a las 09:00,to_destination,2026-07-29,2026-07-29T09:00:00+02:00,2026-07-28T18:04:36.022052+02:00,no_route,0,"[{""code"":""NO_STOPS_IN_RANGE"",""description"":""The location was found, but no stops could be found within the search radius."",""inputField"":""FROM""}]",,0.0386250999872572
MAD-081|DEST_003|evening_departure_1800,MAD-081,El Pardo,Fuencarral - El Pardo,40.331755,-3.765697,DEST_003,UC3M Campus de Leganés,40.55585351028824,-3.793384378932627,evening_departure_1800,Salida del destino a las 18:00,from_destination,2026-07-29,2026-07-29T18:00:00+02:00,2026-07-28T18:04:36.061010+02:00,no_route,0,"[{""code"":""NO_STOPS_IN_RANGE"",""description"":""The location was found, but no stops could be found within the search radius."",""inputField"":""TO""}]",,0.0370704999950248
MAD-082|DEST_001|morning_arrival_0900,MAD-082,Fuentelarreina,Fuencarral - El Pardo,40.48035584938764,-3.7399533694135534,DEST_001,Puerta del Sol,40.416775,-3.70379,morning_arrival_0900,Llegada al destino a las 09:00,to_destination,2026-07-29,2026-07-29T09:00:00+02:00,2026-07-28T18:04:36.099624+02:00,success,3,[],,0.3161262000066926
MAD-082|DEST_001|evening_departure_1800,MAD-082,Fuentelarreina,Fuencarral - El Pardo,40.416775,-3.70379,DEST_001,Puerta del Sol,40.48035584938764,-3.7399533694135534,evening_departure_1800,Salida del destino a las 18:00,from_destination,2026-07-29,2026-07-29T18:00:00+02:00,2026-07-28T18:04:36.416433+02:00,success,3,[],,0.4978477000113344
MAD-082|DEST_002|morning_arrival_0900,MAD-082,Fuentelarreina,Fuencarral - El Pardo,40.48035584938764,-3.7399533694135534,DEST_002,Nuevos Ministerios,40.44661,-3.692436,morning_arrival_0900,Llegada al destino a las 09:00,to_destination,2026-07-29,2026-07-29T09:00:00+02:00,2026-07-28T18:04:37.062072+02:00,success,3,[],,0.887227500003064
MAD-082|DEST_002|evening_departure_1800,MAD-082,Fuentelarreina,Fuencarral - El Pardo,40.44661,-3.692436,DEST_002,Nuevos Ministerios,40.48035584938764,-3.7399533694135534,evening_departure_1800,Salida del destino a las 18:00,from_destination,2026-07-29,2026-07-29T18:00:00+02:00,2026-07-28T18:04:37.949913+02:00,success,3,[],,1.2777968999871518
MAD-082|DEST_003|morning_arrival_0900,MAD-082,Fuentelarreina,Fuencarral - El Pardo,40.48035584938764,-3.7399533694135534,DEST_003,UC3M Campus de Leganés,40.331755,-3.765697,morning_arrival_0900,Llegada al destino a las 09:00,to_destination,2026-07-29,2026-07-29T09:00:00+02:00,2026-07-28T18:04:39.228261+02:00,success,3,[],,3.014488200002233
MAD-082|DEST_003|evening_departure_1800,MAD-082,Fuentelarreina,Fuencarral - El Pardo,40.331755,-3.765697,DEST_003,UC3M Campus de Leganés,40.48035584938764,-3.7399533694135534,evening_departure_1800,Salida del destino a las 18:00,from_destination,2026-07-29,2026-07-29T18:00:00+02:00,2026-07-28T18:04:42.243069+02:00,success,3,[],,0.6478571999905398
MAD-083|DEST_001|morning_arrival_0900,MAD-083,Peñagrande,Fuencarral - El Pardo,40.47774513210239,-3.727665312685572,DEST_001,Puerta del Sol,40.416775,-3.70379,morning_arrival_0900,Llegada al destino a las 09:00,to_destination,2026-07-29,2026-07-29T09:00:00+02:00,2026-07-28T18:04:42.892058+02:00,success,3,[],,0.2748647999978857
MAD-083|DEST_001|evening_departure_1800,MAD-083,Peñagrande,Fuencarral - El Pardo,40.416775,-3.70379,DEST_001,Puerta del Sol,40.47774513210239,-3.727665312685572,evening_departure_1800,Salida del destino a las 18:00,from_destination,2026-07-29,2026-07-29T18:00:00+02:00,2026-07-28T18:04:43.167415+02:00,success,3,[],,0.28757410000253
MAD-083|DEST_002|morning_arrival_0900,MAD-083,Peñagrande,Fuencarral - El Pardo,40.47774513210239,-3.727665312685572,DEST_002,Nuevos Ministerios,40.44661,-3.692436,morning_arrival_0900,Llegada al destino a las 09:00,to_destination,2026-07-29,2026-07-29T09:00:00+02:00,2026-07-28T18:04:43.455558+02:00,success,3,[],,0.6751083999988623
MAD-083|DEST_002|evening_departure_1800,MAD-083,Peñagrande,Fuencarral - El Pardo,40.44661,-3.692436,DEST_002,Nuevos Ministerios,40.47774513210239,-3.727665312685572,evening_departure_1800,Salida del destino a las 18:00,from_destination,2026-07-29,2026-07-29T18:00:00+02:00,2026-07-28T18:04:44.132310+02:00,success,3,[],,1.3624180000042545
MAD-083|DEST_003|morning_arrival_0900,MAD-083,Peñagrande,Fuencarral - El Pardo,40.47774513210239,-3.727665312685572,DEST_003,UC3M Campus de Leganés,40.331755,-3.765697,morning_arrival_0900,Llegada al destino a las 09:00,to_destination,2026-07-29,2026-07-29T09:00:00+02:00,2026-07-28T18:04:45.495311+02:00,success,3,[],,2.914808899993659
MAD-083|DEST_003|evening_departure_1800,MAD-083,Peñagrande,Fuencarral - El Pardo,40.331755,-3.765697,DEST_003,UC3M Campus de Leganés,40.47774513210239,-3.727665312685572,evening_departure_1800,Salida del destino a las 18:00,from_destination,2026-07-29,2026-07-29T18:00:00+02:00,2026-07-28T18:04:48.410775+02:00,success,3,[],,0.9213215000054332
MAD-084|DEST_001|morning_arrival_0900,MAD-084,Pilar,Fuencarral - El Pardo,40.477002240824845,-3.709837297232115,DEST_001,Puerta del Sol,40.416775,-3.70379,morning_arrival_0900,Llegada al destino a las 09:00,to_destination,2026-07-29,2026-07-29T09:00:00+02:00,2026-07-28T18:04:49.481858+02:00,success,3,[],,0.6793545999971684
MAD-084|DEST_001|evening_departure_1800,MAD-084,Pilar,Fuencarral - El Pardo,40.416775,-3.70379,DEST_001,Puerta del Sol,40.477002240824845,-3.709837297232115,evening_departure_1800,Salida del destino a las 18:00,from_destination,2026-07-29,2026-07-29T18:00:00+02:00,2026-07-28T18:04:50.161648+02:00,success,3,[],,0.7510881000052905
MAD-084|DEST_002|morning_arrival_0900,MAD-084,Pilar,Fuencarral - El Pardo,40.477002240824845,-3.709837297232115,DEST_002,Nuevos Ministerios,40.44661,-3.692436,morning_arrival_0900,Llegada al destino a las 09:00,to_destination,2026-07-29,2026-07-29T09:00:00+02:00,2026-07-28T18:04:50.913484+02:00,success,3,[],,0.7695754000014858
MAD-084|DEST_002|evening_departure_1800,MAD-084,Pilar,Fuencarral - El Pardo,40.44661,-3.692436,DEST_002,Nuevos Ministerios,40.477002240824845,-3.709837297232115,evening_departure_1800,Salida del destino a las 18:00,from_destination,2026-07-29,2026-07-29T18:00:00+02:00,2026-07-28T18:04:51.683617+02:00,success,3,[],,1.0669716999982484
MAD-084|DEST_003|morning_arrival_0900,MAD-084,Pilar,Fuencarral - El Pardo,40.477002240824845,-3.709837297232115,DEST_003,UC3M Campus de Leganés,40.331755,-3.765697,morning_arrival_0900,Llegada al destino a las 09:00,to_destination,2026-07-29,2026-07-29T09:00:00+02:00,2026-07-28T18:04:52.751202+02:00,success,3,[],,4.102866700006416
MAD-084|DEST_003|evening_departure_1800,MAD-084,Pilar,Fuencarral - El Pardo,40.331755,-3.765697,DEST_003,UC3M Campus de Leganés,40.477002240824845,-3.709837297232115,evening_departure_1800,Salida del destino a las 18:00,from_destination,2026-07-29,2026-07-29T18:00:00+02:00,2026-07-28T18:04:56.854984+02:00,success,3,[],,0.7449192000058247
MAD-085|DEST_001|morning_arrival_0900,MAD-085,La Paz,Fuencarral - El Pardo,40.481958679938536,-3.69512568319084,DEST_001,Puerta del Sol,40.416775,-3.70379,morning_arrival_0900,Llegada al destino a las 09:00,to_destination,2026-07-29,2026-07-29T09:00:00+02:00,2026-07-28T18:04:57.601215+02:00,success,3,[],,0.5062786999915261
MAD-085|DEST_001|evening_departure_1800,MAD-085,La Paz,Fuencarral - El Pardo,40.416775,-3.70379,DEST_001,Puerta del Sol,40.481958679938536,-3.69512568319084,evening_departure_1800,Salida del destino a las 18:00,from_destination,2026-07-29,2026-07-29T18:00:00+02:00,2026-07-28T18:04:58.107947+02:00,success,3,[],,0.6344909000035841
MAD-085|DEST_002|morning_arrival_0900,MAD-085,La Paz,Fuencarral - El Pardo,40.481958679938536,-3.69512568319084,DEST_002,Nuevos Ministerios,40.44661,-3.692436,morning_arrival_0900,Llegada al destino a las 09:00,to_destination,2026-07-29,2026-07-29T09:00:00+02:00,2026-07-28T18:04:58.743156+02:00,success,3,[],,0.7297192999976687
MAD-085|DEST_002|evening_departure_1800,MAD-085,La Paz,Fuencarral - El Pardo,40.44661,-3.692436,DEST_002,Nuevos Ministerios,40.481958679938536,-3.69512568319084,evening_departure_1800,Salida del destino a las 18:00,from_destination,2026-07-29,2026-07-29T18:00:00+02:00,2026-07-28T18:04:59.473417+02:00,success,3,[],,1.3382081000017934
MAD-085|DEST_003|morning_arrival_0900,MAD-085,La Paz,Fuencarral - El Pardo,40.481958679938536,-3.69512568319084,DEST_003,UC3M Campus de Leganés,40.331755,-3.765697,morning_arrival_0900,Llegada al destino a las 09:00,to_destination,2026-07-29,2026-07-29T09:00:00+02:00,2026-07-28T18:05:00.897311+02:00,success,3,[],,3.7895453000091934
MAD-085|DEST_003|evening_departure_1800,MAD-085,La Paz,Fuencarral - El Pardo,40.331755,-3.765697,DEST_003,UC3M Campus de Leganés,40.481958679938536,-3.69512568319084,evening_departure_1800,Salida del destino a las 18:00,from_destination,2026-07-29,2026-07-29T18:00:00+02:00,2026-07-28T18:05:04.687317+02:00,success,3,[],,0.7968931000068551
MAD-086|DEST_001|morning_arrival_0900,MAD-086,Valverde,Fuencarral - El Pardo,40.50097863594304,-3.6787354481495713,DEST_001,Puerta del Sol,40.416775,-3.70379,morning_arrival_0900,Llegada al destino a las 09:00,to_destination,2026-07-29,2026-07-29T09:00:00+02:00,2026-07-28T18:05:05.485672+02:00,success,3,[],,0.5617983999982243
MAD-086|DEST_001|evening_departure_1800,MAD-086,Valverde,Fuencarral - El Pardo,40.416775,-3.70379,DEST_001,Puerta del Sol,40.50097863594304,-3.6787354481495713,evening_departure_1800,Salida del destino a las 18:00,from_destination,2026-07-29,2026-07-29T18:00:00+02:00,2026-07-28T18:05:06.048051+02:00,success,3,[],,1.2915630000061356
MAD-086|DEST_002|morning_arrival_0900,MAD-086,Valverde,Fuencarral - El Pardo,40.50097863594304,-3.6787354481495713,DEST_002,Nuevos Ministerios,40.44661,-3.692436,morning_arrival_0900,Llegada al destino a las 09:00,to_destination,2026-07-29,2026-07-29T09:00:00+02:00,2026-07-28T18:05:07.340499+02:00,success,3,[],,0.533044299998437
MAD-086|DEST_002|evening_departure_1800,MAD-086,Valverde,Fuencarral - El Pardo,40.44661,-3.692436,DEST_002,Nuevos Ministerios,40.50097863594304,-3.6787354481495713,evening_departure_1800,Salida del destino a las 18:00,from_destination,2026-07-29,2026-07-29T18:00:00+02:00,2026-07-28T18:05:07.874227+02:00,success,3,[],,0.5258861000038451
MAD-086|DEST_003|morning_arrival_0900,MAD-086,Valverde,Fuencarral - El Pardo,40.50097863594304,-3.6787354481495713,DEST_003,UC3M Campus de Leganés,40.331755,-3.765697,morning_arrival_0900,Llegada al destino a las 09:00,to_destination,2026-07-29,2026-07-29T09:00:00+02:00,2026-07-28T18:05:08.400800+02:00,success,3,[],,3.345622499997262
MAD-086|DEST_003|evening_departure_1800,MAD-086,Valverde,Fuencarral - El Pardo,40.331755,-3.765697,DEST_003,UC3M Campus de Leganés,40.50097863594304,-3.6787354481495713,evening_departure_1800,Salida del destino a las 18:00,from_destination,2026-07-29,2026-07-29T18:00:00+02:00,2026-07-28T18:05:11.746959+02:00,success,3,[],,0.7195663000020431
MAD-087|DEST_001|morning_arrival_0900,MAD-087,Mirasierra,Fuencarral - El Pardo,40.498270261850784,-3.717903364654304,DEST_001,Puerta del Sol,40.416775,-3.70379,morning_arrival_0900,Llegada al destino a las 09:00,to_destination,2026-07-29,2026-07-29T09:00:00+02:00,2026-07-28T18:05:12.467791+02:00,success,3,[],,0.3226523999910569
MAD-087|DEST_001|evening_departure_1800,MAD-087,Mirasierra,Fuencarral - El Pardo,40.416775,-3.70379,DEST_001,Puerta del Sol,40.498270261850784,-3.717903364654304,evening_departure_1800,Salida del destino a las 18:00,from_destination,2026-07-29,2026-07-29T18:00:00+02:00,2026-07-28T18:05:12.790902+02:00,success,3,[],,0.5347200999967754
MAD-087|DEST_002|morning_arrival_0900,MAD-087,Mirasierra,Fuencarral - El Pardo,40.498270261850784,-3.717903364654304,DEST_002,Nuevos Ministerios,40.44661,-3.692436,morning_arrival_0900,Llegada al destino a las 09:00,to_destination,2026-07-29,2026-07-29T09:00:00+02:00,2026-07-28T18:05:13.444966+02:00,success,3,[],,1.026713300001575
MAD-087|DEST_002|evening_departure_1800,MAD-087,Mirasierra,Fuencarral - El Pardo,40.44661,-3.692436,DEST_002,Nuevos Ministerios,40.498270261850784,-3.717903364654304,evening_departure_1800,Salida del destino a las 18:00,from_destination,2026-07-29,2026-07-29T18:00:00+02:00,2026-07-28T18:05:14.472414+02:00,success,3,[],,1.8734875999944047
MAD-087|DEST_003|morning_arrival_0900,MAD-087,Mirasierra,Fuencarral - El Pardo,40.498270261850784,-3.717903364654304,DEST_003,UC3M Campus de Leganés,40.331755,-3.765697,morning_arrival_0900,Llegada al destino a las 09:00,to_destination,2026-07-29,2026-07-29T09:00:00+02:00,2026-07-28T18:05:16.346579+02:00,success,3,[],,3.005995300001814
MAD-087|DEST_003|evening_departure_1800,MAD-087,Mirasierra,Fuencarral - El Pardo,40.331755,-3.765697,DEST_003,UC3M Campus de Leganés,40.498270261850784,-3.717903364654304,evening_departure_1800,Salida del destino a las 18:00,from_destination,2026-07-29,2026-07-29T18:00:00+02:00,2026-07-28T18:05:19.352925+02:00,success,3,[],,0.7143078000081005
MAD-088|DEST_001|morning_arrival_0900,MAD-088,El Goloso,Fuencarral - El Pardo,40.54012475675707,-3.6907914303875975,DEST_001,Puerta del Sol,40.416775,-3.70379,morning_arrival_0900,Llegada al destino a las 09:00,to_destination,2026-07-29,2026-07-29T09:00:00+02:00,2026-07-28T18:05:20.068706+02:00,success,3,[],,0.2232368999975733
MAD-088|DEST_001|evening_departure_1800,MAD-088,El Goloso,Fuencarral - El Pardo,40.416775,-3.70379,DEST_001,Puerta del Sol,40.54012475675707,-3.6907914303875975,evening_departure_1800,Salida del destino a las 18:00,from_destination,2026-07-29,2026-07-29T18:00:00+02:00,2026-07-28T18:05:20.292811+02:00,success,3,[],,0.9987567999924069
MAD-088|DEST_002|morning_arrival_0900,MAD-088,El Goloso,Fuencarral - El Pardo,40.54012475675707,-3.6907914303875975,DEST_002,Nuevos Ministerios,40.44661,-3.692436,morning_arrival_0900,Llegada al destino a las 09:00,to_destination,2026-07-29,2026-07-29T09:00:00+02:00,2026-07-28T18:05:21.292347+02:00,success,3,[],,0.3109467000031145
MAD-088|DEST_002|evening_departure_1800,MAD-088,El Goloso,Fuencarral - El Pardo,40.44661,-3.692436,DEST_002,Nuevos Ministerios,40.54012475675707,-3.6907914303875975,evening_departure_1800,Salida del destino a las 18:00,from_destination,2026-07-29,2026-07-29T18:00:00+02:00,2026-07-28T18:05:21.603720+02:00,success,3,[],,0.4159549999894807
MAD-088|DEST_003|morning_arrival_0900,MAD-088,El Goloso,Fuencarral - El Pardo,40.54012475675707,-3.6907914303875975,DEST_003,UC3M Campus de Leganés,40.331755,-3.765697,morning_arrival_0900,Llegada al destino a las 09:00,to_destination,2026-07-29,2026-07-29T09:00:00+02:00,2026-07-28T18:05:22.020534+02:00,success,1,[],,0.4093004000023938
MAD-088|DEST_003|evening_departure_1800,MAD-088,El Goloso,Fuencarral - El Pardo,40.331755,-3.765697,DEST_003,UC3M Campus de Leganés,40.54012475675707,-3.6907914303875975,evening_departure_1800,Salida del destino a las 18:00,from_destination,2026-07-29,2026-07-29T18:00:00+02:00,2026-07-28T18:05:22.430341+02:00,success,3,[],,0.8961490000074264
MAD-091|DEST_001|morning_arrival_0900,MAD-091,Casa de Campo,Moncloa - Aravaca,40.42391084424862,-3.747420356204335,DEST_001,Puerta del Sol,40.416775,-3.70379,morning_arrival_0900,Llegada al destino a las 09:00,to_destination,2026-07-29,2026-07-29T09:00:00+02:00,2026-07-28T18:05:23.472811+02:00,success,3,[],,0.5033365999988746
MAD-091|DEST_001|evening_departure_1800,MAD-091,Casa de Campo,Moncloa - Aravaca,40.416775,-3.70379,DEST_001,Puerta del Sol,40.42391084424862,-3.747420356204335,evening_departure_1800,Salida del destino a las 18:00,from_destination,2026-07-29,2026-07-29T18:00:00+02:00,2026-07-28T18:05:23.976918+02:00,success,3,[],,0.4522295999922789
MAD-091|DEST_002|morning_arrival_0900,MAD-091,Casa de Campo,Moncloa - Aravaca,40.42391084424862,-3.747420356204335,DEST_002,Nuevos Ministerios,40.44661,-3.692436,morning_arrival_0900,Llegada al destino a las 09:00,to_destination,2026-07-29,2026-07-29T09:00:00+02:00,2026-07-28T18:05:24.429832+02:00,success,3,[],,0.3396468999999342
MAD-091|DEST_002|evening_departure_1800,MAD-091,Casa de Campo,Moncloa - Aravaca,40.44661,-3.692436,DEST_002,Nuevos Ministerios,40.42391084424862,-3.747420356204335,evening_departure_1800,Salida del destino a las 18:00,from_destination,2026-07-29,2026-07-29T18:00:00+02:00,2026-07-28T18:05:24.769785+02:00,success,3,[],,1.300264800011064
MAD-091|DEST_003|morning_arrival_0900,MAD-091,Casa de Campo,Moncloa - Aravaca,40.42391084424862,-3.747420356204335,DEST_003,UC3M Campus de Leganés,40.331755,-3.765697,morning_arrival_0900,Llegada al destino a las 09:00,to_destination,2026-07-29,2026-07-29T09:00:00+02:00,2026-07-28T18:05:26.070979+02:00,success,3,[],,0.5405515000020387
MAD-091|DEST_003|evening_departure_1800,MAD-091,Casa de Campo,Moncloa - Aravaca,40.331755,-3.765697,DEST_003,UC3M Campus de Leganés,40.42391084424862,-3.747420356204335,evening_departure_1800,Salida del destino a las 18:00,from_destination,2026-07-29,2026-07-29T18:00:00+02:00,2026-07-28T18:05:26.611837+02:00,success,3,[],,0.2568103999947198
MAD-092|DEST_001|morning_arrival_0900,MAD-092,Argüelles,Moncloa - Aravaca,40.42803216904544,-3.717598084599489,DEST_001,Puerta del Sol,40.416775,-3.70379,morning_arrival_0900,Llegada al destino a las 09:00,to_destination,2026-07-29,2026-07-29T09:00:00+02:00,2026-07-28T18:05:26.869827+02:00,success,3,[],,0.8196070999983931
MAD-092|DEST_001|evening_departure_1800,MAD-092,Argüelles,Moncloa - Aravaca,40.416775,-3.70379,DEST_001,Puerta del Sol,40.42803216904544,-3.717598084599489,evening_departure_1800,Salida del destino a las 18:00,from_destination,2026-07-29,2026-07-29T18:00:00+02:00,2026-07-28T18:05:27.689741+02:00,no_route,0,"[{""code"":""WALKING_BETTER_THAN_TRANSIT"",""description"":""ES-los Origin is within a trivial distance of the destination."",""inputField"":null}]",,2.8303956000017934
MAD-092|DEST_002|morning_arrival_0900,MAD-092,Argüelles,Moncloa - Aravaca,40.42803216904544,-3.717598084599489,DEST_002,Nuevos Ministerios,40.44661,-3.692436,morning_arrival_0900,Llegada al destino a las 09:00,to_destination,2026-07-29,2026-07-29T09:00:00+02:00,2026-07-28T18:05:30.520947+02:00,success,3,[],,1.1763472000020556
MAD-092|DEST_002|evening_departure_1800,MAD-092,Argüelles,Moncloa - Aravaca,40.44661,-3.692436,DEST_002,Nuevos Ministerios,40.42803216904544,-3.717598084599489,evening_departure_1800,Salida del destino a las 18:00,from_destination,2026-07-29,2026-07-29T18:00:00+02:00,2026-07-28T18:05:31.698133+02:00,success,3,[],,0.7107914999942295
MAD-092|DEST_003|morning_arrival_0900,MAD-092,Argüelles,Moncloa - Aravaca,40.42803216904544,-3.717598084599489,DEST_003,UC3M Campus de Leganés,40.331755,-3.765697,morning_arrival_0900,Llegada al destino a las 09:00,to_destination,2026-07-29,2026-07-29T09:00:00+02:00,2026-07-28T18:05:32.544940+02:00,success,3,[],,1.4582245999918086
MAD-092|DEST_003|evening_departure_1800,MAD-092,Argüelles,Moncloa - Aravaca,40.331755,-3.765697,DEST_003,UC3M Campus de Leganés,40.42803216904544,-3.717598084599489,evening_departure_1800,Salida del destino a las 18:00,from_destination,2026-07-29,2026-07-29T18:00:00+02:00,2026-07-28T18:05:34.003661+02:00,success,3,[],,0.2950448999908985
MAD-093|DEST_001|morning_arrival_0900,MAD-093,Ciudad Universitaria,Moncloa - Aravaca,40.45682782463693,-3.735862032518402,DEST_001,Puerta del Sol,40.416775,-3.70379,morning_arrival_0900,Llegada al destino a las 09:00,to_destination,2026-07-29,2026-07-29T09:00:00+02:00,2026-07-28T18:05:34.299907+02:00,success,3,[],,0.6126826999970945
MAD-093|DEST_001|evening_departure_1800,MAD-093,Ciudad Universitaria,Moncloa - Aravaca,40.416775,-3.70379,DEST_001,Puerta del Sol,40.45682782463693,-3.735862032518402,evening_departure_1800,Salida del destino a las 18:00,from_destination,2026-07-29,2026-07-29T18:00:00+02:00,2026-07-28T18:05:34.912889+02:00,success,3,[],,0.5325511999981245
MAD-093|DEST_002|morning_arrival_0900,MAD-093,Ciudad Universitaria,Moncloa - Aravaca,40.45682782463693,-3.735862032518402,DEST_002,Nuevos Ministerios,40.44661,-3.692436,morning_arrival_0900,Llegada al destino a las 09:00,to_destination,2026-07-29,2026-07-29T09:00:00+02:00,2026-07-28T18:05:35.446404+02:00,success,3,[],,0.2932127000094624
MAD-093|DEST_002|evening_departure_1800,MAD-093,Ciudad Universitaria,Moncloa - Aravaca,40.44661,-3.692436,DEST_002,Nuevos Ministerios,40.45682782463693,-3.735862032518402,evening_departure_1800,Salida del destino a las 18:00,from_destination,2026-07-29,2026-07-29T18:00:00+02:00,2026-07-28T18:05:35.740266+02:00,success,3,[],,0.6109381999995094
MAD-093|DEST_003|morning_arrival_0900,MAD-093,Ciudad Universitaria,Moncloa - Aravaca,40.45682782463693,-3.735862032518402,DEST_003,UC3M Campus de Leganés,40.331755,-3.765697,morning_arrival_0900,Llegada al destino a las 09:00,to_destination,2026-07-29,2026-07-29T09:00:00+02:00,2026-07-28T18:05:36.351849+02:00,success,3,[],,3.776505799993174
MAD-093|DEST_003|evening_departure_1800,MAD-093,Ciudad Universitaria,Moncloa - Aravaca,40.331755,-3.765697,DEST_003,UC3M Campus de Leganés,40.45682782463693,-3.735862032518402,evening_departure_1800,Salida del destino a las 18:00,from_destination,2026-07-29,2026-07-29T18:00:00+02:00,2026-07-28T18:05:40.129123+02:00,success,3,[],,0.9359183000051416
MAD-094|DEST_001|morning_arrival_0900,MAD-094,Valdezarza,Moncloa - Aravaca,40.46512683125214,-3.716945272936079,DEST_001,Puerta del Sol,40.416775,-3.70379,morning_arrival_0900,Llegada al destino a las 09:00,to_destination,2026-07-29,2026-07-29T09:00:00+02:00,2026-07-28T18:05:41.066414+02:00,success,3,[],,1.1134363999881316
MAD-094|DEST_001|evening_departure_1800,MAD-094,Valdezarza,Moncloa - Aravaca,40.416775,-3.70379,DEST_001,Puerta del Sol,40.46512683125214,-3.716945272936079,evening_departure_1800,Salida del destino a las 18:00,from_destination,2026-07-29,2026-07-29T18:00:00+02:00,2026-07-28T18:05:42.180351+02:00,success,3,[],,1.393159299987019
MAD-094|DEST_002|morning_arrival_0900,MAD-094,Valdezarza,Moncloa - Aravaca,40.46512683125214,-3.716945272936079,DEST_002,Nuevos Ministerios,40.44661,-3.692436,morning_arrival_0900,Llegada al destino a las 09:00,to_destination,2026-07-29,2026-07-29T09:00:00+02:00,2026-07-28T18:05:43.729030+02:00,success,3,[],,1.1357637000037355
MAD-094|DEST_002|evening_departure_1800,MAD-094,Valdezarza,Moncloa - Aravaca,40.44661,-3.692436,DEST_002,Nuevos Ministerios,40.46512683125214,-3.716945272936079,evening_departure_1800,Salida del destino a las 18:00,from_destination,2026-07-29,2026-07-29T18:00:00+02:00,2026-07-28T18:05:44.865183+02:00,success,3,[],,1.0899272999959069
MAD-094|DEST_003|morning_arrival_0900,MAD-094,Valdezarza,Moncloa - Aravaca,40.46512683125214,-3.716945272936079,DEST_003,UC3M Campus de Leganés,40.331755,-3.765697,morning_arrival_0900,Llegada al destino a las 09:00,to_destination,2026-07-29,2026-07-29T09:00:00+02:00,2026-07-28T18:05:45.955620+02:00,success,3,[],,4.555936799995834
MAD-094|DEST_003|evening_departure_1800,MAD-094,Valdezarza,Moncloa - Aravaca,40.331755,-3.765697,DEST_003,UC3M Campus de Leganés,40.46512683125214,-3.716945272936079,evening_departure_1800,Salida del destino a las 18:00,from_destination,2026-07-29,2026-07-29T18:00:00+02:00,2026-07-28T18:05:50.512298+02:00,success,3,[],,0.7264687999995658
MAD-095|DEST_001|morning_arrival_0900,MAD-095,Valdemarín,Moncloa - Aravaca,40.46823519636445,-3.782679485467604,DEST_001,Puerta del Sol,40.416775,-3.70379,morning_arrival_0900,Llegada al destino a las 09:00,to_destination,2026-07-29,2026-07-29T09:00:00+02:00,2026-07-28T18:05:51.240067+02:00,success,3,[],,0.319693700002972
MAD-095|DEST_001|evening_departure_1800,MAD-095,Valdemarín,Moncloa - Aravaca,40.416775,-3.70379,DEST_001,Puerta del Sol,40.46823519636445,-3.782679485467604,evening_departure_1800,Salida del destino a las 18:00,from_destination,2026-07-29,2026-07-29T18:00:00+02:00,2026-07-28T18:05:51.560162+02:00,success,3,[],,1.5182235999964178
MAD-095|DEST_002|morning_arrival_0900,MAD-095,Valdemarín,Moncloa - Aravaca,40.46823519636445,-3.782679485467604,DEST_002,Nuevos Ministerios,40.44661,-3.692436,morning_arrival_0900,Llegada al destino a las 09:00,to_destination,2026-07-29,2026-07-29T09:00:00+02:00,2026-07-28T18:05:53.079178+02:00,success,3,[],,0.3190852999978233
MAD-095|DEST_002|evening_departure_1800,MAD-095,Valdemarín,Moncloa - Aravaca,40.44661,-3.692436,DEST_002,Nuevos Ministerios,40.46823519636445,-3.782679485467604,evening_departure_1800,Salida del destino a las 18:00,from_destination,2026-07-29,2026-07-29T18:00:00+02:00,2026-07-28T18:05:53.398806+02:00,success,3,[],,1.7104650999972364
MAD-095|DEST_003|morning_arrival_0900,MAD-095,Valdemarín,Moncloa - Aravaca,40.46823519636445,-3.782679485467604,DEST_003,UC3M Campus de Leganés,40.331755,-3.765697,morning_arrival_0900,Llegada al destino a las 09:00,to_destination,2026-07-29,2026-07-29T09:00:00+02:00,2026-07-28T18:05:55.109984+02:00,success,3,[],,1.260224700003164
MAD-095|DEST_003|evening_departure_1800,MAD-095,Valdemarín,Moncloa - Aravaca,40.331755,-3.765697,DEST_003,UC3M Campus de Leganés,40.46823519636445,-3.782679485467604,evening_departure_1800,Salida del destino a las 18:00,from_destination,2026-07-29,2026-07-29T18:00:00+02:00,2026-07-28T18:05:56.371197+02:00,success,3,[],,0.5593462000106229
MAD-096|DEST_001|morning_arrival_0900,MAD-096,El Plantío,Moncloa - Aravaca,40.46919306562863,-3.819408117875228,DEST_001,Puerta del Sol,40.416775,-3.70379,morning_arrival_0900,Llegada al destino a las 09:00,to_destination,2026-07-29,2026-07-29T09:00:00+02:00,2026-07-28T18:05:57.069993+02:00,success,3,[],,0.5027942999877268
MAD-096|DEST_001|evening_departure_1800,MAD-096,El Plantío,Moncloa - Aravaca,40.416775,-3.70379,DEST_001,Puerta del Sol,40.46919306562863,-3.819408117875228,evening_departure_1800,Salida del destino a las 18:00,from_destination,2026-07-29,2026-07-29T18:00:00+02:00,2026-07-28T18:05:57.573181+02:00,success,3,[],,1.094751900003757
MAD-096|DEST_002|morning_arrival_0900,MAD-096,El Plantío,Moncloa - Aravaca,40.46919306562863,-3.819408117875228,DEST_002,Nuevos Ministerios,40.44661,-3.692436,morning_arrival_0900,Llegada al destino a las 09:00,to_destination,2026-07-29,2026-07-29T09:00:00+02:00,2026-07-28T18:05:58.668670+02:00,success,3,[],,0.9930165999976452
MAD-096|DEST_002|evening_departure_1800,MAD-096,El Plantío,Moncloa - Aravaca,40.44661,-3.692436,DEST_002,Nuevos Ministerios,40.46919306562863,-3.819408117875228,evening_departure_1800,Salida del destino a las 18:00,from_destination,2026-07-29,2026-07-29T18:00:00+02:00,2026-07-28T18:05:59.662452+02:00,success,3,[],,2.4415198999922723
MAD-096|DEST_003|morning_arrival_0900,MAD-096,El Plantío,Moncloa - Aravaca,40.46919306562863,-3.819408117875228,DEST_003,UC3M Campus de Leganés,40.331755,-3.765697,morning_arrival_0900,Llegada al destino a las 09:00,to_destination,2026-07-29,2026-07-29T09:00:00+02:00,2026-07-28T18:06:02.105446+02:00,success,2,[],,1.1405551000061678
MAD-096|DEST_003|evening_departure_1800,MAD-096,El Plantío,Moncloa - Aravaca,40.331755,-3.765697,DEST_003,UC3M Campus de Leganés,40.46919306562863,-3.819408117875228,evening_departure_1800,Salida del destino a las 18:00,from_destination,2026-07-29,2026-07-29T18:00:00+02:00,2026-07-28T18:06:03.246454+02:00,success,3,[],,0.5649434000079054
MAD-097|DEST_001|morning_arrival_0900,MAD-097,Aravaca,Moncloa - Aravaca,40.454137000278045,-3.7757237850822287,DEST_001,Puerta del Sol,40.416775,-3.70379,morning_arrival_0900,Llegada al destino a las 09:00,to_destination,2026-07-29,2026-07-29T09:00:00+02:00,2026-07-28T18:06:03.812657+02:00,success,3,[],,0.3378050000028452
MAD-097|DEST_001|evening_departure_1800,MAD-097,Aravaca,Moncloa - Aravaca,40.416775,-3.70379,DEST_001,Puerta del Sol,40.454137000278045,-3.7757237850822287,evening_departure_1800,Salida del destino a las 18:00,from_destination,2026-07-29,2026-07-29T18:00:00+02:00,2026-07-28T18:06:04.150867+02:00,success,3,[],,1.3919170000008307
MAD-097|DEST_002|morning_arrival_0900,MAD-097,Aravaca,Moncloa - Aravaca,40.454137000278045,-3.7757237850822287,DEST_002,Nuevos Ministerios,40.44661,-3.692436,morning_arrival_0900,Llegada al destino a las 09:00,to_destination,2026-07-29,2026-07-29T09:00:00+02:00,2026-07-28T18:06:05.543568+02:00,success,3,[],,0.8445134999928996
MAD-097|DEST_002|evening_departure_1800,MAD-097,Aravaca,Moncloa - Aravaca,40.44661,-3.692436,DEST_002,Nuevos Ministerios,40.454137000278045,-3.7757237850822287,evening_departure_1800,Salida del destino a las 18:00,from_destination,2026-07-29,2026-07-29T18:00:00+02:00,2026-07-28T18:06:06.388620+02:00,success,3,[],,1.2534414999972796
MAD-097|DEST_003|morning_arrival_0900,MAD-097,Aravaca,Moncloa - Aravaca,40.454137000278045,-3.7757237850822287,DEST_003,UC3M Campus de Leganés,40.331755,-3.765697,morning_arrival_0900,Llegada al destino a las 09:00,to_destination,2026-07-29,2026-07-29T09:00:00+02:00,2026-07-28T18:06:07.805425+02:00,success,3,[],,0.4510106999950949
MAD-097|DEST_003|evening_departure_1800,MAD-097,Aravaca,Moncloa - Aravaca,40.331755,-3.765697,DEST_003,UC3M Campus de Leganés,40.454137000278045,-3.7757237850822287,evening_departure_1800,Salida del destino a las 18:00,from_destination,2026-07-29,2026-07-29T18:00:00+02:00,2026-07-28T18:06:08.257124+02:00,success,3,[],,0.2879716999887023
MAD-101|DEST_001|morning_arrival_0900,MAD-101,Los Cármenes,Latina,40.40094661258415,-3.738093272541695,DEST_001,Puerta del Sol,40.416775,-3.70379,morning_arrival_0900,Llegada al destino a las 09:00,to_destination,2026-07-29,2026-07-29T09:00:00+02:00,2026-07-28T18:06:08.546934+02:00,success,3,[],,0.5362181000091368
MAD-101|DEST_001|evening_departure_1800,MAD-101,Los Cármenes,Latina,40.416775,-3.70379,DEST_001,Puerta del Sol,40.40094661258415,-3.738093272541695,evening_departure_1800,Salida del destino a las 18:00,from_destination,2026-07-29,2026-07-29T18:00:00+02:00,2026-07-28T18:06:09.083552+02:00,success,3,[],,1.9598419000103604
MAD-101|DEST_002|morning_arrival_0900,MAD-101,Los Cármenes,Latina,40.40094661258415,-3.738093272541695,DEST_002,Nuevos Ministerios,40.44661,-3.692436,morning_arrival_0900,Llegada al destino a las 09:00,to_destination,2026-07-29,2026-07-29T09:00:00+02:00,2026-07-28T18:06:11.044144+02:00,success,3,[],,1.4744726000062656
MAD-101|DEST_002|evening_departure_1800,MAD-101,Los Cármenes,Latina,40.44661,-3.692436,DEST_002,Nuevos Ministerios,40.40094661258415,-3.738093272541695,evening_departure_1800,Salida del destino a las 18:00,from_destination,2026-07-29,2026-07-29T18:00:00+02:00,2026-07-28T18:06:12.519097+02:00,success,3,[],,2.1749019999988377
MAD-101|DEST_003|morning_arrival_0900,MAD-101,Los Cármenes,Latina,40.40094661258415,-3.738093272541695,DEST_003,UC3M Campus de Leganés,40.331755,-3.765697,morning_arrival_0900,Llegada al destino a las 09:00,to_destination,2026-07-29,2026-07-29T09:00:00+02:00,2026-07-28T18:06:14.694834+02:00,success,3,[],,0.3959676000085892
MAD-101|DEST_003|evening_departure_1800,MAD-101,Los Cármenes,Latina,40.331755,-3.765697,DEST_003,UC3M Campus de Leganés,40.40094661258415,-3.738093272541695,evening_departure_1800,Salida del destino a las 18:00,from_destination,2026-07-29,2026-07-29T18:00:00+02:00,2026-07-28T18:06:15.091386+02:00,success,3,[],,0.2003953000094043
MAD-102|DEST_001|morning_arrival_0900,MAD-102,Puerta del Ángel,Latina,40.4101890810885,-3.731245463010738,DEST_001,Puerta del Sol,40.416775,-3.70379,morning_arrival_0900,Llegada al destino a las 09:00,to_destination,2026-07-29,2026-07-29T09:00:00+02:00,2026-07-28T18:06:15.293061+02:00,success,3,[],,0.7746277999976883
MAD-102|DEST_001|evening_departure_1800,MAD-102,Puerta del Ángel,Latina,40.416775,-3.70379,DEST_001,Puerta del Sol,40.4101890810885,-3.731245463010738,evening_departure_1800,Salida del destino a las 18:00,from_destination,2026-07-29,2026-07-29T18:00:00+02:00,2026-07-28T18:06:16.068222+02:00,success,3,[],,0.9306718000007096
MAD-102|DEST_002|morning_arrival_0900,MAD-102,Puerta del Ángel,Latina,40.4101890810885,-3.731245463010738,DEST_002,Nuevos Ministerios,40.44661,-3.692436,morning_arrival_0900,Llegada al destino a las 09:00,to_destination,2026-07-29,2026-07-29T09:00:00+02:00,2026-07-28T18:06:17.171128+02:00,success,3,[],,1.3144276999955764
MAD-102|DEST_002|evening_departure_1800,MAD-102,Puerta del Ángel,Latina,40.44661,-3.692436,DEST_002,Nuevos Ministerios,40.4101890810885,-3.731245463010738,evening_departure_1800,Salida del destino a las 18:00,from_destination,2026-07-29,2026-07-29T18:00:00+02:00,2026-07-28T18:06:18.486031+02:00,success,3,[],,1.1456862000050023
MAD-102|DEST_003|morning_arrival_0900,MAD-102,Puerta del Ángel,Latina,40.4101890810885,-3.731245463010738,DEST_003,UC3M Campus de Leganés,40.331755,-3.765697,morning_arrival_0900,Llegada al destino a las 09:00,to_destination,2026-07-29,2026-07-29T09:00:00+02:00,2026-07-28T18:06:19.632397+02:00,success,3,[],,0.7683133999962592
MAD-102|DEST_003|evening_departure_1800,MAD-102,Puerta del Ángel,Latina,40.331755,-3.765697,DEST_003,UC3M Campus de Leganés,40.4101890810885,-3.731245463010738,evening_departure_1800,Salida del destino a las 18:00,from_destination,2026-07-29,2026-07-29T18:00:00+02:00,2026-07-28T18:06:20.401283+02:00,success,3,[],,0.290591900004074
MAD-103|DEST_001|morning_arrival_0900,MAD-103,Lucero,Latina,40.402527511957175,-3.752699427749561,DEST_001,Puerta del Sol,40.416775,-3.70379,morning_arrival_0900,Llegada al destino a las 09:00,to_destination,2026-07-29,2026-07-29T09:00:00+02:00,2026-07-28T18:06:20.693445+02:00,success,3,[],,0.4586645000090357
MAD-103|DEST_001|evening_departure_1800,MAD-103,Lucero,Latina,40.416775,-3.70379,DEST_001,Puerta del Sol,40.402527511957175,-3.752699427749561,evening_departure_1800,Salida del destino a las 18:00,from_destination,2026-07-29,2026-07-29T18:00:00+02:00,2026-07-28T18:06:21.152669+02:00,success,3,[],,0.8407261999964248
MAD-103|DEST_002|morning_arrival_0900,MAD-103,Lucero,Latina,40.402527511957175,-3.752699427749561,DEST_002,Nuevos Ministerios,40.44661,-3.692436,morning_arrival_0900,Llegada al destino a las 09:00,to_destination,2026-07-29,2026-07-29T09:00:00+02:00,2026-07-28T18:06:21.993982+02:00,success,3,[],,2.6718388000008417
MAD-103|DEST_002|evening_departure_1800,MAD-103,Lucero,Latina,40.44661,-3.692436,DEST_002,Nuevos Ministerios,40.402527511957175,-3.752699427749561,evening_departure_1800,Salida del destino a las 18:00,from_destination,2026-07-29,2026-07-29T18:00:00+02:00,2026-07-28T18:06:24.666319+02:00,success,3,[],,2.274425199997495
MAD-103|DEST_003|morning_arrival_0900,MAD-103,Lucero,Latina,40.402527511957175,-3.752699427749561,DEST_003,UC3M Campus de Leganés,40.331755,-3.765697,morning_arrival_0900,Llegada al destino a las 09:00,to_destination,2026-07-29,2026-07-29T09:00:00+02:00,2026-07-28T18:06:26.941471+02:00,success,3,[],,0.3314763000089442
MAD-103|DEST_003|evening_departure_1800,MAD-103,Lucero,Latina,40.331755,-3.765697,DEST_003,UC3M Campus de Leganés,40.402527511957175,-3.752699427749561,evening_departure_1800,Salida del destino a las 18:00,from_destination,2026-07-29,2026-07-29T18:00:00+02:00,2026-07-28T18:06:27.273348+02:00,success,3,[],,0.1964770000049611
MAD-105|DEST_001|morning_arrival_0900,MAD-105,Campamento,Latina,40.38192386717164,-3.80540811108744,DEST_001,Puerta del Sol,40.416775,-3.70379,morning_arrival_0900,Llegada al destino a las 09:00,to_destination,2026-07-29,2026-07-29T09:00:00+02:00,2026-07-28T18:06:27.627852+02:00,no_route,0,"[{""code"":""NO_TRANSIT_CONNECTION_IN_SEARCH_WINDOW"",""description"":""ES-los trip is not possible.  Please check that you plan is within the bound of the map."",""inputField"":""DATE_TIME""}]",,0.3299542000022484
MAD-105|DEST_001|evening_departure_1800,MAD-105,Campamento,Latina,40.416775,-3.70379,DEST_001,Puerta del Sol,40.38192386717164,-3.80540811108744,evening_departure_1800,Salida del destino a las 18:00,from_destination,2026-07-29,2026-07-29T18:00:00+02:00,2026-07-28T18:06:27.958090+02:00,success,3,[],,1.7984192000003532
MAD-105|DEST_002|morning_arrival_0900,MAD-105,Campamento,Latina,40.38192386717164,-3.80540811108744,DEST_002,Nuevos Ministerios,40.44661,-3.692436,morning_arrival_0900,Llegada al destino a las 09:00,to_destination,2026-07-29,2026-07-29T09:00:00+02:00,2026-07-28T18:06:29.757217+02:00,success,3,[],,1.5803612000017893
MAD-105|DEST_002|evening_departure_1800,MAD-105,Campamento,Latina,40.44661,-3.692436,DEST_002,Nuevos Ministerios,40.38192386717164,-3.80540811108744,evening_departure_1800,Salida del destino a las 18:00,from_destination,2026-07-29,2026-07-29T18:00:00+02:00,2026-07-28T18:06:31.338397+02:00,success,3,[],,4.808809900001506
MAD-105|DEST_003|morning_arrival_0900,MAD-105,Campamento,Latina,40.38192386717164,-3.80540811108744,DEST_003,UC3M Campus de Leganés,40.331755,-3.765697,morning_arrival_0900,Llegada al destino a las 09:00,to_destination,2026-07-29,2026-07-29T09:00:00+02:00,2026-07-28T18:06:36.147872+02:00,success,1,[],,0.1447503000090364
MAD-105|DEST_003|evening_departure_1800,MAD-105,Campamento,Latina,40.331755,-3.765697,DEST_003,UC3M Campus de Leganés,40.38192386717164,-3.80540811108744,evening_departure_1800,Salida del destino a las 18:00,from_destination,2026-07-29,2026-07-29T18:00:00+02:00,2026-07-28T18:06:36.293073+02:00,success,3,[],,0.1780143999931169
MAD-106|DEST_001|morning_arrival_0900,MAD-106,Cuatro Vientos,Latina,40.36980784477177,-3.782932848860952,DEST_001,Puerta del Sol,40.416775,-3.70379,morning_arrival_0900,Llegada al destino a las 09:00,to_destination,2026-07-29,2026-07-29T09:00:00+02:00,2026-07-28T18:06:36.472358+02:00,success,3,[],,0.2902170000015758
MAD-106|DEST_001|evening_departure_1800,MAD-106,Cuatro Vientos,Latina,40.416775,-3.70379,DEST_001,Puerta del Sol,40.36980784477177,-3.782932848860952,evening_departure_1800,Salida del destino a las 18:00,from_destination,2026-07-29,2026-07-29T18:00:00+02:00,2026-07-28T18:06:36.763008+02:00,success,3,[],,1.3188701000035508
MAD-106|DEST_002|morning_arrival_0900,MAD-106,Cuatro Vientos,Latina,40.36980784477177,-3.782932848860952,DEST_002,Nuevos Ministerios,40.44661,-3.692436,morning_arrival_0900,Llegada al destino a las 09:00,to_destination,2026-07-29,2026-07-29T09:00:00+02:00,2026-07-28T18:06:38.082432+02:00,success,3,[],,1.493049800003064
MAD-106|DEST_002|evening_departure_1800,MAD-106,Cuatro Vientos,Latina,40.44661,-3.692436,DEST_002,Nuevos Ministerios,40.36980784477177,-3.782932848860952,evening_departure_1800,Salida del destino a las 18:00,from_destination,2026-07-29,2026-07-29T18:00:00+02:00,2026-07-28T18:06:39.575914+02:00,success,3,[],,3.8575180000043474
MAD-106|DEST_003|morning_arrival_0900,MAD-106,Cuatro Vientos,Latina,40.36980784477177,-3.782932848860952,DEST_003,UC3M Campus de Leganés,40.331755,-3.765697,morning_arrival_0900,Llegada al destino a las 09:00,to_destination,2026-07-29,2026-07-29T09:00:00+02:00,2026-07-28T18:06:43.600422+02:00,success,3,[],,0.0976330999983474
MAD-106|DEST_003|evening_departure_1800,MAD-106,Cuatro Vientos,Latina,40.331755,-3.765697,DEST_003,UC3M Campus de Leganés,40.36980784477177,-3.782932848860952,evening_departure_1800,Salida del destino a las 18:00,from_destination,2026-07-29,2026-07-29T18:00:00+02:00,2026-07-28T18:06:43.698553+02:00,success,3,[],,0.1102485000010347
MAD-107|DEST_001|morning_arrival_0900,MAD-107,Águilas,Latina,40.38334248430787,-3.77229356827154,DEST_001,Puerta del Sol,40.416775,-3.70379,morning_arrival_0900,Llegada al destino a las 09:00,to_destination,2026-07-29,2026-07-29T09:00:00+02:00,2026-07-28T18:06:43.809921+02:00,success,3,[],,0.4894266999908723
MAD-107|DEST_001|evening_departure_1800,MAD-107,Águilas,Latina,40.416775,-3.70379,DEST_001,Puerta del Sol,40.38334248430787,-3.77229356827154,evening_departure_1800,Salida del destino a las 18:00,from_destination,2026-07-29,2026-07-29T18:00:00+02:00,2026-07-28T18:06:44.299746+02:00,success,3,[],,1.0074678000091808
MAD-107|DEST_002|morning_arrival_0900,MAD-107,Águilas,Latina,40.38334248430787,-3.77229356827154,DEST_002,Nuevos Ministerios,40.44661,-3.692436,morning_arrival_0900,Llegada al destino a las 09:00,to_destination,2026-07-29,2026-07-29T09:00:00+02:00,2026-07-28T18:06:45.307948+02:00,success,3,[],,1.7480381000059424
MAD-107|DEST_002|evening_departure_1800,MAD-107,Águilas,Latina,40.44661,-3.692436,DEST_002,Nuevos Ministerios,40.38334248430787,-3.77229356827154,evening_departure_1800,Salida del destino a las 18:00,from_destination,2026-07-29,2026-07-29T18:00:00+02:00,2026-07-28T18:06:47.056457+02:00,success,3,[],,2.5629737000126624
MAD-107|DEST_003|morning_arrival_0900,MAD-107,Águilas,Latina,40.38334248430787,-3.77229356827154,DEST_003,UC3M Campus de Leganés,40.331755,-3.765697,morning_arrival_0900,Llegada al destino a las 09:00,to_destination,2026-07-29,2026-07-29T09:00:00+02:00,2026-07-28T18:06:49.620146+02:00,success,3,[],,0.1568365999992238
MAD-107|DEST_003|evening_departure_1800,MAD-107,Águilas,Latina,40.331755,-3.765697,DEST_003,UC3M Campus de Leganés,40.38334248430787,-3.77229356827154,evening_departure_1800,Salida del destino a las 18:00,from_destination,2026-07-29,2026-07-29T18:00:00+02:00,2026-07-28T18:06:49.777569+02:00,success,3,[],,0.131041999993613
MAD-111|DEST_001|morning_arrival_0900,MAD-111,Comillas,Carabanchel,40.39246892488969,-3.711134261560546,DEST_001,Puerta del Sol,40.416775,-3.70379,morning_arrival_0900,Llegada al destino a las 09:00,to_destination,2026-07-29,2026-07-29T09:00:00+02:00,2026-07-28T18:06:49.909733+02:00,success,3,[],,0.8058191000018269
MAD-111|DEST_001|evening_departure_1800,MAD-111,Comillas,Carabanchel,40.416775,-3.70379,DEST_001,Puerta del Sol,40.39246892488969,-3.711134261560546,evening_departure_1800,Salida del destino a las 18:00,from_destination,2026-07-29,2026-07-29T18:00:00+02:00,2026-07-28T18:06:50.715994+02:00,success,3,[],,2.186447000000044
MAD-111|DEST_002|morning_arrival_0900,MAD-111,Comillas,Carabanchel,40.39246892488969,-3.711134261560546,DEST_002,Nuevos Ministerios,40.44661,-3.692436,morning_arrival_0900,Llegada al destino a las 09:00,to_destination,2026-07-29,2026-07-29T09:00:00+02:00,2026-07-28T18:06:53.118061+02:00,success,3,[],,0.6370468999957666
MAD-111|DEST_002|evening_departure_1800,MAD-111,Comillas,Carabanchel,40.44661,-3.692436,DEST_002,Nuevos Ministerios,40.39246892488969,-3.711134261560546,evening_departure_1800,Salida del destino a las 18:00,from_destination,2026-07-29,2026-07-29T18:00:00+02:00,2026-07-28T18:06:53.755613+02:00,success,3,[],,0.9965686999930768
MAD-111|DEST_003|morning_arrival_0900,MAD-111,Comillas,Carabanchel,40.39246892488969,-3.711134261560546,DEST_003,UC3M Campus de Leganés,40.331755,-3.765697,morning_arrival_0900,Llegada al destino a las 09:00,to_destination,2026-07-29,2026-07-29T09:00:00+02:00,2026-07-28T18:06:54.753027+02:00,success,3,[],,0.4459709999937331
MAD-111|DEST_003|evening_departure_1800,MAD-111,Comillas,Carabanchel,40.331755,-3.765697,DEST_003,UC3M Campus de Leganés,40.39246892488969,-3.711134261560546,evening_departure_1800,Salida del destino a las 18:00,from_destination,2026-07-29,2026-07-29T18:00:00+02:00,2026-07-28T18:06:55.199442+02:00,success,3,[],,0.1655864999920595
MAD-112|DEST_001|morning_arrival_0900,MAD-112,Opañel,Carabanchel,40.39154470335574,-3.7212920590119047,DEST_001,Puerta del Sol,40.416775,-3.70379,morning_arrival_0900,Llegada al destino a las 09:00,to_destination,2026-07-29,2026-07-29T09:00:00+02:00,2026-07-28T18:06:55.366492+02:00,success,3,[],,0.8232543000049191
MAD-112|DEST_001|evening_departure_1800,MAD-112,Opañel,Carabanchel,40.416775,-3.70379,DEST_001,Puerta del Sol,40.39154470335574,-3.7212920590119047,evening_departure_1800,Salida del destino a las 18:00,from_destination,2026-07-29,2026-07-29T18:00:00+02:00,2026-07-28T18:06:56.190182+02:00,success,3,[],,0.9111020999989704
MAD-112|DEST_002|morning_arrival_0900,MAD-112,Opañel,Carabanchel,40.39154470335574,-3.7212920590119047,DEST_002,Nuevos Ministerios,40.44661,-3.692436,morning_arrival_0900,Llegada al destino a las 09:00,to_destination,2026-07-29,2026-07-29T09:00:00+02:00,2026-07-28T18:06:57.102045+02:00,success,3,[],,1.4392820999928515
MAD-112|DEST_002|evening_departure_1800,MAD-112,Opañel,Carabanchel,40.44661,-3.692436,DEST_002,Nuevos Ministerios,40.39154470335574,-3.7212920590119047,evening_departure_1800,Salida del destino a las 18:00,from_destination,2026-07-29,2026-07-29T18:00:00+02:00,2026-07-28T18:06:58.541874+02:00,success,3,[],,1.9971137999964408
MAD-112|DEST_003|morning_arrival_0900,MAD-112,Opañel,Carabanchel,40.39154470335574,-3.7212920590119047,DEST_003,UC3M Campus de Leganés,40.331755,-3.765697,morning_arrival_0900,Llegada al destino a las 09:00,to_destination,2026-07-29,2026-07-29T09:00:00+02:00,2026-07-28T18:07:00.539605+02:00,success,3,[],,0.3749994999961927
MAD-112|DEST_003|evening_departure_1800,MAD-112,Opañel,Carabanchel,40.331755,-3.765697,DEST_003,UC3M Campus de Leganés,40.39154470335574,-3.7212920590119047,evening_departure_1800,Salida del destino a las 18:00,from_destination,2026-07-29,2026-07-29T18:00:00+02:00,2026-07-28T18:07:00.915165+02:00,success,3,[],,0.2418762000015704
MAD-113|DEST_001|morning_arrival_0900,MAD-113,San Isidro,Carabanchel,40.39704692392217,-3.726890598005159,DEST_001,Puerta del Sol,40.416775,-3.70379,morning_arrival_0900,Llegada al destino a las 09:00,to_destination,2026-07-29,2026-07-29T09:00:00+02:00,2026-07-28T18:07:01.393756+02:00,success,3,[],,1.3624482000013811
MAD-113|DEST_001|evening_departure_1800,MAD-113,San Isidro,Carabanchel,40.416775,-3.70379,DEST_001,Puerta del Sol,40.39704692392217,-3.726890598005159,evening_departure_1800,Salida del destino a las 18:00,from_destination,2026-07-29,2026-07-29T18:00:00+02:00,2026-07-28T18:07:02.756702+02:00,success,3,[],,1.3803255999955582
MAD-113|DEST_002|morning_arrival_0900,MAD-113,San Isidro,Carabanchel,40.39704692392217,-3.726890598005159,DEST_002,Nuevos Ministerios,40.44661,-3.692436,morning_arrival_0900,Llegada al destino a las 09:00,to_destination,2026-07-29,2026-07-29T09:00:00+02:00,2026-07-28T18:07:04.137712+02:00,success,3,[],,2.1905182000045897
MAD-113|DEST_002|evening_departure_1800,MAD-113,San Isidro,Carabanchel,40.44661,-3.692436,DEST_002,Nuevos Ministerios,40.39704692392217,-3.726890598005159,evening_departure_1800,Salida del destino a las 18:00,from_destination,2026-07-29,2026-07-29T18:00:00+02:00,2026-07-28T18:07:06.328756+02:00,success,3,[],,3.5194790000095963
MAD-113|DEST_003|morning_arrival_0900,MAD-113,San Isidro,Carabanchel,40.39704692392217,-3.726890598005159,DEST_003,UC3M Campus de Leganés,40.331755,-3.765697,morning_arrival_0900,Llegada al destino a las 09:00,to_destination,2026-07-29,2026-07-29T09:00:00+02:00,2026-07-28T18:07:09.848962+02:00,success,3,[],,0.6977862999920035
MAD-113|DEST_003|evening_departure_1800,MAD-113,San Isidro,Carabanchel,40.331755,-3.765697,DEST_003,UC3M Campus de Leganés,40.39704692392217,-3.726890598005159,evening_departure_1800,Salida del destino a las 18:00,from_destination,2026-07-29,2026-07-29T18:00:00+02:00,2026-07-28T18:07:10.547197+02:00,success,3,[],,0.1993565000011585
MAD-114|DEST_001|morning_arrival_0900,MAD-114,Vista Alegre,Carabanchel,40.38440106575844,-3.745499663424616,DEST_001,Puerta del Sol,40.416775,-3.70379,morning_arrival_0900,Llegada al destino a las 09:00,to_destination,2026-07-29,2026-07-29T09:00:00+02:00,2026-07-28T18:07:10.747726+02:00,success,3,[],,0.3580197999981465
MAD-114|DEST_001|evening_departure_1800,MAD-114,Vista Alegre,Carabanchel,40.416775,-3.70379,DEST_001,Puerta del Sol,40.38440106575844,-3.745499663424616,evening_departure_1800,Salida del destino a las 18:00,from_destination,2026-07-29,2026-07-29T18:00:00+02:00,2026-07-28T18:07:11.106447+02:00,success,3,[],,0.5626840000040829
MAD-114|DEST_002|morning_arrival_0900,MAD-114,Vista Alegre,Carabanchel,40.38440106575844,-3.745499663424616,DEST_002,Nuevos Ministerios,40.44661,-3.692436,morning_arrival_0900,Llegada al destino a las 09:00,to_destination,2026-07-29,2026-07-29T09:00:00+02:00,2026-07-28T18:07:11.670139+02:00,success,3,[],,2.140073000002303
MAD-114|DEST_002|evening_departure_1800,MAD-114,Vista Alegre,Carabanchel,40.44661,-3.692436,DEST_002,Nuevos Ministerios,40.38440106575844,-3.745499663424616,evening_departure_1800,Salida del destino a las 18:00,from_destination,2026-07-29,2026-07-29T18:00:00+02:00,2026-07-28T18:07:13.810592+02:00,success,3,[],,1.1363111999962712
MAD-114|DEST_003|morning_arrival_0900,MAD-114,Vista Alegre,Carabanchel,40.38440106575844,-3.745499663424616,DEST_003,UC3M Campus de Leganés,40.331755,-3.765697,morning_arrival_0900,Llegada al destino a las 09:00,to_destination,2026-07-29,2026-07-29T09:00:00+02:00,2026-07-28T18:07:15.185604+02:00,success,3,[],,0.1860622999956831
MAD-114|DEST_003|evening_departure_1800,MAD-114,Vista Alegre,Carabanchel,40.331755,-3.765697,DEST_003,UC3M Campus de Leganés,40.38440106575844,-3.745499663424616,evening_departure_1800,Salida del destino a las 18:00,from_destination,2026-07-29,2026-07-29T18:00:00+02:00,2026-07-28T18:07:15.372052+02:00,success,3,[],,0.1628299000003608
MAD-115|DEST_001|morning_arrival_0900,MAD-115,Puerta Bonita,Carabanchel,40.38047700194785,-3.738623100724381,DEST_001,Puerta del Sol,40.416775,-3.70379,morning_arrival_0900,Llegada al destino a las 09:00,to_destination,2026-07-29,2026-07-29T09:00:00+02:00,2026-07-28T18:07:15.536050+02:00,success,3,[],,0.4020115000021178
MAD-115|DEST_001|evening_departure_1800,MAD-115,Puerta Bonita,Carabanchel,40.416775,-3.70379,DEST_001,Puerta del Sol,40.38047700194785,-3.738623100724381,evening_departure_1800,Salida del destino a las 18:00,from_destination,2026-07-29,2026-07-29T18:00:00+02:00,2026-07-28T18:07:15.938441+02:00,success,3,[],,0.775427699991269
MAD-115|DEST_002|morning_arrival_0900,MAD-115,Puerta Bonita,Carabanchel,40.38047700194785,-3.738623100724381,DEST_002,Nuevos Ministerios,40.44661,-3.692436,morning_arrival_0900,Llegada al destino a las 09:00,to_destination,2026-07-29,2026-07-29T09:00:00+02:00,2026-07-28T18:07:16.714492+02:00,success,3,[],,1.6682106999942334
MAD-115|DEST_002|evening_departure_1800,MAD-115,Puerta Bonita,Carabanchel,40.44661,-3.692436,DEST_002,Nuevos Ministerios,40.38047700194785,-3.738623100724381,evening_departure_1800,Salida del destino a las 18:00,from_destination,2026-07-29,2026-07-29T18:00:00+02:00,2026-07-28T18:07:18.383046+02:00,success,3,[],,1.3484849000087706
MAD-115|DEST_003|morning_arrival_0900,MAD-115,Puerta Bonita,Carabanchel,40.38047700194785,-3.738623100724381,DEST_003,UC3M Campus de Leganés,40.331755,-3.765697,morning_arrival_0900,Llegada al destino a las 09:00,to_destination,2026-07-29,2026-07-29T09:00:00+02:00,2026-07-28T18:07:19.732095+02:00,success,3,[],,0.1768107999960193
MAD-115|DEST_003|evening_departure_1800,MAD-115,Puerta Bonita,Carabanchel,40.331755,-3.765697,DEST_003,UC3M Campus de Leganés,40.38047700194785,-3.738623100724381,evening_departure_1800,Salida del destino a las 18:00,from_destination,2026-07-29,2026-07-29T18:00:00+02:00,2026-07-28T18:07:19.909759+02:00,success,3,[],,0.1441032000002451
MAD-116|DEST_001|morning_arrival_0900,MAD-116,Buenavista,Carabanchel,40.36833282259222,-3.741476974737954,DEST_001,Puerta del Sol,40.416775,-3.70379,morning_arrival_0900,Llegada al destino a las 09:00,to_destination,2026-07-29,2026-07-29T09:00:00+02:00,2026-07-28T18:07:20.055164+02:00,success,3,[],,0.4184282999922288
MAD-116|DEST_001|evening_departure_1800,MAD-116,Buenavista,Carabanchel,40.416775,-3.70379,DEST_001,Puerta del Sol,40.36833282259222,-3.741476974737954,evening_departure_1800,Salida del destino a las 18:00,from_destination,2026-07-29,2026-07-29T18:00:00+02:00,2026-07-28T18:07:20.474100+02:00,success,3,[],,1.1889945000002626
MAD-116|DEST_002|morning_arrival_0900,MAD-116,Buenavista,Carabanchel,40.36833282259222,-3.741476974737954,DEST_002,Nuevos Ministerios,40.44661,-3.692436,morning_arrival_0900,Llegada al destino a las 09:00,to_destination,2026-07-29,2026-07-29T09:00:00+02:00,2026-07-28T18:07:21.858163+02:00,success,3,[],,2.456280200000037
MAD-116|DEST_002|evening_departure_1800,MAD-116,Buenavista,Carabanchel,40.44661,-3.692436,DEST_002,Nuevos Ministerios,40.36833282259222,-3.741476974737954,evening_departure_1800,Salida del destino a las 18:00,from_destination,2026-07-29,2026-07-29T18:00:00+02:00,2026-07-28T18:07:24.315162+02:00,success,3,[],,1.2931936999957545
MAD-116|DEST_003|morning_arrival_0900,MAD-116,Buenavista,Carabanchel,40.36833282259222,-3.741476974737954,DEST_003,UC3M Campus de Leganés,40.331755,-3.765697,morning_arrival_0900,Llegada al destino a las 09:00,to_destination,2026-07-29,2026-07-29T09:00:00+02:00,2026-07-28T18:07:25.609229+02:00,success,3,[],,0.161955300005502
MAD-116|DEST_003|evening_departure_1800,MAD-116,Buenavista,Carabanchel,40.331755,-3.765697,DEST_003,UC3M Campus de Leganés,40.36833282259222,-3.741476974737954,evening_departure_1800,Salida del destino a las 18:00,from_destination,2026-07-29,2026-07-29T18:00:00+02:00,2026-07-28T18:07:25.771544+02:00,success,3,[],,0.1398410999972839
MAD-117|DEST_001|morning_arrival_0900,MAD-117,Abrantes,Carabanchel,40.3797052565313,-3.725701997205268,DEST_001,Puerta del Sol,40.416775,-3.70379,morning_arrival_0900,Llegada al destino a las 09:00,to_destination,2026-07-29,2026-07-29T09:00:00+02:00,2026-07-28T18:07:25.912543+02:00,success,3,[],,0.6189340000128141
MAD-117|DEST_001|evening_departure_1800,MAD-117,Abrantes,Carabanchel,40.416775,-3.70379,DEST_001,Puerta del Sol,40.3797052565313,-3.725701997205268,evening_departure_1800,Salida del destino a las 18:00,from_destination,2026-07-29,2026-07-29T18:00:00+02:00,2026-07-28T18:07:26.531782+02:00,success,3,[],,1.150057899998501
MAD-117|DEST_002|morning_arrival_0900,MAD-117,Abrantes,Carabanchel,40.3797052565313,-3.725701997205268,DEST_002,Nuevos Ministerios,40.44661,-3.692436,morning_arrival_0900,Llegada al destino a las 09:00,to_destination,2026-07-29,2026-07-29T09:00:00+02:00,2026-07-28T18:07:27.682432+02:00,success,3,[],,3.5226900999987265
MAD-117|DEST_002|evening_departure_1800,MAD-117,Abrantes,Carabanchel,40.44661,-3.692436,DEST_002,Nuevos Ministerios,40.3797052565313,-3.725701997205268,evening_departure_1800,Salida del destino a las 18:00,from_destination,2026-07-29,2026-07-29T18:00:00+02:00,2026-07-28T18:07:31.206205+02:00,success,3,[],,1.5202944000047864
MAD-117|DEST_003|morning_arrival_0900,MAD-117,Abrantes,Carabanchel,40.3797052565313,-3.725701997205268,DEST_003,UC3M Campus de Leganés,40.331755,-3.765697,morning_arrival_0900,Llegada al destino a las 09:00,to_destination,2026-07-29,2026-07-29T09:00:00+02:00,2026-07-28T18:07:32.727303+02:00,success,3,[],,0.1933887999912258
MAD-117|DEST_003|evening_departure_1800,MAD-117,Abrantes,Carabanchel,40.331755,-3.765697,DEST_003,UC3M Campus de Leganés,40.3797052565313,-3.725701997205268,evening_departure_1800,Salida del destino a las 18:00,from_destination,2026-07-29,2026-07-29T18:00:00+02:00,2026-07-28T18:07:32.921234+02:00,success,3,[],,0.1452308000007178
MAD-121|DEST_001|morning_arrival_0900,MAD-121,Orcasitas,Usera,40.36857739835916,-3.711996027859193,DEST_001,Puerta del Sol,40.416775,-3.70379,morning_arrival_0900,Llegada al destino a las 09:00,to_destination,2026-07-29,2026-07-29T09:00:00+02:00,2026-07-28T18:07:33.295510+02:00,success,3,[],,0.4449715999944601
MAD-121|DEST_001|evening_departure_1800,MAD-121,Orcasitas,Usera,40.416775,-3.70379,DEST_001,Puerta del Sol,40.36857739835916,-3.711996027859193,evening_departure_1800,Salida del destino a las 18:00,from_destination,2026-07-29,2026-07-29T18:00:00+02:00,2026-07-28T18:07:33.740832+02:00,success,3,[],,1.494593700001133
MAD-121|DEST_002|morning_arrival_0900,MAD-121,Orcasitas,Usera,40.36857739835916,-3.711996027859193,DEST_002,Nuevos Ministerios,40.44661,-3.692436,morning_arrival_0900,Llegada al destino a las 09:00,to_destination,2026-07-29,2026-07-29T09:00:00+02:00,2026-07-28T18:07:35.236100+02:00,success,3,[],,2.024627999999211
MAD-121|DEST_002|evening_departure_1800,MAD-121,Orcasitas,Usera,40.44661,-3.692436,DEST_002,Nuevos Ministerios,40.36857739835916,-3.711996027859193,evening_departure_1800,Salida del destino a las 18:00,from_destination,2026-07-29,2026-07-29T18:00:00+02:00,2026-07-28T18:07:37.261346+02:00,success,3,[],,2.9300213000096846
MAD-121|DEST_003|morning_arrival_0900,MAD-121,Orcasitas,Usera,40.36857739835916,-3.711996027859193,DEST_003,UC3M Campus de Leganés,40.331755,-3.765697,morning_arrival_0900,Llegada al destino a las 09:00,to_destination,2026-07-29,2026-07-29T09:00:00+02:00,2026-07-28T18:07:40.192499+02:00,success,3,[],,0.558779200000572
MAD-121|DEST_003|evening_departure_1800,MAD-121,Orcasitas,Usera,40.331755,-3.765697,DEST_003,UC3M Campus de Leganés,40.36857739835916,-3.711996027859193,evening_departure_1800,Salida del destino a las 18:00,from_destination,2026-07-29,2026-07-29T18:00:00+02:00,2026-07-28T18:07:40.751838+02:00,success,3,[],,0.3522803000087151
MAD-122|DEST_001|morning_arrival_0900,MAD-122,Orcasur,Usera,40.37378483496347,-3.6987574008842414,DEST_001,Puerta del Sol,40.416775,-3.70379,morning_arrival_0900,Llegada al destino a las 09:00,to_destination,2026-07-29,2026-07-29T09:00:00+02:00,2026-07-28T18:07:41.105558+02:00,success,3,[],,0.9438271999970312
MAD-122|DEST_001|evening_departure_1800,MAD-122,Orcasur,Usera,40.416775,-3.70379,DEST_001,Puerta del Sol,40.37378483496347,-3.6987574008842414,evening_departure_1800,Salida del destino a las 18:00,from_destination,2026-07-29,2026-07-29T18:00:00+02:00,2026-07-28T18:07:42.049856+02:00,success,3,[],,1.4579727000091225
MAD-122|DEST_002|morning_arrival_0900,MAD-122,Orcasur,Usera,40.37378483496347,-3.6987574008842414,DEST_002,Nuevos Ministerios,40.44661,-3.692436,morning_arrival_0900,Llegada al destino a las 09:00,to_destination,2026-07-29,2026-07-29T09:00:00+02:00,2026-07-28T18:07:43.508940+02:00,success,3,[],,0.8063320999935968
MAD-122|DEST_002|evening_departure_1800,MAD-122,Orcasur,Usera,40.44661,-3.692436,DEST_002,Nuevos Ministerios,40.37378483496347,-3.6987574008842414,evening_departure_1800,Salida del destino a las 18:00,from_destination,2026-07-29,2026-07-29T18:00:00+02:00,2026-07-28T18:07:44.315661+02:00,success,3,[],,1.1163031000032788
MAD-122|DEST_003|morning_arrival_0900,MAD-122,Orcasur,Usera,40.37378483496347,-3.6987574008842414,DEST_003,UC3M Campus de Leganés,40.331755,-3.765697,morning_arrival_0900,Llegada al destino a las 09:00,to_destination,2026-07-29,2026-07-29T09:00:00+02:00,2026-07-28T18:07:45.659406+02:00,success,3,[],,0.5627497999957995
MAD-122|DEST_003|evening_departure_1800,MAD-122,Orcasur,Usera,40.331755,-3.765697,DEST_003,UC3M Campus de Leganés,40.37378483496347,-3.6987574008842414,evening_departure_1800,Salida del destino a las 18:00,from_destination,2026-07-29,2026-07-29T18:00:00+02:00,2026-07-28T18:07:46.222596+02:00,success,3,[],,0.2198332999978447
MAD-123|DEST_001|morning_arrival_0900,MAD-123,San Fermín,Usera,40.37175427193196,-3.690311348467138,DEST_001,Puerta del Sol,40.416775,-3.70379,morning_arrival_0900,Llegada al destino a las 09:00,to_destination,2026-07-29,2026-07-29T09:00:00+02:00,2026-07-28T18:07:46.443659+02:00,success,3,[],,0.4822136000002501
MAD-123|DEST_001|evening_departure_1800,MAD-123,San Fermín,Usera,40.416775,-3.70379,DEST_001,Puerta del Sol,40.37175427193196,-3.690311348467138,evening_departure_1800,Salida del destino a las 18:00,from_destination,2026-07-29,2026-07-29T18:00:00+02:00,2026-07-28T18:07:46.926484+02:00,success,3,[],,0.7352304000087315
MAD-123|DEST_002|morning_arrival_0900,MAD-123,San Fermín,Usera,40.37175427193196,-3.690311348467138,DEST_002,Nuevos Ministerios,40.44661,-3.692436,morning_arrival_0900,Llegada al destino a las 09:00,to_destination,2026-07-29,2026-07-29T09:00:00+02:00,2026-07-28T18:07:47.662524+02:00,success,3,[],,1.083206400013296
MAD-123|DEST_002|evening_departure_1800,MAD-123,San Fermín,Usera,40.44661,-3.692436,DEST_002,Nuevos Ministerios,40.37175427193196,-3.690311348467138,evening_departure_1800,Salida del destino a las 18:00,from_destination,2026-07-29,2026-07-29T18:00:00+02:00,2026-07-28T18:07:48.746438+02:00,success,3,[],,1.0240102999960072
MAD-123|DEST_003|morning_arrival_0900,MAD-123,San Fermín,Usera,40.37175427193196,-3.690311348467138,DEST_003,UC3M Campus de Leganés,40.331755,-3.765697,morning_arrival_0900,Llegada al destino a las 09:00,to_destination,2026-07-29,2026-07-29T09:00:00+02:00,2026-07-28T18:07:49.771490+02:00,success,3,[],,0.5989521000010427
MAD-123|DEST_003|evening_departure_1800,MAD-123,San Fermín,Usera,40.331755,-3.765697,DEST_003,UC3M Campus de Leganés,40.37175427193196,-3.690311348467138,evening_departure_1800,Salida del destino a las 18:00,from_destination,2026-07-29,2026-07-29T18:00:00+02:00,2026-07-28T18:07:50.371314+02:00,success,3,[],,0.2860852000012528
MAD-124|DEST_001|morning_arrival_0900,MAD-124,Almendrales,Usera,40.38371965812441,-3.698932607694997,DEST_001,Puerta del Sol,40.416775,-3.70379,morning_arrival_0900,Llegada al destino a las 09:00,to_destination,2026-07-29,2026-07-29T09:00:00+02:00,2026-07-28T18:07:50.659227+02:00,success,3,[],,0.6119324000028428
MAD-124|DEST_001|evening_departure_1800,MAD-124,Almendrales,Usera,40.416775,-3.70379,DEST_001,Puerta del Sol,40.38371965812441,-3.698932607694997,evening_departure_1800,Salida del destino a las 18:00,from_destination,2026-07-29,2026-07-29T18:00:00+02:00,2026-07-28T18:07:51.271709+02:00,success,3,[],,1.1078428000037093
MAD-124|DEST_002|morning_arrival_0900,MAD-124,Almendrales,Usera,40.38371965812441,-3.698932607694997,DEST_002,Nuevos Ministerios,40.44661,-3.692436,morning_arrival_0900,Llegada al destino a las 09:00,to_destination,2026-07-29,2026-07-29T09:00:00+02:00,2026-07-28T18:07:52.559509+02:00,success,3,[],,1.2177175999968313
MAD-124|DEST_002|evening_departure_1800,MAD-124,Almendrales,Usera,40.44661,-3.692436,DEST_002,Nuevos Ministerios,40.38371965812441,-3.698932607694997,evening_departure_1800,Salida del destino a las 18:00,from_destination,2026-07-29,2026-07-29T18:00:00+02:00,2026-07-28T18:07:53.777660+02:00,success,3,[],,0.7915072000032524
MAD-124|DEST_003|morning_arrival_0900,MAD-124,Almendrales,Usera,40.38371965812441,-3.698932607694997,DEST_003,UC3M Campus de Leganés,40.331755,-3.765697,morning_arrival_0900,Llegada al destino a las 09:00,to_destination,2026-07-29,2026-07-29T09:00:00+02:00,2026-07-28T18:07:54.569785+02:00,success,3,[],,0.7035710999916773
MAD-124|DEST_003|evening_departure_1800,MAD-124,Almendrales,Usera,40.331755,-3.765697,DEST_003,UC3M Campus de Leganés,40.38371965812441,-3.698932607694997,evening_departure_1800,Salida del destino a las 18:00,from_destination,2026-07-29,2026-07-29T18:00:00+02:00,2026-07-28T18:07:55.273921+02:00,success,3,[],,0.2153108999918913
MAD-125|DEST_001|morning_arrival_0900,MAD-125,Moscardó,Usera,40.39032407936774,-3.705216517356549,DEST_001,Puerta del Sol,40.416775,-3.70379,morning_arrival_0900,Llegada al destino a las 09:00,to_destination,2026-07-29,2026-07-29T09:00:00+02:00,2026-07-28T18:07:55.491060+02:00,success,3,[],,0.678433999986737
MAD-125|DEST_001|evening_departure_1800,MAD-125,Moscardó,Usera,40.416775,-3.70379,DEST_001,Puerta del Sol,40.39032407936774,-3.705216517356549,evening_departure_1800,Salida del destino a las 18:00,from_destination,2026-07-29,2026-07-29T18:00:00+02:00,2026-07-28T18:07:56.169847+02:00,success,3,[],,0.9805066999979316
MAD-125|DEST_002|morning_arrival_0900,MAD-125,Moscardó,Usera,40.39032407936774,-3.705216517356549,DEST_002,Nuevos Ministerios,40.44661,-3.692436,morning_arrival_0900,Llegada al destino a las 09:00,to_destination,2026-07-29,2026-07-29T09:00:00+02:00,2026-07-28T18:07:57.151155+02:00,success,3,[],,1.0830999000027075
MAD-125|DEST_002|evening_departure_1800,MAD-125,Moscardó,Usera,40.44661,-3.692436,DEST_002,Nuevos Ministerios,40.39032407936774,-3.705216517356549,evening_departure_1800,Salida del destino a las 18:00,from_destination,2026-07-29,2026-07-29T18:00:00+02:00,2026-07-28T18:07:58.234961+02:00,success,3,[],,0.995808699997724
MAD-125|DEST_003|morning_arrival_0900,MAD-125,Moscardó,Usera,40.39032407936774,-3.705216517356549,DEST_003,UC3M Campus de Leganés,40.331755,-3.765697,morning_arrival_0900,Llegada al destino a las 09:00,to_destination,2026-07-29,2026-07-29T09:00:00+02:00,2026-07-28T18:07:59.231620+02:00,success,3,[],,0.3828519999951822
MAD-125|DEST_003|evening_departure_1800,MAD-125,Moscardó,Usera,40.331755,-3.765697,DEST_003,UC3M Campus de Leganés,40.39032407936774,-3.705216517356549,evening_departure_1800,Salida del destino a las 18:00,from_destination,2026-07-29,2026-07-29T18:00:00+02:00,2026-07-28T18:07:59.615244+02:00,success,3,[],,0.1414190999930724
MAD-126|DEST_001|morning_arrival_0900,MAD-126,Zofío,Usera,40.379462101618685,-3.715318002119352,DEST_001,Puerta del Sol,40.416775,-3.70379,morning_arrival_0900,Llegada al destino a las 09:00,to_destination,2026-07-29,2026-07-29T09:00:00+02:00,2026-07-28T18:07:59.937947+02:00,success,3,[],,0.801524900001823
MAD-126|DEST_001|evening_departure_1800,MAD-126,Zofío,Usera,40.416775,-3.70379,DEST_001,Puerta del Sol,40.379462101618685,-3.715318002119352,evening_departure_1800,Salida del destino a las 18:00,from_destination,2026-07-29,2026-07-29T18:00:00+02:00,2026-07-28T18:08:00.740292+02:00,success,3,[],,1.965137099992717
MAD-126|DEST_002|morning_arrival_0900,MAD-126,Zofío,Usera,40.379462101618685,-3.715318002119352,DEST_002,Nuevos Ministerios,40.44661,-3.692436,morning_arrival_0900,Llegada al destino a las 09:00,to_destination,2026-07-29,2026-07-29T09:00:00+02:00,2026-07-28T18:08:02.706160+02:00,success,3,[],,2.984256900002947
MAD-126|DEST_002|evening_departure_1800,MAD-126,Zofío,Usera,40.44661,-3.692436,DEST_002,Nuevos Ministerios,40.379462101618685,-3.715318002119352,evening_departure_1800,Salida del destino a las 18:00,from_destination,2026-07-29,2026-07-29T18:00:00+02:00,2026-07-28T18:08:05.691134+02:00,success,3,[],,2.7213315999979386
MAD-126|DEST_003|morning_arrival_0900,MAD-126,Zofío,Usera,40.379462101618685,-3.715318002119352,DEST_003,UC3M Campus de Leganés,40.331755,-3.765697,morning_arrival_0900,Llegada al destino a las 09:00,to_destination,2026-07-29,2026-07-29T09:00:00+02:00,2026-07-28T18:08:08.413444+02:00,success,3,[],,0.3084889999881852
MAD-126|DEST_003|evening_departure_1800,MAD-126,Zofío,Usera,40.331755,-3.765697,DEST_003,UC3M Campus de Leganés,40.379462101618685,-3.715318002119352,evening_departure_1800,Salida del destino a las 18:00,from_destination,2026-07-29,2026-07-29T18:00:00+02:00,2026-07-28T18:08:08.722577+02:00,success,3,[],,0.1388459000008879
MAD-127|DEST_001|morning_arrival_0900,MAD-127,Pradolongo,Usera,40.378245601333646,-3.706214261149437,DEST_001,Puerta del Sol,40.416775,-3.70379,morning_arrival_0900,Llegada al destino a las 09:00,to_destination,2026-07-29,2026-07-29T09:00:00+02:00,2026-07-28T18:08:08.862562+02:00,success,3,[],,0.5538074000069173
MAD-127|DEST_001|evening_departure_1800,MAD-127,Pradolongo,Usera,40.416775,-3.70379,DEST_001,Puerta del Sol,40.378245601333646,-3.706214261149437,evening_departure_1800,Salida del destino a las 18:00,from_destination,2026-07-29,2026-07-29T18:00:00+02:00,2026-07-28T18:08:09.416913+02:00,success,3,[],,1.5468160000018545
MAD-127|DEST_002|morning_arrival_0900,MAD-127,Pradolongo,Usera,40.378245601333646,-3.706214261149437,DEST_002,Nuevos Ministerios,40.44661,-3.692436,morning_arrival_0900,Llegada al destino a las 09:00,to_destination,2026-07-29,2026-07-29T09:00:00+02:00,2026-07-28T18:08:10.964218+02:00,success,3,[],,0.9051297999976669
MAD-127|DEST_002|evening_departure_1800,MAD-127,Pradolongo,Usera,40.44661,-3.692436,DEST_002,Nuevos Ministerios,40.378245601333646,-3.706214261149437,evening_departure_1800,Salida del destino a las 18:00,from_destination,2026-07-29,2026-07-29T18:00:00+02:00,2026-07-28T18:08:11.869911+02:00,success,3,[],,1.0779993000032846
MAD-127|DEST_003|morning_arrival_0900,MAD-127,Pradolongo,Usera,40.378245601333646,-3.706214261149437,DEST_003,UC3M Campus de Leganés,40.331755,-3.765697,morning_arrival_0900,Llegada al destino a las 09:00,to_destination,2026-07-29,2026-07-29T09:00:00+02:00,2026-07-28T18:08:13.147774+02:00,success,3,[],,0.4867131999926641
MAD-127|DEST_003|evening_departure_1800,MAD-127,Pradolongo,Usera,40.331755,-3.765697,DEST_003,UC3M Campus de Leganés,40.378245601333646,-3.706214261149437,evening_departure_1800,Salida del destino a las 18:00,from_destination,2026-07-29,2026-07-29T18:00:00+02:00,2026-07-28T18:08:13.635016+02:00,success,3,[],,0.1743295000051148
MAD-131|DEST_001|morning_arrival_0900,MAD-131,Entrevías,Puente de Vallecas,40.37744032504029,-3.674606921309576,DEST_001,Puerta del Sol,40.416775,-3.70379,morning_arrival_0900,Llegada al destino a las 09:00,to_destination,2026-07-29,2026-07-29T09:00:00+02:00,2026-07-28T18:08:13.810660+02:00,success,3,[],,0.4987088000052608
MAD-131|DEST_001|evening_departure_1800,MAD-131,Entrevías,Puente de Vallecas,40.416775,-3.70379,DEST_001,Puerta del Sol,40.37744032504029,-3.674606921309576,evening_departure_1800,Salida del destino a las 18:00,from_destination,2026-07-29,2026-07-29T18:00:00+02:00,2026-07-28T18:08:14.309849+02:00,success,3,[],,0.5519247999909567
MAD-131|DEST_002|morning_arrival_0900,MAD-131,Entrevías,Puente de Vallecas,40.37744032504029,-3.674606921309576,DEST_002,Nuevos Ministerios,40.44661,-3.692436,morning_arrival_0900,Llegada al destino a las 09:00,to_destination,2026-07-29,2026-07-29T09:00:00+02:00,2026-07-28T18:08:14.862437+02:00,success,3,[],,1.4573832000023683
MAD-131|DEST_002|evening_departure_1800,MAD-131,Entrevías,Puente de Vallecas,40.44661,-3.692436,DEST_002,Nuevos Ministerios,40.37744032504029,-3.674606921309576,evening_departure_1800,Salida del destino a las 18:00,from_destination,2026-07-29,2026-07-29T18:00:00+02:00,2026-07-28T18:08:16.320236+02:00,success,3,[],,1.943060499994317
MAD-131|DEST_003|morning_arrival_0900,MAD-131,Entrevías,Puente de Vallecas,40.37744032504029,-3.674606921309576,DEST_003,UC3M Campus de Leganés,40.331755,-3.765697,morning_arrival_0900,Llegada al destino a las 09:00,to_destination,2026-07-29,2026-07-29T09:00:00+02:00,2026-07-28T18:08:18.263836+02:00,success,3,[],,1.413845000002766
MAD-131|DEST_003|evening_departure_1800,MAD-131,Entrevías,Puente de Vallecas,40.331755,-3.765697,DEST_003,UC3M Campus de Leganés,40.37744032504029,-3.674606921309576,evening_departure_1800,Salida del destino a las 18:00,from_destination,2026-07-29,2026-07-29T18:00:00+02:00,2026-07-28T18:08:19.678347+02:00,success,3,[],,0.3149854999937815
MAD-132|DEST_001|morning_arrival_0900,MAD-132,San Diego,Puente de Vallecas,40.38944015144378,-3.668361218147541,DEST_001,Puerta del Sol,40.416775,-3.70379,morning_arrival_0900,Llegada al destino a las 09:00,to_destination,2026-07-29,2026-07-29T09:00:00+02:00,2026-07-28T18:08:19.994615+02:00,success,3,[],,0.7519481000053929
MAD-132|DEST_001|evening_departure_1800,MAD-132,San Diego,Puente de Vallecas,40.416775,-3.70379,DEST_001,Puerta del Sol,40.38944015144378,-3.668361218147541,evening_departure_1800,Salida del destino a las 18:00,from_destination,2026-07-29,2026-07-29T18:00:00+02:00,2026-07-28T18:08:20.747007+02:00,success,3,[],,0.6103132999996888
MAD-132|DEST_002|morning_arrival_0900,MAD-132,San Diego,Puente de Vallecas,40.38944015144378,-3.668361218147541,DEST_002,Nuevos Ministerios,40.44661,-3.692436,morning_arrival_0900,Llegada al destino a las 09:00,to_destination,2026-07-29,2026-07-29T09:00:00+02:00,2026-07-28T18:08:21.605800+02:00,success,3,[],,1.523271999991266
MAD-132|DEST_002|evening_departure_1800,MAD-132,San Diego,Puente de Vallecas,40.44661,-3.692436,DEST_002,Nuevos Ministerios,40.38944015144378,-3.668361218147541,evening_departure_1800,Salida del destino a las 18:00,from_destination,2026-07-29,2026-07-29T18:00:00+02:00,2026-07-28T18:08:23.129498+02:00,success,3,[],,1.0568641999998365
MAD-132|DEST_003|morning_arrival_0900,MAD-132,San Diego,Puente de Vallecas,40.38944015144378,-3.668361218147541,DEST_003,UC3M Campus de Leganés,40.331755,-3.765697,morning_arrival_0900,Llegada al destino a las 09:00,to_destination,2026-07-29,2026-07-29T09:00:00+02:00,2026-07-28T18:08:24.187207+02:00,success,3,[],,1.3237848999997368
MAD-132|DEST_003|evening_departure_1800,MAD-132,San Diego,Puente de Vallecas,40.331755,-3.765697,DEST_003,UC3M Campus de Leganés,40.38944015144378,-3.668361218147541,evening_departure_1800,Salida del destino a las 18:00,from_destination,2026-07-29,2026-07-29T18:00:00+02:00,2026-07-28T18:08:25.511763+02:00,success,3,[],,0.3434171999979298
MAD-133|DEST_001|morning_arrival_0900,MAD-133,Palomeras Bajas,Puente de Vallecas,40.3852217558368,-3.658490939078436,DEST_001,Puerta del Sol,40.416775,-3.70379,morning_arrival_0900,Llegada al destino a las 09:00,to_destination,2026-07-29,2026-07-29T09:00:00+02:00,2026-07-28T18:08:25.856473+02:00,success,3,[],,0.4640425000106916
MAD-133|DEST_001|evening_departure_1800,MAD-133,Palomeras Bajas,Puente de Vallecas,40.416775,-3.70379,DEST_001,Puerta del Sol,40.3852217558368,-3.658490939078436,evening_departure_1800,Salida del destino a las 18:00,from_destination,2026-07-29,2026-07-29T18:00:00+02:00,2026-07-28T18:08:26.321086+02:00,success,3,[],,1.1128668000019388
MAD-133|DEST_002|morning_arrival_0900,MAD-133,Palomeras Bajas,Puente de Vallecas,40.3852217558368,-3.658490939078436,DEST_002,Nuevos Ministerios,40.44661,-3.692436,morning_arrival_0900,Llegada al destino a las 09:00,to_destination,2026-07-29,2026-07-29T09:00:00+02:00,2026-07-28T18:08:27.434664+02:00,success,3,[],,1.3148435000039171
MAD-133|DEST_002|evening_departure_1800,MAD-133,Palomeras Bajas,Puente de Vallecas,40.44661,-3.692436,DEST_002,Nuevos Ministerios,40.3852217558368,-3.658490939078436,evening_departure_1800,Salida del destino a las 18:00,from_destination,2026-07-29,2026-07-29T18:00:00+02:00,2026-07-28T18:08:28.749845+02:00,success,3,[],,1.325062000003527
MAD-133|DEST_003|morning_arrival_0900,MAD-133,Palomeras Bajas,Puente de Vallecas,40.3852217558368,-3.658490939078436,DEST_003,UC3M Campus de Leganés,40.331755,-3.765697,morning_arrival_0900,Llegada al destino a las 09:00,to_destination,2026-07-29,2026-07-29T09:00:00+02:00,2026-07-28T18:08:30.075513+02:00,success,3,[],,1.1883582000009485
MAD-133|DEST_003|evening_departure_1800,MAD-133,Palomeras Bajas,Puente de Vallecas,40.331755,-3.765697,DEST_003,UC3M Campus de Leganés,40.3852217558368,-3.658490939078436,evening_departure_1800,Salida del destino a las 18:00,from_destination,2026-07-29,2026-07-29T18:00:00+02:00,2026-07-28T18:08:31.264670+02:00,success,3,[],,0.3235544000053778
MAD-134|DEST_001|morning_arrival_0900,MAD-134,Palomeras Sureste,Puente de Vallecas,40.3854308799278,-3.63544537625916,DEST_001,Puerta del Sol,40.416775,-3.70379,morning_arrival_0900,Llegada al destino a las 09:00,to_destination,2026-07-29,2026-07-29T09:00:00+02:00,2026-07-28T18:08:31.871610+02:00,success,3,[],,0.5542490999941947
MAD-134|DEST_001|evening_departure_1800,MAD-134,Palomeras Sureste,Puente de Vallecas,40.416775,-3.70379,DEST_001,Puerta del Sol,40.3854308799278,-3.63544537625916,evening_departure_1800,Salida del destino a las 18:00,from_destination,2026-07-29,2026-07-29T18:00:00+02:00,2026-07-28T18:08:32.426307+02:00,success,3,[],,0.966546700001345
MAD-134|DEST_002|morning_arrival_0900,MAD-134,Palomeras Sureste,Puente de Vallecas,40.3854308799278,-3.63544537625916,DEST_002,Nuevos Ministerios,40.44661,-3.692436,morning_arrival_0900,Llegada al destino a las 09:00,to_destination,2026-07-29,2026-07-29T09:00:00+02:00,2026-07-28T18:08:33.393418+02:00,success,3,[],,1.6646192000043811
MAD-134|DEST_002|evening_departure_1800,MAD-134,Palomeras Sureste,Puente de Vallecas,40.44661,-3.692436,DEST_002,Nuevos Ministerios,40.3854308799278,-3.63544537625916,evening_departure_1800,Salida del destino a las 18:00,from_destination,2026-07-29,2026-07-29T18:00:00+02:00,2026-07-28T18:08:35.058441+02:00,success,3,[],,1.939469999997528
MAD-134|DEST_003|morning_arrival_0900,MAD-134,Palomeras Sureste,Puente de Vallecas,40.3854308799278,-3.63544537625916,DEST_003,UC3M Campus de Leganés,40.331755,-3.765697,morning_arrival_0900,Llegada al destino a las 09:00,to_destination,2026-07-29,2026-07-29T09:00:00+02:00,2026-07-28T18:08:36.998701+02:00,success,3,[],,1.3768644999945536
MAD-134|DEST_003|evening_departure_1800,MAD-134,Palomeras Sureste,Puente de Vallecas,40.331755,-3.765697,DEST_003,UC3M Campus de Leganés,40.3854308799278,-3.63544537625916,evening_departure_1800,Salida del destino a las 18:00,from_destination,2026-07-29,2026-07-29T18:00:00+02:00,2026-07-28T18:08:38.376574+02:00,success,3,[],,0.3705276999971829
MAD-135|DEST_001|morning_arrival_0900,MAD-135,Portazgo,Puente de Vallecas,40.39020477570111,-3.64813018674609,DEST_001,Puerta del Sol,40.416775,-3.70379,morning_arrival_0900,Llegada al destino a las 09:00,to_destination,2026-07-29,2026-07-29T09:00:00+02:00,2026-07-28T18:08:38.748335+02:00,success,3,[],,0.973895499992068
MAD-135|DEST_001|evening_departure_1800,MAD-135,Portazgo,Puente de Vallecas,40.416775,-3.70379,DEST_001,Puerta del Sol,40.39020477570111,-3.64813018674609,evening_departure_1800,Salida del destino a las 18:00,from_destination,2026-07-29,2026-07-29T18:00:00+02:00,2026-07-28T18:08:39.722851+02:00,success,3,[],,0.9384133999992628
MAD-135|DEST_002|morning_arrival_0900,MAD-135,Portazgo,Puente de Vallecas,40.39020477570111,-3.64813018674609,DEST_002,Nuevos Ministerios,40.44661,-3.692436,morning_arrival_0900,Llegada al destino a las 09:00,to_destination,2026-07-29,2026-07-29T09:00:00+02:00,2026-07-28T18:08:40.661893+02:00,success,3,[],,1.6794800000061514
MAD-135|DEST_002|evening_departure_1800,MAD-135,Portazgo,Puente de Vallecas,40.44661,-3.692436,DEST_002,Nuevos Ministerios,40.39020477570111,-3.64813018674609,evening_departure_1800,Salida del destino a las 18:00,from_destination,2026-07-29,2026-07-29T18:00:00+02:00,2026-07-28T18:08:42.341847+02:00,success,3,[],,1.977155700005824
MAD-135|DEST_003|morning_arrival_0900,MAD-135,Portazgo,Puente de Vallecas,40.39020477570111,-3.64813018674609,DEST_003,UC3M Campus de Leganés,40.331755,-3.765697,morning_arrival_0900,Llegada al destino a las 09:00,to_destination,2026-07-29,2026-07-29T09:00:00+02:00,2026-07-28T18:08:44.537131+02:00,success,3,[],,1.4360653000039747
MAD-135|DEST_003|evening_departure_1800,MAD-135,Portazgo,Puente de Vallecas,40.331755,-3.765697,DEST_003,UC3M Campus de Leganés,40.39020477570111,-3.64813018674609,evening_departure_1800,Salida del destino a las 18:00,from_destination,2026-07-29,2026-07-29T18:00:00+02:00,2026-07-28T18:08:45.973746+02:00,success,3,[],,0.5552992000011727
MAD-136|DEST_001|morning_arrival_0900,MAD-136,Numancia,Puente de Vallecas,40.39908327721852,-3.658216586421237,DEST_001,Puerta del Sol,40.416775,-3.70379,morning_arrival_0900,Llegada al destino a las 09:00,to_destination,2026-07-29,2026-07-29T09:00:00+02:00,2026-07-28T18:08:46.530507+02:00,success,3,[],,0.716948000001139
MAD-136|DEST_001|evening_departure_1800,MAD-136,Numancia,Puente de Vallecas,40.416775,-3.70379,DEST_001,Puerta del Sol,40.39908327721852,-3.658216586421237,evening_departure_1800,Salida del destino a las 18:00,from_destination,2026-07-29,2026-07-29T18:00:00+02:00,2026-07-28T18:08:47.247822+02:00,success,3,[],,2.3799164999945788
MAD-136|DEST_002|morning_arrival_0900,MAD-136,Numancia,Puente de Vallecas,40.39908327721852,-3.658216586421237,DEST_002,Nuevos Ministerios,40.44661,-3.692436,morning_arrival_0900,Llegada al destino a las 09:00,to_destination,2026-07-29,2026-07-29T09:00:00+02:00,2026-07-28T18:08:49.628577+02:00,success,3,[],,0.7944061000016518
MAD-136|DEST_002|evening_departure_1800,MAD-136,Numancia,Puente de Vallecas,40.44661,-3.692436,DEST_002,Nuevos Ministerios,40.39908327721852,-3.658216586421237,evening_departure_1800,Salida del destino a las 18:00,from_destination,2026-07-29,2026-07-29T18:00:00+02:00,2026-07-28T18:08:50.423753+02:00,success,3,[],,0.9933950999984518
MAD-136|DEST_003|morning_arrival_0900,MAD-136,Numancia,Puente de Vallecas,40.39908327721852,-3.658216586421237,DEST_003,UC3M Campus de Leganés,40.331755,-3.765697,morning_arrival_0900,Llegada al destino a las 09:00,to_destination,2026-07-29,2026-07-29T09:00:00+02:00,2026-07-28T18:08:51.417741+02:00,success,3,[],,1.3599864999996498
MAD-136|DEST_003|evening_departure_1800,MAD-136,Numancia,Puente de Vallecas,40.331755,-3.765697,DEST_003,UC3M Campus de Leganés,40.39908327721852,-3.658216586421237,evening_departure_1800,Salida del destino a las 18:00,from_destination,2026-07-29,2026-07-29T18:00:00+02:00,2026-07-28T18:08:52.778125+02:00,success,3,[],,0.3483585000067251
MAD-141|DEST_001|morning_arrival_0900,MAD-141,Pavones,Moratalaz,40.398439993769706,-3.63239407055411,DEST_001,Puerta del Sol,40.416775,-3.70379,morning_arrival_0900,Llegada al destino a las 09:00,to_destination,2026-07-29,2026-07-29T09:00:00+02:00,2026-07-28T18:08:53.127717+02:00,success,3,[],,0.4034509999910369
MAD-141|DEST_001|evening_departure_1800,MAD-141,Pavones,Moratalaz,40.416775,-3.70379,DEST_001,Puerta del Sol,40.398439993769706,-3.63239407055411,evening_departure_1800,Salida del destino a las 18:00,from_destination,2026-07-29,2026-07-29T18:00:00+02:00,2026-07-28T18:08:53.531740+02:00,success,3,[],,0.923377300001448
MAD-141|DEST_002|morning_arrival_0900,MAD-141,Pavones,Moratalaz,40.398439993769706,-3.63239407055411,DEST_002,Nuevos Ministerios,40.44661,-3.692436,morning_arrival_0900,Llegada al destino a las 09:00,to_destination,2026-07-29,2026-07-29T09:00:00+02:00,2026-07-28T18:08:54.694195+02:00,success,3,[],,2.570302499996614
MAD-141|DEST_002|evening_departure_1800,MAD-141,Pavones,Moratalaz,40.44661,-3.692436,DEST_002,Nuevos Ministerios,40.398439993769706,-3.63239407055411,evening_departure_1800,Salida del destino a las 18:00,from_destination,2026-07-29,2026-07-29T18:00:00+02:00,2026-07-28T18:08:57.264948+02:00,success,3,[],,2.813992900002632
MAD-141|DEST_003|morning_arrival_0900,MAD-141,Pavones,Moratalaz,40.398439993769706,-3.63239407055411,DEST_003,UC3M Campus de Leganés,40.331755,-3.765697,morning_arrival_0900,Llegada al destino a las 09:00,to_destination,2026-07-29,2026-07-29T09:00:00+02:00,2026-07-28T18:09:00.079550+02:00,success,3,[],,1.396888699993724
MAD-141|DEST_003|evening_departure_1800,MAD-141,Pavones,Moratalaz,40.331755,-3.765697,DEST_003,UC3M Campus de Leganés,40.398439993769706,-3.63239407055411,evening_departure_1800,Salida del destino a las 18:00,from_destination,2026-07-29,2026-07-29T18:00:00+02:00,2026-07-28T18:09:01.477453+02:00,success,3,[],,0.3916350999934366
MAD-142|DEST_001|morning_arrival_0900,MAD-142,Horcajo,Moratalaz,40.40842722779663,-3.626810457720151,DEST_001,Puerta del Sol,40.416775,-3.70379,morning_arrival_0900,Llegada al destino a las 09:00,to_destination,2026-07-29,2026-07-29T09:00:00+02:00,2026-07-28T18:09:01.870489+02:00,success,3,[],,0.7941625999956159
MAD-142|DEST_001|evening_departure_1800,MAD-142,Horcajo,Moratalaz,40.416775,-3.70379,DEST_001,Puerta del Sol,40.40842722779663,-3.626810457720151,evening_departure_1800,Salida del destino a las 18:00,from_destination,2026-07-29,2026-07-29T18:00:00+02:00,2026-07-28T18:09:02.665120+02:00,success,3,[],,1.9483177000074647
MAD-142|DEST_002|morning_arrival_0900,MAD-142,Horcajo,Moratalaz,40.40842722779663,-3.626810457720151,DEST_002,Nuevos Ministerios,40.44661,-3.692436,morning_arrival_0900,Llegada al destino a las 09:00,to_destination,2026-07-29,2026-07-29T09:00:00+02:00,2026-07-28T18:09:04.614577+02:00,success,3,[],,1.0411024000059117
MAD-142|DEST_002|evening_departure_1800,MAD-142,Horcajo,Moratalaz,40.44661,-3.692436,DEST_002,Nuevos Ministerios,40.40842722779663,-3.626810457720151,evening_departure_1800,Salida del destino a las 18:00,from_destination,2026-07-29,2026-07-29T18:00:00+02:00,2026-07-28T18:09:05.656011+02:00,success,3,[],,3.1466728999948828
MAD-142|DEST_003|morning_arrival_0900,MAD-142,Horcajo,Moratalaz,40.40842722779663,-3.626810457720151,DEST_003,UC3M Campus de Leganés,40.331755,-3.765697,morning_arrival_0900,Llegada al destino a las 09:00,to_destination,2026-07-29,2026-07-29T09:00:00+02:00,2026-07-28T18:09:08.803682+02:00,success,3,[],,3.572183900003438
MAD-142|DEST_003|evening_departure_1800,MAD-142,Horcajo,Moratalaz,40.331755,-3.765697,DEST_003,UC3M Campus de Leganés,40.40842722779663,-3.626810457720151,evening_departure_1800,Salida del destino a las 18:00,from_destination,2026-07-29,2026-07-29T18:00:00+02:00,2026-07-28T18:09:12.376479+02:00,success,3,[],,0.8851458999997703
MAD-143|DEST_001|morning_arrival_0900,MAD-143,Marroquina,Moratalaz,40.41004677243245,-3.641286562547588,DEST_001,Puerta del Sol,40.416775,-3.70379,morning_arrival_0900,Llegada al destino a las 09:00,to_destination,2026-07-29,2026-07-29T09:00:00+02:00,2026-07-28T18:09:13.523218+02:00,success,3,[],,0.4133217000053264
MAD-143|DEST_001|evening_departure_1800,MAD-143,Marroquina,Moratalaz,40.416775,-3.70379,DEST_001,Puerta del Sol,40.41004677243245,-3.641286562547588,evening_departure_1800,Salida del destino a las 18:00,from_destination,2026-07-29,2026-07-29T18:00:00+02:00,2026-07-28T18:09:13.936917+02:00,success,3,[],,0.9580715000047348
MAD-143|DEST_002|morning_arrival_0900,MAD-143,Marroquina,Moratalaz,40.41004677243245,-3.641286562547588,DEST_002,Nuevos Ministerios,40.44661,-3.692436,morning_arrival_0900,Llegada al destino a las 09:00,to_destination,2026-07-29,2026-07-29T09:00:00+02:00,2026-07-28T18:09:14.895857+02:00,success,3,[],,2.3235909000068204
MAD-143|DEST_002|evening_departure_1800,MAD-143,Marroquina,Moratalaz,40.44661,-3.692436,DEST_002,Nuevos Ministerios,40.41004677243245,-3.641286562547588,evening_departure_1800,Salida del destino a las 18:00,from_destination,2026-07-29,2026-07-29T18:00:00+02:00,2026-07-28T18:09:17.220057+02:00,success,3,[],,2.455855099993641
MAD-143|DEST_003|morning_arrival_0900,MAD-143,Marroquina,Moratalaz,40.41004677243245,-3.641286562547588,DEST_003,UC3M Campus de Leganés,40.331755,-3.765697,morning_arrival_0900,Llegada al destino a las 09:00,to_destination,2026-07-29,2026-07-29T09:00:00+02:00,2026-07-28T18:09:19.676735+02:00,success,3,[],,2.4361341999901924
MAD-143|DEST_003|evening_departure_1800,MAD-143,Marroquina,Moratalaz,40.331755,-3.765697,DEST_003,UC3M Campus de Leganés,40.41004677243245,-3.641286562547588,evening_departure_1800,Salida del destino a las 18:00,from_destination,2026-07-29,2026-07-29T18:00:00+02:00,2026-07-28T18:09:22.113335+02:00,success,3,[],,0.5212226000003284
MAD-144|DEST_001|morning_arrival_0900,MAD-144,Media Legua,Moratalaz,40.4119490069539,-3.657061746035302,DEST_001,Puerta del Sol,40.416775,-3.70379,morning_arrival_0900,Llegada al destino a las 09:00,to_destination,2026-07-29,2026-07-29T09:00:00+02:00,2026-07-28T18:09:22.635919+02:00,success,3,[],,0.5704266999964602
MAD-144|DEST_001|evening_departure_1800,MAD-144,Media Legua,Moratalaz,40.416775,-3.70379,DEST_001,Puerta del Sol,40.4119490069539,-3.657061746035302,evening_departure_1800,Salida del destino a las 18:00,from_destination,2026-07-29,2026-07-29T18:00:00+02:00,2026-07-28T18:09:23.206692+02:00,success,3,[],,0.8079443000024185
MAD-144|DEST_002|morning_arrival_0900,MAD-144,Media Legua,Moratalaz,40.4119490069539,-3.657061746035302,DEST_002,Nuevos Ministerios,40.44661,-3.692436,morning_arrival_0900,Llegada al destino a las 09:00,to_destination,2026-07-29,2026-07-29T09:00:00+02:00,2026-07-28T18:09:24.015457+02:00,success,3,[],,0.9706876999989618
MAD-144|DEST_002|evening_departure_1800,MAD-144,Media Legua,Moratalaz,40.44661,-3.692436,DEST_002,Nuevos Ministerios,40.4119490069539,-3.657061746035302,evening_departure_1800,Salida del destino a las 18:00,from_destination,2026-07-29,2026-07-29T18:00:00+02:00,2026-07-28T18:09:24.986563+02:00,success,3,[],,1.3766979000065476
MAD-144|DEST_003|morning_arrival_0900,MAD-144,Media Legua,Moratalaz,40.4119490069539,-3.657061746035302,DEST_003,UC3M Campus de Leganés,40.331755,-3.765697,morning_arrival_0900,Llegada al destino a las 09:00,to_destination,2026-07-29,2026-07-29T09:00:00+02:00,2026-07-28T18:09:26.661918+02:00,success,3,[],,2.4745390999887604
MAD-144|DEST_003|evening_departure_1800,MAD-144,Media Legua,Moratalaz,40.331755,-3.765697,DEST_003,UC3M Campus de Leganés,40.4119490069539,-3.657061746035302,evening_departure_1800,Salida del destino a las 18:00,from_destination,2026-07-29,2026-07-29T18:00:00+02:00,2026-07-28T18:09:29.136969+02:00,success,3,[],,0.6043445999966934
MAD-145|DEST_001|morning_arrival_0900,MAD-145,Fontarrón,Moratalaz,40.4017098256343,-3.644320900412743,DEST_001,Puerta del Sol,40.416775,-3.70379,morning_arrival_0900,Llegada al destino a las 09:00,to_destination,2026-07-29,2026-07-29T09:00:00+02:00,2026-07-28T18:09:29.743289+02:00,success,3,[],,0.6493690999923274
MAD-145|DEST_001|evening_departure_1800,MAD-145,Fontarrón,Moratalaz,40.416775,-3.70379,DEST_001,Puerta del Sol,40.4017098256343,-3.644320900412743,evening_departure_1800,Salida del destino a las 18:00,from_destination,2026-07-29,2026-07-29T18:00:00+02:00,2026-07-28T18:09:30.393145+02:00,success,3,[],,1.154923099995358
MAD-145|DEST_002|morning_arrival_0900,MAD-145,Fontarrón,Moratalaz,40.4017098256343,-3.644320900412743,DEST_002,Nuevos Ministerios,40.44661,-3.692436,morning_arrival_0900,Llegada al destino a las 09:00,to_destination,2026-07-29,2026-07-29T09:00:00+02:00,2026-07-28T18:09:31.548778+02:00,success,3,[],,1.506241900002351
MAD-145|DEST_002|evening_departure_1800,MAD-145,Fontarrón,Moratalaz,40.44661,-3.692436,DEST_002,Nuevos Ministerios,40.4017098256343,-3.644320900412743,evening_departure_1800,Salida del destino a las 18:00,from_destination,2026-07-29,2026-07-29T18:00:00+02:00,2026-07-28T18:09:33.055455+02:00,success,3,[],,1.2507150000019465
MAD-145|DEST_003|morning_arrival_0900,MAD-145,Fontarrón,Moratalaz,40.4017098256343,-3.644320900412743,DEST_003,UC3M Campus de Leganés,40.331755,-3.765697,morning_arrival_0900,Llegada al destino a las 09:00,to_destination,2026-07-29,2026-07-29T09:00:00+02:00,2026-07-28T18:09:34.308054+02:00,success,3,[],,1.5879301999957534
MAD-145|DEST_003|evening_departure_1800,MAD-145,Fontarrón,Moratalaz,40.331755,-3.765697,DEST_003,UC3M Campus de Leganés,40.4017098256343,-3.644320900412743,evening_departure_1800,Salida del destino a las 18:00,from_destination,2026-07-29,2026-07-29T18:00:00+02:00,2026-07-28T18:09:35.896775+02:00,success,3,[],,0.4389771999994991
MAD-146|DEST_001|morning_arrival_0900,MAD-146,Vinateros,Moratalaz,40.40534438789379,-3.6446444784671033,DEST_001,Puerta del Sol,40.416775,-3.70379,morning_arrival_0900,Llegada al destino a las 09:00,to_destination,2026-07-29,2026-07-29T09:00:00+02:00,2026-07-28T18:09:36.337301+02:00,success,3,[],,0.425086300005205
MAD-146|DEST_001|evening_departure_1800,MAD-146,Vinateros,Moratalaz,40.416775,-3.70379,DEST_001,Puerta del Sol,40.40534438789379,-3.6446444784671033,evening_departure_1800,Salida del destino a las 18:00,from_destination,2026-07-29,2026-07-29T18:00:00+02:00,2026-07-28T18:09:36.762738+02:00,success,3,[],,0.7111279999953695
MAD-146|DEST_002|morning_arrival_0900,MAD-146,Vinateros,Moratalaz,40.40534438789379,-3.6446444784671033,DEST_002,Nuevos Ministerios,40.44661,-3.692436,morning_arrival_0900,Llegada al destino a las 09:00,to_destination,2026-07-29,2026-07-29T09:00:00+02:00,2026-07-28T18:09:37.809286+02:00,success,3,[],,1.2773390999936964
MAD-146|DEST_002|evening_departure_1800,MAD-146,Vinateros,Moratalaz,40.44661,-3.692436,DEST_002,Nuevos Ministerios,40.40534438789379,-3.6446444784671033,evening_departure_1800,Salida del destino a las 18:00,from_destination,2026-07-29,2026-07-29T18:00:00+02:00,2026-07-28T18:09:39.087022+02:00,success,3,[],,1.891016800000216
MAD-146|DEST_003|morning_arrival_0900,MAD-146,Vinateros,Moratalaz,40.40534438789379,-3.6446444784671033,DEST_003,UC3M Campus de Leganés,40.331755,-3.765697,morning_arrival_0900,Llegada al destino a las 09:00,to_destination,2026-07-29,2026-07-29T09:00:00+02:00,2026-07-28T18:09:40.979019+02:00,success,3,[],,1.5922599000041373
MAD-146|DEST_003|evening_departure_1800,MAD-146,Vinateros,Moratalaz,40.331755,-3.765697,DEST_003,UC3M Campus de Leganés,40.40534438789379,-3.6446444784671033,evening_departure_1800,Salida del destino a las 18:00,from_destination,2026-07-29,2026-07-29T18:00:00+02:00,2026-07-28T18:09:42.572005+02:00,success,3,[],,0.5154611000034492
MAD-151|DEST_001|morning_arrival_0900,MAD-151,Ventas,Ciudad Lineal,40.4235334721259,-3.649845514014003,DEST_001,Puerta del Sol,40.416775,-3.70379,morning_arrival_0900,Llegada al destino a las 09:00,to_destination,2026-07-29,2026-07-29T09:00:00+02:00,2026-07-28T18:09:43.088789+02:00,success,3,[],,1.467406100011431
MAD-151|DEST_001|evening_departure_1800,MAD-151,Ventas,Ciudad Lineal,40.416775,-3.70379,DEST_001,Puerta del Sol,40.4235334721259,-3.649845514014003,evening_departure_1800,Salida del destino a las 18:00,from_destination,2026-07-29,2026-07-29T18:00:00+02:00,2026-07-28T18:09:44.556634+02:00,success,3,[],,1.72488149999117
MAD-151|DEST_002|morning_arrival_0900,MAD-151,Ventas,Ciudad Lineal,40.4235334721259,-3.649845514014003,DEST_002,Nuevos Ministerios,40.44661,-3.692436,morning_arrival_0900,Llegada al destino a las 09:00,to_destination,2026-07-29,2026-07-29T09:00:00+02:00,2026-07-28T18:09:46.282324+02:00,success,3,[],,0.9376563999976496
MAD-151|DEST_002|evening_departure_1800,MAD-151,Ventas,Ciudad Lineal,40.44661,-3.692436,DEST_002,Nuevos Ministerios,40.4235334721259,-3.649845514014003,evening_departure_1800,Salida del destino a las 18:00,from_destination,2026-07-29,2026-07-29T18:00:00+02:00,2026-07-28T18:09:47.220377+02:00,success,3,[],,0.9021499999944352
MAD-151|DEST_003|morning_arrival_0900,MAD-151,Ventas,Ciudad Lineal,40.4235334721259,-3.649845514014003,DEST_003,UC3M Campus de Leganés,40.331755,-3.765697,morning_arrival_0900,Llegada al destino a las 09:00,to_destination,2026-07-29,2026-07-29T09:00:00+02:00,2026-07-28T18:09:48.123398+02:00,success,3,[],,4.434412899994641
MAD-151|DEST_003|evening_departure_1800,MAD-151,Ventas,Ciudad Lineal,40.331755,-3.765697,DEST_003,UC3M Campus de Leganés,40.4235334721259,-3.649845514014003,evening_departure_1800,Salida del destino a las 18:00,from_destination,2026-07-29,2026-07-29T18:00:00+02:00,2026-07-28T18:09:52.558868+02:00,success,3,[],,0.6898000999935903
MAD-152|DEST_001|morning_arrival_0900,MAD-152,Pueblo Nuevo,Ciudad Lineal,40.42519992802072,-3.636002926225509,DEST_001,Puerta del Sol,40.416775,-3.70379,morning_arrival_0900,Llegada al destino a las 09:00,to_destination,2026-07-29,2026-07-29T09:00:00+02:00,2026-07-28T18:09:53.504744+02:00,success,3,[],,0.8250817999942228
MAD-152|DEST_001|evening_departure_1800,MAD-152,Pueblo Nuevo,Ciudad Lineal,40.416775,-3.70379,DEST_001,Puerta del Sol,40.42519992802072,-3.636002926225509,evening_departure_1800,Salida del destino a las 18:00,from_destination,2026-07-29,2026-07-29T18:00:00+02:00,2026-07-28T18:09:54.330324+02:00,success,3,[],,0.4830351999989943
MAD-152|DEST_002|morning_arrival_0900,MAD-152,Pueblo Nuevo,Ciudad Lineal,40.42519992802072,-3.636002926225509,DEST_002,Nuevos Ministerios,40.44661,-3.692436,morning_arrival_0900,Llegada al destino a las 09:00,to_destination,2026-07-29,2026-07-29T09:00:00+02:00,2026-07-28T18:09:54.814014+02:00,success,3,[],,2.7068204000097467
MAD-152|DEST_002|evening_departure_1800,MAD-152,Pueblo Nuevo,Ciudad Lineal,40.44661,-3.692436,DEST_002,Nuevos Ministerios,40.42519992802072,-3.636002926225509,evening_departure_1800,Salida del destino a las 18:00,from_destination,2026-07-29,2026-07-29T18:00:00+02:00,2026-07-28T18:09:57.521255+02:00,success,3,[],,2.0603905000025406
MAD-152|DEST_003|morning_arrival_0900,MAD-152,Pueblo Nuevo,Ciudad Lineal,40.42519992802072,-3.636002926225509,DEST_003,UC3M Campus de Leganés,40.331755,-3.765697,morning_arrival_0900,Llegada al destino a las 09:00,to_destination,2026-07-29,2026-07-29T09:00:00+02:00,2026-07-28T18:09:59.582299+02:00,success,3,[],,3.584539899995434
MAD-152|DEST_003|evening_departure_1800,MAD-152,Pueblo Nuevo,Ciudad Lineal,40.331755,-3.765697,DEST_003,UC3M Campus de Leganés,40.42519992802072,-3.636002926225509,evening_departure_1800,Salida del destino a las 18:00,from_destination,2026-07-29,2026-07-29T18:00:00+02:00,2026-07-28T18:10:03.167303+02:00,success,3,[],,0.7745375000085915
MAD-153|DEST_001|morning_arrival_0900,MAD-153,Quintana,Ciudad Lineal,40.43757402238119,-3.6431573099197454,DEST_001,Puerta del Sol,40.416775,-3.70379,morning_arrival_0900,Llegada al destino a las 09:00,to_destination,2026-07-29,2026-07-29T09:00:00+02:00,2026-07-28T18:10:03.944368+02:00,success,3,[],,0.9299887000088348
MAD-153|DEST_001|evening_departure_1800,MAD-153,Quintana,Ciudad Lineal,40.416775,-3.70379,DEST_001,Puerta del Sol,40.43757402238119,-3.6431573099197454,evening_departure_1800,Salida del destino a las 18:00,from_destination,2026-07-29,2026-07-29T18:00:00+02:00,2026-07-28T18:10:04.874798+02:00,success,3,[],,0.7446599999966566
MAD-153|DEST_002|morning_arrival_0900,MAD-153,Quintana,Ciudad Lineal,40.43757402238119,-3.6431573099197454,DEST_002,Nuevos Ministerios,40.44661,-3.692436,morning_arrival_0900,Llegada al destino a las 09:00,to_destination,2026-07-29,2026-07-29T09:00:00+02:00,2026-07-28T18:10:05.620142+02:00,success,3,[],,1.2715713000070537
MAD-153|DEST_002|evening_departure_1800,MAD-153,Quintana,Ciudad Lineal,40.44661,-3.692436,DEST_002,Nuevos Ministerios,40.43757402238119,-3.6431573099197454,evening_departure_1800,Salida del destino a las 18:00,from_destination,2026-07-29,2026-07-29T18:00:00+02:00,2026-07-28T18:10:06.892419+02:00,success,3,[],,1.2284079999953974
MAD-153|DEST_003|morning_arrival_0900,MAD-153,Quintana,Ciudad Lineal,40.43757402238119,-3.6431573099197454,DEST_003,UC3M Campus de Leganés,40.331755,-3.765697,morning_arrival_0900,Llegada al destino a las 09:00,to_destination,2026-07-29,2026-07-29T09:00:00+02:00,2026-07-28T18:10:08.550818+02:00,success,3,[],,4.248852899996564
MAD-153|DEST_003|evening_departure_1800,MAD-153,Quintana,Ciudad Lineal,40.331755,-3.765697,DEST_003,UC3M Campus de Leganés,40.43757402238119,-3.6431573099197454,evening_departure_1800,Salida del destino a las 18:00,from_destination,2026-07-29,2026-07-29T18:00:00+02:00,2026-07-28T18:10:12.800097+02:00,success,3,[],,0.8057507000048645
MAD-154|DEST_001|morning_arrival_0900,MAD-154,La Concepción,Ciudad Lineal,40.43922008562731,-3.648790741188324,DEST_001,Puerta del Sol,40.416775,-3.70379,morning_arrival_0900,Llegada al destino a las 09:00,to_destination,2026-07-29,2026-07-29T09:00:00+02:00,2026-07-28T18:10:13.607299+02:00,success,3,[],,0.9130779999977676
MAD-154|DEST_001|evening_departure_1800,MAD-154,La Concepción,Ciudad Lineal,40.416775,-3.70379,DEST_001,Puerta del Sol,40.43922008562731,-3.648790741188324,evening_departure_1800,Salida del destino a las 18:00,from_destination,2026-07-29,2026-07-29T18:00:00+02:00,2026-07-28T18:10:14.520847+02:00,success,3,[],,0.9854589000024134
MAD-154|DEST_002|morning_arrival_0900,MAD-154,La Concepción,Ciudad Lineal,40.43922008562731,-3.648790741188324,DEST_002,Nuevos Ministerios,40.44661,-3.692436,morning_arrival_0900,Llegada al destino a las 09:00,to_destination,2026-07-29,2026-07-29T09:00:00+02:00,2026-07-28T18:10:15.507250+02:00,success,3,[],,1.6848980000067968
MAD-154|DEST_002|evening_departure_1800,MAD-154,La Concepción,Ciudad Lineal,40.44661,-3.692436,DEST_002,Nuevos Ministerios,40.43922008562731,-3.648790741188324,evening_departure_1800,Salida del destino a las 18:00,from_destination,2026-07-29,2026-07-29T18:00:00+02:00,2026-07-28T18:10:17.192680+02:00,success,3,[],,2.9097773999965284
MAD-154|DEST_003|morning_arrival_0900,MAD-154,La Concepción,Ciudad Lineal,40.43922008562731,-3.648790741188324,DEST_003,UC3M Campus de Leganés,40.331755,-3.765697,morning_arrival_0900,Llegada al destino a las 09:00,to_destination,2026-07-29,2026-07-29T09:00:00+02:00,2026-07-28T18:10:20.103160+02:00,success,3,[],,3.1394805000018096
MAD-154|DEST_003|evening_departure_1800,MAD-154,La Concepción,Ciudad Lineal,40.331755,-3.765697,DEST_003,UC3M Campus de Leganés,40.43922008562731,-3.648790741188324,evening_departure_1800,Salida del destino a las 18:00,from_destination,2026-07-29,2026-07-29T18:00:00+02:00,2026-07-28T18:10:23.243361+02:00,success,3,[],,0.6736689000099432
MAD-155|DEST_001|morning_arrival_0900,MAD-155,San Pascual,Ciudad Lineal,40.442986830647904,-3.653834739843244,DEST_001,Puerta del Sol,40.416775,-3.70379,morning_arrival_0900,Llegada al destino a las 09:00,to_destination,2026-07-29,2026-07-29T09:00:00+02:00,2026-07-28T18:10:23.918393+02:00,success,3,[],,0.5443177999986801
MAD-155|DEST_001|evening_departure_1800,MAD-155,San Pascual,Ciudad Lineal,40.416775,-3.70379,DEST_001,Puerta del Sol,40.442986830647904,-3.653834739843244,evening_departure_1800,Salida del destino a las 18:00,from_destination,2026-07-29,2026-07-29T18:00:00+02:00,2026-07-28T18:10:24.463341+02:00,success,3,[],,2.093277499996475
MAD-155|DEST_002|morning_arrival_0900,MAD-155,San Pascual,Ciudad Lineal,40.442986830647904,-3.653834739843244,DEST_002,Nuevos Ministerios,40.44661,-3.692436,morning_arrival_0900,Llegada al destino a las 09:00,to_destination,2026-07-29,2026-07-29T09:00:00+02:00,2026-07-28T18:10:26.824971+02:00,success,3,[],,3.075853600006667
MAD-155|DEST_002|evening_departure_1800,MAD-155,San Pascual,Ciudad Lineal,40.44661,-3.692436,DEST_002,Nuevos Ministerios,40.442986830647904,-3.653834739843244,evening_departure_1800,Salida del destino a las 18:00,from_destination,2026-07-29,2026-07-29T18:00:00+02:00,2026-07-28T18:10:29.901412+02:00,success,3,[],,1.4014967999974033
MAD-155|DEST_003|morning_arrival_0900,MAD-155,San Pascual,Ciudad Lineal,40.442986830647904,-3.653834739843244,DEST_003,UC3M Campus de Leganés,40.331755,-3.765697,morning_arrival_0900,Llegada al destino a las 09:00,to_destination,2026-07-29,2026-07-29T09:00:00+02:00,2026-07-28T18:10:31.303840+02:00,success,3,[],,4.025822400013567
MAD-155|DEST_003|evening_departure_1800,MAD-155,San Pascual,Ciudad Lineal,40.331755,-3.765697,DEST_003,UC3M Campus de Leganés,40.442986830647904,-3.653834739843244,evening_departure_1800,Salida del destino a las 18:00,from_destination,2026-07-29,2026-07-29T18:00:00+02:00,2026-07-28T18:10:35.330222+02:00,success,3,[],,0.7643103000009432
MAD-156|DEST_001|morning_arrival_0900,MAD-156,San Juan Bautista,Ciudad Lineal,40.45064655429456,-3.655837950556051,DEST_001,Puerta del Sol,40.416775,-3.70379,morning_arrival_0900,Llegada al destino a las 09:00,to_destination,2026-07-29,2026-07-29T09:00:00+02:00,2026-07-28T18:10:36.095832+02:00,success,3,[],,0.8520072000101209
MAD-156|DEST_001|evening_departure_1800,MAD-156,San Juan Bautista,Ciudad Lineal,40.416775,-3.70379,DEST_001,Puerta del Sol,40.45064655429456,-3.655837950556051,evening_departure_1800,Salida del destino a las 18:00,from_destination,2026-07-29,2026-07-29T18:00:00+02:00,2026-07-28T18:10:36.948320+02:00,success,3,[],,0.9959165000036592
MAD-156|DEST_002|morning_arrival_0900,MAD-156,San Juan Bautista,Ciudad Lineal,40.45064655429456,-3.655837950556051,DEST_002,Nuevos Ministerios,40.44661,-3.692436,morning_arrival_0900,Llegada al destino a las 09:00,to_destination,2026-07-29,2026-07-29T09:00:00+02:00,2026-07-28T18:10:37.944912+02:00,success,3,[],,1.5145014000008814
MAD-156|DEST_002|evening_departure_1800,MAD-156,San Juan Bautista,Ciudad Lineal,40.44661,-3.692436,DEST_002,Nuevos Ministerios,40.45064655429456,-3.655837950556051,evening_departure_1800,Salida del destino a las 18:00,from_destination,2026-07-29,2026-07-29T18:00:00+02:00,2026-07-28T18:10:39.459937+02:00,success,3,[],,0.8318806999886874
MAD-156|DEST_003|morning_arrival_0900,MAD-156,San Juan Bautista,Ciudad Lineal,40.45064655429456,-3.655837950556051,DEST_003,UC3M Campus de Leganés,40.331755,-3.765697,morning_arrival_0900,Llegada al destino a las 09:00,to_destination,2026-07-29,2026-07-29T09:00:00+02:00,2026-07-28T18:10:40.292427+02:00,success,3,[],,3.18578850000631
MAD-156|DEST_003|evening_departure_1800,MAD-156,San Juan Bautista,Ciudad Lineal,40.331755,-3.765697,DEST_003,UC3M Campus de Leganés,40.45064655429456,-3.655837950556051,evening_departure_1800,Salida del destino a las 18:00,from_destination,2026-07-29,2026-07-29T18:00:00+02:00,2026-07-28T18:10:43.478849+02:00,success,3,[],,0.8024851000081981
MAD-157|DEST_001|morning_arrival_0900,MAD-157,Colina,Ciudad Lineal,40.458163952165926,-3.65976399884166,DEST_001,Puerta del Sol,40.416775,-3.70379,morning_arrival_0900,Llegada al destino a las 09:00,to_destination,2026-07-29,2026-07-29T09:00:00+02:00,2026-07-28T18:10:44.541615+02:00,success,3,[],,0.5966360000020359
MAD-157|DEST_001|evening_departure_1800,MAD-157,Colina,Ciudad Lineal,40.416775,-3.70379,DEST_001,Puerta del Sol,40.458163952165926,-3.65976399884166,evening_departure_1800,Salida del destino a las 18:00,from_destination,2026-07-29,2026-07-29T18:00:00+02:00,2026-07-28T18:10:45.138647+02:00,success,3,[],,0.7583788999909302
MAD-157|DEST_002|morning_arrival_0900,MAD-157,Colina,Ciudad Lineal,40.458163952165926,-3.65976399884166,DEST_002,Nuevos Ministerios,40.44661,-3.692436,morning_arrival_0900,Llegada al destino a las 09:00,to_destination,2026-07-29,2026-07-29T09:00:00+02:00,2026-07-28T18:10:45.897803+02:00,success,3,[],,1.0659688000014285
MAD-157|DEST_002|evening_departure_1800,MAD-157,Colina,Ciudad Lineal,40.44661,-3.692436,DEST_002,Nuevos Ministerios,40.458163952165926,-3.65976399884166,evening_departure_1800,Salida del destino a las 18:00,from_destination,2026-07-29,2026-07-29T18:00:00+02:00,2026-07-28T18:10:46.964192+02:00,success,3,[],,1.0151281999860655
MAD-157|DEST_003|morning_arrival_0900,MAD-157,Colina,Ciudad Lineal,40.458163952165926,-3.65976399884166,DEST_003,UC3M Campus de Leganés,40.331755,-3.765697,morning_arrival_0900,Llegada al destino a las 09:00,to_destination,2026-07-29,2026-07-29T09:00:00+02:00,2026-07-28T18:10:47.980069+02:00,success,3,[],,3.650645599991549
MAD-157|DEST_003|evening_departure_1800,MAD-157,Colina,Ciudad Lineal,40.331755,-3.765697,DEST_003,UC3M Campus de Leganés,40.458163952165926,-3.65976399884166,evening_departure_1800,Salida del destino a las 18:00,from_destination,2026-07-29,2026-07-29T18:00:00+02:00,2026-07-28T18:10:51.631192+02:00,success,3,[],,0.7473499999905471
MAD-158|DEST_001|morning_arrival_0900,MAD-158,Atalaya,Ciudad Lineal,40.46370573517556,-3.664553763953936,DEST_001,Puerta del Sol,40.416775,-3.70379,morning_arrival_0900,Llegada al destino a las 09:00,to_destination,2026-07-29,2026-07-29T09:00:00+02:00,2026-07-28T18:10:52.379918+02:00,success,3,[],,0.8387652999954298
MAD-158|DEST_001|evening_departure_1800,MAD-158,Atalaya,Ciudad Lineal,40.416775,-3.70379,DEST_001,Puerta del Sol,40.46370573517556,-3.664553763953936,evening_departure_1800,Salida del destino a las 18:00,from_destination,2026-07-29,2026-07-29T18:00:00+02:00,2026-07-28T18:10:53.219100+02:00,success,3,[],,1.00887689999945
MAD-158|DEST_002|morning_arrival_0900,MAD-158,Atalaya,Ciudad Lineal,40.46370573517556,-3.664553763953936,DEST_002,Nuevos Ministerios,40.44661,-3.692436,morning_arrival_0900,Llegada al destino a las 09:00,to_destination,2026-07-29,2026-07-29T09:00:00+02:00,2026-07-28T18:10:54.228682+02:00,success,3,[],,1.3312546999950428
MAD-158|DEST_002|evening_departure_1800,MAD-158,Atalaya,Ciudad Lineal,40.44661,-3.692436,DEST_002,Nuevos Ministerios,40.46370573517556,-3.664553763953936,evening_departure_1800,Salida del destino a las 18:00,from_destination,2026-07-29,2026-07-29T18:00:00+02:00,2026-07-28T18:10:55.560583+02:00,success,3,[],,0.8298068000003695
MAD-158|DEST_003|morning_arrival_0900,MAD-158,Atalaya,Ciudad Lineal,40.46370573517556,-3.664553763953936,DEST_003,UC3M Campus de Leganés,40.331755,-3.765697,morning_arrival_0900,Llegada al destino a las 09:00,to_destination,2026-07-29,2026-07-29T09:00:00+02:00,2026-07-28T18:10:56.677173+02:00,success,3,[],,5.60441179999907
MAD-158|DEST_003|evening_departure_1800,MAD-158,Atalaya,Ciudad Lineal,40.331755,-3.765697,DEST_003,UC3M Campus de Leganés,40.46370573517556,-3.664553763953936,evening_departure_1800,Salida del destino a las 18:00,from_destination,2026-07-29,2026-07-29T18:00:00+02:00,2026-07-28T18:11:02.282058+02:00,success,3,[],,0.7573257999902125
MAD-159|DEST_001|morning_arrival_0900,MAD-159,Costillares,Ciudad Lineal,40.47539628405521,-3.6698630154562255,DEST_001,Puerta del Sol,40.416775,-3.70379,morning_arrival_0900,Llegada al destino a las 09:00,to_destination,2026-07-29,2026-07-29T09:00:00+02:00,2026-07-28T18:11:03.040519+02:00,no_route,0,"[{""code"":""NO_STOPS_IN_RANGE"",""description"":""The location was found, but no stops could be found within the search radius."",""inputField"":""FROM""}]",,0.5949303999950644
MAD-159|DEST_001|evening_departure_1800,MAD-159,Costillares,Ciudad Lineal,40.416775,-3.70379,DEST_001,Puerta del Sol,40.47539628405521,-3.6698630154562255,evening_departure_1800,Salida del destino a las 18:00,from_destination,2026-07-29,2026-07-29T18:00:00+02:00,2026-07-28T18:11:03.635650+02:00,no_route,0,"[{""code"":""NO_STOPS_IN_RANGE"",""description"":""The location was found, but no stops could be found within the search radius."",""inputField"":""TO""}]",,0.6363631000131136
MAD-159|DEST_002|morning_arrival_0900,MAD-159,Costillares,Ciudad Lineal,40.47539628405521,-3.6698630154562255,DEST_002,Nuevos Ministerios,40.44661,-3.692436,morning_arrival_0900,Llegada al destino a las 09:00,to_destination,2026-07-29,2026-07-29T09:00:00+02:00,2026-07-28T18:11:04.272454+02:00,no_route,0,"[{""code"":""NO_STOPS_IN_RANGE"",""description"":""The location was found, but no stops could be found within the search radius."",""inputField"":""FROM""}]",,0.5912269999971613
MAD-159|DEST_002|evening_departure_1800,MAD-159,Costillares,Ciudad Lineal,40.44661,-3.692436,DEST_002,Nuevos Ministerios,40.47539628405521,-3.6698630154562255,evening_departure_1800,Salida del destino a las 18:00,from_destination,2026-07-29,2026-07-29T18:00:00+02:00,2026-07-28T18:11:04.863867+02:00,no_route,0,"[{""code"":""NO_STOPS_IN_RANGE"",""description"":""The location was found, but no stops could be found within the search radius."",""inputField"":""TO""}]",,0.8208832999953302
MAD-159|DEST_003|morning_arrival_0900,MAD-159,Costillares,Ciudad Lineal,40.47539628405521,-3.6698630154562255,DEST_003,UC3M Campus de Leganés,40.331755,-3.765697,morning_arrival_0900,Llegada al destino a las 09:00,to_destination,2026-07-29,2026-07-29T09:00:00+02:00,2026-07-28T18:11:05.685297+02:00,no_route,0,"[{""code"":""NO_STOPS_IN_RANGE"",""description"":""The location was found, but no stops could be found within the search radius."",""inputField"":""FROM""}]",,0.5947987999970792
MAD-159|DEST_003|evening_departure_1800,MAD-159,Costillares,Ciudad Lineal,40.331755,-3.765697,DEST_003,UC3M Campus de Leganés,40.47539628405521,-3.6698630154562255,evening_departure_1800,Salida del destino a las 18:00,from_destination,2026-07-29,2026-07-29T18:00:00+02:00,2026-07-28T18:11:06.280304+02:00,no_route,0,"[{""code"":""NO_STOPS_IN_RANGE"",""description"":""The location was found, but no stops could be found within the search radius."",""inputField"":""TO""}]",,0.4027700000006007
MAD-161|DEST_001|morning_arrival_0900,MAD-161,Palomas,Hortaleza,40.4540101090425,-3.616167314474427,DEST_001,Puerta del Sol,40.416775,-3.70379,morning_arrival_0900,Llegada al destino a las 09:00,to_destination,2026-07-29,2026-07-29T09:00:00+02:00,2026-07-28T18:11:06.684209+02:00,success,3,[],,0.7388871000002837
MAD-161|DEST_001|evening_departure_1800,MAD-161,Palomas,Hortaleza,40.416775,-3.70379,DEST_001,Puerta del Sol,40.4540101090425,-3.616167314474427,evening_departure_1800,Salida del destino a las 18:00,from_destination,2026-07-29,2026-07-29T18:00:00+02:00,2026-07-28T18:11:07.423463+02:00,success,3,[],,0.6495302999974228
MAD-161|DEST_002|morning_arrival_0900,MAD-161,Palomas,Hortaleza,40.4540101090425,-3.616167314474427,DEST_002,Nuevos Ministerios,40.44661,-3.692436,morning_arrival_0900,Llegada al destino a las 09:00,to_destination,2026-07-29,2026-07-29T09:00:00+02:00,2026-07-28T18:11:08.403266+02:00,success,3,[],,0.4507489999959944
MAD-161|DEST_002|evening_departure_1800,MAD-161,Palomas,Hortaleza,40.44661,-3.692436,DEST_002,Nuevos Ministerios,40.4540101090425,-3.616167314474427,evening_departure_1800,Salida del destino a las 18:00,from_destination,2026-07-29,2026-07-29T18:00:00+02:00,2026-07-28T18:11:08.854400+02:00,success,3,[],,0.5252438000024995
MAD-161|DEST_003|morning_arrival_0900,MAD-161,Palomas,Hortaleza,40.4540101090425,-3.616167314474427,DEST_003,UC3M Campus de Leganés,40.331755,-3.765697,morning_arrival_0900,Llegada al destino a las 09:00,to_destination,2026-07-29,2026-07-29T09:00:00+02:00,2026-07-28T18:11:09.380308+02:00,success,3,[],,4.519905799999833
MAD-161|DEST_003|evening_departure_1800,MAD-161,Palomas,Hortaleza,40.331755,-3.765697,DEST_003,UC3M Campus de Leganés,40.4540101090425,-3.616167314474427,evening_departure_1800,Salida del destino a las 18:00,from_destination,2026-07-29,2026-07-29T18:00:00+02:00,2026-07-28T18:11:13.901496+02:00,success,3,[],,0.8775204999983544
MAD-162|DEST_001|morning_arrival_0900,MAD-162,Piovera,Hortaleza,40.4556209070038,-3.636285201329396,DEST_001,Puerta del Sol,40.416775,-3.70379,morning_arrival_0900,Llegada al destino a las 09:00,to_destination,2026-07-29,2026-07-29T09:00:00+02:00,2026-07-28T18:11:14.780577+02:00,success,3,[],,0.7136376999987988
MAD-162|DEST_001|evening_departure_1800,MAD-162,Piovera,Hortaleza,40.416775,-3.70379,DEST_001,Puerta del Sol,40.4556209070038,-3.636285201329396,evening_departure_1800,Salida del destino a las 18:00,from_destination,2026-07-29,2026-07-29T18:00:00+02:00,2026-07-28T18:11:15.494874+02:00,success,3,[],,2.087102199991932
MAD-162|DEST_002|morning_arrival_0900,MAD-162,Piovera,Hortaleza,40.4556209070038,-3.636285201329396,DEST_002,Nuevos Ministerios,40.44661,-3.692436,morning_arrival_0900,Llegada al destino a las 09:00,to_destination,2026-07-29,2026-07-29T09:00:00+02:00,2026-07-28T18:11:17.582630+02:00,success,3,[],,0.5981142000091495
MAD-162|DEST_002|evening_departure_1800,MAD-162,Piovera,Hortaleza,40.44661,-3.692436,DEST_002,Nuevos Ministerios,40.4556209070038,-3.636285201329396,evening_departure_1800,Salida del destino a las 18:00,from_destination,2026-07-29,2026-07-29T18:00:00+02:00,2026-07-28T18:11:18.181514+02:00,success,3,[],,0.6576366999943275
MAD-162|DEST_003|morning_arrival_0900,MAD-162,Piovera,Hortaleza,40.4556209070038,-3.636285201329396,DEST_003,UC3M Campus de Leganés,40.331755,-3.765697,morning_arrival_0900,Llegada al destino a las 09:00,to_destination,2026-07-29,2026-07-29T09:00:00+02:00,2026-07-28T18:11:18.840000+02:00,success,3,[],,3.890530599994236
MAD-162|DEST_003|evening_departure_1800,MAD-162,Piovera,Hortaleza,40.331755,-3.765697,DEST_003,UC3M Campus de Leganés,40.4556209070038,-3.636285201329396,evening_departure_1800,Salida del destino a las 18:00,from_destination,2026-07-29,2026-07-29T18:00:00+02:00,2026-07-28T18:11:22.731295+02:00,success,3,[],,1.2648632000054931
MAD-163|DEST_001|morning_arrival_0900,MAD-163,Canillas,Hortaleza,40.46298463101707,-3.641644084647456,DEST_001,Puerta del Sol,40.416775,-3.70379,morning_arrival_0900,Llegada al destino a las 09:00,to_destination,2026-07-29,2026-07-29T09:00:00+02:00,2026-07-28T18:11:24.328585+02:00,success,3,[],,0.6413241999980528
MAD-163|DEST_001|evening_departure_1800,MAD-163,Canillas,Hortaleza,40.416775,-3.70379,DEST_001,Puerta del Sol,40.46298463101707,-3.641644084647456,evening_departure_1800,Salida del destino a las 18:00,from_destination,2026-07-29,2026-07-29T18:00:00+02:00,2026-07-28T18:11:24.970303+02:00,success,3,[],,2.016226000007009
MAD-163|DEST_002|morning_arrival_0900,MAD-163,Canillas,Hortaleza,40.46298463101707,-3.641644084647456,DEST_002,Nuevos Ministerios,40.44661,-3.692436,morning_arrival_0900,Llegada al destino a las 09:00,to_destination,2026-07-29,2026-07-29T09:00:00+02:00,2026-07-28T18:11:26.987331+02:00,success,3,[],,0.686269199999515
MAD-163|DEST_002|evening_departure_1800,MAD-163,Canillas,Hortaleza,40.44661,-3.692436,DEST_002,Nuevos Ministerios,40.46298463101707,-3.641644084647456,evening_departure_1800,Salida del destino a las 18:00,from_destination,2026-07-29,2026-07-29T18:00:00+02:00,2026-07-28T18:11:27.674642+02:00,success,3,[],,0.5214165999932447
MAD-163|DEST_003|morning_arrival_0900,MAD-163,Canillas,Hortaleza,40.46298463101707,-3.641644084647456,DEST_003,UC3M Campus de Leganés,40.331755,-3.765697,morning_arrival_0900,Llegada al destino a las 09:00,to_destination,2026-07-29,2026-07-29T09:00:00+02:00,2026-07-28T18:11:28.196725+02:00,success,3,[],,7.040342700012843
MAD-163|DEST_003|evening_departure_1800,MAD-163,Canillas,Hortaleza,40.331755,-3.765697,DEST_003,UC3M Campus de Leganés,40.46298463101707,-3.641644084647456,evening_departure_1800,Salida del destino a las 18:00,from_destination,2026-07-29,2026-07-29T18:00:00+02:00,2026-07-28T18:11:35.237601+02:00,success,3,[],,0.7944549000094412
MAD-164|DEST_001|morning_arrival_0900,MAD-164,Pinar del Rey,Hortaleza,40.471774781321294,-3.64434129404993,DEST_001,Puerta del Sol,40.416775,-3.70379,morning_arrival_0900,Llegada al destino a las 09:00,to_destination,2026-07-29,2026-07-29T09:00:00+02:00,2026-07-28T18:11:36.033070+02:00,success,3,[],,0.8395784000022104
MAD-164|DEST_001|evening_departure_1800,MAD-164,Pinar del Rey,Hortaleza,40.416775,-3.70379,DEST_001,Puerta del Sol,40.471774781321294,-3.64434129404993,evening_departure_1800,Salida del destino a las 18:00,from_destination,2026-07-29,2026-07-29T18:00:00+02:00,2026-07-28T18:11:36.872988+02:00,success,3,[],,1.7271924999949988
MAD-164|DEST_002|morning_arrival_0900,MAD-164,Pinar del Rey,Hortaleza,40.471774781321294,-3.64434129404993,DEST_002,Nuevos Ministerios,40.44661,-3.692436,morning_arrival_0900,Llegada al destino a las 09:00,to_destination,2026-07-29,2026-07-29T09:00:00+02:00,2026-07-28T18:11:38.600977+02:00,success,3,[],,1.9979807999916368
MAD-164|DEST_002|evening_departure_1800,MAD-164,Pinar del Rey,Hortaleza,40.44661,-3.692436,DEST_002,Nuevos Ministerios,40.471774781321294,-3.64434129404993,evening_departure_1800,Salida del destino a las 18:00,from_destination,2026-07-29,2026-07-29T18:00:00+02:00,2026-07-28T18:11:40.599681+02:00,success,3,[],,1.3404618999920783
MAD-164|DEST_003|morning_arrival_0900,MAD-164,Pinar del Rey,Hortaleza,40.471774781321294,-3.64434129404993,DEST_003,UC3M Campus de Leganés,40.331755,-3.765697,morning_arrival_0900,Llegada al destino a las 09:00,to_destination,2026-07-29,2026-07-29T09:00:00+02:00,2026-07-28T18:11:42.263271+02:00,success,3,[],,6.557679999998072
MAD-164|DEST_003|evening_departure_1800,MAD-164,Pinar del Rey,Hortaleza,40.331755,-3.765697,DEST_003,UC3M Campus de Leganés,40.471774781321294,-3.64434129404993,evening_departure_1800,Salida del destino a las 18:00,from_destination,2026-07-29,2026-07-29T18:00:00+02:00,2026-07-28T18:11:48.821746+02:00,success,3,[],,0.8302516000112519
MAD-165|DEST_001|morning_arrival_0900,MAD-165,Apóstol Santiago,Hortaleza,40.47523015786568,-3.660422268260034,DEST_001,Puerta del Sol,40.416775,-3.70379,morning_arrival_0900,Llegada al destino a las 09:00,to_destination,2026-07-29,2026-07-29T09:00:00+02:00,2026-07-28T18:11:49.653411+02:00,success,3,[],,1.6444342999893706
MAD-165|DEST_001|evening_departure_1800,MAD-165,Apóstol Santiago,Hortaleza,40.416775,-3.70379,DEST_001,Puerta del Sol,40.47523015786568,-3.660422268260034,evening_departure_1800,Salida del destino a las 18:00,from_destination,2026-07-29,2026-07-29T18:00:00+02:00,2026-07-28T18:11:51.298748+02:00,success,3,[],,1.874596499998006
MAD-165|DEST_002|morning_arrival_0900,MAD-165,Apóstol Santiago,Hortaleza,40.47523015786568,-3.660422268260034,DEST_002,Nuevos Ministerios,40.44661,-3.692436,morning_arrival_0900,Llegada al destino a las 09:00,to_destination,2026-07-29,2026-07-29T09:00:00+02:00,2026-07-28T18:11:53.174138+02:00,success,3,[],,0.7956110000086483
MAD-165|DEST_002|evening_departure_1800,MAD-165,Apóstol Santiago,Hortaleza,40.44661,-3.692436,DEST_002,Nuevos Ministerios,40.47523015786568,-3.660422268260034,evening_departure_1800,Salida del destino a las 18:00,from_destination,2026-07-29,2026-07-29T18:00:00+02:00,2026-07-28T18:11:53.970077+02:00,success,3,[],,0.5297267999994801
MAD-165|DEST_003|morning_arrival_0900,MAD-165,Apóstol Santiago,Hortaleza,40.47523015786568,-3.660422268260034,DEST_003,UC3M Campus de Leganés,40.331755,-3.765697,morning_arrival_0900,Llegada al destino a las 09:00,to_destination,2026-07-29,2026-07-29T09:00:00+02:00,2026-07-28T18:11:54.500368+02:00,success,3,[],,5.170802699998603
MAD-165|DEST_003|evening_departure_1800,MAD-165,Apóstol Santiago,Hortaleza,40.331755,-3.765697,DEST_003,UC3M Campus de Leganés,40.47523015786568,-3.660422268260034,evening_departure_1800,Salida del destino a las 18:00,from_destination,2026-07-29,2026-07-29T18:00:00+02:00,2026-07-28T18:11:59.672013+02:00,success,3,[],,1.611705500006792
MAD-166|DEST_001|morning_arrival_0900,MAD-166,Valdefuentes,Hortaleza,40.49088028744424,-3.637004324373653,DEST_001,Puerta del Sol,40.416775,-3.70379,morning_arrival_0900,Llegada al destino a las 09:00,to_destination,2026-07-29,2026-07-29T09:00:00+02:00,2026-07-28T18:12:01.285302+02:00,success,3,[],,1.0427617999957874
MAD-166|DEST_001|evening_departure_1800,MAD-166,Valdefuentes,Hortaleza,40.416775,-3.70379,DEST_001,Puerta del Sol,40.49088028744424,-3.637004324373653,evening_departure_1800,Salida del destino a las 18:00,from_destination,2026-07-29,2026-07-29T18:00:00+02:00,2026-07-28T18:12:02.328493+02:00,success,3,[],,2.429725099995266
MAD-166|DEST_002|morning_arrival_0900,MAD-166,Valdefuentes,Hortaleza,40.49088028744424,-3.637004324373653,DEST_002,Nuevos Ministerios,40.44661,-3.692436,morning_arrival_0900,Llegada al destino a las 09:00,to_destination,2026-07-29,2026-07-29T09:00:00+02:00,2026-07-28T18:12:05.048314+02:00,success,3,[],,1.1651547999936156
MAD-166|DEST_002|evening_departure_1800,MAD-166,Valdefuentes,Hortaleza,40.44661,-3.692436,DEST_002,Nuevos Ministerios,40.49088028744424,-3.637004324373653,evening_departure_1800,Salida del destino a las 18:00,from_destination,2026-07-29,2026-07-29T18:00:00+02:00,2026-07-28T18:12:06.213958+02:00,success,3,[],,1.7963049999962095
MAD-166|DEST_003|morning_arrival_0900,MAD-166,Valdefuentes,Hortaleza,40.49088028744424,-3.637004324373653,DEST_003,UC3M Campus de Leganés,40.331755,-3.765697,morning_arrival_0900,Llegada al destino a las 09:00,to_destination,2026-07-29,2026-07-29T09:00:00+02:00,2026-07-28T18:12:08.011095+02:00,success,3,[],,5.349618799999007
MAD-166|DEST_003|evening_departure_1800,MAD-166,Valdefuentes,Hortaleza,40.331755,-3.765697,DEST_003,UC3M Campus de Leganés,40.49088028744424,-3.637004324373653,evening_departure_1800,Salida del destino a las 18:00,from_destination,2026-07-29,2026-07-29T18:00:00+02:00,2026-07-28T18:12:13.361323+02:00,success,3,[],,1.107898899994325
MAD-171|DEST_001|morning_arrival_0900,MAD-171,Villaverde Alto - Casco Histórico de Villaverde,Villaverde,40.3430432910621,-3.7083639788142793,DEST_001,Puerta del Sol,40.416775,-3.70379,morning_arrival_0900,Llegada al destino a las 09:00,to_destination,2026-07-29,2026-07-29T09:00:00+02:00,2026-07-28T18:12:14.470754+02:00,success,3,[],,0.8256489999912446
MAD-171|DEST_001|evening_departure_1800,MAD-171,Villaverde Alto - Casco Histórico de Villaverde,Villaverde,40.416775,-3.70379,DEST_001,Puerta del Sol,40.3430432910621,-3.7083639788142793,evening_departure_1800,Salida del destino a las 18:00,from_destination,2026-07-29,2026-07-29T18:00:00+02:00,2026-07-28T18:12:15.297065+02:00,success,3,[],,1.203828900004737
MAD-171|DEST_002|morning_arrival_0900,MAD-171,Villaverde Alto - Casco Histórico de Villaverde,Villaverde,40.3430432910621,-3.7083639788142793,DEST_002,Nuevos Ministerios,40.44661,-3.692436,morning_arrival_0900,Llegada al destino a las 09:00,to_destination,2026-07-29,2026-07-29T09:00:00+02:00,2026-07-28T18:12:16.501778+02:00,success,3,[],,2.188756999996258
MAD-171|DEST_002|evening_departure_1800,MAD-171,Villaverde Alto - Casco Histórico de Villaverde,Villaverde,40.44661,-3.692436,DEST_002,Nuevos Ministerios,40.3430432910621,-3.7083639788142793,evening_departure_1800,Salida del destino a las 18:00,from_destination,2026-07-29,2026-07-29T18:00:00+02:00,2026-07-28T18:12:18.691069+02:00,success,3,[],,2.432086299988441
MAD-171|DEST_003|morning_arrival_0900,MAD-171,Villaverde Alto - Casco Histórico de Villaverde,Villaverde,40.3430432910621,-3.7083639788142793,DEST_003,UC3M Campus de Leganés,40.331755,-3.765697,morning_arrival_0900,Llegada al destino a las 09:00,to_destination,2026-07-29,2026-07-29T09:00:00+02:00,2026-07-28T18:12:21.124314+02:00,success,3,[],,0.208559900012915
MAD-171|DEST_003|evening_departure_1800,MAD-171,Villaverde Alto - Casco Histórico de Villaverde,Villaverde,40.331755,-3.765697,DEST_003,UC3M Campus de Leganés,40.3430432910621,-3.7083639788142793,evening_departure_1800,Salida del destino a las 18:00,from_destination,2026-07-29,2026-07-29T18:00:00+02:00,2026-07-28T18:12:21.333541+02:00,success,3,[],,0.1294597999949474
MAD-172|DEST_001|morning_arrival_0900,MAD-172,San Cristóbal,Villaverde,40.34169119894413,-3.688285399696946,DEST_001,Puerta del Sol,40.416775,-3.70379,morning_arrival_0900,Llegada al destino a las 09:00,to_destination,2026-07-29,2026-07-29T09:00:00+02:00,2026-07-28T18:12:21.771895+02:00,success,3,[],,0.595446000006632
MAD-172|DEST_001|evening_departure_1800,MAD-172,San Cristóbal,Villaverde,40.416775,-3.70379,DEST_001,Puerta del Sol,40.34169119894413,-3.688285399696946,evening_departure_1800,Salida del destino a las 18:00,from_destination,2026-07-29,2026-07-29T18:00:00+02:00,2026-07-28T18:12:22.367759+02:00,success,3,[],,1.0186391999886837
MAD-172|DEST_002|morning_arrival_0900,MAD-172,San Cristóbal,Villaverde,40.34169119894413,-3.688285399696946,DEST_002,Nuevos Ministerios,40.44661,-3.692436,morning_arrival_0900,Llegada al destino a las 09:00,to_destination,2026-07-29,2026-07-29T09:00:00+02:00,2026-07-28T18:12:23.387184+02:00,success,3,[],,2.3374232000060147
MAD-172|DEST_002|evening_departure_1800,MAD-172,San Cristóbal,Villaverde,40.44661,-3.692436,DEST_002,Nuevos Ministerios,40.34169119894413,-3.688285399696946,evening_departure_1800,Salida del destino a las 18:00,from_destination,2026-07-29,2026-07-29T18:00:00+02:00,2026-07-28T18:12:25.725268+02:00,success,3,[],,1.83764670000528
MAD-172|DEST_003|morning_arrival_0900,MAD-172,San Cristóbal,Villaverde,40.34169119894413,-3.688285399696946,DEST_003,UC3M Campus de Leganés,40.331755,-3.765697,morning_arrival_0900,Llegada al destino a las 09:00,to_destination,2026-07-29,2026-07-29T09:00:00+02:00,2026-07-28T18:12:27.563820+02:00,success,3,[],,0.3112275999883422
MAD-172|DEST_003|evening_departure_1800,MAD-172,San Cristóbal,Villaverde,40.331755,-3.765697,DEST_003,UC3M Campus de Leganés,40.34169119894413,-3.688285399696946,evening_departure_1800,Salida del destino a las 18:00,from_destination,2026-07-29,2026-07-29T18:00:00+02:00,2026-07-28T18:12:27.875598+02:00,success,3,[],,0.2148179000068921
MAD-173|DEST_001|morning_arrival_0900,MAD-173,Butarque,Villaverde,40.34007885299069,-3.6734016656981408,DEST_001,Puerta del Sol,40.416775,-3.70379,morning_arrival_0900,Llegada al destino a las 09:00,to_destination,2026-07-29,2026-07-29T09:00:00+02:00,2026-07-28T18:12:28.091992+02:00,success,3,[],,0.3892726000049151
MAD-173|DEST_001|evening_departure_1800,MAD-173,Butarque,Villaverde,40.416775,-3.70379,DEST_001,Puerta del Sol,40.34007885299069,-3.6734016656981408,evening_departure_1800,Salida del destino a las 18:00,from_destination,2026-07-29,2026-07-29T18:00:00+02:00,2026-07-28T18:12:28.482104+02:00,success,3,[],,0.793806499990751
MAD-173|DEST_002|morning_arrival_0900,MAD-173,Butarque,Villaverde,40.34007885299069,-3.6734016656981408,DEST_002,Nuevos Ministerios,40.44661,-3.692436,morning_arrival_0900,Llegada al destino a las 09:00,to_destination,2026-07-29,2026-07-29T09:00:00+02:00,2026-07-28T18:12:29.276497+02:00,success,3,[],,1.3885406000044895
MAD-173|DEST_002|evening_departure_1800,MAD-173,Butarque,Villaverde,40.44661,-3.692436,DEST_002,Nuevos Ministerios,40.34007885299069,-3.6734016656981408,evening_departure_1800,Salida del destino a las 18:00,from_destination,2026-07-29,2026-07-29T18:00:00+02:00,2026-07-28T18:12:30.665496+02:00,success,3,[],,1.527148599998327
MAD-173|DEST_003|morning_arrival_0900,MAD-173,Butarque,Villaverde,40.34007885299069,-3.6734016656981408,DEST_003,UC3M Campus de Leganés,40.331755,-3.765697,morning_arrival_0900,Llegada al destino a las 09:00,to_destination,2026-07-29,2026-07-29T09:00:00+02:00,2026-07-28T18:12:32.531089+02:00,success,3,[],,0.4764181000064127
MAD-173|DEST_003|evening_departure_1800,MAD-173,Butarque,Villaverde,40.331755,-3.765697,DEST_003,UC3M Campus de Leganés,40.34007885299069,-3.6734016656981408,evening_departure_1800,Salida del destino a las 18:00,from_destination,2026-07-29,2026-07-29T18:00:00+02:00,2026-07-28T18:12:33.008015+02:00,success,3,[],,0.2557369999994989
MAD-174|DEST_001|morning_arrival_0900,MAD-174,Los Rosales,Villaverde,40.355293625663904,-3.688459573503127,DEST_001,Puerta del Sol,40.416775,-3.70379,morning_arrival_0900,Llegada al destino a las 09:00,to_destination,2026-07-29,2026-07-29T09:00:00+02:00,2026-07-28T18:12:33.264971+02:00,success,3,[],,0.5817024999996647
MAD-174|DEST_001|evening_departure_1800,MAD-174,Los Rosales,Villaverde,40.416775,-3.70379,DEST_001,Puerta del Sol,40.355293625663904,-3.688459573503127,evening_departure_1800,Salida del destino a las 18:00,from_destination,2026-07-29,2026-07-29T18:00:00+02:00,2026-07-28T18:12:33.847080+02:00,success,3,[],,0.9888800000044284
MAD-174|DEST_002|morning_arrival_0900,MAD-174,Los Rosales,Villaverde,40.355293625663904,-3.688459573503127,DEST_002,Nuevos Ministerios,40.44661,-3.692436,morning_arrival_0900,Llegada al destino a las 09:00,to_destination,2026-07-29,2026-07-29T09:00:00+02:00,2026-07-28T18:12:34.836518+02:00,success,3,[],,1.6582546999998158
MAD-174|DEST_002|evening_departure_1800,MAD-174,Los Rosales,Villaverde,40.44661,-3.692436,DEST_002,Nuevos Ministerios,40.355293625663904,-3.688459573503127,evening_departure_1800,Salida del destino a las 18:00,from_destination,2026-07-29,2026-07-29T18:00:00+02:00,2026-07-28T18:12:36.495176+02:00,success,3,[],,1.37013169999409
MAD-174|DEST_003|morning_arrival_0900,MAD-174,Los Rosales,Villaverde,40.355293625663904,-3.688459573503127,DEST_003,UC3M Campus de Leganés,40.331755,-3.765697,morning_arrival_0900,Llegada al destino a las 09:00,to_destination,2026-07-29,2026-07-29T09:00:00+02:00,2026-07-28T18:12:37.866000+02:00,success,3,[],,0.4519911999959731
MAD-174|DEST_003|evening_departure_1800,MAD-174,Los Rosales,Villaverde,40.331755,-3.765697,DEST_003,UC3M Campus de Leganés,40.355293625663904,-3.688459573503127,evening_departure_1800,Salida del destino a las 18:00,from_destination,2026-07-29,2026-07-29T18:00:00+02:00,2026-07-28T18:12:38.318396+02:00,success,3,[],,0.1573008999985177
MAD-175|DEST_001|morning_arrival_0900,MAD-175,Ángeles,Villaverde,40.35529624840678,-3.700094903539585,DEST_001,Puerta del Sol,40.416775,-3.70379,morning_arrival_0900,Llegada al destino a las 09:00,to_destination,2026-07-29,2026-07-29T09:00:00+02:00,2026-07-28T18:12:38.476837+02:00,success,3,[],,0.4958153000043239
MAD-175|DEST_001|evening_departure_1800,MAD-175,Ángeles,Villaverde,40.416775,-3.70379,DEST_001,Puerta del Sol,40.35529624840678,-3.700094903539585,evening_departure_1800,Salida del destino a las 18:00,from_destination,2026-07-29,2026-07-29T18:00:00+02:00,2026-07-28T18:12:38.973013+02:00,success,3,[],,0.6427791000023717
MAD-175|DEST_002|morning_arrival_0900,MAD-175,Ángeles,Villaverde,40.35529624840678,-3.700094903539585,DEST_002,Nuevos Ministerios,40.44661,-3.692436,morning_arrival_0900,Llegada al destino a las 09:00,to_destination,2026-07-29,2026-07-29T09:00:00+02:00,2026-07-28T18:12:39.905868+02:00,success,3,[],,2.5019811000092886
MAD-175|DEST_002|evening_departure_1800,MAD-175,Ángeles,Villaverde,40.44661,-3.692436,DEST_002,Nuevos Ministerios,40.35529624840678,-3.700094903539585,evening_departure_1800,Salida del destino a las 18:00,from_destination,2026-07-29,2026-07-29T18:00:00+02:00,2026-07-28T18:12:42.408388+02:00,success,3,[],,1.717164600006072
MAD-175|DEST_003|morning_arrival_0900,MAD-175,Ángeles,Villaverde,40.35529624840678,-3.700094903539585,DEST_003,UC3M Campus de Leganés,40.331755,-3.765697,morning_arrival_0900,Llegada al destino a las 09:00,to_destination,2026-07-29,2026-07-29T09:00:00+02:00,2026-07-28T18:12:44.126327+02:00,success,3,[],,0.308002599995234
MAD-175|DEST_003|evening_departure_1800,MAD-175,Ángeles,Villaverde,40.331755,-3.765697,DEST_003,UC3M Campus de Leganés,40.35529624840678,-3.700094903539585,evening_departure_1800,Salida del destino a las 18:00,from_destination,2026-07-29,2026-07-29T18:00:00+02:00,2026-07-28T18:12:44.434893+02:00,success,3,[],,0.1535639999929117
MAD-181|DEST_001|morning_arrival_0900,MAD-181,Casco Histórico de Vallecas,Villa de Vallecas,40.3475812630312,-3.61533001248343,DEST_001,Puerta del Sol,40.416775,-3.70379,morning_arrival_0900,Llegada al destino a las 09:00,to_destination,2026-07-29,2026-07-29T09:00:00+02:00,2026-07-28T18:12:44.589937+02:00,success,3,[],,0.5934415999945486
MAD-181|DEST_001|evening_departure_1800,MAD-181,Casco Histórico de Vallecas,Villa de Vallecas,40.416775,-3.70379,DEST_001,Puerta del Sol,40.3475812630312,-3.61533001248343,evening_departure_1800,Salida del destino a las 18:00,from_destination,2026-07-29,2026-07-29T18:00:00+02:00,2026-07-28T18:12:45.183765+02:00,success,3,[],,7.577900599993882
MAD-181|DEST_002|morning_arrival_0900,MAD-181,Casco Histórico de Vallecas,Villa de Vallecas,40.3475812630312,-3.61533001248343,DEST_002,Nuevos Ministerios,40.44661,-3.692436,morning_arrival_0900,Llegada al destino a las 09:00,to_destination,2026-07-29,2026-07-29T09:00:00+02:00,2026-07-28T18:12:52.762345+02:00,success,3,[],,1.1141027999983637
MAD-181|DEST_002|evening_departure_1800,MAD-181,Casco Histórico de Vallecas,Villa de Vallecas,40.44661,-3.692436,DEST_002,Nuevos Ministerios,40.3475812630312,-3.61533001248343,evening_departure_1800,Salida del destino a las 18:00,from_destination,2026-07-29,2026-07-29T18:00:00+02:00,2026-07-28T18:12:53.876963+02:00,success,3,[],,6.513526000009733
MAD-181|DEST_003|morning_arrival_0900,MAD-181,Casco Histórico de Vallecas,Villa de Vallecas,40.3475812630312,-3.61533001248343,DEST_003,UC3M Campus de Leganés,40.331755,-3.765697,morning_arrival_0900,Llegada al destino a las 09:00,to_destination,2026-07-29,2026-07-29T09:00:00+02:00,2026-07-28T18:13:00.391094+02:00,success,3,[],,1.568739700000151
MAD-181|DEST_003|evening_departure_1800,MAD-181,Casco Histórico de Vallecas,Villa de Vallecas,40.331755,-3.765697,DEST_003,UC3M Campus de Leganés,40.3475812630312,-3.61533001248343,evening_departure_1800,Salida del destino a las 18:00,from_destination,2026-07-29,2026-07-29T18:00:00+02:00,2026-07-28T18:13:01.960637+02:00,success,3,[],,1.722081200001412
MAD-182|DEST_001|morning_arrival_0900,MAD-182,Santa Eugenia,Villa de Vallecas,40.38360726905994,-3.613055045478725,DEST_001,Puerta del Sol,40.416775,-3.70379,morning_arrival_0900,Llegada al destino a las 09:00,to_destination,2026-07-29,2026-07-29T09:00:00+02:00,2026-07-28T18:13:04.089945+02:00,success,3,[],,1.1799666000006257
MAD-182|DEST_001|evening_departure_1800,MAD-182,Santa Eugenia,Villa de Vallecas,40.416775,-3.70379,DEST_001,Puerta del Sol,40.38360726905994,-3.613055045478725,evening_departure_1800,Salida del destino a las 18:00,from_destination,2026-07-29,2026-07-29T18:00:00+02:00,2026-07-28T18:13:05.270460+02:00,success,3,[],,1.6511012999981176
MAD-182|DEST_002|morning_arrival_0900,MAD-182,Santa Eugenia,Villa de Vallecas,40.38360726905994,-3.613055045478725,DEST_002,Nuevos Ministerios,40.44661,-3.692436,morning_arrival_0900,Llegada al destino a las 09:00,to_destination,2026-07-29,2026-07-29T09:00:00+02:00,2026-07-28T18:13:06.922312+02:00,success,3,[],,4.323701400004211
MAD-182|DEST_002|evening_departure_1800,MAD-182,Santa Eugenia,Villa de Vallecas,40.44661,-3.692436,DEST_002,Nuevos Ministerios,40.38360726905994,-3.613055045478725,evening_departure_1800,Salida del destino a las 18:00,from_destination,2026-07-29,2026-07-29T18:00:00+02:00,2026-07-28T18:13:11.246681+02:00,success,3,[],,2.8137896999978693
MAD-182|DEST_003|morning_arrival_0900,MAD-182,Santa Eugenia,Villa de Vallecas,40.38360726905994,-3.613055045478725,DEST_003,UC3M Campus de Leganés,40.331755,-3.765697,morning_arrival_0900,Llegada al destino a las 09:00,to_destination,2026-07-29,2026-07-29T09:00:00+02:00,2026-07-28T18:13:14.061131+02:00,success,3,[],,1.4205263999901945
MAD-182|DEST_003|evening_departure_1800,MAD-182,Santa Eugenia,Villa de Vallecas,40.331755,-3.765697,DEST_003,UC3M Campus de Leganés,40.38360726905994,-3.613055045478725,evening_departure_1800,Salida del destino a las 18:00,from_destination,2026-07-29,2026-07-29T18:00:00+02:00,2026-07-28T18:13:15.482474+02:00,success,3,[],,0.3611603999888757
MAD-183|DEST_001|morning_arrival_0900,MAD-183,Ensanche de Vallecas,Villa de Vallecas,40.365795538206754,-3.599872570299117,DEST_001,Puerta del Sol,40.416775,-3.70379,morning_arrival_0900,Llegada al destino a las 09:00,to_destination,2026-07-29,2026-07-29T09:00:00+02:00,2026-07-28T18:13:15.844751+02:00,success,3,[],,1.449088400011533
MAD-183|DEST_001|evening_departure_1800,MAD-183,Ensanche de Vallecas,Villa de Vallecas,40.416775,-3.70379,DEST_001,Puerta del Sol,40.365795538206754,-3.599872570299117,evening_departure_1800,Salida del destino a las 18:00,from_destination,2026-07-29,2026-07-29T18:00:00+02:00,2026-07-28T18:13:17.294406+02:00,success,3,[],,2.6363777999940794
MAD-183|DEST_002|morning_arrival_0900,MAD-183,Ensanche de Vallecas,Villa de Vallecas,40.365795538206754,-3.599872570299117,DEST_002,Nuevos Ministerios,40.44661,-3.692436,morning_arrival_0900,Llegada al destino a las 09:00,to_destination,2026-07-29,2026-07-29T09:00:00+02:00,2026-07-28T18:13:19.932148+02:00,success,3,[],,2.73438019999594
MAD-183|DEST_002|evening_departure_1800,MAD-183,Ensanche de Vallecas,Villa de Vallecas,40.44661,-3.692436,DEST_002,Nuevos Ministerios,40.365795538206754,-3.599872570299117,evening_departure_1800,Salida del destino a las 18:00,from_destination,2026-07-29,2026-07-29T18:00:00+02:00,2026-07-28T18:13:22.667276+02:00,success,3,[],,2.5288336999947205
MAD-183|DEST_003|morning_arrival_0900,MAD-183,Ensanche de Vallecas,Villa de Vallecas,40.365795538206754,-3.599872570299117,DEST_003,UC3M Campus de Leganés,40.331755,-3.765697,morning_arrival_0900,Llegada al destino a las 09:00,to_destination,2026-07-29,2026-07-29T09:00:00+02:00,2026-07-28T18:13:25.738564+02:00,success,3,[],,3.401020500008599
MAD-183|DEST_003|evening_departure_1800,MAD-183,Ensanche de Vallecas,Villa de Vallecas,40.331755,-3.765697,DEST_003,UC3M Campus de Leganés,40.365795538206754,-3.599872570299117,evening_departure_1800,Salida del destino a las 18:00,from_destination,2026-07-29,2026-07-29T18:00:00+02:00,2026-07-28T18:13:29.140577+02:00,success,3,[],,0.8266661000088789
MAD-191|DEST_001|morning_arrival_0900,MAD-191,Casco Histórico de Vicálvaro,Vicálvaro,40.39300748552181,-3.57955748703396,DEST_001,Puerta del Sol,40.416775,-3.70379,morning_arrival_0900,Llegada al destino a las 09:00,to_destination,2026-07-29,2026-07-29T09:00:00+02:00,2026-07-28T18:13:29.968685+02:00,success,3,[],,1.6145399999950314
MAD-191|DEST_001|evening_departure_1800,MAD-191,Casco Histórico de Vicálvaro,Vicálvaro,40.416775,-3.70379,DEST_001,Puerta del Sol,40.39300748552181,-3.57955748703396,evening_departure_1800,Salida del destino a las 18:00,from_destination,2026-07-29,2026-07-29T18:00:00+02:00,2026-07-28T18:13:31.583805+02:00,success,3,[],,2.9476053999969736
MAD-191|DEST_002|morning_arrival_0900,MAD-191,Casco Histórico de Vicálvaro,Vicálvaro,40.39300748552181,-3.57955748703396,DEST_002,Nuevos Ministerios,40.44661,-3.692436,morning_arrival_0900,Llegada al destino a las 09:00,to_destination,2026-07-29,2026-07-29T09:00:00+02:00,2026-07-28T18:13:34.532279+02:00,success,3,[],,1.4589229999983218
MAD-191|DEST_002|evening_departure_1800,MAD-191,Casco Histórico de Vicálvaro,Vicálvaro,40.44661,-3.692436,DEST_002,Nuevos Ministerios,40.39300748552181,-3.57955748703396,evening_departure_1800,Salida del destino a las 18:00,from_destination,2026-07-29,2026-07-29T18:00:00+02:00,2026-07-28T18:13:35.991959+02:00,success,3,[],,2.784282799999346
MAD-191|DEST_003|morning_arrival_0900,MAD-191,Casco Histórico de Vicálvaro,Vicálvaro,40.39300748552181,-3.57955748703396,DEST_003,UC3M Campus de Leganés,40.331755,-3.765697,morning_arrival_0900,Llegada al destino a las 09:00,to_destination,2026-07-29,2026-07-29T09:00:00+02:00,2026-07-28T18:13:38.777129+02:00,success,3,[],,1.4435401999944588
MAD-191|DEST_003|evening_departure_1800,MAD-191,Casco Histórico de Vicálvaro,Vicálvaro,40.331755,-3.765697,DEST_003,UC3M Campus de Leganés,40.39300748552181,-3.57955748703396,evening_departure_1800,Salida del destino a las 18:00,from_destination,2026-07-29,2026-07-29T18:00:00+02:00,2026-07-28T18:13:40.221130+02:00,success,3,[],,0.6004982000013115
MAD-193|DEST_001|morning_arrival_0900,MAD-193,Valderrivas,Vicálvaro,40.398534570203104,-3.6038869824231785,DEST_001,Puerta del Sol,40.416775,-3.70379,morning_arrival_0900,Llegada al destino a las 09:00,to_destination,2026-07-29,2026-07-29T09:00:00+02:00,2026-07-28T18:13:40.823147+02:00,success,3,[],,1.2114865000039572
MAD-193|DEST_001|evening_departure_1800,MAD-193,Valderrivas,Vicálvaro,40.416775,-3.70379,DEST_001,Puerta del Sol,40.398534570203104,-3.6038869824231785,evening_departure_1800,Salida del destino a las 18:00,from_destination,2026-07-29,2026-07-29T18:00:00+02:00,2026-07-28T18:13:42.035091+02:00,success,3,[],,2.0257737999927485
MAD-193|DEST_002|morning_arrival_0900,MAD-193,Valderrivas,Vicálvaro,40.398534570203104,-3.6038869824231785,DEST_002,Nuevos Ministerios,40.44661,-3.692436,morning_arrival_0900,Llegada al destino a las 09:00,to_destination,2026-07-29,2026-07-29T09:00:00+02:00,2026-07-28T18:13:44.306355+02:00,success,3,[],,1.304537399992114
MAD-193|DEST_002|evening_departure_1800,MAD-193,Valderrivas,Vicálvaro,40.44661,-3.692436,DEST_002,Nuevos Ministerios,40.398534570203104,-3.6038869824231785,evening_departure_1800,Salida del destino a las 18:00,from_destination,2026-07-29,2026-07-29T18:00:00+02:00,2026-07-28T18:13:45.611338+02:00,success,3,[],,2.422754300001543
MAD-193|DEST_003|morning_arrival_0900,MAD-193,Valderrivas,Vicálvaro,40.398534570203104,-3.6038869824231785,DEST_003,UC3M Campus de Leganés,40.331755,-3.765697,morning_arrival_0900,Llegada al destino a las 09:00,to_destination,2026-07-29,2026-07-29T09:00:00+02:00,2026-07-28T18:13:48.034896+02:00,success,3,[],,2.389198499993654
MAD-193|DEST_003|evening_departure_1800,MAD-193,Valderrivas,Vicálvaro,40.331755,-3.765697,DEST_003,UC3M Campus de Leganés,40.398534570203104,-3.6038869824231785,evening_departure_1800,Salida del destino a las 18:00,from_destination,2026-07-29,2026-07-29T18:00:00+02:00,2026-07-28T18:13:50.424905+02:00,success,3,[],,0.5565338999876985
MAD-194|DEST_001|morning_arrival_0900,MAD-194,El Cañaveral,Vicálvaro,40.40460495045157,-3.549158562456463,DEST_001,Puerta del Sol,40.416775,-3.70379,morning_arrival_0900,Llegada al destino a las 09:00,to_destination,2026-07-29,2026-07-29T09:00:00+02:00,2026-07-28T18:13:50.982679+02:00,success,3,[],,0.7389120999869192
MAD-194|DEST_001|evening_departure_1800,MAD-194,El Cañaveral,Vicálvaro,40.416775,-3.70379,DEST_001,Puerta del Sol,40.40460495045157,-3.549158562456463,evening_departure_1800,Salida del destino a las 18:00,from_destination,2026-07-29,2026-07-29T18:00:00+02:00,2026-07-28T18:13:51.722252+02:00,success,3,[],,1.5869383999961428
MAD-194|DEST_002|morning_arrival_0900,MAD-194,El Cañaveral,Vicálvaro,40.40460495045157,-3.549158562456463,DEST_002,Nuevos Ministerios,40.44661,-3.692436,morning_arrival_0900,Llegada al destino a las 09:00,to_destination,2026-07-29,2026-07-29T09:00:00+02:00,2026-07-28T18:13:53.310056+02:00,success,3,[],,0.5354803000082029
MAD-194|DEST_002|evening_departure_1800,MAD-194,El Cañaveral,Vicálvaro,40.44661,-3.692436,DEST_002,Nuevos Ministerios,40.40460495045157,-3.549158562456463,evening_departure_1800,Salida del destino a las 18:00,from_destination,2026-07-29,2026-07-29T18:00:00+02:00,2026-07-28T18:13:53.846447+02:00,success,3,[],,0.9557605000009062
MAD-194|DEST_003|morning_arrival_0900,MAD-194,El Cañaveral,Vicálvaro,40.40460495045157,-3.549158562456463,DEST_003,UC3M Campus de Leganés,40.331755,-3.765697,morning_arrival_0900,Llegada al destino a las 09:00,to_destination,2026-07-29,2026-07-29T09:00:00+02:00,2026-07-28T18:13:54.802749+02:00,success,3,[],,1.5323876999900676
MAD-194|DEST_003|evening_departure_1800,MAD-194,El Cañaveral,Vicálvaro,40.331755,-3.765697,DEST_003,UC3M Campus de Leganés,40.40460495045157,-3.549158562456463,evening_departure_1800,Salida del destino a las 18:00,from_destination,2026-07-29,2026-07-29T18:00:00+02:00,2026-07-28T18:13:56.336128+02:00,success,3,[],,0.4034758000052534
MAD-201|DEST_001|morning_arrival_0900,MAD-201,Simancas,San Blas - Canillejas,40.43411698986753,-3.624674967231151,DEST_001,Puerta del Sol,40.416775,-3.70379,morning_arrival_0900,Llegada al destino a las 09:00,to_destination,2026-07-29,2026-07-29T09:00:00+02:00,2026-07-28T18:13:56.965965+02:00,success,3,[],,0.5068950999993831
MAD-201|DEST_001|evening_departure_1800,MAD-201,Simancas,San Blas - Canillejas,40.416775,-3.70379,DEST_001,Puerta del Sol,40.43411698986753,-3.624674967231151,evening_departure_1800,Salida del destino a las 18:00,from_destination,2026-07-29,2026-07-29T18:00:00+02:00,2026-07-28T18:13:57.473233+02:00,success,3,[],,0.371308300003875
MAD-201|DEST_002|morning_arrival_0900,MAD-201,Simancas,San Blas - Canillejas,40.43411698986753,-3.624674967231151,DEST_002,Nuevos Ministerios,40.44661,-3.692436,morning_arrival_0900,Llegada al destino a las 09:00,to_destination,2026-07-29,2026-07-29T09:00:00+02:00,2026-07-28T18:13:57.845385+02:00,success,3,[],,1.4809445999999298
MAD-201|DEST_002|evening_departure_1800,MAD-201,Simancas,San Blas - Canillejas,40.44661,-3.692436,DEST_002,Nuevos Ministerios,40.43411698986753,-3.624674967231151,evening_departure_1800,Salida del destino a las 18:00,from_destination,2026-07-29,2026-07-29T18:00:00+02:00,2026-07-28T18:13:59.327131+02:00,success,3,[],,1.49589659999765
MAD-201|DEST_003|morning_arrival_0900,MAD-201,Simancas,San Blas - Canillejas,40.43411698986753,-3.624674967231151,DEST_003,UC3M Campus de Leganés,40.331755,-3.765697,morning_arrival_0900,Llegada al destino a las 09:00,to_destination,2026-07-29,2026-07-29T09:00:00+02:00,2026-07-28T18:14:00.823646+02:00,success,3,[],,2.8266717000078643
MAD-201|DEST_003|evening_departure_1800,MAD-201,Simancas,San Blas - Canillejas,40.331755,-3.765697,DEST_003,UC3M Campus de Leganés,40.43411698986753,-3.624674967231151,evening_departure_1800,Salida del destino a las 18:00,from_destination,2026-07-29,2026-07-29T18:00:00+02:00,2026-07-28T18:14:03.651216+02:00,success,3,[],,0.6717653999949107
MAD-202|DEST_001|morning_arrival_0900,MAD-202,Hellín,San Blas - Canillejas,40.431124488825375,-3.616760459088244,DEST_001,Puerta del Sol,40.416775,-3.70379,morning_arrival_0900,Llegada al destino a las 09:00,to_destination,2026-07-29,2026-07-29T09:00:00+02:00,2026-07-28T18:14:04.324261+02:00,success,3,[],,0.4353802999976324
MAD-202|DEST_001|evening_departure_1800,MAD-202,Hellín,San Blas - Canillejas,40.416775,-3.70379,DEST_001,Puerta del Sol,40.431124488825375,-3.616760459088244,evening_departure_1800,Salida del destino a las 18:00,from_destination,2026-07-29,2026-07-29T18:00:00+02:00,2026-07-28T18:14:04.760073+02:00,success,3,[],,0.5228624000010313
MAD-202|DEST_002|morning_arrival_0900,MAD-202,Hellín,San Blas - Canillejas,40.431124488825375,-3.616760459088244,DEST_002,Nuevos Ministerios,40.44661,-3.692436,morning_arrival_0900,Llegada al destino a las 09:00,to_destination,2026-07-29,2026-07-29T09:00:00+02:00,2026-07-28T18:14:05.284117+02:00,success,3,[],,1.0143638999870743
MAD-202|DEST_002|evening_departure_1800,MAD-202,Hellín,San Blas - Canillejas,40.44661,-3.692436,DEST_002,Nuevos Ministerios,40.431124488825375,-3.616760459088244,evening_departure_1800,Salida del destino a las 18:00,from_destination,2026-07-29,2026-07-29T18:00:00+02:00,2026-07-28T18:14:06.299251+02:00,success,3,[],,1.0051818000065396
MAD-202|DEST_003|morning_arrival_0900,MAD-202,Hellín,San Blas - Canillejas,40.431124488825375,-3.616760459088244,DEST_003,UC3M Campus de Leganés,40.331755,-3.765697,morning_arrival_0900,Llegada al destino a las 09:00,to_destination,2026-07-29,2026-07-29T09:00:00+02:00,2026-07-28T18:14:07.541714+02:00,success,3,[],,2.5326453000016045
MAD-202|DEST_003|evening_departure_1800,MAD-202,Hellín,San Blas - Canillejas,40.331755,-3.765697,DEST_003,UC3M Campus de Leganés,40.431124488825375,-3.616760459088244,evening_departure_1800,Salida del destino a las 18:00,from_destination,2026-07-29,2026-07-29T18:00:00+02:00,2026-07-28T18:14:10.074814+02:00,success,3,[],,1.080448000007891
MAD-203|DEST_001|morning_arrival_0900,MAD-203,Amposta,San Blas - Canillejas,40.425885318554045,-3.6223984424283153,DEST_001,Puerta del Sol,40.416775,-3.70379,morning_arrival_0900,Llegada al destino a las 09:00,to_destination,2026-07-29,2026-07-29T09:00:00+02:00,2026-07-28T18:14:11.156745+02:00,success,3,[],,0.7428423999954248
MAD-203|DEST_001|evening_departure_1800,MAD-203,Amposta,San Blas - Canillejas,40.416775,-3.70379,DEST_001,Puerta del Sol,40.425885318554045,-3.6223984424283153,evening_departure_1800,Salida del destino a las 18:00,from_destination,2026-07-29,2026-07-29T18:00:00+02:00,2026-07-28T18:14:11.899981+02:00,success,3,[],,0.948971399993752
MAD-203|DEST_002|morning_arrival_0900,MAD-203,Amposta,San Blas - Canillejas,40.425885318554045,-3.6223984424283153,DEST_002,Nuevos Ministerios,40.44661,-3.692436,morning_arrival_0900,Llegada al destino a las 09:00,to_destination,2026-07-29,2026-07-29T09:00:00+02:00,2026-07-28T18:14:12.849465+02:00,success,3,[],,1.830047099996591
MAD-203|DEST_002|evening_departure_1800,MAD-203,Amposta,San Blas - Canillejas,40.44661,-3.692436,DEST_002,Nuevos Ministerios,40.425885318554045,-3.6223984424283153,evening_departure_1800,Salida del destino a las 18:00,from_destination,2026-07-29,2026-07-29T18:00:00+02:00,2026-07-28T18:14:14.680112+02:00,success,3,[],,1.009220899999491
MAD-203|DEST_003|morning_arrival_0900,MAD-203,Amposta,San Blas - Canillejas,40.425885318554045,-3.6223984424283153,DEST_003,UC3M Campus de Leganés,40.331755,-3.765697,morning_arrival_0900,Llegada al destino a las 09:00,to_destination,2026-07-29,2026-07-29T09:00:00+02:00,2026-07-28T18:14:15.690350+02:00,success,3,[],,3.211902299997746
MAD-203|DEST_003|evening_departure_1800,MAD-203,Amposta,San Blas - Canillejas,40.331755,-3.765697,DEST_003,UC3M Campus de Leganés,40.425885318554045,-3.6223984424283153,evening_departure_1800,Salida del destino a las 18:00,from_destination,2026-07-29,2026-07-29T18:00:00+02:00,2026-07-28T18:14:18.902897+02:00,success,3,[],,0.6802745999884792
MAD-204|DEST_001|morning_arrival_0900,MAD-204,Arcos,San Blas - Canillejas,40.42084466088115,-3.618401883753516,DEST_001,Puerta del Sol,40.416775,-3.70379,morning_arrival_0900,Llegada al destino a las 09:00,to_destination,2026-07-29,2026-07-29T09:00:00+02:00,2026-07-28T18:14:19.584215+02:00,success,3,[],,1.037153200013563
MAD-204|DEST_001|evening_departure_1800,MAD-204,Arcos,San Blas - Canillejas,40.416775,-3.70379,DEST_001,Puerta del Sol,40.42084466088115,-3.618401883753516,evening_departure_1800,Salida del destino a las 18:00,from_destination,2026-07-29,2026-07-29T18:00:00+02:00,2026-07-28T18:14:20.621899+02:00,success,3,[],,2.0784943999897223
MAD-204|DEST_002|morning_arrival_0900,MAD-204,Arcos,San Blas - Canillejas,40.42084466088115,-3.618401883753516,DEST_002,Nuevos Ministerios,40.44661,-3.692436,morning_arrival_0900,Llegada al destino a las 09:00,to_destination,2026-07-29,2026-07-29T09:00:00+02:00,2026-07-28T18:14:22.971787+02:00,success,3,[],,1.5572470000042813
MAD-204|DEST_002|evening_departure_1800,MAD-204,Arcos,San Blas - Canillejas,40.44661,-3.692436,DEST_002,Nuevos Ministerios,40.42084466088115,-3.618401883753516,evening_departure_1800,Salida del destino a las 18:00,from_destination,2026-07-29,2026-07-29T18:00:00+02:00,2026-07-28T18:14:24.529817+02:00,success,3,[],,1.8718178999988595
MAD-204|DEST_003|morning_arrival_0900,MAD-204,Arcos,San Blas - Canillejas,40.42084466088115,-3.618401883753516,DEST_003,UC3M Campus de Leganés,40.331755,-3.765697,morning_arrival_0900,Llegada al destino a las 09:00,to_destination,2026-07-29,2026-07-29T09:00:00+02:00,2026-07-28T18:14:26.402500+02:00,success,3,[],,3.919821400006185
MAD-204|DEST_003|evening_departure_1800,MAD-204,Arcos,San Blas - Canillejas,40.331755,-3.765697,DEST_003,UC3M Campus de Leganés,40.42084466088115,-3.618401883753516,evening_departure_1800,Salida del destino a las 18:00,from_destination,2026-07-29,2026-07-29T18:00:00+02:00,2026-07-28T18:14:30.323124+02:00,success,3,[],,0.6218980999983614
MAD-205|DEST_001|morning_arrival_0900,MAD-205,Rosas,San Blas - Canillejas,40.429347701774375,-3.593694972906924,DEST_001,Puerta del Sol,40.416775,-3.70379,morning_arrival_0900,Llegada al destino a las 09:00,to_destination,2026-07-29,2026-07-29T09:00:00+02:00,2026-07-28T18:14:30.946420+02:00,success,3,[],,0.457925000009709
MAD-205|DEST_001|evening_departure_1800,MAD-205,Rosas,San Blas - Canillejas,40.416775,-3.70379,DEST_001,Puerta del Sol,40.429347701774375,-3.593694972906924,evening_departure_1800,Salida del destino a las 18:00,from_destination,2026-07-29,2026-07-29T18:00:00+02:00,2026-07-28T18:14:31.404901+02:00,success,3,[],,4.435802299994975
MAD-205|DEST_002|morning_arrival_0900,MAD-205,Rosas,San Blas - Canillejas,40.429347701774375,-3.593694972906924,DEST_002,Nuevos Ministerios,40.44661,-3.692436,morning_arrival_0900,Llegada al destino a las 09:00,to_destination,2026-07-29,2026-07-29T09:00:00+02:00,2026-07-28T18:14:35.841738+02:00,success,3,[],,0.2922239000035915
MAD-205|DEST_002|evening_departure_1800,MAD-205,Rosas,San Blas - Canillejas,40.44661,-3.692436,DEST_002,Nuevos Ministerios,40.429347701774375,-3.593694972906924,evening_departure_1800,Salida del destino a las 18:00,from_destination,2026-07-29,2026-07-29T18:00:00+02:00,2026-07-28T18:14:36.134578+02:00,success,3,[],,2.616492599991034
MAD-205|DEST_003|morning_arrival_0900,MAD-205,Rosas,San Blas - Canillejas,40.429347701774375,-3.593694972906924,DEST_003,UC3M Campus de Leganés,40.331755,-3.765697,morning_arrival_0900,Llegada al destino a las 09:00,to_destination,2026-07-29,2026-07-29T09:00:00+02:00,2026-07-28T18:14:38.751864+02:00,success,2,[],,1.4314600999932736
MAD-205|DEST_003|evening_departure_1800,MAD-205,Rosas,San Blas - Canillejas,40.331755,-3.765697,DEST_003,UC3M Campus de Leganés,40.429347701774375,-3.593694972906924,evening_departure_1800,Salida del destino a las 18:00,from_destination,2026-07-29,2026-07-29T18:00:00+02:00,2026-07-28T18:14:40.183983+02:00,success,3,[],,1.1821520999947095
MAD-206|DEST_001|morning_arrival_0900,MAD-206,Rejas,San Blas - Canillejas,40.44401199238057,-3.569077486567472,DEST_001,Puerta del Sol,40.416775,-3.70379,morning_arrival_0900,Llegada al destino a las 09:00,to_destination,2026-07-29,2026-07-29T09:00:00+02:00,2026-07-28T18:14:41.729887+02:00,success,3,[],,0.5795464999973774
MAD-206|DEST_001|evening_departure_1800,MAD-206,Rejas,San Blas - Canillejas,40.416775,-3.70379,DEST_001,Puerta del Sol,40.44401199238057,-3.569077486567472,evening_departure_1800,Salida del destino a las 18:00,from_destination,2026-07-29,2026-07-29T18:00:00+02:00,2026-07-28T18:14:42.310518+02:00,success,3,[],,0.7435649000108242
MAD-206|DEST_002|morning_arrival_0900,MAD-206,Rejas,San Blas - Canillejas,40.44401199238057,-3.569077486567472,DEST_002,Nuevos Ministerios,40.44661,-3.692436,morning_arrival_0900,Llegada al destino a las 09:00,to_destination,2026-07-29,2026-07-29T09:00:00+02:00,2026-07-28T18:14:43.055075+02:00,success,3,[],,0.2000332000025082
MAD-206|DEST_002|evening_departure_1800,MAD-206,Rejas,San Blas - Canillejas,40.44661,-3.692436,DEST_002,Nuevos Ministerios,40.44401199238057,-3.569077486567472,evening_departure_1800,Salida del destino a las 18:00,from_destination,2026-07-29,2026-07-29T18:00:00+02:00,2026-07-28T18:14:43.255470+02:00,success,3,[],,0.2923688000009861
MAD-206|DEST_003|morning_arrival_0900,MAD-206,Rejas,San Blas - Canillejas,40.44401199238057,-3.569077486567472,DEST_003,UC3M Campus de Leganés,40.331755,-3.765697,morning_arrival_0900,Llegada al destino a las 09:00,to_destination,2026-07-29,2026-07-29T09:00:00+02:00,2026-07-28T18:14:43.548650+02:00,success,2,[],,0.9106365000043296
MAD-206|DEST_003|evening_departure_1800,MAD-206,Rejas,San Blas - Canillejas,40.331755,-3.765697,DEST_003,UC3M Campus de Leganés,40.44401199238057,-3.569077486567472,evening_departure_1800,Salida del destino a las 18:00,from_destination,2026-07-29,2026-07-29T18:00:00+02:00,2026-07-28T18:14:44.459734+02:00,success,3,[],,0.4568171000137226
MAD-207|DEST_001|morning_arrival_0900,MAD-207,Canillejas,San Blas - Canillejas,40.44276641643043,-3.609891985534524,DEST_001,Puerta del Sol,40.416775,-3.70379,morning_arrival_0900,Llegada al destino a las 09:00,to_destination,2026-07-29,2026-07-29T09:00:00+02:00,2026-07-28T18:14:44.917613+02:00,success,3,[],,0.3894366000022273
MAD-207|DEST_001|evening_departure_1800,MAD-207,Canillejas,San Blas - Canillejas,40.416775,-3.70379,DEST_001,Puerta del Sol,40.44276641643043,-3.609891985534524,evening_departure_1800,Salida del destino a las 18:00,from_destination,2026-07-29,2026-07-29T18:00:00+02:00,2026-07-28T18:14:45.307429+02:00,success,3,[],,0.529369099996984
MAD-207|DEST_002|morning_arrival_0900,MAD-207,Canillejas,San Blas - Canillejas,40.44276641643043,-3.609891985534524,DEST_002,Nuevos Ministerios,40.44661,-3.692436,morning_arrival_0900,Llegada al destino a las 09:00,to_destination,2026-07-29,2026-07-29T09:00:00+02:00,2026-07-28T18:14:45.838448+02:00,success,3,[],,0.2456025999999838
MAD-207|DEST_002|evening_departure_1800,MAD-207,Canillejas,San Blas - Canillejas,40.44661,-3.692436,DEST_002,Nuevos Ministerios,40.44276641643043,-3.609891985534524,evening_departure_1800,Salida del destino a las 18:00,from_destination,2026-07-29,2026-07-29T18:00:00+02:00,2026-07-28T18:14:46.084877+02:00,success,3,[],,0.3512795999995433
MAD-207|DEST_003|morning_arrival_0900,MAD-207,Canillejas,San Blas - Canillejas,40.44276641643043,-3.609891985534524,DEST_003,UC3M Campus de Leganés,40.331755,-3.765697,morning_arrival_0900,Llegada al destino a las 09:00,to_destination,2026-07-29,2026-07-29T09:00:00+02:00,2026-07-28T18:14:46.704513+02:00,success,3,[],,3.1869349000044167
MAD-207|DEST_003|evening_departure_1800,MAD-207,Canillejas,San Blas - Canillejas,40.331755,-3.765697,DEST_003,UC3M Campus de Leganés,40.44276641643043,-3.609891985534524,evening_departure_1800,Salida del destino a las 18:00,from_destination,2026-07-29,2026-07-29T18:00:00+02:00,2026-07-28T18:14:49.892411+02:00,success,3,[],,0.6547925999911968
MAD-208|DEST_001|morning_arrival_0900,MAD-208,El Salvador,San Blas - Canillejas,40.44417241587986,-3.627928511681246,DEST_001,Puerta del Sol,40.416775,-3.70379,morning_arrival_0900,Llegada al destino a las 09:00,to_destination,2026-07-29,2026-07-29T09:00:00+02:00,2026-07-28T18:14:50.548656+02:00,success,3,[],,0.4412025000056019
MAD-208|DEST_001|evening_departure_1800,MAD-208,El Salvador,San Blas - Canillejas,40.416775,-3.70379,DEST_001,Puerta del Sol,40.44417241587986,-3.627928511681246,evening_departure_1800,Salida del destino a las 18:00,from_destination,2026-07-29,2026-07-29T18:00:00+02:00,2026-07-28T18:14:50.990302+02:00,success,3,[],,0.425649800003157
MAD-208|DEST_002|morning_arrival_0900,MAD-208,El Salvador,San Blas - Canillejas,40.44417241587986,-3.627928511681246,DEST_002,Nuevos Ministerios,40.44661,-3.692436,morning_arrival_0900,Llegada al destino a las 09:00,to_destination,2026-07-29,2026-07-29T09:00:00+02:00,2026-07-28T18:14:51.416265+02:00,success,3,[],,0.495985900008236
MAD-208|DEST_002|evening_departure_1800,MAD-208,El Salvador,San Blas - Canillejas,40.44661,-3.692436,DEST_002,Nuevos Ministerios,40.44417241587986,-3.627928511681246,evening_departure_1800,Salida del destino a las 18:00,from_destination,2026-07-29,2026-07-29T18:00:00+02:00,2026-07-28T18:14:51.912947+02:00,success,3,[],,0.4618732999952044
MAD-208|DEST_003|morning_arrival_0900,MAD-208,El Salvador,San Blas - Canillejas,40.44417241587986,-3.627928511681246,DEST_003,UC3M Campus de Leganés,40.331755,-3.765697,morning_arrival_0900,Llegada al destino a las 09:00,to_destination,2026-07-29,2026-07-29T09:00:00+02:00,2026-07-28T18:14:52.375883+02:00,success,3,[],,3.796703300002264
MAD-208|DEST_003|evening_departure_1800,MAD-208,El Salvador,San Blas - Canillejas,40.331755,-3.765697,DEST_003,UC3M Campus de Leganés,40.44417241587986,-3.627928511681246,evening_departure_1800,Salida del destino a las 18:00,from_destination,2026-07-29,2026-07-29T18:00:00+02:00,2026-07-28T18:14:56.173259+02:00,success,3,[],,0.6033647000003839
MAD-211|DEST_001|morning_arrival_0900,MAD-211,Alameda de Osuna,Barajas,40.45729237498869,-3.591115653365268,DEST_001,Puerta del Sol,40.416775,-3.70379,morning_arrival_0900,Llegada al destino a las 09:00,to_destination,2026-07-29,2026-07-29T09:00:00+02:00,2026-07-28T18:14:56.777963+02:00,success,3,[],,0.428257500010659
MAD-211|DEST_001|evening_departure_1800,MAD-211,Alameda de Osuna,Barajas,40.416775,-3.70379,DEST_001,Puerta del Sol,40.45729237498869,-3.591115653365268,evening_departure_1800,Salida del destino a las 18:00,from_destination,2026-07-29,2026-07-29T18:00:00+02:00,2026-07-28T18:14:57.206846+02:00,success,3,[],,1.965294699999504
MAD-211|DEST_002|morning_arrival_0900,MAD-211,Alameda de Osuna,Barajas,40.45729237498869,-3.591115653365268,DEST_002,Nuevos Ministerios,40.44661,-3.692436,morning_arrival_0900,Llegada al destino a las 09:00,to_destination,2026-07-29,2026-07-29T09:00:00+02:00,2026-07-28T18:14:59.546130+02:00,success,3,[],,0.3401139999914448
MAD-211|DEST_002|evening_departure_1800,MAD-211,Alameda de Osuna,Barajas,40.44661,-3.692436,DEST_002,Nuevos Ministerios,40.45729237498869,-3.591115653365268,evening_departure_1800,Salida del destino a las 18:00,from_destination,2026-07-29,2026-07-29T18:00:00+02:00,2026-07-28T18:14:59.887266+02:00,success,3,[],,0.8038953999930527
MAD-211|DEST_003|morning_arrival_0900,MAD-211,Alameda de Osuna,Barajas,40.45729237498869,-3.591115653365268,DEST_003,UC3M Campus de Leganés,40.331755,-3.765697,morning_arrival_0900,Llegada al destino a las 09:00,to_destination,2026-07-29,2026-07-29T09:00:00+02:00,2026-07-28T18:15:00.691852+02:00,success,3,[],,2.0694315000000643
MAD-211|DEST_003|evening_departure_1800,MAD-211,Alameda de Osuna,Barajas,40.331755,-3.765697,DEST_003,UC3M Campus de Leganés,40.45729237498869,-3.591115653365268,evening_departure_1800,Salida del destino a las 18:00,from_destination,2026-07-29,2026-07-29T18:00:00+02:00,2026-07-28T18:15:02.762008+02:00,success,3,[],,1.0060274999996182
MAD-212|DEST_001|morning_arrival_0900,MAD-212,Aeropuerto,Barajas,40.47941943172679,-3.557252067552487,DEST_001,Puerta del Sol,40.416775,-3.70379,morning_arrival_0900,Llegada al destino a las 09:00,to_destination,2026-07-29,2026-07-29T09:00:00+02:00,2026-07-28T18:15:03.769657+02:00,success,3,[],,0.557736599992495
MAD-212|DEST_001|evening_departure_1800,MAD-212,Aeropuerto,Barajas,40.416775,-3.70379,DEST_001,Puerta del Sol,40.47941943172679,-3.557252067552487,evening_departure_1800,Salida del destino a las 18:00,from_destination,2026-07-29,2026-07-29T18:00:00+02:00,2026-07-28T18:15:04.328146+02:00,success,3,[],,3.528850800008513
MAD-212|DEST_002|morning_arrival_0900,MAD-212,Aeropuerto,Barajas,40.47941943172679,-3.557252067552487,DEST_002,Nuevos Ministerios,40.44661,-3.692436,morning_arrival_0900,Llegada al destino a las 09:00,to_destination,2026-07-29,2026-07-29T09:00:00+02:00,2026-07-28T18:15:07.857877+02:00,success,2,[],,0.4343728999956511
MAD-212|DEST_002|evening_departure_1800,MAD-212,Aeropuerto,Barajas,40.44661,-3.692436,DEST_002,Nuevos Ministerios,40.47941943172679,-3.557252067552487,evening_departure_1800,Salida del destino a las 18:00,from_destination,2026-07-29,2026-07-29T18:00:00+02:00,2026-07-28T18:15:08.293085+02:00,success,3,[],,1.5212662999983877
MAD-212|DEST_003|morning_arrival_0900,MAD-212,Aeropuerto,Barajas,40.47941943172679,-3.557252067552487,DEST_003,UC3M Campus de Leganés,40.331755,-3.765697,morning_arrival_0900,Llegada al destino a las 09:00,to_destination,2026-07-29,2026-07-29T09:00:00+02:00,2026-07-28T18:15:09.814927+02:00,no_route,0,"[{""code"":""NO_TRANSIT_CONNECTION_IN_SEARCH_WINDOW"",""description"":""ES-los trip is not possible.  Please check that you plan is within the bound of the map."",""inputField"":""DATE_TIME""}]",,0.236643099997309
MAD-212|DEST_003|evening_departure_1800,MAD-212,Aeropuerto,Barajas,40.331755,-3.765697,DEST_003,UC3M Campus de Leganés,40.47941943172679,-3.557252067552487,evening_departure_1800,Salida del destino a las 18:00,from_destination,2026-07-29,2026-07-29T18:00:00+02:00,2026-07-28T18:15:10.051909+02:00,success,3,[],,1.4781024000112666
MAD-213|DEST_001|morning_arrival_0900,MAD-213,Casco Histórico de Barajas,Barajas,40.47346591539705,-3.578165655434032,DEST_001,Puerta del Sol,40.416775,-3.70379,morning_arrival_0900,Llegada al destino a las 09:00,to_destination,2026-07-29,2026-07-29T09:00:00+02:00,2026-07-28T18:15:11.819669+02:00,success,3,[],,0.3249884999968344
MAD-213|DEST_001|evening_departure_1800,MAD-213,Casco Histórico de Barajas,Barajas,40.416775,-3.70379,DEST_001,Puerta del Sol,40.47346591539705,-3.578165655434032,evening_departure_1800,Salida del destino a las 18:00,from_destination,2026-07-29,2026-07-29T18:00:00+02:00,2026-07-28T18:15:12.145196+02:00,success,3,[],,1.480493299997761
MAD-213|DEST_002|morning_arrival_0900,MAD-213,Casco Histórico de Barajas,Barajas,40.47346591539705,-3.578165655434032,DEST_002,Nuevos Ministerios,40.44661,-3.692436,morning_arrival_0900,Llegada al destino a las 09:00,to_destination,2026-07-29,2026-07-29T09:00:00+02:00,2026-07-28T18:15:13.626458+02:00,success,3,[],,0.6157412000029581
MAD-213|DEST_002|evening_departure_1800,MAD-213,Casco Histórico de Barajas,Barajas,40.44661,-3.692436,DEST_002,Nuevos Ministerios,40.47346591539705,-3.578165655434032,evening_departure_1800,Salida del destino a las 18:00,from_destination,2026-07-29,2026-07-29T18:00:00+02:00,2026-07-28T18:15:14.242632+02:00,success,3,[],,1.0066378000046825
MAD-213|DEST_003|morning_arrival_0900,MAD-213,Casco Histórico de Barajas,Barajas,40.47346591539705,-3.578165655434032,DEST_003,UC3M Campus de Leganés,40.331755,-3.765697,morning_arrival_0900,Llegada al destino a las 09:00,to_destination,2026-07-29,2026-07-29T09:00:00+02:00,2026-07-28T18:15:15.250715+02:00,success,3,[],,2.2808848999993643
MAD-213|DEST_003|evening_departure_1800,MAD-213,Casco Histórico de Barajas,Barajas,40.331755,-3.765697,DEST_003,UC3M Campus de Leganés,40.47346591539705,-3.578165655434032,evening_departure_1800,Salida del destino a las 18:00,from_destination,2026-07-29,2026-07-29T18:00:00+02:00,2026-07-28T18:15:17.532054+02:00,success,3,[],,0.6005882000026759
MAD-214|DEST_001|morning_arrival_0900,MAD-214,Timón,Barajas,40.47632085358852,-3.603938522933315,DEST_001,Puerta del Sol,40.416775,-3.70379,morning_arrival_0900,Llegada al destino a las 09:00,to_destination,2026-07-29,2026-07-29T09:00:00+02:00,2026-07-28T18:15:18.135015+02:00,success,3,[],,0.8004834000021219
MAD-214|DEST_001|evening_departure_1800,MAD-214,Timón,Barajas,40.416775,-3.70379,DEST_001,Puerta del Sol,40.47632085358852,-3.603938522933315,evening_departure_1800,Salida del destino a las 18:00,from_destination,2026-07-29,2026-07-29T18:00:00+02:00,2026-07-28T18:15:18.936227+02:00,success,3,[],,4.274905999991461
MAD-214|DEST_002|morning_arrival_0900,MAD-214,Timón,Barajas,40.47632085358852,-3.603938522933315,DEST_002,Nuevos Ministerios,40.44661,-3.692436,morning_arrival_0900,Llegada al destino a las 09:00,to_destination,2026-07-29,2026-07-29T09:00:00+02:00,2026-07-28T18:15:23.211800+02:00,success,3,[],,0.2698785000102361
MAD-214|DEST_002|evening_departure_1800,MAD-214,Timón,Barajas,40.44661,-3.692436,DEST_002,Nuevos Ministerios,40.47632085358852,-3.603938522933315,evening_departure_1800,Salida del destino a las 18:00,from_destination,2026-07-29,2026-07-29T18:00:00+02:00,2026-07-28T18:15:23.482205+02:00,success,3,[],,1.301958399999421
MAD-214|DEST_003|morning_arrival_0900,MAD-214,Timón,Barajas,40.47632085358852,-3.603938522933315,DEST_003,UC3M Campus de Leganés,40.331755,-3.765697,morning_arrival_0900,Llegada al destino a las 09:00,to_destination,2026-07-29,2026-07-29T09:00:00+02:00,2026-07-28T18:34:12.118659+02:00,success,3,[],,1.574389000001247
MAD-214|DEST_003|evening_departure_1800,MAD-214,Timón,Barajas,40.331755,-3.765697,DEST_003,UC3M Campus de Leganés,40.47632085358852,-3.603938522933315,evening_departure_1800,Salida del destino a las 18:00,from_destination,2026-07-29,2026-07-29T18:00:00+02:00,2026-07-28T18:34:13.693544+02:00,success,3,[],,1.0403321999910986
MAD-215|DEST_001|morning_arrival_0900,MAD-215,Corralejos,Barajas,40.46267914037393,-3.6058234294253126,DEST_001,Puerta del Sol,40.416775,-3.70379,morning_arrival_0900,Llegada al destino a las 09:00,to_destination,2026-07-29,2026-07-29T09:00:00+02:00,2026-07-28T18:34:14.734459+02:00,success,3,[],,0.5842138999869348
MAD-215|DEST_001|evening_departure_1800,MAD-215,Corralejos,Barajas,40.416775,-3.70379,DEST_001,Puerta del Sol,40.46267914037393,-3.6058234294253126,evening_departure_1800,Salida del destino a las 18:00,from_destination,2026-07-29,2026-07-29T18:00:00+02:00,2026-07-28T18:34:15.318956+02:00,success,3,[],,1.4674742999923185
MAD-215|DEST_002|morning_arrival_0900,MAD-215,Corralejos,Barajas,40.46267914037393,-3.6058234294253126,DEST_002,Nuevos Ministerios,40.44661,-3.692436,morning_arrival_0900,Llegada al destino a las 09:00,to_destination,2026-07-29,2026-07-29T09:00:00+02:00,2026-07-28T18:34:16.786735+02:00,success,3,[],,0.2939142999966861
MAD-215|DEST_002|evening_departure_1800,MAD-215,Corralejos,Barajas,40.44661,-3.692436,DEST_002,Nuevos Ministerios,40.46267914037393,-3.6058234294253126,evening_departure_1800,Salida del destino a las 18:00,from_destination,2026-07-29,2026-07-29T18:00:00+02:00,2026-07-28T18:34:17.081069+02:00,success,3,[],,0.5349303999973927
MAD-215|DEST_003|morning_arrival_0900,MAD-215,Corralejos,Barajas,40.46267914037393,-3.6058234294253126,DEST_003,UC3M Campus de Leganés,40.331755,-3.765697,morning_arrival_0900,Llegada al destino a las 09:00,to_destination,2026-07-29,2026-07-29T09:00:00+02:00,2026-07-28T18:34:17.616681+02:00,success,3,[],,2.395096499996725
MAD-215|DEST_003|evening_departure_1800,MAD-215,Corralejos,Barajas,40.331755,-3.765697,DEST_003,UC3M Campus de Leganés,40.46267914037393,-3.6058234294253126,evening_departure_1800,Salida del destino a las 18:00,from_destination,2026-07-29,2026-07-29T18:00:00+02:00,2026-07-28T18:34:20.012082+02:00,success,3,[],,0.7605865000077756
