destination_id,destination_name,transport_mode,transport_mode_label,profile_id,profile_name,feature_space,method,requested_k,comparison_k,neighbor_rank,anchor_zone_key,anchor_neighborhood_name,neighbor_zone_key,neighbor_neighborhood_name,neighbor_district_name,neighbor_is_pareto,raw_knn_distance,normalized_knn_distance,anchor_price_m2,neighbor_price_m2,price_delta_pct,anchor_commute_daily_minutes,neighbor_commute_daily_minutes,time_delta_pct,top_distance_drivers
DEST_001,Puerta del Sol,BICYCLE,Bicicleta,price_priority,Prioridad al precio,extended,KNN_global,3,3,1,MAD-121,Orcasitas,MAD-175,Ángeles,Villaverde,False,0.8250939890806611,0.3689932494821655,2357.51,2956.03,25.38780323307218,73.71666666666667,77.76666666666667,5.494008591453761,elevator_ratio (84.1 %); price_m2_for_recommender (11.3 %); rooms_mean (2.7 %)
DEST_001,Puerta del Sol,BICYCLE,Bicicleta,price_priority,Prioridad al precio,extended,KNN_global,3,3,2,MAD-121,Orcasitas,MAD-143,Marroquina,Moratalaz,False,0.9401635696785917,0.4204539303540382,2357.51,4301.17,82.44546152508366,73.71666666666667,72.51666666666665,-1.6278543974678052,price_m2_for_recommender (91.5 %); elevator_ratio (8.3 %); commute_daily_minutes (0.1 %)
DEST_001,Puerta del Sol,BICYCLE,Bicicleta,price_priority,Prioridad al precio,extended,KNN_global,3,3,3,MAD-121,Orcasitas,MAD-144,Media Legua,Moratalaz,False,0.940886728236155,0.4207773366926827,2357.51,3876.72,64.44129611327203,73.71666666666667,56.33333333333333,-23.58127967442913,price_m2_for_recommender (55.8 %); commute_daily_minutes (26.7 %); rooms_mean (17.4 %)
DEST_001,Puerta del Sol,BICYCLE,Bicicleta,price_priority,Prioridad al precio,extended,Pareto_KNN,3,3,1,MAD-121,Orcasitas,MAD-117,Abrantes,Carabanchel,True,1.5935201134255443,0.7126438594265384,2357.51,2912.9,23.558330611535045,73.71666666666667,56.266666666666666,-23.671716029844,elevator_ratio (80.5 %); commute_daily_minutes (9.4 %); rooms_mean (7.6 %)
DEST_001,Puerta del Sol,BICYCLE,Bicicleta,price_priority,Prioridad al precio,extended,Pareto_KNN,3,3,2,MAD-121,Orcasitas,MAD-112,Opañel,Carabanchel,True,1.869345130861668,0.8359965572029859,2357.51,3500.89,48.49947614220086,73.71666666666667,43.23333333333333,-41.352023513452416,elevator_ratio (64.3 %); commute_daily_minutes (20.8 %); price_m2_for_recommender (8.0 %)
DEST_001,Puerta del Sol,BICYCLE,Bicicleta,price_priority,Prioridad al precio,extended,Pareto_KNN,3,3,3,MAD-121,Orcasitas,MAD-135,Portazgo,Puente de Vallecas,True,1.9958050308728457,0.8925511437735498,2357.51,2703.76,14.687106311319994,73.71666666666667,70.83333333333334,-3.9113723716934103,elevator_ratio (81.2 %); exterior_ratio (18.0 %); price_m2_for_recommender (0.6 %)
DEST_001,Puerta del Sol,BICYCLE,Bicicleta,balanced,Perfil equilibrado,extended,KNN_global,3,3,1,MAD-102,Puerta del Ángel,MAD-111,Comillas,Carabanchel,False,0.35720886874286334,0.15974866253496844,4033.3,4105.51,1.790345374755164,30.266666666666666,38.5,27.202643171806173,commute_daily_minutes (41.5 %); elevator_ratio (29.9 %); rooms_mean (25.8 %)
DEST_001,Puerta del Sol,BICYCLE,Bicicleta,balanced,Perfil equilibrado,extended,KNN_global,3,3,2,MAD-102,Puerta del Ángel,MAD-125,Moscardó,Usera,True,0.7049866531727935,0.3152796159448868,4033.3,3739.18,-7.292291671832007,30.266666666666666,40.9,35.13215859030837,elevator_ratio (45.8 %); rooms_mean (24.3 %); commute_daily_minutes (17.8 %)
DEST_001,Puerta del Sol,BICYCLE,Bicicleta,balanced,Perfil equilibrado,extended,KNN_global,3,3,3,MAD-102,Puerta del Ángel,MAD-112,Opañel,Carabanchel,True,0.8294904140487038,0.37095939049946963,4033.3,3500.89,-13.200357027744037,30.266666666666666,43.23333333333333,42.841409691629934,exterior_ratio (52.9 %); elevator_ratio (19.2 %); commute_daily_minutes (19.1 %)
DEST_001,Puerta del Sol,BICYCLE,Bicicleta,balanced,Perfil equilibrado,extended,Pareto_KNN,3,3,1,MAD-102,Puerta del Ángel,MAD-125,Moscardó,Usera,True,0.7049866531727935,0.3152796159448868,4033.3,3739.18,-7.292291671832007,30.266666666666666,40.9,35.13215859030837,elevator_ratio (45.8 %); rooms_mean (24.3 %); commute_daily_minutes (17.8 %)
DEST_001,Puerta del Sol,BICYCLE,Bicicleta,balanced,Perfil equilibrado,extended,Pareto_KNN,3,3,2,MAD-102,Puerta del Ángel,MAD-112,Opañel,Carabanchel,True,0.8294904140487038,0.37095939049946963,4033.3,3500.89,-13.200357027744037,30.266666666666666,43.23333333333333,42.841409691629934,exterior_ratio (52.9 %); elevator_ratio (19.2 %); commute_daily_minutes (19.1 %)
DEST_001,Puerta del Sol,BICYCLE,Bicicleta,balanced,Perfil equilibrado,extended,Pareto_KNN,3,3,3,MAD-102,Puerta del Ángel,MAD-123,San Fermín,Usera,True,1.0567336439646482,0.4725856524032027,4033.3,2755.18,-31.6891875139464,30.266666666666666,56.98333333333333,88.27092511013214,commute_daily_minutes (49.9 %); price_m2_for_recommender (31.3 %); elevator_ratio (13.4 %)
DEST_001,Puerta del Sol,BICYCLE,Bicicleta,time_priority,Prioridad al tiempo,extended,KNN_global,3,3,1,MAD-016,Sol,MAD-013,Cortes,Centro,False,0.6554702821731351,0.2931352216340197,7696.61,7246.75,-5.844910941310522,3.7,16.03333333333333,333.3333333333333,exterior_ratio (37.5 %); commute_daily_minutes (27.6 %); elevator_ratio (20.5 %)
DEST_001,Puerta del Sol,BICYCLE,Bicicleta,time_priority,Prioridad al tiempo,extended,KNN_global,3,3,2,MAD-016,Sol,MAD-015,Universidad,Centro,False,1.1837730269015023,0.5293993916164893,7696.61,7135.43,-7.291261997164979,3.7,17.35,368.91891891891896,exterior_ratio (81.5 %); commute_daily_minutes (10.4 %); price_m2_for_recommender (4.8 %)
DEST_001,Puerta del Sol,BICYCLE,Bicicleta,time_priority,Prioridad al tiempo,extended,KNN_global,3,3,3,MAD-016,Sol,MAD-014,Justicia,Centro,False,1.2147784547764444,0.5432654404964568,7696.61,9541.9,23.975360580827143,3.7,19.31666666666667,422.07207207207216,price_m2_for_recommender (49.4 %); elevator_ratio (35.3 %); commute_daily_minutes (12.9 %)
DEST_001,Puerta del Sol,BICYCLE,Bicicleta,time_priority,Prioridad al tiempo,extended,Pareto_KNN,3,3,1,MAD-016,Sol,MAD-021,Imperial,Arganzuela,True,1.4556873422745094,0.6510031702623612,7696.61,5855.12,-23.925988194802645,3.7,24.583333333333336,564.4144144144144,price_m2_for_recommender (34.3 %); elevator_ratio (26.7 %); exterior_ratio (22.3 %)
DEST_001,Puerta del Sol,BICYCLE,Bicicleta,time_priority,Prioridad al tiempo,extended,Pareto_KNN,3,3,2,MAD-016,Sol,MAD-011,Palacio,Centro,True,1.5722039890638435,0.7031109988086179,7696.61,6895.15,-10.413155921892885,3.7,15.733333333333334,325.22522522522524,exterior_ratio (75.3 %); rooms_mean (13.3 %); price_m2_for_recommender (5.6 %)
DEST_001,Puerta del Sol,BICYCLE,Bicicleta,time_priority,Prioridad al tiempo,extended,Pareto_KNN,3,3,3,MAD-016,Sol,MAD-102,Puerta del Ángel,Latina,True,2.130114101725648,0.9526159862578902,7696.61,4033.3,-47.596409328262695,3.7,30.266666666666666,718.018018018018,price_m2_for_recommender (63.3 %); elevator_ratio (23.8 %); commute_daily_minutes (12.1 %)
DEST_001,Puerta del Sol,CAR,Coche,price_priority,Prioridad al precio,extended,KNN_global,3,3,1,MAD-121,Orcasitas,MAD-182,Santa Eugenia,Villa de Vallecas,False,0.38742919890613287,0.17326360504448005,2357.51,2899.99,23.01071893650502,28.416666666666664,30.5,7.331378299120243,price_m2_for_recommender (41.6 %); commute_daily_minutes (40.6 %); elevator_ratio (16.3 %)
DEST_001,Puerta del Sol,CAR,Coche,price_priority,Prioridad al precio,extended,KNN_global,3,3,2,MAD-121,Orcasitas,MAD-206,Rejas,San Blas - Canillejas,False,0.893229414758197,0.39946433818033644,2357.51,3580.16,51.861922112737574,28.416666666666664,31.683333333333334,11.495601173020537,price_m2_for_recommender (39.8 %); exterior_ratio (22.5 %); commute_daily_minutes (18.8 %)
DEST_001,Puerta del Sol,CAR,Coche,price_priority,Prioridad al precio,extended,KNN_global,3,3,3,MAD-121,Orcasitas,MAD-175,Ángeles,Villaverde,False,0.921303347936917,0.4120193827770174,2357.51,2956.03,25.38780323307218,28.416666666666664,31.9,12.258064516129037,elevator_ratio (68.7 %); commute_daily_minutes (20.1 %); price_m2_for_recommender (9.0 %)
DEST_001,Puerta del Sol,CAR,Coche,price_priority,Prioridad al precio,extended,Pareto_KNN,3,3,1,MAD-121,Orcasitas,MAD-144,Media Legua,Moratalaz,True,1.280430836242388,0.5726260780649761,2357.51,3876.72,64.44129611327203,28.416666666666664,20.016666666666666,-29.560117302052785,commute_daily_minutes (60.5 %); price_m2_for_recommender (29.9 %); rooms_mean (9.6 %)
DEST_001,Puerta del Sol,CAR,Coche,price_priority,Prioridad al precio,extended,Pareto_KNN,3,3,2,MAD-121,Orcasitas,MAD-134,Palomeras Sureste,Puente de Vallecas,True,1.3220456936593896,0.5912368080766516,2357.51,2701.36,14.58530398598521,28.416666666666664,24.366666666666667,-14.252199413489727,elevator_ratio (75.8 %); commute_daily_minutes (13.2 %); rooms_mean (6.4 %)
DEST_001,Puerta del Sol,CAR,Coche,price_priority,Prioridad al precio,extended,Pareto_KNN,3,3,3,MAD-121,Orcasitas,MAD-125,Moscardó,Usera,True,2.1862061769983128,0.9777011249196329,2357.51,3739.18,58.607174518877954,28.416666666666664,21.866666666666667,-23.04985337243401,elevator_ratio (40.9 %); exterior_ratio (33.3 %); commute_daily_minutes (12.6 %)
DEST_001,Puerta del Sol,CAR,Coche,balanced,Perfil equilibrado,extended,KNN_global,3,3,1,MAD-134,Palomeras Sureste,MAD-204,Arcos,San Blas - Canillejas,False,0.4461386141878337,0.19951925374230964,2701.36,3145.08,16.425800337607715,24.366666666666667,24.566666666666663,0.8207934336525132,exterior_ratio (27.3 %); rooms_mean (26.3 %); elevator_ratio (25.2 %)
DEST_001,Puerta del Sol,CAR,Coche,balanced,Perfil equilibrado,extended,KNN_global,3,3,2,MAD-134,Palomeras Sureste,MAD-103,Lucero,Latina,False,0.5958961633616827,0.2664928657616084,2701.36,3310.43,22.546791245890947,24.366666666666667,26.066666666666663,6.976744186046494,rooms_mean (40.9 %); elevator_ratio (25.5 %); price_m2_for_recommender (22.2 %)
DEST_001,Puerta del Sol,CAR,Coche,balanced,Perfil equilibrado,extended,KNN_global,3,3,3,MAD-134,Palomeras Sureste,MAD-112,Opañel,Carabanchel,False,0.6447451822556253,0.28833881113781384,2701.36,3500.89,29.597313945568146,24.366666666666667,26.066666666666663,6.976744186046494,price_m2_for_recommender (32.7 %); elevator_ratio (31.5 %); exterior_ratio (13.5 %)
DEST_001,Puerta del Sol,CAR,Coche,balanced,Perfil equilibrado,extended,Pareto_KNN,3,3,1,MAD-134,Palomeras Sureste,MAD-125,Moscardó,Usera,True,1.2060962081212876,0.5393826217527866,2701.36,3739.18,38.418426274172994,24.366666666666667,21.866666666666667,-10.259917920656635,exterior_ratio (72.7 %); price_m2_for_recommender (15.7 %); commute_daily_minutes (6.0 %)
DEST_001,Puerta del Sol,CAR,Coche,balanced,Perfil equilibrado,extended,Pareto_KNN,3,3,2,MAD-134,Palomeras Sureste,MAD-121,Orcasitas,Usera,True,1.3220456936593896,0.5912368080766516,2701.36,2357.51,-12.728773654751677,24.366666666666667,28.416666666666664,16.621067031463735,elevator_ratio (75.8 %); commute_daily_minutes (13.2 %); rooms_mean (6.4 %)
DEST_001,Puerta del Sol,CAR,Coche,balanced,Perfil equilibrado,extended,Pareto_KNN,3,3,3,MAD-134,Palomeras Sureste,MAD-136,Numancia,Puente de Vallecas,True,1.3905285945558754,0.6218632924168362,2701.36,3239.46,19.91959605532028,24.366666666666667,22.933333333333334,-5.882352941176472,exterior_ratio (64.4 %); elevator_ratio (17.1 %); rooms_mean (13.9 %)
DEST_001,Puerta del Sol,CAR,Coche,time_priority,Prioridad al tiempo,extended,KNN_global,3,3,1,MAD-015,Universidad,MAD-013,Cortes,Centro,False,0.8283043274552392,0.370428956449432,7135.43,7246.75,1.5601021942615891,10.0,13.583333333333332,35.83333333333332,exterior_ratio (62.4 %); commute_daily_minutes (26.3 %); elevator_ratio (10.1 %)
DEST_001,Puerta del Sol,CAR,Coche,time_priority,Prioridad al tiempo,extended,KNN_global,3,3,2,MAD-015,Universidad,MAD-011,Palacio,Centro,True,0.8904203036889022,0.3982080655188784,7135.43,6895.15,-3.3674214448183313,10.0,16.216666666666665,62.16666666666665,commute_daily_minutes (68.5 %); rooms_mean (16.9 %); exterior_ratio (10.6 %)
DEST_001,Puerta del Sol,CAR,Coche,time_priority,Prioridad al tiempo,extended,KNN_global,3,3,3,MAD-015,Universidad,MAD-016,Sol,Centro,False,1.116255550196011,0.4992046580999418,7135.43,7696.61,7.864697712681638,10.0,11.566666666666666,15.666666666666663,exterior_ratio (88.1 %); price_m2_for_recommender (5.4 %); rooms_mean (3.7 %)
DEST_001,Puerta del Sol,CAR,Coche,time_priority,Prioridad al tiempo,extended,Pareto_KNN,3,3,1,MAD-015,Universidad,MAD-011,Palacio,Centro,True,0.8904203036889022,0.3982080655188784,7135.43,6895.15,-3.3674214448183313,10.0,16.216666666666665,62.16666666666665,commute_daily_minutes (68.5 %); rooms_mean (16.9 %); exterior_ratio (10.6 %)
DEST_001,Puerta del Sol,CAR,Coche,time_priority,Prioridad al tiempo,extended,Pareto_KNN,3,3,2,MAD-015,Universidad,MAD-031,Pacífico,Retiro,True,1.207703716198789,0.5401015212199212,7135.43,6286.22,-11.901314987323818,10.0,16.3,63.000000000000014,elevator_ratio (49.9 %); commute_daily_minutes (38.2 %); price_m2_for_recommender (10.5 %)
DEST_001,Puerta del Sol,CAR,Coche,time_priority,Prioridad al tiempo,extended,Pareto_KNN,3,3,3,MAD-015,Universidad,MAD-014,Justicia,Centro,True,1.6041363304541822,0.7173915760145235,7135.43,9541.9,33.72564792871627,10.0,9.216666666666669,-7.833333333333314,price_m2_for_recommender (47.8 %); exterior_ratio (30.0 %); elevator_ratio (18.6 %)
DEST_001,Puerta del Sol,TRANSIT,Transporte público,price_priority,Prioridad al precio,extended,KNN_global,3,3,1,MAD-172,San Cristóbal,MAD-202,Hellín,San Blas - Canillejas,False,0.3957790904783666,0.1769977900765335,1909.6,2498.86,30.85777126099708,139.71666666666667,148.96666666666667,6.620541572229512,commute_daily_minutes (50.1 %); price_m2_for_recommender (49.6 %); rooms_mean (0.1 %)
DEST_001,Puerta del Sol,TRANSIT,Transporte público,price_priority,Prioridad al precio,extended,KNN_global,3,3,2,MAD-172,San Cristóbal,MAD-203,Amposta,San Blas - Canillejas,False,0.7681040818629051,0.3435065881681038,1909.6,2544.1,33.22685379136992,139.71666666666667,154.88333333333333,10.855302397709643,elevator_ratio (47.1 %); commute_daily_minutes (35.8 %); price_m2_for_recommender (15.3 %)
DEST_001,Puerta del Sol,TRANSIT,Transporte público,price_priority,Prioridad al precio,extended,KNN_global,3,3,3,MAD-172,San Cristóbal,MAD-174,Los Rosales,Villaverde,False,0.8668361545806903,0.38766091339938785,1909.6,2807.4,47.015081692501056,139.71666666666667,122.3,-12.465704401765482,commute_daily_minutes (37.1 %); price_m2_for_recommender (24.0 %); elevator_ratio (22.1 %)
DEST_001,Puerta del Sol,TRANSIT,Transporte público,price_priority,Prioridad al precio,extended,Pareto_KNN,3,3,1,MAD-172,San Cristóbal,MAD-131,Entrevías,Puente de Vallecas,True,1.396595905366028,0.6245766762992603,1909.6,2430.16,27.260159195643062,139.71666666666667,122.7,-12.179410712155551,exterior_ratio (58.3 %); commute_daily_minutes (13.6 %); rooms_mean (13.5 %)
DEST_001,Puerta del Sol,TRANSIT,Transporte público,price_priority,Prioridad al precio,extended,Pareto_KNN,3,3,2,MAD-172,San Cristóbal,MAD-103,Lucero,Latina,True,2.0553369875494734,0.9191746441660522,1909.6,3310.43,73.35724759111856,139.71666666666667,96.1,-31.217941071215563,elevator_ratio (44.4 %); commute_daily_minutes (41.3 %); price_m2_for_recommender (10.4 %)
DEST_001,Puerta del Sol,TRANSIT,Transporte público,price_priority,Prioridad al precio,extended,Pareto_KNN,3,3,3,MAD-172,San Cristóbal,MAD-123,San Fermín,Usera,True,2.12883453605515,0.9520437470937084,1909.6,2755.18,44.2804775869292,139.71666666666667,111.68333333333334,-20.064416080162232,exterior_ratio (41.3 %); elevator_ratio (39.1 %); commute_daily_minutes (15.9 %)
DEST_001,Puerta del Sol,TRANSIT,Transporte público,balanced,Perfil equilibrado,extended,KNN_global,3,3,1,MAD-102,Puerta del Ángel,MAD-111,Comillas,Carabanchel,False,0.47717883470279276,0.21340086236391603,4033.3,4105.51,1.790345374755164,65.13333333333334,78.08333333333334,19.88229273285568,commute_daily_minutes (67.6 %); elevator_ratio (17.0 %); rooms_mean (13.6 %)
DEST_001,Puerta del Sol,TRANSIT,Transporte público,balanced,Perfil equilibrado,extended,KNN_global,3,3,2,MAD-102,Puerta del Ángel,MAD-125,Moscardó,Usera,True,0.7743930292747729,0.34631909095207536,4033.3,3739.18,-7.292291671832007,65.13333333333334,79.5,22.057318321392003,elevator_ratio (38.6 %); commute_daily_minutes (31.6 %); rooms_mean (19.0 %)
DEST_001,Puerta del Sol,TRANSIT,Transporte público,balanced,Perfil equilibrado,extended,KNN_global,3,3,3,MAD-102,Puerta del Ángel,MAD-112,Opañel,Carabanchel,True,0.9534974940795584,0.42641704262751917,4033.3,3500.89,-13.200357027744037,65.13333333333334,83.75,28.58239508700101,exterior_ratio (43.2 %); commute_daily_minutes (35.0 %); elevator_ratio (14.8 %)
DEST_001,Puerta del Sol,TRANSIT,Transporte público,balanced,Perfil equilibrado,extended,Pareto_KNN,3,3,1,MAD-102,Puerta del Ángel,MAD-125,Moscardó,Usera,True,0.7743930292747729,0.34631909095207536,4033.3,3739.18,-7.292291671832007,65.13333333333334,79.5,22.057318321392003,elevator_ratio (38.6 %); commute_daily_minutes (31.6 %); rooms_mean (19.0 %)
DEST_001,Puerta del Sol,TRANSIT,Transporte público,balanced,Perfil equilibrado,extended,Pareto_KNN,3,3,2,MAD-102,Puerta del Ángel,MAD-112,Opañel,Carabanchel,True,0.9534974940795584,0.42641704262751917,4033.3,3500.89,-13.200357027744037,65.13333333333334,83.75,28.58239508700101,exterior_ratio (43.2 %); commute_daily_minutes (35.0 %); elevator_ratio (14.8 %)
DEST_001,Puerta del Sol,TRANSIT,Transporte público,balanced,Perfil equilibrado,extended,Pareto_KNN,3,3,3,MAD-102,Puerta del Ángel,MAD-114,Vista Alegre,Carabanchel,True,1.2838906645145765,0.574173360306394,4033.3,3213.22,-20.33273002256218,65.13333333333334,102.5,57.3694984646878,commute_daily_minutes (77.7 %); price_m2_for_recommender (9.1 %); elevator_ratio (8.1 %)
DEST_001,Puerta del Sol,TRANSIT,Transporte público,time_priority,Prioridad al tiempo,extended,KNN_global,3,3,1,MAD-102,Puerta del Ángel,MAD-111,Comillas,Carabanchel,False,0.47717883470279276,0.21340086236391603,4033.3,4105.51,1.790345374755164,65.13333333333334,78.08333333333334,19.88229273285568,commute_daily_minutes (67.6 %); elevator_ratio (17.0 %); rooms_mean (13.6 %)
DEST_001,Puerta del Sol,TRANSIT,Transporte público,time_priority,Prioridad al tiempo,extended,KNN_global,3,3,2,MAD-102,Puerta del Ángel,MAD-125,Moscardó,Usera,True,0.7743930292747729,0.34631909095207536,4033.3,3739.18,-7.292291671832007,65.13333333333334,79.5,22.057318321392003,elevator_ratio (38.6 %); commute_daily_minutes (31.6 %); rooms_mean (19.0 %)
DEST_001,Puerta del Sol,TRANSIT,Transporte público,time_priority,Prioridad al tiempo,extended,KNN_global,3,3,3,MAD-102,Puerta del Ángel,MAD-112,Opañel,Carabanchel,True,0.9534974940795584,0.42641704262751917,4033.3,3500.89,-13.200357027744037,65.13333333333334,83.75,28.58239508700101,exterior_ratio (43.2 %); commute_daily_minutes (35.0 %); elevator_ratio (14.8 %)
DEST_001,Puerta del Sol,TRANSIT,Transporte público,time_priority,Prioridad al tiempo,extended,Pareto_KNN,3,3,1,MAD-102,Puerta del Ángel,MAD-125,Moscardó,Usera,True,0.7743930292747729,0.34631909095207536,4033.3,3739.18,-7.292291671832007,65.13333333333334,79.5,22.057318321392003,elevator_ratio (38.6 %); commute_daily_minutes (31.6 %); rooms_mean (19.0 %)
DEST_001,Puerta del Sol,TRANSIT,Transporte público,time_priority,Prioridad al tiempo,extended,Pareto_KNN,3,3,2,MAD-102,Puerta del Ángel,MAD-112,Opañel,Carabanchel,True,0.9534974940795584,0.42641704262751917,4033.3,3500.89,-13.200357027744037,65.13333333333334,83.75,28.58239508700101,exterior_ratio (43.2 %); commute_daily_minutes (35.0 %); elevator_ratio (14.8 %)
DEST_001,Puerta del Sol,TRANSIT,Transporte público,time_priority,Prioridad al tiempo,extended,Pareto_KNN,3,3,3,MAD-102,Puerta del Ángel,MAD-114,Vista Alegre,Carabanchel,True,1.2838906645145765,0.574173360306394,4033.3,3213.22,-20.33273002256218,65.13333333333334,102.5,57.3694984646878,commute_daily_minutes (77.7 %); price_m2_for_recommender (9.1 %); elevator_ratio (8.1 %)
DEST_001,Puerta del Sol,WALK,A pie,price_priority,Prioridad al precio,extended,KNN_global,3,3,1,MAD-121,Orcasitas,MAD-175,Ángeles,Villaverde,False,0.902512037087099,0.4036156530877129,2357.51,2956.03,25.38780323307218,184.06666666666663,213.7,16.099239406012327,elevator_ratio (75.3 %); commute_daily_minutes (13.1 %); price_m2_for_recommender (9.4 %)
DEST_001,Puerta del Sol,WALK,A pie,price_priority,Prioridad al precio,extended,KNN_global,3,3,2,MAD-121,Orcasitas,MAD-143,Marroquina,Moratalaz,False,0.9549168839323368,0.4270518130669963,2357.51,4301.17,82.44546152508366,184.06666666666663,169.16666666666669,-8.094893154654086,price_m2_for_recommender (88.4 %); elevator_ratio (8.6 %); commute_daily_minutes (3.0 %)
DEST_001,Puerta del Sol,WALK,A pie,price_priority,Prioridad al precio,extended,KNN_global,3,3,3,MAD-121,Orcasitas,MAD-144,Media Legua,Moratalaz,False,0.9848352339442921,0.44043170594726905,2357.51,3876.72,64.44129611327203,184.06666666666663,132.5,-28.0152118797537,price_m2_for_recommender (50.8 %); commute_daily_minutes (33.3 %); rooms_mean (15.8 %)
DEST_001,Puerta del Sol,WALK,A pie,price_priority,Prioridad al precio,extended,Pareto_KNN,3,3,1,MAD-121,Orcasitas,MAD-117,Abrantes,Carabanchel,True,1.5999624222408708,0.7155249475151617,2357.51,2912.9,23.558330611535045,184.06666666666663,153.13333333333333,-16.80550525172038,elevator_ratio (85.4 %); rooms_mean (7.5 %); commute_daily_minutes (4.5 %)
DEST_001,Puerta del Sol,WALK,A pie,price_priority,Prioridad al precio,extended,Pareto_KNN,3,3,2,MAD-121,Orcasitas,MAD-113,San Isidro,Carabanchel,True,1.7328277028711074,0.7749441073829207,2357.51,3670.03,55.67399502016958,184.06666666666663,101.08333333333331,-45.08330315103223,elevator_ratio (48.4 %); commute_daily_minutes (27.9 %); price_m2_for_recommender (12.2 %)
DEST_001,Puerta del Sol,WALK,A pie,price_priority,Prioridad al precio,extended,Pareto_KNN,3,3,3,MAD-121,Orcasitas,MAD-112,Opañel,Carabanchel,True,1.9191872973894746,0.8582866517033939,2357.51,3500.89,48.49947614220086,184.06666666666663,105.11666666666667,-42.89206809127127,elevator_ratio (65.3 %); commute_daily_minutes (20.6 %); price_m2_for_recommender (7.6 %)
DEST_001,Puerta del Sol,WALK,A pie,balanced,Perfil equilibrado,extended,KNN_global,3,3,1,MAD-102,Puerta del Ángel,MAD-111,Comillas,Carabanchel,False,0.3298281235199342,0.147503621016354,4033.3,4105.51,1.790345374755164,79.71666666666665,95.85,20.238344135479835,elevator_ratio (37.5 %); rooms_mean (30.0 %); commute_daily_minutes (29.1 %)
DEST_001,Puerta del Sol,WALK,A pie,balanced,Perfil equilibrado,extended,KNN_global,3,3,2,MAD-102,Puerta del Ángel,MAD-125,Moscardó,Usera,True,0.6911918627911069,0.3091103981391245,4033.3,3739.18,-7.292291671832007,79.71666666666665,100.76666666666664,26.40602132552789,elevator_ratio (51.0 %); rooms_mean (25.1 %); commute_daily_minutes (11.3 %)
DEST_001,Puerta del Sol,WALK,A pie,balanced,Perfil equilibrado,extended,KNN_global,3,3,3,MAD-102,Puerta del Ángel,MAD-112,Opañel,Carabanchel,True,0.8025582639067387,0.35891496679993673,4033.3,3500.89,-13.200357027744037,79.71666666666665,105.11666666666667,31.862847585197603,exterior_ratio (56.4 %); elevator_ratio (22.0 %); commute_daily_minutes (12.2 %)
DEST_001,Puerta del Sol,WALK,A pie,balanced,Perfil equilibrado,extended,Pareto_KNN,3,3,1,MAD-102,Puerta del Ángel,MAD-125,Moscardó,Usera,True,0.6911918627911069,0.3091103981391245,4033.3,3739.18,-7.292291671832007,79.71666666666665,100.76666666666664,26.40602132552789,elevator_ratio (51.0 %); rooms_mean (25.1 %); commute_daily_minutes (11.3 %)
DEST_001,Puerta del Sol,WALK,A pie,balanced,Perfil equilibrado,extended,Pareto_KNN,3,3,2,MAD-102,Puerta del Ángel,MAD-112,Opañel,Carabanchel,True,0.8025582639067387,0.35891496679993673,4033.3,3500.89,-13.200357027744037,79.71666666666665,105.11666666666667,31.862847585197603,exterior_ratio (56.4 %); elevator_ratio (22.0 %); commute_daily_minutes (12.2 %)
DEST_001,Puerta del Sol,WALK,A pie,balanced,Perfil equilibrado,extended,Pareto_KNN,3,3,3,MAD-102,Puerta del Ángel,MAD-123,San Fermín,Usera,True,1.1840677682274479,0.5295312039446078,4033.3,2755.18,-31.6891875139464,79.71666666666665,162.51666666666665,103.86786535647084,commute_daily_minutes (59.5 %); price_m2_for_recommender (24.9 %); elevator_ratio (11.4 %)
DEST_001,Puerta del Sol,WALK,A pie,time_priority,Prioridad al tiempo,extended,KNN_global,3,3,1,MAD-016,Sol,MAD-013,Cortes,Centro,True,0.594805844607634,0.26600526039136924,7696.61,7246.75,-5.844910941310522,3.7,21.166666666666664,472.072072072072,exterior_ratio (45.5 %); elevator_ratio (26.6 %); price_m2_for_recommender (12.2 %)
DEST_001,Puerta del Sol,WALK,A pie,time_priority,Prioridad al tiempo,extended,KNN_global,3,3,2,MAD-016,Sol,MAD-015,Universidad,Centro,False,1.1645641229626258,0.520808908620371,7696.61,7135.43,-7.291261997164979,3.7,32.56666666666666,780.1801801801801,exterior_ratio (84.2 %); commute_daily_minutes (7.5 %); price_m2_for_recommender (5.0 %)
DEST_001,Puerta del Sol,WALK,A pie,time_priority,Prioridad al tiempo,extended,KNN_global,3,3,3,MAD-016,Sol,MAD-014,Justicia,Centro,False,1.2002389099974324,0.5367631583989021,7696.61,9541.9,23.975360580827143,3.7,35.31666666666666,854.5045045045044,price_m2_for_recommender (50.4 %); elevator_ratio (38.7 %); commute_daily_minutes (8.4 %)
DEST_001,Puerta del Sol,WALK,A pie,time_priority,Prioridad al tiempo,extended,Pareto_KNN,3,3,1,MAD-016,Sol,MAD-013,Cortes,Centro,True,0.594805844607634,0.26600526039136924,7696.61,7246.75,-5.844910941310522,3.7,21.166666666666664,472.072072072072,exterior_ratio (45.5 %); elevator_ratio (26.6 %); price_m2_for_recommender (12.2 %)
DEST_001,Puerta del Sol,WALK,A pie,time_priority,Prioridad al tiempo,extended,Pareto_KNN,3,3,2,MAD-016,Sol,MAD-023,Chopera,Arganzuela,True,1.9895685043396931,0.8897620843192278,7696.61,5473.88,-28.879337786376073,3.7,77.73333333333333,2000.9009009009008,elevator_ratio (48.2 %); price_m2_for_recommender (26.6 %); commute_daily_minutes (16.8 %)
DEST_001,Puerta del Sol,WALK,A pie,time_priority,Prioridad al tiempo,extended,Pareto_KNN,3,3,3,MAD-016,Sol,MAD-102,Puerta del Ángel,Latina,True,2.1802996229290854,0.9750596336373187,7696.61,4033.3,-47.596409328262695,3.7,79.71666666666665,2054.504504504504,price_m2_for_recommender (60.2 %); elevator_ratio (24.3 %); commute_daily_minutes (14.8 %)
DEST_002,Nuevos Ministerios,BICYCLE,Bicicleta,price_priority,Prioridad al precio,extended,KNN_global,3,3,1,MAD-203,Amposta,MAD-202,Hellín,San Blas - Canillejas,True,0.5582959400320989,0.24967753469478385,2544.1,2498.86,-1.7782319877363226,75.61666666666667,83.08333333333333,9.874366321357707,elevator_ratio (83.6 %); commute_daily_minutes (13.6 %); rooms_mean (2.6 %)
DEST_002,Nuevos Ministerios,BICYCLE,Bicicleta,price_priority,Prioridad al precio,extended,KNN_global,3,3,2,MAD-203,Amposta,MAD-145,Fontarrón,Moratalaz,False,1.2701350084153957,0.5680216438838185,2544.1,3770.04,48.18757124326874,75.61666666666667,87.61666666666666,15.86951730218204,elevator_ratio (67.6 %); price_m2_for_recommender (19.9 %); commute_daily_minutes (6.8 %)
DEST_002,Nuevos Ministerios,BICYCLE,Bicicleta,price_priority,Prioridad al precio,extended,KNN_global,3,3,3,MAD-203,Amposta,MAD-127,Pradolongo,Usera,False,1.325028037095151,0.5925705526075741,2544.1,3390.16,33.25576824810346,75.61666666666667,103.48333333333332,36.852545735067196,exterior_ratio (47.6 %); commute_daily_minutes (33.6 %); price_m2_for_recommender (8.7 %)
DEST_002,Nuevos Ministerios,BICYCLE,Bicicleta,price_priority,Prioridad al precio,extended,Pareto_KNN,3,3,1,MAD-203,Amposta,MAD-202,Hellín,San Blas - Canillejas,True,0.5582959400320989,0.24967753469478385,2544.1,2498.86,-1.7782319877363226,75.61666666666667,83.08333333333333,9.874366321357707,elevator_ratio (83.6 %); commute_daily_minutes (13.6 %); rooms_mean (2.6 %)
DEST_002,Nuevos Ministerios,BICYCLE,Bicicleta,price_priority,Prioridad al precio,extended,Pareto_KNN,3,3,2,MAD-203,Amposta,MAD-131,Entrevías,Puente de Vallecas,True,1.9048175024544691,0.851860284043913,2544.1,2430.16,-4.4785975394049,75.61666666666667,118.71666666666664,56.99801631033717,commute_daily_minutes (38.9 %); exterior_ratio (29.0 %); elevator_ratio (27.1 %)
DEST_002,Nuevos Ministerios,BICYCLE,Bicicleta,price_priority,Prioridad al precio,extended,Pareto_KNN,3,3,3,MAD-203,Amposta,MAD-172,San Cristóbal,Villaverde,True,1.930666482180712,0.8634202992072917,2544.1,1909.6,-24.940057387681303,75.61666666666667,142.06666666666666,87.87745206083314,commute_daily_minutes (90.1 %); elevator_ratio (7.3 %); price_m2_for_recommender (2.3 %)
DEST_002,Nuevos Ministerios,BICYCLE,Bicicleta,balanced,Perfil equilibrado,extended,KNN_global,3,3,1,MAD-061,Bellas Vistas,MAD-015,Universidad,Centro,False,1.3838692238721682,0.6188851313096085,5223.92,7135.43,36.59148685278489,21.700000000000003,40.15,85.02304147465435,price_m2_for_recommender (40.8 %); exterior_ratio (35.1 %); commute_daily_minutes (13.5 %)
DEST_002,Nuevos Ministerios,BICYCLE,Bicicleta,balanced,Perfil equilibrado,extended,KNN_global,3,3,2,MAD-061,Bellas Vistas,MAD-011,Palacio,Centro,False,1.5084706960293741,0.6746086036776205,5223.92,6895.15,31.991875832707994,21.700000000000003,63.65,193.31797235023038,commute_daily_minutes (58.8 %); price_m2_for_recommender (26.3 %); exterior_ratio (12.1 %)
DEST_002,Nuevos Ministerios,BICYCLE,Bicicleta,balanced,Perfil equilibrado,extended,KNN_global,3,3,3,MAD-061,Bellas Vistas,MAD-066,Berruguete,Tetuán,True,1.53249714367454,0.6853535577161066,5223.92,4789.99,-8.306597344522892,21.700000000000003,28.21666666666667,30.030721966205828,exterior_ratio (78.1 %); elevator_ratio (16.0 %); rooms_mean (2.8 %)
DEST_002,Nuevos Ministerios,BICYCLE,Bicicleta,balanced,Perfil equilibrado,extended,Pareto_KNN,3,3,1,MAD-061,Bellas Vistas,MAD-066,Berruguete,Tetuán,True,1.53249714367454,0.6853535577161066,5223.92,4789.99,-8.306597344522892,21.700000000000003,28.21666666666667,30.030721966205828,exterior_ratio (78.1 %); elevator_ratio (16.0 %); rooms_mean (2.8 %)
DEST_002,Nuevos Ministerios,BICYCLE,Bicicleta,balanced,Perfil equilibrado,extended,Pareto_KNN,3,3,2,MAD-061,Bellas Vistas,MAD-075,Ríos Rosas,Chamberí,True,1.911570061522933,0.8548801202637466,5223.92,7915.16,51.517634266987244,21.700000000000003,12.133333333333333,-44.08602150537635,price_m2_for_recommender (42.4 %); elevator_ratio (41.8 %); rooms_mean (13.8 %)
DEST_002,Nuevos Ministerios,BICYCLE,Bicicleta,balanced,Perfil equilibrado,extended,Pareto_KNN,3,3,3,MAD-061,Bellas Vistas,MAD-062,Cuatro Caminos,Tetuán,True,1.913782497937312,0.8558695519074361,5223.92,6496.82,24.36675906216021,21.700000000000003,12.383333333333333,-42.93394777265746,exterior_ratio (47.2 %); rooms_mean (25.5 %); elevator_ratio (16.0 %)
DEST_002,Nuevos Ministerios,BICYCLE,Bicicleta,time_priority,Prioridad al tiempo,extended,KNN_global,3,3,1,MAD-062,Cuatro Caminos,MAD-052,Prosperidad,Chamartín,False,0.6759218297593222,0.30228143176357697,6496.82,6448.55,-0.7429788727408105,12.383333333333333,29.583333333333336,138.8963660834455,commute_daily_minutes (49.2 %); rooms_mean (39.2 %); exterior_ratio (11.5 %)
DEST_002,Nuevos Ministerios,BICYCLE,Bicicleta,time_priority,Prioridad al tiempo,extended,KNN_global,3,3,2,MAD-062,Cuatro Caminos,MAD-053,Ciudad Jardín,Chamartín,False,0.9002987447799164,0.4026258386771254,6496.82,7558.9,16.347690100695417,12.383333333333333,24.316666666666663,96.36608344549123,exterior_ratio (32.5 %); price_m2_for_recommender (29.8 %); rooms_mean (22.1 %)
DEST_002,Nuevos Ministerios,BICYCLE,Bicicleta,time_priority,Prioridad al tiempo,extended,KNN_global,3,3,3,MAD-062,Cuatro Caminos,MAD-063,Castillejos,Tetuán,False,0.9985695347573182,0.4465738719955405,6496.82,6438.0,-0.9053660098324983,12.383333333333333,23.25,87.75235531628535,exterior_ratio (86.5 %); commute_daily_minutes (9.0 %); elevator_ratio (4.4 %)
DEST_002,Nuevos Ministerios,BICYCLE,Bicicleta,time_priority,Prioridad al tiempo,extended,Pareto_KNN,3,3,1,MAD-062,Cuatro Caminos,MAD-075,Ríos Rosas,Chamberí,True,1.5351682199746166,0.6865480993521186,6496.82,7915.16,21.83129592631472,12.383333333333333,12.133333333333333,-2.018842530282638,exterior_ratio (69.5 %); price_m2_for_recommender (18.3 %); elevator_ratio (9.4 %)
DEST_002,Nuevos Ministerios,BICYCLE,Bicicleta,time_priority,Prioridad al tiempo,extended,Pareto_KNN,3,3,2,MAD-062,Cuatro Caminos,MAD-061,Bellas Vistas,Tetuán,True,1.913782497937312,0.8558695519074361,6496.82,5223.92,-19.59266225630385,12.383333333333333,21.700000000000003,75.235531628533,exterior_ratio (47.2 %); rooms_mean (25.5 %); elevator_ratio (16.0 %)
DEST_002,Nuevos Ministerios,BICYCLE,Bicicleta,time_priority,Prioridad al tiempo,extended,Pareto_KNN,3,3,3,MAD-062,Cuatro Caminos,MAD-066,Berruguete,Tetuán,True,2.0533136434627894,0.9182697771821128,6496.82,4789.99,-26.271776038123267,12.383333333333333,28.21666666666667,127.86002691790043,elevator_ratio (45.1 %); rooms_mean (35.5 %); price_m2_for_recommender (14.8 %)
DEST_002,Nuevos Ministerios,CAR,Coche,price_priority,Prioridad al precio,extended,KNN_global,3,3,1,MAD-203,Amposta,MAD-202,Hellín,San Blas - Canillejas,True,0.5461941874434104,0.24426546640774555,2544.1,2498.86,-1.7782319877363226,27.716666666666665,29.21666666666667,5.41190619362599,elevator_ratio (89.0 %); commute_daily_minutes (8.1 %); rooms_mean (2.8 %)
DEST_002,Nuevos Ministerios,CAR,Coche,price_priority,Prioridad al precio,extended,KNN_global,3,3,2,MAD-203,Amposta,MAD-127,Pradolongo,Usera,False,1.1211849530142504,0.5014091540579543,2544.1,3390.16,33.25576824810346,27.716666666666665,31.1,12.206855081178606,exterior_ratio (63.9 %); price_m2_for_recommender (12.1 %); elevator_ratio (10.7 %)
DEST_002,Nuevos Ministerios,CAR,Coche,price_priority,Prioridad al precio,extended,KNN_global,3,3,3,MAD-203,Amposta,MAD-145,Fontarrón,Moratalaz,False,1.248554504383243,0.5583705490828981,2544.1,3770.04,48.18757124326874,27.716666666666665,25.883333333333333,-6.614552014431745,elevator_ratio (71.3 %); price_m2_for_recommender (20.5 %); rooms_mean (6.0 %)
DEST_002,Nuevos Ministerios,CAR,Coche,price_priority,Prioridad al precio,extended,Pareto_KNN,3,3,1,MAD-203,Amposta,MAD-202,Hellín,San Blas - Canillejas,True,0.5461941874434104,0.24426546640774555,2544.1,2498.86,-1.7782319877363226,27.716666666666665,29.21666666666667,5.41190619362599,elevator_ratio (89.0 %); commute_daily_minutes (8.1 %); rooms_mean (2.8 %)
DEST_002,Nuevos Ministerios,CAR,Coche,price_priority,Prioridad al precio,extended,Pareto_KNN,3,3,2,MAD-203,Amposta,MAD-131,Entrevías,Puente de Vallecas,True,1.503511049421888,0.6723905822858774,2544.1,2430.16,-4.4785975394049,27.716666666666665,30.166666666666668,8.83944678292244,exterior_ratio (44.7 %); elevator_ratio (44.2 %); rooms_mean (8.1 %)
DEST_002,Nuevos Ministerios,CAR,Coche,price_priority,Prioridad al precio,extended,Pareto_KNN,3,3,3,MAD-203,Amposta,MAD-172,San Cristóbal,Villaverde,True,1.6494649428065067,0.7376631477236303,2544.1,1909.6,-24.940057387681303,27.716666666666665,42.53333333333333,53.4576067348166,commute_daily_minutes (86.2 %); elevator_ratio (10.2 %); price_m2_for_recommender (3.1 %)
DEST_002,Nuevos Ministerios,CAR,Coche,balanced,Perfil equilibrado,extended,KNN_global,3,3,1,MAD-064,Almenara,MAD-154,La Concepción,Ciudad Lineal,False,0.9644047714528178,0.4312949253587298,4987.49,5658.13,13.446443000386974,11.233333333333334,17.950000000000003,59.792284866468854,commute_daily_minutes (51.8 %); elevator_ratio (29.1 %); price_m2_for_recommender (10.3 %)
DEST_002,Nuevos Ministerios,CAR,Coche,balanced,Perfil equilibrado,extended,KNN_global,3,3,2,MAD-064,Almenara,MAD-065,Valdeacederas,Tetuán,False,1.0159537861218648,0.4543483455533544,4987.49,5274.19,5.748382452897145,11.233333333333334,13.95,24.18397626112758,rooms_mean (81.0 %); elevator_ratio (9.6 %); commute_daily_minutes (7.6 %)
DEST_002,Nuevos Ministerios,CAR,Coche,balanced,Perfil equilibrado,extended,KNN_global,3,3,3,MAD-064,Almenara,MAD-094,Valdezarza,Moncloa - Aravaca,True,1.1697497899050866,0.5231280093787741,4987.49,4484.04,-10.094255828081858,11.233333333333334,16.666666666666664,48.36795252225516,elevator_ratio (54.5 %); commute_daily_minutes (23.1 %); exterior_ratio (18.4 %)
DEST_002,Nuevos Ministerios,CAR,Coche,balanced,Perfil equilibrado,extended,Pareto_KNN,3,3,1,MAD-064,Almenara,MAD-094,Valdezarza,Moncloa - Aravaca,True,1.1697497899050866,0.5231280093787741,4987.49,4484.04,-10.094255828081858,11.233333333333334,16.666666666666664,48.36795252225516,elevator_ratio (54.5 %); commute_daily_minutes (23.1 %); exterior_ratio (18.4 %)
DEST_002,Nuevos Ministerios,CAR,Coche,balanced,Perfil equilibrado,extended,Pareto_KNN,3,3,2,MAD-064,Almenara,MAD-153,Quintana,Ciudad Lineal,True,1.358516697327381,0.6075471367585061,4987.49,4436.01,-11.05726527772486,11.233333333333334,20.416666666666664,81.75074183976258,commute_daily_minutes (48.8 %); rooms_mean (35.4 %); elevator_ratio (9.4 %)
DEST_002,Nuevos Ministerios,CAR,Coche,balanced,Perfil equilibrado,extended,Pareto_KNN,3,3,3,MAD-064,Almenara,MAD-066,Berruguete,Tetuán,True,1.5440495272405608,0.6905199407072614,4987.49,4789.99,-3.959907689037973,11.233333333333334,13.35,18.842729970326396,exterior_ratio (66.3 %); rooms_mean (30.6 %); commute_daily_minutes (2.0 %)
DEST_002,Nuevos Ministerios,CAR,Coche,time_priority,Prioridad al tiempo,extended,KNN_global,3,3,1,MAD-062,Cuatro Caminos,MAD-052,Prosperidad,Chamartín,False,0.9088582510117867,0.4064537662347844,6496.82,6448.55,-0.7429788727408105,5.983333333333333,13.433333333333334,124.5125348189415,commute_daily_minutes (71.8 %); rooms_mean (22.0 %); exterior_ratio (6.1 %)
DEST_002,Nuevos Ministerios,CAR,Coche,time_priority,Prioridad al tiempo,extended,KNN_global,3,3,2,MAD-062,Cuatro Caminos,MAD-053,Ciudad Jardín,Chamartín,False,0.9623666721000065,0.43038345961917296,6496.82,7558.9,16.347690100695417,5.983333333333333,10.65,77.99442896935933,exterior_ratio (27.4 %); price_m2_for_recommender (25.9 %); commute_daily_minutes (25.1 %)
DEST_002,Nuevos Ministerios,CAR,Coche,time_priority,Prioridad al tiempo,extended,KNN_global,3,3,3,MAD-062,Cuatro Caminos,MAD-063,Castillejos,Tetuán,True,1.0084128983456193,0.450975958017678,6496.82,6438.0,-0.9053660098324983,5.983333333333333,9.633333333333333,61.002785515320326,exterior_ratio (81.5 %); commute_daily_minutes (14.0 %); elevator_ratio (4.4 %)
DEST_002,Nuevos Ministerios,CAR,Coche,time_priority,Prioridad al tiempo,extended,Pareto_KNN,3,3,1,MAD-062,Cuatro Caminos,MAD-063,Castillejos,Tetuán,True,1.0084128983456193,0.450975958017678,6496.82,6438.0,-0.9053660098324983,5.983333333333333,9.633333333333333,61.002785515320326,exterior_ratio (81.5 %); commute_daily_minutes (14.0 %); elevator_ratio (4.4 %)
DEST_002,Nuevos Ministerios,CAR,Coche,time_priority,Prioridad al tiempo,extended,Pareto_KNN,3,3,2,MAD-062,Cuatro Caminos,MAD-061,Bellas Vistas,Tetuán,True,1.9479714142167874,0.8711593000830273,6496.82,5223.92,-19.59266225630385,5.983333333333333,10.733333333333334,79.38718662952648,exterior_ratio (43.8 %); rooms_mean (25.1 %); elevator_ratio (15.8 %)
DEST_002,Nuevos Ministerios,CAR,Coche,time_priority,Prioridad al tiempo,extended,Pareto_KNN,3,3,3,MAD-062,Cuatro Caminos,MAD-064,Almenara,Tetuán,True,2.0421649948137577,0.9132839499348134,6496.82,4987.49,-23.231827263184144,5.983333333333333,11.233333333333334,87.74373259052926,exterior_ratio (40.3 %); elevator_ratio (37.6 %); price_m2_for_recommender (11.6 %)
DEST_002,Nuevos Ministerios,TRANSIT,Transporte público,price_priority,Prioridad al precio,extended,KNN_global,3,3,1,MAD-202,Hellín,MAD-203,Amposta,San Blas - Canillejas,False,0.558573667648313,0.24980173826060056,2498.86,2544.1,1.8104255540526393,120.65,128.01666666666665,6.105815720403353,elevator_ratio (87.9 %); commute_daily_minutes (9.3 %); rooms_mean (2.6 %)
DEST_002,Nuevos Ministerios,TRANSIT,Transporte público,price_priority,Prioridad al precio,extended,KNN_global,3,3,2,MAD-202,Hellín,MAD-174,Los Rosales,Villaverde,False,0.9609100671313445,0.4297320460739145,2498.86,2807.4,12.347230337033686,120.65,154.21666666666667,27.82152230971128,commute_daily_minutes (65.3 %); elevator_ratio (19.8 %); exterior_ratio (8.5 %)
DEST_002,Nuevos Ministerios,TRANSIT,Transporte público,price_priority,Prioridad al precio,extended,KNN_global,3,3,3,MAD-202,Hellín,MAD-145,Fontarrón,Moratalaz,False,0.9876428411805417,0.44168730607414397,2498.86,3770.04,50.87039690098684,120.65,138.48333333333335,14.781047105953869,price_m2_for_recommender (36.1 %); elevator_ratio (30.8 %); commute_daily_minutes (17.4 %)
DEST_002,Nuevos Ministerios,TRANSIT,Transporte público,price_priority,Prioridad al precio,extended,Pareto_KNN,3,3,1,MAD-202,Hellín,MAD-172,San Cristóbal,Villaverde,True,1.2710560038119636,0.5684335255465565,2498.86,1909.6,-23.581153005770638,120.65,174.28333333333336,44.45365381958836,commute_daily_minutes (95.3 %); price_m2_for_recommender (4.7 %); rooms_mean (0.0 %)
DEST_002,Nuevos Ministerios,TRANSIT,Transporte público,price_priority,Prioridad al precio,extended,Pareto_KNN,3,3,2,MAD-202,Hellín,MAD-131,Entrevías,Puente de Vallecas,True,1.4276043178426852,0.6384440599336919,2498.86,2430.16,-2.74925365966882,120.65,150.16666666666669,24.464705069761024,exterior_ratio (52.3 %); commute_daily_minutes (22.9 %); rooms_mean (12.8 %)
DEST_002,Nuevos Ministerios,TRANSIT,Transporte público,price_priority,Prioridad al precio,extended,Pareto_KNN,3,3,3,MAD-202,Hellín,MAD-207,Canillejas,San Blas - Canillejas,True,1.6993759935238155,0.7599840481700988,2498.86,3409.64,36.44782020601393,120.65,86.01666666666667,-28.705622323525354,rooms_mean (28.2 %); elevator_ratio (23.6 %); commute_daily_minutes (22.2 %)
DEST_002,Nuevos Ministerios,TRANSIT,Transporte público,balanced,Perfil equilibrado,extended,KNN_global,3,3,1,MAD-061,Bellas Vistas,MAD-026,Palos de la Frontera,Arganzuela,False,1.2381769254545647,0.5537295546976192,5223.92,5784.65,10.733893321490367,49.8,89.03333333333333,78.78179384203482,commute_daily_minutes (53.7 %); elevator_ratio (38.0 %); price_m2_for_recommender (4.5 %)
DEST_002,Nuevos Ministerios,TRANSIT,Transporte público,balanced,Perfil equilibrado,extended,KNN_global,3,3,2,MAD-061,Bellas Vistas,MAD-015,Universidad,Centro,False,1.3501109519088166,0.6037879731270126,5223.92,7135.43,36.59148685278489,49.8,66.21666666666667,32.96519410977243,price_m2_for_recommender (43.7 %); exterior_ratio (37.3 %); rooms_mean (10.4 %)
DEST_002,Nuevos Ministerios,TRANSIT,Transporte público,balanced,Perfil equilibrado,extended,KNN_global,3,3,3,MAD-061,Bellas Vistas,MAD-066,Berruguete,Tetuán,True,1.5680175454645837,0.7012387643142353,5223.92,4789.99,-8.306597344522892,49.8,63.35,27.20883534136547,exterior_ratio (75.6 %); elevator_ratio (16.1 %); commute_daily_minutes (4.0 %)
DEST_002,Nuevos Ministerios,TRANSIT,Transporte público,balanced,Perfil equilibrado,extended,Pareto_KNN,3,3,1,MAD-061,Bellas Vistas,MAD-066,Berruguete,Tetuán,True,1.5680175454645837,0.7012387643142353,5223.92,4789.99,-8.306597344522892,49.8,63.35,27.20883534136547,exterior_ratio (75.6 %); elevator_ratio (16.1 %); commute_daily_minutes (4.0 %)
DEST_002,Nuevos Ministerios,TRANSIT,Transporte público,balanced,Perfil equilibrado,extended,Pareto_KNN,3,3,2,MAD-061,Bellas Vistas,MAD-063,Castillejos,Tetuán,True,2.722025619003796,1.2173268641176862,5223.92,6438.0,23.240784698081136,49.8,46.61666666666667,-6.392235609103073,exterior_ratio (68.8 %); elevator_ratio (13.5 %); rooms_mean (13.3 %)
DEST_002,Nuevos Ministerios,TRANSIT,Transporte público,balanced,Perfil equilibrado,extended,Pareto_KNN,3,3,3,MAD-061,Bellas Vistas,MAD-064,Almenara,Tetuán,True,2.7707099641934163,1.2390991651744974,5223.92,4987.49,-4.525911575981261,49.8,58.55,17.570281124497992,exterior_ratio (91.7 %); rooms_mean (4.5 %); elevator_ratio (3.1 %)
DEST_002,Nuevos Ministerios,TRANSIT,Transporte público,time_priority,Prioridad al tiempo,extended,KNN_global,3,3,1,MAD-061,Bellas Vistas,MAD-026,Palos de la Frontera,Arganzuela,False,1.2381769254545647,0.5537295546976192,5223.92,5784.65,10.733893321490367,49.8,89.03333333333333,78.78179384203482,commute_daily_minutes (53.7 %); elevator_ratio (38.0 %); price_m2_for_recommender (4.5 %)
DEST_002,Nuevos Ministerios,TRANSIT,Transporte público,time_priority,Prioridad al tiempo,extended,KNN_global,3,3,2,MAD-061,Bellas Vistas,MAD-015,Universidad,Centro,False,1.3501109519088166,0.6037879731270126,5223.92,7135.43,36.59148685278489,49.8,66.21666666666667,32.96519410977243,price_m2_for_recommender (43.7 %); exterior_ratio (37.3 %); rooms_mean (10.4 %)
DEST_002,Nuevos Ministerios,TRANSIT,Transporte público,time_priority,Prioridad al tiempo,extended,KNN_global,3,3,3,MAD-061,Bellas Vistas,MAD-066,Berruguete,Tetuán,True,1.5680175454645837,0.7012387643142353,5223.92,4789.99,-8.306597344522892,49.8,63.35,27.20883534136547,exterior_ratio (75.6 %); elevator_ratio (16.1 %); commute_daily_minutes (4.0 %)
DEST_002,Nuevos Ministerios,TRANSIT,Transporte público,time_priority,Prioridad al tiempo,extended,Pareto_KNN,3,3,1,MAD-061,Bellas Vistas,MAD-066,Berruguete,Tetuán,True,1.5680175454645837,0.7012387643142353,5223.92,4789.99,-8.306597344522892,49.8,63.35,27.20883534136547,exterior_ratio (75.6 %); elevator_ratio (16.1 %); commute_daily_minutes (4.0 %)
DEST_002,Nuevos Ministerios,TRANSIT,Transporte público,time_priority,Prioridad al tiempo,extended,Pareto_KNN,3,3,2,MAD-061,Bellas Vistas,MAD-063,Castillejos,Tetuán,True,2.722025619003796,1.2173268641176862,5223.92,6438.0,23.240784698081136,49.8,46.61666666666667,-6.392235609103073,exterior_ratio (68.8 %); elevator_ratio (13.5 %); rooms_mean (13.3 %)
DEST_002,Nuevos Ministerios,TRANSIT,Transporte público,time_priority,Prioridad al tiempo,extended,Pareto_KNN,3,3,3,MAD-061,Bellas Vistas,MAD-064,Almenara,Tetuán,True,2.7707099641934163,1.2390991651744974,5223.92,4987.49,-4.525911575981261,49.8,58.55,17.570281124497992,exterior_ratio (91.7 %); rooms_mean (4.5 %); elevator_ratio (3.1 %)
DEST_002,Nuevos Ministerios,WALK,A pie,price_priority,Prioridad al precio,extended,KNN_global,3,3,1,MAD-203,Amposta,MAD-202,Hellín,San Blas - Canillejas,True,0.5447343020175344,0.24361258579742154,2544.1,2498.86,-1.7782319877363226,217.2,233.76666666666668,7.627378759975457,elevator_ratio (87.8 %); commute_daily_minutes (9.2 %); rooms_mean (2.8 %)
DEST_002,Nuevos Ministerios,WALK,A pie,price_priority,Prioridad al precio,extended,KNN_global,3,3,2,MAD-203,Amposta,MAD-127,Pradolongo,Usera,False,1.1114236147054575,0.49704375085598757,2544.1,3390.16,33.25576824810346,217.2,243.65,12.177716390423582,exterior_ratio (67.6 %); price_m2_for_recommender (12.4 %); elevator_ratio (10.7 %)
DEST_002,Nuevos Ministerios,WALK,A pie,price_priority,Prioridad al precio,extended,KNN_global,3,3,3,MAD-203,Amposta,MAD-145,Fontarrón,Moratalaz,False,1.2275611141395406,0.5489820195502781,2544.1,3770.04,48.18757124326874,217.2,222.8,2.578268876611429,elevator_ratio (72.4 %); price_m2_for_recommender (21.4 %); rooms_mean (6.1 %)
DEST_002,Nuevos Ministerios,WALK,A pie,price_priority,Prioridad al precio,extended,Pareto_KNN,3,3,1,MAD-203,Amposta,MAD-202,Hellín,San Blas - Canillejas,True,0.5447343020175344,0.24361258579742154,2544.1,2498.86,-1.7782319877363226,217.2,233.76666666666668,7.627378759975457,elevator_ratio (87.8 %); commute_daily_minutes (9.2 %); rooms_mean (2.8 %)
DEST_002,Nuevos Ministerios,WALK,A pie,price_priority,Prioridad al precio,extended,Pareto_KNN,3,3,2,MAD-203,Amposta,MAD-131,Entrevías,Puente de Vallecas,True,1.5700720814938678,0.7021575807589755,2544.1,2430.16,-4.4785975394049,217.2,267.1166666666667,22.981890730509527,exterior_ratio (42.7 %); elevator_ratio (39.8 %); commute_daily_minutes (10.1 %)
DEST_002,Nuevos Ministerios,WALK,A pie,price_priority,Prioridad al precio,extended,Pareto_KNN,3,3,3,MAD-203,Amposta,MAD-172,San Cristóbal,Villaverde,True,1.6082738003919823,0.71924190882168,2544.1,1909.6,-24.940057387681303,217.2,366.1166666666667,68.56200122774709,commute_daily_minutes (85.7 %); elevator_ratio (10.6 %); price_m2_for_recommender (3.3 %)
DEST_002,Nuevos Ministerios,WALK,A pie,balanced,Perfil equilibrado,extended,KNN_global,3,3,1,MAD-066,Berruguete,MAD-153,Quintana,Ciudad Lineal,False,1.3590927514126878,0.6078047559771986,4789.99,4436.01,-7.389994551136841,61.133333333333326,141.8,131.9520174482007,exterior_ratio (59.2 %); commute_daily_minutes (35.2 %); elevator_ratio (4.1 %)
DEST_002,Nuevos Ministerios,WALK,A pie,balanced,Perfil equilibrado,extended,KNN_global,3,3,2,MAD-066,Berruguete,MAD-065,Valdeacederas,Tetuán,False,1.3895915445514482,0.6214442309151931,4789.99,5274.19,10.108580602464722,61.133333333333326,87.9,43.78407851690297,exterior_ratio (83.0 %); elevator_ratio (10.5 %); commute_daily_minutes (3.7 %)
DEST_002,Nuevos Ministerios,WALK,A pie,balanced,Perfil equilibrado,extended,KNN_global,3,3,3,MAD-066,Berruguete,MAD-061,Bellas Vistas,Tetuán,True,1.5253838165979228,0.6821723811382054,4789.99,5223.92,9.059100332151013,61.133333333333326,50.86666666666667,-16.793893129770982,exterior_ratio (78.8 %); elevator_ratio (16.2 %); rooms_mean (2.8 %)
DEST_002,Nuevos Ministerios,WALK,A pie,balanced,Perfil equilibrado,extended,Pareto_KNN,3,3,1,MAD-066,Berruguete,MAD-061,Bellas Vistas,Tetuán,True,1.5253838165979228,0.6821723811382054,4789.99,5223.92,9.059100332151013,61.133333333333326,50.86666666666667,-16.793893129770982,exterior_ratio (78.8 %); elevator_ratio (16.2 %); rooms_mean (2.8 %)
DEST_002,Nuevos Ministerios,WALK,A pie,balanced,Perfil equilibrado,extended,Pareto_KNN,3,3,2,MAD-066,Berruguete,MAD-125,Moscardó,Usera,True,1.625674221664643,0.7270236137822406,4789.99,3739.18,-21.937624086897888,61.133333333333326,198.51666666666668,224.7273718647765,commute_daily_minutes (71.4 %); exterior_ratio (9.8 %); rooms_mean (9.4 %)
DEST_002,Nuevos Ministerios,WALK,A pie,balanced,Perfil equilibrado,extended,Pareto_KNN,3,3,3,MAD-066,Berruguete,MAD-136,Numancia,Puente de Vallecas,True,1.7345256074570308,0.7757034333976074,4789.99,3239.46,-32.37021371652133,61.133333333333326,211.5833333333333,246.10141766630312,commute_daily_minutes (75.2 %); price_m2_for_recommender (17.1 %); exterior_ratio (5.8 %)
DEST_002,Nuevos Ministerios,WALK,A pie,time_priority,Prioridad al tiempo,extended,KNN_global,3,3,1,MAD-062,Cuatro Caminos,MAD-052,Prosperidad,Chamartín,False,0.6967412577291558,0.31159216300221865,6496.82,6448.55,-0.7429788727408105,23.933333333333337,74.3,210.44568245125342,commute_daily_minutes (52.2 %); rooms_mean (36.9 %); exterior_ratio (10.8 %)
DEST_002,Nuevos Ministerios,WALK,A pie,time_priority,Prioridad al tiempo,extended,KNN_global,3,3,2,MAD-062,Cuatro Caminos,MAD-053,Ciudad Jardín,Chamartín,False,0.8771022144520041,0.3922520349460559,6496.82,7558.9,16.347690100695417,23.933333333333337,49.833333333333336,108.21727019498606,exterior_ratio (34.3 %); price_m2_for_recommender (31.4 %); rooms_mean (23.3 %)
DEST_002,Nuevos Ministerios,WALK,A pie,time_priority,Prioridad al tiempo,extended,KNN_global,3,3,3,MAD-062,Cuatro Caminos,MAD-063,Castillejos,Tetuán,False,0.9951131902818163,0.44502814775536487,6496.82,6438.0,-0.9053660098324983,23.933333333333337,52.73333333333333,120.33426183844006,exterior_ratio (87.1 %); commute_daily_minutes (8.4 %); elevator_ratio (4.4 %)
DEST_002,Nuevos Ministerios,WALK,A pie,time_priority,Prioridad al tiempo,extended,Pareto_KNN,3,3,1,MAD-062,Cuatro Caminos,MAD-061,Bellas Vistas,Tetuán,True,1.9154790078594097,0.8566282542094987,6496.82,5223.92,-19.59266225630385,23.933333333333337,50.86666666666667,112.53481894150414,exterior_ratio (47.1 %); rooms_mean (25.5 %); elevator_ratio (16.0 %)
DEST_002,Nuevos Ministerios,WALK,A pie,time_priority,Prioridad al tiempo,extended,Pareto_KNN,3,3,2,MAD-062,Cuatro Caminos,MAD-066,Berruguete,Tetuán,True,2.040536844396323,0.9125558189326177,6496.82,4789.99,-26.271776038123267,23.933333333333337,61.133333333333326,155.43175487465174,elevator_ratio (45.7 %); rooms_mean (36.0 %); price_m2_for_recommender (15.0 %)
DEST_002,Nuevos Ministerios,WALK,A pie,time_priority,Prioridad al tiempo,extended,Pareto_KNN,3,3,3,MAD-062,Cuatro Caminos,MAD-094,Valdezarza,Moncloa - Aravaca,True,2.260358130311219,1.0108628865740426,6496.82,4484.04,-30.981003013782125,23.933333333333337,98.9,313.2311977715877,exterior_ratio (65.9 %); price_m2_for_recommender (17.0 %); commute_daily_minutes (11.0 %)
DEST_003,UC3M Campus de Leganés,BICYCLE,Bicicleta,price_priority,Prioridad al precio,extended,KNN_global,3,3,1,MAD-172,San Cristóbal,MAD-174,Los Rosales,Villaverde,False,0.6871709341461888,0.3073121841825819,1909.6,2807.4,47.015081692501056,79.53333333333333,86.21666666666665,8.403185247275763,price_m2_for_recommender (36.5 %); elevator_ratio (34.6 %); exterior_ratio (16.4 %)
DEST_003,UC3M Campus de Leganés,BICYCLE,Bicicleta,price_priority,Prioridad al precio,extended,KNN_global,3,3,2,MAD-172,San Cristóbal,MAD-126,Zofío,Usera,False,1.0733223344777838,0.4800043403322181,1909.6,3089.05,61.764243820695455,79.53333333333333,91.16666666666666,14.62699077954735,elevator_ratio (46.9 %); price_m2_for_recommender (25.9 %); exterior_ratio (13.2 %)
DEST_003,UC3M Campus de Leganés,BICYCLE,Bicicleta,price_priority,Prioridad al precio,extended,KNN_global,3,3,3,MAD-172,San Cristóbal,MAD-115,Puerta Bonita,Carabanchel,True,1.1332643351236005,0.5068112179624946,1909.6,2905.06,52.12924172601592,79.53333333333333,75.1,-5.574182732606879,elevator_ratio (57.0 %); exterior_ratio (25.6 %); price_m2_for_recommender (16.5 %)
DEST_003,UC3M Campus de Leganés,BICYCLE,Bicicleta,price_priority,Prioridad al precio,extended,Pareto_KNN,3,3,1,MAD-172,San Cristóbal,MAD-115,Puerta Bonita,Carabanchel,True,1.1332643351236,0.5068112179624944,1909.6,2905.06,52.12924172601592,79.53333333333333,75.1,-5.574182732606879,elevator_ratio (57.0 %); exterior_ratio (25.6 %); price_m2_for_recommender (16.5 %)
DEST_003,UC3M Campus de Leganés,BICYCLE,Bicicleta,price_priority,Prioridad al precio,extended,Pareto_KNN,3,3,2,MAD-172,San Cristóbal,MAD-171,Villaverde Alto - Casco Histórico de Villaverde,Villaverde,True,1.445202673779781,0.6463142839672086,1909.6,2928.26,53.344155844155864,79.53333333333333,58.68333333333333,-26.21542330259849,elevator_ratio (63.1 %); exterior_ratio (13.1 %); price_m2_for_recommender (10.6 %)
DEST_003,UC3M Campus de Leganés,BICYCLE,Bicicleta,price_priority,Prioridad al precio,extended,Pareto_KNN,3,3,3,MAD-172,San Cristóbal,MAD-106,Cuatro Vientos,Latina,True,3.5929323038197145,1.6068081739791618,1909.6,4673.53,144.73868873062423,79.53333333333333,50.48333333333333,-36.52556580050294,elevator_ratio (84.7 %); price_m2_for_recommender (12.7 %); commute_daily_minutes (2.0 %)
DEST_003,UC3M Campus de Leganés,BICYCLE,Bicicleta,balanced,Perfil equilibrado,extended,KNN_global,3,3,1,MAD-171,Villaverde Alto - Casco Histórico de Villaverde,MAD-115,Puerta Bonita,Carabanchel,True,0.6135104738091949,0.2743702248690928,2928.26,2905.06,-0.7922793740993037,58.68333333333333,75.1,27.97500710025561,rooms_mean (54.6 %); elevator_ratio (22.7 %); commute_daily_minutes (22.0 %)
DEST_003,UC3M Campus de Leganés,BICYCLE,Bicicleta,balanced,Perfil equilibrado,extended,KNN_global,3,3,2,MAD-171,Villaverde Alto - Casco Histórico de Villaverde,MAD-112,Opañel,Carabanchel,False,0.8523661091337665,0.38118971234802124,2928.26,3500.89,19.555299051313735,58.68333333333333,90.91666666666666,54.927577392786134,commute_daily_minutes (44.0 %); rooms_mean (43.0 %); price_m2_for_recommender (9.7 %)
DEST_003,UC3M Campus de Leganés,BICYCLE,Bicicleta,balanced,Perfil equilibrado,extended,KNN_global,3,3,3,MAD-171,Villaverde Alto - Casco Histórico de Villaverde,MAD-105,Campamento,Latina,False,0.9385028885492445,0.4197112511752039,2928.26,3295.84,12.552847083250802,58.68333333333333,67.51666666666667,15.052541891508099,rooms_mean (31.8 %); elevator_ratio (31.3 %); exterior_ratio (31.0 %)
DEST_003,UC3M Campus de Leganés,BICYCLE,Bicicleta,balanced,Perfil equilibrado,extended,Pareto_KNN,3,3,1,MAD-171,Villaverde Alto - Casco Histórico de Villaverde,MAD-115,Puerta Bonita,Carabanchel,True,0.6135104738091921,0.2743702248690916,2928.26,2905.06,-0.7922793740993037,58.68333333333333,75.1,27.97500710025561,rooms_mean (54.6 %); elevator_ratio (22.7 %); commute_daily_minutes (22.0 %)
DEST_003,UC3M Campus de Leganés,BICYCLE,Bicicleta,balanced,Perfil equilibrado,extended,Pareto_KNN,3,3,2,MAD-171,Villaverde Alto - Casco Histórico de Villaverde,MAD-172,San Cristóbal,Villaverde,True,1.445202673779781,0.6463142839672086,2928.26,1909.6,-34.78721151810291,58.68333333333333,79.53333333333333,35.52967906844647,elevator_ratio (63.1 %); exterior_ratio (13.1 %); price_m2_for_recommender (10.6 %)
DEST_003,UC3M Campus de Leganés,BICYCLE,Bicicleta,balanced,Perfil equilibrado,extended,Pareto_KNN,3,3,3,MAD-171,Villaverde Alto - Casco Histórico de Villaverde,MAD-106,Cuatro Vientos,Latina,True,2.3692199880300056,1.059547389377266,2928.26,4673.53,59.60092341527048,58.68333333333333,50.48333333333333,-13.973303038909405,elevator_ratio (83.0 %); price_m2_for_recommender (11.6 %); exterior_ratio (4.9 %)
DEST_003,UC3M Campus de Leganés,BICYCLE,Bicicleta,time_priority,Prioridad al tiempo,extended,KNN_global,3,3,1,MAD-171,Villaverde Alto - Casco Histórico de Villaverde,MAD-115,Puerta Bonita,Carabanchel,True,0.6135104738091949,0.2743702248690928,2928.26,2905.06,-0.7922793740993037,58.68333333333333,75.1,27.97500710025561,rooms_mean (54.6 %); elevator_ratio (22.7 %); commute_daily_minutes (22.0 %)
DEST_003,UC3M Campus de Leganés,BICYCLE,Bicicleta,time_priority,Prioridad al tiempo,extended,KNN_global,3,3,2,MAD-171,Villaverde Alto - Casco Histórico de Villaverde,MAD-112,Opañel,Carabanchel,False,0.8523661091337665,0.38118971234802124,2928.26,3500.89,19.555299051313735,58.68333333333333,90.91666666666666,54.927577392786134,commute_daily_minutes (44.0 %); rooms_mean (43.0 %); price_m2_for_recommender (9.7 %)
DEST_003,UC3M Campus de Leganés,BICYCLE,Bicicleta,time_priority,Prioridad al tiempo,extended,KNN_global,3,3,3,MAD-171,Villaverde Alto - Casco Histórico de Villaverde,MAD-105,Campamento,Latina,False,0.9385028885492445,0.4197112511752039,2928.26,3295.84,12.552847083250802,58.68333333333333,67.51666666666667,15.052541891508099,rooms_mean (31.8 %); elevator_ratio (31.3 %); exterior_ratio (31.0 %)
DEST_003,UC3M Campus de Leganés,BICYCLE,Bicicleta,time_priority,Prioridad al tiempo,extended,Pareto_KNN,3,3,1,MAD-171,Villaverde Alto - Casco Histórico de Villaverde,MAD-115,Puerta Bonita,Carabanchel,True,0.6135104738091921,0.2743702248690916,2928.26,2905.06,-0.7922793740993037,58.68333333333333,75.1,27.97500710025561,rooms_mean (54.6 %); elevator_ratio (22.7 %); commute_daily_minutes (22.0 %)
DEST_003,UC3M Campus de Leganés,BICYCLE,Bicicleta,time_priority,Prioridad al tiempo,extended,Pareto_KNN,3,3,2,MAD-171,Villaverde Alto - Casco Histórico de Villaverde,MAD-172,San Cristóbal,Villaverde,True,1.445202673779781,0.6463142839672086,2928.26,1909.6,-34.78721151810291,58.68333333333333,79.53333333333333,35.52967906844647,elevator_ratio (63.1 %); exterior_ratio (13.1 %); price_m2_for_recommender (10.6 %)
DEST_003,UC3M Campus de Leganés,BICYCLE,Bicicleta,time_priority,Prioridad al tiempo,extended,Pareto_KNN,3,3,3,MAD-171,Villaverde Alto - Casco Histórico de Villaverde,MAD-106,Cuatro Vientos,Latina,True,2.3692199880300056,1.059547389377266,2928.26,4673.53,59.60092341527048,58.68333333333333,50.48333333333333,-13.973303038909405,elevator_ratio (83.0 %); price_m2_for_recommender (11.6 %); exterior_ratio (4.9 %)
DEST_003,UC3M Campus de Leganés,CAR,Coche,price_priority,Prioridad al precio,extended,KNN_global,3,3,1,MAD-172,San Cristóbal,MAD-126,Zofío,Usera,False,1.1554581215279744,0.5167365809781528,1909.6,3089.05,61.764243820695455,28.1,23.583333333333336,-16.073546856465,elevator_ratio (41.2 %); price_m2_for_recommender (22.1 %); commute_daily_minutes (16.6 %)
DEST_003,UC3M Campus de Leganés,CAR,Coche,price_priority,Prioridad al precio,extended,KNN_global,3,3,2,MAD-172,San Cristóbal,MAD-127,Pradolongo,Usera,False,1.2126550459462426,0.5423158231987858,1909.6,3390.16,77.53246753246754,28.1,25.48333333333333,-9.311981020166089,exterior_ratio (54.6 %); price_m2_for_recommender (31.7 %); rooms_mean (7.0 %)
DEST_003,UC3M Campus de Leganés,CAR,Coche,price_priority,Prioridad al precio,extended,KNN_global,3,3,3,MAD-172,San Cristóbal,MAD-115,Puerta Bonita,Carabanchel,False,1.2136843125440884,0.5427761252147364,1909.6,2905.06,52.12924172601592,28.1,23.85,-15.124555160142348,elevator_ratio (50.6 %); exterior_ratio (21.4 %); price_m2_for_recommender (14.3 %)
DEST_003,UC3M Campus de Leganés,CAR,Coche,price_priority,Prioridad al precio,extended,Pareto_KNN,3,3,1,MAD-172,San Cristóbal,MAD-117,Abrantes,Carabanchel,True,1.8420740918076797,0.823800577774632,1909.6,2912.9,52.53979891076666,28.1,19.81666666666667,-29.47805456702253,elevator_ratio (56.0 %); commute_daily_minutes (21.9 %); rooms_mean (15.8 %)
DEST_003,UC3M Campus de Leganés,CAR,Coche,price_priority,Prioridad al precio,extended,Pareto_KNN,3,3,2,MAD-172,San Cristóbal,MAD-116,Buenavista,Carabanchel,True,2.5975929089740952,1.1616788644675,1909.6,3291.57,72.36960620025138,28.1,16.016666666666666,-43.00118623962041,elevator_ratio (67.5 %); commute_daily_minutes (23.4 %); price_m2_for_recommender (6.0 %)
DEST_003,UC3M Campus de Leganés,CAR,Coche,price_priority,Prioridad al precio,extended,Pareto_KNN,3,3,3,MAD-172,San Cristóbal,MAD-121,Orcasitas,Usera,True,2.8998950734365283,1.2968725023641643,1909.6,2357.51,23.45569752827819,28.1,22.65,-19.395017793594313,elevator_ratio (94.7 %); commute_daily_minutes (3.8 %); rooms_mean (1.0 %)
DEST_003,UC3M Campus de Leganés,CAR,Coche,balanced,Perfil equilibrado,extended,KNN_global,3,3,1,MAD-116,Buenavista,MAD-107,Águilas,Latina,False,1.0963963506375396,0.4903233540616467,3291.57,3231.64,-1.8207116968498402,16.016666666666666,24.166666666666664,50.88449531737773,commute_daily_minutes (59.8 %); rooms_mean (34.1 %); exterior_ratio (4.4 %)
DEST_003,UC3M Campus de Leganés,CAR,Coche,balanced,Perfil equilibrado,extended,KNN_global,3,3,2,MAD-116,Buenavista,MAD-173,Butarque,Villaverde,False,1.1839107479942985,0.5294609823615748,3291.57,3143.01,-4.5133477337562296,16.016666666666666,26.433333333333334,65.03642039542144,commute_daily_minutes (83.8 %); exterior_ratio (11.8 %); elevator_ratio (3.9 %)
DEST_003,UC3M Campus de Leganés,CAR,Coche,balanced,Perfil equilibrado,extended,KNN_global,3,3,3,MAD-116,Buenavista,MAD-105,Campamento,Latina,False,1.1851053091276993,0.5299952063410875,3291.57,3295.84,0.12972532864256212,16.016666666666666,25.216666666666665,57.440166493236205,commute_daily_minutes (65.3 %); elevator_ratio (14.2 %); exterior_ratio (11.8 %)
DEST_003,UC3M Campus de Leganés,CAR,Coche,balanced,Perfil equilibrado,extended,Pareto_KNN,3,3,1,MAD-116,Buenavista,MAD-121,Orcasitas,Usera,True,1.239923881796028,0.5545108173242665,3291.57,2357.51,-28.377339688963016,16.016666666666666,22.65,41.41519250780437,commute_daily_minutes (31.0 %); elevator_ratio (30.7 %); rooms_mean (15.5 %)
DEST_003,UC3M Campus de Leganés,CAR,Coche,balanced,Perfil equilibrado,extended,Pareto_KNN,3,3,2,MAD-116,Buenavista,MAD-117,Abrantes,Carabanchel,True,1.336997319622466,0.5979233784821695,3291.57,2912.9,-11.504236580112227,16.016666666666666,19.81666666666667,23.72528616024977,rooms_mean (48.3 %); elevator_ratio (31.9 %); exterior_ratio (9.3 %)
DEST_003,UC3M Campus de Leganés,CAR,Coche,balanced,Perfil equilibrado,extended,Pareto_KNN,3,3,3,MAD-116,Buenavista,MAD-172,San Cristóbal,Villaverde,True,2.5975929089740952,1.1616788644675,3291.57,1909.6,-41.98513171526051,16.016666666666666,28.1,75.44224765868888,elevator_ratio (67.5 %); commute_daily_minutes (23.4 %); price_m2_for_recommender (6.0 %)
DEST_003,UC3M Campus de Leganés,CAR,Coche,time_priority,Prioridad al tiempo,extended,KNN_global,3,3,1,MAD-116,Buenavista,MAD-107,Águilas,Latina,False,1.0963963506375396,0.4903233540616467,3291.57,3231.64,-1.8207116968498402,16.016666666666666,24.166666666666664,50.88449531737773,commute_daily_minutes (59.8 %); rooms_mean (34.1 %); exterior_ratio (4.4 %)
DEST_003,UC3M Campus de Leganés,CAR,Coche,time_priority,Prioridad al tiempo,extended,KNN_global,3,3,2,MAD-116,Buenavista,MAD-173,Butarque,Villaverde,False,1.1839107479942985,0.5294609823615748,3291.57,3143.01,-4.5133477337562296,16.016666666666666,26.433333333333334,65.03642039542144,commute_daily_minutes (83.8 %); exterior_ratio (11.8 %); elevator_ratio (3.9 %)
DEST_003,UC3M Campus de Leganés,CAR,Coche,time_priority,Prioridad al tiempo,extended,KNN_global,3,3,3,MAD-116,Buenavista,MAD-105,Campamento,Latina,False,1.1851053091276993,0.5299952063410875,3291.57,3295.84,0.12972532864256212,16.016666666666666,25.216666666666665,57.440166493236205,commute_daily_minutes (65.3 %); elevator_ratio (14.2 %); exterior_ratio (11.8 %)
DEST_003,UC3M Campus de Leganés,CAR,Coche,time_priority,Prioridad al tiempo,extended,Pareto_KNN,3,3,1,MAD-116,Buenavista,MAD-121,Orcasitas,Usera,True,1.239923881796028,0.5545108173242665,3291.57,2357.51,-28.377339688963016,16.016666666666666,22.65,41.41519250780437,commute_daily_minutes (31.0 %); elevator_ratio (30.7 %); rooms_mean (15.5 %)
DEST_003,UC3M Campus de Leganés,CAR,Coche,time_priority,Prioridad al tiempo,extended,Pareto_KNN,3,3,2,MAD-116,Buenavista,MAD-117,Abrantes,Carabanchel,True,1.336997319622466,0.5979233784821695,3291.57,2912.9,-11.504236580112227,16.016666666666666,19.81666666666667,23.72528616024977,rooms_mean (48.3 %); elevator_ratio (31.9 %); exterior_ratio (9.3 %)
DEST_003,UC3M Campus de Leganés,CAR,Coche,time_priority,Prioridad al tiempo,extended,Pareto_KNN,3,3,3,MAD-116,Buenavista,MAD-172,San Cristóbal,Villaverde,True,2.5975929089740952,1.1616788644675,3291.57,1909.6,-41.98513171526051,16.016666666666666,28.1,75.44224765868888,elevator_ratio (67.5 %); commute_daily_minutes (23.4 %); price_m2_for_recommender (6.0 %)
DEST_003,UC3M Campus de Leganés,TRANSIT,Transporte público,price_priority,Prioridad al precio,extended,KNN_global,3,3,1,MAD-172,San Cristóbal,MAD-174,Los Rosales,Villaverde,False,0.6900001359804155,0.30857744170726153,1909.6,2807.4,47.015081692501056,136.33333333333331,131.31666666666666,-3.679706601466982,elevator_ratio (36.8 %); price_m2_for_recommender (36.1 %); exterior_ratio (16.3 %)
DEST_003,UC3M Campus de Leganés,TRANSIT,Transporte público,price_priority,Prioridad al precio,extended,KNN_global,3,3,2,MAD-172,San Cristóbal,MAD-127,Pradolongo,Usera,False,1.21301634922529,0.5424774029372745,1909.6,3390.16,77.53246753246754,136.33333333333331,124.18333333333334,-8.911980440097784,exterior_ratio (56.7 %); price_m2_for_recommender (31.8 %); rooms_mean (6.8 %)
DEST_003,UC3M Campus de Leganés,TRANSIT,Transporte público,price_priority,Prioridad al precio,extended,KNN_global,3,3,3,MAD-172,San Cristóbal,MAD-126,Zofío,Usera,False,1.240840130312701,0.5549205761177793,1909.6,3089.05,61.764243820695455,136.33333333333331,99.06666666666666,-27.334963325183367,elevator_ratio (37.5 %); commute_daily_minutes (25.5 %); price_m2_for_recommender (19.3 %)
DEST_003,UC3M Campus de Leganés,TRANSIT,Transporte público,price_priority,Prioridad al precio,extended,Pareto_KNN,3,3,1,MAD-172,San Cristóbal,MAD-115,Puerta Bonita,Carabanchel,True,1.5168089148225103,0.6783375684841643,1909.6,2905.06,52.12924172601592,136.33333333333331,77.75,-42.97066014669926,commute_daily_minutes (42.3 %); elevator_ratio (34.1 %); exterior_ratio (14.3 %)
DEST_003,UC3M Campus de Leganés,TRANSIT,Transporte público,price_priority,Prioridad al precio,extended,Pareto_KNN,3,3,2,MAD-172,San Cristóbal,MAD-114,Vista Alegre,Carabanchel,True,2.253338470212561,1.0077235991421343,1909.6,3213.22,68.26665270213657,136.33333333333331,74.28333333333333,-45.51344743276283,exterior_ratio (35.8 %); elevator_ratio (35.4 %); commute_daily_minutes (21.5 %)
DEST_003,UC3M Campus de Leganés,TRANSIT,Transporte público,price_priority,Prioridad al precio,extended,Pareto_KNN,3,3,3,MAD-172,San Cristóbal,MAD-116,Buenavista,Carabanchel,True,2.727123447097863,1.2196066821488745,1909.6,3291.57,72.36960620025138,136.33333333333331,51.61666666666667,-62.139364303178475,elevator_ratio (64.4 %); commute_daily_minutes (27.3 %); price_m2_for_recommender (5.5 %)
DEST_003,UC3M Campus de Leganés,TRANSIT,Transporte público,balanced,Perfil equilibrado,extended,KNN_global,3,3,1,MAD-116,Buenavista,MAD-107,Águilas,Latina,False,0.8081310255576902,0.361407181574723,3291.57,3231.64,-1.8207116968498402,51.61666666666667,76.6,48.401679044236346,rooms_mean (61.3 %); commute_daily_minutes (27.1 %); exterior_ratio (8.4 %)
DEST_003,UC3M Campus de Leganés,TRANSIT,Transporte público,balanced,Perfil equilibrado,extended,KNN_global,3,3,2,MAD-116,Buenavista,MAD-104,Aluche,Latina,False,0.9293823539726714,0.415632424114333,3291.57,3360.3,2.0880613202818115,51.61666666666667,89.01666666666665,72.45721666128509,rooms_mean (48.6 %); commute_daily_minutes (45.9 %); exterior_ratio (4.4 %)
DEST_003,UC3M Campus de Leganés,TRANSIT,Transporte público,balanced,Perfil equilibrado,extended,KNN_global,3,3,3,MAD-116,Buenavista,MAD-113,San Isidro,Carabanchel,False,1.1046430077925697,0.4940113712588031,3291.57,3670.03,11.49785664591669,51.61666666666667,106.4,106.13496932515339,commute_daily_minutes (69.7 %); elevator_ratio (20.6 %); exterior_ratio (6.6 %)
DEST_003,UC3M Campus de Leganés,TRANSIT,Transporte público,balanced,Perfil equilibrado,extended,Pareto_KNN,3,3,1,MAD-116,Buenavista,MAD-114,Vista Alegre,Carabanchel,True,1.3489966575338543,0.6032896455331404,3291.57,3213.22,-2.3803230677154175,51.61666666666667,74.28333333333333,43.9134646432031,exterior_ratio (48.0 %); elevator_ratio (39.5 %); commute_daily_minutes (8.0 %)
DEST_003,UC3M Campus de Leganés,TRANSIT,Transporte público,balanced,Perfil equilibrado,extended,Pareto_KNN,3,3,2,MAD-116,Buenavista,MAD-115,Puerta Bonita,Carabanchel,True,1.4214708728216978,0.6357010999330549,3291.57,2905.06,-11.742420790078905,51.61666666666667,77.75,50.629641588634165,elevator_ratio (84.0 %); commute_daily_minutes (9.6 %); rooms_mean (3.6 %)
DEST_003,UC3M Campus de Leganés,TRANSIT,Transporte público,balanced,Perfil equilibrado,extended,Pareto_KNN,3,3,3,MAD-116,Buenavista,MAD-121,Orcasitas,Usera,True,1.468025577920451,0.6565209969877085,3291.57,2357.51,-28.377339688963016,51.61666666666667,113.03333333333332,118.98611559573779,commute_daily_minutes (49.6 %); elevator_ratio (23.0 %); rooms_mean (10.8 %)
DEST_003,UC3M Campus de Leganés,TRANSIT,Transporte público,time_priority,Prioridad al tiempo,extended,KNN_global,3,3,1,MAD-116,Buenavista,MAD-107,Águilas,Latina,False,0.8081310255576902,0.361407181574723,3291.57,3231.64,-1.8207116968498402,51.61666666666667,76.6,48.401679044236346,rooms_mean (61.3 %); commute_daily_minutes (27.1 %); exterior_ratio (8.4 %)
DEST_003,UC3M Campus de Leganés,TRANSIT,Transporte público,time_priority,Prioridad al tiempo,extended,KNN_global,3,3,2,MAD-116,Buenavista,MAD-104,Aluche,Latina,False,0.9293823539726714,0.415632424114333,3291.57,3360.3,2.0880613202818115,51.61666666666667,89.01666666666665,72.45721666128509,rooms_mean (48.6 %); commute_daily_minutes (45.9 %); exterior_ratio (4.4 %)
DEST_003,UC3M Campus de Leganés,TRANSIT,Transporte público,time_priority,Prioridad al tiempo,extended,KNN_global,3,3,3,MAD-116,Buenavista,MAD-113,San Isidro,Carabanchel,False,1.1046430077925697,0.4940113712588031,3291.57,3670.03,11.49785664591669,51.61666666666667,106.4,106.13496932515339,commute_daily_minutes (69.7 %); elevator_ratio (20.6 %); exterior_ratio (6.6 %)
DEST_003,UC3M Campus de Leganés,TRANSIT,Transporte público,time_priority,Prioridad al tiempo,extended,Pareto_KNN,3,3,1,MAD-116,Buenavista,MAD-114,Vista Alegre,Carabanchel,True,1.3489966575338543,0.6032896455331404,3291.57,3213.22,-2.3803230677154175,51.61666666666667,74.28333333333333,43.9134646432031,exterior_ratio (48.0 %); elevator_ratio (39.5 %); commute_daily_minutes (8.0 %)
DEST_003,UC3M Campus de Leganés,TRANSIT,Transporte público,time_priority,Prioridad al tiempo,extended,Pareto_KNN,3,3,2,MAD-116,Buenavista,MAD-115,Puerta Bonita,Carabanchel,True,1.4214708728216978,0.6357010999330549,3291.57,2905.06,-11.742420790078905,51.61666666666667,77.75,50.629641588634165,elevator_ratio (84.0 %); commute_daily_minutes (9.6 %); rooms_mean (3.6 %)
DEST_003,UC3M Campus de Leganés,TRANSIT,Transporte público,time_priority,Prioridad al tiempo,extended,Pareto_KNN,3,3,3,MAD-116,Buenavista,MAD-121,Orcasitas,Usera,True,1.468025577920451,0.6565209969877085,3291.57,2357.51,-28.377339688963016,51.61666666666667,113.03333333333332,118.98611559573779,commute_daily_minutes (49.6 %); elevator_ratio (23.0 %); rooms_mean (10.8 %)
DEST_003,UC3M Campus de Leganés,WALK,A pie,price_priority,Prioridad al precio,extended,KNN_global,3,3,1,MAD-172,San Cristóbal,MAD-174,Los Rosales,Villaverde,False,0.6895981814527566,0.3083976821777197,1909.6,2807.4,47.015081692501056,213.56666666666663,216.16666666666663,1.217418448571872,elevator_ratio (37.8 %); price_m2_for_recommender (26.1 %); rooms_mean (21.7 %)
DEST_003,UC3M Campus de Leganés,WALK,A pie,price_priority,Prioridad al precio,extended,KNN_global,3,3,2,MAD-172,San Cristóbal,MAD-126,Zofío,Usera,False,1.1091783768060282,0.496039649942231,1909.6,3089.05,61.764243820695455,213.56666666666663,223.53333333333336,4.666770719525547,elevator_ratio (48.2 %); rooms_mean (22.6 %); price_m2_for_recommender (17.4 %)
DEST_003,UC3M Campus de Leganés,WALK,A pie,price_priority,Prioridad al precio,extended,KNN_global,3,3,3,MAD-172,San Cristóbal,MAD-115,Puerta Bonita,Carabanchel,False,1.1213895170387205,0.5015006378708475,1909.6,2905.06,52.12924172601592,213.56666666666663,215.43333333333337,0.8740440143593248,elevator_ratio (64.0 %); exterior_ratio (22.8 %); price_m2_for_recommender (12.1 %)
DEST_003,UC3M Campus de Leganés,WALK,A pie,price_priority,Prioridad al precio,extended,Pareto_KNN,3,3,1,MAD-172,San Cristóbal,MAD-171,Villaverde Alto - Casco Histórico de Villaverde,Villaverde,True,1.629051320209589,0.7285338981648836,1909.6,2928.26,53.344155844155864,213.56666666666663,149.83333333333334,-29.842359918838756,elevator_ratio (54.5 %); commute_daily_minutes (18.1 %); rooms_mean (12.4 %)
DEST_003,UC3M Campus de Leganés,WALK,A pie,price_priority,Prioridad al precio,extended,Pareto_KNN,3,3,2,MAD-172,San Cristóbal,MAD-116,Buenavista,Carabanchel,True,2.4569012879009566,1.098759658750664,1909.6,3291.57,72.36960620025138,213.56666666666663,142.93333333333334,-33.073201186202574,elevator_ratio (81.4 %); commute_daily_minutes (9.8 %); price_m2_for_recommender (4.9 %)
DEST_003,UC3M Campus de Leganés,WALK,A pie,price_priority,Prioridad al precio,extended,Pareto_KNN,3,3,3,MAD-172,San Cristóbal,MAD-121,Orcasitas,Usera,True,2.969009885866676,1.3277815861333557,1909.6,2357.51,23.45569752827819,213.56666666666663,206.13333333333333,-3.4805681286093226,elevator_ratio (97.4 %); rooms_mean (2.2 %); price_m2_for_recommender (0.4 %)
DEST_003,UC3M Campus de Leganés,WALK,A pie,balanced,Perfil equilibrado,extended,KNN_global,3,3,1,MAD-171,Villaverde Alto - Casco Histórico de Villaverde,MAD-115,Puerta Bonita,Carabanchel,False,1.0381348520259266,0.4642680197883314,2928.26,2905.06,-0.7922793740993037,149.83333333333334,215.43333333333337,43.78197997775307,commute_daily_minutes (47.1 %); rooms_mean (44.0 %); elevator_ratio (8.7 %)
DEST_003,UC3M Campus de Leganés,WALK,A pie,balanced,Perfil equilibrado,extended,KNN_global,3,3,2,MAD-171,Villaverde Alto - Casco Histórico de Villaverde,MAD-116,Buenavista,Carabanchel,True,1.0674904808338614,0.4773962560956901,2928.26,3291.57,12.407026698448904,149.83333333333334,142.93333333333334,-4.605116796440493,elevator_ratio (90.2 %); rooms_mean (6.7 %); price_m2_for_recommender (1.8 %)
DEST_003,UC3M Campus de Leganés,WALK,A pie,balanced,Perfil equilibrado,extended,KNN_global,3,3,3,MAD-171,Villaverde Alto - Casco Histórico de Villaverde,MAD-114,Vista Alegre,Carabanchel,False,1.2796414289484155,0.5722730443907248,2928.26,3213.22,9.731376312212697,149.83333333333334,214.7,43.2925472747497,exterior_ratio (36.5 %); rooms_mean (30.9 %); commute_daily_minutes (30.3 %)
DEST_003,UC3M Campus de Leganés,WALK,A pie,balanced,Perfil equilibrado,extended,Pareto_KNN,3,3,1,MAD-171,Villaverde Alto - Casco Histórico de Villaverde,MAD-116,Buenavista,Carabanchel,True,1.067490480833862,0.47739625609569036,2928.26,3291.57,12.407026698448904,149.83333333333334,142.93333333333334,-4.605116796440493,elevator_ratio (90.2 %); rooms_mean (6.7 %); price_m2_for_recommender (1.8 %)
DEST_003,UC3M Campus de Leganés,WALK,A pie,balanced,Perfil equilibrado,extended,Pareto_KNN,3,3,2,MAD-171,Villaverde Alto - Casco Histórico de Villaverde,MAD-172,San Cristóbal,Villaverde,True,1.629051320209589,0.7285338981648836,2928.26,1909.6,-34.78721151810291,149.83333333333334,213.56666666666663,42.53615127919908,elevator_ratio (54.5 %); commute_daily_minutes (18.1 %); rooms_mean (12.4 %)
DEST_003,UC3M Campus de Leganés,WALK,A pie,balanced,Perfil equilibrado,extended,Pareto_KNN,3,3,3,MAD-171,Villaverde Alto - Casco Histórico de Villaverde,MAD-121,Orcasitas,Usera,True,2.160115266521152,0.9660329150352743,2928.26,2357.51,-19.491097102033287,149.83333333333334,206.13333333333333,37.575083426028904,elevator_ratio (64.0 %); rooms_mean (21.8 %); commute_daily_minutes (8.0 %)
DEST_003,UC3M Campus de Leganés,WALK,A pie,time_priority,Prioridad al tiempo,extended,KNN_global,3,3,1,MAD-116,Buenavista,MAD-171,Villaverde Alto - Casco Histórico de Villaverde,Villaverde,True,1.0674904808338614,0.4773962560956901,3291.57,2928.26,-11.037589964667314,142.93333333333334,149.83333333333334,4.827425373134332,elevator_ratio (90.2 %); rooms_mean (6.7 %); price_m2_for_recommender (1.8 %)
DEST_003,UC3M Campus de Leganés,WALK,A pie,time_priority,Prioridad al tiempo,extended,KNN_global,3,3,2,MAD-116,Buenavista,MAD-105,Campamento,Latina,False,1.144183050349544,0.511694215856929,3291.57,3295.84,0.12972532864256212,142.93333333333334,218.0,52.51865671641791,commute_daily_minutes (50.8 %); rooms_mean (21.3 %); elevator_ratio (16.4 %)
DEST_003,UC3M Campus de Leganés,WALK,A pie,time_priority,Prioridad al tiempo,extended,KNN_global,3,3,3,MAD-116,Buenavista,MAD-122,Orcasur,Usera,False,1.1989636655297327,0.5361928517353607,3291.57,3403.28,3.3938211856348195,142.93333333333334,246.4,72.38805970149254,commute_daily_minutes (87.9 %); exterior_ratio (10.5 %); elevator_ratio (1.4 %)
DEST_003,UC3M Campus de Leganés,WALK,A pie,time_priority,Prioridad al tiempo,extended,Pareto_KNN,3,3,1,MAD-116,Buenavista,MAD-171,Villaverde Alto - Casco Histórico de Villaverde,Villaverde,True,1.067490480833862,0.47739625609569036,3291.57,2928.26,-11.037589964667314,142.93333333333334,149.83333333333334,4.827425373134332,elevator_ratio (90.2 %); rooms_mean (6.7 %); price_m2_for_recommender (1.8 %)
DEST_003,UC3M Campus de Leganés,WALK,A pie,time_priority,Prioridad al tiempo,extended,Pareto_KNN,3,3,2,MAD-116,Buenavista,MAD-121,Orcasitas,Usera,True,1.3434001022218856,0.6007867899096604,3291.57,2357.51,-28.377339688963016,142.93333333333334,206.13333333333333,44.21641791044775,rooms_mean (29.9 %); elevator_ratio (28.2 %); commute_daily_minutes (26.1 %)
DEST_003,UC3M Campus de Leganés,WALK,A pie,time_priority,Prioridad al tiempo,extended,Pareto_KNN,3,3,3,MAD-116,Buenavista,MAD-172,San Cristóbal,Villaverde,True,2.4569012879009566,1.098759658750664,3291.57,1909.6,-41.98513171526051,142.93333333333334,213.56666666666663,49.41697761194027,elevator_ratio (81.4 %); commute_daily_minutes (9.8 %); price_m2_for_recommender (4.9 %)
DEST_001,Puerta del Sol,BICYCLE,Bicicleta,price_priority,Prioridad al precio,extended,KNN_global,5,5,1,MAD-121,Orcasitas,MAD-175,Ángeles,Villaverde,False,0.8250939890806611,0.3689932494821655,2357.51,2956.03,25.38780323307218,73.71666666666667,77.76666666666667,5.494008591453761,elevator_ratio (84.1 %); price_m2_for_recommender (11.3 %); rooms_mean (2.7 %)
DEST_001,Puerta del Sol,BICYCLE,Bicicleta,price_priority,Prioridad al precio,extended,KNN_global,5,5,2,MAD-121,Orcasitas,MAD-143,Marroquina,Moratalaz,False,0.9401635696785917,0.4204539303540382,2357.51,4301.17,82.44546152508366,73.71666666666667,72.51666666666665,-1.6278543974678052,price_m2_for_recommender (91.5 %); elevator_ratio (8.3 %); commute_daily_minutes (0.1 %)
DEST_001,Puerta del Sol,BICYCLE,Bicicleta,price_priority,Prioridad al precio,extended,KNN_global,5,5,3,MAD-121,Orcasitas,MAD-144,Media Legua,Moratalaz,False,0.940886728236155,0.4207773366926827,2357.51,3876.72,64.44129611327203,73.71666666666667,56.33333333333333,-23.58127967442913,price_m2_for_recommender (55.8 %); commute_daily_minutes (26.7 %); rooms_mean (17.4 %)
DEST_001,Puerta del Sol,BICYCLE,Bicicleta,price_priority,Prioridad al precio,extended,KNN_global,5,5,4,MAD-121,Orcasitas,MAD-173,Butarque,Villaverde,False,0.969339663553402,0.4335018761984364,2357.51,3143.01,33.31905272936276,73.71666666666667,94.11666666666667,27.6735247569523,commute_daily_minutes (34.6 %); rooms_mean (29.8 %); elevator_ratio (21.6 %)
DEST_001,Puerta del Sol,BICYCLE,Bicicleta,price_priority,Prioridad al precio,extended,KNN_global,5,5,5,MAD-121,Orcasitas,MAD-107,Águilas,Latina,False,0.9899607397671929,0.44272390183508453,2357.51,3231.64,37.0785277687051,73.71666666666667,83.56666666666666,13.361971512548037,exterior_ratio (43.1 %); elevator_ratio (30.2 %); price_m2_for_recommender (16.7 %)
DEST_001,Puerta del Sol,BICYCLE,Bicicleta,price_priority,Prioridad al precio,extended,Pareto_KNN,5,5,1,MAD-121,Orcasitas,MAD-117,Abrantes,Carabanchel,True,1.5935201134255443,0.7126438594265384,2357.51,2912.9,23.558330611535045,73.71666666666667,56.266666666666666,-23.671716029844,elevator_ratio (80.5 %); commute_daily_minutes (9.4 %); rooms_mean (7.6 %)
DEST_001,Puerta del Sol,BICYCLE,Bicicleta,price_priority,Prioridad al precio,extended,Pareto_KNN,5,5,2,MAD-121,Orcasitas,MAD-112,Opañel,Carabanchel,True,1.869345130861668,0.8359965572029859,2357.51,3500.89,48.49947614220086,73.71666666666667,43.23333333333333,-41.352023513452416,elevator_ratio (64.3 %); commute_daily_minutes (20.8 %); price_m2_for_recommender (8.0 %)
DEST_001,Puerta del Sol,BICYCLE,Bicicleta,price_priority,Prioridad al precio,extended,Pareto_KNN,5,5,3,MAD-121,Orcasitas,MAD-135,Portazgo,Puente de Vallecas,True,1.9958050308728457,0.8925511437735498,2357.51,2703.76,14.687106311319994,73.71666666666667,70.83333333333334,-3.9113723716934103,elevator_ratio (81.2 %); exterior_ratio (18.0 %); price_m2_for_recommender (0.6 %)
DEST_001,Puerta del Sol,BICYCLE,Bicicleta,price_priority,Prioridad al precio,extended,Pareto_KNN,5,5,4,MAD-121,Orcasitas,MAD-123,San Fermín,Usera,True,2.0503019938192386,0.9169229265166342,2357.51,2755.18,16.868221131617663,73.71666666666667,56.98333333333333,-22.699525209134084,elevator_ratio (51.9 %); exterior_ratio (41.2 %); commute_daily_minutes (5.2 %)
DEST_001,Puerta del Sol,BICYCLE,Bicicleta,price_priority,Prioridad al precio,extended,Pareto_KNN,5,5,5,MAD-121,Orcasitas,MAD-126,Zofío,Usera,True,2.1950227326176335,0.9816440084580746,2357.51,3089.05,31.030197114752426,73.71666666666667,54.1,-26.610897580827494,elevator_ratio (88.2 %); commute_daily_minutes (6.2 %); exterior_ratio (3.2 %)
DEST_001,Puerta del Sol,BICYCLE,Bicicleta,balanced,Perfil equilibrado,extended,KNN_global,5,5,1,MAD-102,Puerta del Ángel,MAD-111,Comillas,Carabanchel,False,0.35720886874286334,0.15974866253496844,4033.3,4105.51,1.790345374755164,30.266666666666666,38.5,27.202643171806173,commute_daily_minutes (41.5 %); elevator_ratio (29.9 %); rooms_mean (25.8 %)
DEST_001,Puerta del Sol,BICYCLE,Bicicleta,balanced,Perfil equilibrado,extended,KNN_global,5,5,2,MAD-102,Puerta del Ángel,MAD-125,Moscardó,Usera,True,0.7049866531727935,0.3152796159448868,4033.3,3739.18,-7.292291671832007,30.266666666666666,40.9,35.13215859030837,elevator_ratio (45.8 %); rooms_mean (24.3 %); commute_daily_minutes (17.8 %)
DEST_001,Puerta del Sol,BICYCLE,Bicicleta,balanced,Perfil equilibrado,extended,KNN_global,5,5,3,MAD-102,Puerta del Ángel,MAD-112,Opañel,Carabanchel,True,0.8294904140487038,0.37095939049946963,4033.3,3500.89,-13.200357027744037,30.266666666666666,43.23333333333333,42.841409691629934,exterior_ratio (52.9 %); elevator_ratio (19.2 %); commute_daily_minutes (19.1 %)
DEST_001,Puerta del Sol,BICYCLE,Bicicleta,balanced,Perfil equilibrado,extended,KNN_global,5,5,4,MAD-102,Puerta del Ángel,MAD-123,San Fermín,Usera,True,1.0567336439646482,0.4725856524032027,4033.3,2755.18,-31.6891875139464,30.266666666666666,56.98333333333333,88.27092511013214,commute_daily_minutes (49.9 %); price_m2_for_recommender (31.3 %); elevator_ratio (13.4 %)
DEST_001,Puerta del Sol,BICYCLE,Bicicleta,balanced,Perfil equilibrado,extended,KNN_global,5,5,5,MAD-102,Puerta del Ángel,MAD-126,Zofío,Usera,True,1.0892062744874116,0.48710785425462944,4033.3,3089.05,-23.41135050702898,30.266666666666666,54.1,78.7444933920705,exterior_ratio (40.5 %); commute_daily_minutes (37.4 %); price_m2_for_recommender (16.1 %)
DEST_001,Puerta del Sol,BICYCLE,Bicicleta,balanced,Perfil equilibrado,extended,Pareto_KNN,5,5,1,MAD-102,Puerta del Ángel,MAD-125,Moscardó,Usera,True,0.7049866531727935,0.3152796159448868,4033.3,3739.18,-7.292291671832007,30.266666666666666,40.9,35.13215859030837,elevator_ratio (45.8 %); rooms_mean (24.3 %); commute_daily_minutes (17.8 %)
DEST_001,Puerta del Sol,BICYCLE,Bicicleta,balanced,Perfil equilibrado,extended,Pareto_KNN,5,5,2,MAD-102,Puerta del Ángel,MAD-112,Opañel,Carabanchel,True,0.8294904140487038,0.37095939049946963,4033.3,3500.89,-13.200357027744037,30.266666666666666,43.23333333333333,42.841409691629934,exterior_ratio (52.9 %); elevator_ratio (19.2 %); commute_daily_minutes (19.1 %)
DEST_001,Puerta del Sol,BICYCLE,Bicicleta,balanced,Perfil equilibrado,extended,Pareto_KNN,5,5,3,MAD-102,Puerta del Ángel,MAD-123,San Fermín,Usera,True,1.0567336439646482,0.4725856524032027,4033.3,2755.18,-31.6891875139464,30.266666666666666,56.98333333333333,88.27092511013214,commute_daily_minutes (49.9 %); price_m2_for_recommender (31.3 %); elevator_ratio (13.4 %)
DEST_001,Puerta del Sol,BICYCLE,Bicicleta,balanced,Perfil equilibrado,extended,Pareto_KNN,5,5,4,MAD-102,Puerta del Ángel,MAD-126,Zofío,Usera,True,1.0892062744874116,0.48710785425462944,4033.3,3089.05,-23.41135050702898,30.266666666666666,54.1,78.7444933920705,exterior_ratio (40.5 %); commute_daily_minutes (37.4 %); price_m2_for_recommender (16.1 %)
DEST_001,Puerta del Sol,BICYCLE,Bicicleta,balanced,Perfil equilibrado,extended,Pareto_KNN,5,5,5,MAD-102,Puerta del Ángel,MAD-135,Portazgo,Puente de Vallecas,True,1.3180457873957747,0.5894479956148375,4033.3,2703.76,-32.96407408325688,30.266666666666666,70.83333333333334,134.03083700440533,commute_daily_minutes (74.0 %); price_m2_for_recommender (21.8 %); exterior_ratio (3.2 %)
DEST_001,Puerta del Sol,BICYCLE,Bicicleta,time_priority,Prioridad al tiempo,extended,KNN_global,5,5,1,MAD-016,Sol,MAD-013,Cortes,Centro,False,0.6554702821731351,0.2931352216340197,7696.61,7246.75,-5.844910941310522,3.7,16.03333333333333,333.3333333333333,exterior_ratio (37.5 %); commute_daily_minutes (27.6 %); elevator_ratio (20.5 %)
DEST_001,Puerta del Sol,BICYCLE,Bicicleta,time_priority,Prioridad al tiempo,extended,KNN_global,5,5,2,MAD-016,Sol,MAD-015,Universidad,Centro,False,1.1837730269015023,0.5293993916164893,7696.61,7135.43,-7.291261997164979,3.7,17.35,368.91891891891896,exterior_ratio (81.5 %); commute_daily_minutes (10.4 %); price_m2_for_recommender (4.8 %)
DEST_001,Puerta del Sol,BICYCLE,Bicicleta,time_priority,Prioridad al tiempo,extended,KNN_global,5,5,3,MAD-016,Sol,MAD-014,Justicia,Centro,False,1.2147784547764444,0.5432654404964568,7696.61,9541.9,23.975360580827143,3.7,19.31666666666667,422.07207207207216,price_m2_for_recommender (49.4 %); elevator_ratio (35.3 %); commute_daily_minutes (12.9 %)
DEST_001,Puerta del Sol,BICYCLE,Bicicleta,time_priority,Prioridad al tiempo,extended,KNN_global,5,5,4,MAD-016,Sol,MAD-092,Argüelles,Moncloa - Aravaca,False,1.352054739464857,0.6046572613488376,7696.61,7554.87,-1.8415899987137168,3.7,24.566666666666663,563.9639639639639,elevator_ratio (49.8 %); commute_daily_minutes (18.6 %); exterior_ratio (17.8 %)
DEST_001,Puerta del Sol,BICYCLE,Bicicleta,time_priority,Prioridad al tiempo,extended,KNN_global,5,5,5,MAD-016,Sol,MAD-021,Imperial,Arganzuela,True,1.4556873422745094,0.6510031702623612,7696.61,5855.12,-23.925988194802645,3.7,24.583333333333336,564.4144144144144,price_m2_for_recommender (34.3 %); elevator_ratio (26.7 %); exterior_ratio (22.3 %)
DEST_001,Puerta del Sol,BICYCLE,Bicicleta,time_priority,Prioridad al tiempo,extended,Pareto_KNN,5,5,1,MAD-016,Sol,MAD-021,Imperial,Arganzuela,True,1.4556873422745094,0.6510031702623612,7696.61,5855.12,-23.925988194802645,3.7,24.583333333333336,564.4144144144144,price_m2_for_recommender (34.3 %); elevator_ratio (26.7 %); exterior_ratio (22.3 %)
DEST_001,Puerta del Sol,BICYCLE,Bicicleta,time_priority,Prioridad al tiempo,extended,Pareto_KNN,5,5,2,MAD-016,Sol,MAD-011,Palacio,Centro,True,1.5722039890638435,0.7031109988086179,7696.61,6895.15,-10.413155921892885,3.7,15.733333333333334,325.22522522522524,exterior_ratio (75.3 %); rooms_mean (13.3 %); price_m2_for_recommender (5.6 %)
DEST_001,Puerta del Sol,BICYCLE,Bicicleta,time_priority,Prioridad al tiempo,extended,Pareto_KNN,5,5,3,MAD-016,Sol,MAD-102,Puerta del Ángel,Latina,True,2.130114101725648,0.9526159862578902,7696.61,4033.3,-47.596409328262695,3.7,30.266666666666666,718.018018018018,price_m2_for_recommender (63.3 %); elevator_ratio (23.8 %); commute_daily_minutes (12.1 %)
DEST_001,Puerta del Sol,BICYCLE,Bicicleta,time_priority,Prioridad al tiempo,extended,Pareto_KNN,5,5,4,MAD-016,Sol,MAD-125,Moscardó,Usera,True,2.217043982058699,0.9914922105980151,7696.61,3739.18,-51.41783200655873,3.7,40.9,1005.4054054054052,price_m2_for_recommender (68.2 %); commute_daily_minutes (22.0 %); elevator_ratio (6.4 %)
DEST_001,Puerta del Sol,BICYCLE,Bicicleta,time_priority,Prioridad al tiempo,extended,Pareto_KNN,5,5,5,MAD-016,Sol,MAD-112,Opañel,Carabanchel,True,2.4610684806207948,1.100623283990044,7696.61,3500.89,-54.51387039228959,3.7,43.23333333333333,1068.4684684684682,price_m2_for_recommender (62.2 %); commute_daily_minutes (20.1 %); exterior_ratio (10.1 %)
DEST_001,Puerta del Sol,CAR,Coche,price_priority,Prioridad al precio,extended,KNN_global,5,5,1,MAD-121,Orcasitas,MAD-182,Santa Eugenia,Villa de Vallecas,False,0.38742919890613287,0.17326360504448005,2357.51,2899.99,23.01071893650502,28.416666666666664,30.5,7.331378299120243,price_m2_for_recommender (41.6 %); commute_daily_minutes (40.6 %); elevator_ratio (16.3 %)
DEST_001,Puerta del Sol,CAR,Coche,price_priority,Prioridad al precio,extended,KNN_global,5,5,2,MAD-121,Orcasitas,MAD-206,Rejas,San Blas - Canillejas,False,0.893229414758197,0.39946433818033644,2357.51,3580.16,51.861922112737574,28.416666666666664,31.683333333333334,11.495601173020537,price_m2_for_recommender (39.8 %); exterior_ratio (22.5 %); commute_daily_minutes (18.8 %)
DEST_001,Puerta del Sol,CAR,Coche,price_priority,Prioridad al precio,extended,KNN_global,5,5,3,MAD-121,Orcasitas,MAD-175,Ángeles,Villaverde,False,0.921303347936917,0.4120193827770174,2357.51,2956.03,25.38780323307218,28.416666666666664,31.9,12.258064516129037,elevator_ratio (68.7 %); commute_daily_minutes (20.1 %); price_m2_for_recommender (9.0 %)
DEST_001,Puerta del Sol,CAR,Coche,price_priority,Prioridad al precio,extended,KNN_global,5,5,4,MAD-121,Orcasitas,MAD-191,Casco Histórico de Vicálvaro,Vicálvaro,False,0.9300366963272069,0.4159250549113927,2357.51,3355.2,42.31965081802408,28.416666666666664,32.71666666666667,15.131964809384181,commute_daily_minutes (30.0 %); price_m2_for_recommender (24.4 %); exterior_ratio (18.3 %)
DEST_001,Puerta del Sol,CAR,Coche,price_priority,Prioridad al precio,extended,KNN_global,5,5,5,MAD-121,Orcasitas,MAD-104,Aluche,Latina,False,0.9740903024543716,0.43562642650226097,2357.51,3360.3,42.535980759360505,28.416666666666664,28.433333333333334,0.05865102639297105,exterior_ratio (37.6 %); elevator_ratio (37.0 %); price_m2_for_recommender (22.5 %)
DEST_001,Puerta del Sol,CAR,Coche,price_priority,Prioridad al precio,extended,Pareto_KNN,5,5,1,MAD-121,Orcasitas,MAD-144,Media Legua,Moratalaz,True,1.280430836242388,0.5726260780649761,2357.51,3876.72,64.44129611327203,28.416666666666664,20.016666666666666,-29.560117302052785,commute_daily_minutes (60.5 %); price_m2_for_recommender (29.9 %); rooms_mean (9.6 %)
DEST_001,Puerta del Sol,CAR,Coche,price_priority,Prioridad al precio,extended,Pareto_KNN,5,5,2,MAD-121,Orcasitas,MAD-134,Palomeras Sureste,Puente de Vallecas,True,1.3220456936593896,0.5912368080766516,2357.51,2701.36,14.58530398598521,28.416666666666664,24.366666666666667,-14.252199413489727,elevator_ratio (75.8 %); commute_daily_minutes (13.2 %); rooms_mean (6.4 %)
DEST_001,Puerta del Sol,CAR,Coche,price_priority,Prioridad al precio,extended,Pareto_KNN,5,5,3,MAD-121,Orcasitas,MAD-125,Moscardó,Usera,True,2.1862061769983128,0.9777011249196329,2357.51,3739.18,58.607174518877954,28.416666666666664,21.866666666666667,-23.04985337243401,elevator_ratio (40.9 %); exterior_ratio (33.3 %); commute_daily_minutes (12.6 %)
DEST_001,Puerta del Sol,CAR,Coche,price_priority,Prioridad al precio,extended,Pareto_KNN,5,5,4,MAD-121,Orcasitas,MAD-136,Numancia,Puente de Vallecas,True,2.4725795314881474,1.1057711824364158,2357.51,3239.46,37.41023367875427,28.416666666666664,22.933333333333334,-19.296187683284447,elevator_ratio (48.7 %); exterior_ratio (29.8 %); rooms_mean (11.9 %)
DEST_001,Puerta del Sol,CAR,Coche,price_priority,Prioridad al precio,extended,Pareto_KNN,5,5,5,MAD-121,Orcasitas,MAD-023,Chopera,Arganzuela,True,2.5491625057812737,1.1400201297241257,2357.51,5473.88,132.1890469181467,28.416666666666664,19.333333333333336,-31.964809384164205,exterior_ratio (43.7 %); price_m2_for_recommender (31.7 %); commute_daily_minutes (17.8 %)
DEST_001,Puerta del Sol,CAR,Coche,balanced,Perfil equilibrado,extended,KNN_global,5,5,1,MAD-134,Palomeras Sureste,MAD-204,Arcos,San Blas - Canillejas,False,0.4461386141878337,0.19951925374230964,2701.36,3145.08,16.425800337607715,24.366666666666667,24.566666666666663,0.8207934336525132,exterior_ratio (27.3 %); rooms_mean (26.3 %); elevator_ratio (25.2 %)
DEST_001,Puerta del Sol,CAR,Coche,balanced,Perfil equilibrado,extended,KNN_global,5,5,2,MAD-134,Palomeras Sureste,MAD-103,Lucero,Latina,False,0.5958961633616827,0.2664928657616084,2701.36,3310.43,22.546791245890947,24.366666666666667,26.066666666666663,6.976744186046494,rooms_mean (40.9 %); elevator_ratio (25.5 %); price_m2_for_recommender (22.2 %)
DEST_001,Puerta del Sol,CAR,Coche,balanced,Perfil equilibrado,extended,KNN_global,5,5,3,MAD-134,Palomeras Sureste,MAD-112,Opañel,Carabanchel,False,0.6447451822556253,0.28833881113781384,2701.36,3500.89,29.597313945568146,24.366666666666667,26.066666666666663,6.976744186046494,price_m2_for_recommender (32.7 %); elevator_ratio (31.5 %); exterior_ratio (13.5 %)
DEST_001,Puerta del Sol,CAR,Coche,balanced,Perfil equilibrado,extended,KNN_global,5,5,4,MAD-134,Palomeras Sureste,MAD-152,Pueblo Nuevo,Ciudad Lineal,False,0.6558478814667783,0.29330408917178813,2701.36,3794.82,40.47812953475286,24.366666666666667,24.65,1.162790697674411,price_m2_for_recommender (59.0 %); rooms_mean (26.1 %); elevator_ratio (13.9 %)
DEST_001,Puerta del Sol,CAR,Coche,balanced,Perfil equilibrado,extended,KNN_global,5,5,5,MAD-134,Palomeras Sureste,MAD-113,San Isidro,Carabanchel,False,0.6700014168131466,0.29963374260307324,2701.36,3670.03,35.8586045547428,24.366666666666667,27.933333333333334,14.637482900136797,price_m2_for_recommender (44.4 %); commute_daily_minutes (39.8 %); rooms_mean (13.2 %)
DEST_001,Puerta del Sol,CAR,Coche,balanced,Perfil equilibrado,extended,Pareto_KNN,5,5,1,MAD-134,Palomeras Sureste,MAD-125,Moscardó,Usera,True,1.2060962081212876,0.5393826217527866,2701.36,3739.18,38.418426274172994,24.366666666666667,21.866666666666667,-10.259917920656635,exterior_ratio (72.7 %); price_m2_for_recommender (15.7 %); commute_daily_minutes (6.0 %)
DEST_001,Puerta del Sol,CAR,Coche,balanced,Perfil equilibrado,extended,Pareto_KNN,5,5,2,MAD-134,Palomeras Sureste,MAD-121,Orcasitas,Usera,True,1.3220456936593896,0.5912368080766516,2701.36,2357.51,-12.728773654751677,24.366666666666667,28.416666666666664,16.621067031463735,elevator_ratio (75.8 %); commute_daily_minutes (13.2 %); rooms_mean (6.4 %)
DEST_001,Puerta del Sol,CAR,Coche,balanced,Perfil equilibrado,extended,Pareto_KNN,5,5,3,MAD-134,Palomeras Sureste,MAD-136,Numancia,Puente de Vallecas,True,1.3905285945558754,0.6218632924168362,2701.36,3239.46,19.91959605532028,24.366666666666667,22.933333333333334,-5.882352941176472,exterior_ratio (64.4 %); elevator_ratio (17.1 %); rooms_mean (13.9 %)
DEST_001,Puerta del Sol,CAR,Coche,balanced,Perfil equilibrado,extended,Pareto_KNN,5,5,4,MAD-134,Palomeras Sureste,MAD-144,Media Legua,Moratalaz,True,1.5954101981113964,0.7134891309946978,2701.36,3876.72,43.50993573607367,24.366666666666667,20.016666666666666,-17.852257181942548,elevator_ratio (54.9 %); rooms_mean (21.0 %); price_m2_for_recommender (11.5 %)
DEST_001,Puerta del Sol,CAR,Coche,balanced,Perfil equilibrado,extended,Pareto_KNN,5,5,5,MAD-134,Palomeras Sureste,MAD-132,San Diego,Puente de Vallecas,True,2.184206722661906,0.9768069417568104,2701.36,3078.32,13.954452572037788,24.366666666666667,24.266666666666666,-0.4103967168262712,elevator_ratio (45.0 %); exterior_ratio (41.7 %); rooms_mean (12.7 %)
DEST_001,Puerta del Sol,CAR,Coche,time_priority,Prioridad al tiempo,extended,KNN_global,5,5,1,MAD-015,Universidad,MAD-013,Cortes,Centro,False,0.8283043274552392,0.370428956449432,7135.43,7246.75,1.5601021942615891,10.0,13.583333333333332,35.83333333333332,exterior_ratio (62.4 %); commute_daily_minutes (26.3 %); elevator_ratio (10.1 %)
DEST_001,Puerta del Sol,CAR,Coche,time_priority,Prioridad al tiempo,extended,KNN_global,5,5,2,MAD-015,Universidad,MAD-011,Palacio,Centro,True,0.8904203036889022,0.3982080655188784,7135.43,6895.15,-3.3674214448183313,10.0,16.216666666666665,62.16666666666665,commute_daily_minutes (68.5 %); rooms_mean (16.9 %); exterior_ratio (10.6 %)
DEST_001,Puerta del Sol,CAR,Coche,time_priority,Prioridad al tiempo,extended,KNN_global,5,5,3,MAD-015,Universidad,MAD-016,Sol,Centro,False,1.116255550196011,0.4992046580999418,7135.43,7696.61,7.864697712681638,10.0,11.566666666666666,15.666666666666663,exterior_ratio (88.1 %); price_m2_for_recommender (5.4 %); rooms_mean (3.7 %)
DEST_001,Puerta del Sol,CAR,Coche,time_priority,Prioridad al tiempo,extended,KNN_global,5,5,4,MAD-015,Universidad,MAD-031,Pacífico,Retiro,True,1.207703716198789,0.5401015212199212,7135.43,6286.22,-11.901314987323818,10.0,16.3,63.000000000000014,elevator_ratio (49.9 %); commute_daily_minutes (38.2 %); price_m2_for_recommender (10.5 %)
DEST_001,Puerta del Sol,CAR,Coche,time_priority,Prioridad al tiempo,extended,KNN_global,5,5,5,MAD-015,Universidad,MAD-073,Trafalgar,Chamberí,False,1.2118043215794878,0.54193536769595,7135.43,8568.41,20.082601889444636,10.0,12.2,21.999999999999993,elevator_ratio (60.0 %); price_m2_for_recommender (29.7 %); commute_daily_minutes (4.6 %)
DEST_001,Puerta del Sol,CAR,Coche,time_priority,Prioridad al tiempo,extended,Pareto_KNN,5,5,1,MAD-015,Universidad,MAD-011,Palacio,Centro,True,0.8904203036889022,0.3982080655188784,7135.43,6895.15,-3.3674214448183313,10.0,16.216666666666665,62.16666666666665,commute_daily_minutes (68.5 %); rooms_mean (16.9 %); exterior_ratio (10.6 %)
DEST_001,Puerta del Sol,CAR,Coche,time_priority,Prioridad al tiempo,extended,Pareto_KNN,5,5,2,MAD-015,Universidad,MAD-031,Pacífico,Retiro,True,1.207703716198789,0.5401015212199212,7135.43,6286.22,-11.901314987323818,10.0,16.3,63.000000000000014,elevator_ratio (49.9 %); commute_daily_minutes (38.2 %); price_m2_for_recommender (10.5 %)
DEST_001,Puerta del Sol,CAR,Coche,time_priority,Prioridad al tiempo,extended,Pareto_KNN,5,5,3,MAD-015,Universidad,MAD-014,Justicia,Centro,True,1.6041363304541822,0.7173915760145235,7135.43,9541.9,33.72564792871627,10.0,9.216666666666669,-7.833333333333314,price_m2_for_recommender (47.8 %); exterior_ratio (30.0 %); elevator_ratio (18.6 %)
DEST_001,Puerta del Sol,CAR,Coche,time_priority,Prioridad al tiempo,extended,Pareto_KNN,5,5,4,MAD-015,Universidad,MAD-026,Palos de la Frontera,Arganzuela,True,1.6369919583050754,0.73208505947813,7135.43,5784.65,-18.930604042082965,10.0,16.46666666666667,64.66666666666669,exterior_ratio (40.2 %); commute_daily_minutes (21.9 %); elevator_ratio (15.6 %)
DEST_001,Puerta del Sol,CAR,Coche,time_priority,Prioridad al tiempo,extended,Pareto_KNN,5,5,5,MAD-015,Universidad,MAD-023,Chopera,Arganzuela,True,1.9763379985691436,0.8838452222632974,7135.43,5473.88,-23.285912692017163,10.0,19.333333333333336,93.33333333333336,elevator_ratio (44.0 %); commute_daily_minutes (31.3 %); price_m2_for_recommender (15.0 %)
DEST_001,Puerta del Sol,TRANSIT,Transporte público,price_priority,Prioridad al precio,extended,KNN_global,5,5,1,MAD-172,San Cristóbal,MAD-202,Hellín,San Blas - Canillejas,False,0.3957790904783666,0.1769977900765335,1909.6,2498.86,30.85777126099708,139.71666666666667,148.96666666666667,6.620541572229512,commute_daily_minutes (50.1 %); price_m2_for_recommender (49.6 %); rooms_mean (0.1 %)
DEST_001,Puerta del Sol,TRANSIT,Transporte público,price_priority,Prioridad al precio,extended,KNN_global,5,5,2,MAD-172,San Cristóbal,MAD-203,Amposta,San Blas - Canillejas,False,0.7681040818629051,0.3435065881681038,1909.6,2544.1,33.22685379136992,139.71666666666667,154.88333333333333,10.855302397709643,elevator_ratio (47.1 %); commute_daily_minutes (35.8 %); price_m2_for_recommender (15.3 %)
DEST_001,Puerta del Sol,TRANSIT,Transporte público,price_priority,Prioridad al precio,extended,KNN_global,5,5,3,MAD-172,San Cristóbal,MAD-174,Los Rosales,Villaverde,False,0.8668361545806903,0.38766091339938785,1909.6,2807.4,47.015081692501056,139.71666666666667,122.3,-12.465704401765482,commute_daily_minutes (37.1 %); price_m2_for_recommender (24.0 %); elevator_ratio (22.1 %)
DEST_001,Puerta del Sol,TRANSIT,Transporte público,price_priority,Prioridad al precio,extended,KNN_global,5,5,4,MAD-172,San Cristóbal,MAD-126,Zofío,Usera,False,1.1998774897089293,0.536601526332194,1909.6,3089.05,61.764243820695455,139.71666666666667,121.61666666666667,-12.954789454849095,elevator_ratio (38.2 %); price_m2_for_recommender (21.6 %); commute_daily_minutes (20.9 %)
DEST_001,Puerta del Sol,TRANSIT,Transporte público,price_priority,Prioridad al precio,extended,KNN_global,5,5,5,MAD-172,San Cristóbal,MAD-115,Puerta Bonita,Carabanchel,False,1.2881839343448838,0.5760933689436571,1909.6,2905.06,52.12924172601592,139.71666666666667,120.68333333333332,-13.622808063938933,elevator_ratio (44.9 %); exterior_ratio (21.4 %); commute_daily_minutes (20.0 %)
DEST_001,Puerta del Sol,TRANSIT,Transporte público,price_priority,Prioridad al precio,extended,Pareto_KNN,5,5,1,MAD-172,San Cristóbal,MAD-131,Entrevías,Puente de Vallecas,True,1.396595905366028,0.6245766762992603,1909.6,2430.16,27.260159195643062,139.71666666666667,122.7,-12.179410712155551,exterior_ratio (58.3 %); commute_daily_minutes (13.6 %); rooms_mean (13.5 %)
DEST_001,Puerta del Sol,TRANSIT,Transporte público,price_priority,Prioridad al precio,extended,Pareto_KNN,5,5,2,MAD-172,San Cristóbal,MAD-103,Lucero,Latina,True,2.0553369875494734,0.9191746441660522,1909.6,3310.43,73.35724759111856,139.71666666666667,96.1,-31.217941071215563,elevator_ratio (44.4 %); commute_daily_minutes (41.3 %); price_m2_for_recommender (10.4 %)
DEST_001,Puerta del Sol,TRANSIT,Transporte público,price_priority,Prioridad al precio,extended,Pareto_KNN,5,5,3,MAD-172,San Cristóbal,MAD-123,San Fermín,Usera,True,2.12883453605515,0.9520437470937084,1909.6,2755.18,44.2804775869292,139.71666666666667,111.68333333333334,-20.064416080162232,exterior_ratio (41.3 %); elevator_ratio (39.1 %); commute_daily_minutes (15.9 %)
DEST_001,Puerta del Sol,TRANSIT,Transporte público,price_priority,Prioridad al precio,extended,Pareto_KNN,5,5,4,MAD-172,San Cristóbal,MAD-132,San Diego,Puente de Vallecas,True,2.1974355002822135,0.9827230309604574,1909.6,3078.32,61.20234604105573,139.71666666666667,109.91666666666669,-21.32887987593939,exterior_ratio (62.9 %); commute_daily_minutes (16.9 %); rooms_mean (13.0 %)
DEST_001,Puerta del Sol,TRANSIT,Transporte público,price_priority,Prioridad al precio,extended,Pareto_KNN,5,5,5,MAD-172,San Cristóbal,MAD-114,Vista Alegre,Carabanchel,True,2.3096898561678594,1.032924705066609,1909.6,3213.22,68.26665270213657,139.71666666666667,102.5,-26.63724203745676,exterior_ratio (36.9 %); elevator_ratio (32.0 %); commute_daily_minutes (23.8 %)
DEST_001,Puerta del Sol,TRANSIT,Transporte público,balanced,Perfil equilibrado,extended,KNN_global,5,5,1,MAD-102,Puerta del Ángel,MAD-111,Comillas,Carabanchel,False,0.47717883470279276,0.21340086236391603,4033.3,4105.51,1.790345374755164,65.13333333333334,78.08333333333334,19.88229273285568,commute_daily_minutes (67.6 %); elevator_ratio (17.0 %); rooms_mean (13.6 %)
DEST_001,Puerta del Sol,TRANSIT,Transporte público,balanced,Perfil equilibrado,extended,KNN_global,5,5,2,MAD-102,Puerta del Ángel,MAD-125,Moscardó,Usera,True,0.7743930292747729,0.34631909095207536,4033.3,3739.18,-7.292291671832007,65.13333333333334,79.5,22.057318321392003,elevator_ratio (38.6 %); commute_daily_minutes (31.6 %); rooms_mean (19.0 %)
DEST_001,Puerta del Sol,TRANSIT,Transporte público,balanced,Perfil equilibrado,extended,KNN_global,5,5,3,MAD-102,Puerta del Ángel,MAD-112,Opañel,Carabanchel,True,0.9534974940795584,0.42641704262751917,4033.3,3500.89,-13.200357027744037,65.13333333333334,83.75,28.58239508700101,exterior_ratio (43.2 %); commute_daily_minutes (35.0 %); elevator_ratio (14.8 %)
DEST_001,Puerta del Sol,TRANSIT,Transporte público,balanced,Perfil equilibrado,extended,KNN_global,5,5,4,MAD-102,Puerta del Ángel,MAD-114,Vista Alegre,Carabanchel,True,1.2838906645145765,0.574173360306394,4033.3,3213.22,-20.33273002256218,65.13333333333334,102.5,57.3694984646878,commute_daily_minutes (77.7 %); price_m2_for_recommender (9.1 %); elevator_ratio (8.1 %)
DEST_001,Puerta del Sol,TRANSIT,Transporte público,balanced,Perfil equilibrado,extended,KNN_global,5,5,5,MAD-102,Puerta del Ángel,MAD-103,Lucero,Latina,True,1.4060351317979387,0.6287980266906134,4033.3,3310.43,-17.92254481441996,65.13333333333334,96.1,47.5435005117707,commute_daily_minutes (44.5 %); exterior_ratio (39.0 %); elevator_ratio (9.3 %)
DEST_001,Puerta del Sol,TRANSIT,Transporte público,balanced,Perfil equilibrado,extended,Pareto_KNN,5,5,1,MAD-102,Puerta del Ángel,MAD-125,Moscardó,Usera,True,0.7743930292747729,0.34631909095207536,4033.3,3739.18,-7.292291671832007,65.13333333333334,79.5,22.057318321392003,elevator_ratio (38.6 %); commute_daily_minutes (31.6 %); rooms_mean (19.0 %)
DEST_001,Puerta del Sol,TRANSIT,Transporte público,balanced,Perfil equilibrado,extended,Pareto_KNN,5,5,2,MAD-102,Puerta del Ángel,MAD-112,Opañel,Carabanchel,True,0.9534974940795584,0.42641704262751917,4033.3,3500.89,-13.200357027744037,65.13333333333334,83.75,28.58239508700101,exterior_ratio (43.2 %); commute_daily_minutes (35.0 %); elevator_ratio (14.8 %)
DEST_001,Puerta del Sol,TRANSIT,Transporte público,balanced,Perfil equilibrado,extended,Pareto_KNN,5,5,3,MAD-102,Puerta del Ángel,MAD-114,Vista Alegre,Carabanchel,True,1.2838906645145765,0.574173360306394,4033.3,3213.22,-20.33273002256218,65.13333333333334,102.5,57.3694984646878,commute_daily_minutes (77.7 %); price_m2_for_recommender (9.1 %); elevator_ratio (8.1 %)
DEST_001,Puerta del Sol,TRANSIT,Transporte público,balanced,Perfil equilibrado,extended,Pareto_KNN,5,5,4,MAD-102,Puerta del Ángel,MAD-103,Lucero,Latina,True,1.4060351317979387,0.6287980266906134,4033.3,3310.43,-17.92254481441996,65.13333333333334,96.1,47.5435005117707,commute_daily_minutes (44.5 %); exterior_ratio (39.0 %); elevator_ratio (9.3 %)
DEST_001,Puerta del Sol,TRANSIT,Transporte público,balanced,Perfil equilibrado,extended,Pareto_KNN,5,5,5,MAD-102,Puerta del Ángel,MAD-123,San Fermín,Usera,True,1.6034358285083954,0.7170783020206934,4033.3,2755.18,-31.6891875139464,65.13333333333334,111.68333333333334,71.46878198567042,commute_daily_minutes (77.4 %); price_m2_for_recommender (14.2 %); elevator_ratio (5.9 %)
DEST_001,Puerta del Sol,TRANSIT,Transporte público,time_priority,Prioridad al tiempo,extended,KNN_global,5,5,1,MAD-102,Puerta del Ángel,MAD-111,Comillas,Carabanchel,False,0.47717883470279276,0.21340086236391603,4033.3,4105.51,1.790345374755164,65.13333333333334,78.08333333333334,19.88229273285568,commute_daily_minutes (67.6 %); elevator_ratio (17.0 %); rooms_mean (13.6 %)
DEST_001,Puerta del Sol,TRANSIT,Transporte público,time_priority,Prioridad al tiempo,extended,KNN_global,5,5,2,MAD-102,Puerta del Ángel,MAD-125,Moscardó,Usera,True,0.7743930292747729,0.34631909095207536,4033.3,3739.18,-7.292291671832007,65.13333333333334,79.5,22.057318321392003,elevator_ratio (38.6 %); commute_daily_minutes (31.6 %); rooms_mean (19.0 %)
DEST_001,Puerta del Sol,TRANSIT,Transporte público,time_priority,Prioridad al tiempo,extended,KNN_global,5,5,3,MAD-102,Puerta del Ángel,MAD-112,Opañel,Carabanchel,True,0.9534974940795584,0.42641704262751917,4033.3,3500.89,-13.200357027744037,65.13333333333334,83.75,28.58239508700101,exterior_ratio (43.2 %); commute_daily_minutes (35.0 %); elevator_ratio (14.8 %)
DEST_001,Puerta del Sol,TRANSIT,Transporte público,time_priority,Prioridad al tiempo,extended,KNN_global,5,5,4,MAD-102,Puerta del Ángel,MAD-114,Vista Alegre,Carabanchel,True,1.2838906645145765,0.574173360306394,4033.3,3213.22,-20.33273002256218,65.13333333333334,102.5,57.3694984646878,commute_daily_minutes (77.7 %); price_m2_for_recommender (9.1 %); elevator_ratio (8.1 %)
DEST_001,Puerta del Sol,TRANSIT,Transporte público,time_priority,Prioridad al tiempo,extended,KNN_global,5,5,5,MAD-102,Puerta del Ángel,MAD-103,Lucero,Latina,True,1.4060351317979387,0.6287980266906134,4033.3,3310.43,-17.92254481441996,65.13333333333334,96.1,47.5435005117707,commute_daily_minutes (44.5 %); exterior_ratio (39.0 %); elevator_ratio (9.3 %)
DEST_001,Puerta del Sol,TRANSIT,Transporte público,time_priority,Prioridad al tiempo,extended,Pareto_KNN,5,5,1,MAD-102,Puerta del Ángel,MAD-125,Moscardó,Usera,True,0.7743930292747729,0.34631909095207536,4033.3,3739.18,-7.292291671832007,65.13333333333334,79.5,22.057318321392003,elevator_ratio (38.6 %); commute_daily_minutes (31.6 %); rooms_mean (19.0 %)
DEST_001,Puerta del Sol,TRANSIT,Transporte público,time_priority,Prioridad al tiempo,extended,Pareto_KNN,5,5,2,MAD-102,Puerta del Ángel,MAD-112,Opañel,Carabanchel,True,0.9534974940795584,0.42641704262751917,4033.3,3500.89,-13.200357027744037,65.13333333333334,83.75,28.58239508700101,exterior_ratio (43.2 %); commute_daily_minutes (35.0 %); elevator_ratio (14.8 %)
DEST_001,Puerta del Sol,TRANSIT,Transporte público,time_priority,Prioridad al tiempo,extended,Pareto_KNN,5,5,3,MAD-102,Puerta del Ángel,MAD-114,Vista Alegre,Carabanchel,True,1.2838906645145765,0.574173360306394,4033.3,3213.22,-20.33273002256218,65.13333333333334,102.5,57.3694984646878,commute_daily_minutes (77.7 %); price_m2_for_recommender (9.1 %); elevator_ratio (8.1 %)
DEST_001,Puerta del Sol,TRANSIT,Transporte público,time_priority,Prioridad al tiempo,extended,Pareto_KNN,5,5,4,MAD-102,Puerta del Ángel,MAD-103,Lucero,Latina,True,1.4060351317979387,0.6287980266906134,4033.3,3310.43,-17.92254481441996,65.13333333333334,96.1,47.5435005117707,commute_daily_minutes (44.5 %); exterior_ratio (39.0 %); elevator_ratio (9.3 %)
DEST_001,Puerta del Sol,TRANSIT,Transporte público,time_priority,Prioridad al tiempo,extended,Pareto_KNN,5,5,5,MAD-102,Puerta del Ángel,MAD-123,San Fermín,Usera,True,1.6034358285083954,0.7170783020206934,4033.3,2755.18,-31.6891875139464,65.13333333333334,111.68333333333334,71.46878198567042,commute_daily_minutes (77.4 %); price_m2_for_recommender (14.2 %); elevator_ratio (5.9 %)
DEST_001,Puerta del Sol,WALK,A pie,price_priority,Prioridad al precio,extended,KNN_global,5,5,1,MAD-121,Orcasitas,MAD-175,Ángeles,Villaverde,False,0.902512037087099,0.4036156530877129,2357.51,2956.03,25.38780323307218,184.06666666666663,213.7,16.099239406012327,elevator_ratio (75.3 %); commute_daily_minutes (13.1 %); price_m2_for_recommender (9.4 %)
DEST_001,Puerta del Sol,WALK,A pie,price_priority,Prioridad al precio,extended,KNN_global,5,5,2,MAD-121,Orcasitas,MAD-143,Marroquina,Moratalaz,False,0.9549168839323368,0.4270518130669963,2357.51,4301.17,82.44546152508366,184.06666666666663,169.16666666666669,-8.094893154654086,price_m2_for_recommender (88.4 %); elevator_ratio (8.6 %); commute_daily_minutes (3.0 %)
DEST_001,Puerta del Sol,WALK,A pie,price_priority,Prioridad al precio,extended,KNN_global,5,5,3,MAD-121,Orcasitas,MAD-144,Media Legua,Moratalaz,False,0.9848352339442921,0.44043170594726905,2357.51,3876.72,64.44129611327203,184.06666666666663,132.5,-28.0152118797537,price_m2_for_recommender (50.8 %); commute_daily_minutes (33.3 %); rooms_mean (15.8 %)
DEST_001,Puerta del Sol,WALK,A pie,price_priority,Prioridad al precio,extended,KNN_global,5,5,4,MAD-121,Orcasitas,MAD-104,Aluche,Latina,False,1.007204566231826,0.45043557546851043,2357.51,3360.3,42.535980759360505,184.06666666666663,167.53333333333333,-8.982252806953987,exterior_ratio (36.5 %); elevator_ratio (36.3 %); price_m2_for_recommender (21.1 %)
DEST_001,Puerta del Sol,WALK,A pie,price_priority,Prioridad al precio,extended,KNN_global,5,5,5,MAD-121,Orcasitas,MAD-182,Santa Eugenia,Villa de Vallecas,False,1.0239896868973164,0.45794210963222504,2357.51,2899.99,23.01071893650502,184.06666666666663,272.83333333333337,48.225280695400265,commute_daily_minutes (91.4 %); price_m2_for_recommender (6.0 %); elevator_ratio (2.5 %)
DEST_001,Puerta del Sol,WALK,A pie,price_priority,Prioridad al precio,extended,Pareto_KNN,5,5,1,MAD-121,Orcasitas,MAD-117,Abrantes,Carabanchel,True,1.5999624222408708,0.7155249475151617,2357.51,2912.9,23.558330611535045,184.06666666666663,153.13333333333333,-16.80550525172038,elevator_ratio (85.4 %); rooms_mean (7.5 %); commute_daily_minutes (4.5 %)
DEST_001,Puerta del Sol,WALK,A pie,price_priority,Prioridad al precio,extended,Pareto_KNN,5,5,2,MAD-121,Orcasitas,MAD-113,San Isidro,Carabanchel,True,1.7328277028711074,0.7749441073829207,2357.51,3670.03,55.67399502016958,184.06666666666663,101.08333333333331,-45.08330315103223,elevator_ratio (48.4 %); commute_daily_minutes (27.9 %); price_m2_for_recommender (12.2 %)
DEST_001,Puerta del Sol,WALK,A pie,price_priority,Prioridad al precio,extended,Pareto_KNN,5,5,3,MAD-121,Orcasitas,MAD-112,Opañel,Carabanchel,True,1.9191872973894746,0.8582866517033939,2357.51,3500.89,48.49947614220086,184.06666666666663,105.11666666666667,-42.89206809127127,elevator_ratio (65.3 %); commute_daily_minutes (20.6 %); price_m2_for_recommender (7.6 %)
DEST_001,Puerta del Sol,WALK,A pie,price_priority,Prioridad al precio,extended,Pareto_KNN,5,5,4,MAD-121,Orcasitas,MAD-123,San Fermín,Usera,True,2.047784664191491,0.9157971424827507,2357.51,2755.18,16.868221131617663,184.06666666666663,162.51666666666665,-11.707714596160804,elevator_ratio (55.6 %); exterior_ratio (41.3 %); commute_daily_minutes (1.3 %)
DEST_001,Puerta del Sol,WALK,A pie,price_priority,Prioridad al precio,extended,Pareto_KNN,5,5,5,MAD-121,Orcasitas,MAD-125,Moscardó,Usera,True,2.2759384719482814,1.017830627176671,2357.51,3739.18,58.607174518877954,184.06666666666663,100.76666666666664,-45.255342267294466,elevator_ratio (39.7 %); exterior_ratio (32.0 %); commute_daily_minutes (16.3 %)
DEST_001,Puerta del Sol,WALK,A pie,balanced,Perfil equilibrado,extended,KNN_global,5,5,1,MAD-102,Puerta del Ángel,MAD-111,Comillas,Carabanchel,False,0.3298281235199342,0.147503621016354,4033.3,4105.51,1.790345374755164,79.71666666666665,95.85,20.238344135479835,elevator_ratio (37.5 %); rooms_mean (30.0 %); commute_daily_minutes (29.1 %)
DEST_001,Puerta del Sol,WALK,A pie,balanced,Perfil equilibrado,extended,KNN_global,5,5,2,MAD-102,Puerta del Ángel,MAD-125,Moscardó,Usera,True,0.6911918627911069,0.3091103981391245,4033.3,3739.18,-7.292291671832007,79.71666666666665,100.76666666666664,26.40602132552789,elevator_ratio (51.0 %); rooms_mean (25.1 %); commute_daily_minutes (11.3 %)
DEST_001,Puerta del Sol,WALK,A pie,balanced,Perfil equilibrado,extended,KNN_global,5,5,3,MAD-102,Puerta del Ángel,MAD-112,Opañel,Carabanchel,True,0.8025582639067387,0.35891496679993673,4033.3,3500.89,-13.200357027744037,79.71666666666665,105.11666666666667,31.862847585197603,exterior_ratio (56.4 %); elevator_ratio (22.0 %); commute_daily_minutes (12.2 %)
DEST_001,Puerta del Sol,WALK,A pie,balanced,Perfil equilibrado,extended,KNN_global,5,5,4,MAD-102,Puerta del Ángel,MAD-114,Vista Alegre,Carabanchel,False,1.0789113550187415,0.48250382630366295,4033.3,3213.22,-20.33273002256218,79.71666666666665,160.98333333333335,101.9443863683881,commute_daily_minutes (69.0 %); price_m2_for_recommender (12.3 %); elevator_ratio (12.1 %)
DEST_001,Puerta del Sol,WALK,A pie,balanced,Perfil equilibrado,extended,KNN_global,5,5,5,MAD-102,Puerta del Ángel,MAD-126,Zofío,Usera,False,1.1213278777239206,0.5014730719312517,4033.3,3089.05,-23.41135050702898,79.71666666666665,144.66666666666666,81.47606104955051,commute_daily_minutes (40.8 %); exterior_ratio (38.1 %); price_m2_for_recommender (15.1 %)
DEST_001,Puerta del Sol,WALK,A pie,balanced,Perfil equilibrado,extended,Pareto_KNN,5,5,1,MAD-102,Puerta del Ángel,MAD-125,Moscardó,Usera,True,0.6911918627911069,0.3091103981391245,4033.3,3739.18,-7.292291671832007,79.71666666666665,100.76666666666664,26.40602132552789,elevator_ratio (51.0 %); rooms_mean (25.1 %); commute_daily_minutes (11.3 %)
DEST_001,Puerta del Sol,WALK,A pie,balanced,Perfil equilibrado,extended,Pareto_KNN,5,5,2,MAD-102,Puerta del Ángel,MAD-112,Opañel,Carabanchel,True,0.8025582639067387,0.35891496679993673,4033.3,3500.89,-13.200357027744037,79.71666666666665,105.11666666666667,31.862847585197603,exterior_ratio (56.4 %); elevator_ratio (22.0 %); commute_daily_minutes (12.2 %)
DEST_001,Puerta del Sol,WALK,A pie,balanced,Perfil equilibrado,extended,Pareto_KNN,5,5,3,MAD-102,Puerta del Ángel,MAD-123,San Fermín,Usera,True,1.1840677682274479,0.5295312039446078,4033.3,2755.18,-31.6891875139464,79.71666666666665,162.51666666666665,103.86786535647084,commute_daily_minutes (59.5 %); price_m2_for_recommender (24.9 %); elevator_ratio (11.4 %)
DEST_001,Puerta del Sol,WALK,A pie,balanced,Perfil equilibrado,extended,Pareto_KNN,5,5,4,MAD-102,Puerta del Ángel,MAD-113,San Isidro,Carabanchel,True,1.3086398664846575,0.5852415399051886,4033.3,3670.03,-9.006768650980586,79.71666666666665,101.08333333333331,26.803261551327616,exterior_ratio (52.8 %); elevator_ratio (30.4 %); rooms_mean (11.9 %)
DEST_001,Puerta del Sol,WALK,A pie,balanced,Perfil equilibrado,extended,Pareto_KNN,5,5,5,MAD-102,Puerta del Ángel,MAD-131,Entrevías,Puente de Vallecas,True,1.4338638687676837,0.6412434162090757,4033.3,2430.16,-39.747601219844796,79.71666666666665,176.66666666666669,121.61823123562624,commute_daily_minutes (55.6 %); price_m2_for_recommender (26.7 %); elevator_ratio (11.2 %)
DEST_001,Puerta del Sol,WALK,A pie,time_priority,Prioridad al tiempo,extended,KNN_global,5,5,1,MAD-016,Sol,MAD-013,Cortes,Centro,True,0.594805844607634,0.26600526039136924,7696.61,7246.75,-5.844910941310522,3.7,21.166666666666664,472.072072072072,exterior_ratio (45.5 %); elevator_ratio (26.6 %); price_m2_for_recommender (12.2 %)
DEST_001,Puerta del Sol,WALK,A pie,time_priority,Prioridad al tiempo,extended,KNN_global,5,5,2,MAD-016,Sol,MAD-015,Universidad,Centro,False,1.1645641229626258,0.520808908620371,7696.61,7135.43,-7.291261997164979,3.7,32.56666666666666,780.1801801801801,exterior_ratio (84.2 %); commute_daily_minutes (7.5 %); price_m2_for_recommender (5.0 %)
DEST_001,Puerta del Sol,WALK,A pie,time_priority,Prioridad al tiempo,extended,KNN_global,5,5,3,MAD-016,Sol,MAD-014,Justicia,Centro,False,1.2002389099974324,0.5367631583989021,7696.61,9541.9,23.975360580827143,3.7,35.31666666666666,854.5045045045044,price_m2_for_recommender (50.4 %); elevator_ratio (38.7 %); commute_daily_minutes (8.4 %)
DEST_001,Puerta del Sol,WALK,A pie,time_priority,Prioridad al tiempo,extended,KNN_global,5,5,4,MAD-016,Sol,MAD-092,Argüelles,Moncloa - Aravaca,False,1.3571336786397636,0.6069286319985732,7696.61,7554.87,-1.8415899987137168,3.7,52.66666666666666,1323.423423423423,elevator_ratio (52.9 %); exterior_ratio (17.6 %); commute_daily_minutes (15.8 %)
DEST_001,Puerta del Sol,WALK,A pie,time_priority,Prioridad al tiempo,extended,KNN_global,5,5,5,MAD-016,Sol,MAD-027,Atocha,Arganzuela,False,1.4232496608897633,0.6364965981406069,7696.61,6810.36,-11.514809766897375,3.7,91.05,2360.810810810811,commute_daily_minutes (45.8 %); elevator_ratio (26.4 %); exterior_ratio (19.5 %)
DEST_001,Puerta del Sol,WALK,A pie,time_priority,Prioridad al tiempo,extended,Pareto_KNN,5,5,1,MAD-016,Sol,MAD-013,Cortes,Centro,True,0.594805844607634,0.26600526039136924,7696.61,7246.75,-5.844910941310522,3.7,21.166666666666664,472.072072072072,exterior_ratio (45.5 %); elevator_ratio (26.6 %); price_m2_for_recommender (12.2 %)
DEST_001,Puerta del Sol,WALK,A pie,time_priority,Prioridad al tiempo,extended,Pareto_KNN,5,5,2,MAD-016,Sol,MAD-023,Chopera,Arganzuela,True,1.9895685043396931,0.8897620843192278,7696.61,5473.88,-28.879337786376073,3.7,77.73333333333333,2000.9009009009008,elevator_ratio (48.2 %); price_m2_for_recommender (26.6 %); commute_daily_minutes (16.8 %)
DEST_001,Puerta del Sol,WALK,A pie,time_priority,Prioridad al tiempo,extended,Pareto_KNN,5,5,3,MAD-016,Sol,MAD-102,Puerta del Ángel,Latina,True,2.1802996229290854,0.9750596336373187,7696.61,4033.3,-47.596409328262695,3.7,79.71666666666665,2054.504504504504,price_m2_for_recommender (60.2 %); elevator_ratio (24.3 %); commute_daily_minutes (14.8 %)
DEST_001,Puerta del Sol,WALK,A pie,time_priority,Prioridad al tiempo,extended,Pareto_KNN,5,5,4,MAD-016,Sol,MAD-125,Moscardó,Usera,True,2.2335734067790787,0.9988843940587618,7696.61,3739.18,-51.41783200655873,3.7,100.76666666666664,2623.4234234234227,price_m2_for_recommender (67.0 %); commute_daily_minutes (23.0 %); elevator_ratio (6.8 %)
DEST_001,Puerta del Sol,WALK,A pie,time_priority,Prioridad al tiempo,extended,Pareto_KNN,5,5,5,MAD-016,Sol,MAD-112,Opañel,Carabanchel,True,2.470752565057397,1.1049541382100623,7696.61,3500.89,-54.51387039228959,3.7,105.11666666666667,2740.990990990991,price_m2_for_recommender (61.5 %); commute_daily_minutes (20.5 %); exterior_ratio (10.0 %)
DEST_002,Nuevos Ministerios,BICYCLE,Bicicleta,price_priority,Prioridad al precio,extended,KNN_global,5,5,1,MAD-203,Amposta,MAD-202,Hellín,San Blas - Canillejas,True,0.5582959400320989,0.24967753469478385,2544.1,2498.86,-1.7782319877363226,75.61666666666667,83.08333333333333,9.874366321357707,elevator_ratio (83.6 %); commute_daily_minutes (13.6 %); rooms_mean (2.6 %)
DEST_002,Nuevos Ministerios,BICYCLE,Bicicleta,price_priority,Prioridad al precio,extended,KNN_global,5,5,2,MAD-203,Amposta,MAD-145,Fontarrón,Moratalaz,False,1.2701350084153957,0.5680216438838185,2544.1,3770.04,48.18757124326874,75.61666666666667,87.61666666666666,15.86951730218204,elevator_ratio (67.6 %); price_m2_for_recommender (19.9 %); commute_daily_minutes (6.8 %)
DEST_002,Nuevos Ministerios,BICYCLE,Bicicleta,price_priority,Prioridad al precio,extended,KNN_global,5,5,3,MAD-203,Amposta,MAD-127,Pradolongo,Usera,False,1.325028037095151,0.5925705526075741,2544.1,3390.16,33.25576824810346,75.61666666666667,103.48333333333332,36.852545735067196,exterior_ratio (47.6 %); commute_daily_minutes (33.6 %); price_m2_for_recommender (8.7 %)
DEST_002,Nuevos Ministerios,BICYCLE,Bicicleta,price_priority,Prioridad al precio,extended,KNN_global,5,5,4,MAD-203,Amposta,MAD-126,Zofío,Usera,False,1.5343575242134415,0.6861855451859069,2544.1,3089.05,21.4201485790653,75.61666666666667,101.23333333333332,33.87701124090806,elevator_ratio (67.2 %); commute_daily_minutes (21.2 %); exterior_ratio (6.5 %)
DEST_002,Nuevos Ministerios,BICYCLE,Bicicleta,price_priority,Prioridad al precio,extended,KNN_global,5,5,5,MAD-203,Amposta,MAD-174,Los Rosales,Villaverde,False,1.7027757916793607,0.7615044841272142,2544.1,2807.4,10.349435949844747,75.61666666666667,126.08333333333331,66.74013665417672,commute_daily_minutes (66.8 %); elevator_ratio (29.6 %); exterior_ratio (2.7 %)
DEST_002,Nuevos Ministerios,BICYCLE,Bicicleta,price_priority,Prioridad al precio,extended,Pareto_KNN,5,5,1,MAD-203,Amposta,MAD-202,Hellín,San Blas - Canillejas,True,0.5582959400320989,0.24967753469478385,2544.1,2498.86,-1.7782319877363226,75.61666666666667,83.08333333333333,9.874366321357707,elevator_ratio (83.6 %); commute_daily_minutes (13.6 %); rooms_mean (2.6 %)
DEST_002,Nuevos Ministerios,BICYCLE,Bicicleta,price_priority,Prioridad al precio,extended,Pareto_KNN,5,5,2,MAD-203,Amposta,MAD-131,Entrevías,Puente de Vallecas,True,1.9048175024544691,0.851860284043913,2544.1,2430.16,-4.4785975394049,75.61666666666667,118.71666666666664,56.99801631033717,commute_daily_minutes (38.9 %); exterior_ratio (29.0 %); elevator_ratio (27.1 %)
DEST_002,Nuevos Ministerios,BICYCLE,Bicicleta,price_priority,Prioridad al precio,extended,Pareto_KNN,5,5,3,MAD-203,Amposta,MAD-172,San Cristóbal,Villaverde,True,1.930666482180712,0.8634202992072917,2544.1,1909.6,-24.940057387681303,75.61666666666667,142.06666666666666,87.87745206083314,commute_daily_minutes (90.1 %); elevator_ratio (7.3 %); price_m2_for_recommender (2.3 %)
DEST_002,Nuevos Ministerios,BICYCLE,Bicicleta,price_priority,Prioridad al precio,extended,Pareto_KNN,5,5,4,MAD-203,Amposta,MAD-152,Pueblo Nuevo,Ciudad Lineal,True,2.1224625584351084,0.9491941120718044,2544.1,3794.82,49.16158956015881,75.61666666666667,61.266666666666666,-18.977297773859387,elevator_ratio (83.2 %); price_m2_for_recommender (7.4 %); rooms_mean (5.2 %)
DEST_002,Nuevos Ministerios,BICYCLE,Bicicleta,price_priority,Prioridad al precio,extended,Pareto_KNN,5,5,5,MAD-203,Amposta,MAD-153,Quintana,Ciudad Lineal,True,2.18160513336453,0.9756434756531166,2544.1,4436.01,74.36460830942181,75.61666666666667,49.61666666666666,-34.38395415472781,elevator_ratio (49.8 %); price_m2_for_recommender (16.1 %); exterior_ratio (11.8 %)
DEST_002,Nuevos Ministerios,BICYCLE,Bicicleta,balanced,Perfil equilibrado,extended,KNN_global,5,5,1,MAD-061,Bellas Vistas,MAD-015,Universidad,Centro,False,1.3838692238721682,0.6188851313096085,5223.92,7135.43,36.59148685278489,21.700000000000003,40.15,85.02304147465435,price_m2_for_recommender (40.8 %); exterior_ratio (35.1 %); commute_daily_minutes (13.5 %)
DEST_002,Nuevos Ministerios,BICYCLE,Bicicleta,balanced,Perfil equilibrado,extended,KNN_global,5,5,2,MAD-061,Bellas Vistas,MAD-011,Palacio,Centro,False,1.5084706960293741,0.6746086036776205,5223.92,6895.15,31.991875832707994,21.700000000000003,63.65,193.31797235023038,commute_daily_minutes (58.8 %); price_m2_for_recommender (26.3 %); exterior_ratio (12.1 %)
DEST_002,Nuevos Ministerios,BICYCLE,Bicicleta,balanced,Perfil equilibrado,extended,KNN_global,5,5,3,MAD-061,Bellas Vistas,MAD-066,Berruguete,Tetuán,True,1.53249714367454,0.6853535577161066,5223.92,4789.99,-8.306597344522892,21.700000000000003,28.21666666666667,30.030721966205828,exterior_ratio (78.1 %); elevator_ratio (16.0 %); rooms_mean (2.8 %)
DEST_002,Nuevos Ministerios,BICYCLE,Bicicleta,balanced,Perfil equilibrado,extended,KNN_global,5,5,4,MAD-061,Bellas Vistas,MAD-026,Palos de la Frontera,Arganzuela,False,1.587719940904833,0.710049943419031,5223.92,5784.65,10.733893321490367,21.700000000000003,70.93333333333334,226.8817204301075,commute_daily_minutes (73.1 %); elevator_ratio (21.9 %); price_m2_for_recommender (2.7 %)
DEST_002,Nuevos Ministerios,BICYCLE,Bicicleta,balanced,Perfil equilibrado,extended,KNN_global,5,5,5,MAD-061,Bellas Vistas,MAD-022,Acacias,Arganzuela,False,1.6025774310767416,0.7166944150189156,5223.92,5736.45,9.81121456683869,21.700000000000003,77.53333333333333,257.29646697388625,commute_daily_minutes (92.3 %); elevator_ratio (3.9 %); price_m2_for_recommender (2.2 %)
DEST_002,Nuevos Ministerios,BICYCLE,Bicicleta,balanced,Perfil equilibrado,extended,Pareto_KNN,5,5,1,MAD-061,Bellas Vistas,MAD-066,Berruguete,Tetuán,True,1.53249714367454,0.6853535577161066,5223.92,4789.99,-8.306597344522892,21.700000000000003,28.21666666666667,30.030721966205828,exterior_ratio (78.1 %); elevator_ratio (16.0 %); rooms_mean (2.8 %)
DEST_002,Nuevos Ministerios,BICYCLE,Bicicleta,balanced,Perfil equilibrado,extended,Pareto_KNN,5,5,2,MAD-061,Bellas Vistas,MAD-075,Ríos Rosas,Chamberí,True,1.911570061522933,0.8548801202637466,5223.92,7915.16,51.517634266987244,21.700000000000003,12.133333333333333,-44.08602150537635,price_m2_for_recommender (42.4 %); elevator_ratio (41.8 %); rooms_mean (13.8 %)
DEST_002,Nuevos Ministerios,BICYCLE,Bicicleta,balanced,Perfil equilibrado,extended,Pareto_KNN,5,5,3,MAD-061,Bellas Vistas,MAD-062,Cuatro Caminos,Tetuán,True,1.913782497937312,0.8558695519074361,5223.92,6496.82,24.36675906216021,21.700000000000003,12.383333333333333,-42.93394777265746,exterior_ratio (47.2 %); rooms_mean (25.5 %); elevator_ratio (16.0 %)
DEST_002,Nuevos Ministerios,BICYCLE,Bicicleta,balanced,Perfil equilibrado,extended,Pareto_KNN,5,5,4,MAD-061,Bellas Vistas,MAD-153,Quintana,Ciudad Lineal,True,2.7047861079749325,1.209617120405807,5223.92,4436.01,-15.082734804514615,21.700000000000003,49.61666666666666,128.6482334869431,exterior_ratio (78.7 %); elevator_ratio (10.8 %); commute_daily_minutes (8.1 %)
DEST_002,Nuevos Ministerios,BICYCLE,Bicicleta,balanced,Perfil equilibrado,extended,Pareto_KNN,5,5,5,MAD-061,Bellas Vistas,MAD-151,Ventas,Ciudad Lineal,True,2.9743442571413308,1.330167189490826,5223.92,4133.07,-20.881828205638683,21.700000000000003,60.833333333333336,180.3379416282642,exterior_ratio (83.2 %); commute_daily_minutes (13.2 %); price_m2_for_recommender (2.9 %)
DEST_002,Nuevos Ministerios,BICYCLE,Bicicleta,time_priority,Prioridad al tiempo,extended,KNN_global,5,5,1,MAD-062,Cuatro Caminos,MAD-052,Prosperidad,Chamartín,False,0.6759218297593222,0.30228143176357697,6496.82,6448.55,-0.7429788727408105,12.383333333333333,29.583333333333336,138.8963660834455,commute_daily_minutes (49.2 %); rooms_mean (39.2 %); exterior_ratio (11.5 %)
DEST_002,Nuevos Ministerios,BICYCLE,Bicicleta,time_priority,Prioridad al tiempo,extended,KNN_global,5,5,2,MAD-062,Cuatro Caminos,MAD-053,Ciudad Jardín,Chamartín,False,0.9002987447799164,0.4026258386771254,6496.82,7558.9,16.347690100695417,12.383333333333333,24.316666666666663,96.36608344549123,exterior_ratio (32.5 %); price_m2_for_recommender (29.8 %); rooms_mean (22.1 %)
DEST_002,Nuevos Ministerios,BICYCLE,Bicicleta,time_priority,Prioridad al tiempo,extended,KNN_global,5,5,3,MAD-062,Cuatro Caminos,MAD-063,Castillejos,Tetuán,False,0.9985695347573182,0.4465738719955405,6496.82,6438.0,-0.9053660098324983,12.383333333333333,23.25,87.75235531628535,exterior_ratio (86.5 %); commute_daily_minutes (9.0 %); elevator_ratio (4.4 %)
DEST_002,Nuevos Ministerios,BICYCLE,Bicicleta,time_priority,Prioridad al tiempo,extended,KNN_global,5,5,4,MAD-062,Cuatro Caminos,MAD-076,Vallehermoso,Chamberí,False,1.0161825447197967,0.45445064950843705,6496.82,6752.36,3.9333089111288286,12.383333333333333,24.96666666666667,101.61507402422613,rooms_mean (42.8 %); elevator_ratio (33.9 %); commute_daily_minutes (11.7 %)
DEST_002,Nuevos Ministerios,BICYCLE,Bicicleta,time_priority,Prioridad al tiempo,extended,KNN_global,5,5,5,MAD-062,Cuatro Caminos,MAD-092,Argüelles,Moncloa - Aravaca,False,1.1045193703807223,0.4939560789273126,6496.82,7554.87,16.285659753540966,12.383333333333333,46.45,275.10094212651416,commute_daily_minutes (72.3 %); price_m2_for_recommender (19.6 %); elevator_ratio (5.3 %)
DEST_002,Nuevos Ministerios,BICYCLE,Bicicleta,time_priority,Prioridad al tiempo,extended,Pareto_KNN,5,5,1,MAD-062,Cuatro Caminos,MAD-075,Ríos Rosas,Chamberí,True,1.5351682199746166,0.6865480993521186,6496.82,7915.16,21.83129592631472,12.383333333333333,12.133333333333333,-2.018842530282638,exterior_ratio (69.5 %); price_m2_for_recommender (18.3 %); elevator_ratio (9.4 %)
DEST_002,Nuevos Ministerios,BICYCLE,Bicicleta,time_priority,Prioridad al tiempo,extended,Pareto_KNN,5,5,2,MAD-062,Cuatro Caminos,MAD-061,Bellas Vistas,Tetuán,True,1.913782497937312,0.8558695519074361,6496.82,5223.92,-19.59266225630385,12.383333333333333,21.700000000000003,75.235531628533,exterior_ratio (47.2 %); rooms_mean (25.5 %); elevator_ratio (16.0 %)
DEST_002,Nuevos Ministerios,BICYCLE,Bicicleta,time_priority,Prioridad al tiempo,extended,Pareto_KNN,5,5,3,MAD-062,Cuatro Caminos,MAD-066,Berruguete,Tetuán,True,2.0533136434627894,0.9182697771821128,6496.82,4789.99,-26.271776038123267,12.383333333333333,28.21666666666667,127.86002691790043,elevator_ratio (45.1 %); rooms_mean (35.5 %); price_m2_for_recommender (14.8 %)
DEST_002,Nuevos Ministerios,BICYCLE,Bicicleta,time_priority,Prioridad al tiempo,extended,Pareto_KNN,5,5,4,MAD-062,Cuatro Caminos,MAD-094,Valdezarza,Moncloa - Aravaca,True,2.300701747908023,1.0289051008549848,6496.82,4484.04,-30.981003013782125,12.383333333333333,43.7,252.89367429340516,exterior_ratio (63.6 %); price_m2_for_recommender (16.4 %); commute_daily_minutes (14.1 %)
DEST_002,Nuevos Ministerios,BICYCLE,Bicicleta,time_priority,Prioridad al tiempo,extended,Pareto_KNN,5,5,5,MAD-062,Cuatro Caminos,MAD-165,Apóstol Santiago,Hortaleza,True,2.3971524229621255,1.072039154034328,6496.82,4162.46,-35.93080922666781,12.383333333333333,51.05,312.24764468371467,exterior_ratio (58.6 %); price_m2_for_recommender (20.3 %); commute_daily_minutes (19.8 %)
DEST_002,Nuevos Ministerios,CAR,Coche,price_priority,Prioridad al precio,extended,KNN_global,5,5,1,MAD-203,Amposta,MAD-202,Hellín,San Blas - Canillejas,True,0.5461941874434104,0.24426546640774555,2544.1,2498.86,-1.7782319877363226,27.716666666666665,29.21666666666667,5.41190619362599,elevator_ratio (89.0 %); commute_daily_minutes (8.1 %); rooms_mean (2.8 %)
DEST_002,Nuevos Ministerios,CAR,Coche,price_priority,Prioridad al precio,extended,KNN_global,5,5,2,MAD-203,Amposta,MAD-127,Pradolongo,Usera,False,1.1211849530142504,0.5014091540579543,2544.1,3390.16,33.25576824810346,27.716666666666665,31.1,12.206855081178606,exterior_ratio (63.9 %); price_m2_for_recommender (12.1 %); elevator_ratio (10.7 %)
DEST_002,Nuevos Ministerios,CAR,Coche,price_priority,Prioridad al precio,extended,KNN_global,5,5,3,MAD-203,Amposta,MAD-145,Fontarrón,Moratalaz,False,1.248554504383243,0.5583705490828981,2544.1,3770.04,48.18757124326874,27.716666666666665,25.883333333333333,-6.614552014431745,elevator_ratio (71.3 %); price_m2_for_recommender (20.5 %); rooms_mean (6.0 %)
DEST_002,Nuevos Ministerios,CAR,Coche,price_priority,Prioridad al precio,extended,KNN_global,5,5,4,MAD-203,Amposta,MAD-126,Zofío,Usera,False,1.4165046543825939,0.6334801395288651,2544.1,3089.05,21.4201485790653,27.716666666666665,31.166666666666668,12.447384245339759,elevator_ratio (80.3 %); exterior_ratio (7.3 %); commute_daily_minutes (6.3 %)
DEST_002,Nuevos Ministerios,CAR,Coche,price_priority,Prioridad al precio,extended,KNN_global,5,5,5,MAD-203,Amposta,MAD-131,Entrevías,Puente de Vallecas,True,1.503511049421888,0.6723905822858774,2544.1,2430.16,-4.4785975394049,27.716666666666665,30.166666666666668,8.83944678292244,exterior_ratio (44.7 %); elevator_ratio (44.2 %); rooms_mean (8.1 %)
DEST_002,Nuevos Ministerios,CAR,Coche,price_priority,Prioridad al precio,extended,Pareto_KNN,5,5,1,MAD-203,Amposta,MAD-202,Hellín,San Blas - Canillejas,True,0.5461941874434104,0.24426546640774555,2544.1,2498.86,-1.7782319877363226,27.716666666666665,29.21666666666667,5.41190619362599,elevator_ratio (89.0 %); commute_daily_minutes (8.1 %); rooms_mean (2.8 %)
DEST_002,Nuevos Ministerios,CAR,Coche,price_priority,Prioridad al precio,extended,Pareto_KNN,5,5,2,MAD-203,Amposta,MAD-131,Entrevías,Puente de Vallecas,True,1.503511049421888,0.6723905822858774,2544.1,2430.16,-4.4785975394049,27.716666666666665,30.166666666666668,8.83944678292244,exterior_ratio (44.7 %); elevator_ratio (44.2 %); rooms_mean (8.1 %)
DEST_002,Nuevos Ministerios,CAR,Coche,price_priority,Prioridad al precio,extended,Pareto_KNN,5,5,3,MAD-203,Amposta,MAD-172,San Cristóbal,Villaverde,True,1.6494649428065067,0.7376631477236303,2544.1,1909.6,-24.940057387681303,27.716666666666665,42.53333333333333,53.4576067348166,commute_daily_minutes (86.2 %); elevator_ratio (10.2 %); price_m2_for_recommender (3.1 %)
DEST_002,Nuevos Ministerios,CAR,Coche,price_priority,Prioridad al precio,extended,Pareto_KNN,5,5,4,MAD-203,Amposta,MAD-132,San Diego,Puente de Vallecas,True,2.051737655488868,0.9175649739338307,2544.1,3078.32,20.998388428127836,27.716666666666665,25.65,-7.456404088995789,exterior_ratio (64.2 %); rooms_mean (20.5 %); elevator_ratio (12.8 %)
DEST_002,Nuevos Ministerios,CAR,Coche,price_priority,Prioridad al precio,extended,Pareto_KNN,5,5,5,MAD-203,Amposta,MAD-153,Quintana,Ciudad Lineal,True,2.2000491036426473,0.9838918699164878,2544.1,4436.01,74.36460830942181,27.716666666666665,20.416666666666664,-26.337943475646426,elevator_ratio (49.9 %); price_m2_for_recommender (15.7 %); commute_daily_minutes (11.8 %)
DEST_002,Nuevos Ministerios,CAR,Coche,balanced,Perfil equilibrado,extended,KNN_global,5,5,1,MAD-064,Almenara,MAD-154,La Concepción,Ciudad Lineal,False,0.9644047714528178,0.4312949253587298,4987.49,5658.13,13.446443000386974,11.233333333333334,17.950000000000003,59.792284866468854,commute_daily_minutes (51.8 %); elevator_ratio (29.1 %); price_m2_for_recommender (10.3 %)
DEST_002,Nuevos Ministerios,CAR,Coche,balanced,Perfil equilibrado,extended,KNN_global,5,5,2,MAD-064,Almenara,MAD-065,Valdeacederas,Tetuán,False,1.0159537861218648,0.4543483455533544,4987.49,5274.19,5.748382452897145,11.233333333333334,13.95,24.18397626112758,rooms_mean (81.0 %); elevator_ratio (9.6 %); commute_daily_minutes (7.6 %)
DEST_002,Nuevos Ministerios,CAR,Coche,balanced,Perfil equilibrado,extended,KNN_global,5,5,3,MAD-064,Almenara,MAD-094,Valdezarza,Moncloa - Aravaca,True,1.1697497899050866,0.5231280093787741,4987.49,4484.04,-10.094255828081858,11.233333333333334,16.666666666666664,48.36795252225516,elevator_ratio (54.5 %); commute_daily_minutes (23.1 %); exterior_ratio (18.4 %)
DEST_002,Nuevos Ministerios,CAR,Coche,balanced,Perfil equilibrado,extended,KNN_global,5,5,4,MAD-064,Almenara,MAD-151,Ventas,Ciudad Lineal,False,1.2514037823320698,0.5596447849189716,4987.49,4133.07,-17.131262418571264,11.233333333333334,21.65,92.72997032640947,commute_daily_minutes (74.0 %); price_m2_for_recommender (9.9 %); rooms_mean (9.3 %)
DEST_002,Nuevos Ministerios,CAR,Coche,balanced,Perfil equilibrado,extended,KNN_global,5,5,5,MAD-064,Almenara,MAD-153,Quintana,Ciudad Lineal,True,1.358516697327381,0.6075471367585061,4987.49,4436.01,-11.05726527772486,11.233333333333334,20.416666666666664,81.75074183976258,commute_daily_minutes (48.8 %); rooms_mean (35.4 %); elevator_ratio (9.4 %)
DEST_002,Nuevos Ministerios,CAR,Coche,balanced,Perfil equilibrado,extended,Pareto_KNN,5,5,1,MAD-064,Almenara,MAD-094,Valdezarza,Moncloa - Aravaca,True,1.1697497899050866,0.5231280093787741,4987.49,4484.04,-10.094255828081858,11.233333333333334,16.666666666666664,48.36795252225516,elevator_ratio (54.5 %); commute_daily_minutes (23.1 %); exterior_ratio (18.4 %)
DEST_002,Nuevos Ministerios,CAR,Coche,balanced,Perfil equilibrado,extended,Pareto_KNN,5,5,2,MAD-064,Almenara,MAD-153,Quintana,Ciudad Lineal,True,1.358516697327381,0.6075471367585061,4987.49,4436.01,-11.05726527772486,11.233333333333334,20.416666666666664,81.75074183976258,commute_daily_minutes (48.8 %); rooms_mean (35.4 %); elevator_ratio (9.4 %)
DEST_002,Nuevos Ministerios,CAR,Coche,balanced,Perfil equilibrado,extended,Pareto_KNN,5,5,3,MAD-064,Almenara,MAD-066,Berruguete,Tetuán,True,1.5440495272405608,0.6905199407072614,4987.49,4789.99,-3.959907689037973,11.233333333333334,13.35,18.842729970326396,exterior_ratio (66.3 %); rooms_mean (30.6 %); commute_daily_minutes (2.0 %)
DEST_002,Nuevos Ministerios,CAR,Coche,balanced,Perfil equilibrado,extended,Pareto_KNN,5,5,4,MAD-064,Almenara,MAD-063,Castillejos,Tetuán,True,1.7120930894654625,0.7656713063704806,4987.49,6438.0,29.08296557988087,11.233333333333334,9.633333333333333,-14.24332344213651,elevator_ratio (73.0 %); price_m2_for_recommender (15.2 %); rooms_mean (5.8 %)
DEST_002,Nuevos Ministerios,CAR,Coche,balanced,Perfil equilibrado,extended,Pareto_KNN,5,5,5,MAD-064,Almenara,MAD-165,Apóstol Santiago,Hortaleza,True,1.7867619651877027,0.7990642427541632,4987.49,4162.46,-16.541988054111382,11.233333333333334,21.266666666666666,89.3175074183976,elevator_ratio (41.0 %); commute_daily_minutes (33.7 %); rooms_mean (12.8 %)
DEST_002,Nuevos Ministerios,CAR,Coche,time_priority,Prioridad al tiempo,extended,KNN_global,5,5,1,MAD-062,Cuatro Caminos,MAD-052,Prosperidad,Chamartín,False,0.9088582510117867,0.4064537662347844,6496.82,6448.55,-0.7429788727408105,5.983333333333333,13.433333333333334,124.5125348189415,commute_daily_minutes (71.8 %); rooms_mean (22.0 %); exterior_ratio (6.1 %)
DEST_002,Nuevos Ministerios,CAR,Coche,time_priority,Prioridad al tiempo,extended,KNN_global,5,5,2,MAD-062,Cuatro Caminos,MAD-053,Ciudad Jardín,Chamartín,False,0.9623666721000065,0.43038345961917296,6496.82,7558.9,16.347690100695417,5.983333333333333,10.65,77.99442896935933,exterior_ratio (27.4 %); price_m2_for_recommender (25.9 %); commute_daily_minutes (25.1 %)
DEST_002,Nuevos Ministerios,CAR,Coche,time_priority,Prioridad al tiempo,extended,KNN_global,5,5,3,MAD-062,Cuatro Caminos,MAD-063,Castillejos,Tetuán,True,1.0084128983456193,0.450975958017678,6496.82,6438.0,-0.9053660098324983,5.983333333333333,9.633333333333333,61.002785515320326,exterior_ratio (81.5 %); commute_daily_minutes (14.0 %); elevator_ratio (4.4 %)
DEST_002,Nuevos Ministerios,CAR,Coche,time_priority,Prioridad al tiempo,extended,KNN_global,5,5,4,MAD-062,Cuatro Caminos,MAD-076,Vallehermoso,Chamberí,False,1.0581678401196577,0.47322704442233676,6496.82,6752.36,3.9333089111288286,5.983333333333333,10.283333333333331,71.86629526462393,rooms_mean (40.2 %); elevator_ratio (31.8 %); commute_daily_minutes (17.6 %)
DEST_002,Nuevos Ministerios,CAR,Coche,time_priority,Prioridad al tiempo,extended,KNN_global,5,5,5,MAD-062,Cuatro Caminos,MAD-056,Castilla,Chamartín,False,1.111404196166567,0.497035066621391,6496.82,5913.07,-8.985165049978297,5.983333333333333,13.65,128.13370473537606,commute_daily_minutes (50.8 %); exterior_ratio (27.8 %); elevator_ratio (8.0 %)
DEST_002,Nuevos Ministerios,CAR,Coche,time_priority,Prioridad al tiempo,extended,Pareto_KNN,5,5,1,MAD-062,Cuatro Caminos,MAD-063,Castillejos,Tetuán,True,1.0084128983456193,0.450975958017678,6496.82,6438.0,-0.9053660098324983,5.983333333333333,9.633333333333333,61.002785515320326,exterior_ratio (81.5 %); commute_daily_minutes (14.0 %); elevator_ratio (4.4 %)
DEST_002,Nuevos Ministerios,CAR,Coche,time_priority,Prioridad al tiempo,extended,Pareto_KNN,5,5,2,MAD-062,Cuatro Caminos,MAD-061,Bellas Vistas,Tetuán,True,1.9479714142167874,0.8711593000830273,6496.82,5223.92,-19.59266225630385,5.983333333333333,10.733333333333334,79.38718662952648,exterior_ratio (43.8 %); rooms_mean (25.1 %); elevator_ratio (15.8 %)
DEST_002,Nuevos Ministerios,CAR,Coche,time_priority,Prioridad al tiempo,extended,Pareto_KNN,5,5,3,MAD-062,Cuatro Caminos,MAD-064,Almenara,Tetuán,True,2.0421649948137577,0.9132839499348134,6496.82,4987.49,-23.231827263184144,5.983333333333333,11.233333333333334,87.74373259052926,exterior_ratio (40.3 %); elevator_ratio (37.6 %); price_m2_for_recommender (11.6 %)
DEST_002,Nuevos Ministerios,CAR,Coche,time_priority,Prioridad al tiempo,extended,Pareto_KNN,5,5,4,MAD-062,Cuatro Caminos,MAD-066,Berruguete,Tetuán,True,2.159060930032548,0.9655614014233389,6496.82,4789.99,-26.271776038123267,5.983333333333333,13.35,123.11977715877437,elevator_ratio (41.6 %); rooms_mean (32.7 %); price_m2_for_recommender (13.3 %)
DEST_002,Nuevos Ministerios,CAR,Coche,time_priority,Prioridad al tiempo,extended,Pareto_KNN,5,5,5,MAD-062,Cuatro Caminos,MAD-094,Valdezarza,Moncloa - Aravaca,True,2.373673411150548,1.0615390207432864,6496.82,4484.04,-30.981003013782125,5.983333333333333,16.666666666666664,178.55153203342613,exterior_ratio (57.4 %); commute_daily_minutes (21.6 %); price_m2_for_recommender (15.3 %)
DEST_002,Nuevos Ministerios,TRANSIT,Transporte público,price_priority,Prioridad al precio,extended,KNN_global,5,5,1,MAD-202,Hellín,MAD-203,Amposta,San Blas - Canillejas,False,0.558573667648313,0.24980173826060056,2498.86,2544.1,1.8104255540526393,120.65,128.01666666666665,6.105815720403353,elevator_ratio (87.9 %); commute_daily_minutes (9.3 %); rooms_mean (2.6 %)
DEST_002,Nuevos Ministerios,TRANSIT,Transporte público,price_priority,Prioridad al precio,extended,KNN_global,5,5,2,MAD-202,Hellín,MAD-174,Los Rosales,Villaverde,False,0.9609100671313445,0.4297320460739145,2498.86,2807.4,12.347230337033686,120.65,154.21666666666667,27.82152230971128,commute_daily_minutes (65.3 %); elevator_ratio (19.8 %); exterior_ratio (8.5 %)
DEST_002,Nuevos Ministerios,TRANSIT,Transporte público,price_priority,Prioridad al precio,extended,KNN_global,5,5,3,MAD-202,Hellín,MAD-145,Fontarrón,Moratalaz,False,0.9876428411805417,0.44168730607414397,2498.86,3770.04,50.87039690098684,120.65,138.48333333333335,14.781047105953869,price_m2_for_recommender (36.1 %); elevator_ratio (30.8 %); commute_daily_minutes (17.4 %)
DEST_002,Nuevos Ministerios,TRANSIT,Transporte público,price_priority,Prioridad al precio,extended,KNN_global,5,5,4,MAD-202,Hellín,MAD-172,San Cristóbal,Villaverde,True,1.2710560038119636,0.5684335255465565,2498.86,1909.6,-23.581153005770638,120.65,174.28333333333336,44.45365381958836,commute_daily_minutes (95.3 %); price_m2_for_recommender (4.7 %); rooms_mean (0.0 %)
DEST_002,Nuevos Ministerios,TRANSIT,Transporte público,price_priority,Prioridad al precio,extended,KNN_global,5,5,5,MAD-202,Hellín,MAD-127,Pradolongo,Usera,False,1.3609761018221387,0.6086470158853955,2498.86,3390.16,35.66826472871628,120.65,157.31666666666666,30.390937974858396,exterior_ratio (45.7 %); commute_daily_minutes (38.8 %); price_m2_for_recommender (9.4 %)
DEST_002,Nuevos Ministerios,TRANSIT,Transporte público,price_priority,Prioridad al precio,extended,Pareto_KNN,5,5,1,MAD-202,Hellín,MAD-172,San Cristóbal,Villaverde,True,1.271056003811963,0.5684335255465561,2498.86,1909.6,-23.581153005770638,120.65,174.28333333333336,44.45365381958836,commute_daily_minutes (95.3 %); price_m2_for_recommender (4.7 %); rooms_mean (0.0 %)
DEST_002,Nuevos Ministerios,TRANSIT,Transporte público,price_priority,Prioridad al precio,extended,Pareto_KNN,5,5,2,MAD-202,Hellín,MAD-131,Entrevías,Puente de Vallecas,True,1.4276043178426852,0.6384440599336919,2498.86,2430.16,-2.74925365966882,120.65,150.16666666666669,24.464705069761024,exterior_ratio (52.3 %); commute_daily_minutes (22.9 %); rooms_mean (12.8 %)
DEST_002,Nuevos Ministerios,TRANSIT,Transporte público,price_priority,Prioridad al precio,extended,Pareto_KNN,5,5,3,MAD-202,Hellín,MAD-207,Canillejas,San Blas - Canillejas,True,1.6993759935238153,0.7599840481700987,2498.86,3409.64,36.44782020601393,120.65,86.01666666666667,-28.705622323525354,rooms_mean (28.2 %); elevator_ratio (23.6 %); commute_daily_minutes (22.2 %)
DEST_002,Nuevos Ministerios,TRANSIT,Transporte público,price_priority,Prioridad al precio,extended,Pareto_KNN,5,5,4,MAD-202,Hellín,MAD-064,Almenara,Tetuán,True,2.4272231954200856,1.0854872123047135,2498.86,4987.49,99.59061331967375,120.65,58.55,-51.47119767923747,elevator_ratio (37.1 %); commute_daily_minutes (35.0 %); price_m2_for_recommender (22.9 %)
DEST_002,Nuevos Ministerios,TRANSIT,Transporte público,price_priority,Prioridad al precio,extended,Pareto_KNN,5,5,5,MAD-202,Hellín,MAD-066,Berruguete,Tetuán,True,2.9035942507980206,1.2985268247723893,2498.86,4789.99,91.68700927622994,120.65,63.35,-47.49274761707418,exterior_ratio (38.7 %); elevator_ratio (21.2 %); commute_daily_minutes (20.8 %)
DEST_002,Nuevos Ministerios,TRANSIT,Transporte público,balanced,Perfil equilibrado,extended,KNN_global,5,5,1,MAD-061,Bellas Vistas,MAD-026,Palos de la Frontera,Arganzuela,False,1.2381769254545647,0.5537295546976192,5223.92,5784.65,10.733893321490367,49.8,89.03333333333333,78.78179384203482,commute_daily_minutes (53.7 %); elevator_ratio (38.0 %); price_m2_for_recommender (4.5 %)
DEST_002,Nuevos Ministerios,TRANSIT,Transporte público,balanced,Perfil equilibrado,extended,KNN_global,5,5,2,MAD-061,Bellas Vistas,MAD-015,Universidad,Centro,False,1.3501109519088166,0.6037879731270126,5223.92,7135.43,36.59148685278489,49.8,66.21666666666667,32.96519410977243,price_m2_for_recommender (43.7 %); exterior_ratio (37.3 %); rooms_mean (10.4 %)
DEST_002,Nuevos Ministerios,TRANSIT,Transporte público,balanced,Perfil equilibrado,extended,KNN_global,5,5,3,MAD-061,Bellas Vistas,MAD-066,Berruguete,Tetuán,True,1.5680175454645837,0.7012387643142353,5223.92,4789.99,-8.306597344522892,49.8,63.35,27.20883534136547,exterior_ratio (75.6 %); elevator_ratio (16.1 %); commute_daily_minutes (4.0 %)
DEST_002,Nuevos Ministerios,TRANSIT,Transporte público,balanced,Perfil equilibrado,extended,KNN_global,5,5,4,MAD-061,Bellas Vistas,MAD-012,Embajadores,Centro,False,1.5973325546381052,0.71434883496884,5223.92,6054.75,15.904340035835158,49.8,96.65,94.07630522088355,commute_daily_minutes (46.0 %); exterior_ratio (37.0 %); elevator_ratio (10.7 %)
DEST_002,Nuevos Ministerios,TRANSIT,Transporte público,balanced,Perfil equilibrado,extended,KNN_global,5,5,5,MAD-061,Bellas Vistas,MAD-022,Acacias,Arganzuela,False,1.6129983238199312,0.7213547799309169,5223.92,5736.45,9.81121456683869,49.8,116.71666666666668,134.3708165997323,commute_daily_minutes (92.1 %); elevator_ratio (4.1 %); price_m2_for_recommender (2.2 %)
DEST_002,Nuevos Ministerios,TRANSIT,Transporte público,balanced,Perfil equilibrado,extended,Pareto_KNN,5,5,1,MAD-061,Bellas Vistas,MAD-066,Berruguete,Tetuán,True,1.5680175454645837,0.7012387643142353,5223.92,4789.99,-8.306597344522892,49.8,63.35,27.20883534136547,exterior_ratio (75.6 %); elevator_ratio (16.1 %); commute_daily_minutes (4.0 %)
DEST_002,Nuevos Ministerios,TRANSIT,Transporte público,balanced,Perfil equilibrado,extended,Pareto_KNN,5,5,2,MAD-061,Bellas Vistas,MAD-063,Castillejos,Tetuán,True,2.722025619003796,1.2173268641176862,5223.92,6438.0,23.240784698081136,49.8,46.61666666666667,-6.392235609103073,exterior_ratio (68.8 %); elevator_ratio (13.5 %); rooms_mean (13.3 %)
DEST_002,Nuevos Ministerios,TRANSIT,Transporte público,balanced,Perfil equilibrado,extended,Pareto_KNN,5,5,3,MAD-061,Bellas Vistas,MAD-064,Almenara,Tetuán,True,2.7707099641934163,1.2390991651744974,5223.92,4987.49,-4.525911575981261,49.8,58.55,17.570281124497992,exterior_ratio (91.7 %); rooms_mean (4.5 %); elevator_ratio (3.1 %)
DEST_002,Nuevos Ministerios,TRANSIT,Transporte público,balanced,Perfil equilibrado,extended,Pareto_KNN,5,5,4,MAD-061,Bellas Vistas,MAD-206,Rejas,San Blas - Canillejas,True,3.1841831938683227,1.4240100148603922,5223.92,3580.16,-31.466025513407562,49.8,82.26666666666665,65.194109772423,exterior_ratio (73.7 %); elevator_ratio (13.3 %); price_m2_for_recommender (5.8 %)
DEST_002,Nuevos Ministerios,TRANSIT,Transporte público,balanced,Perfil equilibrado,extended,Pareto_KNN,5,5,5,MAD-061,Bellas Vistas,MAD-207,Canillejas,San Blas - Canillejas,True,3.2163707728974154,1.4384047378084317,5223.92,3409.64,-34.730240891897274,49.8,86.01666666666667,72.72423025435074,exterior_ratio (56.4 %); rooms_mean (17.3 %); elevator_ratio (12.6 %)
DEST_002,Nuevos Ministerios,TRANSIT,Transporte público,time_priority,Prioridad al tiempo,extended,KNN_global,5,5,1,MAD-061,Bellas Vistas,MAD-026,Palos de la Frontera,Arganzuela,False,1.2381769254545647,0.5537295546976192,5223.92,5784.65,10.733893321490367,49.8,89.03333333333333,78.78179384203482,commute_daily_minutes (53.7 %); elevator_ratio (38.0 %); price_m2_for_recommender (4.5 %)
DEST_002,Nuevos Ministerios,TRANSIT,Transporte público,time_priority,Prioridad al tiempo,extended,KNN_global,5,5,2,MAD-061,Bellas Vistas,MAD-015,Universidad,Centro,False,1.3501109519088166,0.6037879731270126,5223.92,7135.43,36.59148685278489,49.8,66.21666666666667,32.96519410977243,price_m2_for_recommender (43.7 %); exterior_ratio (37.3 %); rooms_mean (10.4 %)
DEST_002,Nuevos Ministerios,TRANSIT,Transporte público,time_priority,Prioridad al tiempo,extended,KNN_global,5,5,3,MAD-061,Bellas Vistas,MAD-066,Berruguete,Tetuán,True,1.5680175454645837,0.7012387643142353,5223.92,4789.99,-8.306597344522892,49.8,63.35,27.20883534136547,exterior_ratio (75.6 %); elevator_ratio (16.1 %); commute_daily_minutes (4.0 %)
DEST_002,Nuevos Ministerios,TRANSIT,Transporte público,time_priority,Prioridad al tiempo,extended,KNN_global,5,5,4,MAD-061,Bellas Vistas,MAD-012,Embajadores,Centro,False,1.5973325546381052,0.71434883496884,5223.92,6054.75,15.904340035835158,49.8,96.65,94.07630522088355,commute_daily_minutes (46.0 %); exterior_ratio (37.0 %); elevator_ratio (10.7 %)
DEST_002,Nuevos Ministerios,TRANSIT,Transporte público,time_priority,Prioridad al tiempo,extended,KNN_global,5,5,5,MAD-061,Bellas Vistas,MAD-022,Acacias,Arganzuela,False,1.6129983238199312,0.7213547799309169,5223.92,5736.45,9.81121456683869,49.8,116.71666666666668,134.3708165997323,commute_daily_minutes (92.1 %); elevator_ratio (4.1 %); price_m2_for_recommender (2.2 %)
DEST_002,Nuevos Ministerios,TRANSIT,Transporte público,time_priority,Prioridad al tiempo,extended,Pareto_KNN,5,5,1,MAD-061,Bellas Vistas,MAD-066,Berruguete,Tetuán,True,1.5680175454645837,0.7012387643142353,5223.92,4789.99,-8.306597344522892,49.8,63.35,27.20883534136547,exterior_ratio (75.6 %); elevator_ratio (16.1 %); commute_daily_minutes (4.0 %)
DEST_002,Nuevos Ministerios,TRANSIT,Transporte público,time_priority,Prioridad al tiempo,extended,Pareto_KNN,5,5,2,MAD-061,Bellas Vistas,MAD-063,Castillejos,Tetuán,True,2.722025619003796,1.2173268641176862,5223.92,6438.0,23.240784698081136,49.8,46.61666666666667,-6.392235609103073,exterior_ratio (68.8 %); elevator_ratio (13.5 %); rooms_mean (13.3 %)
DEST_002,Nuevos Ministerios,TRANSIT,Transporte público,time_priority,Prioridad al tiempo,extended,Pareto_KNN,5,5,3,MAD-061,Bellas Vistas,MAD-064,Almenara,Tetuán,True,2.7707099641934163,1.2390991651744974,5223.92,4987.49,-4.525911575981261,49.8,58.55,17.570281124497992,exterior_ratio (91.7 %); rooms_mean (4.5 %); elevator_ratio (3.1 %)
DEST_002,Nuevos Ministerios,TRANSIT,Transporte público,time_priority,Prioridad al tiempo,extended,Pareto_KNN,5,5,4,MAD-061,Bellas Vistas,MAD-206,Rejas,San Blas - Canillejas,True,3.1841831938683227,1.4240100148603922,5223.92,3580.16,-31.466025513407562,49.8,82.26666666666665,65.194109772423,exterior_ratio (73.7 %); elevator_ratio (13.3 %); price_m2_for_recommender (5.8 %)
DEST_002,Nuevos Ministerios,TRANSIT,Transporte público,time_priority,Prioridad al tiempo,extended,Pareto_KNN,5,5,5,MAD-061,Bellas Vistas,MAD-207,Canillejas,San Blas - Canillejas,True,3.2163707728974154,1.4384047378084317,5223.92,3409.64,-34.730240891897274,49.8,86.01666666666667,72.72423025435074,exterior_ratio (56.4 %); rooms_mean (17.3 %); elevator_ratio (12.6 %)
DEST_002,Nuevos Ministerios,WALK,A pie,price_priority,Prioridad al precio,extended,KNN_global,5,5,1,MAD-203,Amposta,MAD-202,Hellín,San Blas - Canillejas,True,0.5447343020175344,0.24361258579742154,2544.1,2498.86,-1.7782319877363226,217.2,233.76666666666668,7.627378759975457,elevator_ratio (87.8 %); commute_daily_minutes (9.2 %); rooms_mean (2.8 %)
DEST_002,Nuevos Ministerios,WALK,A pie,price_priority,Prioridad al precio,extended,KNN_global,5,5,2,MAD-203,Amposta,MAD-127,Pradolongo,Usera,False,1.1114236147054575,0.49704375085598757,2544.1,3390.16,33.25576824810346,217.2,243.65,12.177716390423582,exterior_ratio (67.6 %); price_m2_for_recommender (12.4 %); elevator_ratio (10.7 %)
DEST_002,Nuevos Ministerios,WALK,A pie,price_priority,Prioridad al precio,extended,KNN_global,5,5,3,MAD-203,Amposta,MAD-145,Fontarrón,Moratalaz,False,1.2275611141395406,0.5489820195502781,2544.1,3770.04,48.18757124326874,217.2,222.8,2.578268876611429,elevator_ratio (72.4 %); price_m2_for_recommender (21.4 %); rooms_mean (6.1 %)
DEST_002,Nuevos Ministerios,WALK,A pie,price_priority,Prioridad al precio,extended,KNN_global,5,5,4,MAD-203,Amposta,MAD-126,Zofío,Usera,False,1.3852850705753286,0.6195183172044056,2544.1,3089.05,21.4201485790653,217.2,242.43333333333337,11.61755678330266,elevator_ratio (82.4 %); exterior_ratio (7.9 %); commute_daily_minutes (3.3 %)
DEST_002,Nuevos Ministerios,WALK,A pie,price_priority,Prioridad al precio,extended,KNN_global,5,5,5,MAD-203,Amposta,MAD-174,Los Rosales,Villaverde,False,1.4375856739116164,0.642907858069244,2544.1,2807.4,10.349435949844747,217.2,322.2833333333333,48.380908532842234,commute_daily_minutes (53.4 %); elevator_ratio (41.6 %); exterior_ratio (3.8 %)
DEST_002,Nuevos Ministerios,WALK,A pie,price_priority,Prioridad al precio,extended,Pareto_KNN,5,5,1,MAD-203,Amposta,MAD-202,Hellín,San Blas - Canillejas,True,0.5447343020175344,0.24361258579742154,2544.1,2498.86,-1.7782319877363226,217.2,233.76666666666668,7.627378759975457,elevator_ratio (87.8 %); commute_daily_minutes (9.2 %); rooms_mean (2.8 %)
DEST_002,Nuevos Ministerios,WALK,A pie,price_priority,Prioridad al precio,extended,Pareto_KNN,5,5,2,MAD-203,Amposta,MAD-131,Entrevías,Puente de Vallecas,True,1.5700720814938678,0.7021575807589755,2544.1,2430.16,-4.4785975394049,217.2,267.1166666666667,22.981890730509527,exterior_ratio (42.7 %); elevator_ratio (39.8 %); commute_daily_minutes (10.1 %)
DEST_002,Nuevos Ministerios,WALK,A pie,price_priority,Prioridad al precio,extended,Pareto_KNN,5,5,3,MAD-203,Amposta,MAD-172,San Cristóbal,Villaverde,True,1.6082738003919823,0.71924190882168,2544.1,1909.6,-24.940057387681303,217.2,366.1166666666667,68.56200122774709,commute_daily_minutes (85.7 %); elevator_ratio (10.6 %); price_m2_for_recommender (3.3 %)
DEST_002,Nuevos Ministerios,WALK,A pie,price_priority,Prioridad al precio,extended,Pareto_KNN,5,5,4,MAD-203,Amposta,MAD-112,Opañel,Carabanchel,True,1.9380131646484706,0.8667058354886945,2544.1,3500.89,37.608191501906376,217.2,204.93333333333337,-5.647636586863087,elevator_ratio (88.1 %); exterior_ratio (6.1 %); price_m2_for_recommender (5.2 %)
DEST_002,Nuevos Ministerios,WALK,A pie,price_priority,Prioridad al precio,extended,Pareto_KNN,5,5,5,MAD-203,Amposta,MAD-152,Pueblo Nuevo,Ciudad Lineal,True,2.115461079225189,0.9460629553805181,2544.1,3794.82,49.16158956015881,217.2,181.56666666666663,-16.405770411295283,elevator_ratio (83.7 %); price_m2_for_recommender (7.5 %); rooms_mean (5.2 %)
DEST_002,Nuevos Ministerios,WALK,A pie,balanced,Perfil equilibrado,extended,KNN_global,5,5,1,MAD-066,Berruguete,MAD-153,Quintana,Ciudad Lineal,False,1.3590927514126878,0.6078047559771986,4789.99,4436.01,-7.389994551136841,61.133333333333326,141.8,131.9520174482007,exterior_ratio (59.2 %); commute_daily_minutes (35.2 %); elevator_ratio (4.1 %)
DEST_002,Nuevos Ministerios,WALK,A pie,balanced,Perfil equilibrado,extended,KNN_global,5,5,2,MAD-066,Berruguete,MAD-065,Valdeacederas,Tetuán,False,1.3895915445514482,0.6214442309151931,4789.99,5274.19,10.108580602464722,61.133333333333326,87.9,43.78407851690297,exterior_ratio (83.0 %); elevator_ratio (10.5 %); commute_daily_minutes (3.7 %)
DEST_002,Nuevos Ministerios,WALK,A pie,balanced,Perfil equilibrado,extended,KNN_global,5,5,3,MAD-066,Berruguete,MAD-061,Bellas Vistas,Tetuán,True,1.5253838165979228,0.6821723811382054,4789.99,5223.92,9.059100332151013,61.133333333333326,50.86666666666667,-16.793893129770982,exterior_ratio (78.8 %); elevator_ratio (16.2 %); rooms_mean (2.8 %)
DEST_002,Nuevos Ministerios,WALK,A pie,balanced,Perfil equilibrado,extended,KNN_global,5,5,4,MAD-066,Berruguete,MAD-064,Almenara,Tetuán,False,1.5586695584739008,0.697058217441445,4789.99,4987.49,4.123181885557172,61.133333333333326,81.6,33.47873500545257,exterior_ratio (67.7 %); rooms_mean (29.5 %); commute_daily_minutes (1.7 %)
DEST_002,Nuevos Ministerios,WALK,A pie,balanced,Perfil equilibrado,extended,KNN_global,5,5,5,MAD-066,Berruguete,MAD-015,Universidad,Centro,False,1.6012866670913517,0.7161171678160675,4789.99,7135.43,48.96544669195553,61.133333333333326,93.4,52.780806979280285,price_m2_for_recommender (45.9 %); elevator_ratio (20.0 %); rooms_mean (18.8 %)
DEST_002,Nuevos Ministerios,WALK,A pie,balanced,Perfil equilibrado,extended,Pareto_KNN,5,5,1,MAD-066,Berruguete,MAD-061,Bellas Vistas,Tetuán,True,1.5253838165979228,0.6821723811382054,4789.99,5223.92,9.059100332151013,61.133333333333326,50.86666666666667,-16.793893129770982,exterior_ratio (78.8 %); elevator_ratio (16.2 %); rooms_mean (2.8 %)
DEST_002,Nuevos Ministerios,WALK,A pie,balanced,Perfil equilibrado,extended,Pareto_KNN,5,5,2,MAD-066,Berruguete,MAD-125,Moscardó,Usera,True,1.625674221664643,0.7270236137822406,4789.99,3739.18,-21.937624086897888,61.133333333333326,198.51666666666668,224.7273718647765,commute_daily_minutes (71.4 %); exterior_ratio (9.8 %); rooms_mean (9.4 %)
DEST_002,Nuevos Ministerios,WALK,A pie,balanced,Perfil equilibrado,extended,Pareto_KNN,5,5,3,MAD-066,Berruguete,MAD-136,Numancia,Puente de Vallecas,True,1.7345256074570308,0.7757034333976074,4789.99,3239.46,-32.37021371652133,61.133333333333326,211.5833333333333,246.10141766630312,commute_daily_minutes (75.2 %); price_m2_for_recommender (17.1 %); exterior_ratio (5.8 %)
DEST_002,Nuevos Ministerios,WALK,A pie,balanced,Perfil equilibrado,extended,Pareto_KNN,5,5,4,MAD-066,Berruguete,MAD-151,Ventas,Ciudad Lineal,True,1.788644723573922,0.799906237901522,4789.99,4133.07,-13.714433641823888,61.133333333333326,152.65,149.70010905125412,exterior_ratio (57.7 %); commute_daily_minutes (26.2 %); rooms_mean (6.9 %)
DEST_002,Nuevos Ministerios,WALK,A pie,balanced,Perfil equilibrado,extended,Pareto_KNN,5,5,5,MAD-066,Berruguete,MAD-062,Cuatro Caminos,Tetuán,True,2.040536844396323,0.9125558189326177,4789.99,6496.82,35.633268545445816,61.133333333333326,23.933333333333337,-60.850599781897486,elevator_ratio (45.7 %); rooms_mean (36.0 %); price_m2_for_recommender (15.0 %)
DEST_002,Nuevos Ministerios,WALK,A pie,time_priority,Prioridad al tiempo,extended,KNN_global,5,5,1,MAD-062,Cuatro Caminos,MAD-052,Prosperidad,Chamartín,False,0.6967412577291558,0.31159216300221865,6496.82,6448.55,-0.7429788727408105,23.933333333333337,74.3,210.44568245125342,commute_daily_minutes (52.2 %); rooms_mean (36.9 %); exterior_ratio (10.8 %)
DEST_002,Nuevos Ministerios,WALK,A pie,time_priority,Prioridad al tiempo,extended,KNN_global,5,5,2,MAD-062,Cuatro Caminos,MAD-053,Ciudad Jardín,Chamartín,False,0.8771022144520041,0.3922520349460559,6496.82,7558.9,16.347690100695417,23.933333333333337,49.833333333333336,108.21727019498606,exterior_ratio (34.3 %); price_m2_for_recommender (31.4 %); rooms_mean (23.3 %)
DEST_002,Nuevos Ministerios,WALK,A pie,time_priority,Prioridad al tiempo,extended,KNN_global,5,5,3,MAD-062,Cuatro Caminos,MAD-063,Castillejos,Tetuán,False,0.9951131902818163,0.44502814775536487,6496.82,6438.0,-0.9053660098324983,23.933333333333337,52.73333333333333,120.33426183844006,exterior_ratio (87.1 %); commute_daily_minutes (8.4 %); elevator_ratio (4.4 %)
DEST_002,Nuevos Ministerios,WALK,A pie,time_priority,Prioridad al tiempo,extended,KNN_global,5,5,4,MAD-062,Cuatro Caminos,MAD-076,Vallehermoso,Chamberí,False,1.0136749511719765,0.4533292195818639,6496.82,6752.36,3.9333089111288286,23.933333333333337,57.9,141.92200557103058,rooms_mean (43.0 %); elevator_ratio (34.0 %); commute_daily_minutes (11.2 %)
DEST_002,Nuevos Ministerios,WALK,A pie,time_priority,Prioridad al tiempo,extended,KNN_global,5,5,5,MAD-062,Cuatro Caminos,MAD-092,Argüelles,Moncloa - Aravaca,False,1.0429036375328293,0.46640068550104147,6496.82,7554.87,16.285659753540966,23.933333333333337,110.56666666666666,361.9777158774372,commute_daily_minutes (69.0 %); price_m2_for_recommender (22.0 %); elevator_ratio (6.0 %)
DEST_002,Nuevos Ministerios,WALK,A pie,time_priority,Prioridad al tiempo,extended,Pareto_KNN,5,5,1,MAD-062,Cuatro Caminos,MAD-061,Bellas Vistas,Tetuán,True,1.9154790078594097,0.8566282542094987,6496.82,5223.92,-19.59266225630385,23.933333333333337,50.86666666666667,112.53481894150414,exterior_ratio (47.1 %); rooms_mean (25.5 %); elevator_ratio (16.0 %)
DEST_002,Nuevos Ministerios,WALK,A pie,time_priority,Prioridad al tiempo,extended,Pareto_KNN,5,5,2,MAD-062,Cuatro Caminos,MAD-066,Berruguete,Tetuán,True,2.040536844396323,0.9125558189326177,6496.82,4789.99,-26.271776038123267,23.933333333333337,61.133333333333326,155.43175487465174,elevator_ratio (45.7 %); rooms_mean (36.0 %); price_m2_for_recommender (15.0 %)
DEST_002,Nuevos Ministerios,WALK,A pie,time_priority,Prioridad al tiempo,extended,Pareto_KNN,5,5,3,MAD-062,Cuatro Caminos,MAD-094,Valdezarza,Moncloa - Aravaca,True,2.260358130311219,1.0108628865740426,6496.82,4484.04,-30.981003013782125,23.933333333333337,98.9,313.2311977715877,exterior_ratio (65.9 %); price_m2_for_recommender (17.0 %); commute_daily_minutes (11.0 %)
DEST_002,Nuevos Ministerios,WALK,A pie,time_priority,Prioridad al tiempo,extended,Pareto_KNN,5,5,4,MAD-062,Cuatro Caminos,MAD-165,Apóstol Santiago,Hortaleza,True,2.431013808646495,1.0871824260748457,6496.82,4162.46,-35.93080922666781,23.933333333333337,138.0,476.6016713091921,exterior_ratio (57.0 %); commute_daily_minutes (22.0 %); price_m2_for_recommender (19.7 %)
DEST_002,Nuevos Ministerios,WALK,A pie,time_priority,Prioridad al tiempo,extended,Pareto_KNN,5,5,5,MAD-062,Cuatro Caminos,MAD-151,Ventas,Ciudad Lineal,True,2.496745769195385,1.1165786524911763,6496.82,4133.07,-36.38318438867015,23.933333333333337,152.65,537.8133704735375,exterior_ratio (31.4 %); commute_daily_minutes (26.6 %); price_m2_for_recommender (19.2 %)
DEST_003,UC3M Campus de Leganés,BICYCLE,Bicicleta,price_priority,Prioridad al precio,extended,KNN_global,5,3,1,MAD-172,San Cristóbal,MAD-174,Los Rosales,Villaverde,False,0.6871709341461888,0.3073121841825819,1909.6,2807.4,47.015081692501056,79.53333333333333,86.21666666666665,8.403185247275763,price_m2_for_recommender (36.5 %); elevator_ratio (34.6 %); exterior_ratio (16.4 %)
DEST_003,UC3M Campus de Leganés,BICYCLE,Bicicleta,price_priority,Prioridad al precio,extended,KNN_global,5,3,2,MAD-172,San Cristóbal,MAD-126,Zofío,Usera,False,1.0733223344777838,0.4800043403322181,1909.6,3089.05,61.764243820695455,79.53333333333333,91.16666666666666,14.62699077954735,elevator_ratio (46.9 %); price_m2_for_recommender (25.9 %); exterior_ratio (13.2 %)
DEST_003,UC3M Campus de Leganés,BICYCLE,Bicicleta,price_priority,Prioridad al precio,extended,KNN_global,5,3,3,MAD-172,San Cristóbal,MAD-115,Puerta Bonita,Carabanchel,True,1.1332643351236005,0.5068112179624946,1909.6,2905.06,52.12924172601592,79.53333333333333,75.1,-5.574182732606879,elevator_ratio (57.0 %); exterior_ratio (25.6 %); price_m2_for_recommender (16.5 %)
DEST_003,UC3M Campus de Leganés,BICYCLE,Bicicleta,price_priority,Prioridad al precio,extended,Pareto_KNN,5,3,1,MAD-172,San Cristóbal,MAD-115,Puerta Bonita,Carabanchel,True,1.1332643351236,0.5068112179624944,1909.6,2905.06,52.12924172601592,79.53333333333333,75.1,-5.574182732606879,elevator_ratio (57.0 %); exterior_ratio (25.6 %); price_m2_for_recommender (16.5 %)
DEST_003,UC3M Campus de Leganés,BICYCLE,Bicicleta,price_priority,Prioridad al precio,extended,Pareto_KNN,5,3,2,MAD-172,San Cristóbal,MAD-171,Villaverde Alto - Casco Histórico de Villaverde,Villaverde,True,1.445202673779781,0.6463142839672086,1909.6,2928.26,53.344155844155864,79.53333333333333,58.68333333333333,-26.21542330259849,elevator_ratio (63.1 %); exterior_ratio (13.1 %); price_m2_for_recommender (10.6 %)
DEST_003,UC3M Campus de Leganés,BICYCLE,Bicicleta,price_priority,Prioridad al precio,extended,Pareto_KNN,5,3,3,MAD-172,San Cristóbal,MAD-106,Cuatro Vientos,Latina,True,3.5929323038197145,1.6068081739791618,1909.6,4673.53,144.73868873062423,79.53333333333333,50.48333333333333,-36.52556580050294,elevator_ratio (84.7 %); price_m2_for_recommender (12.7 %); commute_daily_minutes (2.0 %)
DEST_003,UC3M Campus de Leganés,BICYCLE,Bicicleta,balanced,Perfil equilibrado,extended,KNN_global,5,3,1,MAD-171,Villaverde Alto - Casco Histórico de Villaverde,MAD-115,Puerta Bonita,Carabanchel,True,0.6135104738091949,0.2743702248690928,2928.26,2905.06,-0.7922793740993037,58.68333333333333,75.1,27.97500710025561,rooms_mean (54.6 %); elevator_ratio (22.7 %); commute_daily_minutes (22.0 %)
DEST_003,UC3M Campus de Leganés,BICYCLE,Bicicleta,balanced,Perfil equilibrado,extended,KNN_global,5,3,2,MAD-171,Villaverde Alto - Casco Histórico de Villaverde,MAD-112,Opañel,Carabanchel,False,0.8523661091337665,0.38118971234802124,2928.26,3500.89,19.555299051313735,58.68333333333333,90.91666666666666,54.927577392786134,commute_daily_minutes (44.0 %); rooms_mean (43.0 %); price_m2_for_recommender (9.7 %)
DEST_003,UC3M Campus de Leganés,BICYCLE,Bicicleta,balanced,Perfil equilibrado,extended,KNN_global,5,3,3,MAD-171,Villaverde Alto - Casco Histórico de Villaverde,MAD-105,Campamento,Latina,False,0.9385028885492445,0.4197112511752039,2928.26,3295.84,12.552847083250802,58.68333333333333,67.51666666666667,15.052541891508099,rooms_mean (31.8 %); elevator_ratio (31.3 %); exterior_ratio (31.0 %)
DEST_003,UC3M Campus de Leganés,BICYCLE,Bicicleta,balanced,Perfil equilibrado,extended,Pareto_KNN,5,3,1,MAD-171,Villaverde Alto - Casco Histórico de Villaverde,MAD-115,Puerta Bonita,Carabanchel,True,0.6135104738091921,0.2743702248690916,2928.26,2905.06,-0.7922793740993037,58.68333333333333,75.1,27.97500710025561,rooms_mean (54.6 %); elevator_ratio (22.7 %); commute_daily_minutes (22.0 %)
DEST_003,UC3M Campus de Leganés,BICYCLE,Bicicleta,balanced,Perfil equilibrado,extended,Pareto_KNN,5,3,2,MAD-171,Villaverde Alto - Casco Histórico de Villaverde,MAD-172,San Cristóbal,Villaverde,True,1.445202673779781,0.6463142839672086,2928.26,1909.6,-34.78721151810291,58.68333333333333,79.53333333333333,35.52967906844647,elevator_ratio (63.1 %); exterior_ratio (13.1 %); price_m2_for_recommender (10.6 %)
DEST_003,UC3M Campus de Leganés,BICYCLE,Bicicleta,balanced,Perfil equilibrado,extended,Pareto_KNN,5,3,3,MAD-171,Villaverde Alto - Casco Histórico de Villaverde,MAD-106,Cuatro Vientos,Latina,True,2.3692199880300056,1.059547389377266,2928.26,4673.53,59.60092341527048,58.68333333333333,50.48333333333333,-13.973303038909405,elevator_ratio (83.0 %); price_m2_for_recommender (11.6 %); exterior_ratio (4.9 %)
DEST_003,UC3M Campus de Leganés,BICYCLE,Bicicleta,time_priority,Prioridad al tiempo,extended,KNN_global,5,3,1,MAD-171,Villaverde Alto - Casco Histórico de Villaverde,MAD-115,Puerta Bonita,Carabanchel,True,0.6135104738091949,0.2743702248690928,2928.26,2905.06,-0.7922793740993037,58.68333333333333,75.1,27.97500710025561,rooms_mean (54.6 %); elevator_ratio (22.7 %); commute_daily_minutes (22.0 %)
DEST_003,UC3M Campus de Leganés,BICYCLE,Bicicleta,time_priority,Prioridad al tiempo,extended,KNN_global,5,3,2,MAD-171,Villaverde Alto - Casco Histórico de Villaverde,MAD-112,Opañel,Carabanchel,False,0.8523661091337665,0.38118971234802124,2928.26,3500.89,19.555299051313735,58.68333333333333,90.91666666666666,54.927577392786134,commute_daily_minutes (44.0 %); rooms_mean (43.0 %); price_m2_for_recommender (9.7 %)
DEST_003,UC3M Campus de Leganés,BICYCLE,Bicicleta,time_priority,Prioridad al tiempo,extended,KNN_global,5,3,3,MAD-171,Villaverde Alto - Casco Histórico de Villaverde,MAD-105,Campamento,Latina,False,0.9385028885492445,0.4197112511752039,2928.26,3295.84,12.552847083250802,58.68333333333333,67.51666666666667,15.052541891508099,rooms_mean (31.8 %); elevator_ratio (31.3 %); exterior_ratio (31.0 %)
DEST_003,UC3M Campus de Leganés,BICYCLE,Bicicleta,time_priority,Prioridad al tiempo,extended,Pareto_KNN,5,3,1,MAD-171,Villaverde Alto - Casco Histórico de Villaverde,MAD-115,Puerta Bonita,Carabanchel,True,0.6135104738091921,0.2743702248690916,2928.26,2905.06,-0.7922793740993037,58.68333333333333,75.1,27.97500710025561,rooms_mean (54.6 %); elevator_ratio (22.7 %); commute_daily_minutes (22.0 %)
DEST_003,UC3M Campus de Leganés,BICYCLE,Bicicleta,time_priority,Prioridad al tiempo,extended,Pareto_KNN,5,3,2,MAD-171,Villaverde Alto - Casco Histórico de Villaverde,MAD-172,San Cristóbal,Villaverde,True,1.445202673779781,0.6463142839672086,2928.26,1909.6,-34.78721151810291,58.68333333333333,79.53333333333333,35.52967906844647,elevator_ratio (63.1 %); exterior_ratio (13.1 %); price_m2_for_recommender (10.6 %)
DEST_003,UC3M Campus de Leganés,BICYCLE,Bicicleta,time_priority,Prioridad al tiempo,extended,Pareto_KNN,5,3,3,MAD-171,Villaverde Alto - Casco Histórico de Villaverde,MAD-106,Cuatro Vientos,Latina,True,2.3692199880300056,1.059547389377266,2928.26,4673.53,59.60092341527048,58.68333333333333,50.48333333333333,-13.973303038909405,elevator_ratio (83.0 %); price_m2_for_recommender (11.6 %); exterior_ratio (4.9 %)
DEST_003,UC3M Campus de Leganés,CAR,Coche,price_priority,Prioridad al precio,extended,KNN_global,5,3,1,MAD-172,San Cristóbal,MAD-126,Zofío,Usera,False,1.1554581215279744,0.5167365809781528,1909.6,3089.05,61.764243820695455,28.1,23.583333333333336,-16.073546856465,elevator_ratio (41.2 %); price_m2_for_recommender (22.1 %); commute_daily_minutes (16.6 %)
DEST_003,UC3M Campus de Leganés,CAR,Coche,price_priority,Prioridad al precio,extended,KNN_global,5,3,2,MAD-172,San Cristóbal,MAD-127,Pradolongo,Usera,False,1.2126550459462426,0.5423158231987858,1909.6,3390.16,77.53246753246754,28.1,25.48333333333333,-9.311981020166089,exterior_ratio (54.6 %); price_m2_for_recommender (31.7 %); rooms_mean (7.0 %)
DEST_003,UC3M Campus de Leganés,CAR,Coche,price_priority,Prioridad al precio,extended,KNN_global,5,3,3,MAD-172,San Cristóbal,MAD-115,Puerta Bonita,Carabanchel,False,1.2136843125440884,0.5427761252147364,1909.6,2905.06,52.12924172601592,28.1,23.85,-15.124555160142348,elevator_ratio (50.6 %); exterior_ratio (21.4 %); price_m2_for_recommender (14.3 %)
DEST_003,UC3M Campus de Leganés,CAR,Coche,price_priority,Prioridad al precio,extended,Pareto_KNN,5,3,1,MAD-172,San Cristóbal,MAD-117,Abrantes,Carabanchel,True,1.8420740918076797,0.823800577774632,1909.6,2912.9,52.53979891076666,28.1,19.81666666666667,-29.47805456702253,elevator_ratio (56.0 %); commute_daily_minutes (21.9 %); rooms_mean (15.8 %)
DEST_003,UC3M Campus de Leganés,CAR,Coche,price_priority,Prioridad al precio,extended,Pareto_KNN,5,3,2,MAD-172,San Cristóbal,MAD-116,Buenavista,Carabanchel,True,2.5975929089740952,1.1616788644675,1909.6,3291.57,72.36960620025138,28.1,16.016666666666666,-43.00118623962041,elevator_ratio (67.5 %); commute_daily_minutes (23.4 %); price_m2_for_recommender (6.0 %)
DEST_003,UC3M Campus de Leganés,CAR,Coche,price_priority,Prioridad al precio,extended,Pareto_KNN,5,3,3,MAD-172,San Cristóbal,MAD-121,Orcasitas,Usera,True,2.8998950734365283,1.2968725023641643,1909.6,2357.51,23.45569752827819,28.1,22.65,-19.395017793594313,elevator_ratio (94.7 %); commute_daily_minutes (3.8 %); rooms_mean (1.0 %)
DEST_003,UC3M Campus de Leganés,CAR,Coche,balanced,Perfil equilibrado,extended,KNN_global,5,3,1,MAD-116,Buenavista,MAD-107,Águilas,Latina,False,1.0963963506375396,0.4903233540616467,3291.57,3231.64,-1.8207116968498402,16.016666666666666,24.166666666666664,50.88449531737773,commute_daily_minutes (59.8 %); rooms_mean (34.1 %); exterior_ratio (4.4 %)
DEST_003,UC3M Campus de Leganés,CAR,Coche,balanced,Perfil equilibrado,extended,KNN_global,5,3,2,MAD-116,Buenavista,MAD-173,Butarque,Villaverde,False,1.1839107479942985,0.5294609823615748,3291.57,3143.01,-4.5133477337562296,16.016666666666666,26.433333333333334,65.03642039542144,commute_daily_minutes (83.8 %); exterior_ratio (11.8 %); elevator_ratio (3.9 %)
DEST_003,UC3M Campus de Leganés,CAR,Coche,balanced,Perfil equilibrado,extended,KNN_global,5,3,3,MAD-116,Buenavista,MAD-105,Campamento,Latina,False,1.1851053091276993,0.5299952063410875,3291.57,3295.84,0.12972532864256212,16.016666666666666,25.216666666666665,57.440166493236205,commute_daily_minutes (65.3 %); elevator_ratio (14.2 %); exterior_ratio (11.8 %)
DEST_003,UC3M Campus de Leganés,CAR,Coche,balanced,Perfil equilibrado,extended,Pareto_KNN,5,3,1,MAD-116,Buenavista,MAD-121,Orcasitas,Usera,True,1.239923881796028,0.5545108173242665,3291.57,2357.51,-28.377339688963016,16.016666666666666,22.65,41.41519250780437,commute_daily_minutes (31.0 %); elevator_ratio (30.7 %); rooms_mean (15.5 %)
DEST_003,UC3M Campus de Leganés,CAR,Coche,balanced,Perfil equilibrado,extended,Pareto_KNN,5,3,2,MAD-116,Buenavista,MAD-117,Abrantes,Carabanchel,True,1.336997319622466,0.5979233784821695,3291.57,2912.9,-11.504236580112227,16.016666666666666,19.81666666666667,23.72528616024977,rooms_mean (48.3 %); elevator_ratio (31.9 %); exterior_ratio (9.3 %)
DEST_003,UC3M Campus de Leganés,CAR,Coche,balanced,Perfil equilibrado,extended,Pareto_KNN,5,3,3,MAD-116,Buenavista,MAD-172,San Cristóbal,Villaverde,True,2.5975929089740952,1.1616788644675,3291.57,1909.6,-41.98513171526051,16.016666666666666,28.1,75.44224765868888,elevator_ratio (67.5 %); commute_daily_minutes (23.4 %); price_m2_for_recommender (6.0 %)
DEST_003,UC3M Campus de Leganés,CAR,Coche,time_priority,Prioridad al tiempo,extended,KNN_global,5,3,1,MAD-116,Buenavista,MAD-107,Águilas,Latina,False,1.0963963506375396,0.4903233540616467,3291.57,3231.64,-1.8207116968498402,16.016666666666666,24.166666666666664,50.88449531737773,commute_daily_minutes (59.8 %); rooms_mean (34.1 %); exterior_ratio (4.4 %)
DEST_003,UC3M Campus de Leganés,CAR,Coche,time_priority,Prioridad al tiempo,extended,KNN_global,5,3,2,MAD-116,Buenavista,MAD-173,Butarque,Villaverde,False,1.1839107479942985,0.5294609823615748,3291.57,3143.01,-4.5133477337562296,16.016666666666666,26.433333333333334,65.03642039542144,commute_daily_minutes (83.8 %); exterior_ratio (11.8 %); elevator_ratio (3.9 %)
DEST_003,UC3M Campus de Leganés,CAR,Coche,time_priority,Prioridad al tiempo,extended,KNN_global,5,3,3,MAD-116,Buenavista,MAD-105,Campamento,Latina,False,1.1851053091276993,0.5299952063410875,3291.57,3295.84,0.12972532864256212,16.016666666666666,25.216666666666665,57.440166493236205,commute_daily_minutes (65.3 %); elevator_ratio (14.2 %); exterior_ratio (11.8 %)
DEST_003,UC3M Campus de Leganés,CAR,Coche,time_priority,Prioridad al tiempo,extended,Pareto_KNN,5,3,1,MAD-116,Buenavista,MAD-121,Orcasitas,Usera,True,1.239923881796028,0.5545108173242665,3291.57,2357.51,-28.377339688963016,16.016666666666666,22.65,41.41519250780437,commute_daily_minutes (31.0 %); elevator_ratio (30.7 %); rooms_mean (15.5 %)
DEST_003,UC3M Campus de Leganés,CAR,Coche,time_priority,Prioridad al tiempo,extended,Pareto_KNN,5,3,2,MAD-116,Buenavista,MAD-117,Abrantes,Carabanchel,True,1.336997319622466,0.5979233784821695,3291.57,2912.9,-11.504236580112227,16.016666666666666,19.81666666666667,23.72528616024977,rooms_mean (48.3 %); elevator_ratio (31.9 %); exterior_ratio (9.3 %)
DEST_003,UC3M Campus de Leganés,CAR,Coche,time_priority,Prioridad al tiempo,extended,Pareto_KNN,5,3,3,MAD-116,Buenavista,MAD-172,San Cristóbal,Villaverde,True,2.5975929089740952,1.1616788644675,3291.57,1909.6,-41.98513171526051,16.016666666666666,28.1,75.44224765868888,elevator_ratio (67.5 %); commute_daily_minutes (23.4 %); price_m2_for_recommender (6.0 %)
DEST_003,UC3M Campus de Leganés,TRANSIT,Transporte público,price_priority,Prioridad al precio,extended,KNN_global,5,4,1,MAD-172,San Cristóbal,MAD-174,Los Rosales,Villaverde,False,0.6900001359804155,0.30857744170726153,1909.6,2807.4,47.015081692501056,136.33333333333331,131.31666666666666,-3.679706601466982,elevator_ratio (36.8 %); price_m2_for_recommender (36.1 %); exterior_ratio (16.3 %)
DEST_003,UC3M Campus de Leganés,TRANSIT,Transporte público,price_priority,Prioridad al precio,extended,KNN_global,5,4,2,MAD-172,San Cristóbal,MAD-127,Pradolongo,Usera,False,1.21301634922529,0.5424774029372745,1909.6,3390.16,77.53246753246754,136.33333333333331,124.18333333333334,-8.911980440097784,exterior_ratio (56.7 %); price_m2_for_recommender (31.8 %); rooms_mean (6.8 %)
DEST_003,UC3M Campus de Leganés,TRANSIT,Transporte público,price_priority,Prioridad al precio,extended,KNN_global,5,4,3,MAD-172,San Cristóbal,MAD-126,Zofío,Usera,False,1.240840130312701,0.5549205761177793,1909.6,3089.05,61.764243820695455,136.33333333333331,99.06666666666666,-27.334963325183367,elevator_ratio (37.5 %); commute_daily_minutes (25.5 %); price_m2_for_recommender (19.3 %)
DEST_003,UC3M Campus de Leganés,TRANSIT,Transporte público,price_priority,Prioridad al precio,extended,KNN_global,5,4,4,MAD-172,San Cristóbal,MAD-145,Fontarrón,Moratalaz,False,1.4399614554497788,0.6439703398730481,1909.6,3770.04,97.42563887725179,136.33333333333331,192.0333333333333,40.85574572127139,commute_daily_minutes (42.4 %); price_m2_for_recommender (35.6 %); elevator_ratio (14.0 %)
DEST_003,UC3M Campus de Leganés,TRANSIT,Transporte público,price_priority,Prioridad al precio,extended,Pareto_KNN,5,4,1,MAD-172,San Cristóbal,MAD-115,Puerta Bonita,Carabanchel,True,1.5168089148225103,0.6783375684841643,1909.6,2905.06,52.12924172601592,136.33333333333331,77.75,-42.97066014669926,commute_daily_minutes (42.3 %); elevator_ratio (34.1 %); exterior_ratio (14.3 %)
DEST_003,UC3M Campus de Leganés,TRANSIT,Transporte público,price_priority,Prioridad al precio,extended,Pareto_KNN,5,4,2,MAD-172,San Cristóbal,MAD-114,Vista Alegre,Carabanchel,True,2.253338470212561,1.0077235991421343,1909.6,3213.22,68.26665270213657,136.33333333333331,74.28333333333333,-45.51344743276283,exterior_ratio (35.8 %); elevator_ratio (35.4 %); commute_daily_minutes (21.5 %)
DEST_003,UC3M Campus de Leganés,TRANSIT,Transporte público,price_priority,Prioridad al precio,extended,Pareto_KNN,5,4,3,MAD-172,San Cristóbal,MAD-116,Buenavista,Carabanchel,True,2.727123447097863,1.2196066821488745,1909.6,3291.57,72.36960620025138,136.33333333333331,51.61666666666667,-62.139364303178475,elevator_ratio (64.4 %); commute_daily_minutes (27.3 %); price_m2_for_recommender (5.5 %)
DEST_003,UC3M Campus de Leganés,TRANSIT,Transporte público,price_priority,Prioridad al precio,extended,Pareto_KNN,5,4,4,MAD-172,San Cristóbal,MAD-121,Orcasitas,Usera,True,2.93991325200028,1.314769175885019,1909.6,2357.51,23.45569752827819,136.33333333333331,113.03333333333332,-17.09046454767726,elevator_ratio (96.8 %); commute_daily_minutes (1.8 %); rooms_mean (0.9 %)
DEST_003,UC3M Campus de Leganés,TRANSIT,Transporte público,balanced,Perfil equilibrado,extended,KNN_global,5,4,1,MAD-116,Buenavista,MAD-107,Águilas,Latina,False,0.8081310255576902,0.361407181574723,3291.57,3231.64,-1.8207116968498402,51.61666666666667,76.6,48.401679044236346,rooms_mean (61.3 %); commute_daily_minutes (27.1 %); exterior_ratio (8.4 %)
DEST_003,UC3M Campus de Leganés,TRANSIT,Transporte público,balanced,Perfil equilibrado,extended,KNN_global,5,4,2,MAD-116,Buenavista,MAD-104,Aluche,Latina,False,0.9293823539726714,0.415632424114333,3291.57,3360.3,2.0880613202818115,51.61666666666667,89.01666666666665,72.45721666128509,rooms_mean (48.6 %); commute_daily_minutes (45.9 %); exterior_ratio (4.4 %)
DEST_003,UC3M Campus de Leganés,TRANSIT,Transporte público,balanced,Perfil equilibrado,extended,KNN_global,5,4,3,MAD-116,Buenavista,MAD-113,San Isidro,Carabanchel,False,1.1046430077925697,0.4940113712588031,3291.57,3670.03,11.49785664591669,51.61666666666667,106.4,106.13496932515339,commute_daily_minutes (69.7 %); elevator_ratio (20.6 %); exterior_ratio (6.6 %)
DEST_003,UC3M Campus de Leganés,TRANSIT,Transporte público,balanced,Perfil equilibrado,extended,KNN_global,5,4,4,MAD-116,Buenavista,MAD-112,Opañel,Carabanchel,False,1.1379777611421111,0.5089191261593559,3291.57,3500.89,6.359275360997934,51.61666666666667,90.25,74.84662576687117,elevator_ratio (55.4 %); commute_daily_minutes (32.6 %); rooms_mean (11.0 %)
DEST_003,UC3M Campus de Leganés,TRANSIT,Transporte público,balanced,Perfil equilibrado,extended,Pareto_KNN,5,4,1,MAD-116,Buenavista,MAD-114,Vista Alegre,Carabanchel,True,1.3489966575338543,0.6032896455331404,3291.57,3213.22,-2.3803230677154175,51.61666666666667,74.28333333333333,43.9134646432031,exterior_ratio (48.0 %); elevator_ratio (39.5 %); commute_daily_minutes (8.0 %)
DEST_003,UC3M Campus de Leganés,TRANSIT,Transporte público,balanced,Perfil equilibrado,extended,Pareto_KNN,5,4,2,MAD-116,Buenavista,MAD-115,Puerta Bonita,Carabanchel,True,1.4214708728216978,0.6357010999330549,3291.57,2905.06,-11.742420790078905,51.61666666666667,77.75,50.629641588634165,elevator_ratio (84.0 %); commute_daily_minutes (9.6 %); rooms_mean (3.6 %)
DEST_003,UC3M Campus de Leganés,TRANSIT,Transporte público,balanced,Perfil equilibrado,extended,Pareto_KNN,5,4,3,MAD-116,Buenavista,MAD-121,Orcasitas,Usera,True,1.468025577920451,0.6565209969877085,3291.57,2357.51,-28.377339688963016,51.61666666666667,113.03333333333332,118.98611559573779,commute_daily_minutes (49.6 %); elevator_ratio (23.0 %); rooms_mean (10.8 %)
DEST_003,UC3M Campus de Leganés,TRANSIT,Transporte público,balanced,Perfil equilibrado,extended,Pareto_KNN,5,4,4,MAD-116,Buenavista,MAD-172,San Cristóbal,Villaverde,True,2.727123447097863,1.2196066821488745,3291.57,1909.6,-41.98513171526051,51.61666666666667,136.33333333333331,164.12657410397154,elevator_ratio (64.4 %); commute_daily_minutes (27.3 %); price_m2_for_recommender (5.5 %)
DEST_003,UC3M Campus de Leganés,TRANSIT,Transporte público,time_priority,Prioridad al tiempo,extended,KNN_global,5,4,1,MAD-116,Buenavista,MAD-107,Águilas,Latina,False,0.8081310255576902,0.361407181574723,3291.57,3231.64,-1.8207116968498402,51.61666666666667,76.6,48.401679044236346,rooms_mean (61.3 %); commute_daily_minutes (27.1 %); exterior_ratio (8.4 %)
DEST_003,UC3M Campus de Leganés,TRANSIT,Transporte público,time_priority,Prioridad al tiempo,extended,KNN_global,5,4,2,MAD-116,Buenavista,MAD-104,Aluche,Latina,False,0.9293823539726714,0.415632424114333,3291.57,3360.3,2.0880613202818115,51.61666666666667,89.01666666666665,72.45721666128509,rooms_mean (48.6 %); commute_daily_minutes (45.9 %); exterior_ratio (4.4 %)
DEST_003,UC3M Campus de Leganés,TRANSIT,Transporte público,time_priority,Prioridad al tiempo,extended,KNN_global,5,4,3,MAD-116,Buenavista,MAD-113,San Isidro,Carabanchel,False,1.1046430077925697,0.4940113712588031,3291.57,3670.03,11.49785664591669,51.61666666666667,106.4,106.13496932515339,commute_daily_minutes (69.7 %); elevator_ratio (20.6 %); exterior_ratio (6.6 %)
DEST_003,UC3M Campus de Leganés,TRANSIT,Transporte público,time_priority,Prioridad al tiempo,extended,KNN_global,5,4,4,MAD-116,Buenavista,MAD-112,Opañel,Carabanchel,False,1.1379777611421111,0.5089191261593559,3291.57,3500.89,6.359275360997934,51.61666666666667,90.25,74.84662576687117,elevator_ratio (55.4 %); commute_daily_minutes (32.6 %); rooms_mean (11.0 %)
DEST_003,UC3M Campus de Leganés,TRANSIT,Transporte público,time_priority,Prioridad al tiempo,extended,Pareto_KNN,5,4,1,MAD-116,Buenavista,MAD-114,Vista Alegre,Carabanchel,True,1.3489966575338543,0.6032896455331404,3291.57,3213.22,-2.3803230677154175,51.61666666666667,74.28333333333333,43.9134646432031,exterior_ratio (48.0 %); elevator_ratio (39.5 %); commute_daily_minutes (8.0 %)
DEST_003,UC3M Campus de Leganés,TRANSIT,Transporte público,time_priority,Prioridad al tiempo,extended,Pareto_KNN,5,4,2,MAD-116,Buenavista,MAD-115,Puerta Bonita,Carabanchel,True,1.4214708728216978,0.6357010999330549,3291.57,2905.06,-11.742420790078905,51.61666666666667,77.75,50.629641588634165,elevator_ratio (84.0 %); commute_daily_minutes (9.6 %); rooms_mean (3.6 %)
DEST_003,UC3M Campus de Leganés,TRANSIT,Transporte público,time_priority,Prioridad al tiempo,extended,Pareto_KNN,5,4,3,MAD-116,Buenavista,MAD-121,Orcasitas,Usera,True,1.468025577920451,0.6565209969877085,3291.57,2357.51,-28.377339688963016,51.61666666666667,113.03333333333332,118.98611559573779,commute_daily_minutes (49.6 %); elevator_ratio (23.0 %); rooms_mean (10.8 %)
DEST_003,UC3M Campus de Leganés,TRANSIT,Transporte público,time_priority,Prioridad al tiempo,extended,Pareto_KNN,5,4,4,MAD-116,Buenavista,MAD-172,San Cristóbal,Villaverde,True,2.727123447097863,1.2196066821488745,3291.57,1909.6,-41.98513171526051,51.61666666666667,136.33333333333331,164.12657410397154,elevator_ratio (64.4 %); commute_daily_minutes (27.3 %); price_m2_for_recommender (5.5 %)
DEST_003,UC3M Campus de Leganés,WALK,A pie,price_priority,Prioridad al precio,extended,KNN_global,5,3,1,MAD-172,San Cristóbal,MAD-174,Los Rosales,Villaverde,False,0.6895981814527566,0.3083976821777197,1909.6,2807.4,47.015081692501056,213.56666666666663,216.16666666666663,1.217418448571872,elevator_ratio (37.8 %); price_m2_for_recommender (26.1 %); rooms_mean (21.7 %)
DEST_003,UC3M Campus de Leganés,WALK,A pie,price_priority,Prioridad al precio,extended,KNN_global,5,3,2,MAD-172,San Cristóbal,MAD-126,Zofío,Usera,False,1.1091783768060282,0.496039649942231,1909.6,3089.05,61.764243820695455,213.56666666666663,223.53333333333336,4.666770719525547,elevator_ratio (48.2 %); rooms_mean (22.6 %); price_m2_for_recommender (17.4 %)
DEST_003,UC3M Campus de Leganés,WALK,A pie,price_priority,Prioridad al precio,extended,KNN_global,5,3,3,MAD-172,San Cristóbal,MAD-115,Puerta Bonita,Carabanchel,False,1.1213895170387205,0.5015006378708475,1909.6,2905.06,52.12924172601592,213.56666666666663,215.43333333333337,0.8740440143593248,elevator_ratio (64.0 %); exterior_ratio (22.8 %); price_m2_for_recommender (12.1 %)
DEST_003,UC3M Campus de Leganés,WALK,A pie,price_priority,Prioridad al precio,extended,Pareto_KNN,5,3,1,MAD-172,San Cristóbal,MAD-171,Villaverde Alto - Casco Histórico de Villaverde,Villaverde,True,1.629051320209589,0.7285338981648836,1909.6,2928.26,53.344155844155864,213.56666666666663,149.83333333333334,-29.842359918838756,elevator_ratio (54.5 %); commute_daily_minutes (18.1 %); rooms_mean (12.4 %)
DEST_003,UC3M Campus de Leganés,WALK,A pie,price_priority,Prioridad al precio,extended,Pareto_KNN,5,3,2,MAD-172,San Cristóbal,MAD-116,Buenavista,Carabanchel,True,2.4569012879009566,1.098759658750664,1909.6,3291.57,72.36960620025138,213.56666666666663,142.93333333333334,-33.073201186202574,elevator_ratio (81.4 %); commute_daily_minutes (9.8 %); price_m2_for_recommender (4.9 %)
DEST_003,UC3M Campus de Leganés,WALK,A pie,price_priority,Prioridad al precio,extended,Pareto_KNN,5,3,3,MAD-172,San Cristóbal,MAD-121,Orcasitas,Usera,True,2.969009885866676,1.3277815861333557,1909.6,2357.51,23.45569752827819,213.56666666666663,206.13333333333333,-3.4805681286093226,elevator_ratio (97.4 %); rooms_mean (2.2 %); price_m2_for_recommender (0.4 %)
DEST_003,UC3M Campus de Leganés,WALK,A pie,balanced,Perfil equilibrado,extended,KNN_global,5,3,1,MAD-171,Villaverde Alto - Casco Histórico de Villaverde,MAD-115,Puerta Bonita,Carabanchel,False,1.0381348520259266,0.4642680197883314,2928.26,2905.06,-0.7922793740993037,149.83333333333334,215.43333333333337,43.78197997775307,commute_daily_minutes (47.1 %); rooms_mean (44.0 %); elevator_ratio (8.7 %)
DEST_003,UC3M Campus de Leganés,WALK,A pie,balanced,Perfil equilibrado,extended,KNN_global,5,3,2,MAD-171,Villaverde Alto - Casco Histórico de Villaverde,MAD-116,Buenavista,Carabanchel,True,1.0674904808338614,0.4773962560956901,2928.26,3291.57,12.407026698448904,149.83333333333334,142.93333333333334,-4.605116796440493,elevator_ratio (90.2 %); rooms_mean (6.7 %); price_m2_for_recommender (1.8 %)
DEST_003,UC3M Campus de Leganés,WALK,A pie,balanced,Perfil equilibrado,extended,KNN_global,5,3,3,MAD-171,Villaverde Alto - Casco Histórico de Villaverde,MAD-114,Vista Alegre,Carabanchel,False,1.2796414289484155,0.5722730443907248,2928.26,3213.22,9.731376312212697,149.83333333333334,214.7,43.2925472747497,exterior_ratio (36.5 %); rooms_mean (30.9 %); commute_daily_minutes (30.3 %)
DEST_003,UC3M Campus de Leganés,WALK,A pie,balanced,Perfil equilibrado,extended,Pareto_KNN,5,3,1,MAD-171,Villaverde Alto - Casco Histórico de Villaverde,MAD-116,Buenavista,Carabanchel,True,1.067490480833862,0.47739625609569036,2928.26,3291.57,12.407026698448904,149.83333333333334,142.93333333333334,-4.605116796440493,elevator_ratio (90.2 %); rooms_mean (6.7 %); price_m2_for_recommender (1.8 %)
DEST_003,UC3M Campus de Leganés,WALK,A pie,balanced,Perfil equilibrado,extended,Pareto_KNN,5,3,2,MAD-171,Villaverde Alto - Casco Histórico de Villaverde,MAD-172,San Cristóbal,Villaverde,True,1.629051320209589,0.7285338981648836,2928.26,1909.6,-34.78721151810291,149.83333333333334,213.56666666666663,42.53615127919908,elevator_ratio (54.5 %); commute_daily_minutes (18.1 %); rooms_mean (12.4 %)
DEST_003,UC3M Campus de Leganés,WALK,A pie,balanced,Perfil equilibrado,extended,Pareto_KNN,5,3,3,MAD-171,Villaverde Alto - Casco Histórico de Villaverde,MAD-121,Orcasitas,Usera,True,2.160115266521152,0.9660329150352743,2928.26,2357.51,-19.491097102033287,149.83333333333334,206.13333333333333,37.575083426028904,elevator_ratio (64.0 %); rooms_mean (21.8 %); commute_daily_minutes (8.0 %)
DEST_003,UC3M Campus de Leganés,WALK,A pie,time_priority,Prioridad al tiempo,extended,KNN_global,5,3,1,MAD-116,Buenavista,MAD-171,Villaverde Alto - Casco Histórico de Villaverde,Villaverde,True,1.0674904808338614,0.4773962560956901,3291.57,2928.26,-11.037589964667314,142.93333333333334,149.83333333333334,4.827425373134332,elevator_ratio (90.2 %); rooms_mean (6.7 %); price_m2_for_recommender (1.8 %)
DEST_003,UC3M Campus de Leganés,WALK,A pie,time_priority,Prioridad al tiempo,extended,KNN_global,5,3,2,MAD-116,Buenavista,MAD-105,Campamento,Latina,False,1.144183050349544,0.511694215856929,3291.57,3295.84,0.12972532864256212,142.93333333333334,218.0,52.51865671641791,commute_daily_minutes (50.8 %); rooms_mean (21.3 %); elevator_ratio (16.4 %)
DEST_003,UC3M Campus de Leganés,WALK,A pie,time_priority,Prioridad al tiempo,extended,KNN_global,5,3,3,MAD-116,Buenavista,MAD-122,Orcasur,Usera,False,1.1989636655297327,0.5361928517353607,3291.57,3403.28,3.3938211856348195,142.93333333333334,246.4,72.38805970149254,commute_daily_minutes (87.9 %); exterior_ratio (10.5 %); elevator_ratio (1.4 %)
DEST_003,UC3M Campus de Leganés,WALK,A pie,time_priority,Prioridad al tiempo,extended,Pareto_KNN,5,3,1,MAD-116,Buenavista,MAD-171,Villaverde Alto - Casco Histórico de Villaverde,Villaverde,True,1.067490480833862,0.47739625609569036,3291.57,2928.26,-11.037589964667314,142.93333333333334,149.83333333333334,4.827425373134332,elevator_ratio (90.2 %); rooms_mean (6.7 %); price_m2_for_recommender (1.8 %)
DEST_003,UC3M Campus de Leganés,WALK,A pie,time_priority,Prioridad al tiempo,extended,Pareto_KNN,5,3,2,MAD-116,Buenavista,MAD-121,Orcasitas,Usera,True,1.3434001022218856,0.6007867899096604,3291.57,2357.51,-28.377339688963016,142.93333333333334,206.13333333333333,44.21641791044775,rooms_mean (29.9 %); elevator_ratio (28.2 %); commute_daily_minutes (26.1 %)
DEST_003,UC3M Campus de Leganés,WALK,A pie,time_priority,Prioridad al tiempo,extended,Pareto_KNN,5,3,3,MAD-116,Buenavista,MAD-172,San Cristóbal,Villaverde,True,2.4569012879009566,1.098759658750664,3291.57,1909.6,-41.98513171526051,142.93333333333334,213.56666666666663,49.41697761194027,elevator_ratio (81.4 %); commute_daily_minutes (9.8 %); price_m2_for_recommender (4.9 %)
DEST_001,Puerta del Sol,BICYCLE,Bicicleta,price_priority,Prioridad al precio,extended,KNN_global,7,7,1,MAD-121,Orcasitas,MAD-175,Ángeles,Villaverde,False,0.8250939890806611,0.3689932494821655,2357.51,2956.03,25.38780323307218,73.71666666666667,77.76666666666667,5.494008591453761,elevator_ratio (84.1 %); price_m2_for_recommender (11.3 %); rooms_mean (2.7 %)
DEST_001,Puerta del Sol,BICYCLE,Bicicleta,price_priority,Prioridad al precio,extended,KNN_global,7,7,2,MAD-121,Orcasitas,MAD-143,Marroquina,Moratalaz,False,0.9401635696785917,0.4204539303540382,2357.51,4301.17,82.44546152508366,73.71666666666667,72.51666666666665,-1.6278543974678052,price_m2_for_recommender (91.5 %); elevator_ratio (8.3 %); commute_daily_minutes (0.1 %)
DEST_001,Puerta del Sol,BICYCLE,Bicicleta,price_priority,Prioridad al precio,extended,KNN_global,7,7,3,MAD-121,Orcasitas,MAD-144,Media Legua,Moratalaz,False,0.940886728236155,0.4207773366926827,2357.51,3876.72,64.44129611327203,73.71666666666667,56.33333333333333,-23.58127967442913,price_m2_for_recommender (55.8 %); commute_daily_minutes (26.7 %); rooms_mean (17.4 %)
DEST_001,Puerta del Sol,BICYCLE,Bicicleta,price_priority,Prioridad al precio,extended,KNN_global,7,7,4,MAD-121,Orcasitas,MAD-173,Butarque,Villaverde,False,0.969339663553402,0.4335018761984364,2357.51,3143.01,33.31905272936276,73.71666666666667,94.11666666666667,27.6735247569523,commute_daily_minutes (34.6 %); rooms_mean (29.8 %); elevator_ratio (21.6 %)
DEST_001,Puerta del Sol,BICYCLE,Bicicleta,price_priority,Prioridad al precio,extended,KNN_global,7,7,5,MAD-121,Orcasitas,MAD-107,Águilas,Latina,False,0.9899607397671929,0.44272390183508453,2357.51,3231.64,37.0785277687051,73.71666666666667,83.56666666666666,13.361971512548037,exterior_ratio (43.1 %); elevator_ratio (30.2 %); price_m2_for_recommender (16.7 %)
DEST_001,Puerta del Sol,BICYCLE,Bicicleta,price_priority,Prioridad al precio,extended,KNN_global,7,7,6,MAD-121,Orcasitas,MAD-104,Aluche,Latina,False,1.0291117901901976,0.4602327838623566,2357.51,3360.3,42.535980759360505,73.71666666666667,62.35,-15.419398598236493,exterior_ratio (35.0 %); elevator_ratio (32.5 %); price_m2_for_recommender (20.3 %)
DEST_001,Puerta del Sol,BICYCLE,Bicicleta,price_priority,Prioridad al precio,extended,KNN_global,7,7,7,MAD-121,Orcasitas,MAD-094,Valdezarza,Moncloa - Aravaca,False,1.1187489713766552,0.5003197499512335,2357.51,4484.04,90.20237453923842,73.71666666666667,73.81666666666666,0.13565453312230746,price_m2_for_recommender (77.3 %); elevator_ratio (20.8 %); rooms_mean (1.8 %)
DEST_001,Puerta del Sol,BICYCLE,Bicicleta,price_priority,Prioridad al precio,extended,Pareto_KNN,7,7,1,MAD-121,Orcasitas,MAD-117,Abrantes,Carabanchel,True,1.5935201134255446,0.7126438594265385,2357.51,2912.9,23.558330611535045,73.71666666666667,56.266666666666666,-23.671716029844,elevator_ratio (80.5 %); commute_daily_minutes (9.4 %); rooms_mean (7.6 %)
DEST_001,Puerta del Sol,BICYCLE,Bicicleta,price_priority,Prioridad al precio,extended,Pareto_KNN,7,7,2,MAD-121,Orcasitas,MAD-112,Opañel,Carabanchel,True,1.8693451308616682,0.8359965572029859,2357.51,3500.89,48.49947614220086,73.71666666666667,43.23333333333333,-41.352023513452416,elevator_ratio (64.3 %); commute_daily_minutes (20.8 %); price_m2_for_recommender (8.0 %)
DEST_001,Puerta del Sol,BICYCLE,Bicicleta,price_priority,Prioridad al precio,extended,Pareto_KNN,7,7,3,MAD-121,Orcasitas,MAD-135,Portazgo,Puente de Vallecas,True,1.9958050308728459,0.8925511437735499,2357.51,2703.76,14.687106311319994,73.71666666666667,70.83333333333334,-3.9113723716934103,elevator_ratio (81.2 %); exterior_ratio (18.0 %); price_m2_for_recommender (0.6 %)
DEST_001,Puerta del Sol,BICYCLE,Bicicleta,price_priority,Prioridad al precio,extended,Pareto_KNN,7,7,4,MAD-121,Orcasitas,MAD-123,San Fermín,Usera,True,2.0503019938192386,0.9169229265166342,2357.51,2755.18,16.868221131617663,73.71666666666667,56.98333333333333,-22.699525209134084,elevator_ratio (51.9 %); exterior_ratio (41.2 %); commute_daily_minutes (5.2 %)
DEST_001,Puerta del Sol,BICYCLE,Bicicleta,price_priority,Prioridad al precio,extended,Pareto_KNN,7,7,5,MAD-121,Orcasitas,MAD-126,Zofío,Usera,True,2.1950227326176335,0.9816440084580746,2357.51,3089.05,31.030197114752426,73.71666666666667,54.1,-26.610897580827494,elevator_ratio (88.2 %); commute_daily_minutes (6.2 %); exterior_ratio (3.2 %)
DEST_001,Puerta del Sol,BICYCLE,Bicicleta,price_priority,Prioridad al precio,extended,Pareto_KNN,7,7,6,MAD-121,Orcasitas,MAD-125,Moscardó,Usera,True,2.2463195708847037,1.004584651937271,2357.51,3739.18,58.607174518877954,73.71666666666667,40.9,-44.5172959529731,elevator_ratio (38.1 %); exterior_ratio (32.8 %); commute_daily_minutes (16.7 %)
DEST_001,Puerta del Sol,BICYCLE,Bicicleta,price_priority,Prioridad al precio,extended,Pareto_KNN,7,7,7,MAD-121,Orcasitas,MAD-131,Entrevías,Puente de Vallecas,True,2.556135223552829,1.1431384239091493,2357.51,2430.16,3.0816412231549233,73.71666666666667,71.56666666666666,-2.9165724621297837,elevator_ratio (82.9 %); exterior_ratio (16.1 %); rooms_mean (0.9 %)
DEST_001,Puerta del Sol,BICYCLE,Bicicleta,balanced,Perfil equilibrado,extended,KNN_global,7,7,1,MAD-102,Puerta del Ángel,MAD-111,Comillas,Carabanchel,False,0.35720886874286334,0.15974866253496844,4033.3,4105.51,1.790345374755164,30.266666666666666,38.5,27.202643171806173,commute_daily_minutes (41.5 %); elevator_ratio (29.9 %); rooms_mean (25.8 %)
DEST_001,Puerta del Sol,BICYCLE,Bicicleta,balanced,Perfil equilibrado,extended,KNN_global,7,7,2,MAD-102,Puerta del Ángel,MAD-125,Moscardó,Usera,True,0.7049866531727935,0.3152796159448868,4033.3,3739.18,-7.292291671832007,30.266666666666666,40.9,35.13215859030837,elevator_ratio (45.8 %); rooms_mean (24.3 %); commute_daily_minutes (17.8 %)
DEST_001,Puerta del Sol,BICYCLE,Bicicleta,balanced,Perfil equilibrado,extended,KNN_global,7,7,3,MAD-102,Puerta del Ángel,MAD-112,Opañel,Carabanchel,True,0.8294904140487038,0.37095939049946963,4033.3,3500.89,-13.200357027744037,30.266666666666666,43.23333333333333,42.841409691629934,exterior_ratio (52.9 %); elevator_ratio (19.2 %); commute_daily_minutes (19.1 %)
DEST_001,Puerta del Sol,BICYCLE,Bicicleta,balanced,Perfil equilibrado,extended,KNN_global,7,7,4,MAD-102,Puerta del Ángel,MAD-123,San Fermín,Usera,True,1.0567336439646482,0.4725856524032027,4033.3,2755.18,-31.6891875139464,30.266666666666666,56.98333333333333,88.27092511013214,commute_daily_minutes (49.9 %); price_m2_for_recommender (31.3 %); elevator_ratio (13.4 %)
DEST_001,Puerta del Sol,BICYCLE,Bicicleta,balanced,Perfil equilibrado,extended,KNN_global,7,7,5,MAD-102,Puerta del Ángel,MAD-126,Zofío,Usera,True,1.0892062744874116,0.48710785425462944,4033.3,3089.05,-23.41135050702898,30.266666666666666,54.1,78.7444933920705,exterior_ratio (40.5 %); commute_daily_minutes (37.4 %); price_m2_for_recommender (16.1 %)
DEST_001,Puerta del Sol,BICYCLE,Bicicleta,balanced,Perfil equilibrado,extended,KNN_global,7,7,6,MAD-102,Puerta del Ángel,MAD-114,Vista Alegre,Carabanchel,False,1.1266160489134982,0.503838013982562,4033.3,3213.22,-20.33273002256218,30.266666666666666,64.53333333333333,113.21585903083701,commute_daily_minutes (72.2 %); price_m2_for_recommender (11.3 %); elevator_ratio (10.4 %)
DEST_001,Puerta del Sol,BICYCLE,Bicicleta,balanced,Perfil equilibrado,extended,KNN_global,7,7,7,MAD-102,Puerta del Ángel,MAD-136,Numancia,Puente de Vallecas,False,1.1951392725485654,0.5344825311996481,4033.3,3239.46,-19.682146133439122,30.266666666666666,59.3,95.92511013215858,commute_daily_minutes (46.1 %); rooms_mean (36.8 %); price_m2_for_recommender (9.4 %)
DEST_001,Puerta del Sol,BICYCLE,Bicicleta,balanced,Perfil equilibrado,extended,Pareto_KNN,7,7,1,MAD-102,Puerta del Ángel,MAD-125,Moscardó,Usera,True,0.7049866531727931,0.3152796159448866,4033.3,3739.18,-7.292291671832007,30.266666666666666,40.9,35.13215859030837,elevator_ratio (45.8 %); rooms_mean (24.3 %); commute_daily_minutes (17.8 %)
DEST_001,Puerta del Sol,BICYCLE,Bicicleta,balanced,Perfil equilibrado,extended,Pareto_KNN,7,7,2,MAD-102,Puerta del Ángel,MAD-112,Opañel,Carabanchel,True,0.8294904140487045,0.37095939049946997,4033.3,3500.89,-13.200357027744037,30.266666666666666,43.23333333333333,42.841409691629934,exterior_ratio (52.9 %); elevator_ratio (19.2 %); commute_daily_minutes (19.1 %)
DEST_001,Puerta del Sol,BICYCLE,Bicicleta,balanced,Perfil equilibrado,extended,Pareto_KNN,7,7,3,MAD-102,Puerta del Ángel,MAD-123,San Fermín,Usera,True,1.0567336439646484,0.4725856524032028,4033.3,2755.18,-31.6891875139464,30.266666666666666,56.98333333333333,88.27092511013214,commute_daily_minutes (49.9 %); price_m2_for_recommender (31.3 %); elevator_ratio (13.4 %)
DEST_001,Puerta del Sol,BICYCLE,Bicicleta,balanced,Perfil equilibrado,extended,Pareto_KNN,7,7,4,MAD-102,Puerta del Ángel,MAD-126,Zofío,Usera,True,1.0892062744874114,0.4871078542546293,4033.3,3089.05,-23.41135050702898,30.266666666666666,54.1,78.7444933920705,exterior_ratio (40.5 %); commute_daily_minutes (37.4 %); price_m2_for_recommender (16.1 %)
DEST_001,Puerta del Sol,BICYCLE,Bicicleta,balanced,Perfil equilibrado,extended,Pareto_KNN,7,7,5,MAD-102,Puerta del Ángel,MAD-135,Portazgo,Puente de Vallecas,True,1.318045787395775,0.5894479956148376,4033.3,2703.76,-32.96407408325688,30.266666666666666,70.83333333333334,134.03083700440533,commute_daily_minutes (74.0 %); price_m2_for_recommender (21.8 %); exterior_ratio (3.2 %)
DEST_001,Puerta del Sol,BICYCLE,Bicicleta,balanced,Perfil equilibrado,extended,Pareto_KNN,7,7,6,MAD-102,Puerta del Ángel,MAD-131,Entrevías,Puente de Vallecas,True,1.4942075950424951,0.6682299510022993,4033.3,2430.16,-39.747601219844796,30.266666666666666,71.56666666666666,136.45374449339207,commute_daily_minutes (59.6 %); price_m2_for_recommender (24.6 %); elevator_ratio (9.7 %)
DEST_001,Puerta del Sol,BICYCLE,Bicicleta,balanced,Perfil equilibrado,extended,Pareto_KNN,7,7,7,MAD-102,Puerta del Ángel,MAD-117,Abrantes,Carabanchel,True,1.571172530467203,0.702649716501005,4033.3,2912.9,-27.77874197307416,30.266666666666666,56.266666666666666,85.90308370044053,exterior_ratio (47.5 %); commute_daily_minutes (21.4 %); rooms_mean (12.7 %)
DEST_001,Puerta del Sol,BICYCLE,Bicicleta,time_priority,Prioridad al tiempo,extended,KNN_global,7,7,1,MAD-016,Sol,MAD-013,Cortes,Centro,False,0.6554702821731351,0.2931352216340197,7696.61,7246.75,-5.844910941310522,3.7,16.03333333333333,333.3333333333333,exterior_ratio (37.5 %); commute_daily_minutes (27.6 %); elevator_ratio (20.5 %)
DEST_001,Puerta del Sol,BICYCLE,Bicicleta,time_priority,Prioridad al tiempo,extended,KNN_global,7,7,2,MAD-016,Sol,MAD-015,Universidad,Centro,False,1.1837730269015023,0.5293993916164893,7696.61,7135.43,-7.291261997164979,3.7,17.35,368.91891891891896,exterior_ratio (81.5 %); commute_daily_minutes (10.4 %); price_m2_for_recommender (4.8 %)
DEST_001,Puerta del Sol,BICYCLE,Bicicleta,time_priority,Prioridad al tiempo,extended,KNN_global,7,7,3,MAD-016,Sol,MAD-014,Justicia,Centro,False,1.2147784547764444,0.5432654404964568,7696.61,9541.9,23.975360580827143,3.7,19.31666666666667,422.07207207207216,price_m2_for_recommender (49.4 %); elevator_ratio (35.3 %); commute_daily_minutes (12.9 %)
DEST_001,Puerta del Sol,BICYCLE,Bicicleta,time_priority,Prioridad al tiempo,extended,KNN_global,7,7,4,MAD-016,Sol,MAD-092,Argüelles,Moncloa - Aravaca,False,1.352054739464857,0.6046572613488376,7696.61,7554.87,-1.8415899987137168,3.7,24.566666666666663,563.9639639639639,elevator_ratio (49.8 %); commute_daily_minutes (18.6 %); exterior_ratio (17.8 %)
DEST_001,Puerta del Sol,BICYCLE,Bicicleta,time_priority,Prioridad al tiempo,extended,KNN_global,7,7,5,MAD-016,Sol,MAD-021,Imperial,Arganzuela,True,1.4556873422745094,0.6510031702623612,7696.61,5855.12,-23.925988194802645,3.7,24.583333333333336,564.4144144144144,price_m2_for_recommender (34.3 %); elevator_ratio (26.7 %); exterior_ratio (22.3 %)
DEST_001,Puerta del Sol,BICYCLE,Bicicleta,time_priority,Prioridad al tiempo,extended,KNN_global,7,7,6,MAD-016,Sol,MAD-073,Trafalgar,Chamberí,False,1.5225696634675596,0.6809138535984882,7696.61,8568.41,11.327064772672646,3.7,30.21666666666667,716.6666666666667,elevator_ratio (40.2 %); exterior_ratio (28.9 %); commute_daily_minutes (23.7 %)
DEST_001,Puerta del Sol,BICYCLE,Bicicleta,time_priority,Prioridad al tiempo,extended,KNN_global,7,7,7,MAD-016,Sol,MAD-027,Atocha,Arganzuela,False,1.5609217431387454,0.6980654250431401,7696.61,6810.36,-11.514809766897375,3.7,45.31666666666666,1124.7747747747746,commute_daily_minutes (55.5 %); elevator_ratio (20.5 %); exterior_ratio (17.1 %)
DEST_001,Puerta del Sol,BICYCLE,Bicicleta,time_priority,Prioridad al tiempo,extended,Pareto_KNN,7,7,1,MAD-016,Sol,MAD-021,Imperial,Arganzuela,True,1.4556873422745094,0.6510031702623612,7696.61,5855.12,-23.925988194802645,3.7,24.583333333333336,564.4144144144144,price_m2_for_recommender (34.3 %); elevator_ratio (26.7 %); exterior_ratio (22.3 %)
DEST_001,Puerta del Sol,BICYCLE,Bicicleta,time_priority,Prioridad al tiempo,extended,Pareto_KNN,7,7,2,MAD-016,Sol,MAD-011,Palacio,Centro,True,1.572203989063843,0.7031109988086178,7696.61,6895.15,-10.413155921892885,3.7,15.733333333333334,325.22522522522524,exterior_ratio (75.3 %); rooms_mean (13.3 %); price_m2_for_recommender (5.6 %)
DEST_001,Puerta del Sol,BICYCLE,Bicicleta,time_priority,Prioridad al tiempo,extended,Pareto_KNN,7,7,3,MAD-016,Sol,MAD-102,Puerta del Ángel,Latina,True,2.1301141017256477,0.95261598625789,7696.61,4033.3,-47.596409328262695,3.7,30.266666666666666,718.018018018018,price_m2_for_recommender (63.3 %); elevator_ratio (23.8 %); commute_daily_minutes (12.1 %)
DEST_001,Puerta del Sol,BICYCLE,Bicicleta,time_priority,Prioridad al tiempo,extended,Pareto_KNN,7,7,4,MAD-016,Sol,MAD-125,Moscardó,Usera,True,2.2170439820586987,0.9914922105980148,7696.61,3739.18,-51.41783200655873,3.7,40.9,1005.4054054054052,price_m2_for_recommender (68.2 %); commute_daily_minutes (22.0 %); elevator_ratio (6.4 %)
DEST_001,Puerta del Sol,BICYCLE,Bicicleta,time_priority,Prioridad al tiempo,extended,Pareto_KNN,7,7,5,MAD-016,Sol,MAD-112,Opañel,Carabanchel,True,2.4610684806207948,1.100623283990044,7696.61,3500.89,-54.51387039228959,3.7,43.23333333333333,1068.4684684684682,price_m2_for_recommender (62.2 %); commute_daily_minutes (20.1 %); exterior_ratio (10.1 %)
DEST_001,Puerta del Sol,BICYCLE,Bicicleta,time_priority,Prioridad al tiempo,extended,Pareto_KNN,7,7,6,MAD-016,Sol,MAD-123,San Fermín,Usera,True,2.809012693219888,1.2562286663398863,7696.61,2755.18,-64.20268144027045,3.7,56.98333333333333,1440.0900900900897,price_m2_for_recommender (66.2 %); commute_daily_minutes (28.1 %); elevator_ratio (5.4 %)
DEST_001,Puerta del Sol,BICYCLE,Bicicleta,time_priority,Prioridad al tiempo,extended,Pareto_KNN,7,7,7,MAD-016,Sol,MAD-126,Zofío,Usera,True,2.9715255661536926,1.3289066325596408,7696.61,3089.05,-59.86479761869186,3.7,54.1,1362.162162162162,price_m2_for_recommender (51.5 %); commute_daily_minutes (22.5 %); elevator_ratio (17.3 %)
DEST_001,Puerta del Sol,CAR,Coche,price_priority,Prioridad al precio,extended,KNN_global,7,7,1,MAD-121,Orcasitas,MAD-182,Santa Eugenia,Villa de Vallecas,False,0.38742919890613287,0.17326360504448005,2357.51,2899.99,23.01071893650502,28.416666666666664,30.5,7.331378299120243,price_m2_for_recommender (41.6 %); commute_daily_minutes (40.6 %); elevator_ratio (16.3 %)
DEST_001,Puerta del Sol,CAR,Coche,price_priority,Prioridad al precio,extended,KNN_global,7,7,2,MAD-121,Orcasitas,MAD-206,Rejas,San Blas - Canillejas,False,0.893229414758197,0.39946433818033644,2357.51,3580.16,51.861922112737574,28.416666666666664,31.683333333333334,11.495601173020537,price_m2_for_recommender (39.8 %); exterior_ratio (22.5 %); commute_daily_minutes (18.8 %)
DEST_001,Puerta del Sol,CAR,Coche,price_priority,Prioridad al precio,extended,KNN_global,7,7,3,MAD-121,Orcasitas,MAD-175,Ángeles,Villaverde,False,0.921303347936917,0.4120193827770174,2357.51,2956.03,25.38780323307218,28.416666666666664,31.9,12.258064516129037,elevator_ratio (68.7 %); commute_daily_minutes (20.1 %); price_m2_for_recommender (9.0 %)
DEST_001,Puerta del Sol,CAR,Coche,price_priority,Prioridad al precio,extended,KNN_global,7,7,4,MAD-121,Orcasitas,MAD-191,Casco Histórico de Vicálvaro,Vicálvaro,False,0.9300366963272069,0.4159250549113927,2357.51,3355.2,42.31965081802408,28.416666666666664,32.71666666666667,15.131964809384181,commute_daily_minutes (30.0 %); price_m2_for_recommender (24.4 %); exterior_ratio (18.3 %)
DEST_001,Puerta del Sol,CAR,Coche,price_priority,Prioridad al precio,extended,KNN_global,7,7,5,MAD-121,Orcasitas,MAD-104,Aluche,Latina,False,0.9740903024543716,0.43562642650226097,2357.51,3360.3,42.535980759360505,28.416666666666664,28.433333333333334,0.05865102639297105,exterior_ratio (37.6 %); elevator_ratio (37.0 %); price_m2_for_recommender (22.5 %)
DEST_001,Puerta del Sol,CAR,Coche,price_priority,Prioridad al precio,extended,KNN_global,7,7,6,MAD-121,Orcasitas,MAD-165,Apóstol Santiago,Hortaleza,False,1.0100124727164683,0.45169130942333496,2357.51,4162.46,76.56171129708886,28.416666666666664,29.016666666666666,2.111436950146633,price_m2_for_recommender (67.8 %); rooms_mean (26.3 %); elevator_ratio (5.4 %)
DEST_001,Puerta del Sol,CAR,Coche,price_priority,Prioridad al precio,extended,KNN_global,7,7,7,MAD-121,Orcasitas,MAD-164,Pinar del Rey,Hortaleza,False,1.075340818631148,0.4809070338879038,2357.51,4266.54,80.97653880577387,28.416666666666664,31.433333333333334,10.61583577712611,price_m2_for_recommender (66.9 %); elevator_ratio (19.1 %); commute_daily_minutes (11.1 %)
DEST_001,Puerta del Sol,CAR,Coche,price_priority,Prioridad al precio,extended,Pareto_KNN,7,7,1,MAD-121,Orcasitas,MAD-144,Media Legua,Moratalaz,True,1.280430836242388,0.5726260780649761,2357.51,3876.72,64.44129611327203,28.416666666666664,20.016666666666666,-29.560117302052785,commute_daily_minutes (60.5 %); price_m2_for_recommender (29.9 %); rooms_mean (9.6 %)
DEST_001,Puerta del Sol,CAR,Coche,price_priority,Prioridad al precio,extended,Pareto_KNN,7,7,2,MAD-121,Orcasitas,MAD-134,Palomeras Sureste,Puente de Vallecas,True,1.3220456936593894,0.5912368080766515,2357.51,2701.36,14.58530398598521,28.416666666666664,24.366666666666667,-14.252199413489727,elevator_ratio (75.8 %); commute_daily_minutes (13.2 %); rooms_mean (6.4 %)
DEST_001,Puerta del Sol,CAR,Coche,price_priority,Prioridad al precio,extended,Pareto_KNN,7,7,3,MAD-121,Orcasitas,MAD-125,Moscardó,Usera,True,2.1862061769983128,0.9777011249196329,2357.51,3739.18,58.607174518877954,28.416666666666664,21.866666666666667,-23.04985337243401,elevator_ratio (40.9 %); exterior_ratio (33.3 %); commute_daily_minutes (12.6 %)
DEST_001,Puerta del Sol,CAR,Coche,price_priority,Prioridad al precio,extended,Pareto_KNN,7,7,4,MAD-121,Orcasitas,MAD-136,Numancia,Puente de Vallecas,True,2.4725795314881474,1.1057711824364158,2357.51,3239.46,37.41023367875427,28.416666666666664,22.933333333333334,-19.296187683284447,elevator_ratio (48.7 %); exterior_ratio (29.8 %); rooms_mean (11.9 %)
DEST_001,Puerta del Sol,CAR,Coche,price_priority,Prioridad al precio,extended,Pareto_KNN,7,7,5,MAD-121,Orcasitas,MAD-023,Chopera,Arganzuela,True,2.5491625057812737,1.1400201297241257,2357.51,5473.88,132.1890469181467,28.416666666666664,19.333333333333336,-31.964809384164205,exterior_ratio (43.7 %); price_m2_for_recommender (31.7 %); commute_daily_minutes (17.8 %)
DEST_001,Puerta del Sol,CAR,Coche,price_priority,Prioridad al precio,extended,Pareto_KNN,7,7,6,MAD-121,Orcasitas,MAD-172,San Cristóbal,Villaverde,True,3.186012350213962,1.4248280384464571,2357.51,1909.6,-18.99928314195911,28.416666666666664,40.53333333333333,42.63929618768329,elevator_ratio (78.4 %); commute_daily_minutes (20.3 %); rooms_mean (0.8 %)
DEST_001,Puerta del Sol,CAR,Coche,price_priority,Prioridad al precio,extended,Pareto_KNN,7,7,7,MAD-121,Orcasitas,MAD-031,Pacífico,Retiro,True,3.255484066871076,1.4558967346382392,2357.51,6286.22,166.64658898583673,28.416666666666664,16.3,-42.63929618768327,exterior_ratio (48.0 %); price_m2_for_recommender (30.9 %); commute_daily_minutes (19.5 %)
DEST_001,Puerta del Sol,CAR,Coche,balanced,Perfil equilibrado,extended,KNN_global,7,7,1,MAD-134,Palomeras Sureste,MAD-204,Arcos,San Blas - Canillejas,False,0.4461386141878337,0.19951925374230964,2701.36,3145.08,16.425800337607715,24.366666666666667,24.566666666666663,0.8207934336525132,exterior_ratio (27.3 %); rooms_mean (26.3 %); elevator_ratio (25.2 %)
DEST_001,Puerta del Sol,CAR,Coche,balanced,Perfil equilibrado,extended,KNN_global,7,7,2,MAD-134,Palomeras Sureste,MAD-103,Lucero,Latina,False,0.5958961633616827,0.2664928657616084,2701.36,3310.43,22.546791245890947,24.366666666666667,26.066666666666663,6.976744186046494,rooms_mean (40.9 %); elevator_ratio (25.5 %); price_m2_for_recommender (22.2 %)
DEST_001,Puerta del Sol,CAR,Coche,balanced,Perfil equilibrado,extended,KNN_global,7,7,3,MAD-134,Palomeras Sureste,MAD-112,Opañel,Carabanchel,False,0.6447451822556253,0.28833881113781384,2701.36,3500.89,29.597313945568146,24.366666666666667,26.066666666666663,6.976744186046494,price_m2_for_recommender (32.7 %); elevator_ratio (31.5 %); exterior_ratio (13.5 %)
DEST_001,Puerta del Sol,CAR,Coche,balanced,Perfil equilibrado,extended,KNN_global,7,7,4,MAD-134,Palomeras Sureste,MAD-152,Pueblo Nuevo,Ciudad Lineal,False,0.6558478814667783,0.29330408917178813,2701.36,3794.82,40.47812953475286,24.366666666666667,24.65,1.162790697674411,price_m2_for_recommender (59.0 %); rooms_mean (26.1 %); elevator_ratio (13.9 %)
DEST_001,Puerta del Sol,CAR,Coche,balanced,Perfil equilibrado,extended,KNN_global,7,7,5,MAD-134,Palomeras Sureste,MAD-113,San Isidro,Carabanchel,False,0.6700014168131466,0.29963374260307324,2701.36,3670.03,35.8586045547428,24.366666666666667,27.933333333333334,14.637482900136797,price_m2_for_recommender (44.4 %); commute_daily_minutes (39.8 %); rooms_mean (13.2 %)
DEST_001,Puerta del Sol,CAR,Coche,balanced,Perfil equilibrado,extended,KNN_global,7,7,6,MAD-134,Palomeras Sureste,MAD-122,Orcasur,Usera,False,0.684376683599853,0.3060625573490274,2701.36,3403.28,25.983948825776643,24.366666666666667,27.81666666666667,14.158686730506167,commute_daily_minutes (35.7 %); elevator_ratio (23.2 %); price_m2_for_recommender (22.3 %)
DEST_001,Puerta del Sol,CAR,Coche,balanced,Perfil equilibrado,extended,KNN_global,7,7,7,MAD-134,Palomeras Sureste,MAD-141,Pavones,Moratalaz,False,0.756612293596716,0.33836730421885713,2701.36,3721.75,37.773195723635496,24.366666666666667,25.516666666666666,4.719562243502046,price_m2_for_recommender (38.6 %); elevator_ratio (27.2 %); rooms_mean (21.5 %)
DEST_001,Puerta del Sol,CAR,Coche,balanced,Perfil equilibrado,extended,Pareto_KNN,7,7,1,MAD-134,Palomeras Sureste,MAD-125,Moscardó,Usera,True,1.2060962081212874,0.5393826217527865,2701.36,3739.18,38.418426274172994,24.366666666666667,21.866666666666667,-10.259917920656635,exterior_ratio (72.7 %); price_m2_for_recommender (15.7 %); commute_daily_minutes (6.0 %)
DEST_001,Puerta del Sol,CAR,Coche,balanced,Perfil equilibrado,extended,Pareto_KNN,7,7,2,MAD-134,Palomeras Sureste,MAD-121,Orcasitas,Usera,True,1.3220456936593894,0.5912368080766515,2701.36,2357.51,-12.728773654751677,24.366666666666667,28.416666666666664,16.621067031463735,elevator_ratio (75.8 %); commute_daily_minutes (13.2 %); rooms_mean (6.4 %)
DEST_001,Puerta del Sol,CAR,Coche,balanced,Perfil equilibrado,extended,Pareto_KNN,7,7,3,MAD-134,Palomeras Sureste,MAD-136,Numancia,Puente de Vallecas,True,1.390528594555875,0.621863292416836,2701.36,3239.46,19.91959605532028,24.366666666666667,22.933333333333334,-5.882352941176472,exterior_ratio (64.4 %); elevator_ratio (17.1 %); rooms_mean (13.9 %)
DEST_001,Puerta del Sol,CAR,Coche,balanced,Perfil equilibrado,extended,Pareto_KNN,7,7,4,MAD-134,Palomeras Sureste,MAD-144,Media Legua,Moratalaz,True,1.5954101981113964,0.7134891309946978,2701.36,3876.72,43.50993573607367,24.366666666666667,20.016666666666666,-17.852257181942548,elevator_ratio (54.9 %); rooms_mean (21.0 %); price_m2_for_recommender (11.5 %)
DEST_001,Puerta del Sol,CAR,Coche,balanced,Perfil equilibrado,extended,Pareto_KNN,7,7,5,MAD-134,Palomeras Sureste,MAD-132,San Diego,Puente de Vallecas,True,2.184206722661906,0.9768069417568104,2701.36,3078.32,13.954452572037788,24.366666666666667,24.266666666666666,-0.4103967168262712,elevator_ratio (45.0 %); exterior_ratio (41.7 %); rooms_mean (12.7 %)
DEST_001,Puerta del Sol,CAR,Coche,balanced,Perfil equilibrado,extended,Pareto_KNN,7,7,6,MAD-134,Palomeras Sureste,MAD-203,Amposta,San Blas - Canillejas,True,2.24020347493344,1.0018494506764835,2701.36,2544.1,-5.821512127224813,24.366666666666667,27.1,11.217510259917924,elevator_ratio (96.3 %); commute_daily_minutes (2.1 %); exterior_ratio (1.1 %)
DEST_001,Puerta del Sol,CAR,Coche,balanced,Perfil equilibrado,extended,Pareto_KNN,7,7,7,MAD-134,Palomeras Sureste,MAD-172,San Cristóbal,Villaverde,True,2.579128502916858,1.1534213310458716,2701.36,1909.6,-29.309681049545425,24.366666666666667,40.53333333333333,66.34746922024623,commute_daily_minutes (55.2 %); elevator_ratio (41.9 %); price_m2_for_recommender (2.0 %)
DEST_001,Puerta del Sol,CAR,Coche,time_priority,Prioridad al tiempo,extended,KNN_global,7,7,1,MAD-015,Universidad,MAD-013,Cortes,Centro,False,0.8283043274552392,0.370428956449432,7135.43,7246.75,1.5601021942615891,10.0,13.583333333333332,35.83333333333332,exterior_ratio (62.4 %); commute_daily_minutes (26.3 %); elevator_ratio (10.1 %)
DEST_001,Puerta del Sol,CAR,Coche,time_priority,Prioridad al tiempo,extended,KNN_global,7,7,2,MAD-015,Universidad,MAD-011,Palacio,Centro,True,0.8904203036889022,0.3982080655188784,7135.43,6895.15,-3.3674214448183313,10.0,16.216666666666665,62.16666666666665,commute_daily_minutes (68.5 %); rooms_mean (16.9 %); exterior_ratio (10.6 %)
DEST_001,Puerta del Sol,CAR,Coche,time_priority,Prioridad al tiempo,extended,KNN_global,7,7,3,MAD-015,Universidad,MAD-016,Sol,Centro,False,1.116255550196011,0.4992046580999418,7135.43,7696.61,7.864697712681638,10.0,11.566666666666666,15.666666666666663,exterior_ratio (88.1 %); price_m2_for_recommender (5.4 %); rooms_mean (3.7 %)
DEST_001,Puerta del Sol,CAR,Coche,time_priority,Prioridad al tiempo,extended,KNN_global,7,7,4,MAD-015,Universidad,MAD-031,Pacífico,Retiro,True,1.207703716198789,0.5401015212199212,7135.43,6286.22,-11.901314987323818,10.0,16.3,63.000000000000014,elevator_ratio (49.9 %); commute_daily_minutes (38.2 %); price_m2_for_recommender (10.5 %)
DEST_001,Puerta del Sol,CAR,Coche,time_priority,Prioridad al tiempo,extended,KNN_global,7,7,5,MAD-015,Universidad,MAD-073,Trafalgar,Chamberí,False,1.2118043215794878,0.54193536769595,7135.43,8568.41,20.082601889444636,10.0,12.2,21.999999999999993,elevator_ratio (60.0 %); price_m2_for_recommender (29.7 %); commute_daily_minutes (4.6 %)
DEST_001,Puerta del Sol,CAR,Coche,time_priority,Prioridad al tiempo,extended,KNN_global,7,7,6,MAD-015,Universidad,MAD-043,Fuente del Berro,Salamanca,False,1.2325942873257736,0.5512329230276675,7135.43,7598.53,6.49014845636492,10.0,17.53333333333333,75.33333333333331,commute_daily_minutes (52.5 %); elevator_ratio (43.5 %); price_m2_for_recommender (3.0 %)
DEST_001,Puerta del Sol,CAR,Coche,time_priority,Prioridad al tiempo,extended,KNN_global,7,7,7,MAD-015,Universidad,MAD-092,Argüelles,Moncloa - Aravaca,False,1.40669059529361,0.6290911588772314,7135.43,7554.87,5.878272227462109,10.0,14.85,48.49999999999999,elevator_ratio (43.4 %); rooms_mean (25.9 %); commute_daily_minutes (16.7 %)
DEST_001,Puerta del Sol,CAR,Coche,time_priority,Prioridad al tiempo,extended,Pareto_KNN,7,7,1,MAD-015,Universidad,MAD-011,Palacio,Centro,True,0.8904203036889028,0.39820806551887866,7135.43,6895.15,-3.3674214448183313,10.0,16.216666666666665,62.16666666666665,commute_daily_minutes (68.5 %); rooms_mean (16.9 %); exterior_ratio (10.6 %)
DEST_001,Puerta del Sol,CAR,Coche,time_priority,Prioridad al tiempo,extended,Pareto_KNN,7,7,2,MAD-015,Universidad,MAD-031,Pacífico,Retiro,True,1.2077037161987887,0.540101521219921,7135.43,6286.22,-11.901314987323818,10.0,16.3,63.000000000000014,elevator_ratio (49.9 %); commute_daily_minutes (38.2 %); price_m2_for_recommender (10.5 %)
DEST_001,Puerta del Sol,CAR,Coche,time_priority,Prioridad al tiempo,extended,Pareto_KNN,7,7,3,MAD-015,Universidad,MAD-014,Justicia,Centro,True,1.604136330454182,0.7173915760145234,7135.43,9541.9,33.72564792871627,10.0,9.216666666666669,-7.833333333333314,price_m2_for_recommender (47.8 %); exterior_ratio (30.0 %); elevator_ratio (18.6 %)
DEST_001,Puerta del Sol,CAR,Coche,time_priority,Prioridad al tiempo,extended,Pareto_KNN,7,7,4,MAD-015,Universidad,MAD-026,Palos de la Frontera,Arganzuela,True,1.6369919583050754,0.73208505947813,7135.43,5784.65,-18.930604042082965,10.0,16.46666666666667,64.66666666666669,exterior_ratio (40.2 %); commute_daily_minutes (21.9 %); elevator_ratio (15.6 %)
DEST_001,Puerta del Sol,CAR,Coche,time_priority,Prioridad al tiempo,extended,Pareto_KNN,7,7,5,MAD-015,Universidad,MAD-023,Chopera,Arganzuela,True,1.9763379985691438,0.8838452222632975,7135.43,5473.88,-23.285912692017163,10.0,19.333333333333336,93.33333333333336,elevator_ratio (44.0 %); commute_daily_minutes (31.3 %); price_m2_for_recommender (15.0 %)
DEST_001,Puerta del Sol,CAR,Coche,time_priority,Prioridad al tiempo,extended,Pareto_KNN,7,7,6,MAD-015,Universidad,MAD-125,Moscardó,Usera,True,2.423798083573593,1.083955455720854,7135.43,3739.18,-47.59699135160741,10.0,21.866666666666667,118.66666666666667,price_m2_for_recommender (41.7 %); commute_daily_minutes (33.7 %); exterior_ratio (17.8 %)
DEST_001,Puerta del Sol,CAR,Coche,time_priority,Prioridad al tiempo,extended,Pareto_KNN,7,7,7,MAD-015,Universidad,MAD-136,Numancia,Puente de Vallecas,True,2.76548663712185,1.2367632222943499,7135.43,3239.46,-54.60035344751472,10.0,22.933333333333334,129.33333333333331,price_m2_for_recommender (42.1 %); commute_daily_minutes (30.7 %); exterior_ratio (11.4 %)
DEST_001,Puerta del Sol,TRANSIT,Transporte público,price_priority,Prioridad al precio,extended,KNN_global,7,7,1,MAD-172,San Cristóbal,MAD-202,Hellín,San Blas - Canillejas,False,0.3957790904783666,0.1769977900765335,1909.6,2498.86,30.85777126099708,139.71666666666667,148.96666666666667,6.620541572229512,commute_daily_minutes (50.1 %); price_m2_for_recommender (49.6 %); rooms_mean (0.1 %)
DEST_001,Puerta del Sol,TRANSIT,Transporte público,price_priority,Prioridad al precio,extended,KNN_global,7,7,2,MAD-172,San Cristóbal,MAD-203,Amposta,San Blas - Canillejas,False,0.7681040818629051,0.3435065881681038,1909.6,2544.1,33.22685379136992,139.71666666666667,154.88333333333333,10.855302397709643,elevator_ratio (47.1 %); commute_daily_minutes (35.8 %); price_m2_for_recommender (15.3 %)
DEST_001,Puerta del Sol,TRANSIT,Transporte público,price_priority,Prioridad al precio,extended,KNN_global,7,7,3,MAD-172,San Cristóbal,MAD-174,Los Rosales,Villaverde,False,0.8668361545806903,0.38766091339938785,1909.6,2807.4,47.015081692501056,139.71666666666667,122.3,-12.465704401765482,commute_daily_minutes (37.1 %); price_m2_for_recommender (24.0 %); elevator_ratio (22.1 %)
DEST_001,Puerta del Sol,TRANSIT,Transporte público,price_priority,Prioridad al precio,extended,KNN_global,7,7,4,MAD-172,San Cristóbal,MAD-126,Zofío,Usera,False,1.1998774897089293,0.536601526332194,1909.6,3089.05,61.764243820695455,139.71666666666667,121.61666666666667,-12.954789454849095,elevator_ratio (38.2 %); price_m2_for_recommender (21.6 %); commute_daily_minutes (20.9 %)
DEST_001,Puerta del Sol,TRANSIT,Transporte público,price_priority,Prioridad al precio,extended,KNN_global,7,7,5,MAD-172,San Cristóbal,MAD-115,Puerta Bonita,Carabanchel,False,1.2881839343448838,0.5760933689436571,1909.6,2905.06,52.12924172601592,139.71666666666667,120.68333333333332,-13.622808063938933,elevator_ratio (44.9 %); exterior_ratio (21.4 %); commute_daily_minutes (20.0 %)
DEST_001,Puerta del Sol,TRANSIT,Transporte público,price_priority,Prioridad al precio,extended,KNN_global,7,7,6,MAD-172,San Cristóbal,MAD-145,Fontarrón,Moratalaz,False,1.3449508328972224,0.6014802977506299,1909.6,3770.04,97.42563887725179,139.71666666666667,114.15,-18.298938327567694,price_m2_for_recommender (42.8 %); commute_daily_minutes (33.2 %); elevator_ratio (15.3 %)
DEST_001,Puerta del Sol,TRANSIT,Transporte público,price_priority,Prioridad al precio,extended,KNN_global,7,7,7,MAD-172,San Cristóbal,MAD-131,Entrevías,Puente de Vallecas,True,1.396595905366028,0.6245766762992603,1909.6,2430.16,27.260159195643062,139.71666666666667,122.7,-12.179410712155551,exterior_ratio (58.3 %); commute_daily_minutes (13.6 %); rooms_mean (13.5 %)
DEST_001,Puerta del Sol,TRANSIT,Transporte público,price_priority,Prioridad al precio,extended,Pareto_KNN,7,7,1,MAD-172,San Cristóbal,MAD-131,Entrevías,Puente de Vallecas,True,1.3965959053660282,0.6245766762992604,1909.6,2430.16,27.260159195643062,139.71666666666667,122.7,-12.179410712155551,exterior_ratio (58.3 %); commute_daily_minutes (13.6 %); rooms_mean (13.5 %)
DEST_001,Puerta del Sol,TRANSIT,Transporte público,price_priority,Prioridad al precio,extended,Pareto_KNN,7,7,2,MAD-172,San Cristóbal,MAD-103,Lucero,Latina,True,2.0553369875494734,0.9191746441660522,1909.6,3310.43,73.35724759111856,139.71666666666667,96.1,-31.217941071215563,elevator_ratio (44.4 %); commute_daily_minutes (41.3 %); price_m2_for_recommender (10.4 %)
DEST_001,Puerta del Sol,TRANSIT,Transporte público,price_priority,Prioridad al precio,extended,Pareto_KNN,7,7,3,MAD-172,San Cristóbal,MAD-123,San Fermín,Usera,True,2.1288345360551504,0.9520437470937086,1909.6,2755.18,44.2804775869292,139.71666666666667,111.68333333333334,-20.064416080162232,exterior_ratio (41.3 %); elevator_ratio (39.1 %); commute_daily_minutes (15.9 %)
DEST_001,Puerta del Sol,TRANSIT,Transporte público,price_priority,Prioridad al precio,extended,Pareto_KNN,7,7,4,MAD-172,San Cristóbal,MAD-132,San Diego,Puente de Vallecas,True,2.1974355002822135,0.9827230309604574,1909.6,3078.32,61.20234604105573,139.71666666666667,109.91666666666669,-21.32887987593939,exterior_ratio (62.9 %); commute_daily_minutes (16.9 %); rooms_mean (13.0 %)
DEST_001,Puerta del Sol,TRANSIT,Transporte público,price_priority,Prioridad al precio,extended,Pareto_KNN,7,7,5,MAD-172,San Cristóbal,MAD-114,Vista Alegre,Carabanchel,True,2.3096898561678594,1.032924705066609,1909.6,3213.22,68.26665270213657,139.71666666666667,102.5,-26.63724203745676,exterior_ratio (36.9 %); elevator_ratio (32.0 %); commute_daily_minutes (23.8 %)
DEST_001,Puerta del Sol,TRANSIT,Transporte público,price_priority,Prioridad al precio,extended,Pareto_KNN,7,7,6,MAD-172,San Cristóbal,MAD-112,Opañel,Carabanchel,True,2.3305493174053074,1.0422533397268001,1909.6,3500.89,83.33106409719313,139.71666666666667,83.75,-40.057258737921984,commute_daily_minutes (52.9 %); elevator_ratio (31.5 %); price_m2_for_recommender (10.4 %)
DEST_001,Puerta del Sol,TRANSIT,Transporte público,price_priority,Prioridad al precio,extended,Pareto_KNN,7,7,7,MAD-172,San Cristóbal,MAD-125,Moscardó,Usera,True,2.814437888244541,1.2586548873131498,1909.6,3739.18,95.80959363217428,139.71666666666667,79.5,-43.09912919002744,commute_daily_minutes (42.0 %); elevator_ratio (25.5 %); exterior_ratio (22.6 %)
DEST_001,Puerta del Sol,TRANSIT,Transporte público,balanced,Perfil equilibrado,extended,KNN_global,7,7,1,MAD-102,Puerta del Ángel,MAD-111,Comillas,Carabanchel,False,0.47717883470279276,0.21340086236391603,4033.3,4105.51,1.790345374755164,65.13333333333334,78.08333333333334,19.88229273285568,commute_daily_minutes (67.6 %); elevator_ratio (17.0 %); rooms_mean (13.6 %)
DEST_001,Puerta del Sol,TRANSIT,Transporte público,balanced,Perfil equilibrado,extended,KNN_global,7,7,2,MAD-102,Puerta del Ángel,MAD-125,Moscardó,Usera,True,0.7743930292747729,0.34631909095207536,4033.3,3739.18,-7.292291671832007,65.13333333333334,79.5,22.057318321392003,elevator_ratio (38.6 %); commute_daily_minutes (31.6 %); rooms_mean (19.0 %)
DEST_001,Puerta del Sol,TRANSIT,Transporte público,balanced,Perfil equilibrado,extended,KNN_global,7,7,3,MAD-102,Puerta del Ángel,MAD-112,Opañel,Carabanchel,True,0.9534974940795584,0.42641704262751917,4033.3,3500.89,-13.200357027744037,65.13333333333334,83.75,28.58239508700101,exterior_ratio (43.2 %); commute_daily_minutes (35.0 %); elevator_ratio (14.8 %)
DEST_001,Puerta del Sol,TRANSIT,Transporte público,balanced,Perfil equilibrado,extended,KNN_global,7,7,4,MAD-102,Puerta del Ángel,MAD-114,Vista Alegre,Carabanchel,True,1.2838906645145765,0.574173360306394,4033.3,3213.22,-20.33273002256218,65.13333333333334,102.5,57.3694984646878,commute_daily_minutes (77.7 %); price_m2_for_recommender (9.1 %); elevator_ratio (8.1 %)
DEST_001,Puerta del Sol,TRANSIT,Transporte público,balanced,Perfil equilibrado,extended,KNN_global,7,7,5,MAD-102,Puerta del Ángel,MAD-103,Lucero,Latina,True,1.4060351317979387,0.6287980266906134,4033.3,3310.43,-17.92254481441996,65.13333333333334,96.1,47.5435005117707,commute_daily_minutes (44.5 %); exterior_ratio (39.0 %); elevator_ratio (9.3 %)
DEST_001,Puerta del Sol,TRANSIT,Transporte público,balanced,Perfil equilibrado,extended,KNN_global,7,7,6,MAD-102,Puerta del Ángel,MAD-101,Los Cármenes,Latina,False,1.5011518258623235,0.6713355054352165,4033.3,3502.59,-13.15820791907371,65.13333333333334,92.66666666666666,42.27226202661205,rooms_mean (35.6 %); commute_daily_minutes (30.9 %); elevator_ratio (30.2 %)
DEST_001,Puerta del Sol,TRANSIT,Transporte público,balanced,Perfil equilibrado,extended,KNN_global,7,7,7,MAD-102,Puerta del Ángel,MAD-113,San Isidro,Carabanchel,False,1.5177020625866824,0.6787369963070924,4033.3,3670.03,-9.006768650980586,65.13333333333334,90.86666666666667,39.50870010235414,exterior_ratio (42.4 %); commute_daily_minutes (26.4 %); elevator_ratio (21.5 %)
DEST_001,Puerta del Sol,TRANSIT,Transporte público,balanced,Perfil equilibrado,extended,Pareto_KNN,7,7,1,MAD-102,Puerta del Ángel,MAD-125,Moscardó,Usera,True,0.7743930292747722,0.346319090952075,4033.3,3739.18,-7.292291671832007,65.13333333333334,79.5,22.057318321392003,elevator_ratio (38.6 %); commute_daily_minutes (31.6 %); rooms_mean (19.0 %)
DEST_001,Puerta del Sol,TRANSIT,Transporte público,balanced,Perfil equilibrado,extended,Pareto_KNN,7,7,2,MAD-102,Puerta del Ángel,MAD-112,Opañel,Carabanchel,True,0.9534974940795585,0.4264170426275192,4033.3,3500.89,-13.200357027744037,65.13333333333334,83.75,28.58239508700101,exterior_ratio (43.2 %); commute_daily_minutes (35.0 %); elevator_ratio (14.8 %)
DEST_001,Puerta del Sol,TRANSIT,Transporte público,balanced,Perfil equilibrado,extended,Pareto_KNN,7,7,3,MAD-102,Puerta del Ángel,MAD-114,Vista Alegre,Carabanchel,True,1.2838906645145765,0.574173360306394,4033.3,3213.22,-20.33273002256218,65.13333333333334,102.5,57.3694984646878,commute_daily_minutes (77.7 %); price_m2_for_recommender (9.1 %); elevator_ratio (8.1 %)
DEST_001,Puerta del Sol,TRANSIT,Transporte público,balanced,Perfil equilibrado,extended,Pareto_KNN,7,7,4,MAD-102,Puerta del Ángel,MAD-103,Lucero,Latina,True,1.4060351317979383,0.6287980266906131,4033.3,3310.43,-17.92254481441996,65.13333333333334,96.1,47.5435005117707,commute_daily_minutes (44.5 %); exterior_ratio (39.0 %); elevator_ratio (9.3 %)
DEST_001,Puerta del Sol,TRANSIT,Transporte público,balanced,Perfil equilibrado,extended,Pareto_KNN,7,7,5,MAD-102,Puerta del Ángel,MAD-123,San Fermín,Usera,True,1.6034358285083956,0.7170783020206936,4033.3,2755.18,-31.6891875139464,65.13333333333334,111.68333333333334,71.46878198567042,commute_daily_minutes (77.4 %); price_m2_for_recommender (14.2 %); elevator_ratio (5.9 %)
DEST_001,Puerta del Sol,TRANSIT,Transporte público,balanced,Perfil equilibrado,extended,Pareto_KNN,7,7,6,MAD-102,Puerta del Ángel,MAD-132,San Diego,Puente de Vallecas,True,1.9694927265179414,0.8807839235371039,4033.3,3078.32,-23.677385763518707,65.13333333333334,109.91666666666669,68.75639713408394,commute_daily_minutes (47.5 %); rooms_mean (23.5 %); elevator_ratio (14.0 %)
DEST_001,Puerta del Sol,TRANSIT,Transporte público,balanced,Perfil equilibrado,extended,Pareto_KNN,7,7,7,MAD-102,Puerta del Ángel,MAD-131,Entrevías,Puente de Vallecas,True,1.9911200510590132,0.8904559571061611,4033.3,2430.16,-39.747601219844796,65.13333333333334,122.7,88.38280450358238,commute_daily_minutes (76.7 %); price_m2_for_recommender (14.5 %); elevator_ratio (5.5 %)
DEST_001,Puerta del Sol,TRANSIT,Transporte público,time_priority,Prioridad al tiempo,extended,KNN_global,7,7,1,MAD-102,Puerta del Ángel,MAD-111,Comillas,Carabanchel,False,0.47717883470279276,0.21340086236391603,4033.3,4105.51,1.790345374755164,65.13333333333334,78.08333333333334,19.88229273285568,commute_daily_minutes (67.6 %); elevator_ratio (17.0 %); rooms_mean (13.6 %)
DEST_001,Puerta del Sol,TRANSIT,Transporte público,time_priority,Prioridad al tiempo,extended,KNN_global,7,7,2,MAD-102,Puerta del Ángel,MAD-125,Moscardó,Usera,True,0.7743930292747729,0.34631909095207536,4033.3,3739.18,-7.292291671832007,65.13333333333334,79.5,22.057318321392003,elevator_ratio (38.6 %); commute_daily_minutes (31.6 %); rooms_mean (19.0 %)
DEST_001,Puerta del Sol,TRANSIT,Transporte público,time_priority,Prioridad al tiempo,extended,KNN_global,7,7,3,MAD-102,Puerta del Ángel,MAD-112,Opañel,Carabanchel,True,0.9534974940795584,0.42641704262751917,4033.3,3500.89,-13.200357027744037,65.13333333333334,83.75,28.58239508700101,exterior_ratio (43.2 %); commute_daily_minutes (35.0 %); elevator_ratio (14.8 %)
DEST_001,Puerta del Sol,TRANSIT,Transporte público,time_priority,Prioridad al tiempo,extended,KNN_global,7,7,4,MAD-102,Puerta del Ángel,MAD-114,Vista Alegre,Carabanchel,True,1.2838906645145765,0.574173360306394,4033.3,3213.22,-20.33273002256218,65.13333333333334,102.5,57.3694984646878,commute_daily_minutes (77.7 %); price_m2_for_recommender (9.1 %); elevator_ratio (8.1 %)
DEST_001,Puerta del Sol,TRANSIT,Transporte público,time_priority,Prioridad al tiempo,extended,KNN_global,7,7,5,MAD-102,Puerta del Ángel,MAD-103,Lucero,Latina,True,1.4060351317979387,0.6287980266906134,4033.3,3310.43,-17.92254481441996,65.13333333333334,96.1,47.5435005117707,commute_daily_minutes (44.5 %); exterior_ratio (39.0 %); elevator_ratio (9.3 %)
DEST_001,Puerta del Sol,TRANSIT,Transporte público,time_priority,Prioridad al tiempo,extended,KNN_global,7,7,6,MAD-102,Puerta del Ángel,MAD-101,Los Cármenes,Latina,False,1.5011518258623235,0.6713355054352165,4033.3,3502.59,-13.15820791907371,65.13333333333334,92.66666666666666,42.27226202661205,rooms_mean (35.6 %); commute_daily_minutes (30.9 %); elevator_ratio (30.2 %)
DEST_001,Puerta del Sol,TRANSIT,Transporte público,time_priority,Prioridad al tiempo,extended,KNN_global,7,7,7,MAD-102,Puerta del Ángel,MAD-113,San Isidro,Carabanchel,False,1.5177020625866824,0.6787369963070924,4033.3,3670.03,-9.006768650980586,65.13333333333334,90.86666666666667,39.50870010235414,exterior_ratio (42.4 %); commute_daily_minutes (26.4 %); elevator_ratio (21.5 %)
DEST_001,Puerta del Sol,TRANSIT,Transporte público,time_priority,Prioridad al tiempo,extended,Pareto_KNN,7,7,1,MAD-102,Puerta del Ángel,MAD-125,Moscardó,Usera,True,0.7743930292747722,0.346319090952075,4033.3,3739.18,-7.292291671832007,65.13333333333334,79.5,22.057318321392003,elevator_ratio (38.6 %); commute_daily_minutes (31.6 %); rooms_mean (19.0 %)
DEST_001,Puerta del Sol,TRANSIT,Transporte público,time_priority,Prioridad al tiempo,extended,Pareto_KNN,7,7,2,MAD-102,Puerta del Ángel,MAD-112,Opañel,Carabanchel,True,0.9534974940795585,0.4264170426275192,4033.3,3500.89,-13.200357027744037,65.13333333333334,83.75,28.58239508700101,exterior_ratio (43.2 %); commute_daily_minutes (35.0 %); elevator_ratio (14.8 %)
DEST_001,Puerta del Sol,TRANSIT,Transporte público,time_priority,Prioridad al tiempo,extended,Pareto_KNN,7,7,3,MAD-102,Puerta del Ángel,MAD-114,Vista Alegre,Carabanchel,True,1.2838906645145765,0.574173360306394,4033.3,3213.22,-20.33273002256218,65.13333333333334,102.5,57.3694984646878,commute_daily_minutes (77.7 %); price_m2_for_recommender (9.1 %); elevator_ratio (8.1 %)
DEST_001,Puerta del Sol,TRANSIT,Transporte público,time_priority,Prioridad al tiempo,extended,Pareto_KNN,7,7,4,MAD-102,Puerta del Ángel,MAD-103,Lucero,Latina,True,1.4060351317979383,0.6287980266906131,4033.3,3310.43,-17.92254481441996,65.13333333333334,96.1,47.5435005117707,commute_daily_minutes (44.5 %); exterior_ratio (39.0 %); elevator_ratio (9.3 %)
DEST_001,Puerta del Sol,TRANSIT,Transporte público,time_priority,Prioridad al tiempo,extended,Pareto_KNN,7,7,5,MAD-102,Puerta del Ángel,MAD-123,San Fermín,Usera,True,1.6034358285083956,0.7170783020206936,4033.3,2755.18,-31.6891875139464,65.13333333333334,111.68333333333334,71.46878198567042,commute_daily_minutes (77.4 %); price_m2_for_recommender (14.2 %); elevator_ratio (5.9 %)
DEST_001,Puerta del Sol,TRANSIT,Transporte público,time_priority,Prioridad al tiempo,extended,Pareto_KNN,7,7,6,MAD-102,Puerta del Ángel,MAD-132,San Diego,Puente de Vallecas,True,1.9694927265179414,0.8807839235371039,4033.3,3078.32,-23.677385763518707,65.13333333333334,109.91666666666669,68.75639713408394,commute_daily_minutes (47.5 %); rooms_mean (23.5 %); elevator_ratio (14.0 %)
DEST_001,Puerta del Sol,TRANSIT,Transporte público,time_priority,Prioridad al tiempo,extended,Pareto_KNN,7,7,7,MAD-102,Puerta del Ángel,MAD-131,Entrevías,Puente de Vallecas,True,1.9911200510590132,0.8904559571061611,4033.3,2430.16,-39.747601219844796,65.13333333333334,122.7,88.38280450358238,commute_daily_minutes (76.7 %); price_m2_for_recommender (14.5 %); elevator_ratio (5.5 %)
DEST_001,Puerta del Sol,WALK,A pie,price_priority,Prioridad al precio,extended,KNN_global,7,7,1,MAD-121,Orcasitas,MAD-175,Ángeles,Villaverde,False,0.902512037087099,0.4036156530877129,2357.51,2956.03,25.38780323307218,184.06666666666663,213.7,16.099239406012327,elevator_ratio (75.3 %); commute_daily_minutes (13.1 %); price_m2_for_recommender (9.4 %)
DEST_001,Puerta del Sol,WALK,A pie,price_priority,Prioridad al precio,extended,KNN_global,7,7,2,MAD-121,Orcasitas,MAD-143,Marroquina,Moratalaz,False,0.9549168839323368,0.4270518130669963,2357.51,4301.17,82.44546152508366,184.06666666666663,169.16666666666669,-8.094893154654086,price_m2_for_recommender (88.4 %); elevator_ratio (8.6 %); commute_daily_minutes (3.0 %)
DEST_001,Puerta del Sol,WALK,A pie,price_priority,Prioridad al precio,extended,KNN_global,7,7,3,MAD-121,Orcasitas,MAD-144,Media Legua,Moratalaz,False,0.9848352339442921,0.44043170594726905,2357.51,3876.72,64.44129611327203,184.06666666666663,132.5,-28.0152118797537,price_m2_for_recommender (50.8 %); commute_daily_minutes (33.3 %); rooms_mean (15.8 %)
DEST_001,Puerta del Sol,WALK,A pie,price_priority,Prioridad al precio,extended,KNN_global,7,7,4,MAD-121,Orcasitas,MAD-104,Aluche,Latina,False,1.007204566231826,0.45043557546851043,2357.51,3360.3,42.535980759360505,184.06666666666663,167.53333333333333,-8.982252806953987,exterior_ratio (36.5 %); elevator_ratio (36.3 %); price_m2_for_recommender (21.1 %)
DEST_001,Puerta del Sol,WALK,A pie,price_priority,Prioridad al precio,extended,KNN_global,7,7,5,MAD-121,Orcasitas,MAD-182,Santa Eugenia,Villa de Vallecas,False,1.0239896868973164,0.45794210963222504,2357.51,2899.99,23.01071893650502,184.06666666666663,272.83333333333337,48.225280695400265,commute_daily_minutes (91.4 %); price_m2_for_recommender (6.0 %); elevator_ratio (2.5 %)
DEST_001,Puerta del Sol,WALK,A pie,price_priority,Prioridad al precio,extended,KNN_global,7,7,6,MAD-121,Orcasitas,MAD-116,Buenavista,Carabanchel,False,1.0563190910043503,0.47240025868330277,2357.51,3291.57,39.620616667585715,184.06666666666663,199.5333333333333,8.402752625860199,elevator_ratio (44.5 %); rooms_mean (20.8 %); price_m2_for_recommender (16.7 %)
DEST_001,Puerta del Sol,WALK,A pie,price_priority,Prioridad al precio,extended,KNN_global,7,7,7,MAD-121,Orcasitas,MAD-107,Águilas,Latina,False,1.0756992133508672,0.48106731287911764,2357.51,3231.64,37.0785277687051,184.06666666666663,227.85,23.78667149583486,exterior_ratio (36.5 %); elevator_ratio (27.3 %); commute_daily_minutes (20.1 %)
DEST_001,Puerta del Sol,WALK,A pie,price_priority,Prioridad al precio,extended,Pareto_KNN,7,7,1,MAD-121,Orcasitas,MAD-117,Abrantes,Carabanchel,True,1.5999624222408706,0.7155249475151616,2357.51,2912.9,23.558330611535045,184.06666666666663,153.13333333333333,-16.80550525172038,elevator_ratio (85.4 %); rooms_mean (7.5 %); commute_daily_minutes (4.5 %)
DEST_001,Puerta del Sol,WALK,A pie,price_priority,Prioridad al precio,extended,Pareto_KNN,7,7,2,MAD-121,Orcasitas,MAD-113,San Isidro,Carabanchel,True,1.7328277028711074,0.7749441073829207,2357.51,3670.03,55.67399502016958,184.06666666666663,101.08333333333331,-45.08330315103223,elevator_ratio (48.4 %); commute_daily_minutes (27.9 %); price_m2_for_recommender (12.2 %)
DEST_001,Puerta del Sol,WALK,A pie,price_priority,Prioridad al precio,extended,Pareto_KNN,7,7,3,MAD-121,Orcasitas,MAD-112,Opañel,Carabanchel,True,1.9191872973894746,0.8582866517033939,2357.51,3500.89,48.49947614220086,184.06666666666663,105.11666666666667,-42.89206809127127,elevator_ratio (65.3 %); commute_daily_minutes (20.6 %); price_m2_for_recommender (7.6 %)
DEST_001,Puerta del Sol,WALK,A pie,price_priority,Prioridad al precio,extended,Pareto_KNN,7,7,4,MAD-121,Orcasitas,MAD-123,San Fermín,Usera,True,2.047784664191491,0.9157971424827507,2357.51,2755.18,16.868221131617663,184.06666666666663,162.51666666666665,-11.707714596160804,elevator_ratio (55.6 %); exterior_ratio (41.3 %); commute_daily_minutes (1.3 %)
DEST_001,Puerta del Sol,WALK,A pie,price_priority,Prioridad al precio,extended,Pareto_KNN,7,7,5,MAD-121,Orcasitas,MAD-125,Moscardó,Usera,True,2.275938471948281,1.0178306271766708,2357.51,3739.18,58.607174518877954,184.06666666666663,100.76666666666664,-45.255342267294466,elevator_ratio (39.7 %); exterior_ratio (32.0 %); commute_daily_minutes (16.3 %)
DEST_001,Puerta del Sol,WALK,A pie,price_priority,Prioridad al precio,extended,Pareto_KNN,7,7,6,MAD-121,Orcasitas,MAD-102,Puerta del Ángel,Latina,True,2.611959285624549,1.168103703423656,2357.51,4033.3,71.08304948865539,184.06666666666663,79.71666666666665,-56.691416153567545,elevator_ratio (54.4 %); commute_daily_minutes (19.4 %); exterior_ratio (17.2 %)
DEST_001,Puerta del Sol,WALK,A pie,price_priority,Prioridad al precio,extended,Pareto_KNN,7,7,7,MAD-121,Orcasitas,MAD-023,Chopera,Arganzuela,True,2.6165369729098393,1.1701509074135852,2357.51,5473.88,132.1890469181467,184.06666666666663,77.73333333333333,-57.76892430278884,exterior_ratio (43.2 %); price_m2_for_recommender (30.3 %); commute_daily_minutes (20.1 %)
DEST_001,Puerta del Sol,WALK,A pie,balanced,Perfil equilibrado,extended,KNN_global,7,7,1,MAD-102,Puerta del Ángel,MAD-111,Comillas,Carabanchel,False,0.3298281235199342,0.147503621016354,4033.3,4105.51,1.790345374755164,79.71666666666665,95.85,20.238344135479835,elevator_ratio (37.5 %); rooms_mean (30.0 %); commute_daily_minutes (29.1 %)
DEST_001,Puerta del Sol,WALK,A pie,balanced,Perfil equilibrado,extended,KNN_global,7,7,2,MAD-102,Puerta del Ángel,MAD-125,Moscardó,Usera,True,0.6911918627911069,0.3091103981391245,4033.3,3739.18,-7.292291671832007,79.71666666666665,100.76666666666664,26.40602132552789,elevator_ratio (51.0 %); rooms_mean (25.1 %); commute_daily_minutes (11.3 %)
DEST_001,Puerta del Sol,WALK,A pie,balanced,Perfil equilibrado,extended,KNN_global,7,7,3,MAD-102,Puerta del Ángel,MAD-112,Opañel,Carabanchel,True,0.8025582639067387,0.35891496679993673,4033.3,3500.89,-13.200357027744037,79.71666666666665,105.11666666666667,31.862847585197603,exterior_ratio (56.4 %); elevator_ratio (22.0 %); commute_daily_minutes (12.2 %)
DEST_001,Puerta del Sol,WALK,A pie,balanced,Perfil equilibrado,extended,KNN_global,7,7,4,MAD-102,Puerta del Ángel,MAD-114,Vista Alegre,Carabanchel,False,1.0789113550187415,0.48250382630366295,4033.3,3213.22,-20.33273002256218,79.71666666666665,160.98333333333335,101.9443863683881,commute_daily_minutes (69.0 %); price_m2_for_recommender (12.3 %); elevator_ratio (12.1 %)
DEST_001,Puerta del Sol,WALK,A pie,balanced,Perfil equilibrado,extended,KNN_global,7,7,5,MAD-102,Puerta del Ángel,MAD-126,Zofío,Usera,False,1.1213278777239206,0.5014730719312517,4033.3,3089.05,-23.41135050702898,79.71666666666665,144.66666666666666,81.47606104955051,commute_daily_minutes (40.8 %); exterior_ratio (38.1 %); price_m2_for_recommender (15.1 %)
DEST_001,Puerta del Sol,WALK,A pie,balanced,Perfil equilibrado,extended,KNN_global,7,7,6,MAD-102,Puerta del Ángel,MAD-136,Numancia,Puente de Vallecas,False,1.132627844282093,0.5065265706047613,4033.3,3239.46,-19.682146133439122,79.71666666666665,144.78333333333333,81.62241271168725,rooms_mean (40.8 %); commute_daily_minutes (40.1 %); price_m2_for_recommender (10.5 %)
DEST_001,Puerta del Sol,WALK,A pie,balanced,Perfil equilibrado,extended,KNN_global,7,7,7,MAD-102,Puerta del Ángel,MAD-123,San Fermín,Usera,True,1.1840677682274479,0.5295312039446078,4033.3,2755.18,-31.6891875139464,79.71666666666665,162.51666666666665,103.86786535647084,commute_daily_minutes (59.5 %); price_m2_for_recommender (24.9 %); elevator_ratio (11.4 %)
DEST_001,Puerta del Sol,WALK,A pie,balanced,Perfil equilibrado,extended,Pareto_KNN,7,7,1,MAD-102,Puerta del Ángel,MAD-125,Moscardó,Usera,True,0.6911918627911062,0.3091103981391242,4033.3,3739.18,-7.292291671832007,79.71666666666665,100.76666666666664,26.40602132552789,elevator_ratio (51.0 %); rooms_mean (25.1 %); commute_daily_minutes (11.3 %)
DEST_001,Puerta del Sol,WALK,A pie,balanced,Perfil equilibrado,extended,Pareto_KNN,7,7,2,MAD-102,Puerta del Ángel,MAD-112,Opañel,Carabanchel,True,0.8025582639067381,0.35891496679993645,4033.3,3500.89,-13.200357027744037,79.71666666666665,105.11666666666667,31.862847585197603,exterior_ratio (56.4 %); elevator_ratio (22.0 %); commute_daily_minutes (12.2 %)
DEST_001,Puerta del Sol,WALK,A pie,balanced,Perfil equilibrado,extended,Pareto_KNN,7,7,3,MAD-102,Puerta del Ángel,MAD-123,San Fermín,Usera,True,1.1840677682274479,0.5295312039446078,4033.3,2755.18,-31.6891875139464,79.71666666666665,162.51666666666665,103.86786535647084,commute_daily_minutes (59.5 %); price_m2_for_recommender (24.9 %); elevator_ratio (11.4 %)
DEST_001,Puerta del Sol,WALK,A pie,balanced,Perfil equilibrado,extended,Pareto_KNN,7,7,4,MAD-102,Puerta del Ángel,MAD-113,San Isidro,Carabanchel,True,1.3086398664846575,0.5852415399051886,4033.3,3670.03,-9.006768650980586,79.71666666666665,101.08333333333331,26.803261551327616,exterior_ratio (52.8 %); elevator_ratio (30.4 %); rooms_mean (11.9 %)
DEST_001,Puerta del Sol,WALK,A pie,balanced,Perfil equilibrado,extended,Pareto_KNN,7,7,5,MAD-102,Puerta del Ángel,MAD-131,Entrevías,Puente de Vallecas,True,1.433863868767683,0.6412434162090753,4033.3,2430.16,-39.747601219844796,79.71666666666665,176.66666666666669,121.61823123562624,commute_daily_minutes (55.6 %); price_m2_for_recommender (26.7 %); elevator_ratio (11.2 %)
DEST_001,Puerta del Sol,WALK,A pie,balanced,Perfil equilibrado,extended,Pareto_KNN,7,7,6,MAD-102,Puerta del Ángel,MAD-132,San Diego,Puente de Vallecas,True,1.5708220490217908,0.7024929764336462,4033.3,3078.32,-23.677385763518707,79.71666666666665,136.48333333333335,71.21053731967389,rooms_mean (38.9 %); elevator_ratio (23.1 %); commute_daily_minutes (15.9 %)
DEST_001,Puerta del Sol,WALK,A pie,balanced,Perfil equilibrado,extended,Pareto_KNN,7,7,7,MAD-102,Puerta del Ángel,MAD-117,Abrantes,Carabanchel,True,1.6142614439426224,0.721919664422534,4033.3,2912.9,-27.77874197307416,79.71666666666665,153.13333333333333,92.09701024461637,exterior_ratio (44.9 %); commute_daily_minutes (25.1 %); rooms_mean (11.9 %)
DEST_001,Puerta del Sol,WALK,A pie,time_priority,Prioridad al tiempo,extended,KNN_global,7,7,1,MAD-016,Sol,MAD-013,Cortes,Centro,True,0.594805844607634,0.26600526039136924,7696.61,7246.75,-5.844910941310522,3.7,21.166666666666664,472.072072072072,exterior_ratio (45.5 %); elevator_ratio (26.6 %); price_m2_for_recommender (12.2 %)
DEST_001,Puerta del Sol,WALK,A pie,time_priority,Prioridad al tiempo,extended,KNN_global,7,7,2,MAD-016,Sol,MAD-015,Universidad,Centro,False,1.1645641229626258,0.520808908620371,7696.61,7135.43,-7.291261997164979,3.7,32.56666666666666,780.1801801801801,exterior_ratio (84.2 %); commute_daily_minutes (7.5 %); price_m2_for_recommender (5.0 %)
DEST_001,Puerta del Sol,WALK,A pie,time_priority,Prioridad al tiempo,extended,KNN_global,7,7,3,MAD-016,Sol,MAD-014,Justicia,Centro,False,1.2002389099974324,0.5367631583989021,7696.61,9541.9,23.975360580827143,3.7,35.31666666666666,854.5045045045044,price_m2_for_recommender (50.4 %); elevator_ratio (38.7 %); commute_daily_minutes (8.4 %)
DEST_001,Puerta del Sol,WALK,A pie,time_priority,Prioridad al tiempo,extended,KNN_global,7,7,4,MAD-016,Sol,MAD-092,Argüelles,Moncloa - Aravaca,False,1.3571336786397636,0.6069286319985732,7696.61,7554.87,-1.8415899987137168,3.7,52.66666666666666,1323.423423423423,elevator_ratio (52.9 %); exterior_ratio (17.6 %); commute_daily_minutes (15.8 %)
DEST_001,Puerta del Sol,WALK,A pie,time_priority,Prioridad al tiempo,extended,KNN_global,7,7,5,MAD-016,Sol,MAD-027,Atocha,Arganzuela,False,1.4232496608897633,0.6364965981406069,7696.61,6810.36,-11.514809766897375,3.7,91.05,2360.810810810811,commute_daily_minutes (45.8 %); elevator_ratio (26.4 %); exterior_ratio (19.5 %)
DEST_001,Puerta del Sol,WALK,A pie,time_priority,Prioridad al tiempo,extended,KNN_global,7,7,6,MAD-016,Sol,MAD-073,Trafalgar,Chamberí,False,1.483538651602726,0.6634586544464145,7696.61,8568.41,11.327064772672646,3.7,58.65,1485.135135135135,elevator_ratio (45.4 %); exterior_ratio (30.4 %); commute_daily_minutes (16.7 %)
DEST_001,Puerta del Sol,WALK,A pie,time_priority,Prioridad al tiempo,extended,KNN_global,7,7,7,MAD-016,Sol,MAD-021,Imperial,Arganzuela,False,1.5044373455639102,0.6728048345140489,7696.61,5855.12,-23.925988194802645,3.7,64.41666666666666,1640.9909909909904,price_m2_for_recommender (32.0 %); elevator_ratio (26.7 %); exterior_ratio (20.9 %)
DEST_001,Puerta del Sol,WALK,A pie,time_priority,Prioridad al tiempo,extended,Pareto_KNN,7,7,1,MAD-016,Sol,MAD-013,Cortes,Centro,True,0.5948058446076344,0.26600526039136946,7696.61,7246.75,-5.844910941310522,3.7,21.166666666666664,472.072072072072,exterior_ratio (45.5 %); elevator_ratio (26.6 %); price_m2_for_recommender (12.2 %)
DEST_001,Puerta del Sol,WALK,A pie,time_priority,Prioridad al tiempo,extended,Pareto_KNN,7,7,2,MAD-016,Sol,MAD-023,Chopera,Arganzuela,True,1.9895685043396931,0.8897620843192278,7696.61,5473.88,-28.879337786376073,3.7,77.73333333333333,2000.9009009009008,elevator_ratio (48.2 %); price_m2_for_recommender (26.6 %); commute_daily_minutes (16.8 %)
DEST_001,Puerta del Sol,WALK,A pie,time_priority,Prioridad al tiempo,extended,Pareto_KNN,7,7,3,MAD-016,Sol,MAD-102,Puerta del Ángel,Latina,True,2.180299622929085,0.9750596336373186,7696.61,4033.3,-47.596409328262695,3.7,79.71666666666665,2054.504504504504,price_m2_for_recommender (60.2 %); elevator_ratio (24.3 %); commute_daily_minutes (14.8 %)
DEST_001,Puerta del Sol,WALK,A pie,time_priority,Prioridad al tiempo,extended,Pareto_KNN,7,7,4,MAD-016,Sol,MAD-125,Moscardó,Usera,True,2.2335734067790782,0.9988843940587616,7696.61,3739.18,-51.41783200655873,3.7,100.76666666666664,2623.4234234234227,price_m2_for_recommender (67.0 %); commute_daily_minutes (23.0 %); elevator_ratio (6.8 %)
DEST_001,Puerta del Sol,WALK,A pie,time_priority,Prioridad al tiempo,extended,Pareto_KNN,7,7,5,MAD-016,Sol,MAD-112,Opañel,Carabanchel,True,2.4707525650573965,1.104954138210062,7696.61,3500.89,-54.51387039228959,3.7,105.11666666666667,2740.990990990991,price_m2_for_recommender (61.5 %); commute_daily_minutes (20.5 %); exterior_ratio (10.0 %)
DEST_001,Puerta del Sol,WALK,A pie,time_priority,Prioridad al tiempo,extended,Pareto_KNN,7,7,6,MAD-016,Sol,MAD-022,Acacias,Arganzuela,True,2.494960995863467,1.1157804775922568,7696.61,5736.45,-25.467835839415017,3.7,68.91666666666667,1762.6126126126126,exterior_ratio (70.1 %); price_m2_for_recommender (13.2 %); commute_daily_minutes (8.3 %)
DEST_001,Puerta del Sol,WALK,A pie,time_priority,Prioridad al tiempo,extended,Pareto_KNN,7,7,7,MAD-016,Sol,MAD-113,San Isidro,Carabanchel,True,2.5044007336819067,1.120002056682618,7696.61,3670.03,-52.31627950487292,3.7,101.08333333333331,2631.981981981981,price_m2_for_recommender (55.1 %); exterior_ratio (20.3 %); commute_daily_minutes (18.4 %)
DEST_002,Nuevos Ministerios,BICYCLE,Bicicleta,price_priority,Prioridad al precio,extended,KNN_global,7,7,1,MAD-203,Amposta,MAD-202,Hellín,San Blas - Canillejas,True,0.5582959400320989,0.24967753469478385,2544.1,2498.86,-1.7782319877363226,75.61666666666667,83.08333333333333,9.874366321357707,elevator_ratio (83.6 %); commute_daily_minutes (13.6 %); rooms_mean (2.6 %)
DEST_002,Nuevos Ministerios,BICYCLE,Bicicleta,price_priority,Prioridad al precio,extended,KNN_global,7,7,2,MAD-203,Amposta,MAD-145,Fontarrón,Moratalaz,False,1.2701350084153957,0.5680216438838185,2544.1,3770.04,48.18757124326874,75.61666666666667,87.61666666666666,15.86951730218204,elevator_ratio (67.6 %); price_m2_for_recommender (19.9 %); commute_daily_minutes (6.8 %)
DEST_002,Nuevos Ministerios,BICYCLE,Bicicleta,price_priority,Prioridad al precio,extended,KNN_global,7,7,3,MAD-203,Amposta,MAD-127,Pradolongo,Usera,False,1.325028037095151,0.5925705526075741,2544.1,3390.16,33.25576824810346,75.61666666666667,103.48333333333332,36.852545735067196,exterior_ratio (47.6 %); commute_daily_minutes (33.6 %); price_m2_for_recommender (8.7 %)
DEST_002,Nuevos Ministerios,BICYCLE,Bicicleta,price_priority,Prioridad al precio,extended,KNN_global,7,7,4,MAD-203,Amposta,MAD-126,Zofío,Usera,False,1.5343575242134415,0.6861855451859069,2544.1,3089.05,21.4201485790653,75.61666666666667,101.23333333333332,33.87701124090806,elevator_ratio (67.2 %); commute_daily_minutes (21.2 %); exterior_ratio (6.5 %)
DEST_002,Nuevos Ministerios,BICYCLE,Bicicleta,price_priority,Prioridad al precio,extended,KNN_global,7,7,5,MAD-203,Amposta,MAD-174,Los Rosales,Villaverde,False,1.7027757916793607,0.7615044841272142,2544.1,2807.4,10.349435949844747,75.61666666666667,126.08333333333331,66.74013665417672,commute_daily_minutes (66.8 %); elevator_ratio (29.6 %); exterior_ratio (2.7 %)
DEST_002,Nuevos Ministerios,BICYCLE,Bicicleta,price_priority,Prioridad al precio,extended,KNN_global,7,7,6,MAD-203,Amposta,MAD-207,Canillejas,San Blas - Canillejas,False,1.7725334946526003,0.7927010772876948,2544.1,3409.64,34.02146142054165,75.61666666666667,81.2,7.383733744765256,elevator_ratio (55.1 %); rooms_mean (21.2 %); exterior_ratio (17.9 %)
DEST_002,Nuevos Ministerios,BICYCLE,Bicicleta,price_priority,Prioridad al precio,extended,KNN_global,7,7,7,MAD-203,Amposta,MAD-115,Puerta Bonita,Carabanchel,False,1.8534613104614204,0.8288930967715156,2544.1,2905.06,14.188121536103141,75.61666666666667,114.98333333333332,52.060833149658336,elevator_ratio (55.3 %); commute_daily_minutes (34.3 %); exterior_ratio (9.6 %)
DEST_002,Nuevos Ministerios,BICYCLE,Bicicleta,price_priority,Prioridad al precio,extended,Pareto_KNN,7,7,1,MAD-203,Amposta,MAD-202,Hellín,San Blas - Canillejas,True,0.5582959400320974,0.24967753469478315,2544.1,2498.86,-1.7782319877363226,75.61666666666667,83.08333333333333,9.874366321357707,elevator_ratio (83.6 %); commute_daily_minutes (13.6 %); rooms_mean (2.6 %)
DEST_002,Nuevos Ministerios,BICYCLE,Bicicleta,price_priority,Prioridad al precio,extended,Pareto_KNN,7,7,2,MAD-203,Amposta,MAD-131,Entrevías,Puente de Vallecas,True,1.9048175024544693,0.8518602840439131,2544.1,2430.16,-4.4785975394049,75.61666666666667,118.71666666666664,56.99801631033717,commute_daily_minutes (38.9 %); exterior_ratio (29.0 %); elevator_ratio (27.1 %)
DEST_002,Nuevos Ministerios,BICYCLE,Bicicleta,price_priority,Prioridad al precio,extended,Pareto_KNN,7,7,3,MAD-203,Amposta,MAD-172,San Cristóbal,Villaverde,True,1.9306664821807116,0.8634202992072915,2544.1,1909.6,-24.940057387681303,75.61666666666667,142.06666666666666,87.87745206083314,commute_daily_minutes (90.1 %); elevator_ratio (7.3 %); price_m2_for_recommender (2.3 %)
DEST_002,Nuevos Ministerios,BICYCLE,Bicicleta,price_priority,Prioridad al precio,extended,Pareto_KNN,7,7,4,MAD-203,Amposta,MAD-152,Pueblo Nuevo,Ciudad Lineal,True,2.1224625584351084,0.9491941120718044,2544.1,3794.82,49.16158956015881,75.61666666666667,61.266666666666666,-18.977297773859387,elevator_ratio (83.2 %); price_m2_for_recommender (7.4 %); rooms_mean (5.2 %)
DEST_002,Nuevos Ministerios,BICYCLE,Bicicleta,price_priority,Prioridad al precio,extended,Pareto_KNN,7,7,5,MAD-203,Amposta,MAD-153,Quintana,Ciudad Lineal,True,2.1816051333645294,0.9756434756531164,2544.1,4436.01,74.36460830942181,75.61666666666667,49.61666666666666,-34.38395415472781,elevator_ratio (49.8 %); price_m2_for_recommender (16.1 %); exterior_ratio (11.8 %)
DEST_002,Nuevos Ministerios,BICYCLE,Bicicleta,price_priority,Prioridad al precio,extended,Pareto_KNN,7,7,6,MAD-203,Amposta,MAD-151,Ventas,Ciudad Lineal,True,2.4775329869510805,1.107986435064143,2544.1,4133.07,62.457057505601185,75.61666666666667,60.833333333333336,-19.55036367643818,elevator_ratio (83.7 %); price_m2_for_recommender (8.8 %); exterior_ratio (3.1 %)
DEST_002,Nuevos Ministerios,BICYCLE,Bicicleta,price_priority,Prioridad al precio,extended,Pareto_KNN,7,7,7,MAD-203,Amposta,MAD-094,Valdezarza,Moncloa - Aravaca,True,3.076655471549247,1.3759221555461572,2544.1,4484.04,76.25250579772808,75.61666666666667,43.7,-42.20850782455367,elevator_ratio (83.3 %); price_m2_for_recommender (8.5 %); commute_daily_minutes (8.2 %)
DEST_002,Nuevos Ministerios,BICYCLE,Bicicleta,balanced,Perfil equilibrado,extended,KNN_global,7,7,1,MAD-061,Bellas Vistas,MAD-015,Universidad,Centro,False,1.3838692238721682,0.6188851313096085,5223.92,7135.43,36.59148685278489,21.700000000000003,40.15,85.02304147465435,price_m2_for_recommender (40.8 %); exterior_ratio (35.1 %); commute_daily_minutes (13.5 %)
DEST_002,Nuevos Ministerios,BICYCLE,Bicicleta,balanced,Perfil equilibrado,extended,KNN_global,7,7,2,MAD-061,Bellas Vistas,MAD-011,Palacio,Centro,False,1.5084706960293741,0.6746086036776205,5223.92,6895.15,31.991875832707994,21.700000000000003,63.65,193.31797235023038,commute_daily_minutes (58.8 %); price_m2_for_recommender (26.3 %); exterior_ratio (12.1 %)
DEST_002,Nuevos Ministerios,BICYCLE,Bicicleta,balanced,Perfil equilibrado,extended,KNN_global,7,7,3,MAD-061,Bellas Vistas,MAD-066,Berruguete,Tetuán,True,1.53249714367454,0.6853535577161066,5223.92,4789.99,-8.306597344522892,21.700000000000003,28.21666666666667,30.030721966205828,exterior_ratio (78.1 %); elevator_ratio (16.0 %); rooms_mean (2.8 %)
DEST_002,Nuevos Ministerios,BICYCLE,Bicicleta,balanced,Perfil equilibrado,extended,KNN_global,7,7,4,MAD-061,Bellas Vistas,MAD-026,Palos de la Frontera,Arganzuela,False,1.587719940904833,0.710049943419031,5223.92,5784.65,10.733893321490367,21.700000000000003,70.93333333333334,226.8817204301075,commute_daily_minutes (73.1 %); elevator_ratio (21.9 %); price_m2_for_recommender (2.7 %)
DEST_002,Nuevos Ministerios,BICYCLE,Bicicleta,balanced,Perfil equilibrado,extended,KNN_global,7,7,5,MAD-061,Bellas Vistas,MAD-022,Acacias,Arganzuela,False,1.6025774310767416,0.7166944150189156,5223.92,5736.45,9.81121456683869,21.700000000000003,77.53333333333333,257.29646697388625,commute_daily_minutes (92.3 %); elevator_ratio (3.9 %); price_m2_for_recommender (2.2 %)
DEST_002,Nuevos Ministerios,BICYCLE,Bicicleta,balanced,Perfil equilibrado,extended,KNN_global,7,7,6,MAD-061,Bellas Vistas,MAD-012,Embajadores,Centro,False,1.6929074256866268,0.7570912166898942,5223.92,6054.75,15.904340035835158,21.700000000000003,66.38333333333333,205.91397849462356,commute_daily_minutes (53.0 %); exterior_ratio (32.5 %); elevator_ratio (9.1 %)
DEST_002,Nuevos Ministerios,BICYCLE,Bicicleta,balanced,Perfil equilibrado,extended,KNN_global,7,7,7,MAD-061,Bellas Vistas,MAD-031,Pacífico,Retiro,False,1.7404013168527757,0.7783311305225913,5223.92,6286.22,20.335303756565953,21.700000000000003,59.31666666666666,173.3486943164362,commute_daily_minutes (35.5 %); elevator_ratio (29.7 %); exterior_ratio (23.8 %)
DEST_002,Nuevos Ministerios,BICYCLE,Bicicleta,balanced,Perfil equilibrado,extended,Pareto_KNN,7,7,1,MAD-061,Bellas Vistas,MAD-066,Berruguete,Tetuán,True,1.5324971436745396,0.6853535577161064,5223.92,4789.99,-8.306597344522892,21.700000000000003,28.21666666666667,30.030721966205828,exterior_ratio (78.1 %); elevator_ratio (16.0 %); rooms_mean (2.8 %)
DEST_002,Nuevos Ministerios,BICYCLE,Bicicleta,balanced,Perfil equilibrado,extended,Pareto_KNN,7,7,2,MAD-061,Bellas Vistas,MAD-075,Ríos Rosas,Chamberí,True,1.9115700615229327,0.8548801202637465,5223.92,7915.16,51.517634266987244,21.700000000000003,12.133333333333333,-44.08602150537635,price_m2_for_recommender (42.4 %); elevator_ratio (41.8 %); rooms_mean (13.8 %)
DEST_002,Nuevos Ministerios,BICYCLE,Bicicleta,balanced,Perfil equilibrado,extended,Pareto_KNN,7,7,3,MAD-061,Bellas Vistas,MAD-062,Cuatro Caminos,Tetuán,True,1.913782497937312,0.8558695519074361,5223.92,6496.82,24.36675906216021,21.700000000000003,12.383333333333333,-42.93394777265746,exterior_ratio (47.2 %); rooms_mean (25.5 %); elevator_ratio (16.0 %)
DEST_002,Nuevos Ministerios,BICYCLE,Bicicleta,balanced,Perfil equilibrado,extended,Pareto_KNN,7,7,4,MAD-061,Bellas Vistas,MAD-153,Quintana,Ciudad Lineal,True,2.704786107974932,1.2096171204058068,5223.92,4436.01,-15.082734804514615,21.700000000000003,49.61666666666666,128.6482334869431,exterior_ratio (78.7 %); elevator_ratio (10.8 %); commute_daily_minutes (8.1 %)
DEST_002,Nuevos Ministerios,BICYCLE,Bicicleta,balanced,Perfil equilibrado,extended,Pareto_KNN,7,7,5,MAD-061,Bellas Vistas,MAD-151,Ventas,Ciudad Lineal,True,2.9743442571413308,1.330167189490826,5223.92,4133.07,-20.881828205638683,21.700000000000003,60.833333333333336,180.3379416282642,exterior_ratio (83.2 %); commute_daily_minutes (13.2 %); price_m2_for_recommender (2.9 %)
DEST_002,Nuevos Ministerios,BICYCLE,Bicicleta,balanced,Perfil equilibrado,extended,Pareto_KNN,7,7,6,MAD-061,Bellas Vistas,MAD-201,Simancas,San Blas - Canillejas,True,3.237499864790007,1.4478539549633667,5223.92,3690.7,-29.349990045789372,21.700000000000003,68.08333333333333,213.74807987711205,exterior_ratio (68.8 %); commute_daily_minutes (15.6 %); elevator_ratio (10.8 %)
DEST_002,Nuevos Ministerios,BICYCLE,Bicicleta,balanced,Perfil equilibrado,extended,Pareto_KNN,7,7,7,MAD-061,Bellas Vistas,MAD-152,Pueblo Nuevo,Ciudad Lineal,True,3.2668506445126955,1.4609800226938774,5223.92,3794.82,-27.356850794039726,21.700000000000003,61.266666666666666,182.33486943164357,exterior_ratio (82.5 %); commute_daily_minutes (11.2 %); price_m2_for_recommender (4.1 %)
DEST_002,Nuevos Ministerios,BICYCLE,Bicicleta,time_priority,Prioridad al tiempo,extended,KNN_global,7,7,1,MAD-062,Cuatro Caminos,MAD-052,Prosperidad,Chamartín,False,0.6759218297593222,0.30228143176357697,6496.82,6448.55,-0.7429788727408105,12.383333333333333,29.583333333333336,138.8963660834455,commute_daily_minutes (49.2 %); rooms_mean (39.2 %); exterior_ratio (11.5 %)
DEST_002,Nuevos Ministerios,BICYCLE,Bicicleta,time_priority,Prioridad al tiempo,extended,KNN_global,7,7,2,MAD-062,Cuatro Caminos,MAD-053,Ciudad Jardín,Chamartín,False,0.9002987447799164,0.4026258386771254,6496.82,7558.9,16.347690100695417,12.383333333333333,24.316666666666663,96.36608344549123,exterior_ratio (32.5 %); price_m2_for_recommender (29.8 %); rooms_mean (22.1 %)
DEST_002,Nuevos Ministerios,BICYCLE,Bicicleta,time_priority,Prioridad al tiempo,extended,KNN_global,7,7,3,MAD-062,Cuatro Caminos,MAD-063,Castillejos,Tetuán,False,0.9985695347573182,0.4465738719955405,6496.82,6438.0,-0.9053660098324983,12.383333333333333,23.25,87.75235531628535,exterior_ratio (86.5 %); commute_daily_minutes (9.0 %); elevator_ratio (4.4 %)
DEST_002,Nuevos Ministerios,BICYCLE,Bicicleta,time_priority,Prioridad al tiempo,extended,KNN_global,7,7,4,MAD-062,Cuatro Caminos,MAD-076,Vallehermoso,Chamberí,False,1.0161825447197967,0.45445064950843705,6496.82,6752.36,3.9333089111288286,12.383333333333333,24.96666666666667,101.61507402422613,rooms_mean (42.8 %); elevator_ratio (33.9 %); commute_daily_minutes (11.7 %)
DEST_002,Nuevos Ministerios,BICYCLE,Bicicleta,time_priority,Prioridad al tiempo,extended,KNN_global,7,7,5,MAD-062,Cuatro Caminos,MAD-092,Argüelles,Moncloa - Aravaca,False,1.1045193703807223,0.4939560789273126,6496.82,7554.87,16.285659753540966,12.383333333333333,46.45,275.10094212651416,commute_daily_minutes (72.3 %); price_m2_for_recommender (19.6 %); elevator_ratio (5.3 %)
DEST_002,Nuevos Ministerios,BICYCLE,Bicicleta,time_priority,Prioridad al tiempo,extended,KNN_global,7,7,6,MAD-062,Cuatro Caminos,MAD-044,Guindalera,Salamanca,False,1.1168721288687475,0.4994804004650849,6496.82,6722.25,3.4698514042254565,12.383333333333333,30.78333333333333,148.58681022880214,exterior_ratio (50.2 %); rooms_mean (26.4 %); commute_daily_minutes (20.6 %)
DEST_002,Nuevos Ministerios,BICYCLE,Bicicleta,time_priority,Prioridad al tiempo,extended,KNN_global,7,7,7,MAD-062,Cuatro Caminos,MAD-073,Trafalgar,Chamberí,False,1.1591836797416193,0.5184027012621213,6496.82,8568.41,31.88621510215767,12.383333333333333,26.48333333333333,113.86271870794077,price_m2_for_recommender (68.4 %); commute_daily_minutes (11.2 %); rooms_mean (10.6 %)
DEST_002,Nuevos Ministerios,BICYCLE,Bicicleta,time_priority,Prioridad al tiempo,extended,Pareto_KNN,7,7,1,MAD-062,Cuatro Caminos,MAD-075,Ríos Rosas,Chamberí,True,1.5351682199746166,0.6865480993521186,6496.82,7915.16,21.83129592631472,12.383333333333333,12.133333333333333,-2.018842530282638,exterior_ratio (69.5 %); price_m2_for_recommender (18.3 %); elevator_ratio (9.4 %)
DEST_002,Nuevos Ministerios,BICYCLE,Bicicleta,time_priority,Prioridad al tiempo,extended,Pareto_KNN,7,7,2,MAD-062,Cuatro Caminos,MAD-061,Bellas Vistas,Tetuán,True,1.913782497937312,0.8558695519074361,6496.82,5223.92,-19.59266225630385,12.383333333333333,21.700000000000003,75.235531628533,exterior_ratio (47.2 %); rooms_mean (25.5 %); elevator_ratio (16.0 %)
DEST_002,Nuevos Ministerios,BICYCLE,Bicicleta,time_priority,Prioridad al tiempo,extended,Pareto_KNN,7,7,3,MAD-062,Cuatro Caminos,MAD-066,Berruguete,Tetuán,True,2.0533136434627894,0.9182697771821128,6496.82,4789.99,-26.271776038123267,12.383333333333333,28.21666666666667,127.86002691790043,elevator_ratio (45.1 %); rooms_mean (35.5 %); price_m2_for_recommender (14.8 %)
DEST_002,Nuevos Ministerios,BICYCLE,Bicicleta,time_priority,Prioridad al tiempo,extended,Pareto_KNN,7,7,4,MAD-062,Cuatro Caminos,MAD-094,Valdezarza,Moncloa - Aravaca,True,2.300701747908023,1.0289051008549848,6496.82,4484.04,-30.981003013782125,12.383333333333333,43.7,252.89367429340516,exterior_ratio (63.6 %); price_m2_for_recommender (16.4 %); commute_daily_minutes (14.1 %)
DEST_002,Nuevos Ministerios,BICYCLE,Bicicleta,time_priority,Prioridad al tiempo,extended,Pareto_KNN,7,7,5,MAD-062,Cuatro Caminos,MAD-165,Apóstol Santiago,Hortaleza,True,2.3971524229621255,1.072039154034328,6496.82,4162.46,-35.93080922666781,12.383333333333333,51.05,312.24764468371467,exterior_ratio (58.6 %); price_m2_for_recommender (20.3 %); commute_daily_minutes (19.8 %)
DEST_002,Nuevos Ministerios,BICYCLE,Bicicleta,time_priority,Prioridad al tiempo,extended,Pareto_KNN,7,7,6,MAD-062,Cuatro Caminos,MAD-151,Ventas,Ciudad Lineal,True,2.5224543981716154,1.1280759008910106,6496.82,4133.07,-36.38318438867015,12.383333333333333,60.833333333333336,391.2516823687753,exterior_ratio (30.7 %); commute_daily_minutes (28.0 %); price_m2_for_recommender (18.8 %)
DEST_002,Nuevos Ministerios,BICYCLE,Bicicleta,time_priority,Prioridad al tiempo,extended,Pareto_KNN,7,7,7,MAD-062,Cuatro Caminos,MAD-051,El Viso,Chamartín,True,2.5849664628700197,1.15603214610691,6496.82,9382.09,44.41049621199296,12.383333333333333,10.5,-15.208613728129203,rooms_mean (48.4 %); price_m2_for_recommender (26.7 %); exterior_ratio (22.2 %)
DEST_002,Nuevos Ministerios,CAR,Coche,price_priority,Prioridad al precio,extended,KNN_global,7,7,1,MAD-203,Amposta,MAD-202,Hellín,San Blas - Canillejas,True,0.5461941874434104,0.24426546640774555,2544.1,2498.86,-1.7782319877363226,27.716666666666665,29.21666666666667,5.41190619362599,elevator_ratio (89.0 %); commute_daily_minutes (8.1 %); rooms_mean (2.8 %)
DEST_002,Nuevos Ministerios,CAR,Coche,price_priority,Prioridad al precio,extended,KNN_global,7,7,2,MAD-203,Amposta,MAD-127,Pradolongo,Usera,False,1.1211849530142504,0.5014091540579543,2544.1,3390.16,33.25576824810346,27.716666666666665,31.1,12.206855081178606,exterior_ratio (63.9 %); price_m2_for_recommender (12.1 %); elevator_ratio (10.7 %)
DEST_002,Nuevos Ministerios,CAR,Coche,price_priority,Prioridad al precio,extended,KNN_global,7,7,3,MAD-203,Amposta,MAD-145,Fontarrón,Moratalaz,False,1.248554504383243,0.5583705490828981,2544.1,3770.04,48.18757124326874,27.716666666666665,25.883333333333333,-6.614552014431745,elevator_ratio (71.3 %); price_m2_for_recommender (20.5 %); rooms_mean (6.0 %)
DEST_002,Nuevos Ministerios,CAR,Coche,price_priority,Prioridad al precio,extended,KNN_global,7,7,4,MAD-203,Amposta,MAD-126,Zofío,Usera,False,1.4165046543825939,0.6334801395288651,2544.1,3089.05,21.4201485790653,27.716666666666665,31.166666666666668,12.447384245339759,elevator_ratio (80.3 %); exterior_ratio (7.3 %); commute_daily_minutes (6.3 %)
DEST_002,Nuevos Ministerios,CAR,Coche,price_priority,Prioridad al precio,extended,KNN_global,7,7,5,MAD-203,Amposta,MAD-131,Entrevías,Puente de Vallecas,True,1.503511049421888,0.6723905822858774,2544.1,2430.16,-4.4785975394049,27.716666666666665,30.166666666666668,8.83944678292244,exterior_ratio (44.7 %); elevator_ratio (44.2 %); rooms_mean (8.1 %)
DEST_002,Nuevos Ministerios,CAR,Coche,price_priority,Prioridad al precio,extended,KNN_global,7,7,6,MAD-203,Amposta,MAD-172,San Cristóbal,Villaverde,True,1.6494649428065067,0.7376631477236303,2544.1,1909.6,-24.940057387681303,27.716666666666665,42.53333333333333,53.4576067348166,commute_daily_minutes (86.2 %); elevator_ratio (10.2 %); price_m2_for_recommender (3.1 %)
DEST_002,Nuevos Ministerios,CAR,Coche,price_priority,Prioridad al precio,extended,KNN_global,7,7,7,MAD-203,Amposta,MAD-135,Portazgo,Puente de Vallecas,False,1.7590193303806074,0.7866573592934398,2544.1,2703.76,6.275696710034995,27.716666666666665,28.666666666666664,3.42754058929645,elevator_ratio (76.1 %); exterior_ratio (22.3 %); rooms_mean (1.1 %)
DEST_002,Nuevos Ministerios,CAR,Coche,price_priority,Prioridad al precio,extended,Pareto_KNN,7,7,1,MAD-203,Amposta,MAD-202,Hellín,San Blas - Canillejas,True,0.5461941874434104,0.24426546640774555,2544.1,2498.86,-1.7782319877363226,27.716666666666665,29.21666666666667,5.41190619362599,elevator_ratio (89.0 %); commute_daily_minutes (8.1 %); rooms_mean (2.8 %)
DEST_002,Nuevos Ministerios,CAR,Coche,price_priority,Prioridad al precio,extended,Pareto_KNN,7,7,2,MAD-203,Amposta,MAD-131,Entrevías,Puente de Vallecas,True,1.503511049421888,0.6723905822858774,2544.1,2430.16,-4.4785975394049,27.716666666666665,30.166666666666668,8.83944678292244,exterior_ratio (44.7 %); elevator_ratio (44.2 %); rooms_mean (8.1 %)
DEST_002,Nuevos Ministerios,CAR,Coche,price_priority,Prioridad al precio,extended,Pareto_KNN,7,7,3,MAD-203,Amposta,MAD-172,San Cristóbal,Villaverde,True,1.6494649428065067,0.7376631477236303,2544.1,1909.6,-24.940057387681303,27.716666666666665,42.53333333333333,53.4576067348166,commute_daily_minutes (86.2 %); elevator_ratio (10.2 %); price_m2_for_recommender (3.1 %)
DEST_002,Nuevos Ministerios,CAR,Coche,price_priority,Prioridad al precio,extended,Pareto_KNN,7,7,4,MAD-203,Amposta,MAD-132,San Diego,Puente de Vallecas,True,2.051737655488868,0.9175649739338307,2544.1,3078.32,20.998388428127836,27.716666666666665,25.65,-7.456404088995789,exterior_ratio (64.2 %); rooms_mean (20.5 %); elevator_ratio (12.8 %)
DEST_002,Nuevos Ministerios,CAR,Coche,price_priority,Prioridad al precio,extended,Pareto_KNN,7,7,5,MAD-203,Amposta,MAD-153,Quintana,Ciudad Lineal,True,2.2000491036426473,0.9838918699164878,2544.1,4436.01,74.36460830942181,27.716666666666665,20.416666666666664,-26.337943475646426,elevator_ratio (49.9 %); price_m2_for_recommender (15.7 %); commute_daily_minutes (11.8 %)
DEST_002,Nuevos Ministerios,CAR,Coche,price_priority,Prioridad al precio,extended,Pareto_KNN,7,7,6,MAD-203,Amposta,MAD-134,Palomeras Sureste,Puente de Vallecas,True,2.2225552907915005,0.9939569427923215,2544.1,2701.36,6.181360795566221,27.716666666666665,26.15,-5.65243535778713,elevator_ratio (97.8 %); exterior_ratio (1.1 %); commute_daily_minutes (0.5 %)
DEST_002,Nuevos Ministerios,CAR,Coche,price_priority,Prioridad al precio,extended,Pareto_KNN,7,7,7,MAD-203,Amposta,MAD-136,Numancia,Puente de Vallecas,True,2.2651497194638477,1.0130057503871484,2544.1,3239.46,27.332258952085223,27.716666666666665,24.300000000000004,-12.327119663259149,elevator_ratio (51.4 %); exterior_ratio (35.4 %); rooms_mean (8.8 %)
DEST_002,Nuevos Ministerios,CAR,Coche,balanced,Perfil equilibrado,extended,KNN_global,7,7,1,MAD-064,Almenara,MAD-154,La Concepción,Ciudad Lineal,False,0.9644047714528178,0.4312949253587298,4987.49,5658.13,13.446443000386974,11.233333333333334,17.950000000000003,59.792284866468854,commute_daily_minutes (51.8 %); elevator_ratio (29.1 %); price_m2_for_recommender (10.3 %)
DEST_002,Nuevos Ministerios,CAR,Coche,balanced,Perfil equilibrado,extended,KNN_global,7,7,2,MAD-064,Almenara,MAD-065,Valdeacederas,Tetuán,False,1.0159537861218648,0.4543483455533544,4987.49,5274.19,5.748382452897145,11.233333333333334,13.95,24.18397626112758,rooms_mean (81.0 %); elevator_ratio (9.6 %); commute_daily_minutes (7.6 %)
DEST_002,Nuevos Ministerios,CAR,Coche,balanced,Perfil equilibrado,extended,KNN_global,7,7,3,MAD-064,Almenara,MAD-094,Valdezarza,Moncloa - Aravaca,True,1.1697497899050866,0.5231280093787741,4987.49,4484.04,-10.094255828081858,11.233333333333334,16.666666666666664,48.36795252225516,elevator_ratio (54.5 %); commute_daily_minutes (23.1 %); exterior_ratio (18.4 %)
DEST_002,Nuevos Ministerios,CAR,Coche,balanced,Perfil equilibrado,extended,KNN_global,7,7,4,MAD-064,Almenara,MAD-151,Ventas,Ciudad Lineal,False,1.2514037823320698,0.5596447849189716,4987.49,4133.07,-17.131262418571264,11.233333333333334,21.65,92.72997032640947,commute_daily_minutes (74.0 %); price_m2_for_recommender (9.9 %); rooms_mean (9.3 %)
DEST_002,Nuevos Ministerios,CAR,Coche,balanced,Perfil equilibrado,extended,KNN_global,7,7,5,MAD-064,Almenara,MAD-153,Quintana,Ciudad Lineal,True,1.358516697327381,0.6075471367585061,4987.49,4436.01,-11.05726527772486,11.233333333333334,20.416666666666664,81.75074183976258,commute_daily_minutes (48.8 %); rooms_mean (35.4 %); elevator_ratio (9.4 %)
DEST_002,Nuevos Ministerios,CAR,Coche,balanced,Perfil equilibrado,extended,KNN_global,7,7,6,MAD-064,Almenara,MAD-084,Pilar,Fuencarral - El Pardo,False,1.4755254630627832,0.6598750475880476,4987.49,5064.58,1.54566725948323,11.233333333333334,18.416666666666668,63.946587537091986,elevator_ratio (62.5 %); commute_daily_minutes (25.3 %); exterior_ratio (11.6 %)
DEST_002,Nuevos Ministerios,CAR,Coche,balanced,Perfil equilibrado,extended,KNN_global,7,7,7,MAD-064,Almenara,MAD-066,Berruguete,Tetuán,True,1.5440495272405608,0.6905199407072614,4987.49,4789.99,-3.959907689037973,11.233333333333334,13.35,18.842729970326396,exterior_ratio (66.3 %); rooms_mean (30.6 %); commute_daily_minutes (2.0 %)
DEST_002,Nuevos Ministerios,CAR,Coche,balanced,Perfil equilibrado,extended,Pareto_KNN,7,7,1,MAD-064,Almenara,MAD-094,Valdezarza,Moncloa - Aravaca,True,1.1697497899050866,0.5231280093787741,4987.49,4484.04,-10.094255828081858,11.233333333333334,16.666666666666664,48.36795252225516,elevator_ratio (54.5 %); commute_daily_minutes (23.1 %); exterior_ratio (18.4 %)
DEST_002,Nuevos Ministerios,CAR,Coche,balanced,Perfil equilibrado,extended,Pareto_KNN,7,7,2,MAD-064,Almenara,MAD-153,Quintana,Ciudad Lineal,True,1.358516697327381,0.6075471367585061,4987.49,4436.01,-11.05726527772486,11.233333333333334,20.416666666666664,81.75074183976258,commute_daily_minutes (48.8 %); rooms_mean (35.4 %); elevator_ratio (9.4 %)
DEST_002,Nuevos Ministerios,CAR,Coche,balanced,Perfil equilibrado,extended,Pareto_KNN,7,7,3,MAD-064,Almenara,MAD-066,Berruguete,Tetuán,True,1.5440495272405608,0.6905199407072614,4987.49,4789.99,-3.959907689037973,11.233333333333334,13.35,18.842729970326396,exterior_ratio (66.3 %); rooms_mean (30.6 %); commute_daily_minutes (2.0 %)
DEST_002,Nuevos Ministerios,CAR,Coche,balanced,Perfil equilibrado,extended,Pareto_KNN,7,7,4,MAD-064,Almenara,MAD-063,Castillejos,Tetuán,True,1.7120930894654625,0.7656713063704806,4987.49,6438.0,29.08296557988087,11.233333333333334,9.633333333333333,-14.24332344213651,elevator_ratio (73.0 %); price_m2_for_recommender (15.2 %); rooms_mean (5.8 %)
DEST_002,Nuevos Ministerios,CAR,Coche,balanced,Perfil equilibrado,extended,Pareto_KNN,7,7,5,MAD-064,Almenara,MAD-165,Apóstol Santiago,Hortaleza,True,1.7867619651877027,0.7990642427541632,4987.49,4162.46,-16.541988054111382,11.233333333333334,21.266666666666666,89.3175074183976,elevator_ratio (41.0 %); commute_daily_minutes (33.7 %); rooms_mean (12.8 %)
DEST_002,Nuevos Ministerios,CAR,Coche,balanced,Perfil equilibrado,extended,Pareto_KNN,7,7,6,MAD-064,Almenara,MAD-134,Palomeras Sureste,Puente de Vallecas,True,1.912283673694661,0.8551992573288576,4987.49,2701.36,-45.83728488678673,11.233333333333334,26.15,132.78931750741836,commute_daily_minutes (65.0 %); price_m2_for_recommender (30.3 %); exterior_ratio (2.0 %)
DEST_002,Nuevos Ministerios,CAR,Coche,balanced,Perfil equilibrado,extended,Pareto_KNN,7,7,7,MAD-064,Almenara,MAD-136,Numancia,Puente de Vallecas,True,1.9607869961212057,0.8768906025449265,4987.49,3239.46,-35.04829082364075,11.233333333333334,24.300000000000004,116.32047477744808,commute_daily_minutes (47.4 %); exterior_ratio (18.6 %); price_m2_for_recommender (16.9 %)
DEST_002,Nuevos Ministerios,CAR,Coche,time_priority,Prioridad al tiempo,extended,KNN_global,7,7,1,MAD-062,Cuatro Caminos,MAD-052,Prosperidad,Chamartín,False,0.9088582510117867,0.4064537662347844,6496.82,6448.55,-0.7429788727408105,5.983333333333333,13.433333333333334,124.5125348189415,commute_daily_minutes (71.8 %); rooms_mean (22.0 %); exterior_ratio (6.1 %)
DEST_002,Nuevos Ministerios,CAR,Coche,time_priority,Prioridad al tiempo,extended,KNN_global,7,7,2,MAD-062,Cuatro Caminos,MAD-053,Ciudad Jardín,Chamartín,False,0.9623666721000065,0.43038345961917296,6496.82,7558.9,16.347690100695417,5.983333333333333,10.65,77.99442896935933,exterior_ratio (27.4 %); price_m2_for_recommender (25.9 %); commute_daily_minutes (25.1 %)
DEST_002,Nuevos Ministerios,CAR,Coche,time_priority,Prioridad al tiempo,extended,KNN_global,7,7,3,MAD-062,Cuatro Caminos,MAD-063,Castillejos,Tetuán,True,1.0084128983456193,0.450975958017678,6496.82,6438.0,-0.9053660098324983,5.983333333333333,9.633333333333333,61.002785515320326,exterior_ratio (81.5 %); commute_daily_minutes (14.0 %); elevator_ratio (4.4 %)
DEST_002,Nuevos Ministerios,CAR,Coche,time_priority,Prioridad al tiempo,extended,KNN_global,7,7,4,MAD-062,Cuatro Caminos,MAD-076,Vallehermoso,Chamberí,False,1.0581678401196577,0.47322704442233676,6496.82,6752.36,3.9333089111288286,5.983333333333333,10.283333333333331,71.86629526462393,rooms_mean (40.2 %); elevator_ratio (31.8 %); commute_daily_minutes (17.6 %)
DEST_002,Nuevos Ministerios,CAR,Coche,time_priority,Prioridad al tiempo,extended,KNN_global,7,7,5,MAD-062,Cuatro Caminos,MAD-056,Castilla,Chamartín,False,1.111404196166567,0.497035066621391,6496.82,5913.07,-8.985165049978297,5.983333333333333,13.65,128.13370473537606,commute_daily_minutes (50.8 %); exterior_ratio (27.8 %); elevator_ratio (8.0 %)
DEST_002,Nuevos Ministerios,CAR,Coche,time_priority,Prioridad al tiempo,extended,KNN_global,7,7,6,MAD-062,Cuatro Caminos,MAD-073,Trafalgar,Chamberí,False,1.163892521461655,0.5205085592983786,6496.82,8568.41,31.88621510215767,5.983333333333333,9.95,66.29526462395542,price_m2_for_recommender (67.3 %); commute_daily_minutes (12.4 %); rooms_mean (10.7 %)
DEST_002,Nuevos Ministerios,CAR,Coche,time_priority,Prioridad al tiempo,extended,KNN_global,7,7,7,MAD-062,Cuatro Caminos,MAD-044,Guindalera,Salamanca,False,1.250873827596142,0.5594077819560651,6496.82,6722.25,3.4698514042254565,5.983333333333333,13.433333333333334,124.5125348189415,exterior_ratio (38.4 %); commute_daily_minutes (37.9 %); rooms_mean (21.4 %)
DEST_002,Nuevos Ministerios,CAR,Coche,time_priority,Prioridad al tiempo,extended,Pareto_KNN,7,7,1,MAD-062,Cuatro Caminos,MAD-063,Castillejos,Tetuán,True,1.0084128983456193,0.450975958017678,6496.82,6438.0,-0.9053660098324983,5.983333333333333,9.633333333333333,61.002785515320326,exterior_ratio (81.5 %); commute_daily_minutes (14.0 %); elevator_ratio (4.4 %)
DEST_002,Nuevos Ministerios,CAR,Coche,time_priority,Prioridad al tiempo,extended,Pareto_KNN,7,7,2,MAD-062,Cuatro Caminos,MAD-061,Bellas Vistas,Tetuán,True,1.9479714142167874,0.8711593000830273,6496.82,5223.92,-19.59266225630385,5.983333333333333,10.733333333333334,79.38718662952648,exterior_ratio (43.8 %); rooms_mean (25.1 %); elevator_ratio (15.8 %)
DEST_002,Nuevos Ministerios,CAR,Coche,time_priority,Prioridad al tiempo,extended,Pareto_KNN,7,7,3,MAD-062,Cuatro Caminos,MAD-064,Almenara,Tetuán,True,2.0421649948137577,0.9132839499348134,6496.82,4987.49,-23.231827263184144,5.983333333333333,11.233333333333334,87.74373259052926,exterior_ratio (40.3 %); elevator_ratio (37.6 %); price_m2_for_recommender (11.6 %)
DEST_002,Nuevos Ministerios,CAR,Coche,time_priority,Prioridad al tiempo,extended,Pareto_KNN,7,7,4,MAD-062,Cuatro Caminos,MAD-066,Berruguete,Tetuán,True,2.159060930032548,0.9655614014233389,6496.82,4789.99,-26.271776038123267,5.983333333333333,13.35,123.11977715877437,elevator_ratio (41.6 %); rooms_mean (32.7 %); price_m2_for_recommender (13.3 %)
DEST_002,Nuevos Ministerios,CAR,Coche,time_priority,Prioridad al tiempo,extended,Pareto_KNN,7,7,5,MAD-062,Cuatro Caminos,MAD-094,Valdezarza,Moncloa - Aravaca,True,2.373673411150548,1.0615390207432864,6496.82,4484.04,-30.981003013782125,5.983333333333333,16.666666666666664,178.55153203342613,exterior_ratio (57.4 %); commute_daily_minutes (21.6 %); price_m2_for_recommender (15.3 %)
DEST_002,Nuevos Ministerios,CAR,Coche,time_priority,Prioridad al tiempo,extended,Pareto_KNN,7,7,6,MAD-062,Cuatro Caminos,MAD-165,Apóstol Santiago,Hortaleza,True,2.6392857081216476,1.1803244510807345,6496.82,4162.46,-35.93080922666781,5.983333333333333,21.266666666666666,255.43175487465174,exterior_ratio (46.4 %); commute_daily_minutes (35.8 %); price_m2_for_recommender (16.6 %)
DEST_002,Nuevos Ministerios,CAR,Coche,time_priority,Prioridad al tiempo,extended,Pareto_KNN,7,7,7,MAD-062,Cuatro Caminos,MAD-144,Media Legua,Moratalaz,True,2.7084884305948687,1.2112728494163694,6496.82,3876.72,-40.32896093781265,5.983333333333333,21.58333333333333,260.7242339832868,exterior_ratio (44.1 %); commute_daily_minutes (35.4 %); price_m2_for_recommender (19.9 %)
DEST_002,Nuevos Ministerios,TRANSIT,Transporte público,price_priority,Prioridad al precio,extended,KNN_global,7,7,1,MAD-202,Hellín,MAD-203,Amposta,San Blas - Canillejas,False,0.558573667648313,0.24980173826060056,2498.86,2544.1,1.8104255540526393,120.65,128.01666666666665,6.105815720403353,elevator_ratio (87.9 %); commute_daily_minutes (9.3 %); rooms_mean (2.6 %)
DEST_002,Nuevos Ministerios,TRANSIT,Transporte público,price_priority,Prioridad al precio,extended,KNN_global,7,7,2,MAD-202,Hellín,MAD-174,Los Rosales,Villaverde,False,0.9609100671313445,0.4297320460739145,2498.86,2807.4,12.347230337033686,120.65,154.21666666666667,27.82152230971128,commute_daily_minutes (65.3 %); elevator_ratio (19.8 %); exterior_ratio (8.5 %)
DEST_002,Nuevos Ministerios,TRANSIT,Transporte público,price_priority,Prioridad al precio,extended,KNN_global,7,7,3,MAD-202,Hellín,MAD-145,Fontarrón,Moratalaz,False,0.9876428411805417,0.44168730607414397,2498.86,3770.04,50.87039690098684,120.65,138.48333333333335,14.781047105953869,price_m2_for_recommender (36.1 %); elevator_ratio (30.8 %); commute_daily_minutes (17.4 %)
DEST_002,Nuevos Ministerios,TRANSIT,Transporte público,price_priority,Prioridad al precio,extended,KNN_global,7,7,4,MAD-202,Hellín,MAD-172,San Cristóbal,Villaverde,True,1.2710560038119636,0.5684335255465565,2498.86,1909.6,-23.581153005770638,120.65,174.28333333333336,44.45365381958836,commute_daily_minutes (95.3 %); price_m2_for_recommender (4.7 %); rooms_mean (0.0 %)
DEST_002,Nuevos Ministerios,TRANSIT,Transporte público,price_priority,Prioridad al precio,extended,KNN_global,7,7,5,MAD-202,Hellín,MAD-127,Pradolongo,Usera,False,1.3609761018221387,0.6086470158853955,2498.86,3390.16,35.66826472871628,120.65,157.31666666666666,30.390937974858396,exterior_ratio (45.7 %); commute_daily_minutes (38.8 %); price_m2_for_recommender (9.4 %)
DEST_002,Nuevos Ministerios,TRANSIT,Transporte público,price_priority,Prioridad al precio,extended,KNN_global,7,7,6,MAD-202,Hellín,MAD-126,Zofío,Usera,False,1.401855958469206,0.6269290435600533,2498.86,3089.05,23.61836997670938,120.65,164.7,36.510567757977604,commute_daily_minutes (52.8 %); elevator_ratio (29.9 %); exterior_ratio (7.8 %)
DEST_002,Nuevos Ministerios,TRANSIT,Transporte público,price_priority,Prioridad al precio,extended,KNN_global,7,7,7,MAD-202,Hellín,MAD-131,Entrevías,Puente de Vallecas,True,1.4276043178426852,0.6384440599336919,2498.86,2430.16,-2.74925365966882,120.65,150.16666666666669,24.464705069761024,exterior_ratio (52.3 %); commute_daily_minutes (22.9 %); rooms_mean (12.8 %)
DEST_002,Nuevos Ministerios,TRANSIT,Transporte público,price_priority,Prioridad al precio,extended,Pareto_KNN,7,7,1,MAD-202,Hellín,MAD-172,San Cristóbal,Villaverde,True,1.271056003811963,0.5684335255465561,2498.86,1909.6,-23.581153005770638,120.65,174.28333333333336,44.45365381958836,commute_daily_minutes (95.3 %); price_m2_for_recommender (4.7 %); rooms_mean (0.0 %)
DEST_002,Nuevos Ministerios,TRANSIT,Transporte público,price_priority,Prioridad al precio,extended,Pareto_KNN,7,7,2,MAD-202,Hellín,MAD-131,Entrevías,Puente de Vallecas,True,1.4276043178426852,0.6384440599336919,2498.86,2430.16,-2.74925365966882,120.65,150.16666666666669,24.464705069761024,exterior_ratio (52.3 %); commute_daily_minutes (22.9 %); rooms_mean (12.8 %)
DEST_002,Nuevos Ministerios,TRANSIT,Transporte público,price_priority,Prioridad al precio,extended,Pareto_KNN,7,7,3,MAD-202,Hellín,MAD-207,Canillejas,San Blas - Canillejas,True,1.6993759935238153,0.7599840481700987,2498.86,3409.64,36.44782020601393,120.65,86.01666666666667,-28.705622323525354,rooms_mean (28.2 %); elevator_ratio (23.6 %); commute_daily_minutes (22.2 %)
DEST_002,Nuevos Ministerios,TRANSIT,Transporte público,price_priority,Prioridad al precio,extended,Pareto_KNN,7,7,4,MAD-202,Hellín,MAD-064,Almenara,Tetuán,True,2.4272231954200856,1.0854872123047135,2498.86,4987.49,99.59061331967375,120.65,58.55,-51.47119767923747,elevator_ratio (37.1 %); commute_daily_minutes (35.0 %); price_m2_for_recommender (22.9 %)
DEST_002,Nuevos Ministerios,TRANSIT,Transporte público,price_priority,Prioridad al precio,extended,Pareto_KNN,7,7,5,MAD-202,Hellín,MAD-066,Berruguete,Tetuán,True,2.9035942507980206,1.2985268247723893,2498.86,4789.99,91.68700927622994,120.65,63.35,-47.49274761707418,exterior_ratio (38.7 %); elevator_ratio (21.2 %); commute_daily_minutes (20.8 %)
DEST_002,Nuevos Ministerios,TRANSIT,Transporte público,price_priority,Prioridad al precio,extended,Pareto_KNN,7,7,6,MAD-202,Hellín,MAD-206,Rejas,San Blas - Canillejas,True,3.316796557252058,1.4833165139105748,2498.86,3580.16,43.271731909750834,120.65,82.26666666666665,-31.813786434590426,elevator_ratio (88.8 %); commute_daily_minutes (7.2 %); price_m2_for_recommender (2.3 %)
DEST_002,Nuevos Ministerios,TRANSIT,Transporte público,price_priority,Prioridad al precio,extended,Pareto_KNN,7,7,7,MAD-202,Hellín,MAD-063,Castillejos,Tetuán,True,4.0318695133746205,1.8031068616629298,2498.86,6438.0,157.6374826921076,120.65,46.61666666666667,-61.36206658378229,elevator_ratio (54.1 %); price_m2_for_recommender (20.8 %); commute_daily_minutes (18.0 %)
DEST_002,Nuevos Ministerios,TRANSIT,Transporte público,balanced,Perfil equilibrado,extended,KNN_global,7,7,1,MAD-061,Bellas Vistas,MAD-026,Palos de la Frontera,Arganzuela,False,1.2381769254545647,0.5537295546976192,5223.92,5784.65,10.733893321490367,49.8,89.03333333333333,78.78179384203482,commute_daily_minutes (53.7 %); elevator_ratio (38.0 %); price_m2_for_recommender (4.5 %)
DEST_002,Nuevos Ministerios,TRANSIT,Transporte público,balanced,Perfil equilibrado,extended,KNN_global,7,7,2,MAD-061,Bellas Vistas,MAD-015,Universidad,Centro,False,1.3501109519088166,0.6037879731270126,5223.92,7135.43,36.59148685278489,49.8,66.21666666666667,32.96519410977243,price_m2_for_recommender (43.7 %); exterior_ratio (37.3 %); rooms_mean (10.4 %)
DEST_002,Nuevos Ministerios,TRANSIT,Transporte público,balanced,Perfil equilibrado,extended,KNN_global,7,7,3,MAD-061,Bellas Vistas,MAD-066,Berruguete,Tetuán,True,1.5680175454645837,0.7012387643142353,5223.92,4789.99,-8.306597344522892,49.8,63.35,27.20883534136547,exterior_ratio (75.6 %); elevator_ratio (16.1 %); commute_daily_minutes (4.0 %)
DEST_002,Nuevos Ministerios,TRANSIT,Transporte público,balanced,Perfil equilibrado,extended,KNN_global,7,7,4,MAD-061,Bellas Vistas,MAD-012,Embajadores,Centro,False,1.5973325546381052,0.71434883496884,5223.92,6054.75,15.904340035835158,49.8,96.65,94.07630522088355,commute_daily_minutes (46.0 %); exterior_ratio (37.0 %); elevator_ratio (10.7 %)
DEST_002,Nuevos Ministerios,TRANSIT,Transporte público,balanced,Perfil equilibrado,extended,KNN_global,7,7,5,MAD-061,Bellas Vistas,MAD-022,Acacias,Arganzuela,False,1.6129983238199312,0.7213547799309169,5223.92,5736.45,9.81121456683869,49.8,116.71666666666668,134.3708165997323,commute_daily_minutes (92.1 %); elevator_ratio (4.1 %); price_m2_for_recommender (2.2 %)
DEST_002,Nuevos Ministerios,TRANSIT,Transporte público,balanced,Perfil equilibrado,extended,KNN_global,7,7,6,MAD-061,Bellas Vistas,MAD-011,Palacio,Centro,False,1.7491442078980175,0.7822410702619983,5223.92,6895.15,31.991875832707994,49.8,112.5,125.90361445783134,commute_daily_minutes (68.8 %); price_m2_for_recommender (19.9 %); exterior_ratio (9.1 %)
DEST_002,Nuevos Ministerios,TRANSIT,Transporte público,balanced,Perfil equilibrado,extended,KNN_global,7,7,7,MAD-061,Bellas Vistas,MAD-043,Fuente del Berro,Salamanca,False,1.775420825958267,0.7939923311023016,5223.92,7598.53,45.4564771282868,49.8,74.1,48.79518072289156,price_m2_for_recommender (39.0 %); elevator_ratio (27.6 %); exterior_ratio (20.2 %)
DEST_002,Nuevos Ministerios,TRANSIT,Transporte público,balanced,Perfil equilibrado,extended,Pareto_KNN,7,7,1,MAD-061,Bellas Vistas,MAD-066,Berruguete,Tetuán,True,1.5680175454645837,0.7012387643142353,5223.92,4789.99,-8.306597344522892,49.8,63.35,27.20883534136547,exterior_ratio (75.6 %); elevator_ratio (16.1 %); commute_daily_minutes (4.0 %)
DEST_002,Nuevos Ministerios,TRANSIT,Transporte público,balanced,Perfil equilibrado,extended,Pareto_KNN,7,7,2,MAD-061,Bellas Vistas,MAD-063,Castillejos,Tetuán,True,2.722025619003796,1.2173268641176862,5223.92,6438.0,23.240784698081136,49.8,46.61666666666667,-6.392235609103073,exterior_ratio (68.8 %); elevator_ratio (13.5 %); rooms_mean (13.3 %)
DEST_002,Nuevos Ministerios,TRANSIT,Transporte público,balanced,Perfil equilibrado,extended,Pareto_KNN,7,7,3,MAD-061,Bellas Vistas,MAD-064,Almenara,Tetuán,True,2.7707099641934163,1.2390991651744974,5223.92,4987.49,-4.525911575981261,49.8,58.55,17.570281124497992,exterior_ratio (91.7 %); rooms_mean (4.5 %); elevator_ratio (3.1 %)
DEST_002,Nuevos Ministerios,TRANSIT,Transporte público,balanced,Perfil equilibrado,extended,Pareto_KNN,7,7,4,MAD-061,Bellas Vistas,MAD-206,Rejas,San Blas - Canillejas,True,3.1841831938683227,1.4240100148603922,5223.92,3580.16,-31.466025513407562,49.8,82.26666666666665,65.194109772423,exterior_ratio (73.7 %); elevator_ratio (13.3 %); price_m2_for_recommender (5.8 %)
DEST_002,Nuevos Ministerios,TRANSIT,Transporte público,balanced,Perfil equilibrado,extended,Pareto_KNN,7,7,5,MAD-061,Bellas Vistas,MAD-207,Canillejas,San Blas - Canillejas,True,3.2163707728974154,1.4384047378084317,5223.92,3409.64,-34.730240891897274,49.8,86.01666666666667,72.72423025435074,exterior_ratio (56.4 %); rooms_mean (17.3 %); elevator_ratio (12.6 %)
DEST_002,Nuevos Ministerios,TRANSIT,Transporte público,balanced,Perfil equilibrado,extended,Pareto_KNN,7,7,6,MAD-061,Bellas Vistas,MAD-074,Almagro,Chamberí,True,3.826142958362577,1.7111031493061737,5223.92,10795.41,106.65343267125071,49.8,44.96666666666667,-9.705488621151263,price_m2_for_recommender (46.2 %); exterior_ratio (22.6 %); rooms_mean (18.0 %)
DEST_002,Nuevos Ministerios,TRANSIT,Transporte público,balanced,Perfil equilibrado,extended,Pareto_KNN,7,7,7,MAD-061,Bellas Vistas,MAD-131,Entrevías,Puente de Vallecas,True,3.8376137642276507,1.7162330496403755,5223.92,2430.16,-53.48014517833351,49.8,150.16666666666669,201.5394912985275,commute_daily_minutes (36.6 %); exterior_ratio (31.0 %); elevator_ratio (14.7 %)
DEST_002,Nuevos Ministerios,TRANSIT,Transporte público,time_priority,Prioridad al tiempo,extended,KNN_global,7,7,1,MAD-061,Bellas Vistas,MAD-026,Palos de la Frontera,Arganzuela,False,1.2381769254545647,0.5537295546976192,5223.92,5784.65,10.733893321490367,49.8,89.03333333333333,78.78179384203482,commute_daily_minutes (53.7 %); elevator_ratio (38.0 %); price_m2_for_recommender (4.5 %)
DEST_002,Nuevos Ministerios,TRANSIT,Transporte público,time_priority,Prioridad al tiempo,extended,KNN_global,7,7,2,MAD-061,Bellas Vistas,MAD-015,Universidad,Centro,False,1.3501109519088166,0.6037879731270126,5223.92,7135.43,36.59148685278489,49.8,66.21666666666667,32.96519410977243,price_m2_for_recommender (43.7 %); exterior_ratio (37.3 %); rooms_mean (10.4 %)
DEST_002,Nuevos Ministerios,TRANSIT,Transporte público,time_priority,Prioridad al tiempo,extended,KNN_global,7,7,3,MAD-061,Bellas Vistas,MAD-066,Berruguete,Tetuán,True,1.5680175454645837,0.7012387643142353,5223.92,4789.99,-8.306597344522892,49.8,63.35,27.20883534136547,exterior_ratio (75.6 %); elevator_ratio (16.1 %); commute_daily_minutes (4.0 %)
DEST_002,Nuevos Ministerios,TRANSIT,Transporte público,time_priority,Prioridad al tiempo,extended,KNN_global,7,7,4,MAD-061,Bellas Vistas,MAD-012,Embajadores,Centro,False,1.5973325546381052,0.71434883496884,5223.92,6054.75,15.904340035835158,49.8,96.65,94.07630522088355,commute_daily_minutes (46.0 %); exterior_ratio (37.0 %); elevator_ratio (10.7 %)
DEST_002,Nuevos Ministerios,TRANSIT,Transporte público,time_priority,Prioridad al tiempo,extended,KNN_global,7,7,5,MAD-061,Bellas Vistas,MAD-022,Acacias,Arganzuela,False,1.6129983238199312,0.7213547799309169,5223.92,5736.45,9.81121456683869,49.8,116.71666666666668,134.3708165997323,commute_daily_minutes (92.1 %); elevator_ratio (4.1 %); price_m2_for_recommender (2.2 %)
DEST_002,Nuevos Ministerios,TRANSIT,Transporte público,time_priority,Prioridad al tiempo,extended,KNN_global,7,7,6,MAD-061,Bellas Vistas,MAD-011,Palacio,Centro,False,1.7491442078980175,0.7822410702619983,5223.92,6895.15,31.991875832707994,49.8,112.5,125.90361445783134,commute_daily_minutes (68.8 %); price_m2_for_recommender (19.9 %); exterior_ratio (9.1 %)
DEST_002,Nuevos Ministerios,TRANSIT,Transporte público,time_priority,Prioridad al tiempo,extended,KNN_global,7,7,7,MAD-061,Bellas Vistas,MAD-043,Fuente del Berro,Salamanca,False,1.775420825958267,0.7939923311023016,5223.92,7598.53,45.4564771282868,49.8,74.1,48.79518072289156,price_m2_for_recommender (39.0 %); elevator_ratio (27.6 %); exterior_ratio (20.2 %)
DEST_002,Nuevos Ministerios,TRANSIT,Transporte público,time_priority,Prioridad al tiempo,extended,Pareto_KNN,7,7,1,MAD-061,Bellas Vistas,MAD-066,Berruguete,Tetuán,True,1.5680175454645837,0.7012387643142353,5223.92,4789.99,-8.306597344522892,49.8,63.35,27.20883534136547,exterior_ratio (75.6 %); elevator_ratio (16.1 %); commute_daily_minutes (4.0 %)
DEST_002,Nuevos Ministerios,TRANSIT,Transporte público,time_priority,Prioridad al tiempo,extended,Pareto_KNN,7,7,2,MAD-061,Bellas Vistas,MAD-063,Castillejos,Tetuán,True,2.722025619003796,1.2173268641176862,5223.92,6438.0,23.240784698081136,49.8,46.61666666666667,-6.392235609103073,exterior_ratio (68.8 %); elevator_ratio (13.5 %); rooms_mean (13.3 %)
DEST_002,Nuevos Ministerios,TRANSIT,Transporte público,time_priority,Prioridad al tiempo,extended,Pareto_KNN,7,7,3,MAD-061,Bellas Vistas,MAD-064,Almenara,Tetuán,True,2.7707099641934163,1.2390991651744974,5223.92,4987.49,-4.525911575981261,49.8,58.55,17.570281124497992,exterior_ratio (91.7 %); rooms_mean (4.5 %); elevator_ratio (3.1 %)
DEST_002,Nuevos Ministerios,TRANSIT,Transporte público,time_priority,Prioridad al tiempo,extended,Pareto_KNN,7,7,4,MAD-061,Bellas Vistas,MAD-206,Rejas,San Blas - Canillejas,True,3.1841831938683227,1.4240100148603922,5223.92,3580.16,-31.466025513407562,49.8,82.26666666666665,65.194109772423,exterior_ratio (73.7 %); elevator_ratio (13.3 %); price_m2_for_recommender (5.8 %)
DEST_002,Nuevos Ministerios,TRANSIT,Transporte público,time_priority,Prioridad al tiempo,extended,Pareto_KNN,7,7,5,MAD-061,Bellas Vistas,MAD-207,Canillejas,San Blas - Canillejas,True,3.2163707728974154,1.4384047378084317,5223.92,3409.64,-34.730240891897274,49.8,86.01666666666667,72.72423025435074,exterior_ratio (56.4 %); rooms_mean (17.3 %); elevator_ratio (12.6 %)
DEST_002,Nuevos Ministerios,TRANSIT,Transporte público,time_priority,Prioridad al tiempo,extended,Pareto_KNN,7,7,6,MAD-061,Bellas Vistas,MAD-074,Almagro,Chamberí,True,3.826142958362577,1.7111031493061737,5223.92,10795.41,106.65343267125071,49.8,44.96666666666667,-9.705488621151263,price_m2_for_recommender (46.2 %); exterior_ratio (22.6 %); rooms_mean (18.0 %)
DEST_002,Nuevos Ministerios,TRANSIT,Transporte público,time_priority,Prioridad al tiempo,extended,Pareto_KNN,7,7,7,MAD-061,Bellas Vistas,MAD-131,Entrevías,Puente de Vallecas,True,3.8376137642276507,1.7162330496403755,5223.92,2430.16,-53.48014517833351,49.8,150.16666666666669,201.5394912985275,commute_daily_minutes (36.6 %); exterior_ratio (31.0 %); elevator_ratio (14.7 %)
DEST_002,Nuevos Ministerios,WALK,A pie,price_priority,Prioridad al precio,extended,KNN_global,7,7,1,MAD-203,Amposta,MAD-202,Hellín,San Blas - Canillejas,True,0.5447343020175344,0.24361258579742154,2544.1,2498.86,-1.7782319877363226,217.2,233.76666666666668,7.627378759975457,elevator_ratio (87.8 %); commute_daily_minutes (9.2 %); rooms_mean (2.8 %)
DEST_002,Nuevos Ministerios,WALK,A pie,price_priority,Prioridad al precio,extended,KNN_global,7,7,2,MAD-203,Amposta,MAD-127,Pradolongo,Usera,False,1.1114236147054575,0.49704375085598757,2544.1,3390.16,33.25576824810346,217.2,243.65,12.177716390423582,exterior_ratio (67.6 %); price_m2_for_recommender (12.4 %); elevator_ratio (10.7 %)
DEST_002,Nuevos Ministerios,WALK,A pie,price_priority,Prioridad al precio,extended,KNN_global,7,7,3,MAD-203,Amposta,MAD-145,Fontarrón,Moratalaz,False,1.2275611141395406,0.5489820195502781,2544.1,3770.04,48.18757124326874,217.2,222.8,2.578268876611429,elevator_ratio (72.4 %); price_m2_for_recommender (21.4 %); rooms_mean (6.1 %)
DEST_002,Nuevos Ministerios,WALK,A pie,price_priority,Prioridad al precio,extended,KNN_global,7,7,4,MAD-203,Amposta,MAD-126,Zofío,Usera,False,1.3852850705753286,0.6195183172044056,2544.1,3089.05,21.4201485790653,217.2,242.43333333333337,11.61755678330266,elevator_ratio (82.4 %); exterior_ratio (7.9 %); commute_daily_minutes (3.3 %)
DEST_002,Nuevos Ministerios,WALK,A pie,price_priority,Prioridad al precio,extended,KNN_global,7,7,5,MAD-203,Amposta,MAD-174,Los Rosales,Villaverde,False,1.4375856739116164,0.642907858069244,2544.1,2807.4,10.349435949844747,217.2,322.2833333333333,48.380908532842234,commute_daily_minutes (53.4 %); elevator_ratio (41.6 %); exterior_ratio (3.8 %)
DEST_002,Nuevos Ministerios,WALK,A pie,price_priority,Prioridad al precio,extended,KNN_global,7,7,6,MAD-203,Amposta,MAD-131,Entrevías,Puente de Vallecas,True,1.5700720814938678,0.7021575807589755,2544.1,2430.16,-4.4785975394049,217.2,267.1166666666667,22.981890730509527,exterior_ratio (42.7 %); elevator_ratio (39.8 %); commute_daily_minutes (10.1 %)
DEST_002,Nuevos Ministerios,WALK,A pie,price_priority,Prioridad al precio,extended,KNN_global,7,7,7,MAD-203,Amposta,MAD-115,Puerta Bonita,Carabanchel,False,1.5916349590130088,0.7118007927436358,2544.1,2905.06,14.188121536103141,217.2,269.76666666666665,24.20196439533456,elevator_ratio (75.0 %); exterior_ratio (13.0 %); commute_daily_minutes (10.9 %)
DEST_002,Nuevos Ministerios,WALK,A pie,price_priority,Prioridad al precio,extended,Pareto_KNN,7,7,1,MAD-203,Amposta,MAD-202,Hellín,San Blas - Canillejas,True,0.5447343020175344,0.24361258579742154,2544.1,2498.86,-1.7782319877363226,217.2,233.76666666666668,7.627378759975457,elevator_ratio (87.8 %); commute_daily_minutes (9.2 %); rooms_mean (2.8 %)
DEST_002,Nuevos Ministerios,WALK,A pie,price_priority,Prioridad al precio,extended,Pareto_KNN,7,7,2,MAD-203,Amposta,MAD-131,Entrevías,Puente de Vallecas,True,1.5700720814938678,0.7021575807589755,2544.1,2430.16,-4.4785975394049,217.2,267.1166666666667,22.981890730509527,exterior_ratio (42.7 %); elevator_ratio (39.8 %); commute_daily_minutes (10.1 %)
DEST_002,Nuevos Ministerios,WALK,A pie,price_priority,Prioridad al precio,extended,Pareto_KNN,7,7,3,MAD-203,Amposta,MAD-172,San Cristóbal,Villaverde,True,1.6082738003919823,0.71924190882168,2544.1,1909.6,-24.940057387681303,217.2,366.1166666666667,68.56200122774709,commute_daily_minutes (85.7 %); elevator_ratio (10.6 %); price_m2_for_recommender (3.3 %)
DEST_002,Nuevos Ministerios,WALK,A pie,price_priority,Prioridad al precio,extended,Pareto_KNN,7,7,4,MAD-203,Amposta,MAD-112,Opañel,Carabanchel,True,1.9380131646484706,0.8667058354886945,2544.1,3500.89,37.608191501906376,217.2,204.93333333333337,-5.647636586863087,elevator_ratio (88.1 %); exterior_ratio (6.1 %); price_m2_for_recommender (5.2 %)
DEST_002,Nuevos Ministerios,WALK,A pie,price_priority,Prioridad al precio,extended,Pareto_KNN,7,7,5,MAD-203,Amposta,MAD-152,Pueblo Nuevo,Ciudad Lineal,True,2.115461079225189,0.9460629553805181,2544.1,3794.82,49.16158956015881,217.2,181.56666666666663,-16.405770411295283,elevator_ratio (83.7 %); price_m2_for_recommender (7.5 %); rooms_mean (5.2 %)
DEST_002,Nuevos Ministerios,WALK,A pie,price_priority,Prioridad al precio,extended,Pareto_KNN,7,7,6,MAD-203,Amposta,MAD-136,Numancia,Puente de Vallecas,True,2.2423862750049546,1.0028256285447232,2544.1,3239.46,27.332258952085223,217.2,211.5833333333333,-2.585942295887064,elevator_ratio (51.4 %); exterior_ratio (37.6 %); rooms_mean (8.8 %)
DEST_002,Nuevos Ministerios,WALK,A pie,price_priority,Prioridad al precio,extended,Pareto_KNN,7,7,7,MAD-203,Amposta,MAD-113,San Isidro,Carabanchel,True,2.259677673471472,1.0105585770241567,2544.1,3670.03,44.25651507409301,217.2,200.9,-7.504604051565369,elevator_ratio (90.8 %); price_m2_for_recommender (5.3 %); rooms_mean (3.0 %)
DEST_002,Nuevos Ministerios,WALK,A pie,balanced,Perfil equilibrado,extended,KNN_global,7,7,1,MAD-066,Berruguete,MAD-153,Quintana,Ciudad Lineal,False,1.3590927514126878,0.6078047559771986,4789.99,4436.01,-7.389994551136841,61.133333333333326,141.8,131.9520174482007,exterior_ratio (59.2 %); commute_daily_minutes (35.2 %); elevator_ratio (4.1 %)
DEST_002,Nuevos Ministerios,WALK,A pie,balanced,Perfil equilibrado,extended,KNN_global,7,7,2,MAD-066,Berruguete,MAD-065,Valdeacederas,Tetuán,False,1.3895915445514482,0.6214442309151931,4789.99,5274.19,10.108580602464722,61.133333333333326,87.9,43.78407851690297,exterior_ratio (83.0 %); elevator_ratio (10.5 %); commute_daily_minutes (3.7 %)
DEST_002,Nuevos Ministerios,WALK,A pie,balanced,Perfil equilibrado,extended,KNN_global,7,7,3,MAD-066,Berruguete,MAD-061,Bellas Vistas,Tetuán,True,1.5253838165979228,0.6821723811382054,4789.99,5223.92,9.059100332151013,61.133333333333326,50.86666666666667,-16.793893129770982,exterior_ratio (78.8 %); elevator_ratio (16.2 %); rooms_mean (2.8 %)
DEST_002,Nuevos Ministerios,WALK,A pie,balanced,Perfil equilibrado,extended,KNN_global,7,7,4,MAD-066,Berruguete,MAD-064,Almenara,Tetuán,False,1.5586695584739008,0.697058217441445,4789.99,4987.49,4.123181885557172,61.133333333333326,81.6,33.47873500545257,exterior_ratio (67.7 %); rooms_mean (29.5 %); commute_daily_minutes (1.7 %)
DEST_002,Nuevos Ministerios,WALK,A pie,balanced,Perfil equilibrado,extended,KNN_global,7,7,5,MAD-066,Berruguete,MAD-015,Universidad,Centro,False,1.6012866670913517,0.7161171678160675,4789.99,7135.43,48.96544669195553,61.133333333333326,93.4,52.780806979280285,price_m2_for_recommender (45.9 %); elevator_ratio (20.0 %); rooms_mean (18.8 %)
DEST_002,Nuevos Ministerios,WALK,A pie,balanced,Perfil equilibrado,extended,KNN_global,7,7,6,MAD-066,Berruguete,MAD-125,Moscardó,Usera,True,1.625674221664643,0.7270236137822406,4789.99,3739.18,-21.937624086897888,61.133333333333326,198.51666666666668,224.7273718647765,commute_daily_minutes (71.4 %); exterior_ratio (9.8 %); rooms_mean (9.4 %)
DEST_002,Nuevos Ministerios,WALK,A pie,balanced,Perfil equilibrado,extended,KNN_global,7,7,7,MAD-066,Berruguete,MAD-111,Comillas,Carabanchel,False,1.709965398132005,0.764719773879131,4789.99,4105.51,-14.289800187474286,61.133333333333326,199.66666666666663,226.60850599781895,commute_daily_minutes (65.6 %); rooms_mean (15.1 %); exterior_ratio (15.0 %)
DEST_002,Nuevos Ministerios,WALK,A pie,balanced,Perfil equilibrado,extended,Pareto_KNN,7,7,1,MAD-066,Berruguete,MAD-061,Bellas Vistas,Tetuán,True,1.5253838165979228,0.6821723811382054,4789.99,5223.92,9.059100332151013,61.133333333333326,50.86666666666667,-16.793893129770982,exterior_ratio (78.8 %); elevator_ratio (16.2 %); rooms_mean (2.8 %)
DEST_002,Nuevos Ministerios,WALK,A pie,balanced,Perfil equilibrado,extended,Pareto_KNN,7,7,2,MAD-066,Berruguete,MAD-125,Moscardó,Usera,True,1.625674221664643,0.7270236137822406,4789.99,3739.18,-21.937624086897888,61.133333333333326,198.51666666666668,224.7273718647765,commute_daily_minutes (71.4 %); exterior_ratio (9.8 %); rooms_mean (9.4 %)
DEST_002,Nuevos Ministerios,WALK,A pie,balanced,Perfil equilibrado,extended,Pareto_KNN,7,7,3,MAD-066,Berruguete,MAD-136,Numancia,Puente de Vallecas,True,1.7345256074570308,0.7757034333976074,4789.99,3239.46,-32.37021371652133,61.133333333333326,211.5833333333333,246.10141766630312,commute_daily_minutes (75.2 %); price_m2_for_recommender (17.1 %); exterior_ratio (5.8 %)
DEST_002,Nuevos Ministerios,WALK,A pie,balanced,Perfil equilibrado,extended,Pareto_KNN,7,7,4,MAD-066,Berruguete,MAD-151,Ventas,Ciudad Lineal,True,1.788644723573922,0.799906237901522,4789.99,4133.07,-13.714433641823888,61.133333333333326,152.65,149.70010905125412,exterior_ratio (57.7 %); commute_daily_minutes (26.2 %); rooms_mean (6.9 %)
DEST_002,Nuevos Ministerios,WALK,A pie,balanced,Perfil equilibrado,extended,Pareto_KNN,7,7,5,MAD-066,Berruguete,MAD-062,Cuatro Caminos,Tetuán,True,2.040536844396323,0.9125558189326177,4789.99,6496.82,35.633268545445816,61.133333333333326,23.933333333333337,-60.850599781897486,elevator_ratio (45.7 %); rooms_mean (36.0 %); price_m2_for_recommender (15.0 %)
DEST_002,Nuevos Ministerios,WALK,A pie,balanced,Perfil equilibrado,extended,Pareto_KNN,7,7,6,MAD-066,Berruguete,MAD-152,Pueblo Nuevo,Ciudad Lineal,True,2.0898941522074557,0.9346290780230325,4789.99,3794.82,-20.77603502303762,61.133333333333326,181.56666666666663,197.00109051254086,exterior_ratio (59.5 %); commute_daily_minutes (33.2 %); price_m2_for_recommender (4.9 %)
DEST_002,Nuevos Ministerios,WALK,A pie,balanced,Perfil equilibrado,extended,Pareto_KNN,7,7,7,MAD-066,Berruguete,MAD-112,Opañel,Carabanchel,True,2.212192410089194,0.9893225216537058,4789.99,3500.89,-26.91237351226203,61.133333333333326,204.93333333333337,235.2235550708834,commute_daily_minutes (42.2 %); exterior_ratio (35.4 %); rooms_mean (15.2 %)
DEST_002,Nuevos Ministerios,WALK,A pie,time_priority,Prioridad al tiempo,extended,KNN_global,7,7,1,MAD-062,Cuatro Caminos,MAD-052,Prosperidad,Chamartín,False,0.6967412577291558,0.31159216300221865,6496.82,6448.55,-0.7429788727408105,23.933333333333337,74.3,210.44568245125342,commute_daily_minutes (52.2 %); rooms_mean (36.9 %); exterior_ratio (10.8 %)
DEST_002,Nuevos Ministerios,WALK,A pie,time_priority,Prioridad al tiempo,extended,KNN_global,7,7,2,MAD-062,Cuatro Caminos,MAD-053,Ciudad Jardín,Chamartín,False,0.8771022144520041,0.3922520349460559,6496.82,7558.9,16.347690100695417,23.933333333333337,49.833333333333336,108.21727019498606,exterior_ratio (34.3 %); price_m2_for_recommender (31.4 %); rooms_mean (23.3 %)
DEST_002,Nuevos Ministerios,WALK,A pie,time_priority,Prioridad al tiempo,extended,KNN_global,7,7,3,MAD-062,Cuatro Caminos,MAD-063,Castillejos,Tetuán,False,0.9951131902818163,0.44502814775536487,6496.82,6438.0,-0.9053660098324983,23.933333333333337,52.73333333333333,120.33426183844006,exterior_ratio (87.1 %); commute_daily_minutes (8.4 %); elevator_ratio (4.4 %)
DEST_002,Nuevos Ministerios,WALK,A pie,time_priority,Prioridad al tiempo,extended,KNN_global,7,7,4,MAD-062,Cuatro Caminos,MAD-076,Vallehermoso,Chamberí,False,1.0136749511719765,0.4533292195818639,6496.82,6752.36,3.9333089111288286,23.933333333333337,57.9,141.92200557103058,rooms_mean (43.0 %); elevator_ratio (34.0 %); commute_daily_minutes (11.2 %)
DEST_002,Nuevos Ministerios,WALK,A pie,time_priority,Prioridad al tiempo,extended,KNN_global,7,7,5,MAD-062,Cuatro Caminos,MAD-092,Argüelles,Moncloa - Aravaca,False,1.0429036375328293,0.46640068550104147,6496.82,7554.87,16.285659753540966,23.933333333333337,110.56666666666666,361.9777158774372,commute_daily_minutes (69.0 %); price_m2_for_recommender (22.0 %); elevator_ratio (6.0 %)
DEST_002,Nuevos Ministerios,WALK,A pie,time_priority,Prioridad al tiempo,extended,KNN_global,7,7,6,MAD-062,Cuatro Caminos,MAD-013,Cortes,Centro,False,1.0858083779627425,0.48558826873269534,6496.82,7246.75,11.543031821722016,23.933333333333337,105.3,339.9721448467966,commute_daily_minutes (56.1 %); rooms_mean (17.4 %); elevator_ratio (13.7 %)
DEST_002,Nuevos Ministerios,WALK,A pie,time_priority,Prioridad al tiempo,extended,KNN_global,7,7,7,MAD-062,Cuatro Caminos,MAD-056,Castilla,Chamartín,False,1.1217750411478185,0.5016730494938292,6496.82,5913.07,-8.985165049978297,23.933333333333337,103.96666666666664,334.40111420612794,commute_daily_minutes (50.9 %); exterior_ratio (28.3 %); elevator_ratio (7.7 %)
DEST_002,Nuevos Ministerios,WALK,A pie,time_priority,Prioridad al tiempo,extended,Pareto_KNN,7,7,1,MAD-062,Cuatro Caminos,MAD-061,Bellas Vistas,Tetuán,True,1.9154790078594097,0.8566282542094987,6496.82,5223.92,-19.59266225630385,23.933333333333337,50.86666666666667,112.53481894150414,exterior_ratio (47.1 %); rooms_mean (25.5 %); elevator_ratio (16.0 %)
DEST_002,Nuevos Ministerios,WALK,A pie,time_priority,Prioridad al tiempo,extended,Pareto_KNN,7,7,2,MAD-062,Cuatro Caminos,MAD-066,Berruguete,Tetuán,True,2.040536844396323,0.9125558189326177,6496.82,4789.99,-26.271776038123267,23.933333333333337,61.133333333333326,155.43175487465174,elevator_ratio (45.7 %); rooms_mean (36.0 %); price_m2_for_recommender (15.0 %)
DEST_002,Nuevos Ministerios,WALK,A pie,time_priority,Prioridad al tiempo,extended,Pareto_KNN,7,7,3,MAD-062,Cuatro Caminos,MAD-094,Valdezarza,Moncloa - Aravaca,True,2.260358130311219,1.0108628865740426,6496.82,4484.04,-30.981003013782125,23.933333333333337,98.9,313.2311977715877,exterior_ratio (65.9 %); price_m2_for_recommender (17.0 %); commute_daily_minutes (11.0 %)
DEST_002,Nuevos Ministerios,WALK,A pie,time_priority,Prioridad al tiempo,extended,Pareto_KNN,7,7,4,MAD-062,Cuatro Caminos,MAD-165,Apóstol Santiago,Hortaleza,True,2.431013808646495,1.0871824260748457,6496.82,4162.46,-35.93080922666781,23.933333333333337,138.0,476.6016713091921,exterior_ratio (57.0 %); commute_daily_minutes (22.0 %); price_m2_for_recommender (19.7 %)
DEST_002,Nuevos Ministerios,WALK,A pie,time_priority,Prioridad al tiempo,extended,Pareto_KNN,7,7,5,MAD-062,Cuatro Caminos,MAD-151,Ventas,Ciudad Lineal,True,2.496745769195385,1.1165786524911763,6496.82,4133.07,-36.38318438867015,23.933333333333337,152.65,537.8133704735375,exterior_ratio (31.4 %); commute_daily_minutes (26.6 %); price_m2_for_recommender (19.2 %)
DEST_002,Nuevos Ministerios,WALK,A pie,time_priority,Prioridad al tiempo,extended,Pareto_KNN,7,7,6,MAD-062,Cuatro Caminos,MAD-051,El Viso,Chamartín,True,2.584607421816078,1.1558715780662447,6496.82,9382.09,44.41049621199296,23.933333333333337,21.03333333333333,-12.11699164345406,rooms_mean (48.4 %); price_m2_for_recommender (26.7 %); exterior_ratio (22.2 %)
DEST_002,Nuevos Ministerios,WALK,A pie,time_priority,Prioridad al tiempo,extended,Pareto_KNN,7,7,7,MAD-062,Cuatro Caminos,MAD-125,Moscardó,Usera,True,2.66213867870882,1.1905446102248787,6496.82,3739.18,-42.445996656825955,23.933333333333337,198.51666666666668,729.4568245125348,commute_daily_minutes (43.0 %); price_m2_for_recommender (23.0 %); elevator_ratio (22.4 %)
DEST_003,UC3M Campus de Leganés,BICYCLE,Bicicleta,price_priority,Prioridad al precio,extended,KNN_global,7,3,1,MAD-172,San Cristóbal,MAD-174,Los Rosales,Villaverde,False,0.6871709341461888,0.3073121841825819,1909.6,2807.4,47.015081692501056,79.53333333333333,86.21666666666665,8.403185247275763,price_m2_for_recommender (36.5 %); elevator_ratio (34.6 %); exterior_ratio (16.4 %)
DEST_003,UC3M Campus de Leganés,BICYCLE,Bicicleta,price_priority,Prioridad al precio,extended,KNN_global,7,3,2,MAD-172,San Cristóbal,MAD-126,Zofío,Usera,False,1.0733223344777838,0.4800043403322181,1909.6,3089.05,61.764243820695455,79.53333333333333,91.16666666666666,14.62699077954735,elevator_ratio (46.9 %); price_m2_for_recommender (25.9 %); exterior_ratio (13.2 %)
DEST_003,UC3M Campus de Leganés,BICYCLE,Bicicleta,price_priority,Prioridad al precio,extended,KNN_global,7,3,3,MAD-172,San Cristóbal,MAD-115,Puerta Bonita,Carabanchel,True,1.1332643351236005,0.5068112179624946,1909.6,2905.06,52.12924172601592,79.53333333333333,75.1,-5.574182732606879,elevator_ratio (57.0 %); exterior_ratio (25.6 %); price_m2_for_recommender (16.5 %)
DEST_003,UC3M Campus de Leganés,BICYCLE,Bicicleta,price_priority,Prioridad al precio,extended,Pareto_KNN,7,3,1,MAD-172,San Cristóbal,MAD-115,Puerta Bonita,Carabanchel,True,1.1332643351236,0.5068112179624944,1909.6,2905.06,52.12924172601592,79.53333333333333,75.1,-5.574182732606879,elevator_ratio (57.0 %); exterior_ratio (25.6 %); price_m2_for_recommender (16.5 %)
DEST_003,UC3M Campus de Leganés,BICYCLE,Bicicleta,price_priority,Prioridad al precio,extended,Pareto_KNN,7,3,2,MAD-172,San Cristóbal,MAD-171,Villaverde Alto - Casco Histórico de Villaverde,Villaverde,True,1.445202673779781,0.6463142839672086,1909.6,2928.26,53.344155844155864,79.53333333333333,58.68333333333333,-26.21542330259849,elevator_ratio (63.1 %); exterior_ratio (13.1 %); price_m2_for_recommender (10.6 %)
DEST_003,UC3M Campus de Leganés,BICYCLE,Bicicleta,price_priority,Prioridad al precio,extended,Pareto_KNN,7,3,3,MAD-172,San Cristóbal,MAD-106,Cuatro Vientos,Latina,True,3.5929323038197145,1.6068081739791618,1909.6,4673.53,144.73868873062423,79.53333333333333,50.48333333333333,-36.52556580050294,elevator_ratio (84.7 %); price_m2_for_recommender (12.7 %); commute_daily_minutes (2.0 %)
DEST_003,UC3M Campus de Leganés,BICYCLE,Bicicleta,balanced,Perfil equilibrado,extended,KNN_global,7,3,1,MAD-171,Villaverde Alto - Casco Histórico de Villaverde,MAD-115,Puerta Bonita,Carabanchel,True,0.6135104738091949,0.2743702248690928,2928.26,2905.06,-0.7922793740993037,58.68333333333333,75.1,27.97500710025561,rooms_mean (54.6 %); elevator_ratio (22.7 %); commute_daily_minutes (22.0 %)
DEST_003,UC3M Campus de Leganés,BICYCLE,Bicicleta,balanced,Perfil equilibrado,extended,KNN_global,7,3,2,MAD-171,Villaverde Alto - Casco Histórico de Villaverde,MAD-112,Opañel,Carabanchel,False,0.8523661091337665,0.38118971234802124,2928.26,3500.89,19.555299051313735,58.68333333333333,90.91666666666666,54.927577392786134,commute_daily_minutes (44.0 %); rooms_mean (43.0 %); price_m2_for_recommender (9.7 %)
DEST_003,UC3M Campus de Leganés,BICYCLE,Bicicleta,balanced,Perfil equilibrado,extended,KNN_global,7,3,3,MAD-171,Villaverde Alto - Casco Histórico de Villaverde,MAD-105,Campamento,Latina,False,0.9385028885492445,0.4197112511752039,2928.26,3295.84,12.552847083250802,58.68333333333333,67.51666666666667,15.052541891508099,rooms_mean (31.8 %); elevator_ratio (31.3 %); exterior_ratio (31.0 %)
DEST_003,UC3M Campus de Leganés,BICYCLE,Bicicleta,balanced,Perfil equilibrado,extended,Pareto_KNN,7,3,1,MAD-171,Villaverde Alto - Casco Histórico de Villaverde,MAD-115,Puerta Bonita,Carabanchel,True,0.6135104738091921,0.2743702248690916,2928.26,2905.06,-0.7922793740993037,58.68333333333333,75.1,27.97500710025561,rooms_mean (54.6 %); elevator_ratio (22.7 %); commute_daily_minutes (22.0 %)
DEST_003,UC3M Campus de Leganés,BICYCLE,Bicicleta,balanced,Perfil equilibrado,extended,Pareto_KNN,7,3,2,MAD-171,Villaverde Alto - Casco Histórico de Villaverde,MAD-172,San Cristóbal,Villaverde,True,1.445202673779781,0.6463142839672086,2928.26,1909.6,-34.78721151810291,58.68333333333333,79.53333333333333,35.52967906844647,elevator_ratio (63.1 %); exterior_ratio (13.1 %); price_m2_for_recommender (10.6 %)
DEST_003,UC3M Campus de Leganés,BICYCLE,Bicicleta,balanced,Perfil equilibrado,extended,Pareto_KNN,7,3,3,MAD-171,Villaverde Alto - Casco Histórico de Villaverde,MAD-106,Cuatro Vientos,Latina,True,2.3692199880300056,1.059547389377266,2928.26,4673.53,59.60092341527048,58.68333333333333,50.48333333333333,-13.973303038909405,elevator_ratio (83.0 %); price_m2_for_recommender (11.6 %); exterior_ratio (4.9 %)
DEST_003,UC3M Campus de Leganés,BICYCLE,Bicicleta,time_priority,Prioridad al tiempo,extended,KNN_global,7,3,1,MAD-171,Villaverde Alto - Casco Histórico de Villaverde,MAD-115,Puerta Bonita,Carabanchel,True,0.6135104738091949,0.2743702248690928,2928.26,2905.06,-0.7922793740993037,58.68333333333333,75.1,27.97500710025561,rooms_mean (54.6 %); elevator_ratio (22.7 %); commute_daily_minutes (22.0 %)
DEST_003,UC3M Campus de Leganés,BICYCLE,Bicicleta,time_priority,Prioridad al tiempo,extended,KNN_global,7,3,2,MAD-171,Villaverde Alto - Casco Histórico de Villaverde,MAD-112,Opañel,Carabanchel,False,0.8523661091337665,0.38118971234802124,2928.26,3500.89,19.555299051313735,58.68333333333333,90.91666666666666,54.927577392786134,commute_daily_minutes (44.0 %); rooms_mean (43.0 %); price_m2_for_recommender (9.7 %)
DEST_003,UC3M Campus de Leganés,BICYCLE,Bicicleta,time_priority,Prioridad al tiempo,extended,KNN_global,7,3,3,MAD-171,Villaverde Alto - Casco Histórico de Villaverde,MAD-105,Campamento,Latina,False,0.9385028885492445,0.4197112511752039,2928.26,3295.84,12.552847083250802,58.68333333333333,67.51666666666667,15.052541891508099,rooms_mean (31.8 %); elevator_ratio (31.3 %); exterior_ratio (31.0 %)
DEST_003,UC3M Campus de Leganés,BICYCLE,Bicicleta,time_priority,Prioridad al tiempo,extended,Pareto_KNN,7,3,1,MAD-171,Villaverde Alto - Casco Histórico de Villaverde,MAD-115,Puerta Bonita,Carabanchel,True,0.6135104738091921,0.2743702248690916,2928.26,2905.06,-0.7922793740993037,58.68333333333333,75.1,27.97500710025561,rooms_mean (54.6 %); elevator_ratio (22.7 %); commute_daily_minutes (22.0 %)
DEST_003,UC3M Campus de Leganés,BICYCLE,Bicicleta,time_priority,Prioridad al tiempo,extended,Pareto_KNN,7,3,2,MAD-171,Villaverde Alto - Casco Histórico de Villaverde,MAD-172,San Cristóbal,Villaverde,True,1.445202673779781,0.6463142839672086,2928.26,1909.6,-34.78721151810291,58.68333333333333,79.53333333333333,35.52967906844647,elevator_ratio (63.1 %); exterior_ratio (13.1 %); price_m2_for_recommender (10.6 %)
DEST_003,UC3M Campus de Leganés,BICYCLE,Bicicleta,time_priority,Prioridad al tiempo,extended,Pareto_KNN,7,3,3,MAD-171,Villaverde Alto - Casco Histórico de Villaverde,MAD-106,Cuatro Vientos,Latina,True,2.3692199880300056,1.059547389377266,2928.26,4673.53,59.60092341527048,58.68333333333333,50.48333333333333,-13.973303038909405,elevator_ratio (83.0 %); price_m2_for_recommender (11.6 %); exterior_ratio (4.9 %)
DEST_003,UC3M Campus de Leganés,CAR,Coche,price_priority,Prioridad al precio,extended,KNN_global,7,3,1,MAD-172,San Cristóbal,MAD-126,Zofío,Usera,False,1.1554581215279744,0.5167365809781528,1909.6,3089.05,61.764243820695455,28.1,23.583333333333336,-16.073546856465,elevator_ratio (41.2 %); price_m2_for_recommender (22.1 %); commute_daily_minutes (16.6 %)
DEST_003,UC3M Campus de Leganés,CAR,Coche,price_priority,Prioridad al precio,extended,KNN_global,7,3,2,MAD-172,San Cristóbal,MAD-127,Pradolongo,Usera,False,1.2126550459462426,0.5423158231987858,1909.6,3390.16,77.53246753246754,28.1,25.48333333333333,-9.311981020166089,exterior_ratio (54.6 %); price_m2_for_recommender (31.7 %); rooms_mean (7.0 %)
DEST_003,UC3M Campus de Leganés,CAR,Coche,price_priority,Prioridad al precio,extended,KNN_global,7,3,3,MAD-172,San Cristóbal,MAD-115,Puerta Bonita,Carabanchel,False,1.2136843125440884,0.5427761252147364,1909.6,2905.06,52.12924172601592,28.1,23.85,-15.124555160142348,elevator_ratio (50.6 %); exterior_ratio (21.4 %); price_m2_for_recommender (14.3 %)
DEST_003,UC3M Campus de Leganés,CAR,Coche,price_priority,Prioridad al precio,extended,Pareto_KNN,7,3,1,MAD-172,San Cristóbal,MAD-117,Abrantes,Carabanchel,True,1.8420740918076797,0.823800577774632,1909.6,2912.9,52.53979891076666,28.1,19.81666666666667,-29.47805456702253,elevator_ratio (56.0 %); commute_daily_minutes (21.9 %); rooms_mean (15.8 %)
DEST_003,UC3M Campus de Leganés,CAR,Coche,price_priority,Prioridad al precio,extended,Pareto_KNN,7,3,2,MAD-172,San Cristóbal,MAD-116,Buenavista,Carabanchel,True,2.5975929089740952,1.1616788644675,1909.6,3291.57,72.36960620025138,28.1,16.016666666666666,-43.00118623962041,elevator_ratio (67.5 %); commute_daily_minutes (23.4 %); price_m2_for_recommender (6.0 %)
DEST_003,UC3M Campus de Leganés,CAR,Coche,price_priority,Prioridad al precio,extended,Pareto_KNN,7,3,3,MAD-172,San Cristóbal,MAD-121,Orcasitas,Usera,True,2.8998950734365283,1.2968725023641643,1909.6,2357.51,23.45569752827819,28.1,22.65,-19.395017793594313,elevator_ratio (94.7 %); commute_daily_minutes (3.8 %); rooms_mean (1.0 %)
DEST_003,UC3M Campus de Leganés,CAR,Coche,balanced,Perfil equilibrado,extended,KNN_global,7,3,1,MAD-116,Buenavista,MAD-107,Águilas,Latina,False,1.0963963506375396,0.4903233540616467,3291.57,3231.64,-1.8207116968498402,16.016666666666666,24.166666666666664,50.88449531737773,commute_daily_minutes (59.8 %); rooms_mean (34.1 %); exterior_ratio (4.4 %)
DEST_003,UC3M Campus de Leganés,CAR,Coche,balanced,Perfil equilibrado,extended,KNN_global,7,3,2,MAD-116,Buenavista,MAD-173,Butarque,Villaverde,False,1.1839107479942985,0.5294609823615748,3291.57,3143.01,-4.5133477337562296,16.016666666666666,26.433333333333334,65.03642039542144,commute_daily_minutes (83.8 %); exterior_ratio (11.8 %); elevator_ratio (3.9 %)
DEST_003,UC3M Campus de Leganés,CAR,Coche,balanced,Perfil equilibrado,extended,KNN_global,7,3,3,MAD-116,Buenavista,MAD-105,Campamento,Latina,False,1.1851053091276993,0.5299952063410875,3291.57,3295.84,0.12972532864256212,16.016666666666666,25.216666666666665,57.440166493236205,commute_daily_minutes (65.3 %); elevator_ratio (14.2 %); exterior_ratio (11.8 %)
DEST_003,UC3M Campus de Leganés,CAR,Coche,balanced,Perfil equilibrado,extended,Pareto_KNN,7,3,1,MAD-116,Buenavista,MAD-121,Orcasitas,Usera,True,1.239923881796028,0.5545108173242665,3291.57,2357.51,-28.377339688963016,16.016666666666666,22.65,41.41519250780437,commute_daily_minutes (31.0 %); elevator_ratio (30.7 %); rooms_mean (15.5 %)
DEST_003,UC3M Campus de Leganés,CAR,Coche,balanced,Perfil equilibrado,extended,Pareto_KNN,7,3,2,MAD-116,Buenavista,MAD-117,Abrantes,Carabanchel,True,1.336997319622466,0.5979233784821695,3291.57,2912.9,-11.504236580112227,16.016666666666666,19.81666666666667,23.72528616024977,rooms_mean (48.3 %); elevator_ratio (31.9 %); exterior_ratio (9.3 %)
DEST_003,UC3M Campus de Leganés,CAR,Coche,balanced,Perfil equilibrado,extended,Pareto_KNN,7,3,3,MAD-116,Buenavista,MAD-172,San Cristóbal,Villaverde,True,2.5975929089740952,1.1616788644675,3291.57,1909.6,-41.98513171526051,16.016666666666666,28.1,75.44224765868888,elevator_ratio (67.5 %); commute_daily_minutes (23.4 %); price_m2_for_recommender (6.0 %)
DEST_003,UC3M Campus de Leganés,CAR,Coche,time_priority,Prioridad al tiempo,extended,KNN_global,7,3,1,MAD-116,Buenavista,MAD-107,Águilas,Latina,False,1.0963963506375396,0.4903233540616467,3291.57,3231.64,-1.8207116968498402,16.016666666666666,24.166666666666664,50.88449531737773,commute_daily_minutes (59.8 %); rooms_mean (34.1 %); exterior_ratio (4.4 %)
DEST_003,UC3M Campus de Leganés,CAR,Coche,time_priority,Prioridad al tiempo,extended,KNN_global,7,3,2,MAD-116,Buenavista,MAD-173,Butarque,Villaverde,False,1.1839107479942985,0.5294609823615748,3291.57,3143.01,-4.5133477337562296,16.016666666666666,26.433333333333334,65.03642039542144,commute_daily_minutes (83.8 %); exterior_ratio (11.8 %); elevator_ratio (3.9 %)
DEST_003,UC3M Campus de Leganés,CAR,Coche,time_priority,Prioridad al tiempo,extended,KNN_global,7,3,3,MAD-116,Buenavista,MAD-105,Campamento,Latina,False,1.1851053091276993,0.5299952063410875,3291.57,3295.84,0.12972532864256212,16.016666666666666,25.216666666666665,57.440166493236205,commute_daily_minutes (65.3 %); elevator_ratio (14.2 %); exterior_ratio (11.8 %)
DEST_003,UC3M Campus de Leganés,CAR,Coche,time_priority,Prioridad al tiempo,extended,Pareto_KNN,7,3,1,MAD-116,Buenavista,MAD-121,Orcasitas,Usera,True,1.239923881796028,0.5545108173242665,3291.57,2357.51,-28.377339688963016,16.016666666666666,22.65,41.41519250780437,commute_daily_minutes (31.0 %); elevator_ratio (30.7 %); rooms_mean (15.5 %)
DEST_003,UC3M Campus de Leganés,CAR,Coche,time_priority,Prioridad al tiempo,extended,Pareto_KNN,7,3,2,MAD-116,Buenavista,MAD-117,Abrantes,Carabanchel,True,1.336997319622466,0.5979233784821695,3291.57,2912.9,-11.504236580112227,16.016666666666666,19.81666666666667,23.72528616024977,rooms_mean (48.3 %); elevator_ratio (31.9 %); exterior_ratio (9.3 %)
DEST_003,UC3M Campus de Leganés,CAR,Coche,time_priority,Prioridad al tiempo,extended,Pareto_KNN,7,3,3,MAD-116,Buenavista,MAD-172,San Cristóbal,Villaverde,True,2.5975929089740952,1.1616788644675,3291.57,1909.6,-41.98513171526051,16.016666666666666,28.1,75.44224765868888,elevator_ratio (67.5 %); commute_daily_minutes (23.4 %); price_m2_for_recommender (6.0 %)
DEST_003,UC3M Campus de Leganés,TRANSIT,Transporte público,price_priority,Prioridad al precio,extended,KNN_global,7,4,1,MAD-172,San Cristóbal,MAD-174,Los Rosales,Villaverde,False,0.6900001359804155,0.30857744170726153,1909.6,2807.4,47.015081692501056,136.33333333333331,131.31666666666666,-3.679706601466982,elevator_ratio (36.8 %); price_m2_for_recommender (36.1 %); exterior_ratio (16.3 %)
DEST_003,UC3M Campus de Leganés,TRANSIT,Transporte público,price_priority,Prioridad al precio,extended,KNN_global,7,4,2,MAD-172,San Cristóbal,MAD-127,Pradolongo,Usera,False,1.21301634922529,0.5424774029372745,1909.6,3390.16,77.53246753246754,136.33333333333331,124.18333333333334,-8.911980440097784,exterior_ratio (56.7 %); price_m2_for_recommender (31.8 %); rooms_mean (6.8 %)
DEST_003,UC3M Campus de Leganés,TRANSIT,Transporte público,price_priority,Prioridad al precio,extended,KNN_global,7,4,3,MAD-172,San Cristóbal,MAD-126,Zofío,Usera,False,1.240840130312701,0.5549205761177793,1909.6,3089.05,61.764243820695455,136.33333333333331,99.06666666666666,-27.334963325183367,elevator_ratio (37.5 %); commute_daily_minutes (25.5 %); price_m2_for_recommender (19.3 %)
DEST_003,UC3M Campus de Leganés,TRANSIT,Transporte público,price_priority,Prioridad al precio,extended,KNN_global,7,4,4,MAD-172,San Cristóbal,MAD-145,Fontarrón,Moratalaz,False,1.4399614554497788,0.6439703398730481,1909.6,3770.04,97.42563887725179,136.33333333333331,192.0333333333333,40.85574572127139,commute_daily_minutes (42.4 %); price_m2_for_recommender (35.6 %); elevator_ratio (14.0 %)
DEST_003,UC3M Campus de Leganés,TRANSIT,Transporte público,price_priority,Prioridad al precio,extended,Pareto_KNN,7,4,1,MAD-172,San Cristóbal,MAD-115,Puerta Bonita,Carabanchel,True,1.5168089148225103,0.6783375684841643,1909.6,2905.06,52.12924172601592,136.33333333333331,77.75,-42.97066014669926,commute_daily_minutes (42.3 %); elevator_ratio (34.1 %); exterior_ratio (14.3 %)
DEST_003,UC3M Campus de Leganés,TRANSIT,Transporte público,price_priority,Prioridad al precio,extended,Pareto_KNN,7,4,2,MAD-172,San Cristóbal,MAD-114,Vista Alegre,Carabanchel,True,2.253338470212561,1.0077235991421343,1909.6,3213.22,68.26665270213657,136.33333333333331,74.28333333333333,-45.51344743276283,exterior_ratio (35.8 %); elevator_ratio (35.4 %); commute_daily_minutes (21.5 %)
DEST_003,UC3M Campus de Leganés,TRANSIT,Transporte público,price_priority,Prioridad al precio,extended,Pareto_KNN,7,4,3,MAD-172,San Cristóbal,MAD-116,Buenavista,Carabanchel,True,2.727123447097863,1.2196066821488745,1909.6,3291.57,72.36960620025138,136.33333333333331,51.61666666666667,-62.139364303178475,elevator_ratio (64.4 %); commute_daily_minutes (27.3 %); price_m2_for_recommender (5.5 %)
DEST_003,UC3M Campus de Leganés,TRANSIT,Transporte público,price_priority,Prioridad al precio,extended,Pareto_KNN,7,4,4,MAD-172,San Cristóbal,MAD-121,Orcasitas,Usera,True,2.93991325200028,1.314769175885019,1909.6,2357.51,23.45569752827819,136.33333333333331,113.03333333333332,-17.09046454767726,elevator_ratio (96.8 %); commute_daily_minutes (1.8 %); rooms_mean (0.9 %)
DEST_003,UC3M Campus de Leganés,TRANSIT,Transporte público,balanced,Perfil equilibrado,extended,KNN_global,7,4,1,MAD-116,Buenavista,MAD-107,Águilas,Latina,False,0.8081310255576902,0.361407181574723,3291.57,3231.64,-1.8207116968498402,51.61666666666667,76.6,48.401679044236346,rooms_mean (61.3 %); commute_daily_minutes (27.1 %); exterior_ratio (8.4 %)
DEST_003,UC3M Campus de Leganés,TRANSIT,Transporte público,balanced,Perfil equilibrado,extended,KNN_global,7,4,2,MAD-116,Buenavista,MAD-104,Aluche,Latina,False,0.9293823539726714,0.415632424114333,3291.57,3360.3,2.0880613202818115,51.61666666666667,89.01666666666665,72.45721666128509,rooms_mean (48.6 %); commute_daily_minutes (45.9 %); exterior_ratio (4.4 %)
DEST_003,UC3M Campus de Leganés,TRANSIT,Transporte público,balanced,Perfil equilibrado,extended,KNN_global,7,4,3,MAD-116,Buenavista,MAD-113,San Isidro,Carabanchel,False,1.1046430077925697,0.4940113712588031,3291.57,3670.03,11.49785664591669,51.61666666666667,106.4,106.13496932515339,commute_daily_minutes (69.7 %); elevator_ratio (20.6 %); exterior_ratio (6.6 %)
DEST_003,UC3M Campus de Leganés,TRANSIT,Transporte público,balanced,Perfil equilibrado,extended,KNN_global,7,4,4,MAD-116,Buenavista,MAD-112,Opañel,Carabanchel,False,1.1379777611421111,0.5089191261593559,3291.57,3500.89,6.359275360997934,51.61666666666667,90.25,74.84662576687117,elevator_ratio (55.4 %); commute_daily_minutes (32.6 %); rooms_mean (11.0 %)
DEST_003,UC3M Campus de Leganés,TRANSIT,Transporte público,balanced,Perfil equilibrado,extended,Pareto_KNN,7,4,1,MAD-116,Buenavista,MAD-114,Vista Alegre,Carabanchel,True,1.3489966575338543,0.6032896455331404,3291.57,3213.22,-2.3803230677154175,51.61666666666667,74.28333333333333,43.9134646432031,exterior_ratio (48.0 %); elevator_ratio (39.5 %); commute_daily_minutes (8.0 %)
DEST_003,UC3M Campus de Leganés,TRANSIT,Transporte público,balanced,Perfil equilibrado,extended,Pareto_KNN,7,4,2,MAD-116,Buenavista,MAD-115,Puerta Bonita,Carabanchel,True,1.4214708728216978,0.6357010999330549,3291.57,2905.06,-11.742420790078905,51.61666666666667,77.75,50.629641588634165,elevator_ratio (84.0 %); commute_daily_minutes (9.6 %); rooms_mean (3.6 %)
DEST_003,UC3M Campus de Leganés,TRANSIT,Transporte público,balanced,Perfil equilibrado,extended,Pareto_KNN,7,4,3,MAD-116,Buenavista,MAD-121,Orcasitas,Usera,True,1.468025577920451,0.6565209969877085,3291.57,2357.51,-28.377339688963016,51.61666666666667,113.03333333333332,118.98611559573779,commute_daily_minutes (49.6 %); elevator_ratio (23.0 %); rooms_mean (10.8 %)
DEST_003,UC3M Campus de Leganés,TRANSIT,Transporte público,balanced,Perfil equilibrado,extended,Pareto_KNN,7,4,4,MAD-116,Buenavista,MAD-172,San Cristóbal,Villaverde,True,2.727123447097863,1.2196066821488745,3291.57,1909.6,-41.98513171526051,51.61666666666667,136.33333333333331,164.12657410397154,elevator_ratio (64.4 %); commute_daily_minutes (27.3 %); price_m2_for_recommender (5.5 %)
DEST_003,UC3M Campus de Leganés,TRANSIT,Transporte público,time_priority,Prioridad al tiempo,extended,KNN_global,7,4,1,MAD-116,Buenavista,MAD-107,Águilas,Latina,False,0.8081310255576902,0.361407181574723,3291.57,3231.64,-1.8207116968498402,51.61666666666667,76.6,48.401679044236346,rooms_mean (61.3 %); commute_daily_minutes (27.1 %); exterior_ratio (8.4 %)
DEST_003,UC3M Campus de Leganés,TRANSIT,Transporte público,time_priority,Prioridad al tiempo,extended,KNN_global,7,4,2,MAD-116,Buenavista,MAD-104,Aluche,Latina,False,0.9293823539726714,0.415632424114333,3291.57,3360.3,2.0880613202818115,51.61666666666667,89.01666666666665,72.45721666128509,rooms_mean (48.6 %); commute_daily_minutes (45.9 %); exterior_ratio (4.4 %)
DEST_003,UC3M Campus de Leganés,TRANSIT,Transporte público,time_priority,Prioridad al tiempo,extended,KNN_global,7,4,3,MAD-116,Buenavista,MAD-113,San Isidro,Carabanchel,False,1.1046430077925697,0.4940113712588031,3291.57,3670.03,11.49785664591669,51.61666666666667,106.4,106.13496932515339,commute_daily_minutes (69.7 %); elevator_ratio (20.6 %); exterior_ratio (6.6 %)
DEST_003,UC3M Campus de Leganés,TRANSIT,Transporte público,time_priority,Prioridad al tiempo,extended,KNN_global,7,4,4,MAD-116,Buenavista,MAD-112,Opañel,Carabanchel,False,1.1379777611421111,0.5089191261593559,3291.57,3500.89,6.359275360997934,51.61666666666667,90.25,74.84662576687117,elevator_ratio (55.4 %); commute_daily_minutes (32.6 %); rooms_mean (11.0 %)
DEST_003,UC3M Campus de Leganés,TRANSIT,Transporte público,time_priority,Prioridad al tiempo,extended,Pareto_KNN,7,4,1,MAD-116,Buenavista,MAD-114,Vista Alegre,Carabanchel,True,1.3489966575338543,0.6032896455331404,3291.57,3213.22,-2.3803230677154175,51.61666666666667,74.28333333333333,43.9134646432031,exterior_ratio (48.0 %); elevator_ratio (39.5 %); commute_daily_minutes (8.0 %)
DEST_003,UC3M Campus de Leganés,TRANSIT,Transporte público,time_priority,Prioridad al tiempo,extended,Pareto_KNN,7,4,2,MAD-116,Buenavista,MAD-115,Puerta Bonita,Carabanchel,True,1.4214708728216978,0.6357010999330549,3291.57,2905.06,-11.742420790078905,51.61666666666667,77.75,50.629641588634165,elevator_ratio (84.0 %); commute_daily_minutes (9.6 %); rooms_mean (3.6 %)
DEST_003,UC3M Campus de Leganés,TRANSIT,Transporte público,time_priority,Prioridad al tiempo,extended,Pareto_KNN,7,4,3,MAD-116,Buenavista,MAD-121,Orcasitas,Usera,True,1.468025577920451,0.6565209969877085,3291.57,2357.51,-28.377339688963016,51.61666666666667,113.03333333333332,118.98611559573779,commute_daily_minutes (49.6 %); elevator_ratio (23.0 %); rooms_mean (10.8 %)
DEST_003,UC3M Campus de Leganés,TRANSIT,Transporte público,time_priority,Prioridad al tiempo,extended,Pareto_KNN,7,4,4,MAD-116,Buenavista,MAD-172,San Cristóbal,Villaverde,True,2.727123447097863,1.2196066821488745,3291.57,1909.6,-41.98513171526051,51.61666666666667,136.33333333333331,164.12657410397154,elevator_ratio (64.4 %); commute_daily_minutes (27.3 %); price_m2_for_recommender (5.5 %)
DEST_003,UC3M Campus de Leganés,WALK,A pie,price_priority,Prioridad al precio,extended,KNN_global,7,3,1,MAD-172,San Cristóbal,MAD-174,Los Rosales,Villaverde,False,0.6895981814527566,0.3083976821777197,1909.6,2807.4,47.015081692501056,213.56666666666663,216.16666666666663,1.217418448571872,elevator_ratio (37.8 %); price_m2_for_recommender (26.1 %); rooms_mean (21.7 %)
DEST_003,UC3M Campus de Leganés,WALK,A pie,price_priority,Prioridad al precio,extended,KNN_global,7,3,2,MAD-172,San Cristóbal,MAD-126,Zofío,Usera,False,1.1091783768060282,0.496039649942231,1909.6,3089.05,61.764243820695455,213.56666666666663,223.53333333333336,4.666770719525547,elevator_ratio (48.2 %); rooms_mean (22.6 %); price_m2_for_recommender (17.4 %)
DEST_003,UC3M Campus de Leganés,WALK,A pie,price_priority,Prioridad al precio,extended,KNN_global,7,3,3,MAD-172,San Cristóbal,MAD-115,Puerta Bonita,Carabanchel,False,1.1213895170387205,0.5015006378708475,1909.6,2905.06,52.12924172601592,213.56666666666663,215.43333333333337,0.8740440143593248,elevator_ratio (64.0 %); exterior_ratio (22.8 %); price_m2_for_recommender (12.1 %)
DEST_003,UC3M Campus de Leganés,WALK,A pie,price_priority,Prioridad al precio,extended,Pareto_KNN,7,3,1,MAD-172,San Cristóbal,MAD-171,Villaverde Alto - Casco Histórico de Villaverde,Villaverde,True,1.629051320209589,0.7285338981648836,1909.6,2928.26,53.344155844155864,213.56666666666663,149.83333333333334,-29.842359918838756,elevator_ratio (54.5 %); commute_daily_minutes (18.1 %); rooms_mean (12.4 %)
DEST_003,UC3M Campus de Leganés,WALK,A pie,price_priority,Prioridad al precio,extended,Pareto_KNN,7,3,2,MAD-172,San Cristóbal,MAD-116,Buenavista,Carabanchel,True,2.4569012879009566,1.098759658750664,1909.6,3291.57,72.36960620025138,213.56666666666663,142.93333333333334,-33.073201186202574,elevator_ratio (81.4 %); commute_daily_minutes (9.8 %); price_m2_for_recommender (4.9 %)
DEST_003,UC3M Campus de Leganés,WALK,A pie,price_priority,Prioridad al precio,extended,Pareto_KNN,7,3,3,MAD-172,San Cristóbal,MAD-121,Orcasitas,Usera,True,2.969009885866676,1.3277815861333557,1909.6,2357.51,23.45569752827819,213.56666666666663,206.13333333333333,-3.4805681286093226,elevator_ratio (97.4 %); rooms_mean (2.2 %); price_m2_for_recommender (0.4 %)
DEST_003,UC3M Campus de Leganés,WALK,A pie,balanced,Perfil equilibrado,extended,KNN_global,7,3,1,MAD-171,Villaverde Alto - Casco Histórico de Villaverde,MAD-115,Puerta Bonita,Carabanchel,False,1.0381348520259266,0.4642680197883314,2928.26,2905.06,-0.7922793740993037,149.83333333333334,215.43333333333337,43.78197997775307,commute_daily_minutes (47.1 %); rooms_mean (44.0 %); elevator_ratio (8.7 %)
DEST_003,UC3M Campus de Leganés,WALK,A pie,balanced,Perfil equilibrado,extended,KNN_global,7,3,2,MAD-171,Villaverde Alto - Casco Histórico de Villaverde,MAD-116,Buenavista,Carabanchel,True,1.0674904808338614,0.4773962560956901,2928.26,3291.57,12.407026698448904,149.83333333333334,142.93333333333334,-4.605116796440493,elevator_ratio (90.2 %); rooms_mean (6.7 %); price_m2_for_recommender (1.8 %)
DEST_003,UC3M Campus de Leganés,WALK,A pie,balanced,Perfil equilibrado,extended,KNN_global,7,3,3,MAD-171,Villaverde Alto - Casco Histórico de Villaverde,MAD-114,Vista Alegre,Carabanchel,False,1.2796414289484155,0.5722730443907248,2928.26,3213.22,9.731376312212697,149.83333333333334,214.7,43.2925472747497,exterior_ratio (36.5 %); rooms_mean (30.9 %); commute_daily_minutes (30.3 %)
DEST_003,UC3M Campus de Leganés,WALK,A pie,balanced,Perfil equilibrado,extended,Pareto_KNN,7,3,1,MAD-171,Villaverde Alto - Casco Histórico de Villaverde,MAD-116,Buenavista,Carabanchel,True,1.067490480833862,0.47739625609569036,2928.26,3291.57,12.407026698448904,149.83333333333334,142.93333333333334,-4.605116796440493,elevator_ratio (90.2 %); rooms_mean (6.7 %); price_m2_for_recommender (1.8 %)
DEST_003,UC3M Campus de Leganés,WALK,A pie,balanced,Perfil equilibrado,extended,Pareto_KNN,7,3,2,MAD-171,Villaverde Alto - Casco Histórico de Villaverde,MAD-172,San Cristóbal,Villaverde,True,1.629051320209589,0.7285338981648836,2928.26,1909.6,-34.78721151810291,149.83333333333334,213.56666666666663,42.53615127919908,elevator_ratio (54.5 %); commute_daily_minutes (18.1 %); rooms_mean (12.4 %)
DEST_003,UC3M Campus de Leganés,WALK,A pie,balanced,Perfil equilibrado,extended,Pareto_KNN,7,3,3,MAD-171,Villaverde Alto - Casco Histórico de Villaverde,MAD-121,Orcasitas,Usera,True,2.160115266521152,0.9660329150352743,2928.26,2357.51,-19.491097102033287,149.83333333333334,206.13333333333333,37.575083426028904,elevator_ratio (64.0 %); rooms_mean (21.8 %); commute_daily_minutes (8.0 %)
DEST_003,UC3M Campus de Leganés,WALK,A pie,time_priority,Prioridad al tiempo,extended,KNN_global,7,3,1,MAD-116,Buenavista,MAD-171,Villaverde Alto - Casco Histórico de Villaverde,Villaverde,True,1.0674904808338614,0.4773962560956901,3291.57,2928.26,-11.037589964667314,142.93333333333334,149.83333333333334,4.827425373134332,elevator_ratio (90.2 %); rooms_mean (6.7 %); price_m2_for_recommender (1.8 %)
DEST_003,UC3M Campus de Leganés,WALK,A pie,time_priority,Prioridad al tiempo,extended,KNN_global,7,3,2,MAD-116,Buenavista,MAD-105,Campamento,Latina,False,1.144183050349544,0.511694215856929,3291.57,3295.84,0.12972532864256212,142.93333333333334,218.0,52.51865671641791,commute_daily_minutes (50.8 %); rooms_mean (21.3 %); elevator_ratio (16.4 %)
DEST_003,UC3M Campus de Leganés,WALK,A pie,time_priority,Prioridad al tiempo,extended,KNN_global,7,3,3,MAD-116,Buenavista,MAD-122,Orcasur,Usera,False,1.1989636655297327,0.5361928517353607,3291.57,3403.28,3.3938211856348195,142.93333333333334,246.4,72.38805970149254,commute_daily_minutes (87.9 %); exterior_ratio (10.5 %); elevator_ratio (1.4 %)
DEST_003,UC3M Campus de Leganés,WALK,A pie,time_priority,Prioridad al tiempo,extended,Pareto_KNN,7,3,1,MAD-116,Buenavista,MAD-171,Villaverde Alto - Casco Histórico de Villaverde,Villaverde,True,1.067490480833862,0.47739625609569036,3291.57,2928.26,-11.037589964667314,142.93333333333334,149.83333333333334,4.827425373134332,elevator_ratio (90.2 %); rooms_mean (6.7 %); price_m2_for_recommender (1.8 %)
DEST_003,UC3M Campus de Leganés,WALK,A pie,time_priority,Prioridad al tiempo,extended,Pareto_KNN,7,3,2,MAD-116,Buenavista,MAD-121,Orcasitas,Usera,True,1.3434001022218856,0.6007867899096604,3291.57,2357.51,-28.377339688963016,142.93333333333334,206.13333333333333,44.21641791044775,rooms_mean (29.9 %); elevator_ratio (28.2 %); commute_daily_minutes (26.1 %)
DEST_003,UC3M Campus de Leganés,WALK,A pie,time_priority,Prioridad al tiempo,extended,Pareto_KNN,7,3,3,MAD-116,Buenavista,MAD-172,San Cristóbal,Villaverde,True,2.4569012879009566,1.098759658750664,3291.57,1909.6,-41.98513171526051,142.93333333333334,213.56666666666663,49.41697761194027,elevator_ratio (81.4 %); commute_daily_minutes (9.8 %); price_m2_for_recommender (4.9 %)
DEST_001,Puerta del Sol,BICYCLE,Bicicleta,price_priority,Prioridad al precio,extended,KNN_global,10,10,1,MAD-121,Orcasitas,MAD-175,Ángeles,Villaverde,False,0.8250939890806611,0.3689932494821655,2357.51,2956.03,25.38780323307218,73.71666666666667,77.76666666666667,5.494008591453761,elevator_ratio (84.1 %); price_m2_for_recommender (11.3 %); rooms_mean (2.7 %)
DEST_001,Puerta del Sol,BICYCLE,Bicicleta,price_priority,Prioridad al precio,extended,KNN_global,10,10,2,MAD-121,Orcasitas,MAD-143,Marroquina,Moratalaz,False,0.9401635696785917,0.4204539303540382,2357.51,4301.17,82.44546152508366,73.71666666666667,72.51666666666665,-1.6278543974678052,price_m2_for_recommender (91.5 %); elevator_ratio (8.3 %); commute_daily_minutes (0.1 %)
DEST_001,Puerta del Sol,BICYCLE,Bicicleta,price_priority,Prioridad al precio,extended,KNN_global,10,10,3,MAD-121,Orcasitas,MAD-144,Media Legua,Moratalaz,False,0.940886728236155,0.4207773366926827,2357.51,3876.72,64.44129611327203,73.71666666666667,56.33333333333333,-23.58127967442913,price_m2_for_recommender (55.8 %); commute_daily_minutes (26.7 %); rooms_mean (17.4 %)
DEST_001,Puerta del Sol,BICYCLE,Bicicleta,price_priority,Prioridad al precio,extended,KNN_global,10,10,4,MAD-121,Orcasitas,MAD-173,Butarque,Villaverde,False,0.969339663553402,0.4335018761984364,2357.51,3143.01,33.31905272936276,73.71666666666667,94.11666666666667,27.6735247569523,commute_daily_minutes (34.6 %); rooms_mean (29.8 %); elevator_ratio (21.6 %)
DEST_001,Puerta del Sol,BICYCLE,Bicicleta,price_priority,Prioridad al precio,extended,KNN_global,10,10,5,MAD-121,Orcasitas,MAD-107,Águilas,Latina,False,0.9899607397671929,0.44272390183508453,2357.51,3231.64,37.0785277687051,73.71666666666667,83.56666666666666,13.361971512548037,exterior_ratio (43.1 %); elevator_ratio (30.2 %); price_m2_for_recommender (16.7 %)
DEST_001,Puerta del Sol,BICYCLE,Bicicleta,price_priority,Prioridad al precio,extended,KNN_global,10,10,6,MAD-121,Orcasitas,MAD-104,Aluche,Latina,False,1.0291117901901976,0.4602327838623566,2357.51,3360.3,42.535980759360505,73.71666666666667,62.35,-15.419398598236493,exterior_ratio (35.0 %); elevator_ratio (32.5 %); price_m2_for_recommender (20.3 %)
DEST_001,Puerta del Sol,BICYCLE,Bicicleta,price_priority,Prioridad al precio,extended,KNN_global,10,10,7,MAD-121,Orcasitas,MAD-094,Valdezarza,Moncloa - Aravaca,False,1.1187489713766552,0.5003197499512335,2357.51,4484.04,90.20237453923842,73.71666666666667,73.81666666666666,0.13565453312230746,price_m2_for_recommender (77.3 %); elevator_ratio (20.8 %); rooms_mean (1.8 %)
DEST_001,Puerta del Sol,BICYCLE,Bicicleta,price_priority,Prioridad al precio,extended,KNN_global,10,10,8,MAD-121,Orcasitas,MAD-201,Simancas,San Blas - Canillejas,False,1.1218233841458523,0.5016946691397971,2357.51,3690.7,56.55076754711537,73.71666666666667,80.88333333333333,9.72190820709924,rooms_mean (47.2 %); price_m2_for_recommender (30.2 %); exterior_ratio (17.1 %)
DEST_001,Puerta del Sol,BICYCLE,Bicicleta,price_priority,Prioridad al precio,extended,KNN_global,10,10,9,MAD-121,Orcasitas,MAD-122,Orcasur,Usera,False,1.12291119254949,0.5021811518472029,2357.51,3403.28,44.359090735564216,73.71666666666667,62.38333333333334,-15.374180420529045,elevator_ratio (52.5 %); rooms_mean (20.9 %); price_m2_for_recommender (18.6 %)
DEST_001,Puerta del Sol,BICYCLE,Bicicleta,price_priority,Prioridad al precio,extended,KNN_global,10,10,10,MAD-121,Orcasitas,MAD-165,Apóstol Santiago,Hortaleza,False,1.1269479529629514,0.5039864459858789,2357.51,4162.46,76.56171129708886,73.71666666666667,91.78333333333332,24.508252317431584,price_m2_for_recommender (54.9 %); rooms_mean (20.8 %); commute_daily_minutes (20.1 %)
DEST_001,Puerta del Sol,BICYCLE,Bicicleta,price_priority,Prioridad al precio,extended,Pareto_KNN,10,10,1,MAD-121,Orcasitas,MAD-117,Abrantes,Carabanchel,True,1.5935201134255446,0.7126438594265385,2357.51,2912.9,23.558330611535045,73.71666666666667,56.266666666666666,-23.671716029844,elevator_ratio (80.5 %); commute_daily_minutes (9.4 %); rooms_mean (7.6 %)
DEST_001,Puerta del Sol,BICYCLE,Bicicleta,price_priority,Prioridad al precio,extended,Pareto_KNN,10,10,2,MAD-121,Orcasitas,MAD-112,Opañel,Carabanchel,True,1.8693451308616682,0.8359965572029859,2357.51,3500.89,48.49947614220086,73.71666666666667,43.23333333333333,-41.352023513452416,elevator_ratio (64.3 %); commute_daily_minutes (20.8 %); price_m2_for_recommender (8.0 %)
DEST_001,Puerta del Sol,BICYCLE,Bicicleta,price_priority,Prioridad al precio,extended,Pareto_KNN,10,10,3,MAD-121,Orcasitas,MAD-135,Portazgo,Puente de Vallecas,True,1.9958050308728459,0.8925511437735499,2357.51,2703.76,14.687106311319994,73.71666666666667,70.83333333333334,-3.9113723716934103,elevator_ratio (81.2 %); exterior_ratio (18.0 %); price_m2_for_recommender (0.6 %)
DEST_001,Puerta del Sol,BICYCLE,Bicicleta,price_priority,Prioridad al precio,extended,Pareto_KNN,10,10,4,MAD-121,Orcasitas,MAD-123,San Fermín,Usera,True,2.0503019938192386,0.9169229265166342,2357.51,2755.18,16.868221131617663,73.71666666666667,56.98333333333333,-22.699525209134084,elevator_ratio (51.9 %); exterior_ratio (41.2 %); commute_daily_minutes (5.2 %)
DEST_001,Puerta del Sol,BICYCLE,Bicicleta,price_priority,Prioridad al precio,extended,Pareto_KNN,10,10,5,MAD-121,Orcasitas,MAD-126,Zofío,Usera,True,2.1950227326176335,0.9816440084580746,2357.51,3089.05,31.030197114752426,73.71666666666667,54.1,-26.610897580827494,elevator_ratio (88.2 %); commute_daily_minutes (6.2 %); exterior_ratio (3.2 %)
DEST_001,Puerta del Sol,BICYCLE,Bicicleta,price_priority,Prioridad al precio,extended,Pareto_KNN,10,10,6,MAD-121,Orcasitas,MAD-125,Moscardó,Usera,True,2.2463195708847037,1.004584651937271,2357.51,3739.18,58.607174518877954,73.71666666666667,40.9,-44.5172959529731,elevator_ratio (38.1 %); exterior_ratio (32.8 %); commute_daily_minutes (16.7 %)
DEST_001,Puerta del Sol,BICYCLE,Bicicleta,price_priority,Prioridad al precio,extended,Pareto_KNN,10,10,7,MAD-121,Orcasitas,MAD-131,Entrevías,Puente de Vallecas,True,2.556135223552829,1.1431384239091493,2357.51,2430.16,3.0816412231549233,73.71666666666667,71.56666666666666,-2.9165724621297837,elevator_ratio (82.9 %); exterior_ratio (16.1 %); rooms_mean (0.9 %)
DEST_001,Puerta del Sol,BICYCLE,Bicicleta,price_priority,Prioridad al precio,extended,Pareto_KNN,10,10,8,MAD-121,Orcasitas,MAD-102,Puerta del Ángel,Latina,True,2.594577385368521,1.160330281313536,2357.51,4033.3,71.08304948865539,73.71666666666667,30.266666666666666,-58.94189464164594,elevator_ratio (51.6 %); commute_daily_minutes (21.9 %); exterior_ratio (17.4 %)
DEST_001,Puerta del Sol,BICYCLE,Bicicleta,price_priority,Prioridad al precio,extended,Pareto_KNN,10,10,9,MAD-121,Orcasitas,MAD-172,San Cristóbal,Villaverde,True,2.8797526024579505,1.287864515495581,2357.51,1909.6,-18.99928314195911,73.71666666666667,94.93333333333334,28.78137011078454,elevator_ratio (94.3 %); commute_daily_minutes (4.2 %); rooms_mean (1.0 %)
DEST_001,Puerta del Sol,BICYCLE,Bicicleta,price_priority,Prioridad al precio,extended,Pareto_KNN,10,10,10,MAD-121,Orcasitas,MAD-021,Imperial,Arganzuela,True,2.887755730511236,1.2914436231675372,2357.51,5855.12,148.36034629757665,73.71666666666667,24.583333333333336,-66.65159394076419,exterior_ratio (45.5 %); price_m2_for_recommender (31.4 %); commute_daily_minutes (22.6 %)
DEST_001,Puerta del Sol,BICYCLE,Bicicleta,balanced,Perfil equilibrado,extended,KNN_global,10,10,1,MAD-102,Puerta del Ángel,MAD-111,Comillas,Carabanchel,False,0.35720886874286334,0.15974866253496844,4033.3,4105.51,1.790345374755164,30.266666666666666,38.5,27.202643171806173,commute_daily_minutes (41.5 %); elevator_ratio (29.9 %); rooms_mean (25.8 %)
DEST_001,Puerta del Sol,BICYCLE,Bicicleta,balanced,Perfil equilibrado,extended,KNN_global,10,10,2,MAD-102,Puerta del Ángel,MAD-125,Moscardó,Usera,True,0.7049866531727935,0.3152796159448868,4033.3,3739.18,-7.292291671832007,30.266666666666666,40.9,35.13215859030837,elevator_ratio (45.8 %); rooms_mean (24.3 %); commute_daily_minutes (17.8 %)
DEST_001,Puerta del Sol,BICYCLE,Bicicleta,balanced,Perfil equilibrado,extended,KNN_global,10,10,3,MAD-102,Puerta del Ángel,MAD-112,Opañel,Carabanchel,True,0.8294904140487038,0.37095939049946963,4033.3,3500.89,-13.200357027744037,30.266666666666666,43.23333333333333,42.841409691629934,exterior_ratio (52.9 %); elevator_ratio (19.2 %); commute_daily_minutes (19.1 %)
DEST_001,Puerta del Sol,BICYCLE,Bicicleta,balanced,Perfil equilibrado,extended,KNN_global,10,10,4,MAD-102,Puerta del Ángel,MAD-123,San Fermín,Usera,True,1.0567336439646482,0.4725856524032027,4033.3,2755.18,-31.6891875139464,30.266666666666666,56.98333333333333,88.27092511013214,commute_daily_minutes (49.9 %); price_m2_for_recommender (31.3 %); elevator_ratio (13.4 %)
DEST_001,Puerta del Sol,BICYCLE,Bicicleta,balanced,Perfil equilibrado,extended,KNN_global,10,10,5,MAD-102,Puerta del Ángel,MAD-126,Zofío,Usera,True,1.0892062744874116,0.48710785425462944,4033.3,3089.05,-23.41135050702898,30.266666666666666,54.1,78.7444933920705,exterior_ratio (40.5 %); commute_daily_minutes (37.4 %); price_m2_for_recommender (16.1 %)
DEST_001,Puerta del Sol,BICYCLE,Bicicleta,balanced,Perfil equilibrado,extended,KNN_global,10,10,6,MAD-102,Puerta del Ángel,MAD-114,Vista Alegre,Carabanchel,False,1.1266160489134982,0.503838013982562,4033.3,3213.22,-20.33273002256218,30.266666666666666,64.53333333333333,113.21585903083701,commute_daily_minutes (72.2 %); price_m2_for_recommender (11.3 %); elevator_ratio (10.4 %)
DEST_001,Puerta del Sol,BICYCLE,Bicicleta,balanced,Perfil equilibrado,extended,KNN_global,10,10,7,MAD-102,Puerta del Ángel,MAD-136,Numancia,Puente de Vallecas,False,1.1951392725485654,0.5344825311996481,4033.3,3239.46,-19.682146133439122,30.266666666666666,59.3,95.92511013215858,commute_daily_minutes (46.1 %); rooms_mean (36.8 %); price_m2_for_recommender (9.4 %)
DEST_001,Puerta del Sol,BICYCLE,Bicicleta,balanced,Perfil equilibrado,extended,KNN_global,10,10,8,MAD-102,Puerta del Ángel,MAD-115,Puerta Bonita,Carabanchel,False,1.2841999308413024,0.5743116684123362,4033.3,2905.06,-27.973123744824342,30.266666666666666,67.85,124.17400881057269,commute_daily_minutes (66.9 %); price_m2_for_recommender (16.5 %); exterior_ratio (15.7 %)
DEST_001,Puerta del Sol,BICYCLE,Bicicleta,balanced,Perfil equilibrado,extended,KNN_global,10,10,9,MAD-102,Puerta del Ángel,MAD-103,Lucero,Latina,False,1.3156008854330112,0.5883546022174252,4033.3,3310.43,-17.92254481441996,30.266666666666666,60.16666666666667,98.78854625550663,exterior_ratio (41.2 %); commute_daily_minutes (40.3 %); elevator_ratio (10.4 %)
DEST_001,Puerta del Sol,BICYCLE,Bicicleta,balanced,Perfil equilibrado,extended,KNN_global,10,10,10,MAD-102,Puerta del Ángel,MAD-101,Los Cármenes,Latina,False,1.3164754704574728,0.588745728530785,4033.3,3502.59,-13.15820791907371,30.266666666666666,43.83333333333333,44.82378854625549,rooms_mean (49.0 %); elevator_ratio (38.5 %); commute_daily_minutes (8.3 %)
DEST_001,Puerta del Sol,BICYCLE,Bicicleta,balanced,Perfil equilibrado,extended,Pareto_KNN,10,10,1,MAD-102,Puerta del Ángel,MAD-125,Moscardó,Usera,True,0.7049866531727931,0.3152796159448866,4033.3,3739.18,-7.292291671832007,30.266666666666666,40.9,35.13215859030837,elevator_ratio (45.8 %); rooms_mean (24.3 %); commute_daily_minutes (17.8 %)
DEST_001,Puerta del Sol,BICYCLE,Bicicleta,balanced,Perfil equilibrado,extended,Pareto_KNN,10,10,2,MAD-102,Puerta del Ángel,MAD-112,Opañel,Carabanchel,True,0.8294904140487045,0.37095939049946997,4033.3,3500.89,-13.200357027744037,30.266666666666666,43.23333333333333,42.841409691629934,exterior_ratio (52.9 %); elevator_ratio (19.2 %); commute_daily_minutes (19.1 %)
DEST_001,Puerta del Sol,BICYCLE,Bicicleta,balanced,Perfil equilibrado,extended,Pareto_KNN,10,10,3,MAD-102,Puerta del Ángel,MAD-123,San Fermín,Usera,True,1.0567336439646484,0.4725856524032028,4033.3,2755.18,-31.6891875139464,30.266666666666666,56.98333333333333,88.27092511013214,commute_daily_minutes (49.9 %); price_m2_for_recommender (31.3 %); elevator_ratio (13.4 %)
DEST_001,Puerta del Sol,BICYCLE,Bicicleta,balanced,Perfil equilibrado,extended,Pareto_KNN,10,10,4,MAD-102,Puerta del Ángel,MAD-126,Zofío,Usera,True,1.0892062744874114,0.4871078542546293,4033.3,3089.05,-23.41135050702898,30.266666666666666,54.1,78.7444933920705,exterior_ratio (40.5 %); commute_daily_minutes (37.4 %); price_m2_for_recommender (16.1 %)
DEST_001,Puerta del Sol,BICYCLE,Bicicleta,balanced,Perfil equilibrado,extended,Pareto_KNN,10,10,5,MAD-102,Puerta del Ángel,MAD-135,Portazgo,Puente de Vallecas,True,1.318045787395775,0.5894479956148376,4033.3,2703.76,-32.96407408325688,30.266666666666666,70.83333333333334,134.03083700440533,commute_daily_minutes (74.0 %); price_m2_for_recommender (21.8 %); exterior_ratio (3.2 %)
DEST_001,Puerta del Sol,BICYCLE,Bicicleta,balanced,Perfil equilibrado,extended,Pareto_KNN,10,10,6,MAD-102,Puerta del Ángel,MAD-131,Entrevías,Puente de Vallecas,True,1.4942075950424951,0.6682299510022993,4033.3,2430.16,-39.747601219844796,30.266666666666666,71.56666666666666,136.45374449339207,commute_daily_minutes (59.6 %); price_m2_for_recommender (24.6 %); elevator_ratio (9.7 %)
DEST_001,Puerta del Sol,BICYCLE,Bicicleta,balanced,Perfil equilibrado,extended,Pareto_KNN,10,10,7,MAD-102,Puerta del Ángel,MAD-117,Abrantes,Carabanchel,True,1.571172530467203,0.702649716501005,4033.3,2912.9,-27.77874197307416,30.266666666666666,56.266666666666666,85.90308370044053,exterior_ratio (47.5 %); commute_daily_minutes (21.4 %); rooms_mean (12.7 %)
DEST_001,Puerta del Sol,BICYCLE,Bicicleta,balanced,Perfil equilibrado,extended,Pareto_KNN,10,10,8,MAD-102,Puerta del Ángel,MAD-016,Sol,Centro,True,2.1301141017256477,0.95261598625789,4033.3,7696.61,90.82661840180495,30.266666666666666,3.7,-87.77533039647577,price_m2_for_recommender (63.3 %); elevator_ratio (23.8 %); commute_daily_minutes (12.1 %)
DEST_001,Puerta del Sol,BICYCLE,Bicicleta,balanced,Perfil equilibrado,extended,Pareto_KNN,10,10,9,MAD-102,Puerta del Ángel,MAD-021,Imperial,Arganzuela,True,2.1663139532995075,0.9688050520368007,4033.3,5855.12,45.16946421044801,30.266666666666666,24.583333333333336,-18.77753303964757,elevator_ratio (68.3 %); exterior_ratio (16.0 %); price_m2_for_recommender (15.1 %)
DEST_001,Puerta del Sol,BICYCLE,Bicicleta,balanced,Perfil equilibrado,extended,Pareto_KNN,10,10,10,MAD-102,Puerta del Ángel,MAD-011,Palacio,Centro,True,2.4567222807246853,1.0986796043077436,4033.3,6895.15,70.95554508714946,30.266666666666666,15.733333333333334,-48.01762114537444,exterior_ratio (39.4 %); price_m2_for_recommender (29.1 %); elevator_ratio (24.4 %)
DEST_001,Puerta del Sol,BICYCLE,Bicicleta,time_priority,Prioridad al tiempo,extended,KNN_global,10,10,1,MAD-016,Sol,MAD-013,Cortes,Centro,False,0.6554702821731351,0.2931352216340197,7696.61,7246.75,-5.844910941310522,3.7,16.03333333333333,333.3333333333333,exterior_ratio (37.5 %); commute_daily_minutes (27.6 %); elevator_ratio (20.5 %)
DEST_001,Puerta del Sol,BICYCLE,Bicicleta,time_priority,Prioridad al tiempo,extended,KNN_global,10,10,2,MAD-016,Sol,MAD-015,Universidad,Centro,False,1.1837730269015023,0.5293993916164893,7696.61,7135.43,-7.291261997164979,3.7,17.35,368.91891891891896,exterior_ratio (81.5 %); commute_daily_minutes (10.4 %); price_m2_for_recommender (4.8 %)
DEST_001,Puerta del Sol,BICYCLE,Bicicleta,time_priority,Prioridad al tiempo,extended,KNN_global,10,10,3,MAD-016,Sol,MAD-014,Justicia,Centro,False,1.2147784547764444,0.5432654404964568,7696.61,9541.9,23.975360580827143,3.7,19.31666666666667,422.07207207207216,price_m2_for_recommender (49.4 %); elevator_ratio (35.3 %); commute_daily_minutes (12.9 %)
DEST_001,Puerta del Sol,BICYCLE,Bicicleta,time_priority,Prioridad al tiempo,extended,KNN_global,10,10,4,MAD-016,Sol,MAD-092,Argüelles,Moncloa - Aravaca,False,1.352054739464857,0.6046572613488376,7696.61,7554.87,-1.8415899987137168,3.7,24.566666666666663,563.9639639639639,elevator_ratio (49.8 %); commute_daily_minutes (18.6 %); exterior_ratio (17.8 %)
DEST_001,Puerta del Sol,BICYCLE,Bicicleta,time_priority,Prioridad al tiempo,extended,KNN_global,10,10,5,MAD-016,Sol,MAD-021,Imperial,Arganzuela,True,1.4556873422745094,0.6510031702623612,7696.61,5855.12,-23.925988194802645,3.7,24.583333333333336,564.4144144144144,price_m2_for_recommender (34.3 %); elevator_ratio (26.7 %); exterior_ratio (22.3 %)
DEST_001,Puerta del Sol,BICYCLE,Bicicleta,time_priority,Prioridad al tiempo,extended,KNN_global,10,10,6,MAD-016,Sol,MAD-073,Trafalgar,Chamberí,False,1.5225696634675596,0.6809138535984882,7696.61,8568.41,11.327064772672646,3.7,30.21666666666667,716.6666666666667,elevator_ratio (40.2 %); exterior_ratio (28.9 %); commute_daily_minutes (23.7 %)
DEST_001,Puerta del Sol,BICYCLE,Bicicleta,time_priority,Prioridad al tiempo,extended,KNN_global,10,10,7,MAD-016,Sol,MAD-027,Atocha,Arganzuela,False,1.5609217431387454,0.6980654250431401,7696.61,6810.36,-11.514809766897375,3.7,45.31666666666666,1124.7747747747746,commute_daily_minutes (55.5 %); elevator_ratio (20.5 %); exterior_ratio (17.1 %)
DEST_001,Puerta del Sol,BICYCLE,Bicicleta,time_priority,Prioridad al tiempo,extended,KNN_global,10,10,8,MAD-016,Sol,MAD-011,Palacio,Centro,True,1.5722039890638435,0.7031109988086179,7696.61,6895.15,-10.413155921892885,3.7,15.733333333333334,325.22522522522524,exterior_ratio (75.3 %); rooms_mean (13.3 %); price_m2_for_recommender (5.6 %)
DEST_001,Puerta del Sol,BICYCLE,Bicicleta,time_priority,Prioridad al tiempo,extended,KNN_global,10,10,9,MAD-016,Sol,MAD-044,Guindalera,Salamanca,False,1.611952248660295,0.7208869608976127,7696.61,6722.25,-12.659599486007473,3.7,48.33333333333333,1206.306306306306,commute_daily_minutes (59.9 %); elevator_ratio (28.0 %); price_m2_for_recommender (7.8 %)
DEST_001,Puerta del Sol,BICYCLE,Bicicleta,time_priority,Prioridad al tiempo,extended,KNN_global,10,10,10,MAD-016,Sol,MAD-032,Adelfas,Retiro,False,1.7569625686290737,0.7857375474754497,7696.61,5741.86,-25.39754515299593,3.7,42.5,1048.6486486486485,commute_daily_minutes (38.1 %); elevator_ratio (34.8 %); price_m2_for_recommender (26.5 %)
DEST_001,Puerta del Sol,BICYCLE,Bicicleta,time_priority,Prioridad al tiempo,extended,Pareto_KNN,10,10,1,MAD-016,Sol,MAD-021,Imperial,Arganzuela,True,1.4556873422745094,0.6510031702623612,7696.61,5855.12,-23.925988194802645,3.7,24.583333333333336,564.4144144144144,price_m2_for_recommender (34.3 %); elevator_ratio (26.7 %); exterior_ratio (22.3 %)
DEST_001,Puerta del Sol,BICYCLE,Bicicleta,time_priority,Prioridad al tiempo,extended,Pareto_KNN,10,10,2,MAD-016,Sol,MAD-011,Palacio,Centro,True,1.572203989063843,0.7031109988086178,7696.61,6895.15,-10.413155921892885,3.7,15.733333333333334,325.22522522522524,exterior_ratio (75.3 %); rooms_mean (13.3 %); price_m2_for_recommender (5.6 %)
DEST_001,Puerta del Sol,BICYCLE,Bicicleta,time_priority,Prioridad al tiempo,extended,Pareto_KNN,10,10,3,MAD-016,Sol,MAD-102,Puerta del Ángel,Latina,True,2.1301141017256477,0.95261598625789,7696.61,4033.3,-47.596409328262695,3.7,30.266666666666666,718.018018018018,price_m2_for_recommender (63.3 %); elevator_ratio (23.8 %); commute_daily_minutes (12.1 %)
DEST_001,Puerta del Sol,BICYCLE,Bicicleta,time_priority,Prioridad al tiempo,extended,Pareto_KNN,10,10,4,MAD-016,Sol,MAD-125,Moscardó,Usera,True,2.2170439820586987,0.9914922105980148,7696.61,3739.18,-51.41783200655873,3.7,40.9,1005.4054054054052,price_m2_for_recommender (68.2 %); commute_daily_minutes (22.0 %); elevator_ratio (6.4 %)
DEST_001,Puerta del Sol,BICYCLE,Bicicleta,time_priority,Prioridad al tiempo,extended,Pareto_KNN,10,10,5,MAD-016,Sol,MAD-112,Opañel,Carabanchel,True,2.4610684806207948,1.100623283990044,7696.61,3500.89,-54.51387039228959,3.7,43.23333333333333,1068.4684684684682,price_m2_for_recommender (62.2 %); commute_daily_minutes (20.1 %); exterior_ratio (10.1 %)
DEST_001,Puerta del Sol,BICYCLE,Bicicleta,time_priority,Prioridad al tiempo,extended,Pareto_KNN,10,10,6,MAD-016,Sol,MAD-123,San Fermín,Usera,True,2.809012693219888,1.2562286663398863,7696.61,2755.18,-64.20268144027045,3.7,56.98333333333333,1440.0900900900897,price_m2_for_recommender (66.2 %); commute_daily_minutes (28.1 %); elevator_ratio (5.4 %)
DEST_001,Puerta del Sol,BICYCLE,Bicicleta,time_priority,Prioridad al tiempo,extended,Pareto_KNN,10,10,7,MAD-016,Sol,MAD-126,Zofío,Usera,True,2.9715255661536926,1.3289066325596408,7696.61,3089.05,-59.86479761869186,3.7,54.1,1362.162162162162,price_m2_for_recommender (51.5 %); commute_daily_minutes (22.5 %); elevator_ratio (17.3 %)
DEST_001,Puerta del Sol,BICYCLE,Bicicleta,time_priority,Prioridad al tiempo,extended,Pareto_KNN,10,10,8,MAD-016,Sol,MAD-117,Abrantes,Carabanchel,True,3.043105581627233,1.3609181886455057,7696.61,2912.9,-62.15346756559055,3.7,56.266666666666666,1420.7207207207205,price_m2_for_recommender (52.9 %); commute_daily_minutes (23.3 %); exterior_ratio (17.2 %)
DEST_001,Puerta del Sol,BICYCLE,Bicicleta,time_priority,Prioridad al tiempo,extended,Pareto_KNN,10,10,9,MAD-016,Sol,MAD-012,Embajadores,Centro,True,3.1462214877721775,1.4070330237858224,7696.61,6054.75,-21.332248873205213,3.7,23.183333333333337,526.5765765765766,exterior_ratio (82.3 %); price_m2_for_recommender (5.8 %); rooms_mean (5.5 %)
DEST_001,Puerta del Sol,BICYCLE,Bicicleta,time_priority,Prioridad al tiempo,extended,Pareto_KNN,10,10,10,MAD-016,Sol,MAD-135,Portazgo,Puente de Vallecas,True,3.1586639220345036,1.4125974495490492,7696.61,2703.76,-64.87076777958087,3.7,70.83333333333334,1814.4144144144145,price_m2_for_recommender (53.5 %); commute_daily_minutes (35.3 %); elevator_ratio (9.5 %)
DEST_001,Puerta del Sol,CAR,Coche,price_priority,Prioridad al precio,extended,KNN_global,10,10,1,MAD-121,Orcasitas,MAD-182,Santa Eugenia,Villa de Vallecas,False,0.38742919890613287,0.17326360504448005,2357.51,2899.99,23.01071893650502,28.416666666666664,30.5,7.331378299120243,price_m2_for_recommender (41.6 %); commute_daily_minutes (40.6 %); elevator_ratio (16.3 %)
DEST_001,Puerta del Sol,CAR,Coche,price_priority,Prioridad al precio,extended,KNN_global,10,10,2,MAD-121,Orcasitas,MAD-206,Rejas,San Blas - Canillejas,False,0.893229414758197,0.39946433818033644,2357.51,3580.16,51.861922112737574,28.416666666666664,31.683333333333334,11.495601173020537,price_m2_for_recommender (39.8 %); exterior_ratio (22.5 %); commute_daily_minutes (18.8 %)
DEST_001,Puerta del Sol,CAR,Coche,price_priority,Prioridad al precio,extended,KNN_global,10,10,3,MAD-121,Orcasitas,MAD-175,Ángeles,Villaverde,False,0.921303347936917,0.4120193827770174,2357.51,2956.03,25.38780323307218,28.416666666666664,31.9,12.258064516129037,elevator_ratio (68.7 %); commute_daily_minutes (20.1 %); price_m2_for_recommender (9.0 %)
DEST_001,Puerta del Sol,CAR,Coche,price_priority,Prioridad al precio,extended,KNN_global,10,10,4,MAD-121,Orcasitas,MAD-191,Casco Histórico de Vicálvaro,Vicálvaro,False,0.9300366963272069,0.4159250549113927,2357.51,3355.2,42.31965081802408,28.416666666666664,32.71666666666667,15.131964809384181,commute_daily_minutes (30.0 %); price_m2_for_recommender (24.4 %); exterior_ratio (18.3 %)
DEST_001,Puerta del Sol,CAR,Coche,price_priority,Prioridad al precio,extended,KNN_global,10,10,5,MAD-121,Orcasitas,MAD-104,Aluche,Latina,False,0.9740903024543716,0.43562642650226097,2357.51,3360.3,42.535980759360505,28.416666666666664,28.433333333333334,0.05865102639297105,exterior_ratio (37.6 %); elevator_ratio (37.0 %); price_m2_for_recommender (22.5 %)
DEST_001,Puerta del Sol,CAR,Coche,price_priority,Prioridad al precio,extended,KNN_global,10,10,6,MAD-121,Orcasitas,MAD-165,Apóstol Santiago,Hortaleza,False,1.0100124727164683,0.45169130942333496,2357.51,4162.46,76.56171129708886,28.416666666666664,29.016666666666666,2.111436950146633,price_m2_for_recommender (67.8 %); rooms_mean (26.3 %); elevator_ratio (5.4 %)
DEST_001,Puerta del Sol,CAR,Coche,price_priority,Prioridad al precio,extended,KNN_global,10,10,7,MAD-121,Orcasitas,MAD-164,Pinar del Rey,Hortaleza,False,1.075340818631148,0.4809070338879038,2357.51,4266.54,80.97653880577387,28.416666666666664,31.433333333333334,10.61583577712611,price_m2_for_recommender (66.9 %); elevator_ratio (19.1 %); commute_daily_minutes (11.1 %)
DEST_001,Puerta del Sol,CAR,Coche,price_priority,Prioridad al precio,extended,KNN_global,10,10,8,MAD-121,Orcasitas,MAD-116,Buenavista,Carabanchel,False,1.0809179817146801,0.48340121704317984,2357.51,3291.57,39.620616667585715,28.416666666666664,31.18333333333333,9.736070381231668,elevator_ratio (40.4 %); rooms_mean (20.4 %); price_m2_for_recommender (15.9 %)
DEST_001,Puerta del Sol,CAR,Coche,price_priority,Prioridad al precio,extended,KNN_global,10,10,9,MAD-121,Orcasitas,MAD-192,Valdebernardo,Vicálvaro,False,1.0858309217070832,0.48559835060165796,2357.51,4117.97,74.67455069119536,28.416666666666664,25.9,-8.85630498533724,price_m2_for_recommender (55.8 %); exterior_ratio (34.4 %); commute_daily_minutes (7.5 %)
DEST_001,Puerta del Sol,CAR,Coche,price_priority,Prioridad al precio,extended,KNN_global,10,10,10,MAD-121,Orcasitas,MAD-122,Orcasur,Usera,False,1.0865936698809753,0.4859394619549653,2357.51,3403.28,44.359090735564216,28.416666666666664,27.81666666666667,-2.111436950146608,elevator_ratio (57.2 %); rooms_mean (22.7 %); price_m2_for_recommender (19.7 %)
DEST_001,Puerta del Sol,CAR,Coche,price_priority,Prioridad al precio,extended,Pareto_KNN,10,10,1,MAD-121,Orcasitas,MAD-144,Media Legua,Moratalaz,True,1.280430836242388,0.5726260780649761,2357.51,3876.72,64.44129611327203,28.416666666666664,20.016666666666666,-29.560117302052785,commute_daily_minutes (60.5 %); price_m2_for_recommender (29.9 %); rooms_mean (9.6 %)
DEST_001,Puerta del Sol,CAR,Coche,price_priority,Prioridad al precio,extended,Pareto_KNN,10,10,2,MAD-121,Orcasitas,MAD-134,Palomeras Sureste,Puente de Vallecas,True,1.3220456936593894,0.5912368080766515,2357.51,2701.36,14.58530398598521,28.416666666666664,24.366666666666667,-14.252199413489727,elevator_ratio (75.8 %); commute_daily_minutes (13.2 %); rooms_mean (6.4 %)
DEST_001,Puerta del Sol,CAR,Coche,price_priority,Prioridad al precio,extended,Pareto_KNN,10,10,3,MAD-121,Orcasitas,MAD-125,Moscardó,Usera,True,2.1862061769983128,0.9777011249196329,2357.51,3739.18,58.607174518877954,28.416666666666664,21.866666666666667,-23.04985337243401,elevator_ratio (40.9 %); exterior_ratio (33.3 %); commute_daily_minutes (12.6 %)
DEST_001,Puerta del Sol,CAR,Coche,price_priority,Prioridad al precio,extended,Pareto_KNN,10,10,4,MAD-121,Orcasitas,MAD-136,Numancia,Puente de Vallecas,True,2.4725795314881474,1.1057711824364158,2357.51,3239.46,37.41023367875427,28.416666666666664,22.933333333333334,-19.296187683284447,elevator_ratio (48.7 %); exterior_ratio (29.8 %); rooms_mean (11.9 %)
DEST_001,Puerta del Sol,CAR,Coche,price_priority,Prioridad al precio,extended,Pareto_KNN,10,10,5,MAD-121,Orcasitas,MAD-023,Chopera,Arganzuela,True,2.5491625057812737,1.1400201297241257,2357.51,5473.88,132.1890469181467,28.416666666666664,19.333333333333336,-31.964809384164205,exterior_ratio (43.7 %); price_m2_for_recommender (31.7 %); commute_daily_minutes (17.8 %)
DEST_001,Puerta del Sol,CAR,Coche,price_priority,Prioridad al precio,extended,Pareto_KNN,10,10,6,MAD-121,Orcasitas,MAD-172,San Cristóbal,Villaverde,True,3.186012350213962,1.4248280384464571,2357.51,1909.6,-18.99928314195911,28.416666666666664,40.53333333333333,42.63929618768329,elevator_ratio (78.4 %); commute_daily_minutes (20.3 %); rooms_mean (0.8 %)
DEST_001,Puerta del Sol,CAR,Coche,price_priority,Prioridad al precio,extended,Pareto_KNN,10,10,7,MAD-121,Orcasitas,MAD-031,Pacífico,Retiro,True,3.255484066871076,1.4558967346382392,2357.51,6286.22,166.64658898583673,28.416666666666664,16.3,-42.63929618768327,exterior_ratio (48.0 %); price_m2_for_recommender (30.9 %); commute_daily_minutes (19.5 %)
DEST_001,Puerta del Sol,CAR,Coche,price_priority,Prioridad al precio,extended,Pareto_KNN,10,10,8,MAD-121,Orcasitas,MAD-132,San Diego,Puente de Vallecas,True,3.3372154694144873,1.4924481290349327,2357.51,3078.32,30.575055885234843,28.416666666666664,24.266666666666666,-14.604105571847505,elevator_ratio (61.5 %); exterior_ratio (24.3 %); rooms_mean (11.1 %)
DEST_001,Puerta del Sol,CAR,Coche,price_priority,Prioridad al precio,extended,Pareto_KNN,10,10,9,MAD-121,Orcasitas,MAD-203,Amposta,San Blas - Canillejas,True,3.358911091818902,1.5021507063370203,2357.51,2544.1,7.914706618423663,28.416666666666664,27.1,-4.633431085043975,elevator_ratio (99.4 %); rooms_mean (0.3 %); commute_daily_minutes (0.2 %)
DEST_001,Puerta del Sol,CAR,Coche,price_priority,Prioridad al precio,extended,Pareto_KNN,10,10,10,MAD-121,Orcasitas,MAD-011,Palacio,Centro,True,3.731292355736617,1.6686846702704805,2357.51,6895.15,192.47595980504852,28.416666666666664,16.216666666666665,-42.9325513196481,exterior_ratio (47.6 %); price_m2_for_recommender (31.4 %); commute_daily_minutes (15.0 %)
DEST_001,Puerta del Sol,CAR,Coche,balanced,Perfil equilibrado,extended,KNN_global,10,10,1,MAD-134,Palomeras Sureste,MAD-204,Arcos,San Blas - Canillejas,False,0.4461386141878337,0.19951925374230964,2701.36,3145.08,16.425800337607715,24.366666666666667,24.566666666666663,0.8207934336525132,exterior_ratio (27.3 %); rooms_mean (26.3 %); elevator_ratio (25.2 %)
DEST_001,Puerta del Sol,CAR,Coche,balanced,Perfil equilibrado,extended,KNN_global,10,10,2,MAD-134,Palomeras Sureste,MAD-103,Lucero,Latina,False,0.5958961633616827,0.2664928657616084,2701.36,3310.43,22.546791245890947,24.366666666666667,26.066666666666663,6.976744186046494,rooms_mean (40.9 %); elevator_ratio (25.5 %); price_m2_for_recommender (22.2 %)
DEST_001,Puerta del Sol,CAR,Coche,balanced,Perfil equilibrado,extended,KNN_global,10,10,3,MAD-134,Palomeras Sureste,MAD-112,Opañel,Carabanchel,False,0.6447451822556253,0.28833881113781384,2701.36,3500.89,29.597313945568146,24.366666666666667,26.066666666666663,6.976744186046494,price_m2_for_recommender (32.7 %); elevator_ratio (31.5 %); exterior_ratio (13.5 %)
DEST_001,Puerta del Sol,CAR,Coche,balanced,Perfil equilibrado,extended,KNN_global,10,10,4,MAD-134,Palomeras Sureste,MAD-152,Pueblo Nuevo,Ciudad Lineal,False,0.6558478814667783,0.29330408917178813,2701.36,3794.82,40.47812953475286,24.366666666666667,24.65,1.162790697674411,price_m2_for_recommender (59.0 %); rooms_mean (26.1 %); elevator_ratio (13.9 %)
DEST_001,Puerta del Sol,CAR,Coche,balanced,Perfil equilibrado,extended,KNN_global,10,10,5,MAD-134,Palomeras Sureste,MAD-113,San Isidro,Carabanchel,False,0.6700014168131466,0.29963374260307324,2701.36,3670.03,35.8586045547428,24.366666666666667,27.933333333333334,14.637482900136797,price_m2_for_recommender (44.4 %); commute_daily_minutes (39.8 %); rooms_mean (13.2 %)
DEST_001,Puerta del Sol,CAR,Coche,balanced,Perfil equilibrado,extended,KNN_global,10,10,6,MAD-134,Palomeras Sureste,MAD-122,Orcasur,Usera,False,0.684376683599853,0.3060625573490274,2701.36,3403.28,25.983948825776643,24.366666666666667,27.81666666666667,14.158686730506167,commute_daily_minutes (35.7 %); elevator_ratio (23.2 %); price_m2_for_recommender (22.3 %)
DEST_001,Puerta del Sol,CAR,Coche,balanced,Perfil equilibrado,extended,KNN_global,10,10,7,MAD-134,Palomeras Sureste,MAD-141,Pavones,Moratalaz,False,0.756612293596716,0.33836730421885713,2701.36,3721.75,37.773195723635496,24.366666666666667,25.516666666666666,4.719562243502046,price_m2_for_recommender (38.6 %); elevator_ratio (27.2 %); rooms_mean (21.5 %)
DEST_001,Puerta del Sol,CAR,Coche,balanced,Perfil equilibrado,extended,KNN_global,10,10,8,MAD-134,Palomeras Sureste,MAD-117,Abrantes,Carabanchel,False,0.8728473444183219,0.39034919921990785,2701.36,2912.9,7.830870376402995,24.366666666666667,25.166666666666668,3.283173734610126,rooms_mean (79.3 %); elevator_ratio (11.1 %); exterior_ratio (7.1 %)
DEST_001,Puerta del Sol,CAR,Coche,balanced,Perfil equilibrado,extended,KNN_global,10,10,9,MAD-134,Palomeras Sureste,MAD-151,Ventas,Ciudad Lineal,False,0.8805413708674702,0.39379007245210323,2701.36,4133.07,52.999600201380034,24.366666666666667,20.016666666666666,-17.852257181942548,price_m2_for_recommender (56.1 %); commute_daily_minutes (34.3 %); exterior_ratio (4.9 %)
DEST_001,Puerta del Sol,CAR,Coche,balanced,Perfil equilibrado,extended,KNN_global,10,10,10,MAD-134,Palomeras Sureste,MAD-116,Buenavista,Carabanchel,False,0.9978913725419968,0.44627058863289437,2701.36,3291.57,21.84862439660023,24.366666666666667,31.18333333333333,27.975376196990407,commute_daily_minutes (65.6 %); elevator_ratio (21.6 %); price_m2_for_recommender (7.4 %)
DEST_001,Puerta del Sol,CAR,Coche,balanced,Perfil equilibrado,extended,Pareto_KNN,10,10,1,MAD-134,Palomeras Sureste,MAD-125,Moscardó,Usera,True,1.2060962081212874,0.5393826217527865,2701.36,3739.18,38.418426274172994,24.366666666666667,21.866666666666667,-10.259917920656635,exterior_ratio (72.7 %); price_m2_for_recommender (15.7 %); commute_daily_minutes (6.0 %)
DEST_001,Puerta del Sol,CAR,Coche,balanced,Perfil equilibrado,extended,Pareto_KNN,10,10,2,MAD-134,Palomeras Sureste,MAD-121,Orcasitas,Usera,True,1.3220456936593894,0.5912368080766515,2701.36,2357.51,-12.728773654751677,24.366666666666667,28.416666666666664,16.621067031463735,elevator_ratio (75.8 %); commute_daily_minutes (13.2 %); rooms_mean (6.4 %)
DEST_001,Puerta del Sol,CAR,Coche,balanced,Perfil equilibrado,extended,Pareto_KNN,10,10,3,MAD-134,Palomeras Sureste,MAD-136,Numancia,Puente de Vallecas,True,1.390528594555875,0.621863292416836,2701.36,3239.46,19.91959605532028,24.366666666666667,22.933333333333334,-5.882352941176472,exterior_ratio (64.4 %); elevator_ratio (17.1 %); rooms_mean (13.9 %)
DEST_001,Puerta del Sol,CAR,Coche,balanced,Perfil equilibrado,extended,Pareto_KNN,10,10,4,MAD-134,Palomeras Sureste,MAD-144,Media Legua,Moratalaz,True,1.5954101981113964,0.7134891309946978,2701.36,3876.72,43.50993573607367,24.366666666666667,20.016666666666666,-17.852257181942548,elevator_ratio (54.9 %); rooms_mean (21.0 %); price_m2_for_recommender (11.5 %)
DEST_001,Puerta del Sol,CAR,Coche,balanced,Perfil equilibrado,extended,Pareto_KNN,10,10,5,MAD-134,Palomeras Sureste,MAD-132,San Diego,Puente de Vallecas,True,2.184206722661906,0.9768069417568104,2701.36,3078.32,13.954452572037788,24.366666666666667,24.266666666666666,-0.4103967168262712,elevator_ratio (45.0 %); exterior_ratio (41.7 %); rooms_mean (12.7 %)
DEST_001,Puerta del Sol,CAR,Coche,balanced,Perfil equilibrado,extended,Pareto_KNN,10,10,6,MAD-134,Palomeras Sureste,MAD-203,Amposta,San Blas - Canillejas,True,2.24020347493344,1.0018494506764835,2701.36,2544.1,-5.821512127224813,24.366666666666667,27.1,11.217510259917924,elevator_ratio (96.3 %); commute_daily_minutes (2.1 %); exterior_ratio (1.1 %)
DEST_001,Puerta del Sol,CAR,Coche,balanced,Perfil equilibrado,extended,Pareto_KNN,10,10,7,MAD-134,Palomeras Sureste,MAD-172,San Cristóbal,Villaverde,True,2.579128502916858,1.1534213310458716,2701.36,1909.6,-29.309681049545425,24.366666666666667,40.53333333333333,66.34746922024623,commute_daily_minutes (55.2 %); elevator_ratio (41.9 %); price_m2_for_recommender (2.0 %)
DEST_001,Puerta del Sol,CAR,Coche,balanced,Perfil equilibrado,extended,Pareto_KNN,10,10,8,MAD-134,Palomeras Sureste,MAD-023,Chopera,Arganzuela,True,2.623331130616972,1.173189347110186,2701.36,5473.88,102.63422868481061,24.366666666666667,19.333333333333336,-20.656634746922016,elevator_ratio (40.4 %); exterior_ratio (30.7 %); price_m2_for_recommender (23.7 %)
DEST_001,Puerta del Sol,CAR,Coche,balanced,Perfil equilibrado,extended,Pareto_KNN,10,10,9,MAD-134,Palomeras Sureste,MAD-031,Pacífico,Retiro,True,3.0328379952452824,1.356326384422527,2701.36,6286.22,132.70574821571356,24.366666666666667,16.3,-33.10533515731874,exterior_ratio (44.4 %); price_m2_for_recommender (29.7 %); elevator_ratio (15.9 %)
DEST_001,Puerta del Sol,CAR,Coche,balanced,Perfil equilibrado,extended,Pareto_KNN,10,10,10,MAD-134,Palomeras Sureste,MAD-011,Palacio,Centro,True,3.2378000140309107,1.4479881857845778,2701.36,6895.15,155.24735688690137,24.366666666666667,16.216666666666665,-33.44733242134064,exterior_ratio (52.2 %); price_m2_for_recommender (35.6 %); commute_daily_minutes (8.9 %)
DEST_001,Puerta del Sol,CAR,Coche,time_priority,Prioridad al tiempo,extended,KNN_global,10,10,1,MAD-015,Universidad,MAD-013,Cortes,Centro,False,0.8283043274552392,0.370428956449432,7135.43,7246.75,1.5601021942615891,10.0,13.583333333333332,35.83333333333332,exterior_ratio (62.4 %); commute_daily_minutes (26.3 %); elevator_ratio (10.1 %)
DEST_001,Puerta del Sol,CAR,Coche,time_priority,Prioridad al tiempo,extended,KNN_global,10,10,2,MAD-015,Universidad,MAD-011,Palacio,Centro,True,0.8904203036889022,0.3982080655188784,7135.43,6895.15,-3.3674214448183313,10.0,16.216666666666665,62.16666666666665,commute_daily_minutes (68.5 %); rooms_mean (16.9 %); exterior_ratio (10.6 %)
DEST_001,Puerta del Sol,CAR,Coche,time_priority,Prioridad al tiempo,extended,KNN_global,10,10,3,MAD-015,Universidad,MAD-016,Sol,Centro,False,1.116255550196011,0.4992046580999418,7135.43,7696.61,7.864697712681638,10.0,11.566666666666666,15.666666666666663,exterior_ratio (88.1 %); price_m2_for_recommender (5.4 %); rooms_mean (3.7 %)
DEST_001,Puerta del Sol,CAR,Coche,time_priority,Prioridad al tiempo,extended,KNN_global,10,10,4,MAD-015,Universidad,MAD-031,Pacífico,Retiro,True,1.207703716198789,0.5401015212199212,7135.43,6286.22,-11.901314987323818,10.0,16.3,63.000000000000014,elevator_ratio (49.9 %); commute_daily_minutes (38.2 %); price_m2_for_recommender (10.5 %)
DEST_001,Puerta del Sol,CAR,Coche,time_priority,Prioridad al tiempo,extended,KNN_global,10,10,5,MAD-015,Universidad,MAD-073,Trafalgar,Chamberí,False,1.2118043215794878,0.54193536769595,7135.43,8568.41,20.082601889444636,10.0,12.2,21.999999999999993,elevator_ratio (60.0 %); price_m2_for_recommender (29.7 %); commute_daily_minutes (4.6 %)
DEST_001,Puerta del Sol,CAR,Coche,time_priority,Prioridad al tiempo,extended,KNN_global,10,10,6,MAD-015,Universidad,MAD-043,Fuente del Berro,Salamanca,False,1.2325942873257736,0.5512329230276675,7135.43,7598.53,6.49014845636492,10.0,17.53333333333333,75.33333333333331,commute_daily_minutes (52.5 %); elevator_ratio (43.5 %); price_m2_for_recommender (3.0 %)
DEST_001,Puerta del Sol,CAR,Coche,time_priority,Prioridad al tiempo,extended,KNN_global,10,10,7,MAD-015,Universidad,MAD-092,Argüelles,Moncloa - Aravaca,False,1.40669059529361,0.6290911588772314,7135.43,7554.87,5.878272227462109,10.0,14.85,48.49999999999999,elevator_ratio (43.4 %); rooms_mean (25.9 %); commute_daily_minutes (16.7 %)
DEST_001,Puerta del Sol,CAR,Coche,time_priority,Prioridad al tiempo,extended,KNN_global,10,10,8,MAD-015,Universidad,MAD-062,Cuatro Caminos,Tetuán,False,1.5180784446255509,0.6789053194719764,7135.43,6496.82,-8.949846049922717,10.0,19.433333333333334,94.33333333333334,commute_daily_minutes (54.3 %); elevator_ratio (19.4 %); rooms_mean (12.3 %)
DEST_001,Puerta del Sol,CAR,Coche,time_priority,Prioridad al tiempo,extended,KNN_global,10,10,9,MAD-015,Universidad,MAD-072,Arapiles,Chamberí,False,1.5687268992453183,0.701555996968999,7135.43,7591.52,6.391906304175083,10.0,14.366666666666667,43.66666666666667,rooms_mean (39.9 %); elevator_ratio (33.7 %); exterior_ratio (13.7 %)
DEST_001,Puerta del Sol,CAR,Coche,time_priority,Prioridad al tiempo,extended,KNN_global,10,10,10,MAD-015,Universidad,MAD-014,Justicia,Centro,True,1.6041363304541822,0.7173915760145235,7135.43,9541.9,33.72564792871627,10.0,9.216666666666669,-7.833333333333314,price_m2_for_recommender (47.8 %); exterior_ratio (30.0 %); elevator_ratio (18.6 %)
DEST_001,Puerta del Sol,CAR,Coche,time_priority,Prioridad al tiempo,extended,Pareto_KNN,10,10,1,MAD-015,Universidad,MAD-011,Palacio,Centro,True,0.8904203036889028,0.39820806551887866,7135.43,6895.15,-3.3674214448183313,10.0,16.216666666666665,62.16666666666665,commute_daily_minutes (68.5 %); rooms_mean (16.9 %); exterior_ratio (10.6 %)
DEST_001,Puerta del Sol,CAR,Coche,time_priority,Prioridad al tiempo,extended,Pareto_KNN,10,10,2,MAD-015,Universidad,MAD-031,Pacífico,Retiro,True,1.2077037161987887,0.540101521219921,7135.43,6286.22,-11.901314987323818,10.0,16.3,63.000000000000014,elevator_ratio (49.9 %); commute_daily_minutes (38.2 %); price_m2_for_recommender (10.5 %)
DEST_001,Puerta del Sol,CAR,Coche,time_priority,Prioridad al tiempo,extended,Pareto_KNN,10,10,3,MAD-015,Universidad,MAD-014,Justicia,Centro,True,1.604136330454182,0.7173915760145234,7135.43,9541.9,33.72564792871627,10.0,9.216666666666669,-7.833333333333314,price_m2_for_recommender (47.8 %); exterior_ratio (30.0 %); elevator_ratio (18.6 %)
DEST_001,Puerta del Sol,CAR,Coche,time_priority,Prioridad al tiempo,extended,Pareto_KNN,10,10,4,MAD-015,Universidad,MAD-026,Palos de la Frontera,Arganzuela,True,1.6369919583050754,0.73208505947813,7135.43,5784.65,-18.930604042082965,10.0,16.46666666666667,64.66666666666669,exterior_ratio (40.2 %); commute_daily_minutes (21.9 %); elevator_ratio (15.6 %)
DEST_001,Puerta del Sol,CAR,Coche,time_priority,Prioridad al tiempo,extended,Pareto_KNN,10,10,5,MAD-015,Universidad,MAD-023,Chopera,Arganzuela,True,1.9763379985691438,0.8838452222632975,7135.43,5473.88,-23.285912692017163,10.0,19.333333333333336,93.33333333333336,elevator_ratio (44.0 %); commute_daily_minutes (31.3 %); price_m2_for_recommender (15.0 %)
DEST_001,Puerta del Sol,CAR,Coche,time_priority,Prioridad al tiempo,extended,Pareto_KNN,10,10,6,MAD-015,Universidad,MAD-125,Moscardó,Usera,True,2.423798083573593,1.083955455720854,7135.43,3739.18,-47.59699135160741,10.0,21.866666666666667,118.66666666666667,price_m2_for_recommender (41.7 %); commute_daily_minutes (33.7 %); exterior_ratio (17.8 %)
DEST_001,Puerta del Sol,CAR,Coche,time_priority,Prioridad al tiempo,extended,Pareto_KNN,10,10,7,MAD-015,Universidad,MAD-136,Numancia,Puente de Vallecas,True,2.76548663712185,1.2367632222943499,7135.43,3239.46,-54.60035344751472,10.0,22.933333333333334,129.33333333333331,price_m2_for_recommender (42.1 %); commute_daily_minutes (30.7 %); exterior_ratio (11.4 %)
DEST_001,Puerta del Sol,CAR,Coche,time_priority,Prioridad al tiempo,extended,Pareto_KNN,10,10,8,MAD-015,Universidad,MAD-144,Media Legua,Moratalaz,True,3.164288442435683,1.4151128115406235,7135.43,3876.72,-45.66942707026767,10.0,20.016666666666666,100.16666666666666,exterior_ratio (52.1 %); price_m2_for_recommender (22.5 %); commute_daily_minutes (14.1 %)
DEST_001,Puerta del Sol,CAR,Coche,time_priority,Prioridad al tiempo,extended,Pareto_KNN,10,10,9,MAD-015,Universidad,MAD-132,San Diego,Puente de Vallecas,True,3.2834073502653505,1.468384406603157,7135.43,3078.32,-56.8586616363695,10.0,24.266666666666666,142.66666666666666,price_m2_for_recommender (32.4 %); elevator_ratio (30.7 %); commute_daily_minutes (26.5 %)
DEST_001,Puerta del Sol,CAR,Coche,time_priority,Prioridad al tiempo,extended,Pareto_KNN,10,10,10,MAD-015,Universidad,MAD-134,Palomeras Sureste,Puente de Vallecas,True,3.3778910478497797,1.5106388007160203,7135.43,2701.36,-62.14159483030455,10.0,24.366666666666667,143.66666666666669,exterior_ratio (36.9 %); price_m2_for_recommender (36.6 %); commute_daily_minutes (25.4 %)
DEST_001,Puerta del Sol,TRANSIT,Transporte público,price_priority,Prioridad al precio,extended,KNN_global,10,10,1,MAD-172,San Cristóbal,MAD-202,Hellín,San Blas - Canillejas,False,0.3957790904783666,0.1769977900765335,1909.6,2498.86,30.85777126099708,139.71666666666667,148.96666666666667,6.620541572229512,commute_daily_minutes (50.1 %); price_m2_for_recommender (49.6 %); rooms_mean (0.1 %)
DEST_001,Puerta del Sol,TRANSIT,Transporte público,price_priority,Prioridad al precio,extended,KNN_global,10,10,2,MAD-172,San Cristóbal,MAD-203,Amposta,San Blas - Canillejas,False,0.7681040818629051,0.3435065881681038,1909.6,2544.1,33.22685379136992,139.71666666666667,154.88333333333333,10.855302397709643,elevator_ratio (47.1 %); commute_daily_minutes (35.8 %); price_m2_for_recommender (15.3 %)
DEST_001,Puerta del Sol,TRANSIT,Transporte público,price_priority,Prioridad al precio,extended,KNN_global,10,10,3,MAD-172,San Cristóbal,MAD-174,Los Rosales,Villaverde,False,0.8668361545806903,0.38766091339938785,1909.6,2807.4,47.015081692501056,139.71666666666667,122.3,-12.465704401765482,commute_daily_minutes (37.1 %); price_m2_for_recommender (24.0 %); elevator_ratio (22.1 %)
DEST_001,Puerta del Sol,TRANSIT,Transporte público,price_priority,Prioridad al precio,extended,KNN_global,10,10,4,MAD-172,San Cristóbal,MAD-126,Zofío,Usera,False,1.1998774897089293,0.536601526332194,1909.6,3089.05,61.764243820695455,139.71666666666667,121.61666666666667,-12.954789454849095,elevator_ratio (38.2 %); price_m2_for_recommender (21.6 %); commute_daily_minutes (20.9 %)
DEST_001,Puerta del Sol,TRANSIT,Transporte público,price_priority,Prioridad al precio,extended,KNN_global,10,10,5,MAD-172,San Cristóbal,MAD-115,Puerta Bonita,Carabanchel,False,1.2881839343448838,0.5760933689436571,1909.6,2905.06,52.12924172601592,139.71666666666667,120.68333333333332,-13.622808063938933,elevator_ratio (44.9 %); exterior_ratio (21.4 %); commute_daily_minutes (20.0 %)
DEST_001,Puerta del Sol,TRANSIT,Transporte público,price_priority,Prioridad al precio,extended,KNN_global,10,10,6,MAD-172,San Cristóbal,MAD-145,Fontarrón,Moratalaz,False,1.3449508328972224,0.6014802977506299,1909.6,3770.04,97.42563887725179,139.71666666666667,114.15,-18.298938327567694,price_m2_for_recommender (42.8 %); commute_daily_minutes (33.2 %); elevator_ratio (15.3 %)
DEST_001,Puerta del Sol,TRANSIT,Transporte público,price_priority,Prioridad al precio,extended,KNN_global,10,10,7,MAD-172,San Cristóbal,MAD-131,Entrevías,Puente de Vallecas,True,1.396595905366028,0.6245766762992603,1909.6,2430.16,27.260159195643062,139.71666666666667,122.7,-12.179410712155551,exterior_ratio (58.3 %); commute_daily_minutes (13.6 %); rooms_mean (13.5 %)
DEST_001,Puerta del Sol,TRANSIT,Transporte público,price_priority,Prioridad al precio,extended,KNN_global,10,10,8,MAD-172,San Cristóbal,MAD-127,Pradolongo,Usera,False,1.4330433805371754,0.6408764827174446,1909.6,3390.16,77.53246753246754,139.71666666666667,115.46666666666668,-17.356554932601682,exterior_ratio (43.9 %); commute_daily_minutes (26.3 %); price_m2_for_recommender (23.9 %)
DEST_001,Puerta del Sol,TRANSIT,Transporte público,price_priority,Prioridad al precio,extended,KNN_global,10,10,9,MAD-172,San Cristóbal,MAD-171,Villaverde Alto - Casco Histórico de Villaverde,Villaverde,False,1.4358537293720055,0.6421333089244781,1909.6,2928.26,53.344155844155864,139.71666666666667,147.76666666666665,5.7616605033997255,elevator_ratio (65.0 %); exterior_ratio (14.3 %); price_m2_for_recommender (11.3 %)
DEST_001,Puerta del Sol,TRANSIT,Transporte público,price_priority,Prioridad al precio,extended,KNN_global,10,10,10,MAD-172,San Cristóbal,MAD-135,Portazgo,Puente de Vallecas,False,1.449308066954613,0.6481502716098663,1909.6,2703.76,41.587767071638055,139.71666666666667,129.7,-7.169271143981877,elevator_ratio (48.2 %); exterior_ratio (36.9 %); price_m2_for_recommender (6.7 %)
DEST_001,Puerta del Sol,TRANSIT,Transporte público,price_priority,Prioridad al precio,extended,Pareto_KNN,10,10,1,MAD-172,San Cristóbal,MAD-131,Entrevías,Puente de Vallecas,True,1.3965959053660282,0.6245766762992604,1909.6,2430.16,27.260159195643062,139.71666666666667,122.7,-12.179410712155551,exterior_ratio (58.3 %); commute_daily_minutes (13.6 %); rooms_mean (13.5 %)
DEST_001,Puerta del Sol,TRANSIT,Transporte público,price_priority,Prioridad al precio,extended,Pareto_KNN,10,10,2,MAD-172,San Cristóbal,MAD-103,Lucero,Latina,True,2.0553369875494734,0.9191746441660522,1909.6,3310.43,73.35724759111856,139.71666666666667,96.1,-31.217941071215563,elevator_ratio (44.4 %); commute_daily_minutes (41.3 %); price_m2_for_recommender (10.4 %)
DEST_001,Puerta del Sol,TRANSIT,Transporte público,price_priority,Prioridad al precio,extended,Pareto_KNN,10,10,3,MAD-172,San Cristóbal,MAD-123,San Fermín,Usera,True,2.1288345360551504,0.9520437470937086,1909.6,2755.18,44.2804775869292,139.71666666666667,111.68333333333334,-20.064416080162232,exterior_ratio (41.3 %); elevator_ratio (39.1 %); commute_daily_minutes (15.9 %)
DEST_001,Puerta del Sol,TRANSIT,Transporte público,price_priority,Prioridad al precio,extended,Pareto_KNN,10,10,4,MAD-172,San Cristóbal,MAD-132,San Diego,Puente de Vallecas,True,2.1974355002822135,0.9827230309604574,1909.6,3078.32,61.20234604105573,139.71666666666667,109.91666666666669,-21.32887987593939,exterior_ratio (62.9 %); commute_daily_minutes (16.9 %); rooms_mean (13.0 %)
DEST_001,Puerta del Sol,TRANSIT,Transporte público,price_priority,Prioridad al precio,extended,Pareto_KNN,10,10,5,MAD-172,San Cristóbal,MAD-114,Vista Alegre,Carabanchel,True,2.3096898561678594,1.032924705066609,1909.6,3213.22,68.26665270213657,139.71666666666667,102.5,-26.63724203745676,exterior_ratio (36.9 %); elevator_ratio (32.0 %); commute_daily_minutes (23.8 %)
DEST_001,Puerta del Sol,TRANSIT,Transporte público,price_priority,Prioridad al precio,extended,Pareto_KNN,10,10,6,MAD-172,San Cristóbal,MAD-112,Opañel,Carabanchel,True,2.3305493174053074,1.0422533397268001,1909.6,3500.89,83.33106409719313,139.71666666666667,83.75,-40.057258737921984,commute_daily_minutes (52.9 %); elevator_ratio (31.5 %); price_m2_for_recommender (10.4 %)
DEST_001,Puerta del Sol,TRANSIT,Transporte público,price_priority,Prioridad al precio,extended,Pareto_KNN,10,10,7,MAD-172,San Cristóbal,MAD-125,Moscardó,Usera,True,2.814437888244541,1.2586548873131498,1909.6,3739.18,95.80959363217428,139.71666666666667,79.5,-43.09912919002744,commute_daily_minutes (42.0 %); elevator_ratio (25.5 %); exterior_ratio (22.6 %)
DEST_001,Puerta del Sol,TRANSIT,Transporte público,price_priority,Prioridad al precio,extended,Pareto_KNN,10,10,8,MAD-172,San Cristóbal,MAD-121,Orcasitas,Usera,True,2.8454703431908395,1.2725330230668745,1909.6,2357.51,23.45569752827819,139.71666666666667,135.11666666666667,-3.2923774305141316,elevator_ratio (98.2 %); rooms_mean (1.0 %); price_m2_for_recommender (0.6 %)
DEST_001,Puerta del Sol,TRANSIT,Transporte público,price_priority,Prioridad al precio,extended,Pareto_KNN,10,10,9,MAD-172,San Cristóbal,MAD-102,Puerta del Ángel,Latina,True,2.879728536580273,1.287853752907896,1909.6,4033.3,111.21177209886889,139.71666666666667,65.13333333333334,-53.381844208517236,commute_daily_minutes (61.6 %); exterior_ratio (15.3 %); price_m2_for_recommender (12.2 %)
DEST_001,Puerta del Sol,TRANSIT,Transporte público,price_priority,Prioridad al precio,extended,Pareto_KNN,10,10,10,MAD-172,San Cristóbal,MAD-021,Imperial,Arganzuela,True,4.567275661937178,2.0425477704143757,1909.6,5855.12,206.6149979053205,139.71666666666667,60.78333333333333,-56.49528808302517,elevator_ratio (36.2 %); commute_daily_minutes (27.4 %); exterior_ratio (19.7 %)
DEST_001,Puerta del Sol,TRANSIT,Transporte público,balanced,Perfil equilibrado,extended,KNN_global,10,10,1,MAD-102,Puerta del Ángel,MAD-111,Comillas,Carabanchel,False,0.47717883470279276,0.21340086236391603,4033.3,4105.51,1.790345374755164,65.13333333333334,78.08333333333334,19.88229273285568,commute_daily_minutes (67.6 %); elevator_ratio (17.0 %); rooms_mean (13.6 %)
DEST_001,Puerta del Sol,TRANSIT,Transporte público,balanced,Perfil equilibrado,extended,KNN_global,10,10,2,MAD-102,Puerta del Ángel,MAD-125,Moscardó,Usera,True,0.7743930292747729,0.34631909095207536,4033.3,3739.18,-7.292291671832007,65.13333333333334,79.5,22.057318321392003,elevator_ratio (38.6 %); commute_daily_minutes (31.6 %); rooms_mean (19.0 %)
DEST_001,Puerta del Sol,TRANSIT,Transporte público,balanced,Perfil equilibrado,extended,KNN_global,10,10,3,MAD-102,Puerta del Ángel,MAD-112,Opañel,Carabanchel,True,0.9534974940795584,0.42641704262751917,4033.3,3500.89,-13.200357027744037,65.13333333333334,83.75,28.58239508700101,exterior_ratio (43.2 %); commute_daily_minutes (35.0 %); elevator_ratio (14.8 %)
DEST_001,Puerta del Sol,TRANSIT,Transporte público,balanced,Perfil equilibrado,extended,KNN_global,10,10,4,MAD-102,Puerta del Ángel,MAD-114,Vista Alegre,Carabanchel,True,1.2838906645145765,0.574173360306394,4033.3,3213.22,-20.33273002256218,65.13333333333334,102.5,57.3694984646878,commute_daily_minutes (77.7 %); price_m2_for_recommender (9.1 %); elevator_ratio (8.1 %)
DEST_001,Puerta del Sol,TRANSIT,Transporte público,balanced,Perfil equilibrado,extended,KNN_global,10,10,5,MAD-102,Puerta del Ángel,MAD-103,Lucero,Latina,True,1.4060351317979387,0.6287980266906134,4033.3,3310.43,-17.92254481441996,65.13333333333334,96.1,47.5435005117707,commute_daily_minutes (44.5 %); exterior_ratio (39.0 %); elevator_ratio (9.3 %)
DEST_001,Puerta del Sol,TRANSIT,Transporte público,balanced,Perfil equilibrado,extended,KNN_global,10,10,6,MAD-102,Puerta del Ángel,MAD-101,Los Cármenes,Latina,False,1.5011518258623235,0.6713355054352165,4033.3,3502.59,-13.15820791907371,65.13333333333334,92.66666666666666,42.27226202661205,rooms_mean (35.6 %); commute_daily_minutes (30.9 %); elevator_ratio (30.2 %)
DEST_001,Puerta del Sol,TRANSIT,Transporte público,balanced,Perfil equilibrado,extended,KNN_global,10,10,7,MAD-102,Puerta del Ángel,MAD-113,San Isidro,Carabanchel,False,1.5177020625866824,0.6787369963070924,4033.3,3670.03,-9.006768650980586,65.13333333333334,90.86666666666667,39.50870010235414,exterior_ratio (42.4 %); commute_daily_minutes (26.4 %); elevator_ratio (21.5 %)
DEST_001,Puerta del Sol,TRANSIT,Transporte público,balanced,Perfil equilibrado,extended,KNN_global,10,10,8,MAD-102,Puerta del Ángel,MAD-064,Almenara,Tetuán,False,1.58205403048482,0.7075160712483164,4033.3,4987.49,23.657798824783665,65.13333333333334,108.13333333333333,66.01842374616169,commute_daily_minutes (67.8 %); exterior_ratio (14.0 %); elevator_ratio (10.0 %)
DEST_001,Puerta del Sol,TRANSIT,Transporte público,balanced,Perfil equilibrado,extended,KNN_global,10,10,9,MAD-102,Puerta del Ángel,MAD-123,San Fermín,Usera,True,1.6034358285083954,0.7170783020206934,4033.3,2755.18,-31.6891875139464,65.13333333333334,111.68333333333334,71.46878198567042,commute_daily_minutes (77.4 %); price_m2_for_recommender (14.2 %); elevator_ratio (5.9 %)
DEST_001,Puerta del Sol,TRANSIT,Transporte público,balanced,Perfil equilibrado,extended,KNN_global,10,10,10,MAD-102,Puerta del Ángel,MAD-124,Almendrales,Usera,False,1.7302870059434494,0.773807873174827,4033.3,4323.83,7.203282671757611,65.13333333333334,95.39999999999998,46.46878198567037,exterior_ratio (42.3 %); commute_daily_minutes (28.1 %); elevator_ratio (28.0 %)
DEST_001,Puerta del Sol,TRANSIT,Transporte público,balanced,Perfil equilibrado,extended,Pareto_KNN,10,10,1,MAD-102,Puerta del Ángel,MAD-125,Moscardó,Usera,True,0.7743930292747722,0.346319090952075,4033.3,3739.18,-7.292291671832007,65.13333333333334,79.5,22.057318321392003,elevator_ratio (38.6 %); commute_daily_minutes (31.6 %); rooms_mean (19.0 %)
DEST_001,Puerta del Sol,TRANSIT,Transporte público,balanced,Perfil equilibrado,extended,Pareto_KNN,10,10,2,MAD-102,Puerta del Ángel,MAD-112,Opañel,Carabanchel,True,0.9534974940795585,0.4264170426275192,4033.3,3500.89,-13.200357027744037,65.13333333333334,83.75,28.58239508700101,exterior_ratio (43.2 %); commute_daily_minutes (35.0 %); elevator_ratio (14.8 %)
DEST_001,Puerta del Sol,TRANSIT,Transporte público,balanced,Perfil equilibrado,extended,Pareto_KNN,10,10,3,MAD-102,Puerta del Ángel,MAD-114,Vista Alegre,Carabanchel,True,1.2838906645145765,0.574173360306394,4033.3,3213.22,-20.33273002256218,65.13333333333334,102.5,57.3694984646878,commute_daily_minutes (77.7 %); price_m2_for_recommender (9.1 %); elevator_ratio (8.1 %)
DEST_001,Puerta del Sol,TRANSIT,Transporte público,balanced,Perfil equilibrado,extended,Pareto_KNN,10,10,4,MAD-102,Puerta del Ángel,MAD-103,Lucero,Latina,True,1.4060351317979383,0.6287980266906131,4033.3,3310.43,-17.92254481441996,65.13333333333334,96.1,47.5435005117707,commute_daily_minutes (44.5 %); exterior_ratio (39.0 %); elevator_ratio (9.3 %)
DEST_001,Puerta del Sol,TRANSIT,Transporte público,balanced,Perfil equilibrado,extended,Pareto_KNN,10,10,5,MAD-102,Puerta del Ángel,MAD-123,San Fermín,Usera,True,1.6034358285083956,0.7170783020206936,4033.3,2755.18,-31.6891875139464,65.13333333333334,111.68333333333334,71.46878198567042,commute_daily_minutes (77.4 %); price_m2_for_recommender (14.2 %); elevator_ratio (5.9 %)
DEST_001,Puerta del Sol,TRANSIT,Transporte público,balanced,Perfil equilibrado,extended,Pareto_KNN,10,10,6,MAD-102,Puerta del Ángel,MAD-132,San Diego,Puente de Vallecas,True,1.9694927265179414,0.8807839235371039,4033.3,3078.32,-23.677385763518707,65.13333333333334,109.91666666666669,68.75639713408394,commute_daily_minutes (47.5 %); rooms_mean (23.5 %); elevator_ratio (14.0 %)
DEST_001,Puerta del Sol,TRANSIT,Transporte público,balanced,Perfil equilibrado,extended,Pareto_KNN,10,10,7,MAD-102,Puerta del Ángel,MAD-131,Entrevías,Puente de Vallecas,True,1.9911200510590132,0.8904559571061611,4033.3,2430.16,-39.747601219844796,65.13333333333334,122.7,88.38280450358238,commute_daily_minutes (76.7 %); price_m2_for_recommender (14.5 %); elevator_ratio (5.5 %)
DEST_001,Puerta del Sol,TRANSIT,Transporte público,balanced,Perfil equilibrado,extended,Pareto_KNN,10,10,8,MAD-102,Puerta del Ángel,MAD-021,Imperial,Arganzuela,True,2.1986961198310078,0.9832867971614313,4033.3,5855.12,45.16946421044801,65.13333333333334,60.78333333333333,-6.678607983623349,elevator_ratio (67.4 %); exterior_ratio (16.8 %); price_m2_for_recommender (15.4 %)
DEST_001,Puerta del Sol,TRANSIT,Transporte público,balanced,Perfil equilibrado,extended,Pareto_KNN,10,10,9,MAD-102,Puerta del Ángel,MAD-172,San Cristóbal,Villaverde,True,2.879728536580273,1.287853752907896,4033.3,1909.6,-52.654154166563366,65.13333333333334,139.71666666666667,114.50870010235413,commute_daily_minutes (61.6 %); exterior_ratio (15.3 %); price_m2_for_recommender (12.2 %)
DEST_001,Puerta del Sol,TRANSIT,Transporte público,balanced,Perfil equilibrado,extended,Pareto_KNN,10,10,10,MAD-102,Puerta del Ángel,MAD-026,Palos de la Frontera,Arganzuela,True,3.125670691970193,1.3978424285048314,4033.3,5784.65,43.42225968809658,65.13333333333334,63.98333333333333,-1.7656090071648096,exterior_ratio (58.8 %); elevator_ratio (30.6 %); price_m2_for_recommender (7.0 %)
DEST_001,Puerta del Sol,TRANSIT,Transporte público,time_priority,Prioridad al tiempo,extended,KNN_global,10,10,1,MAD-102,Puerta del Ángel,MAD-111,Comillas,Carabanchel,False,0.47717883470279276,0.21340086236391603,4033.3,4105.51,1.790345374755164,65.13333333333334,78.08333333333334,19.88229273285568,commute_daily_minutes (67.6 %); elevator_ratio (17.0 %); rooms_mean (13.6 %)
DEST_001,Puerta del Sol,TRANSIT,Transporte público,time_priority,Prioridad al tiempo,extended,KNN_global,10,10,2,MAD-102,Puerta del Ángel,MAD-125,Moscardó,Usera,True,0.7743930292747729,0.34631909095207536,4033.3,3739.18,-7.292291671832007,65.13333333333334,79.5,22.057318321392003,elevator_ratio (38.6 %); commute_daily_minutes (31.6 %); rooms_mean (19.0 %)
DEST_001,Puerta del Sol,TRANSIT,Transporte público,time_priority,Prioridad al tiempo,extended,KNN_global,10,10,3,MAD-102,Puerta del Ángel,MAD-112,Opañel,Carabanchel,True,0.9534974940795584,0.42641704262751917,4033.3,3500.89,-13.200357027744037,65.13333333333334,83.75,28.58239508700101,exterior_ratio (43.2 %); commute_daily_minutes (35.0 %); elevator_ratio (14.8 %)
DEST_001,Puerta del Sol,TRANSIT,Transporte público,time_priority,Prioridad al tiempo,extended,KNN_global,10,10,4,MAD-102,Puerta del Ángel,MAD-114,Vista Alegre,Carabanchel,True,1.2838906645145765,0.574173360306394,4033.3,3213.22,-20.33273002256218,65.13333333333334,102.5,57.3694984646878,commute_daily_minutes (77.7 %); price_m2_for_recommender (9.1 %); elevator_ratio (8.1 %)
DEST_001,Puerta del Sol,TRANSIT,Transporte público,time_priority,Prioridad al tiempo,extended,KNN_global,10,10,5,MAD-102,Puerta del Ángel,MAD-103,Lucero,Latina,True,1.4060351317979387,0.6287980266906134,4033.3,3310.43,-17.92254481441996,65.13333333333334,96.1,47.5435005117707,commute_daily_minutes (44.5 %); exterior_ratio (39.0 %); elevator_ratio (9.3 %)
DEST_001,Puerta del Sol,TRANSIT,Transporte público,time_priority,Prioridad al tiempo,extended,KNN_global,10,10,6,MAD-102,Puerta del Ángel,MAD-101,Los Cármenes,Latina,False,1.5011518258623235,0.6713355054352165,4033.3,3502.59,-13.15820791907371,65.13333333333334,92.66666666666666,42.27226202661205,rooms_mean (35.6 %); commute_daily_minutes (30.9 %); elevator_ratio (30.2 %)
DEST_001,Puerta del Sol,TRANSIT,Transporte público,time_priority,Prioridad al tiempo,extended,KNN_global,10,10,7,MAD-102,Puerta del Ángel,MAD-113,San Isidro,Carabanchel,False,1.5177020625866824,0.6787369963070924,4033.3,3670.03,-9.006768650980586,65.13333333333334,90.86666666666667,39.50870010235414,exterior_ratio (42.4 %); commute_daily_minutes (26.4 %); elevator_ratio (21.5 %)
DEST_001,Puerta del Sol,TRANSIT,Transporte público,time_priority,Prioridad al tiempo,extended,KNN_global,10,10,8,MAD-102,Puerta del Ángel,MAD-064,Almenara,Tetuán,False,1.58205403048482,0.7075160712483164,4033.3,4987.49,23.657798824783665,65.13333333333334,108.13333333333333,66.01842374616169,commute_daily_minutes (67.8 %); exterior_ratio (14.0 %); elevator_ratio (10.0 %)
DEST_001,Puerta del Sol,TRANSIT,Transporte público,time_priority,Prioridad al tiempo,extended,KNN_global,10,10,9,MAD-102,Puerta del Ángel,MAD-123,San Fermín,Usera,True,1.6034358285083954,0.7170783020206934,4033.3,2755.18,-31.6891875139464,65.13333333333334,111.68333333333334,71.46878198567042,commute_daily_minutes (77.4 %); price_m2_for_recommender (14.2 %); elevator_ratio (5.9 %)
DEST_001,Puerta del Sol,TRANSIT,Transporte público,time_priority,Prioridad al tiempo,extended,KNN_global,10,10,10,MAD-102,Puerta del Ángel,MAD-124,Almendrales,Usera,False,1.7302870059434494,0.773807873174827,4033.3,4323.83,7.203282671757611,65.13333333333334,95.39999999999998,46.46878198567037,exterior_ratio (42.3 %); commute_daily_minutes (28.1 %); elevator_ratio (28.0 %)
DEST_001,Puerta del Sol,TRANSIT,Transporte público,time_priority,Prioridad al tiempo,extended,Pareto_KNN,10,10,1,MAD-102,Puerta del Ángel,MAD-125,Moscardó,Usera,True,0.7743930292747722,0.346319090952075,4033.3,3739.18,-7.292291671832007,65.13333333333334,79.5,22.057318321392003,elevator_ratio (38.6 %); commute_daily_minutes (31.6 %); rooms_mean (19.0 %)
DEST_001,Puerta del Sol,TRANSIT,Transporte público,time_priority,Prioridad al tiempo,extended,Pareto_KNN,10,10,2,MAD-102,Puerta del Ángel,MAD-112,Opañel,Carabanchel,True,0.9534974940795585,0.4264170426275192,4033.3,3500.89,-13.200357027744037,65.13333333333334,83.75,28.58239508700101,exterior_ratio (43.2 %); commute_daily_minutes (35.0 %); elevator_ratio (14.8 %)
DEST_001,Puerta del Sol,TRANSIT,Transporte público,time_priority,Prioridad al tiempo,extended,Pareto_KNN,10,10,3,MAD-102,Puerta del Ángel,MAD-114,Vista Alegre,Carabanchel,True,1.2838906645145765,0.574173360306394,4033.3,3213.22,-20.33273002256218,65.13333333333334,102.5,57.3694984646878,commute_daily_minutes (77.7 %); price_m2_for_recommender (9.1 %); elevator_ratio (8.1 %)
DEST_001,Puerta del Sol,TRANSIT,Transporte público,time_priority,Prioridad al tiempo,extended,Pareto_KNN,10,10,4,MAD-102,Puerta del Ángel,MAD-103,Lucero,Latina,True,1.4060351317979383,0.6287980266906131,4033.3,3310.43,-17.92254481441996,65.13333333333334,96.1,47.5435005117707,commute_daily_minutes (44.5 %); exterior_ratio (39.0 %); elevator_ratio (9.3 %)
DEST_001,Puerta del Sol,TRANSIT,Transporte público,time_priority,Prioridad al tiempo,extended,Pareto_KNN,10,10,5,MAD-102,Puerta del Ángel,MAD-123,San Fermín,Usera,True,1.6034358285083956,0.7170783020206936,4033.3,2755.18,-31.6891875139464,65.13333333333334,111.68333333333334,71.46878198567042,commute_daily_minutes (77.4 %); price_m2_for_recommender (14.2 %); elevator_ratio (5.9 %)
DEST_001,Puerta del Sol,TRANSIT,Transporte público,time_priority,Prioridad al tiempo,extended,Pareto_KNN,10,10,6,MAD-102,Puerta del Ángel,MAD-132,San Diego,Puente de Vallecas,True,1.9694927265179414,0.8807839235371039,4033.3,3078.32,-23.677385763518707,65.13333333333334,109.91666666666669,68.75639713408394,commute_daily_minutes (47.5 %); rooms_mean (23.5 %); elevator_ratio (14.0 %)
DEST_001,Puerta del Sol,TRANSIT,Transporte público,time_priority,Prioridad al tiempo,extended,Pareto_KNN,10,10,7,MAD-102,Puerta del Ángel,MAD-131,Entrevías,Puente de Vallecas,True,1.9911200510590132,0.8904559571061611,4033.3,2430.16,-39.747601219844796,65.13333333333334,122.7,88.38280450358238,commute_daily_minutes (76.7 %); price_m2_for_recommender (14.5 %); elevator_ratio (5.5 %)
DEST_001,Puerta del Sol,TRANSIT,Transporte público,time_priority,Prioridad al tiempo,extended,Pareto_KNN,10,10,8,MAD-102,Puerta del Ángel,MAD-021,Imperial,Arganzuela,True,2.1986961198310078,0.9832867971614313,4033.3,5855.12,45.16946421044801,65.13333333333334,60.78333333333333,-6.678607983623349,elevator_ratio (67.4 %); exterior_ratio (16.8 %); price_m2_for_recommender (15.4 %)
DEST_001,Puerta del Sol,TRANSIT,Transporte público,time_priority,Prioridad al tiempo,extended,Pareto_KNN,10,10,9,MAD-102,Puerta del Ángel,MAD-172,San Cristóbal,Villaverde,True,2.879728536580273,1.287853752907896,4033.3,1909.6,-52.654154166563366,65.13333333333334,139.71666666666667,114.50870010235413,commute_daily_minutes (61.6 %); exterior_ratio (15.3 %); price_m2_for_recommender (12.2 %)
DEST_001,Puerta del Sol,TRANSIT,Transporte público,time_priority,Prioridad al tiempo,extended,Pareto_KNN,10,10,10,MAD-102,Puerta del Ángel,MAD-026,Palos de la Frontera,Arganzuela,True,3.125670691970193,1.3978424285048314,4033.3,5784.65,43.42225968809658,65.13333333333334,63.98333333333333,-1.7656090071648096,exterior_ratio (58.8 %); elevator_ratio (30.6 %); price_m2_for_recommender (7.0 %)
DEST_001,Puerta del Sol,WALK,A pie,price_priority,Prioridad al precio,extended,KNN_global,10,10,1,MAD-121,Orcasitas,MAD-175,Ángeles,Villaverde,False,0.902512037087099,0.4036156530877129,2357.51,2956.03,25.38780323307218,184.06666666666663,213.7,16.099239406012327,elevator_ratio (75.3 %); commute_daily_minutes (13.1 %); price_m2_for_recommender (9.4 %)
DEST_001,Puerta del Sol,WALK,A pie,price_priority,Prioridad al precio,extended,KNN_global,10,10,2,MAD-121,Orcasitas,MAD-143,Marroquina,Moratalaz,False,0.9549168839323368,0.4270518130669963,2357.51,4301.17,82.44546152508366,184.06666666666663,169.16666666666669,-8.094893154654086,price_m2_for_recommender (88.4 %); elevator_ratio (8.6 %); commute_daily_minutes (3.0 %)
DEST_001,Puerta del Sol,WALK,A pie,price_priority,Prioridad al precio,extended,KNN_global,10,10,3,MAD-121,Orcasitas,MAD-144,Media Legua,Moratalaz,False,0.9848352339442921,0.44043170594726905,2357.51,3876.72,64.44129611327203,184.06666666666663,132.5,-28.0152118797537,price_m2_for_recommender (50.8 %); commute_daily_minutes (33.3 %); rooms_mean (15.8 %)
DEST_001,Puerta del Sol,WALK,A pie,price_priority,Prioridad al precio,extended,KNN_global,10,10,4,MAD-121,Orcasitas,MAD-104,Aluche,Latina,False,1.007204566231826,0.45043557546851043,2357.51,3360.3,42.535980759360505,184.06666666666663,167.53333333333333,-8.982252806953987,exterior_ratio (36.5 %); elevator_ratio (36.3 %); price_m2_for_recommender (21.1 %)
DEST_001,Puerta del Sol,WALK,A pie,price_priority,Prioridad al precio,extended,KNN_global,10,10,5,MAD-121,Orcasitas,MAD-182,Santa Eugenia,Villa de Vallecas,False,1.0239896868973164,0.45794210963222504,2357.51,2899.99,23.01071893650502,184.06666666666663,272.83333333333337,48.225280695400265,commute_daily_minutes (91.4 %); price_m2_for_recommender (6.0 %); elevator_ratio (2.5 %)
DEST_001,Puerta del Sol,WALK,A pie,price_priority,Prioridad al precio,extended,KNN_global,10,10,6,MAD-121,Orcasitas,MAD-116,Buenavista,Carabanchel,False,1.0563190910043503,0.47240025868330277,2357.51,3291.57,39.620616667585715,184.06666666666663,199.5333333333333,8.402752625860199,elevator_ratio (44.5 %); rooms_mean (20.8 %); price_m2_for_recommender (16.7 %)
DEST_001,Puerta del Sol,WALK,A pie,price_priority,Prioridad al precio,extended,KNN_global,10,10,7,MAD-121,Orcasitas,MAD-107,Águilas,Latina,False,1.0756992133508672,0.48106731287911764,2357.51,3231.64,37.0785277687051,184.06666666666663,227.85,23.78667149583486,exterior_ratio (36.5 %); elevator_ratio (27.3 %); commute_daily_minutes (20.1 %)
DEST_001,Puerta del Sol,WALK,A pie,price_priority,Prioridad al precio,extended,KNN_global,10,10,8,MAD-121,Orcasitas,MAD-094,Valdezarza,Moncloa - Aravaca,False,1.1298963045509987,0.5053049889003676,2357.51,4484.04,90.20237453923842,184.06666666666663,174.75,-5.0615718942412,price_m2_for_recommender (75.5 %); elevator_ratio (21.8 %); rooms_mean (1.8 %)
DEST_001,Puerta del Sol,WALK,A pie,price_priority,Prioridad al precio,extended,KNN_global,10,10,9,MAD-121,Orcasitas,MAD-201,Simancas,San Blas - Canillejas,False,1.1442739287661925,0.5117348579203916,2357.51,3690.7,56.55076754711537,184.06666666666663,211.88333333333333,15.112278160086941,rooms_mean (45.1 %); price_m2_for_recommender (29.0 %); exterior_ratio (16.4 %)
DEST_001,Puerta del Sol,WALK,A pie,price_priority,Prioridad al precio,extended,KNN_global,10,10,10,MAD-121,Orcasitas,MAD-122,Orcasur,Usera,False,1.1458040438227735,0.5124191461763739,2357.51,3403.28,44.359090735564216,184.06666666666663,154.23333333333335,-16.20789568996738,elevator_ratio (54.0 %); rooms_mean (20.0 %); price_m2_for_recommender (17.8 %)
DEST_001,Puerta del Sol,WALK,A pie,price_priority,Prioridad al precio,extended,Pareto_KNN,10,10,1,MAD-121,Orcasitas,MAD-117,Abrantes,Carabanchel,True,1.5999624222408706,0.7155249475151616,2357.51,2912.9,23.558330611535045,184.06666666666663,153.13333333333333,-16.80550525172038,elevator_ratio (85.4 %); rooms_mean (7.5 %); commute_daily_minutes (4.5 %)
DEST_001,Puerta del Sol,WALK,A pie,price_priority,Prioridad al precio,extended,Pareto_KNN,10,10,2,MAD-121,Orcasitas,MAD-113,San Isidro,Carabanchel,True,1.7328277028711074,0.7749441073829207,2357.51,3670.03,55.67399502016958,184.06666666666663,101.08333333333331,-45.08330315103223,elevator_ratio (48.4 %); commute_daily_minutes (27.9 %); price_m2_for_recommender (12.2 %)
DEST_001,Puerta del Sol,WALK,A pie,price_priority,Prioridad al precio,extended,Pareto_KNN,10,10,3,MAD-121,Orcasitas,MAD-112,Opañel,Carabanchel,True,1.9191872973894746,0.8582866517033939,2357.51,3500.89,48.49947614220086,184.06666666666663,105.11666666666667,-42.89206809127127,elevator_ratio (65.3 %); commute_daily_minutes (20.6 %); price_m2_for_recommender (7.6 %)
DEST_001,Puerta del Sol,WALK,A pie,price_priority,Prioridad al precio,extended,Pareto_KNN,10,10,4,MAD-121,Orcasitas,MAD-123,San Fermín,Usera,True,2.047784664191491,0.9157971424827507,2357.51,2755.18,16.868221131617663,184.06666666666663,162.51666666666665,-11.707714596160804,elevator_ratio (55.6 %); exterior_ratio (41.3 %); commute_daily_minutes (1.3 %)
DEST_001,Puerta del Sol,WALK,A pie,price_priority,Prioridad al precio,extended,Pareto_KNN,10,10,5,MAD-121,Orcasitas,MAD-125,Moscardó,Usera,True,2.275938471948281,1.0178306271766708,2357.51,3739.18,58.607174518877954,184.06666666666663,100.76666666666664,-45.255342267294466,elevator_ratio (39.7 %); exterior_ratio (32.0 %); commute_daily_minutes (16.3 %)
DEST_001,Puerta del Sol,WALK,A pie,price_priority,Prioridad al precio,extended,Pareto_KNN,10,10,6,MAD-121,Orcasitas,MAD-102,Puerta del Ángel,Latina,True,2.611959285624549,1.168103703423656,2357.51,4033.3,71.08304948865539,184.06666666666663,79.71666666666665,-56.691416153567545,elevator_ratio (54.4 %); commute_daily_minutes (19.4 %); exterior_ratio (17.2 %)
DEST_001,Puerta del Sol,WALK,A pie,price_priority,Prioridad al precio,extended,Pareto_KNN,10,10,7,MAD-121,Orcasitas,MAD-023,Chopera,Arganzuela,True,2.6165369729098393,1.1701509074135852,2357.51,5473.88,132.1890469181467,184.06666666666663,77.73333333333333,-57.76892430278884,exterior_ratio (43.2 %); price_m2_for_recommender (30.3 %); commute_daily_minutes (20.1 %)
DEST_001,Puerta del Sol,WALK,A pie,price_priority,Prioridad al precio,extended,Pareto_KNN,10,10,8,MAD-121,Orcasitas,MAD-131,Entrevías,Puente de Vallecas,True,2.6298734162882327,1.1761151462080182,2357.51,2430.16,3.0816412231549233,184.06666666666663,176.66666666666669,-4.020282506338257,elevator_ratio (83.8 %); exterior_ratio (15.2 %); rooms_mean (0.8 %)
DEST_001,Puerta del Sol,WALK,A pie,price_priority,Prioridad al precio,extended,Pareto_KNN,10,10,9,MAD-121,Orcasitas,MAD-172,San Cristóbal,Villaverde,True,3.04600590473758,1.3622152525717954,2357.51,1909.6,-18.99928314195911,184.06666666666663,264.6166666666667,43.761318362912014,elevator_ratio (90.2 %); commute_daily_minutes (8.5 %); rooms_mean (0.9 %)
DEST_001,Puerta del Sol,WALK,A pie,price_priority,Prioridad al precio,extended,Pareto_KNN,10,10,10,MAD-121,Orcasitas,MAD-013,Cortes,Centro,True,3.3797974636518817,1.5114913757813964,2357.51,7246.75,207.39000046659396,184.06666666666663,21.166666666666664,-88.50054328141978,price_m2_for_recommender (44.6 %); commute_daily_minutes (28.2 %); exterior_ratio (24.2 %)
DEST_001,Puerta del Sol,WALK,A pie,balanced,Perfil equilibrado,extended,KNN_global,10,10,1,MAD-102,Puerta del Ángel,MAD-111,Comillas,Carabanchel,False,0.3298281235199342,0.147503621016354,4033.3,4105.51,1.790345374755164,79.71666666666665,95.85,20.238344135479835,elevator_ratio (37.5 %); rooms_mean (30.0 %); commute_daily_minutes (29.1 %)
DEST_001,Puerta del Sol,WALK,A pie,balanced,Perfil equilibrado,extended,KNN_global,10,10,2,MAD-102,Puerta del Ángel,MAD-125,Moscardó,Usera,True,0.6911918627911069,0.3091103981391245,4033.3,3739.18,-7.292291671832007,79.71666666666665,100.76666666666664,26.40602132552789,elevator_ratio (51.0 %); rooms_mean (25.1 %); commute_daily_minutes (11.3 %)
DEST_001,Puerta del Sol,WALK,A pie,balanced,Perfil equilibrado,extended,KNN_global,10,10,3,MAD-102,Puerta del Ángel,MAD-112,Opañel,Carabanchel,True,0.8025582639067387,0.35891496679993673,4033.3,3500.89,-13.200357027744037,79.71666666666665,105.11666666666667,31.862847585197603,exterior_ratio (56.4 %); elevator_ratio (22.0 %); commute_daily_minutes (12.2 %)
DEST_001,Puerta del Sol,WALK,A pie,balanced,Perfil equilibrado,extended,KNN_global,10,10,4,MAD-102,Puerta del Ángel,MAD-114,Vista Alegre,Carabanchel,False,1.0789113550187415,0.48250382630366295,4033.3,3213.22,-20.33273002256218,79.71666666666665,160.98333333333335,101.9443863683881,commute_daily_minutes (69.0 %); price_m2_for_recommender (12.3 %); elevator_ratio (12.1 %)
DEST_001,Puerta del Sol,WALK,A pie,balanced,Perfil equilibrado,extended,KNN_global,10,10,5,MAD-102,Puerta del Ángel,MAD-126,Zofío,Usera,False,1.1213278777239206,0.5014730719312517,4033.3,3089.05,-23.41135050702898,79.71666666666665,144.66666666666666,81.47606104955051,commute_daily_minutes (40.8 %); exterior_ratio (38.1 %); price_m2_for_recommender (15.1 %)
DEST_001,Puerta del Sol,WALK,A pie,balanced,Perfil equilibrado,extended,KNN_global,10,10,6,MAD-102,Puerta del Ángel,MAD-136,Numancia,Puente de Vallecas,False,1.132627844282093,0.5065265706047613,4033.3,3239.46,-19.682146133439122,79.71666666666665,144.78333333333333,81.62241271168725,rooms_mean (40.8 %); commute_daily_minutes (40.1 %); price_m2_for_recommender (10.5 %)
DEST_001,Puerta del Sol,WALK,A pie,balanced,Perfil equilibrado,extended,KNN_global,10,10,7,MAD-102,Puerta del Ángel,MAD-123,San Fermín,Usera,True,1.1840677682274479,0.5295312039446078,4033.3,2755.18,-31.6891875139464,79.71666666666665,162.51666666666665,103.86786535647084,commute_daily_minutes (59.5 %); price_m2_for_recommender (24.9 %); elevator_ratio (11.4 %)
DEST_001,Puerta del Sol,WALK,A pie,balanced,Perfil equilibrado,extended,KNN_global,10,10,8,MAD-102,Puerta del Ángel,MAD-103,Lucero,Latina,False,1.207856789114553,0.5401699775089537,4033.3,3310.43,-17.92254481441996,79.71666666666665,138.1,73.2385532092829,exterior_ratio (48.9 %); commute_daily_minutes (28.4 %); elevator_ratio (13.2 %)
DEST_001,Puerta del Sol,WALK,A pie,balanced,Perfil equilibrado,extended,KNN_global,10,10,9,MAD-102,Puerta del Ángel,MAD-115,Puerta Bonita,Carabanchel,False,1.2388436676623995,0.5540277308776567,4033.3,2905.06,-27.973123744824342,79.71666666666665,169.91666666666669,113.15074221200089,commute_daily_minutes (64.5 %); price_m2_for_recommender (17.7 %); exterior_ratio (16.9 %)
DEST_001,Puerta del Sol,WALK,A pie,balanced,Perfil equilibrado,extended,KNN_global,10,10,10,MAD-102,Puerta del Ángel,MAD-133,Palomeras Bajas,Puente de Vallecas,False,1.2567176478041275,0.5620212178027336,4033.3,2985.52,-25.97823122505145,79.71666666666665,167.45,110.0564499268242,commute_daily_minutes (59.3 %); rooms_mean (18.6 %); price_m2_for_recommender (14.8 %)
DEST_001,Puerta del Sol,WALK,A pie,balanced,Perfil equilibrado,extended,Pareto_KNN,10,10,1,MAD-102,Puerta del Ángel,MAD-125,Moscardó,Usera,True,0.6911918627911062,0.3091103981391242,4033.3,3739.18,-7.292291671832007,79.71666666666665,100.76666666666664,26.40602132552789,elevator_ratio (51.0 %); rooms_mean (25.1 %); commute_daily_minutes (11.3 %)
DEST_001,Puerta del Sol,WALK,A pie,balanced,Perfil equilibrado,extended,Pareto_KNN,10,10,2,MAD-102,Puerta del Ángel,MAD-112,Opañel,Carabanchel,True,0.8025582639067381,0.35891496679993645,4033.3,3500.89,-13.200357027744037,79.71666666666665,105.11666666666667,31.862847585197603,exterior_ratio (56.4 %); elevator_ratio (22.0 %); commute_daily_minutes (12.2 %)
DEST_001,Puerta del Sol,WALK,A pie,balanced,Perfil equilibrado,extended,Pareto_KNN,10,10,3,MAD-102,Puerta del Ángel,MAD-123,San Fermín,Usera,True,1.1840677682274479,0.5295312039446078,4033.3,2755.18,-31.6891875139464,79.71666666666665,162.51666666666665,103.86786535647084,commute_daily_minutes (59.5 %); price_m2_for_recommender (24.9 %); elevator_ratio (11.4 %)
DEST_001,Puerta del Sol,WALK,A pie,balanced,Perfil equilibrado,extended,Pareto_KNN,10,10,4,MAD-102,Puerta del Ángel,MAD-113,San Isidro,Carabanchel,True,1.3086398664846575,0.5852415399051886,4033.3,3670.03,-9.006768650980586,79.71666666666665,101.08333333333331,26.803261551327616,exterior_ratio (52.8 %); elevator_ratio (30.4 %); rooms_mean (11.9 %)
DEST_001,Puerta del Sol,WALK,A pie,balanced,Perfil equilibrado,extended,Pareto_KNN,10,10,5,MAD-102,Puerta del Ángel,MAD-131,Entrevías,Puente de Vallecas,True,1.433863868767683,0.6412434162090753,4033.3,2430.16,-39.747601219844796,79.71666666666665,176.66666666666669,121.61823123562624,commute_daily_minutes (55.6 %); price_m2_for_recommender (26.7 %); elevator_ratio (11.2 %)
DEST_001,Puerta del Sol,WALK,A pie,balanced,Perfil equilibrado,extended,Pareto_KNN,10,10,6,MAD-102,Puerta del Ángel,MAD-132,San Diego,Puente de Vallecas,True,1.5708220490217908,0.7024929764336462,4033.3,3078.32,-23.677385763518707,79.71666666666665,136.48333333333335,71.21053731967389,rooms_mean (38.9 %); elevator_ratio (23.1 %); commute_daily_minutes (15.9 %)
DEST_001,Puerta del Sol,WALK,A pie,balanced,Perfil equilibrado,extended,Pareto_KNN,10,10,7,MAD-102,Puerta del Ángel,MAD-117,Abrantes,Carabanchel,True,1.6142614439426224,0.721919664422534,4033.3,2912.9,-27.77874197307416,79.71666666666665,153.13333333333333,92.09701024461637,exterior_ratio (44.9 %); commute_daily_minutes (25.1 %); rooms_mean (11.9 %)
DEST_001,Puerta del Sol,WALK,A pie,balanced,Perfil equilibrado,extended,Pareto_KNN,10,10,8,MAD-102,Puerta del Ángel,MAD-016,Sol,Centro,True,2.180299622929085,0.9750596336373186,4033.3,7696.61,90.82661840180495,79.71666666666665,3.7,-95.35856157223499,price_m2_for_recommender (60.2 %); elevator_ratio (24.3 %); commute_daily_minutes (14.8 %)
DEST_001,Puerta del Sol,WALK,A pie,balanced,Perfil equilibrado,extended,Pareto_KNN,10,10,9,MAD-102,Puerta del Ángel,MAD-013,Cortes,Centro,True,2.20621181371811,0.9866479176473594,4033.3,7246.75,79.67297250390499,79.71666666666665,21.166666666666664,-73.44762701233536,price_m2_for_recommender (45.2 %); elevator_ratio (39.2 %); commute_daily_minutes (8.6 %)
DEST_001,Puerta del Sol,WALK,A pie,balanced,Perfil equilibrado,extended,Pareto_KNN,10,10,10,MAD-102,Puerta del Ángel,MAD-121,Orcasitas,Usera,True,2.611959285624549,1.168103703423656,4033.3,2357.51,-41.54885577566757,79.71666666666665,184.06666666666663,130.90110809115617,elevator_ratio (54.4 %); commute_daily_minutes (19.4 %); exterior_ratio (17.2 %)
DEST_001,Puerta del Sol,WALK,A pie,time_priority,Prioridad al tiempo,extended,KNN_global,10,10,1,MAD-016,Sol,MAD-013,Cortes,Centro,True,0.594805844607634,0.26600526039136924,7696.61,7246.75,-5.844910941310522,3.7,21.166666666666664,472.072072072072,exterior_ratio (45.5 %); elevator_ratio (26.6 %); price_m2_for_recommender (12.2 %)
DEST_001,Puerta del Sol,WALK,A pie,time_priority,Prioridad al tiempo,extended,KNN_global,10,10,2,MAD-016,Sol,MAD-015,Universidad,Centro,False,1.1645641229626258,0.520808908620371,7696.61,7135.43,-7.291261997164979,3.7,32.56666666666666,780.1801801801801,exterior_ratio (84.2 %); commute_daily_minutes (7.5 %); price_m2_for_recommender (5.0 %)
DEST_001,Puerta del Sol,WALK,A pie,time_priority,Prioridad al tiempo,extended,KNN_global,10,10,3,MAD-016,Sol,MAD-014,Justicia,Centro,False,1.2002389099974324,0.5367631583989021,7696.61,9541.9,23.975360580827143,3.7,35.31666666666666,854.5045045045044,price_m2_for_recommender (50.4 %); elevator_ratio (38.7 %); commute_daily_minutes (8.4 %)
DEST_001,Puerta del Sol,WALK,A pie,time_priority,Prioridad al tiempo,extended,KNN_global,10,10,4,MAD-016,Sol,MAD-092,Argüelles,Moncloa - Aravaca,False,1.3571336786397636,0.6069286319985732,7696.61,7554.87,-1.8415899987137168,3.7,52.66666666666666,1323.423423423423,elevator_ratio (52.9 %); exterior_ratio (17.6 %); commute_daily_minutes (15.8 %)
DEST_001,Puerta del Sol,WALK,A pie,time_priority,Prioridad al tiempo,extended,KNN_global,10,10,5,MAD-016,Sol,MAD-027,Atocha,Arganzuela,False,1.4232496608897633,0.6364965981406069,7696.61,6810.36,-11.514809766897375,3.7,91.05,2360.810810810811,commute_daily_minutes (45.8 %); elevator_ratio (26.4 %); exterior_ratio (19.5 %)
DEST_001,Puerta del Sol,WALK,A pie,time_priority,Prioridad al tiempo,extended,KNN_global,10,10,6,MAD-016,Sol,MAD-073,Trafalgar,Chamberí,False,1.483538651602726,0.6634586544464145,7696.61,8568.41,11.327064772672646,3.7,58.65,1485.135135135135,elevator_ratio (45.4 %); exterior_ratio (30.4 %); commute_daily_minutes (16.7 %)
DEST_001,Puerta del Sol,WALK,A pie,time_priority,Prioridad al tiempo,extended,KNN_global,10,10,7,MAD-016,Sol,MAD-021,Imperial,Arganzuela,False,1.5044373455639102,0.6728048345140489,7696.61,5855.12,-23.925988194802645,3.7,64.41666666666666,1640.9909909909904,price_m2_for_recommender (32.0 %); elevator_ratio (26.7 %); exterior_ratio (20.9 %)
DEST_001,Puerta del Sol,WALK,A pie,time_priority,Prioridad al tiempo,extended,KNN_global,10,10,8,MAD-016,Sol,MAD-011,Palacio,Centro,False,1.5735528705746864,0.7037142369589854,7696.61,6895.15,-10.413155921892885,3.7,34.916666666666664,843.6936936936936,exterior_ratio (75.1 %); rooms_mean (13.2 %); price_m2_for_recommender (5.5 %)
DEST_001,Puerta del Sol,WALK,A pie,time_priority,Prioridad al tiempo,extended,KNN_global,10,10,9,MAD-016,Sol,MAD-062,Cuatro Caminos,Tetuán,False,1.685318880538402,0.7536975161295428,7696.61,6496.82,-15.58855132324491,3.7,117.75,3082.4324324324325,commute_daily_minutes (55.7 %); elevator_ratio (18.4 %); exterior_ratio (11.6 %)
DEST_001,Puerta del Sol,WALK,A pie,time_priority,Prioridad al tiempo,extended,KNN_global,10,10,10,MAD-016,Sol,MAD-044,Guindalera,Salamanca,False,1.6936415092174286,0.7574195088251013,7696.61,6722.25,-12.659599486007473,3.7,124.55,3266.2162162162163,commute_daily_minutes (61.9 %); elevator_ratio (27.1 %); price_m2_for_recommender (7.1 %)
DEST_001,Puerta del Sol,WALK,A pie,time_priority,Prioridad al tiempo,extended,Pareto_KNN,10,10,1,MAD-016,Sol,MAD-013,Cortes,Centro,True,0.5948058446076344,0.26600526039136946,7696.61,7246.75,-5.844910941310522,3.7,21.166666666666664,472.072072072072,exterior_ratio (45.5 %); elevator_ratio (26.6 %); price_m2_for_recommender (12.2 %)
DEST_001,Puerta del Sol,WALK,A pie,time_priority,Prioridad al tiempo,extended,Pareto_KNN,10,10,2,MAD-016,Sol,MAD-023,Chopera,Arganzuela,True,1.9895685043396931,0.8897620843192278,7696.61,5473.88,-28.879337786376073,3.7,77.73333333333333,2000.9009009009008,elevator_ratio (48.2 %); price_m2_for_recommender (26.6 %); commute_daily_minutes (16.8 %)
DEST_001,Puerta del Sol,WALK,A pie,time_priority,Prioridad al tiempo,extended,Pareto_KNN,10,10,3,MAD-016,Sol,MAD-102,Puerta del Ángel,Latina,True,2.180299622929085,0.9750596336373186,7696.61,4033.3,-47.596409328262695,3.7,79.71666666666665,2054.504504504504,price_m2_for_recommender (60.2 %); elevator_ratio (24.3 %); commute_daily_minutes (14.8 %)
DEST_001,Puerta del Sol,WALK,A pie,time_priority,Prioridad al tiempo,extended,Pareto_KNN,10,10,4,MAD-016,Sol,MAD-125,Moscardó,Usera,True,2.2335734067790782,0.9988843940587616,7696.61,3739.18,-51.41783200655873,3.7,100.76666666666664,2623.4234234234227,price_m2_for_recommender (67.0 %); commute_daily_minutes (23.0 %); elevator_ratio (6.8 %)
DEST_001,Puerta del Sol,WALK,A pie,time_priority,Prioridad al tiempo,extended,Pareto_KNN,10,10,5,MAD-016,Sol,MAD-112,Opañel,Carabanchel,True,2.4707525650573965,1.104954138210062,7696.61,3500.89,-54.51387039228959,3.7,105.11666666666667,2740.990990990991,price_m2_for_recommender (61.5 %); commute_daily_minutes (20.5 %); exterior_ratio (10.0 %)
DEST_001,Puerta del Sol,WALK,A pie,time_priority,Prioridad al tiempo,extended,Pareto_KNN,10,10,6,MAD-016,Sol,MAD-022,Acacias,Arganzuela,True,2.494960995863467,1.1157804775922568,7696.61,5736.45,-25.467835839415017,3.7,68.91666666666667,1762.6126126126126,exterior_ratio (70.1 %); price_m2_for_recommender (13.2 %); commute_daily_minutes (8.3 %)
DEST_001,Puerta del Sol,WALK,A pie,time_priority,Prioridad al tiempo,extended,Pareto_KNN,10,10,7,MAD-016,Sol,MAD-113,San Isidro,Carabanchel,True,2.5044007336819067,1.120002056682618,7696.61,3670.03,-52.31627950487292,3.7,101.08333333333331,2631.981981981981,price_m2_for_recommender (55.1 %); exterior_ratio (20.3 %); commute_daily_minutes (18.4 %)
DEST_001,Puerta del Sol,WALK,A pie,time_priority,Prioridad al tiempo,extended,Pareto_KNN,10,10,8,MAD-016,Sol,MAD-026,Palos de la Frontera,Arganzuela,True,2.562542134228368,1.1460036814684043,7696.61,5784.65,-24.84158610089377,3.7,55.96666666666667,1412.6126126126126,exterior_ratio (68.9 %); price_m2_for_recommender (11.9 %); elevator_ratio (7.5 %)
DEST_001,Puerta del Sol,WALK,A pie,time_priority,Prioridad al tiempo,extended,Pareto_KNN,10,10,9,MAD-016,Sol,MAD-123,San Fermín,Usera,True,2.958125622254892,1.3229139954691607,7696.61,2755.18,-64.20268144027045,3.7,162.51666666666665,4292.342342342342,price_m2_for_recommender (59.5 %); commute_daily_minutes (35.0 %); elevator_ratio (5.2 %)
DEST_001,Puerta del Sol,WALK,A pie,time_priority,Prioridad al tiempo,extended,Pareto_KNN,10,10,10,MAD-016,Sol,MAD-012,Embajadores,Centro,True,3.111622442523679,1.3915598603593757,7696.61,6054.75,-21.332248873205213,3.7,26.933333333333334,627.927927927928,exterior_ratio (84.1 %); price_m2_for_recommender (5.9 %); rooms_mean (5.6 %)
DEST_002,Nuevos Ministerios,BICYCLE,Bicicleta,price_priority,Prioridad al precio,extended,KNN_global,10,10,1,MAD-203,Amposta,MAD-202,Hellín,San Blas - Canillejas,True,0.5582959400320989,0.24967753469478385,2544.1,2498.86,-1.7782319877363226,75.61666666666667,83.08333333333333,9.874366321357707,elevator_ratio (83.6 %); commute_daily_minutes (13.6 %); rooms_mean (2.6 %)
DEST_002,Nuevos Ministerios,BICYCLE,Bicicleta,price_priority,Prioridad al precio,extended,KNN_global,10,10,2,MAD-203,Amposta,MAD-145,Fontarrón,Moratalaz,False,1.2701350084153957,0.5680216438838185,2544.1,3770.04,48.18757124326874,75.61666666666667,87.61666666666666,15.86951730218204,elevator_ratio (67.6 %); price_m2_for_recommender (19.9 %); commute_daily_minutes (6.8 %)
DEST_002,Nuevos Ministerios,BICYCLE,Bicicleta,price_priority,Prioridad al precio,extended,KNN_global,10,10,3,MAD-203,Amposta,MAD-127,Pradolongo,Usera,False,1.325028037095151,0.5925705526075741,2544.1,3390.16,33.25576824810346,75.61666666666667,103.48333333333332,36.852545735067196,exterior_ratio (47.6 %); commute_daily_minutes (33.6 %); price_m2_for_recommender (8.7 %)
DEST_002,Nuevos Ministerios,BICYCLE,Bicicleta,price_priority,Prioridad al precio,extended,KNN_global,10,10,4,MAD-203,Amposta,MAD-126,Zofío,Usera,False,1.5343575242134415,0.6861855451859069,2544.1,3089.05,21.4201485790653,75.61666666666667,101.23333333333332,33.87701124090806,elevator_ratio (67.2 %); commute_daily_minutes (21.2 %); exterior_ratio (6.5 %)
DEST_002,Nuevos Ministerios,BICYCLE,Bicicleta,price_priority,Prioridad al precio,extended,KNN_global,10,10,5,MAD-203,Amposta,MAD-174,Los Rosales,Villaverde,False,1.7027757916793607,0.7615044841272142,2544.1,2807.4,10.349435949844747,75.61666666666667,126.08333333333331,66.74013665417672,commute_daily_minutes (66.8 %); elevator_ratio (29.6 %); exterior_ratio (2.7 %)
DEST_002,Nuevos Ministerios,BICYCLE,Bicicleta,price_priority,Prioridad al precio,extended,KNN_global,10,10,6,MAD-203,Amposta,MAD-207,Canillejas,San Blas - Canillejas,False,1.7725334946526003,0.7927010772876948,2544.1,3409.64,34.02146142054165,75.61666666666667,81.2,7.383733744765256,elevator_ratio (55.1 %); rooms_mean (21.2 %); exterior_ratio (17.9 %)
DEST_002,Nuevos Ministerios,BICYCLE,Bicicleta,price_priority,Prioridad al precio,extended,KNN_global,10,10,7,MAD-203,Amposta,MAD-115,Puerta Bonita,Carabanchel,False,1.8534613104614204,0.8288930967715156,2544.1,2905.06,14.188121536103141,75.61666666666667,114.98333333333332,52.060833149658336,elevator_ratio (55.3 %); commute_daily_minutes (34.3 %); exterior_ratio (9.6 %)
DEST_002,Nuevos Ministerios,BICYCLE,Bicicleta,price_priority,Prioridad al precio,extended,KNN_global,10,10,8,MAD-203,Amposta,MAD-135,Portazgo,Puente de Vallecas,False,1.854676344854024,0.8294364766708879,2544.1,2703.76,6.275696710034995,75.61666666666667,97.7,29.20432003526559,elevator_ratio (67.2 %); exterior_ratio (20.9 %); commute_daily_minutes (10.8 %)
DEST_002,Nuevos Ministerios,BICYCLE,Bicicleta,price_priority,Prioridad al precio,extended,KNN_global,10,10,9,MAD-203,Amposta,MAD-131,Entrevías,Puente de Vallecas,True,1.9048175024544691,0.851860284043913,2544.1,2430.16,-4.4785975394049,75.61666666666667,118.71666666666664,56.99801631033717,commute_daily_minutes (38.9 %); exterior_ratio (29.0 %); elevator_ratio (27.1 %)
DEST_002,Nuevos Ministerios,BICYCLE,Bicicleta,price_priority,Prioridad al precio,extended,KNN_global,10,10,10,MAD-203,Amposta,MAD-172,San Cristóbal,Villaverde,True,1.930666482180712,0.8634202992072917,2544.1,1909.6,-24.940057387681303,75.61666666666667,142.06666666666666,87.87745206083314,commute_daily_minutes (90.1 %); elevator_ratio (7.3 %); price_m2_for_recommender (2.3 %)
DEST_002,Nuevos Ministerios,BICYCLE,Bicicleta,price_priority,Prioridad al precio,extended,Pareto_KNN,10,10,1,MAD-203,Amposta,MAD-202,Hellín,San Blas - Canillejas,True,0.5582959400320974,0.24967753469478315,2544.1,2498.86,-1.7782319877363226,75.61666666666667,83.08333333333333,9.874366321357707,elevator_ratio (83.6 %); commute_daily_minutes (13.6 %); rooms_mean (2.6 %)
DEST_002,Nuevos Ministerios,BICYCLE,Bicicleta,price_priority,Prioridad al precio,extended,Pareto_KNN,10,10,2,MAD-203,Amposta,MAD-131,Entrevías,Puente de Vallecas,True,1.9048175024544693,0.8518602840439131,2544.1,2430.16,-4.4785975394049,75.61666666666667,118.71666666666664,56.99801631033717,commute_daily_minutes (38.9 %); exterior_ratio (29.0 %); elevator_ratio (27.1 %)
DEST_002,Nuevos Ministerios,BICYCLE,Bicicleta,price_priority,Prioridad al precio,extended,Pareto_KNN,10,10,3,MAD-203,Amposta,MAD-172,San Cristóbal,Villaverde,True,1.9306664821807116,0.8634202992072915,2544.1,1909.6,-24.940057387681303,75.61666666666667,142.06666666666666,87.87745206083314,commute_daily_minutes (90.1 %); elevator_ratio (7.3 %); price_m2_for_recommender (2.3 %)
DEST_002,Nuevos Ministerios,BICYCLE,Bicicleta,price_priority,Prioridad al precio,extended,Pareto_KNN,10,10,4,MAD-203,Amposta,MAD-152,Pueblo Nuevo,Ciudad Lineal,True,2.1224625584351084,0.9491941120718044,2544.1,3794.82,49.16158956015881,75.61666666666667,61.266666666666666,-18.977297773859387,elevator_ratio (83.2 %); price_m2_for_recommender (7.4 %); rooms_mean (5.2 %)
DEST_002,Nuevos Ministerios,BICYCLE,Bicicleta,price_priority,Prioridad al precio,extended,Pareto_KNN,10,10,5,MAD-203,Amposta,MAD-153,Quintana,Ciudad Lineal,True,2.1816051333645294,0.9756434756531164,2544.1,4436.01,74.36460830942181,75.61666666666667,49.61666666666666,-34.38395415472781,elevator_ratio (49.8 %); price_m2_for_recommender (16.1 %); exterior_ratio (11.8 %)
DEST_002,Nuevos Ministerios,BICYCLE,Bicicleta,price_priority,Prioridad al precio,extended,Pareto_KNN,10,10,6,MAD-203,Amposta,MAD-151,Ventas,Ciudad Lineal,True,2.4775329869510805,1.107986435064143,2544.1,4133.07,62.457057505601185,75.61666666666667,60.833333333333336,-19.55036367643818,elevator_ratio (83.7 %); price_m2_for_recommender (8.8 %); exterior_ratio (3.1 %)
DEST_002,Nuevos Ministerios,BICYCLE,Bicicleta,price_priority,Prioridad al precio,extended,Pareto_KNN,10,10,7,MAD-203,Amposta,MAD-094,Valdezarza,Moncloa - Aravaca,True,3.076655471549247,1.3759221555461572,2544.1,4484.04,76.25250579772808,75.61666666666667,43.7,-42.20850782455367,elevator_ratio (83.3 %); price_m2_for_recommender (8.5 %); commute_daily_minutes (8.2 %)
DEST_002,Nuevos Ministerios,BICYCLE,Bicicleta,price_priority,Prioridad al precio,extended,Pareto_KNN,10,10,8,MAD-203,Amposta,MAD-066,Berruguete,Tetuán,True,3.1487575358512063,1.4081671789656056,2544.1,4789.99,88.27836956094494,75.61666666666667,28.21666666666667,-62.684593343619134,elevator_ratio (33.2 %); exterior_ratio (32.5 %); commute_daily_minutes (17.2 %)
DEST_002,Nuevos Ministerios,BICYCLE,Bicicleta,price_priority,Prioridad al precio,extended,Pareto_KNN,10,10,9,MAD-203,Amposta,MAD-165,Apóstol Santiago,Hortaleza,True,3.3210428809452344,1.4852155275970569,2544.1,4162.46,63.612279391533356,75.61666666666667,51.05,-32.48842847696717,elevator_ratio (86.4 %); price_m2_for_recommender (5.1 %); rooms_mean (4.4 %)
DEST_002,Nuevos Ministerios,BICYCLE,Bicicleta,price_priority,Prioridad al precio,extended,Pareto_KNN,10,10,10,MAD-203,Amposta,MAD-121,Orcasitas,Usera,True,3.550998047512214,1.5880546044412676,2544.1,2357.51,-7.3342242836366385,75.61666666666667,120.86666666666667,59.841304826978174,elevator_ratio (87.3 %); commute_daily_minutes (12.3 %); rooms_mean (0.3 %)
DEST_002,Nuevos Ministerios,BICYCLE,Bicicleta,balanced,Perfil equilibrado,extended,KNN_global,10,10,1,MAD-061,Bellas Vistas,MAD-015,Universidad,Centro,False,1.3838692238721682,0.6188851313096085,5223.92,7135.43,36.59148685278489,21.700000000000003,40.15,85.02304147465435,price_m2_for_recommender (40.8 %); exterior_ratio (35.1 %); commute_daily_minutes (13.5 %)
DEST_002,Nuevos Ministerios,BICYCLE,Bicicleta,balanced,Perfil equilibrado,extended,KNN_global,10,10,2,MAD-061,Bellas Vistas,MAD-011,Palacio,Centro,False,1.5084706960293741,0.6746086036776205,5223.92,6895.15,31.991875832707994,21.700000000000003,63.65,193.31797235023038,commute_daily_minutes (58.8 %); price_m2_for_recommender (26.3 %); exterior_ratio (12.1 %)
DEST_002,Nuevos Ministerios,BICYCLE,Bicicleta,balanced,Perfil equilibrado,extended,KNN_global,10,10,3,MAD-061,Bellas Vistas,MAD-066,Berruguete,Tetuán,True,1.53249714367454,0.6853535577161066,5223.92,4789.99,-8.306597344522892,21.700000000000003,28.21666666666667,30.030721966205828,exterior_ratio (78.1 %); elevator_ratio (16.0 %); rooms_mean (2.8 %)
DEST_002,Nuevos Ministerios,BICYCLE,Bicicleta,balanced,Perfil equilibrado,extended,KNN_global,10,10,4,MAD-061,Bellas Vistas,MAD-026,Palos de la Frontera,Arganzuela,False,1.587719940904833,0.710049943419031,5223.92,5784.65,10.733893321490367,21.700000000000003,70.93333333333334,226.8817204301075,commute_daily_minutes (73.1 %); elevator_ratio (21.9 %); price_m2_for_recommender (2.7 %)
DEST_002,Nuevos Ministerios,BICYCLE,Bicicleta,balanced,Perfil equilibrado,extended,KNN_global,10,10,5,MAD-061,Bellas Vistas,MAD-022,Acacias,Arganzuela,False,1.6025774310767416,0.7166944150189156,5223.92,5736.45,9.81121456683869,21.700000000000003,77.53333333333333,257.29646697388625,commute_daily_minutes (92.3 %); elevator_ratio (3.9 %); price_m2_for_recommender (2.2 %)
DEST_002,Nuevos Ministerios,BICYCLE,Bicicleta,balanced,Perfil equilibrado,extended,KNN_global,10,10,6,MAD-061,Bellas Vistas,MAD-012,Embajadores,Centro,False,1.6929074256866268,0.7570912166898942,5223.92,6054.75,15.904340035835158,21.700000000000003,66.38333333333333,205.91397849462356,commute_daily_minutes (53.0 %); exterior_ratio (32.5 %); elevator_ratio (9.1 %)
DEST_002,Nuevos Ministerios,BICYCLE,Bicicleta,balanced,Perfil equilibrado,extended,KNN_global,10,10,7,MAD-061,Bellas Vistas,MAD-031,Pacífico,Retiro,False,1.7404013168527757,0.7783311305225913,5223.92,6286.22,20.335303756565953,21.700000000000003,59.31666666666666,173.3486943164362,commute_daily_minutes (35.5 %); elevator_ratio (29.7 %); exterior_ratio (23.8 %)
DEST_002,Nuevos Ministerios,BICYCLE,Bicicleta,balanced,Perfil equilibrado,extended,KNN_global,10,10,8,MAD-061,Bellas Vistas,MAD-025,Delicias,Arganzuela,False,1.774186871838123,0.79344049004355,5223.92,5426.01,3.8685508200738172,21.700000000000003,70.25,223.7327188940092,commute_daily_minutes (56.9 %); exterior_ratio (40.2 %); rooms_mean (1.9 %)
DEST_002,Nuevos Ministerios,BICYCLE,Bicicleta,balanced,Perfil equilibrado,extended,KNN_global,10,10,9,MAD-061,Bellas Vistas,MAD-043,Fuente del Berro,Salamanca,False,1.8342272441418204,0.8202913608166426,5223.92,7598.53,45.4564771282868,21.700000000000003,49.83333333333333,129.64669738863282,price_m2_for_recommender (35.9 %); elevator_ratio (24.5 %); exterior_ratio (18.7 %)
DEST_002,Nuevos Ministerios,BICYCLE,Bicicleta,balanced,Perfil equilibrado,extended,KNN_global,10,10,10,MAD-061,Bellas Vistas,MAD-052,Prosperidad,Chamartín,False,1.9093693382370405,0.8538959268903622,5223.92,6448.55,23.442740317615893,21.700000000000003,29.583333333333336,36.328725038402446,exterior_ratio (65.3 %); elevator_ratio (16.4 %); price_m2_for_recommender (8.8 %)
DEST_002,Nuevos Ministerios,BICYCLE,Bicicleta,balanced,Perfil equilibrado,extended,Pareto_KNN,10,10,1,MAD-061,Bellas Vistas,MAD-066,Berruguete,Tetuán,True,1.5324971436745396,0.6853535577161064,5223.92,4789.99,-8.306597344522892,21.700000000000003,28.21666666666667,30.030721966205828,exterior_ratio (78.1 %); elevator_ratio (16.0 %); rooms_mean (2.8 %)
DEST_002,Nuevos Ministerios,BICYCLE,Bicicleta,balanced,Perfil equilibrado,extended,Pareto_KNN,10,10,2,MAD-061,Bellas Vistas,MAD-075,Ríos Rosas,Chamberí,True,1.9115700615229327,0.8548801202637465,5223.92,7915.16,51.517634266987244,21.700000000000003,12.133333333333333,-44.08602150537635,price_m2_for_recommender (42.4 %); elevator_ratio (41.8 %); rooms_mean (13.8 %)
DEST_002,Nuevos Ministerios,BICYCLE,Bicicleta,balanced,Perfil equilibrado,extended,Pareto_KNN,10,10,3,MAD-061,Bellas Vistas,MAD-062,Cuatro Caminos,Tetuán,True,1.913782497937312,0.8558695519074361,5223.92,6496.82,24.36675906216021,21.700000000000003,12.383333333333333,-42.93394777265746,exterior_ratio (47.2 %); rooms_mean (25.5 %); elevator_ratio (16.0 %)
DEST_002,Nuevos Ministerios,BICYCLE,Bicicleta,balanced,Perfil equilibrado,extended,Pareto_KNN,10,10,4,MAD-061,Bellas Vistas,MAD-153,Quintana,Ciudad Lineal,True,2.704786107974932,1.2096171204058068,5223.92,4436.01,-15.082734804514615,21.700000000000003,49.61666666666666,128.6482334869431,exterior_ratio (78.7 %); elevator_ratio (10.8 %); commute_daily_minutes (8.1 %)
DEST_002,Nuevos Ministerios,BICYCLE,Bicicleta,balanced,Perfil equilibrado,extended,Pareto_KNN,10,10,5,MAD-061,Bellas Vistas,MAD-151,Ventas,Ciudad Lineal,True,2.9743442571413308,1.330167189490826,5223.92,4133.07,-20.881828205638683,21.700000000000003,60.833333333333336,180.3379416282642,exterior_ratio (83.2 %); commute_daily_minutes (13.2 %); price_m2_for_recommender (2.9 %)
DEST_002,Nuevos Ministerios,BICYCLE,Bicicleta,balanced,Perfil equilibrado,extended,Pareto_KNN,10,10,6,MAD-061,Bellas Vistas,MAD-201,Simancas,San Blas - Canillejas,True,3.237499864790007,1.4478539549633667,5223.92,3690.7,-29.349990045789372,21.700000000000003,68.08333333333333,213.74807987711205,exterior_ratio (68.8 %); commute_daily_minutes (15.6 %); elevator_ratio (10.8 %)
DEST_002,Nuevos Ministerios,BICYCLE,Bicicleta,balanced,Perfil equilibrado,extended,Pareto_KNN,10,10,7,MAD-061,Bellas Vistas,MAD-152,Pueblo Nuevo,Ciudad Lineal,True,3.2668506445126955,1.4609800226938774,5223.92,3794.82,-27.356850794039726,21.700000000000003,61.266666666666666,182.33486943164357,exterior_ratio (82.5 %); commute_daily_minutes (11.2 %); price_m2_for_recommender (4.1 %)
DEST_002,Nuevos Ministerios,BICYCLE,Bicicleta,balanced,Perfil equilibrado,extended,Pareto_KNN,10,10,8,MAD-061,Bellas Vistas,MAD-094,Valdezarza,Moncloa - Aravaca,True,3.2953542005868006,1.4737272004903126,5223.92,4484.04,-14.163310311030799,21.700000000000003,43.7,101.38248847926266,exterior_ratio (91.3 %); commute_daily_minutes (3.4 %); rooms_mean (2.9 %)
DEST_002,Nuevos Ministerios,BICYCLE,Bicicleta,balanced,Perfil equilibrado,extended,Pareto_KNN,10,10,9,MAD-061,Bellas Vistas,MAD-165,Apóstol Santiago,Hortaleza,True,3.570110739358331,1.5966020600814523,5223.92,4162.46,-20.319223877854178,21.700000000000003,51.05,135.25345622119812,exterior_ratio (77.8 %); rooms_mean (11.8 %); commute_daily_minutes (5.1 %)
DEST_002,Nuevos Ministerios,BICYCLE,Bicicleta,balanced,Perfil equilibrado,extended,Pareto_KNN,10,10,10,MAD-061,Bellas Vistas,MAD-131,Entrevías,Puente de Vallecas,True,4.037408431459184,1.805583941134707,5223.92,2430.16,-53.48014517833351,21.700000000000003,118.71666666666664,447.0814132104453,commute_daily_minutes (43.9 %); exterior_ratio (27.7 %); elevator_ratio (12.6 %)
DEST_002,Nuevos Ministerios,BICYCLE,Bicicleta,time_priority,Prioridad al tiempo,extended,KNN_global,10,10,1,MAD-062,Cuatro Caminos,MAD-052,Prosperidad,Chamartín,False,0.6759218297593222,0.30228143176357697,6496.82,6448.55,-0.7429788727408105,12.383333333333333,29.583333333333336,138.8963660834455,commute_daily_minutes (49.2 %); rooms_mean (39.2 %); exterior_ratio (11.5 %)
DEST_002,Nuevos Ministerios,BICYCLE,Bicicleta,time_priority,Prioridad al tiempo,extended,KNN_global,10,10,2,MAD-062,Cuatro Caminos,MAD-053,Ciudad Jardín,Chamartín,False,0.9002987447799164,0.4026258386771254,6496.82,7558.9,16.347690100695417,12.383333333333333,24.316666666666663,96.36608344549123,exterior_ratio (32.5 %); price_m2_for_recommender (29.8 %); rooms_mean (22.1 %)
DEST_002,Nuevos Ministerios,BICYCLE,Bicicleta,time_priority,Prioridad al tiempo,extended,KNN_global,10,10,3,MAD-062,Cuatro Caminos,MAD-063,Castillejos,Tetuán,False,0.9985695347573182,0.4465738719955405,6496.82,6438.0,-0.9053660098324983,12.383333333333333,23.25,87.75235531628535,exterior_ratio (86.5 %); commute_daily_minutes (9.0 %); elevator_ratio (4.4 %)
DEST_002,Nuevos Ministerios,BICYCLE,Bicicleta,time_priority,Prioridad al tiempo,extended,KNN_global,10,10,4,MAD-062,Cuatro Caminos,MAD-076,Vallehermoso,Chamberí,False,1.0161825447197967,0.45445064950843705,6496.82,6752.36,3.9333089111288286,12.383333333333333,24.96666666666667,101.61507402422613,rooms_mean (42.8 %); elevator_ratio (33.9 %); commute_daily_minutes (11.7 %)
DEST_002,Nuevos Ministerios,BICYCLE,Bicicleta,time_priority,Prioridad al tiempo,extended,KNN_global,10,10,5,MAD-062,Cuatro Caminos,MAD-092,Argüelles,Moncloa - Aravaca,False,1.1045193703807223,0.4939560789273126,6496.82,7554.87,16.285659753540966,12.383333333333333,46.45,275.10094212651416,commute_daily_minutes (72.3 %); price_m2_for_recommender (19.6 %); elevator_ratio (5.3 %)
DEST_002,Nuevos Ministerios,BICYCLE,Bicicleta,time_priority,Prioridad al tiempo,extended,KNN_global,10,10,6,MAD-062,Cuatro Caminos,MAD-044,Guindalera,Salamanca,False,1.1168721288687475,0.4994804004650849,6496.82,6722.25,3.4698514042254565,12.383333333333333,30.78333333333333,148.58681022880214,exterior_ratio (50.2 %); rooms_mean (26.4 %); commute_daily_minutes (20.6 %)
DEST_002,Nuevos Ministerios,BICYCLE,Bicicleta,time_priority,Prioridad al tiempo,extended,KNN_global,10,10,7,MAD-062,Cuatro Caminos,MAD-073,Trafalgar,Chamberí,False,1.1591836797416193,0.5184027012621213,6496.82,8568.41,31.88621510215767,12.383333333333333,26.48333333333333,113.86271870794077,price_m2_for_recommender (68.4 %); commute_daily_minutes (11.2 %); rooms_mean (10.6 %)
DEST_002,Nuevos Ministerios,BICYCLE,Bicicleta,time_priority,Prioridad al tiempo,extended,KNN_global,10,10,8,MAD-062,Cuatro Caminos,MAD-071,Gaztambide,Chamberí,False,1.1735523644277472,0.5248285724032098,6496.82,7413.6,14.111211331081986,12.383333333333333,39.43333333333333,218.4387617765814,commute_daily_minutes (40.4 %); rooms_mean (33.6 %); price_m2_for_recommender (13.1 %)
DEST_002,Nuevos Ministerios,BICYCLE,Bicicleta,time_priority,Prioridad al tiempo,extended,KNN_global,10,10,9,MAD-062,Cuatro Caminos,MAD-015,Universidad,Centro,False,1.279639768500472,0.5722723018158298,6496.82,7135.43,9.829578162855068,12.383333333333333,40.15,224.22611036339165,commute_daily_minutes (35.8 %); elevator_ratio (26.8 %); rooms_mean (17.1 %)
DEST_002,Nuevos Ministerios,BICYCLE,Bicicleta,time_priority,Prioridad al tiempo,extended,KNN_global,10,10,10,MAD-062,Cuatro Caminos,MAD-056,Castilla,Chamartín,False,1.293154842004058,0.5783164264308147,6496.82,5913.07,-8.985165049978297,12.383333333333333,49.61666666666666,300.67294751009416,commute_daily_minutes (63.0 %); exterior_ratio (21.3 %); elevator_ratio (5.8 %)
DEST_002,Nuevos Ministerios,BICYCLE,Bicicleta,time_priority,Prioridad al tiempo,extended,Pareto_KNN,10,10,1,MAD-062,Cuatro Caminos,MAD-075,Ríos Rosas,Chamberí,True,1.5351682199746166,0.6865480993521186,6496.82,7915.16,21.83129592631472,12.383333333333333,12.133333333333333,-2.018842530282638,exterior_ratio (69.5 %); price_m2_for_recommender (18.3 %); elevator_ratio (9.4 %)
DEST_002,Nuevos Ministerios,BICYCLE,Bicicleta,time_priority,Prioridad al tiempo,extended,Pareto_KNN,10,10,2,MAD-062,Cuatro Caminos,MAD-061,Bellas Vistas,Tetuán,True,1.913782497937312,0.8558695519074361,6496.82,5223.92,-19.59266225630385,12.383333333333333,21.700000000000003,75.235531628533,exterior_ratio (47.2 %); rooms_mean (25.5 %); elevator_ratio (16.0 %)
DEST_002,Nuevos Ministerios,BICYCLE,Bicicleta,time_priority,Prioridad al tiempo,extended,Pareto_KNN,10,10,3,MAD-062,Cuatro Caminos,MAD-066,Berruguete,Tetuán,True,2.0533136434627894,0.9182697771821128,6496.82,4789.99,-26.271776038123267,12.383333333333333,28.21666666666667,127.86002691790043,elevator_ratio (45.1 %); rooms_mean (35.5 %); price_m2_for_recommender (14.8 %)
DEST_002,Nuevos Ministerios,BICYCLE,Bicicleta,time_priority,Prioridad al tiempo,extended,Pareto_KNN,10,10,4,MAD-062,Cuatro Caminos,MAD-094,Valdezarza,Moncloa - Aravaca,True,2.300701747908023,1.0289051008549848,6496.82,4484.04,-30.981003013782125,12.383333333333333,43.7,252.89367429340516,exterior_ratio (63.6 %); price_m2_for_recommender (16.4 %); commute_daily_minutes (14.1 %)
DEST_002,Nuevos Ministerios,BICYCLE,Bicicleta,time_priority,Prioridad al tiempo,extended,Pareto_KNN,10,10,5,MAD-062,Cuatro Caminos,MAD-165,Apóstol Santiago,Hortaleza,True,2.3971524229621255,1.072039154034328,6496.82,4162.46,-35.93080922666781,12.383333333333333,51.05,312.24764468371467,exterior_ratio (58.6 %); price_m2_for_recommender (20.3 %); commute_daily_minutes (19.8 %)
DEST_002,Nuevos Ministerios,BICYCLE,Bicicleta,time_priority,Prioridad al tiempo,extended,Pareto_KNN,10,10,6,MAD-062,Cuatro Caminos,MAD-151,Ventas,Ciudad Lineal,True,2.5224543981716154,1.1280759008910106,6496.82,4133.07,-36.38318438867015,12.383333333333333,60.833333333333336,391.2516823687753,exterior_ratio (30.7 %); commute_daily_minutes (28.0 %); price_m2_for_recommender (18.8 %)
DEST_002,Nuevos Ministerios,BICYCLE,Bicicleta,time_priority,Prioridad al tiempo,extended,Pareto_KNN,10,10,7,MAD-062,Cuatro Caminos,MAD-051,El Viso,Chamartín,True,2.5849664628700197,1.15603214610691,6496.82,9382.09,44.41049621199296,12.383333333333333,10.5,-15.208613728129203,rooms_mean (48.4 %); price_m2_for_recommender (26.7 %); exterior_ratio (22.2 %)
DEST_002,Nuevos Ministerios,BICYCLE,Bicicleta,time_priority,Prioridad al tiempo,extended,Pareto_KNN,10,10,8,MAD-062,Cuatro Caminos,MAD-201,Simancas,San Blas - Canillejas,True,2.6583568155569672,1.1888533096070497,6496.82,3690.7,-43.19220788016291,12.383333333333333,68.08333333333333,449.79811574697175,commute_daily_minutes (33.4 %); exterior_ratio (26.6 %); price_m2_for_recommender (23.9 %)
DEST_002,Nuevos Ministerios,BICYCLE,Bicicleta,time_priority,Prioridad al tiempo,extended,Pareto_KNN,10,10,9,MAD-062,Cuatro Caminos,MAD-153,Quintana,Ciudad Lineal,True,2.695112260466914,1.205290844279428,6496.82,4436.01,-31.720287771555924,12.383333333333333,49.61666666666666,300.67294751009416,elevator_ratio (37.6 %); rooms_mean (19.1 %); exterior_ratio (16.2 %)
DEST_002,Nuevos Ministerios,BICYCLE,Bicicleta,time_priority,Prioridad al tiempo,extended,Pareto_KNN,10,10,10,MAD-062,Cuatro Caminos,MAD-152,Pueblo Nuevo,Ciudad Lineal,True,2.9223362993820863,1.3069085237067042,6496.82,3794.82,-41.58957767030639,12.383333333333333,61.266666666666666,394.7510094212651,exterior_ratio (32.0 %); commute_daily_minutes (21.3 %); elevator_ratio (18.5 %)
DEST_002,Nuevos Ministerios,CAR,Coche,price_priority,Prioridad al precio,extended,KNN_global,10,10,1,MAD-203,Amposta,MAD-202,Hellín,San Blas - Canillejas,True,0.5461941874434104,0.24426546640774555,2544.1,2498.86,-1.7782319877363226,27.716666666666665,29.21666666666667,5.41190619362599,elevator_ratio (89.0 %); commute_daily_minutes (8.1 %); rooms_mean (2.8 %)
DEST_002,Nuevos Ministerios,CAR,Coche,price_priority,Prioridad al precio,extended,KNN_global,10,10,2,MAD-203,Amposta,MAD-127,Pradolongo,Usera,False,1.1211849530142504,0.5014091540579543,2544.1,3390.16,33.25576824810346,27.716666666666665,31.1,12.206855081178606,exterior_ratio (63.9 %); price_m2_for_recommender (12.1 %); elevator_ratio (10.7 %)
DEST_002,Nuevos Ministerios,CAR,Coche,price_priority,Prioridad al precio,extended,KNN_global,10,10,3,MAD-203,Amposta,MAD-145,Fontarrón,Moratalaz,False,1.248554504383243,0.5583705490828981,2544.1,3770.04,48.18757124326874,27.716666666666665,25.883333333333333,-6.614552014431745,elevator_ratio (71.3 %); price_m2_for_recommender (20.5 %); rooms_mean (6.0 %)
DEST_002,Nuevos Ministerios,CAR,Coche,price_priority,Prioridad al precio,extended,KNN_global,10,10,4,MAD-203,Amposta,MAD-126,Zofío,Usera,False,1.4165046543825939,0.6334801395288651,2544.1,3089.05,21.4201485790653,27.716666666666665,31.166666666666668,12.447384245339759,elevator_ratio (80.3 %); exterior_ratio (7.3 %); commute_daily_minutes (6.3 %)
DEST_002,Nuevos Ministerios,CAR,Coche,price_priority,Prioridad al precio,extended,KNN_global,10,10,5,MAD-203,Amposta,MAD-131,Entrevías,Puente de Vallecas,True,1.503511049421888,0.6723905822858774,2544.1,2430.16,-4.4785975394049,27.716666666666665,30.166666666666668,8.83944678292244,exterior_ratio (44.7 %); elevator_ratio (44.2 %); rooms_mean (8.1 %)
DEST_002,Nuevos Ministerios,CAR,Coche,price_priority,Prioridad al precio,extended,KNN_global,10,10,6,MAD-203,Amposta,MAD-172,San Cristóbal,Villaverde,True,1.6494649428065067,0.7376631477236303,2544.1,1909.6,-24.940057387681303,27.716666666666665,42.53333333333333,53.4576067348166,commute_daily_minutes (86.2 %); elevator_ratio (10.2 %); price_m2_for_recommender (3.1 %)
DEST_002,Nuevos Ministerios,CAR,Coche,price_priority,Prioridad al precio,extended,KNN_global,10,10,7,MAD-203,Amposta,MAD-135,Portazgo,Puente de Vallecas,False,1.7590193303806074,0.7866573592934398,2544.1,2703.76,6.275696710034995,27.716666666666665,28.666666666666664,3.42754058929645,elevator_ratio (76.1 %); exterior_ratio (22.3 %); rooms_mean (1.1 %)
DEST_002,Nuevos Ministerios,CAR,Coche,price_priority,Prioridad al precio,extended,KNN_global,10,10,8,MAD-203,Amposta,MAD-141,Pavones,Moratalaz,False,1.895559448220726,0.8477199563227072,2544.1,3721.75,46.28945403089502,27.716666666666665,26.9,-2.9464822609741423,elevator_ratio (90.5 %); price_m2_for_recommender (8.2 %); rooms_mean (1.1 %)
DEST_002,Nuevos Ministerios,CAR,Coche,price_priority,Prioridad al precio,extended,KNN_global,10,10,9,MAD-203,Amposta,MAD-133,Palomeras Bajas,Puente de Vallecas,False,1.9083173687273087,0.8534254718235587,2544.1,2985.52,17.35073306866869,27.716666666666665,31.133333333333333,12.327119663259175,exterior_ratio (46.6 %); elevator_ratio (42.3 %); rooms_mean (6.5 %)
DEST_002,Nuevos Ministerios,CAR,Coche,price_priority,Prioridad al precio,extended,KNN_global,10,10,10,MAD-203,Amposta,MAD-115,Puerta Bonita,Carabanchel,False,1.9290444836874683,0.8626949194292326,2544.1,2905.06,14.188121536103141,27.716666666666665,39.33333333333333,41.912206855081166,elevator_ratio (52.0 %); commute_daily_minutes (38.7 %); exterior_ratio (8.5 %)
DEST_002,Nuevos Ministerios,CAR,Coche,price_priority,Prioridad al precio,extended,Pareto_KNN,10,10,1,MAD-203,Amposta,MAD-202,Hellín,San Blas - Canillejas,True,0.5461941874434109,0.24426546640774574,2544.1,2498.86,-1.7782319877363226,27.716666666666665,29.21666666666667,5.41190619362599,elevator_ratio (89.0 %); commute_daily_minutes (8.1 %); rooms_mean (2.8 %)
DEST_002,Nuevos Ministerios,CAR,Coche,price_priority,Prioridad al precio,extended,Pareto_KNN,10,10,2,MAD-203,Amposta,MAD-131,Entrevías,Puente de Vallecas,True,1.503511049421888,0.6723905822858774,2544.1,2430.16,-4.4785975394049,27.716666666666665,30.166666666666668,8.83944678292244,exterior_ratio (44.7 %); elevator_ratio (44.2 %); rooms_mean (8.1 %)
DEST_002,Nuevos Ministerios,CAR,Coche,price_priority,Prioridad al precio,extended,Pareto_KNN,10,10,3,MAD-203,Amposta,MAD-172,San Cristóbal,Villaverde,True,1.6494649428065071,0.7376631477236305,2544.1,1909.6,-24.940057387681303,27.716666666666665,42.53333333333333,53.4576067348166,commute_daily_minutes (86.2 %); elevator_ratio (10.2 %); price_m2_for_recommender (3.1 %)
DEST_002,Nuevos Ministerios,CAR,Coche,price_priority,Prioridad al precio,extended,Pareto_KNN,10,10,4,MAD-203,Amposta,MAD-132,San Diego,Puente de Vallecas,True,2.0517376554888687,0.917564973933831,2544.1,3078.32,20.998388428127836,27.716666666666665,25.65,-7.456404088995789,exterior_ratio (64.2 %); rooms_mean (20.5 %); elevator_ratio (12.8 %)
DEST_002,Nuevos Ministerios,CAR,Coche,price_priority,Prioridad al precio,extended,Pareto_KNN,10,10,5,MAD-203,Amposta,MAD-153,Quintana,Ciudad Lineal,True,2.2000491036426473,0.9838918699164878,2544.1,4436.01,74.36460830942181,27.716666666666665,20.416666666666664,-26.337943475646426,elevator_ratio (49.9 %); price_m2_for_recommender (15.7 %); commute_daily_minutes (11.8 %)
DEST_002,Nuevos Ministerios,CAR,Coche,price_priority,Prioridad al precio,extended,Pareto_KNN,10,10,6,MAD-203,Amposta,MAD-134,Palomeras Sureste,Puente de Vallecas,True,2.222555290791501,0.9939569427923216,2544.1,2701.36,6.181360795566221,27.716666666666665,26.15,-5.65243535778713,elevator_ratio (97.8 %); exterior_ratio (1.1 %); commute_daily_minutes (0.5 %)
DEST_002,Nuevos Ministerios,CAR,Coche,price_priority,Prioridad al precio,extended,Pareto_KNN,10,10,7,MAD-203,Amposta,MAD-136,Numancia,Puente de Vallecas,True,2.2651497194638477,1.0130057503871484,2544.1,3239.46,27.332258952085223,27.716666666666665,24.300000000000004,-12.327119663259149,elevator_ratio (51.4 %); exterior_ratio (35.4 %); rooms_mean (8.8 %)
DEST_002,Nuevos Ministerios,CAR,Coche,price_priority,Prioridad al precio,extended,Pareto_KNN,10,10,8,MAD-203,Amposta,MAD-064,Almenara,Tetuán,True,2.882517198996169,1.2891008806535444,2544.1,4987.49,96.0414291891042,27.716666666666665,11.233333333333334,-59.47083583884545,elevator_ratio (46.7 %); commute_daily_minutes (34.9 %); price_m2_for_recommender (15.3 %)
DEST_002,Nuevos Ministerios,CAR,Coche,price_priority,Prioridad al precio,extended,Pareto_KNN,10,10,9,MAD-203,Amposta,MAD-094,Valdezarza,Moncloa - Aravaca,True,3.183664233296053,1.4237779286369447,2544.1,4484.04,76.25250579772808,27.716666666666665,16.666666666666664,-39.867708959711365,elevator_ratio (79.2 %); commute_daily_minutes (12.9 %); price_m2_for_recommender (7.9 %)
DEST_002,Nuevos Ministerios,CAR,Coche,price_priority,Prioridad al precio,extended,Pareto_KNN,10,10,10,MAD-203,Amposta,MAD-066,Berruguete,Tetuán,True,3.2170119451822603,1.4386914787712721,2544.1,4789.99,88.27836956094494,27.716666666666665,13.35,-51.8340348767288,elevator_ratio (32.4 %); exterior_ratio (29.9 %); commute_daily_minutes (21.3 %)
DEST_002,Nuevos Ministerios,CAR,Coche,balanced,Perfil equilibrado,extended,KNN_global,10,10,1,MAD-064,Almenara,MAD-154,La Concepción,Ciudad Lineal,False,0.9644047714528178,0.4312949253587298,4987.49,5658.13,13.446443000386974,11.233333333333334,17.950000000000003,59.792284866468854,commute_daily_minutes (51.8 %); elevator_ratio (29.1 %); price_m2_for_recommender (10.3 %)
DEST_002,Nuevos Ministerios,CAR,Coche,balanced,Perfil equilibrado,extended,KNN_global,10,10,2,MAD-064,Almenara,MAD-065,Valdeacederas,Tetuán,False,1.0159537861218648,0.4543483455533544,4987.49,5274.19,5.748382452897145,11.233333333333334,13.95,24.18397626112758,rooms_mean (81.0 %); elevator_ratio (9.6 %); commute_daily_minutes (7.6 %)
DEST_002,Nuevos Ministerios,CAR,Coche,balanced,Perfil equilibrado,extended,KNN_global,10,10,3,MAD-064,Almenara,MAD-094,Valdezarza,Moncloa - Aravaca,True,1.1697497899050866,0.5231280093787741,4987.49,4484.04,-10.094255828081858,11.233333333333334,16.666666666666664,48.36795252225516,elevator_ratio (54.5 %); commute_daily_minutes (23.1 %); exterior_ratio (18.4 %)
DEST_002,Nuevos Ministerios,CAR,Coche,balanced,Perfil equilibrado,extended,KNN_global,10,10,4,MAD-064,Almenara,MAD-151,Ventas,Ciudad Lineal,False,1.2514037823320698,0.5596447849189716,4987.49,4133.07,-17.131262418571264,11.233333333333334,21.65,92.72997032640947,commute_daily_minutes (74.0 %); price_m2_for_recommender (9.9 %); rooms_mean (9.3 %)
DEST_002,Nuevos Ministerios,CAR,Coche,balanced,Perfil equilibrado,extended,KNN_global,10,10,5,MAD-064,Almenara,MAD-153,Quintana,Ciudad Lineal,True,1.358516697327381,0.6075471367585061,4987.49,4436.01,-11.05726527772486,11.233333333333334,20.416666666666664,81.75074183976258,commute_daily_minutes (48.8 %); rooms_mean (35.4 %); elevator_ratio (9.4 %)
DEST_002,Nuevos Ministerios,CAR,Coche,balanced,Perfil equilibrado,extended,KNN_global,10,10,6,MAD-064,Almenara,MAD-084,Pilar,Fuencarral - El Pardo,False,1.4755254630627832,0.6598750475880476,4987.49,5064.58,1.54566725948323,11.233333333333334,18.416666666666668,63.946587537091986,elevator_ratio (62.5 %); commute_daily_minutes (25.3 %); exterior_ratio (11.6 %)
DEST_002,Nuevos Ministerios,CAR,Coche,balanced,Perfil equilibrado,extended,KNN_global,10,10,7,MAD-064,Almenara,MAD-066,Berruguete,Tetuán,True,1.5440495272405608,0.6905199407072614,4987.49,4789.99,-3.959907689037973,11.233333333333334,13.35,18.842729970326396,exterior_ratio (66.3 %); rooms_mean (30.6 %); commute_daily_minutes (2.0 %)
DEST_002,Nuevos Ministerios,CAR,Coche,balanced,Perfil equilibrado,extended,KNN_global,10,10,8,MAD-064,Almenara,MAD-164,Pinar del Rey,Hortaleza,False,1.6214924861350837,0.7251534848006365,4987.49,4266.54,-14.455166827402158,11.233333333333334,22.46666666666667,100.0,commute_daily_minutes (51.3 %); elevator_ratio (31.4 %); exterior_ratio (9.6 %)
DEST_002,Nuevos Ministerios,CAR,Coche,balanced,Perfil equilibrado,extended,KNN_global,10,10,9,MAD-064,Almenara,MAD-152,Pueblo Nuevo,Ciudad Lineal,False,1.6933820624160463,0.7573034806882142,4987.49,3794.82,-23.913230903721104,11.233333333333334,25.450000000000003,126.5578635014837,commute_daily_minutes (75.3 %); price_m2_for_recommender (10.5 %); rooms_mean (10.5 %)
DEST_002,Nuevos Ministerios,CAR,Coche,balanced,Perfil equilibrado,extended,KNN_global,10,10,10,MAD-064,Almenara,MAD-063,Castillejos,Tetuán,True,1.7120930894654625,0.7656713063704806,4987.49,6438.0,29.08296557988087,11.233333333333334,9.633333333333333,-14.24332344213651,elevator_ratio (73.0 %); price_m2_for_recommender (15.2 %); rooms_mean (5.8 %)
DEST_002,Nuevos Ministerios,CAR,Coche,balanced,Perfil equilibrado,extended,Pareto_KNN,10,10,1,MAD-064,Almenara,MAD-094,Valdezarza,Moncloa - Aravaca,True,1.1697497899050866,0.5231280093787741,4987.49,4484.04,-10.094255828081858,11.233333333333334,16.666666666666664,48.36795252225516,elevator_ratio (54.5 %); commute_daily_minutes (23.1 %); exterior_ratio (18.4 %)
DEST_002,Nuevos Ministerios,CAR,Coche,balanced,Perfil equilibrado,extended,Pareto_KNN,10,10,2,MAD-064,Almenara,MAD-153,Quintana,Ciudad Lineal,True,1.3585166973273812,0.6075471367585062,4987.49,4436.01,-11.05726527772486,11.233333333333334,20.416666666666664,81.75074183976258,commute_daily_minutes (48.8 %); rooms_mean (35.4 %); elevator_ratio (9.4 %)
DEST_002,Nuevos Ministerios,CAR,Coche,balanced,Perfil equilibrado,extended,Pareto_KNN,10,10,3,MAD-064,Almenara,MAD-066,Berruguete,Tetuán,True,1.5440495272405608,0.6905199407072614,4987.49,4789.99,-3.959907689037973,11.233333333333334,13.35,18.842729970326396,exterior_ratio (66.3 %); rooms_mean (30.6 %); commute_daily_minutes (2.0 %)
DEST_002,Nuevos Ministerios,CAR,Coche,balanced,Perfil equilibrado,extended,Pareto_KNN,10,10,4,MAD-064,Almenara,MAD-063,Castillejos,Tetuán,True,1.712093089465463,0.7656713063704808,4987.49,6438.0,29.08296557988087,11.233333333333334,9.633333333333333,-14.24332344213651,elevator_ratio (73.0 %); price_m2_for_recommender (15.2 %); rooms_mean (5.8 %)
DEST_002,Nuevos Ministerios,CAR,Coche,balanced,Perfil equilibrado,extended,Pareto_KNN,10,10,5,MAD-064,Almenara,MAD-165,Apóstol Santiago,Hortaleza,True,1.7867619651877027,0.7990642427541632,4987.49,4162.46,-16.541988054111382,11.233333333333334,21.266666666666666,89.3175074183976,elevator_ratio (41.0 %); commute_daily_minutes (33.7 %); rooms_mean (12.8 %)
DEST_002,Nuevos Ministerios,CAR,Coche,balanced,Perfil equilibrado,extended,Pareto_KNN,10,10,6,MAD-064,Almenara,MAD-134,Palomeras Sureste,Puente de Vallecas,True,1.912283673694661,0.8551992573288576,4987.49,2701.36,-45.83728488678673,11.233333333333334,26.15,132.78931750741836,commute_daily_minutes (65.0 %); price_m2_for_recommender (30.3 %); exterior_ratio (2.0 %)
DEST_002,Nuevos Ministerios,CAR,Coche,balanced,Perfil equilibrado,extended,Pareto_KNN,10,10,7,MAD-064,Almenara,MAD-136,Numancia,Puente de Vallecas,True,1.9607869961212059,0.8768906025449266,4987.49,3239.46,-35.04829082364075,11.233333333333334,24.300000000000004,116.32047477744808,commute_daily_minutes (47.4 %); exterior_ratio (18.6 %); price_m2_for_recommender (16.9 %)
DEST_002,Nuevos Ministerios,CAR,Coche,balanced,Perfil equilibrado,extended,Pareto_KNN,10,10,8,MAD-064,Almenara,MAD-144,Media Legua,Moratalaz,True,1.978283944990882,0.8847154759592133,4987.49,3876.72,-22.271122348114986,11.233333333333334,21.58333333333333,92.13649851632043,elevator_ratio (50.8 %); commute_daily_minutes (29.2 %); rooms_mean (6.9 %)
DEST_002,Nuevos Ministerios,CAR,Coche,balanced,Perfil equilibrado,extended,Pareto_KNN,10,10,9,MAD-064,Almenara,MAD-062,Cuatro Caminos,Tetuán,True,2.0421649948137572,0.9132839499348133,4987.49,6496.82,30.262316315421184,11.233333333333334,5.983333333333333,-46.73590504451039,exterior_ratio (40.3 %); elevator_ratio (37.6 %); price_m2_for_recommender (11.6 %)
DEST_002,Nuevos Ministerios,CAR,Coche,balanced,Perfil equilibrado,extended,Pareto_KNN,10,10,10,MAD-064,Almenara,MAD-201,Simancas,San Blas - Canillejas,True,2.2276228522493042,0.9962232251722829,4987.49,3690.7,-26.0008541370509,11.233333333333334,24.1,114.540059347181,elevator_ratio (48.5 %); commute_daily_minutes (35.6 %); rooms_mean (8.7 %)
DEST_002,Nuevos Ministerios,CAR,Coche,time_priority,Prioridad al tiempo,extended,KNN_global,10,10,1,MAD-062,Cuatro Caminos,MAD-052,Prosperidad,Chamartín,False,0.9088582510117867,0.4064537662347844,6496.82,6448.55,-0.7429788727408105,5.983333333333333,13.433333333333334,124.5125348189415,commute_daily_minutes (71.8 %); rooms_mean (22.0 %); exterior_ratio (6.1 %)
DEST_002,Nuevos Ministerios,CAR,Coche,time_priority,Prioridad al tiempo,extended,KNN_global,10,10,2,MAD-062,Cuatro Caminos,MAD-053,Ciudad Jardín,Chamartín,False,0.9623666721000065,0.43038345961917296,6496.82,7558.9,16.347690100695417,5.983333333333333,10.65,77.99442896935933,exterior_ratio (27.4 %); price_m2_for_recommender (25.9 %); commute_daily_minutes (25.1 %)
DEST_002,Nuevos Ministerios,CAR,Coche,time_priority,Prioridad al tiempo,extended,KNN_global,10,10,3,MAD-062,Cuatro Caminos,MAD-063,Castillejos,Tetuán,True,1.0084128983456193,0.450975958017678,6496.82,6438.0,-0.9053660098324983,5.983333333333333,9.633333333333333,61.002785515320326,exterior_ratio (81.5 %); commute_daily_minutes (14.0 %); elevator_ratio (4.4 %)
DEST_002,Nuevos Ministerios,CAR,Coche,time_priority,Prioridad al tiempo,extended,KNN_global,10,10,4,MAD-062,Cuatro Caminos,MAD-076,Vallehermoso,Chamberí,False,1.0581678401196577,0.47322704442233676,6496.82,6752.36,3.9333089111288286,5.983333333333333,10.283333333333331,71.86629526462393,rooms_mean (40.2 %); elevator_ratio (31.8 %); commute_daily_minutes (17.6 %)
DEST_002,Nuevos Ministerios,CAR,Coche,time_priority,Prioridad al tiempo,extended,KNN_global,10,10,5,MAD-062,Cuatro Caminos,MAD-056,Castilla,Chamartín,False,1.111404196166567,0.497035066621391,6496.82,5913.07,-8.985165049978297,5.983333333333333,13.65,128.13370473537606,commute_daily_minutes (50.8 %); exterior_ratio (27.8 %); elevator_ratio (8.0 %)
DEST_002,Nuevos Ministerios,CAR,Coche,time_priority,Prioridad al tiempo,extended,KNN_global,10,10,6,MAD-062,Cuatro Caminos,MAD-073,Trafalgar,Chamberí,False,1.163892521461655,0.5205085592983786,6496.82,8568.41,31.88621510215767,5.983333333333333,9.95,66.29526462395542,price_m2_for_recommender (67.3 %); commute_daily_minutes (12.4 %); rooms_mean (10.7 %)
DEST_002,Nuevos Ministerios,CAR,Coche,time_priority,Prioridad al tiempo,extended,KNN_global,10,10,7,MAD-062,Cuatro Caminos,MAD-044,Guindalera,Salamanca,False,1.250873827596142,0.5594077819560651,6496.82,6722.25,3.4698514042254565,5.983333333333333,13.433333333333334,124.5125348189415,exterior_ratio (38.4 %); commute_daily_minutes (37.9 %); rooms_mean (21.4 %)
DEST_002,Nuevos Ministerios,CAR,Coche,time_priority,Prioridad al tiempo,extended,KNN_global,10,10,8,MAD-062,Cuatro Caminos,MAD-071,Gaztambide,Chamberí,False,1.257555484645241,0.5623959098288903,6496.82,7413.6,14.111211331081986,5.983333333333333,14.366666666666667,140.11142061281336,commute_daily_minutes (47.5 %); rooms_mean (29.7 %); price_m2_for_recommender (11.3 %)
DEST_002,Nuevos Ministerios,CAR,Coche,time_priority,Prioridad al tiempo,extended,KNN_global,10,10,9,MAD-062,Cuatro Caminos,MAD-092,Argüelles,Moncloa - Aravaca,False,1.3354541492295806,0.5972332517022981,6496.82,7554.87,16.285659753540966,5.983333333333333,17.616666666666667,194.42896935933146,commute_daily_minutes (81.1 %); price_m2_for_recommender (13.3 %); elevator_ratio (3.7 %)
DEST_002,Nuevos Ministerios,CAR,Coche,time_priority,Prioridad al tiempo,extended,KNN_global,10,10,10,MAD-062,Cuatro Caminos,MAD-015,Universidad,Centro,False,1.3546747867807065,0.6058289821293387,6496.82,7135.43,9.829578162855068,5.983333333333333,14.533333333333331,142.8969359331476,commute_daily_minutes (42.6 %); elevator_ratio (24.4 %); rooms_mean (15.5 %)
DEST_002,Nuevos Ministerios,CAR,Coche,time_priority,Prioridad al tiempo,extended,Pareto_KNN,10,10,1,MAD-062,Cuatro Caminos,MAD-063,Castillejos,Tetuán,True,1.0084128983456193,0.450975958017678,6496.82,6438.0,-0.9053660098324983,5.983333333333333,9.633333333333333,61.002785515320326,exterior_ratio (81.5 %); commute_daily_minutes (14.0 %); elevator_ratio (4.4 %)
DEST_002,Nuevos Ministerios,CAR,Coche,time_priority,Prioridad al tiempo,extended,Pareto_KNN,10,10,2,MAD-062,Cuatro Caminos,MAD-061,Bellas Vistas,Tetuán,True,1.9479714142167872,0.8711593000830272,6496.82,5223.92,-19.59266225630385,5.983333333333333,10.733333333333334,79.38718662952648,exterior_ratio (43.8 %); rooms_mean (25.1 %); elevator_ratio (15.8 %)
DEST_002,Nuevos Ministerios,CAR,Coche,time_priority,Prioridad al tiempo,extended,Pareto_KNN,10,10,3,MAD-062,Cuatro Caminos,MAD-064,Almenara,Tetuán,True,2.0421649948137572,0.9132839499348133,6496.82,4987.49,-23.231827263184144,5.983333333333333,11.233333333333334,87.74373259052926,exterior_ratio (40.3 %); elevator_ratio (37.6 %); price_m2_for_recommender (11.6 %)
DEST_002,Nuevos Ministerios,CAR,Coche,time_priority,Prioridad al tiempo,extended,Pareto_KNN,10,10,4,MAD-062,Cuatro Caminos,MAD-066,Berruguete,Tetuán,True,2.1590609300325476,0.9655614014233387,6496.82,4789.99,-26.271776038123267,5.983333333333333,13.35,123.11977715877437,elevator_ratio (41.6 %); rooms_mean (32.7 %); price_m2_for_recommender (13.3 %)
DEST_002,Nuevos Ministerios,CAR,Coche,time_priority,Prioridad al tiempo,extended,Pareto_KNN,10,10,5,MAD-062,Cuatro Caminos,MAD-094,Valdezarza,Moncloa - Aravaca,True,2.373673411150548,1.0615390207432864,6496.82,4484.04,-30.981003013782125,5.983333333333333,16.666666666666664,178.55153203342613,exterior_ratio (57.4 %); commute_daily_minutes (21.6 %); price_m2_for_recommender (15.3 %)
DEST_002,Nuevos Ministerios,CAR,Coche,time_priority,Prioridad al tiempo,extended,Pareto_KNN,10,10,6,MAD-062,Cuatro Caminos,MAD-165,Apóstol Santiago,Hortaleza,True,2.6392857081216476,1.1803244510807345,6496.82,4162.46,-35.93080922666781,5.983333333333333,21.266666666666666,255.43175487465174,exterior_ratio (46.4 %); commute_daily_minutes (35.8 %); price_m2_for_recommender (16.6 %)
DEST_002,Nuevos Ministerios,CAR,Coche,time_priority,Prioridad al tiempo,extended,Pareto_KNN,10,10,7,MAD-062,Cuatro Caminos,MAD-144,Media Legua,Moratalaz,True,2.7084884305948687,1.2112728494163694,6496.82,3876.72,-40.32896093781265,5.983333333333333,21.58333333333333,260.7242339832868,exterior_ratio (44.1 %); commute_daily_minutes (35.4 %); price_m2_for_recommender (19.9 %)
DEST_002,Nuevos Ministerios,CAR,Coche,time_priority,Prioridad al tiempo,extended,Pareto_KNN,10,10,8,MAD-062,Cuatro Caminos,MAD-201,Simancas,San Blas - Canillejas,True,2.8544457687537914,1.2765469554040245,6496.82,3690.7,-43.19220788016291,5.983333333333333,24.1,302.7855153203343,commute_daily_minutes (43.0 %); exterior_ratio (22.2 %); price_m2_for_recommender (20.5 %)
DEST_002,Nuevos Ministerios,CAR,Coche,time_priority,Prioridad al tiempo,extended,Pareto_KNN,10,10,9,MAD-062,Cuatro Caminos,MAD-153,Quintana,Ciudad Lineal,True,2.908085888605655,1.300535546266025,6496.82,4436.01,-31.720287771555924,5.983333333333333,20.416666666666664,241.22562674094704,elevator_ratio (32.9 %); commute_daily_minutes (26.3 %); rooms_mean (16.7 %)
DEST_002,Nuevos Ministerios,CAR,Coche,time_priority,Prioridad al tiempo,extended,Pareto_KNN,10,10,10,MAD-062,Cuatro Caminos,MAD-136,Numancia,Puente de Vallecas,True,3.1359495070659418,1.4024392543612805,6496.82,3239.46,-50.13775970397825,5.983333333333333,24.300000000000004,306.12813370473543,commute_daily_minutes (36.4 %); elevator_ratio (26.0 %); price_m2_for_recommender (22.9 %)
DEST_002,Nuevos Ministerios,TRANSIT,Transporte público,price_priority,Prioridad al precio,extended,KNN_global,10,9,1,MAD-202,Hellín,MAD-203,Amposta,San Blas - Canillejas,False,0.558573667648313,0.24980173826060056,2498.86,2544.1,1.8104255540526393,120.65,128.01666666666665,6.105815720403353,elevator_ratio (87.9 %); commute_daily_minutes (9.3 %); rooms_mean (2.6 %)
DEST_002,Nuevos Ministerios,TRANSIT,Transporte público,price_priority,Prioridad al precio,extended,KNN_global,10,9,2,MAD-202,Hellín,MAD-174,Los Rosales,Villaverde,False,0.9609100671313445,0.4297320460739145,2498.86,2807.4,12.347230337033686,120.65,154.21666666666667,27.82152230971128,commute_daily_minutes (65.3 %); elevator_ratio (19.8 %); exterior_ratio (8.5 %)
DEST_002,Nuevos Ministerios,TRANSIT,Transporte público,price_priority,Prioridad al precio,extended,KNN_global,10,9,3,MAD-202,Hellín,MAD-145,Fontarrón,Moratalaz,False,0.9876428411805417,0.44168730607414397,2498.86,3770.04,50.87039690098684,120.65,138.48333333333335,14.781047105953869,price_m2_for_recommender (36.1 %); elevator_ratio (30.8 %); commute_daily_minutes (17.4 %)
DEST_002,Nuevos Ministerios,TRANSIT,Transporte público,price_priority,Prioridad al precio,extended,KNN_global,10,9,4,MAD-202,Hellín,MAD-172,San Cristóbal,Villaverde,True,1.2710560038119636,0.5684335255465565,2498.86,1909.6,-23.581153005770638,120.65,174.28333333333336,44.45365381958836,commute_daily_minutes (95.3 %); price_m2_for_recommender (4.7 %); rooms_mean (0.0 %)
DEST_002,Nuevos Ministerios,TRANSIT,Transporte público,price_priority,Prioridad al precio,extended,KNN_global,10,9,5,MAD-202,Hellín,MAD-127,Pradolongo,Usera,False,1.3609761018221387,0.6086470158853955,2498.86,3390.16,35.66826472871628,120.65,157.31666666666666,30.390937974858396,exterior_ratio (45.7 %); commute_daily_minutes (38.8 %); price_m2_for_recommender (9.4 %)
DEST_002,Nuevos Ministerios,TRANSIT,Transporte público,price_priority,Prioridad al precio,extended,KNN_global,10,9,6,MAD-202,Hellín,MAD-126,Zofío,Usera,False,1.401855958469206,0.6269290435600533,2498.86,3089.05,23.61836997670938,120.65,164.7,36.510567757977604,commute_daily_minutes (52.8 %); elevator_ratio (29.9 %); exterior_ratio (7.8 %)
DEST_002,Nuevos Ministerios,TRANSIT,Transporte público,price_priority,Prioridad al precio,extended,KNN_global,10,9,7,MAD-202,Hellín,MAD-131,Entrevías,Puente de Vallecas,True,1.4276043178426852,0.6384440599336919,2498.86,2430.16,-2.74925365966882,120.65,150.16666666666669,24.464705069761024,exterior_ratio (52.3 %); commute_daily_minutes (22.9 %); rooms_mean (12.8 %)
DEST_002,Nuevos Ministerios,TRANSIT,Transporte público,price_priority,Prioridad al precio,extended,KNN_global,10,9,8,MAD-202,Hellín,MAD-141,Pavones,Moratalaz,False,1.5418625245979412,0.6895418833920876,2498.86,3721.75,48.93791568955443,120.65,142.46666666666667,18.082608095040747,elevator_ratio (72.1 %); price_m2_for_recommender (13.7 %); commute_daily_minutes (10.7 %)
DEST_002,Nuevos Ministerios,TRANSIT,Transporte público,price_priority,Prioridad al precio,extended,KNN_global,10,9,9,MAD-202,Hellín,MAD-135,Portazgo,Puente de Vallecas,False,1.5727900690060395,0.7033731017268179,2498.86,2703.76,8.199739081020947,120.65,153.83333333333331,27.503798867246836,elevator_ratio (43.4 %); exterior_ratio (29.4 %); commute_daily_minutes (23.8 %)
DEST_002,Nuevos Ministerios,TRANSIT,Transporte público,price_priority,Prioridad al precio,extended,Pareto_KNN,10,9,1,MAD-202,Hellín,MAD-172,San Cristóbal,Villaverde,True,1.271056003811963,0.5684335255465561,2498.86,1909.6,-23.581153005770638,120.65,174.28333333333336,44.45365381958836,commute_daily_minutes (95.3 %); price_m2_for_recommender (4.7 %); rooms_mean (0.0 %)
DEST_002,Nuevos Ministerios,TRANSIT,Transporte público,price_priority,Prioridad al precio,extended,Pareto_KNN,10,9,2,MAD-202,Hellín,MAD-131,Entrevías,Puente de Vallecas,True,1.4276043178426852,0.6384440599336919,2498.86,2430.16,-2.74925365966882,120.65,150.16666666666669,24.464705069761024,exterior_ratio (52.3 %); commute_daily_minutes (22.9 %); rooms_mean (12.8 %)
DEST_002,Nuevos Ministerios,TRANSIT,Transporte público,price_priority,Prioridad al precio,extended,Pareto_KNN,10,9,3,MAD-202,Hellín,MAD-207,Canillejas,San Blas - Canillejas,True,1.6993759935238153,0.7599840481700987,2498.86,3409.64,36.44782020601393,120.65,86.01666666666667,-28.705622323525354,rooms_mean (28.2 %); elevator_ratio (23.6 %); commute_daily_minutes (22.2 %)
DEST_002,Nuevos Ministerios,TRANSIT,Transporte público,price_priority,Prioridad al precio,extended,Pareto_KNN,10,9,4,MAD-202,Hellín,MAD-064,Almenara,Tetuán,True,2.4272231954200856,1.0854872123047135,2498.86,4987.49,99.59061331967375,120.65,58.55,-51.47119767923747,elevator_ratio (37.1 %); commute_daily_minutes (35.0 %); price_m2_for_recommender (22.9 %)
DEST_002,Nuevos Ministerios,TRANSIT,Transporte público,price_priority,Prioridad al precio,extended,Pareto_KNN,10,9,5,MAD-202,Hellín,MAD-066,Berruguete,Tetuán,True,2.9035942507980206,1.2985268247723893,2498.86,4789.99,91.68700927622994,120.65,63.35,-47.49274761707418,exterior_ratio (38.7 %); elevator_ratio (21.2 %); commute_daily_minutes (20.8 %)
DEST_002,Nuevos Ministerios,TRANSIT,Transporte público,price_priority,Prioridad al precio,extended,Pareto_KNN,10,9,6,MAD-202,Hellín,MAD-206,Rejas,San Blas - Canillejas,True,3.316796557252058,1.4833165139105748,2498.86,3580.16,43.271731909750834,120.65,82.26666666666665,-31.813786434590426,elevator_ratio (88.8 %); commute_daily_minutes (7.2 %); price_m2_for_recommender (2.3 %)
DEST_002,Nuevos Ministerios,TRANSIT,Transporte público,price_priority,Prioridad al precio,extended,Pareto_KNN,10,9,7,MAD-202,Hellín,MAD-063,Castillejos,Tetuán,True,4.0318695133746205,1.8031068616629298,2498.86,6438.0,157.6374826921076,120.65,46.61666666666667,-61.36206658378229,elevator_ratio (54.1 %); price_m2_for_recommender (20.8 %); commute_daily_minutes (18.0 %)
DEST_002,Nuevos Ministerios,TRANSIT,Transporte público,price_priority,Prioridad al precio,extended,Pareto_KNN,10,9,8,MAD-202,Hellín,MAD-061,Bellas Vistas,Tetuán,True,4.290400059986213,1.9187252369596697,2498.86,5223.92,109.05212777026324,120.65,49.8,-58.72358060505595,exterior_ratio (54.6 %); elevator_ratio (21.0 %); commute_daily_minutes (14.6 %)
DEST_002,Nuevos Ministerios,TRANSIT,Transporte público,price_priority,Prioridad al precio,extended,Pareto_KNN,10,9,9,MAD-202,Hellín,MAD-074,Almagro,Chamberí,True,5.703555667789006,2.550707637326085,2498.86,10795.41,332.0133981095379,120.65,44.96666666666667,-62.72965879265092,price_m2_for_recommender (46.1 %); elevator_ratio (34.5 %); commute_daily_minutes (9.4 %)
DEST_002,Nuevos Ministerios,TRANSIT,Transporte público,balanced,Perfil equilibrado,extended,KNN_global,10,9,1,MAD-061,Bellas Vistas,MAD-026,Palos de la Frontera,Arganzuela,False,1.2381769254545647,0.5537295546976192,5223.92,5784.65,10.733893321490367,49.8,89.03333333333333,78.78179384203482,commute_daily_minutes (53.7 %); elevator_ratio (38.0 %); price_m2_for_recommender (4.5 %)
DEST_002,Nuevos Ministerios,TRANSIT,Transporte público,balanced,Perfil equilibrado,extended,KNN_global,10,9,2,MAD-061,Bellas Vistas,MAD-015,Universidad,Centro,False,1.3501109519088166,0.6037879731270126,5223.92,7135.43,36.59148685278489,49.8,66.21666666666667,32.96519410977243,price_m2_for_recommender (43.7 %); exterior_ratio (37.3 %); rooms_mean (10.4 %)
DEST_002,Nuevos Ministerios,TRANSIT,Transporte público,balanced,Perfil equilibrado,extended,KNN_global,10,9,3,MAD-061,Bellas Vistas,MAD-066,Berruguete,Tetuán,True,1.5680175454645837,0.7012387643142353,5223.92,4789.99,-8.306597344522892,49.8,63.35,27.20883534136547,exterior_ratio (75.6 %); elevator_ratio (16.1 %); commute_daily_minutes (4.0 %)
DEST_002,Nuevos Ministerios,TRANSIT,Transporte público,balanced,Perfil equilibrado,extended,KNN_global,10,9,4,MAD-061,Bellas Vistas,MAD-012,Embajadores,Centro,False,1.5973325546381052,0.71434883496884,5223.92,6054.75,15.904340035835158,49.8,96.65,94.07630522088355,commute_daily_minutes (46.0 %); exterior_ratio (37.0 %); elevator_ratio (10.7 %)
DEST_002,Nuevos Ministerios,TRANSIT,Transporte público,balanced,Perfil equilibrado,extended,KNN_global,10,9,5,MAD-061,Bellas Vistas,MAD-022,Acacias,Arganzuela,False,1.6129983238199312,0.7213547799309169,5223.92,5736.45,9.81121456683869,49.8,116.71666666666668,134.3708165997323,commute_daily_minutes (92.1 %); elevator_ratio (4.1 %); price_m2_for_recommender (2.2 %)
DEST_002,Nuevos Ministerios,TRANSIT,Transporte público,balanced,Perfil equilibrado,extended,KNN_global,10,9,6,MAD-061,Bellas Vistas,MAD-011,Palacio,Centro,False,1.7491442078980175,0.7822410702619983,5223.92,6895.15,31.991875832707994,49.8,112.5,125.90361445783134,commute_daily_minutes (68.8 %); price_m2_for_recommender (19.9 %); exterior_ratio (9.1 %)
DEST_002,Nuevos Ministerios,TRANSIT,Transporte público,balanced,Perfil equilibrado,extended,KNN_global,10,9,7,MAD-061,Bellas Vistas,MAD-043,Fuente del Berro,Salamanca,False,1.775420825958267,0.7939923311023016,5223.92,7598.53,45.4564771282868,49.8,74.1,48.79518072289156,price_m2_for_recommender (39.0 %); elevator_ratio (27.6 %); exterior_ratio (20.2 %)
DEST_002,Nuevos Ministerios,TRANSIT,Transporte público,balanced,Perfil equilibrado,extended,KNN_global,10,9,8,MAD-061,Bellas Vistas,MAD-031,Pacífico,Retiro,False,1.895978417341093,0.8479073250094299,5223.92,6286.22,20.335303756565953,49.8,104.15,109.13654618473898,commute_daily_minutes (44.0 %); elevator_ratio (26.4 %); exterior_ratio (20.3 %)
DEST_002,Nuevos Ministerios,TRANSIT,Transporte público,balanced,Perfil equilibrado,extended,KNN_global,10,9,9,MAD-061,Bellas Vistas,MAD-025,Delicias,Arganzuela,False,1.952096707771514,0.8730041874461294,5223.92,5426.01,3.8685508200738172,49.8,117.28333333333332,135.50870147255688,commute_daily_minutes (64.0 %); exterior_ratio (33.6 %); rooms_mean (1.5 %)
DEST_002,Nuevos Ministerios,TRANSIT,Transporte público,balanced,Perfil equilibrado,extended,Pareto_KNN,10,9,1,MAD-061,Bellas Vistas,MAD-066,Berruguete,Tetuán,True,1.5680175454645837,0.7012387643142353,5223.92,4789.99,-8.306597344522892,49.8,63.35,27.20883534136547,exterior_ratio (75.6 %); elevator_ratio (16.1 %); commute_daily_minutes (4.0 %)
DEST_002,Nuevos Ministerios,TRANSIT,Transporte público,balanced,Perfil equilibrado,extended,Pareto_KNN,10,9,2,MAD-061,Bellas Vistas,MAD-063,Castillejos,Tetuán,True,2.722025619003796,1.2173268641176862,5223.92,6438.0,23.240784698081136,49.8,46.61666666666667,-6.392235609103073,exterior_ratio (68.8 %); elevator_ratio (13.5 %); rooms_mean (13.3 %)
DEST_002,Nuevos Ministerios,TRANSIT,Transporte público,balanced,Perfil equilibrado,extended,Pareto_KNN,10,9,3,MAD-061,Bellas Vistas,MAD-064,Almenara,Tetuán,True,2.7707099641934163,1.2390991651744974,5223.92,4987.49,-4.525911575981261,49.8,58.55,17.570281124497992,exterior_ratio (91.7 %); rooms_mean (4.5 %); elevator_ratio (3.1 %)
DEST_002,Nuevos Ministerios,TRANSIT,Transporte público,balanced,Perfil equilibrado,extended,Pareto_KNN,10,9,4,MAD-061,Bellas Vistas,MAD-206,Rejas,San Blas - Canillejas,True,3.1841831938683227,1.4240100148603922,5223.92,3580.16,-31.466025513407562,49.8,82.26666666666665,65.194109772423,exterior_ratio (73.7 %); elevator_ratio (13.3 %); price_m2_for_recommender (5.8 %)
DEST_002,Nuevos Ministerios,TRANSIT,Transporte público,balanced,Perfil equilibrado,extended,Pareto_KNN,10,9,5,MAD-061,Bellas Vistas,MAD-207,Canillejas,San Blas - Canillejas,True,3.2163707728974154,1.4384047378084317,5223.92,3409.64,-34.730240891897274,49.8,86.01666666666667,72.72423025435074,exterior_ratio (56.4 %); rooms_mean (17.3 %); elevator_ratio (12.6 %)
DEST_002,Nuevos Ministerios,TRANSIT,Transporte público,balanced,Perfil equilibrado,extended,Pareto_KNN,10,9,6,MAD-061,Bellas Vistas,MAD-074,Almagro,Chamberí,True,3.826142958362577,1.7111031493061737,5223.92,10795.41,106.65343267125071,49.8,44.96666666666667,-9.705488621151263,price_m2_for_recommender (46.2 %); exterior_ratio (22.6 %); rooms_mean (18.0 %)
DEST_002,Nuevos Ministerios,TRANSIT,Transporte público,balanced,Perfil equilibrado,extended,Pareto_KNN,10,9,7,MAD-061,Bellas Vistas,MAD-131,Entrevías,Puente de Vallecas,True,3.8376137642276507,1.7162330496403755,5223.92,2430.16,-53.48014517833351,49.8,150.16666666666669,201.5394912985275,commute_daily_minutes (36.6 %); exterior_ratio (31.0 %); elevator_ratio (14.7 %)
DEST_002,Nuevos Ministerios,TRANSIT,Transporte público,balanced,Perfil equilibrado,extended,Pareto_KNN,10,9,8,MAD-061,Bellas Vistas,MAD-202,Hellín,San Blas - Canillejas,True,4.290400059986213,1.9187252369596697,5223.92,2498.86,-52.165040812263584,49.8,120.65,142.26907630522092,exterior_ratio (54.6 %); elevator_ratio (21.0 %); commute_daily_minutes (14.6 %)
DEST_002,Nuevos Ministerios,TRANSIT,Transporte público,balanced,Perfil equilibrado,extended,Pareto_KNN,10,9,9,MAD-061,Bellas Vistas,MAD-172,San Cristóbal,Villaverde,True,4.972753512252972,2.2238829777496956,5223.92,1909.6,-63.445075728571645,49.8,174.28333333333336,249.96653279785815,exterior_ratio (40.6 %); commute_daily_minutes (33.5 %); elevator_ratio (15.4 %)
DEST_002,Nuevos Ministerios,TRANSIT,Transporte público,time_priority,Prioridad al tiempo,extended,KNN_global,10,9,1,MAD-061,Bellas Vistas,MAD-026,Palos de la Frontera,Arganzuela,False,1.2381769254545647,0.5537295546976192,5223.92,5784.65,10.733893321490367,49.8,89.03333333333333,78.78179384203482,commute_daily_minutes (53.7 %); elevator_ratio (38.0 %); price_m2_for_recommender (4.5 %)
DEST_002,Nuevos Ministerios,TRANSIT,Transporte público,time_priority,Prioridad al tiempo,extended,KNN_global,10,9,2,MAD-061,Bellas Vistas,MAD-015,Universidad,Centro,False,1.3501109519088166,0.6037879731270126,5223.92,7135.43,36.59148685278489,49.8,66.21666666666667,32.96519410977243,price_m2_for_recommender (43.7 %); exterior_ratio (37.3 %); rooms_mean (10.4 %)
DEST_002,Nuevos Ministerios,TRANSIT,Transporte público,time_priority,Prioridad al tiempo,extended,KNN_global,10,9,3,MAD-061,Bellas Vistas,MAD-066,Berruguete,Tetuán,True,1.5680175454645837,0.7012387643142353,5223.92,4789.99,-8.306597344522892,49.8,63.35,27.20883534136547,exterior_ratio (75.6 %); elevator_ratio (16.1 %); commute_daily_minutes (4.0 %)
DEST_002,Nuevos Ministerios,TRANSIT,Transporte público,time_priority,Prioridad al tiempo,extended,KNN_global,10,9,4,MAD-061,Bellas Vistas,MAD-012,Embajadores,Centro,False,1.5973325546381052,0.71434883496884,5223.92,6054.75,15.904340035835158,49.8,96.65,94.07630522088355,commute_daily_minutes (46.0 %); exterior_ratio (37.0 %); elevator_ratio (10.7 %)
DEST_002,Nuevos Ministerios,TRANSIT,Transporte público,time_priority,Prioridad al tiempo,extended,KNN_global,10,9,5,MAD-061,Bellas Vistas,MAD-022,Acacias,Arganzuela,False,1.6129983238199312,0.7213547799309169,5223.92,5736.45,9.81121456683869,49.8,116.71666666666668,134.3708165997323,commute_daily_minutes (92.1 %); elevator_ratio (4.1 %); price_m2_for_recommender (2.2 %)
DEST_002,Nuevos Ministerios,TRANSIT,Transporte público,time_priority,Prioridad al tiempo,extended,KNN_global,10,9,6,MAD-061,Bellas Vistas,MAD-011,Palacio,Centro,False,1.7491442078980175,0.7822410702619983,5223.92,6895.15,31.991875832707994,49.8,112.5,125.90361445783134,commute_daily_minutes (68.8 %); price_m2_for_recommender (19.9 %); exterior_ratio (9.1 %)
DEST_002,Nuevos Ministerios,TRANSIT,Transporte público,time_priority,Prioridad al tiempo,extended,KNN_global,10,9,7,MAD-061,Bellas Vistas,MAD-043,Fuente del Berro,Salamanca,False,1.775420825958267,0.7939923311023016,5223.92,7598.53,45.4564771282868,49.8,74.1,48.79518072289156,price_m2_for_recommender (39.0 %); elevator_ratio (27.6 %); exterior_ratio (20.2 %)
DEST_002,Nuevos Ministerios,TRANSIT,Transporte público,time_priority,Prioridad al tiempo,extended,KNN_global,10,9,8,MAD-061,Bellas Vistas,MAD-031,Pacífico,Retiro,False,1.895978417341093,0.8479073250094299,5223.92,6286.22,20.335303756565953,49.8,104.15,109.13654618473898,commute_daily_minutes (44.0 %); elevator_ratio (26.4 %); exterior_ratio (20.3 %)
DEST_002,Nuevos Ministerios,TRANSIT,Transporte público,time_priority,Prioridad al tiempo,extended,KNN_global,10,9,9,MAD-061,Bellas Vistas,MAD-025,Delicias,Arganzuela,False,1.952096707771514,0.8730041874461294,5223.92,5426.01,3.8685508200738172,49.8,117.28333333333332,135.50870147255688,commute_daily_minutes (64.0 %); exterior_ratio (33.6 %); rooms_mean (1.5 %)
DEST_002,Nuevos Ministerios,TRANSIT,Transporte público,time_priority,Prioridad al tiempo,extended,Pareto_KNN,10,9,1,MAD-061,Bellas Vistas,MAD-066,Berruguete,Tetuán,True,1.5680175454645837,0.7012387643142353,5223.92,4789.99,-8.306597344522892,49.8,63.35,27.20883534136547,exterior_ratio (75.6 %); elevator_ratio (16.1 %); commute_daily_minutes (4.0 %)
DEST_002,Nuevos Ministerios,TRANSIT,Transporte público,time_priority,Prioridad al tiempo,extended,Pareto_KNN,10,9,2,MAD-061,Bellas Vistas,MAD-063,Castillejos,Tetuán,True,2.722025619003796,1.2173268641176862,5223.92,6438.0,23.240784698081136,49.8,46.61666666666667,-6.392235609103073,exterior_ratio (68.8 %); elevator_ratio (13.5 %); rooms_mean (13.3 %)
DEST_002,Nuevos Ministerios,TRANSIT,Transporte público,time_priority,Prioridad al tiempo,extended,Pareto_KNN,10,9,3,MAD-061,Bellas Vistas,MAD-064,Almenara,Tetuán,True,2.7707099641934163,1.2390991651744974,5223.92,4987.49,-4.525911575981261,49.8,58.55,17.570281124497992,exterior_ratio (91.7 %); rooms_mean (4.5 %); elevator_ratio (3.1 %)
DEST_002,Nuevos Ministerios,TRANSIT,Transporte público,time_priority,Prioridad al tiempo,extended,Pareto_KNN,10,9,4,MAD-061,Bellas Vistas,MAD-206,Rejas,San Blas - Canillejas,True,3.1841831938683227,1.4240100148603922,5223.92,3580.16,-31.466025513407562,49.8,82.26666666666665,65.194109772423,exterior_ratio (73.7 %); elevator_ratio (13.3 %); price_m2_for_recommender (5.8 %)
DEST_002,Nuevos Ministerios,TRANSIT,Transporte público,time_priority,Prioridad al tiempo,extended,Pareto_KNN,10,9,5,MAD-061,Bellas Vistas,MAD-207,Canillejas,San Blas - Canillejas,True,3.2163707728974154,1.4384047378084317,5223.92,3409.64,-34.730240891897274,49.8,86.01666666666667,72.72423025435074,exterior_ratio (56.4 %); rooms_mean (17.3 %); elevator_ratio (12.6 %)
DEST_002,Nuevos Ministerios,TRANSIT,Transporte público,time_priority,Prioridad al tiempo,extended,Pareto_KNN,10,9,6,MAD-061,Bellas Vistas,MAD-074,Almagro,Chamberí,True,3.826142958362577,1.7111031493061737,5223.92,10795.41,106.65343267125071,49.8,44.96666666666667,-9.705488621151263,price_m2_for_recommender (46.2 %); exterior_ratio (22.6 %); rooms_mean (18.0 %)
DEST_002,Nuevos Ministerios,TRANSIT,Transporte público,time_priority,Prioridad al tiempo,extended,Pareto_KNN,10,9,7,MAD-061,Bellas Vistas,MAD-131,Entrevías,Puente de Vallecas,True,3.8376137642276507,1.7162330496403755,5223.92,2430.16,-53.48014517833351,49.8,150.16666666666669,201.5394912985275,commute_daily_minutes (36.6 %); exterior_ratio (31.0 %); elevator_ratio (14.7 %)
DEST_002,Nuevos Ministerios,TRANSIT,Transporte público,time_priority,Prioridad al tiempo,extended,Pareto_KNN,10,9,8,MAD-061,Bellas Vistas,MAD-202,Hellín,San Blas - Canillejas,True,4.290400059986213,1.9187252369596697,5223.92,2498.86,-52.165040812263584,49.8,120.65,142.26907630522092,exterior_ratio (54.6 %); elevator_ratio (21.0 %); commute_daily_minutes (14.6 %)
DEST_002,Nuevos Ministerios,TRANSIT,Transporte público,time_priority,Prioridad al tiempo,extended,Pareto_KNN,10,9,9,MAD-061,Bellas Vistas,MAD-172,San Cristóbal,Villaverde,True,4.972753512252972,2.2238829777496956,5223.92,1909.6,-63.445075728571645,49.8,174.28333333333336,249.96653279785815,exterior_ratio (40.6 %); commute_daily_minutes (33.5 %); elevator_ratio (15.4 %)
DEST_002,Nuevos Ministerios,WALK,A pie,price_priority,Prioridad al precio,extended,KNN_global,10,10,1,MAD-203,Amposta,MAD-202,Hellín,San Blas - Canillejas,True,0.5447343020175344,0.24361258579742154,2544.1,2498.86,-1.7782319877363226,217.2,233.76666666666668,7.627378759975457,elevator_ratio (87.8 %); commute_daily_minutes (9.2 %); rooms_mean (2.8 %)
DEST_002,Nuevos Ministerios,WALK,A pie,price_priority,Prioridad al precio,extended,KNN_global,10,10,2,MAD-203,Amposta,MAD-127,Pradolongo,Usera,False,1.1114236147054575,0.49704375085598757,2544.1,3390.16,33.25576824810346,217.2,243.65,12.177716390423582,exterior_ratio (67.6 %); price_m2_for_recommender (12.4 %); elevator_ratio (10.7 %)
DEST_002,Nuevos Ministerios,WALK,A pie,price_priority,Prioridad al precio,extended,KNN_global,10,10,3,MAD-203,Amposta,MAD-145,Fontarrón,Moratalaz,False,1.2275611141395406,0.5489820195502781,2544.1,3770.04,48.18757124326874,217.2,222.8,2.578268876611429,elevator_ratio (72.4 %); price_m2_for_recommender (21.4 %); rooms_mean (6.1 %)
DEST_002,Nuevos Ministerios,WALK,A pie,price_priority,Prioridad al precio,extended,KNN_global,10,10,4,MAD-203,Amposta,MAD-126,Zofío,Usera,False,1.3852850705753286,0.6195183172044056,2544.1,3089.05,21.4201485790653,217.2,242.43333333333337,11.61755678330266,elevator_ratio (82.4 %); exterior_ratio (7.9 %); commute_daily_minutes (3.3 %)
DEST_002,Nuevos Ministerios,WALK,A pie,price_priority,Prioridad al precio,extended,KNN_global,10,10,5,MAD-203,Amposta,MAD-174,Los Rosales,Villaverde,False,1.4375856739116164,0.642907858069244,2544.1,2807.4,10.349435949844747,217.2,322.2833333333333,48.380908532842234,commute_daily_minutes (53.4 %); elevator_ratio (41.6 %); exterior_ratio (3.8 %)
DEST_002,Nuevos Ministerios,WALK,A pie,price_priority,Prioridad al precio,extended,KNN_global,10,10,6,MAD-203,Amposta,MAD-131,Entrevías,Puente de Vallecas,True,1.5700720814938678,0.7021575807589755,2544.1,2430.16,-4.4785975394049,217.2,267.1166666666667,22.981890730509527,exterior_ratio (42.7 %); elevator_ratio (39.8 %); commute_daily_minutes (10.1 %)
DEST_002,Nuevos Ministerios,WALK,A pie,price_priority,Prioridad al precio,extended,KNN_global,10,10,7,MAD-203,Amposta,MAD-115,Puerta Bonita,Carabanchel,False,1.5916349590130088,0.7118007927436358,2544.1,2905.06,14.188121536103141,217.2,269.76666666666665,24.20196439533456,elevator_ratio (75.0 %); exterior_ratio (13.0 %); commute_daily_minutes (10.9 %)
DEST_002,Nuevos Ministerios,WALK,A pie,price_priority,Prioridad al precio,extended,KNN_global,10,10,8,MAD-203,Amposta,MAD-172,San Cristóbal,Villaverde,True,1.6082738003919823,0.71924190882168,2544.1,1909.6,-24.940057387681303,217.2,366.1166666666667,68.56200122774709,commute_daily_minutes (85.7 %); elevator_ratio (10.6 %); price_m2_for_recommender (3.3 %)
DEST_002,Nuevos Ministerios,WALK,A pie,price_priority,Prioridad al precio,extended,KNN_global,10,10,9,MAD-203,Amposta,MAD-207,Canillejas,San Blas - Canillejas,False,1.776967523843902,0.7946840354248886,2544.1,3409.64,34.02146142054165,217.2,237.06666666666663,9.146715776550023,elevator_ratio (54.8 %); rooms_mean (21.1 %); exterior_ratio (17.8 %)
DEST_002,Nuevos Ministerios,WALK,A pie,price_priority,Prioridad al precio,extended,KNN_global,10,10,10,MAD-203,Amposta,MAD-135,Portazgo,Puente de Vallecas,False,1.7826675755214096,0.7972331760301223,2544.1,2703.76,6.275696710034995,217.2,250.2,15.193370165745858,elevator_ratio (72.8 %); exterior_ratio (22.6 %); commute_daily_minutes (3.4 %)
DEST_002,Nuevos Ministerios,WALK,A pie,price_priority,Prioridad al precio,extended,Pareto_KNN,10,10,1,MAD-203,Amposta,MAD-202,Hellín,San Blas - Canillejas,True,0.5447343020175336,0.24361258579742118,2544.1,2498.86,-1.7782319877363226,217.2,233.76666666666668,7.627378759975457,elevator_ratio (87.8 %); commute_daily_minutes (9.2 %); rooms_mean (2.8 %)
DEST_002,Nuevos Ministerios,WALK,A pie,price_priority,Prioridad al precio,extended,Pareto_KNN,10,10,2,MAD-203,Amposta,MAD-131,Entrevías,Puente de Vallecas,True,1.570072081493868,0.7021575807589756,2544.1,2430.16,-4.4785975394049,217.2,267.1166666666667,22.981890730509527,exterior_ratio (42.7 %); elevator_ratio (39.8 %); commute_daily_minutes (10.1 %)
DEST_002,Nuevos Ministerios,WALK,A pie,price_priority,Prioridad al precio,extended,Pareto_KNN,10,10,3,MAD-203,Amposta,MAD-172,San Cristóbal,Villaverde,True,1.6082738003919819,0.7192419088216798,2544.1,1909.6,-24.940057387681303,217.2,366.1166666666667,68.56200122774709,commute_daily_minutes (85.7 %); elevator_ratio (10.6 %); price_m2_for_recommender (3.3 %)
DEST_002,Nuevos Ministerios,WALK,A pie,price_priority,Prioridad al precio,extended,Pareto_KNN,10,10,4,MAD-203,Amposta,MAD-112,Opañel,Carabanchel,True,1.9380131646484708,0.8667058354886946,2544.1,3500.89,37.608191501906376,217.2,204.93333333333337,-5.647636586863087,elevator_ratio (88.1 %); exterior_ratio (6.1 %); price_m2_for_recommender (5.2 %)
DEST_002,Nuevos Ministerios,WALK,A pie,price_priority,Prioridad al precio,extended,Pareto_KNN,10,10,5,MAD-203,Amposta,MAD-152,Pueblo Nuevo,Ciudad Lineal,True,2.1154610792251893,0.9460629553805182,2544.1,3794.82,49.16158956015881,217.2,181.56666666666663,-16.405770411295283,elevator_ratio (83.7 %); price_m2_for_recommender (7.5 %); rooms_mean (5.2 %)
DEST_002,Nuevos Ministerios,WALK,A pie,price_priority,Prioridad al precio,extended,Pareto_KNN,10,10,6,MAD-203,Amposta,MAD-136,Numancia,Puente de Vallecas,True,2.242386275004955,1.0028256285447235,2544.1,3239.46,27.332258952085223,217.2,211.5833333333333,-2.585942295887064,elevator_ratio (51.4 %); exterior_ratio (37.6 %); rooms_mean (8.8 %)
DEST_002,Nuevos Ministerios,WALK,A pie,price_priority,Prioridad al precio,extended,Pareto_KNN,10,10,7,MAD-203,Amposta,MAD-113,San Isidro,Carabanchel,True,2.259677673471472,1.0105585770241567,2544.1,3670.03,44.25651507409301,217.2,200.9,-7.504604051565369,elevator_ratio (90.8 %); price_m2_for_recommender (5.3 %); rooms_mean (3.0 %)
DEST_002,Nuevos Ministerios,WALK,A pie,price_priority,Prioridad al precio,extended,Pareto_KNN,10,10,8,MAD-203,Amposta,MAD-125,Moscardó,Usera,True,2.411430205913039,1.078424372683574,2544.1,3739.18,46.974568609724464,217.2,198.51666666666668,-8.601903007980345,elevator_ratio (64.2 %); exterior_ratio (28.5 %); price_m2_for_recommender (5.3 %)
DEST_002,Nuevos Ministerios,WALK,A pie,price_priority,Prioridad al precio,extended,Pareto_KNN,10,10,9,MAD-203,Amposta,MAD-151,Ventas,Ciudad Lineal,True,2.527521952592425,1.1303421801239326,2544.1,4133.07,62.457057505601185,217.2,152.65,-29.719152854511965,elevator_ratio (80.5 %); price_m2_for_recommender (8.5 %); commute_daily_minutes (6.5 %)
DEST_002,Nuevos Ministerios,WALK,A pie,price_priority,Prioridad al precio,extended,Pareto_KNN,10,10,10,MAD-203,Amposta,MAD-094,Valdezarza,Moncloa - Aravaca,True,3.1764413914199396,1.4205477755518003,2544.1,4484.04,76.25250579772808,217.2,98.9,-54.4659300184162,elevator_ratio (78.1 %); commute_daily_minutes (13.9 %); price_m2_for_recommender (8.0 %)
DEST_002,Nuevos Ministerios,WALK,A pie,balanced,Perfil equilibrado,extended,KNN_global,10,10,1,MAD-066,Berruguete,MAD-153,Quintana,Ciudad Lineal,False,1.3590927514126878,0.6078047559771986,4789.99,4436.01,-7.389994551136841,61.133333333333326,141.8,131.9520174482007,exterior_ratio (59.2 %); commute_daily_minutes (35.2 %); elevator_ratio (4.1 %)
DEST_002,Nuevos Ministerios,WALK,A pie,balanced,Perfil equilibrado,extended,KNN_global,10,10,2,MAD-066,Berruguete,MAD-065,Valdeacederas,Tetuán,False,1.3895915445514482,0.6214442309151931,4789.99,5274.19,10.108580602464722,61.133333333333326,87.9,43.78407851690297,exterior_ratio (83.0 %); elevator_ratio (10.5 %); commute_daily_minutes (3.7 %)
DEST_002,Nuevos Ministerios,WALK,A pie,balanced,Perfil equilibrado,extended,KNN_global,10,10,3,MAD-066,Berruguete,MAD-061,Bellas Vistas,Tetuán,True,1.5253838165979228,0.6821723811382054,4789.99,5223.92,9.059100332151013,61.133333333333326,50.86666666666667,-16.793893129770982,exterior_ratio (78.8 %); elevator_ratio (16.2 %); rooms_mean (2.8 %)
DEST_002,Nuevos Ministerios,WALK,A pie,balanced,Perfil equilibrado,extended,KNN_global,10,10,4,MAD-066,Berruguete,MAD-064,Almenara,Tetuán,False,1.5586695584739008,0.697058217441445,4789.99,4987.49,4.123181885557172,61.133333333333326,81.6,33.47873500545257,exterior_ratio (67.7 %); rooms_mean (29.5 %); commute_daily_minutes (1.7 %)
DEST_002,Nuevos Ministerios,WALK,A pie,balanced,Perfil equilibrado,extended,KNN_global,10,10,5,MAD-066,Berruguete,MAD-015,Universidad,Centro,False,1.6012866670913517,0.7161171678160675,4789.99,7135.43,48.96544669195553,61.133333333333326,93.4,52.780806979280285,price_m2_for_recommender (45.9 %); elevator_ratio (20.0 %); rooms_mean (18.8 %)
DEST_002,Nuevos Ministerios,WALK,A pie,balanced,Perfil equilibrado,extended,KNN_global,10,10,6,MAD-066,Berruguete,MAD-125,Moscardó,Usera,True,1.625674221664643,0.7270236137822406,4789.99,3739.18,-21.937624086897888,61.133333333333326,198.51666666666668,224.7273718647765,commute_daily_minutes (71.4 %); exterior_ratio (9.8 %); rooms_mean (9.4 %)
DEST_002,Nuevos Ministerios,WALK,A pie,balanced,Perfil equilibrado,extended,KNN_global,10,10,7,MAD-066,Berruguete,MAD-111,Comillas,Carabanchel,False,1.709965398132005,0.764719773879131,4789.99,4105.51,-14.289800187474286,61.133333333333326,199.66666666666663,226.60850599781895,commute_daily_minutes (65.6 %); rooms_mean (15.1 %); exterior_ratio (15.0 %)
DEST_002,Nuevos Ministerios,WALK,A pie,balanced,Perfil equilibrado,extended,KNN_global,10,10,8,MAD-066,Berruguete,MAD-102,Puerta del Ángel,Latina,False,1.717922380566684,0.7682782446030737,4789.99,4033.3,-15.797318992315216,61.133333333333326,182.7333333333333,198.90948745910575,commute_daily_minutes (50.1 %); rooms_mean (24.3 %); exterior_ratio (17.2 %)
DEST_002,Nuevos Ministerios,WALK,A pie,balanced,Perfil equilibrado,extended,KNN_global,10,10,9,MAD-066,Berruguete,MAD-136,Numancia,Puente de Vallecas,True,1.7345256074570308,0.7757034333976074,4789.99,3239.46,-32.37021371652133,61.133333333333326,211.5833333333333,246.10141766630312,commute_daily_minutes (75.2 %); price_m2_for_recommender (17.1 %); exterior_ratio (5.8 %)
DEST_002,Nuevos Ministerios,WALK,A pie,balanced,Perfil equilibrado,extended,KNN_global,10,10,10,MAD-066,Berruguete,MAD-013,Cortes,Centro,False,1.7472460914367873,0.7813922067746939,4789.99,7246.75,51.2894598944883,61.133333333333326,105.3,72.24645583424211,price_m2_for_recommender (42.3 %); elevator_ratio (31.3 %); rooms_mean (19.5 %)
DEST_002,Nuevos Ministerios,WALK,A pie,balanced,Perfil equilibrado,extended,Pareto_KNN,10,10,1,MAD-066,Berruguete,MAD-061,Bellas Vistas,Tetuán,True,1.5253838165979225,0.6821723811382053,4789.99,5223.92,9.059100332151013,61.133333333333326,50.86666666666667,-16.793893129770982,exterior_ratio (78.8 %); elevator_ratio (16.2 %); rooms_mean (2.8 %)
DEST_002,Nuevos Ministerios,WALK,A pie,balanced,Perfil equilibrado,extended,Pareto_KNN,10,10,2,MAD-066,Berruguete,MAD-125,Moscardó,Usera,True,1.6256742216646431,0.7270236137822407,4789.99,3739.18,-21.937624086897888,61.133333333333326,198.51666666666668,224.7273718647765,commute_daily_minutes (71.4 %); exterior_ratio (9.8 %); rooms_mean (9.4 %)
DEST_002,Nuevos Ministerios,WALK,A pie,balanced,Perfil equilibrado,extended,Pareto_KNN,10,10,3,MAD-066,Berruguete,MAD-136,Numancia,Puente de Vallecas,True,1.734525607457031,0.7757034333976075,4789.99,3239.46,-32.37021371652133,61.133333333333326,211.5833333333333,246.10141766630312,commute_daily_minutes (75.2 %); price_m2_for_recommender (17.1 %); exterior_ratio (5.8 %)
DEST_002,Nuevos Ministerios,WALK,A pie,balanced,Perfil equilibrado,extended,Pareto_KNN,10,10,4,MAD-066,Berruguete,MAD-151,Ventas,Ciudad Lineal,True,1.788644723573922,0.799906237901522,4789.99,4133.07,-13.714433641823888,61.133333333333326,152.65,149.70010905125412,exterior_ratio (57.7 %); commute_daily_minutes (26.2 %); rooms_mean (6.9 %)
DEST_002,Nuevos Ministerios,WALK,A pie,balanced,Perfil equilibrado,extended,Pareto_KNN,10,10,5,MAD-066,Berruguete,MAD-062,Cuatro Caminos,Tetuán,True,2.040536844396323,0.9125558189326177,4789.99,6496.82,35.633268545445816,61.133333333333326,23.933333333333337,-60.850599781897486,elevator_ratio (45.7 %); rooms_mean (36.0 %); price_m2_for_recommender (15.0 %)
DEST_002,Nuevos Ministerios,WALK,A pie,balanced,Perfil equilibrado,extended,Pareto_KNN,10,10,6,MAD-066,Berruguete,MAD-152,Pueblo Nuevo,Ciudad Lineal,True,2.0898941522074557,0.9346290780230325,4789.99,3794.82,-20.77603502303762,61.133333333333326,181.56666666666663,197.00109051254086,exterior_ratio (59.5 %); commute_daily_minutes (33.2 %); price_m2_for_recommender (4.9 %)
DEST_002,Nuevos Ministerios,WALK,A pie,balanced,Perfil equilibrado,extended,Pareto_KNN,10,10,7,MAD-066,Berruguete,MAD-112,Opañel,Carabanchel,True,2.212192410089194,0.9893225216537058,4789.99,3500.89,-26.91237351226203,61.133333333333326,204.93333333333337,235.2235550708834,commute_daily_minutes (42.2 %); exterior_ratio (35.4 %); rooms_mean (15.2 %)
DEST_002,Nuevos Ministerios,WALK,A pie,balanced,Perfil equilibrado,extended,Pareto_KNN,10,10,8,MAD-066,Berruguete,MAD-094,Valdezarza,Moncloa - Aravaca,True,2.244612656223607,1.0038212964944704,4789.99,4484.04,-6.387278470309956,61.133333333333326,98.9,61.777535441657605,exterior_ratio (63.9 %); elevator_ratio (19.6 %); rooms_mean (13.2 %)
DEST_002,Nuevos Ministerios,WALK,A pie,balanced,Perfil equilibrado,extended,Pareto_KNN,10,10,9,MAD-066,Berruguete,MAD-113,San Isidro,Carabanchel,True,2.292672570828254,1.0253143437042354,4789.99,3670.03,-23.381259668600553,61.133333333333326,200.9,228.62595419847332,exterior_ratio (52.6 %); commute_daily_minutes (37.1 %); price_m2_for_recommender (5.1 %)
DEST_002,Nuevos Ministerios,WALK,A pie,balanced,Perfil equilibrado,extended,Pareto_KNN,10,10,10,MAD-066,Berruguete,MAD-165,Apóstol Santiago,Hortaleza,True,2.776485549924842,1.2416820856355666,4789.99,4162.46,-13.10086242351236,61.133333333333326,138.0,125.73609596510363,exterior_ratio (41.8 %); rooms_mean (28.4 %); elevator_ratio (21.0 %)
DEST_002,Nuevos Ministerios,WALK,A pie,time_priority,Prioridad al tiempo,extended,KNN_global,10,10,1,MAD-062,Cuatro Caminos,MAD-052,Prosperidad,Chamartín,False,0.6967412577291558,0.31159216300221865,6496.82,6448.55,-0.7429788727408105,23.933333333333337,74.3,210.44568245125342,commute_daily_minutes (52.2 %); rooms_mean (36.9 %); exterior_ratio (10.8 %)
DEST_002,Nuevos Ministerios,WALK,A pie,time_priority,Prioridad al tiempo,extended,KNN_global,10,10,2,MAD-062,Cuatro Caminos,MAD-053,Ciudad Jardín,Chamartín,False,0.8771022144520041,0.3922520349460559,6496.82,7558.9,16.347690100695417,23.933333333333337,49.833333333333336,108.21727019498606,exterior_ratio (34.3 %); price_m2_for_recommender (31.4 %); rooms_mean (23.3 %)
DEST_002,Nuevos Ministerios,WALK,A pie,time_priority,Prioridad al tiempo,extended,KNN_global,10,10,3,MAD-062,Cuatro Caminos,MAD-063,Castillejos,Tetuán,False,0.9951131902818163,0.44502814775536487,6496.82,6438.0,-0.9053660098324983,23.933333333333337,52.73333333333333,120.33426183844006,exterior_ratio (87.1 %); commute_daily_minutes (8.4 %); elevator_ratio (4.4 %)
DEST_002,Nuevos Ministerios,WALK,A pie,time_priority,Prioridad al tiempo,extended,KNN_global,10,10,4,MAD-062,Cuatro Caminos,MAD-076,Vallehermoso,Chamberí,False,1.0136749511719765,0.4533292195818639,6496.82,6752.36,3.9333089111288286,23.933333333333337,57.9,141.92200557103058,rooms_mean (43.0 %); elevator_ratio (34.0 %); commute_daily_minutes (11.2 %)
DEST_002,Nuevos Ministerios,WALK,A pie,time_priority,Prioridad al tiempo,extended,KNN_global,10,10,5,MAD-062,Cuatro Caminos,MAD-092,Argüelles,Moncloa - Aravaca,False,1.0429036375328293,0.46640068550104147,6496.82,7554.87,16.285659753540966,23.933333333333337,110.56666666666666,361.9777158774372,commute_daily_minutes (69.0 %); price_m2_for_recommender (22.0 %); elevator_ratio (6.0 %)
DEST_002,Nuevos Ministerios,WALK,A pie,time_priority,Prioridad al tiempo,extended,KNN_global,10,10,6,MAD-062,Cuatro Caminos,MAD-013,Cortes,Centro,False,1.0858083779627425,0.48558826873269534,6496.82,7246.75,11.543031821722016,23.933333333333337,105.3,339.9721448467966,commute_daily_minutes (56.1 %); rooms_mean (17.4 %); elevator_ratio (13.7 %)
DEST_002,Nuevos Ministerios,WALK,A pie,time_priority,Prioridad al tiempo,extended,KNN_global,10,10,7,MAD-062,Cuatro Caminos,MAD-056,Castilla,Chamartín,False,1.1217750411478185,0.5016730494938292,6496.82,5913.07,-8.985165049978297,23.933333333333337,103.96666666666664,334.40111420612794,commute_daily_minutes (50.9 %); exterior_ratio (28.3 %); elevator_ratio (7.7 %)
DEST_002,Nuevos Ministerios,WALK,A pie,time_priority,Prioridad al tiempo,extended,KNN_global,10,10,8,MAD-062,Cuatro Caminos,MAD-071,Gaztambide,Chamberí,False,1.121995355849028,0.5017715772234986,6496.82,7413.6,14.111211331081986,23.933333333333337,90.13333333333334,276.60167130919217,rooms_mean (36.7 %); commute_daily_minutes (34.8 %); price_m2_for_recommender (14.3 %)
DEST_002,Nuevos Ministerios,WALK,A pie,time_priority,Prioridad al tiempo,extended,KNN_global,10,10,9,MAD-062,Cuatro Caminos,MAD-044,Guindalera,Salamanca,False,1.1342190083653099,0.507238160815447,6496.82,6722.25,3.4698514042254565,23.933333333333337,78.4,227.57660167130916,exterior_ratio (48.7 %); rooms_mean (25.6 %); commute_daily_minutes (23.0 %)
DEST_002,Nuevos Ministerios,WALK,A pie,time_priority,Prioridad al tiempo,extended,KNN_global,10,10,10,MAD-062,Cuatro Caminos,MAD-073,Trafalgar,Chamberí,False,1.1517026797695347,0.5150570963666703,6496.82,8568.41,31.88621510215767,23.933333333333337,60.53333333333333,152.92479108635092,price_m2_for_recommender (69.3 %); rooms_mean (10.8 %); commute_daily_minutes (10.1 %)
DEST_002,Nuevos Ministerios,WALK,A pie,time_priority,Prioridad al tiempo,extended,Pareto_KNN,10,10,1,MAD-062,Cuatro Caminos,MAD-061,Bellas Vistas,Tetuán,True,1.91547900785941,0.8566282542094988,6496.82,5223.92,-19.59266225630385,23.933333333333337,50.86666666666667,112.53481894150414,exterior_ratio (47.1 %); rooms_mean (25.5 %); elevator_ratio (16.0 %)
DEST_002,Nuevos Ministerios,WALK,A pie,time_priority,Prioridad al tiempo,extended,Pareto_KNN,10,10,2,MAD-062,Cuatro Caminos,MAD-066,Berruguete,Tetuán,True,2.040536844396323,0.9125558189326177,6496.82,4789.99,-26.271776038123267,23.933333333333337,61.133333333333326,155.43175487465174,elevator_ratio (45.7 %); rooms_mean (36.0 %); price_m2_for_recommender (15.0 %)
DEST_002,Nuevos Ministerios,WALK,A pie,time_priority,Prioridad al tiempo,extended,Pareto_KNN,10,10,3,MAD-062,Cuatro Caminos,MAD-094,Valdezarza,Moncloa - Aravaca,True,2.260358130311219,1.0108628865740426,6496.82,4484.04,-30.981003013782125,23.933333333333337,98.9,313.2311977715877,exterior_ratio (65.9 %); price_m2_for_recommender (17.0 %); commute_daily_minutes (11.0 %)
DEST_002,Nuevos Ministerios,WALK,A pie,time_priority,Prioridad al tiempo,extended,Pareto_KNN,10,10,4,MAD-062,Cuatro Caminos,MAD-165,Apóstol Santiago,Hortaleza,True,2.431013808646495,1.0871824260748457,6496.82,4162.46,-35.93080922666781,23.933333333333337,138.0,476.6016713091921,exterior_ratio (57.0 %); commute_daily_minutes (22.0 %); price_m2_for_recommender (19.7 %)
DEST_002,Nuevos Ministerios,WALK,A pie,time_priority,Prioridad al tiempo,extended,Pareto_KNN,10,10,5,MAD-062,Cuatro Caminos,MAD-151,Ventas,Ciudad Lineal,True,2.496745769195385,1.1165786524911763,6496.82,4133.07,-36.38318438867015,23.933333333333337,152.65,537.8133704735375,exterior_ratio (31.4 %); commute_daily_minutes (26.6 %); price_m2_for_recommender (19.2 %)
DEST_002,Nuevos Ministerios,WALK,A pie,time_priority,Prioridad al tiempo,extended,Pareto_KNN,10,10,6,MAD-062,Cuatro Caminos,MAD-051,El Viso,Chamartín,True,2.584607421816079,1.1558715780662452,6496.82,9382.09,44.41049621199296,23.933333333333337,21.03333333333333,-12.11699164345406,rooms_mean (48.4 %); price_m2_for_recommender (26.7 %); exterior_ratio (22.2 %)
DEST_002,Nuevos Ministerios,WALK,A pie,time_priority,Prioridad al tiempo,extended,Pareto_KNN,10,10,7,MAD-062,Cuatro Caminos,MAD-125,Moscardó,Usera,True,2.6621386787088204,1.190544610224879,6496.82,3739.18,-42.445996656825955,23.933333333333337,198.51666666666668,729.4568245125348,commute_daily_minutes (43.0 %); price_m2_for_recommender (23.0 %); elevator_ratio (22.4 %)
DEST_002,Nuevos Ministerios,WALK,A pie,time_priority,Prioridad al tiempo,extended,Pareto_KNN,10,10,8,MAD-062,Cuatro Caminos,MAD-144,Media Legua,Moratalaz,True,2.667140287142679,1.1927813975158676,6496.82,3876.72,-40.32896093781265,23.933333333333337,173.5,624.9303621169915,exterior_ratio (47.3 %); commute_daily_minutes (31.4 %); price_m2_for_recommender (20.7 %)
DEST_002,Nuevos Ministerios,WALK,A pie,time_priority,Prioridad al tiempo,extended,Pareto_KNN,10,10,9,MAD-062,Cuatro Caminos,MAD-112,Opañel,Carabanchel,True,3.0083162431044737,1.3453599234796771,6496.82,3500.89,-46.11379105470061,23.933333333333337,204.93333333333337,756.2674094707521,commute_daily_minutes (36.2 %); price_m2_for_recommender (21.2 %); elevator_ratio (20.8 %)
DEST_002,Nuevos Ministerios,WALK,A pie,time_priority,Prioridad al tiempo,extended,Pareto_KNN,10,10,10,MAD-062,Cuatro Caminos,MAD-152,Pueblo Nuevo,Ciudad Lineal,True,3.03419168048208,1.3569317708644504,6496.82,3794.82,-41.58957767030639,23.933333333333337,181.56666666666663,658.635097493036,exterior_ratio (29.7 %); commute_daily_minutes (27.0 %); elevator_ratio (17.2 %)
DEST_003,UC3M Campus de Leganés,BICYCLE,Bicicleta,price_priority,Prioridad al precio,extended,KNN_global,10,3,1,MAD-172,San Cristóbal,MAD-174,Los Rosales,Villaverde,False,0.6871709341461888,0.3073121841825819,1909.6,2807.4,47.015081692501056,79.53333333333333,86.21666666666665,8.403185247275763,price_m2_for_recommender (36.5 %); elevator_ratio (34.6 %); exterior_ratio (16.4 %)
DEST_003,UC3M Campus de Leganés,BICYCLE,Bicicleta,price_priority,Prioridad al precio,extended,KNN_global,10,3,2,MAD-172,San Cristóbal,MAD-126,Zofío,Usera,False,1.0733223344777838,0.4800043403322181,1909.6,3089.05,61.764243820695455,79.53333333333333,91.16666666666666,14.62699077954735,elevator_ratio (46.9 %); price_m2_for_recommender (25.9 %); exterior_ratio (13.2 %)
DEST_003,UC3M Campus de Leganés,BICYCLE,Bicicleta,price_priority,Prioridad al precio,extended,KNN_global,10,3,3,MAD-172,San Cristóbal,MAD-115,Puerta Bonita,Carabanchel,True,1.1332643351236005,0.5068112179624946,1909.6,2905.06,52.12924172601592,79.53333333333333,75.1,-5.574182732606879,elevator_ratio (57.0 %); exterior_ratio (25.6 %); price_m2_for_recommender (16.5 %)
DEST_003,UC3M Campus de Leganés,BICYCLE,Bicicleta,price_priority,Prioridad al precio,extended,Pareto_KNN,10,3,1,MAD-172,San Cristóbal,MAD-115,Puerta Bonita,Carabanchel,True,1.1332643351236,0.5068112179624944,1909.6,2905.06,52.12924172601592,79.53333333333333,75.1,-5.574182732606879,elevator_ratio (57.0 %); exterior_ratio (25.6 %); price_m2_for_recommender (16.5 %)
DEST_003,UC3M Campus de Leganés,BICYCLE,Bicicleta,price_priority,Prioridad al precio,extended,Pareto_KNN,10,3,2,MAD-172,San Cristóbal,MAD-171,Villaverde Alto - Casco Histórico de Villaverde,Villaverde,True,1.445202673779781,0.6463142839672086,1909.6,2928.26,53.344155844155864,79.53333333333333,58.68333333333333,-26.21542330259849,elevator_ratio (63.1 %); exterior_ratio (13.1 %); price_m2_for_recommender (10.6 %)
DEST_003,UC3M Campus de Leganés,BICYCLE,Bicicleta,price_priority,Prioridad al precio,extended,Pareto_KNN,10,3,3,MAD-172,San Cristóbal,MAD-106,Cuatro Vientos,Latina,True,3.5929323038197145,1.6068081739791618,1909.6,4673.53,144.73868873062423,79.53333333333333,50.48333333333333,-36.52556580050294,elevator_ratio (84.7 %); price_m2_for_recommender (12.7 %); commute_daily_minutes (2.0 %)
DEST_003,UC3M Campus de Leganés,BICYCLE,Bicicleta,balanced,Perfil equilibrado,extended,KNN_global,10,3,1,MAD-171,Villaverde Alto - Casco Histórico de Villaverde,MAD-115,Puerta Bonita,Carabanchel,True,0.6135104738091949,0.2743702248690928,2928.26,2905.06,-0.7922793740993037,58.68333333333333,75.1,27.97500710025561,rooms_mean (54.6 %); elevator_ratio (22.7 %); commute_daily_minutes (22.0 %)
DEST_003,UC3M Campus de Leganés,BICYCLE,Bicicleta,balanced,Perfil equilibrado,extended,KNN_global,10,3,2,MAD-171,Villaverde Alto - Casco Histórico de Villaverde,MAD-112,Opañel,Carabanchel,False,0.8523661091337665,0.38118971234802124,2928.26,3500.89,19.555299051313735,58.68333333333333,90.91666666666666,54.927577392786134,commute_daily_minutes (44.0 %); rooms_mean (43.0 %); price_m2_for_recommender (9.7 %)
DEST_003,UC3M Campus de Leganés,BICYCLE,Bicicleta,balanced,Perfil equilibrado,extended,KNN_global,10,3,3,MAD-171,Villaverde Alto - Casco Histórico de Villaverde,MAD-105,Campamento,Latina,False,0.9385028885492445,0.4197112511752039,2928.26,3295.84,12.552847083250802,58.68333333333333,67.51666666666667,15.052541891508099,rooms_mean (31.8 %); elevator_ratio (31.3 %); exterior_ratio (31.0 %)
DEST_003,UC3M Campus de Leganés,BICYCLE,Bicicleta,balanced,Perfil equilibrado,extended,Pareto_KNN,10,3,1,MAD-171,Villaverde Alto - Casco Histórico de Villaverde,MAD-115,Puerta Bonita,Carabanchel,True,0.6135104738091921,0.2743702248690916,2928.26,2905.06,-0.7922793740993037,58.68333333333333,75.1,27.97500710025561,rooms_mean (54.6 %); elevator_ratio (22.7 %); commute_daily_minutes (22.0 %)
DEST_003,UC3M Campus de Leganés,BICYCLE,Bicicleta,balanced,Perfil equilibrado,extended,Pareto_KNN,10,3,2,MAD-171,Villaverde Alto - Casco Histórico de Villaverde,MAD-172,San Cristóbal,Villaverde,True,1.445202673779781,0.6463142839672086,2928.26,1909.6,-34.78721151810291,58.68333333333333,79.53333333333333,35.52967906844647,elevator_ratio (63.1 %); exterior_ratio (13.1 %); price_m2_for_recommender (10.6 %)
DEST_003,UC3M Campus de Leganés,BICYCLE,Bicicleta,balanced,Perfil equilibrado,extended,Pareto_KNN,10,3,3,MAD-171,Villaverde Alto - Casco Histórico de Villaverde,MAD-106,Cuatro Vientos,Latina,True,2.3692199880300056,1.059547389377266,2928.26,4673.53,59.60092341527048,58.68333333333333,50.48333333333333,-13.973303038909405,elevator_ratio (83.0 %); price_m2_for_recommender (11.6 %); exterior_ratio (4.9 %)
DEST_003,UC3M Campus de Leganés,BICYCLE,Bicicleta,time_priority,Prioridad al tiempo,extended,KNN_global,10,3,1,MAD-171,Villaverde Alto - Casco Histórico de Villaverde,MAD-115,Puerta Bonita,Carabanchel,True,0.6135104738091949,0.2743702248690928,2928.26,2905.06,-0.7922793740993037,58.68333333333333,75.1,27.97500710025561,rooms_mean (54.6 %); elevator_ratio (22.7 %); commute_daily_minutes (22.0 %)
DEST_003,UC3M Campus de Leganés,BICYCLE,Bicicleta,time_priority,Prioridad al tiempo,extended,KNN_global,10,3,2,MAD-171,Villaverde Alto - Casco Histórico de Villaverde,MAD-112,Opañel,Carabanchel,False,0.8523661091337665,0.38118971234802124,2928.26,3500.89,19.555299051313735,58.68333333333333,90.91666666666666,54.927577392786134,commute_daily_minutes (44.0 %); rooms_mean (43.0 %); price_m2_for_recommender (9.7 %)
DEST_003,UC3M Campus de Leganés,BICYCLE,Bicicleta,time_priority,Prioridad al tiempo,extended,KNN_global,10,3,3,MAD-171,Villaverde Alto - Casco Histórico de Villaverde,MAD-105,Campamento,Latina,False,0.9385028885492445,0.4197112511752039,2928.26,3295.84,12.552847083250802,58.68333333333333,67.51666666666667,15.052541891508099,rooms_mean (31.8 %); elevator_ratio (31.3 %); exterior_ratio (31.0 %)
DEST_003,UC3M Campus de Leganés,BICYCLE,Bicicleta,time_priority,Prioridad al tiempo,extended,Pareto_KNN,10,3,1,MAD-171,Villaverde Alto - Casco Histórico de Villaverde,MAD-115,Puerta Bonita,Carabanchel,True,0.6135104738091921,0.2743702248690916,2928.26,2905.06,-0.7922793740993037,58.68333333333333,75.1,27.97500710025561,rooms_mean (54.6 %); elevator_ratio (22.7 %); commute_daily_minutes (22.0 %)
DEST_003,UC3M Campus de Leganés,BICYCLE,Bicicleta,time_priority,Prioridad al tiempo,extended,Pareto_KNN,10,3,2,MAD-171,Villaverde Alto - Casco Histórico de Villaverde,MAD-172,San Cristóbal,Villaverde,True,1.445202673779781,0.6463142839672086,2928.26,1909.6,-34.78721151810291,58.68333333333333,79.53333333333333,35.52967906844647,elevator_ratio (63.1 %); exterior_ratio (13.1 %); price_m2_for_recommender (10.6 %)
DEST_003,UC3M Campus de Leganés,BICYCLE,Bicicleta,time_priority,Prioridad al tiempo,extended,Pareto_KNN,10,3,3,MAD-171,Villaverde Alto - Casco Histórico de Villaverde,MAD-106,Cuatro Vientos,Latina,True,2.3692199880300056,1.059547389377266,2928.26,4673.53,59.60092341527048,58.68333333333333,50.48333333333333,-13.973303038909405,elevator_ratio (83.0 %); price_m2_for_recommender (11.6 %); exterior_ratio (4.9 %)
DEST_003,UC3M Campus de Leganés,CAR,Coche,price_priority,Prioridad al precio,extended,KNN_global,10,3,1,MAD-172,San Cristóbal,MAD-126,Zofío,Usera,False,1.1554581215279744,0.5167365809781528,1909.6,3089.05,61.764243820695455,28.1,23.583333333333336,-16.073546856465,elevator_ratio (41.2 %); price_m2_for_recommender (22.1 %); commute_daily_minutes (16.6 %)
DEST_003,UC3M Campus de Leganés,CAR,Coche,price_priority,Prioridad al precio,extended,KNN_global,10,3,2,MAD-172,San Cristóbal,MAD-127,Pradolongo,Usera,False,1.2126550459462426,0.5423158231987858,1909.6,3390.16,77.53246753246754,28.1,25.48333333333333,-9.311981020166089,exterior_ratio (54.6 %); price_m2_for_recommender (31.7 %); rooms_mean (7.0 %)
DEST_003,UC3M Campus de Leganés,CAR,Coche,price_priority,Prioridad al precio,extended,KNN_global,10,3,3,MAD-172,San Cristóbal,MAD-115,Puerta Bonita,Carabanchel,False,1.2136843125440884,0.5427761252147364,1909.6,2905.06,52.12924172601592,28.1,23.85,-15.124555160142348,elevator_ratio (50.6 %); exterior_ratio (21.4 %); price_m2_for_recommender (14.3 %)
DEST_003,UC3M Campus de Leganés,CAR,Coche,price_priority,Prioridad al precio,extended,Pareto_KNN,10,3,1,MAD-172,San Cristóbal,MAD-117,Abrantes,Carabanchel,True,1.8420740918076797,0.823800577774632,1909.6,2912.9,52.53979891076666,28.1,19.81666666666667,-29.47805456702253,elevator_ratio (56.0 %); commute_daily_minutes (21.9 %); rooms_mean (15.8 %)
DEST_003,UC3M Campus de Leganés,CAR,Coche,price_priority,Prioridad al precio,extended,Pareto_KNN,10,3,2,MAD-172,San Cristóbal,MAD-116,Buenavista,Carabanchel,True,2.5975929089740952,1.1616788644675,1909.6,3291.57,72.36960620025138,28.1,16.016666666666666,-43.00118623962041,elevator_ratio (67.5 %); commute_daily_minutes (23.4 %); price_m2_for_recommender (6.0 %)
DEST_003,UC3M Campus de Leganés,CAR,Coche,price_priority,Prioridad al precio,extended,Pareto_KNN,10,3,3,MAD-172,San Cristóbal,MAD-121,Orcasitas,Usera,True,2.8998950734365283,1.2968725023641643,1909.6,2357.51,23.45569752827819,28.1,22.65,-19.395017793594313,elevator_ratio (94.7 %); commute_daily_minutes (3.8 %); rooms_mean (1.0 %)
DEST_003,UC3M Campus de Leganés,CAR,Coche,balanced,Perfil equilibrado,extended,KNN_global,10,3,1,MAD-116,Buenavista,MAD-107,Águilas,Latina,False,1.0963963506375396,0.4903233540616467,3291.57,3231.64,-1.8207116968498402,16.016666666666666,24.166666666666664,50.88449531737773,commute_daily_minutes (59.8 %); rooms_mean (34.1 %); exterior_ratio (4.4 %)
DEST_003,UC3M Campus de Leganés,CAR,Coche,balanced,Perfil equilibrado,extended,KNN_global,10,3,2,MAD-116,Buenavista,MAD-173,Butarque,Villaverde,False,1.1839107479942985,0.5294609823615748,3291.57,3143.01,-4.5133477337562296,16.016666666666666,26.433333333333334,65.03642039542144,commute_daily_minutes (83.8 %); exterior_ratio (11.8 %); elevator_ratio (3.9 %)
DEST_003,UC3M Campus de Leganés,CAR,Coche,balanced,Perfil equilibrado,extended,KNN_global,10,3,3,MAD-116,Buenavista,MAD-105,Campamento,Latina,False,1.1851053091276993,0.5299952063410875,3291.57,3295.84,0.12972532864256212,16.016666666666666,25.216666666666665,57.440166493236205,commute_daily_minutes (65.3 %); elevator_ratio (14.2 %); exterior_ratio (11.8 %)
DEST_003,UC3M Campus de Leganés,CAR,Coche,balanced,Perfil equilibrado,extended,Pareto_KNN,10,3,1,MAD-116,Buenavista,MAD-121,Orcasitas,Usera,True,1.239923881796028,0.5545108173242665,3291.57,2357.51,-28.377339688963016,16.016666666666666,22.65,41.41519250780437,commute_daily_minutes (31.0 %); elevator_ratio (30.7 %); rooms_mean (15.5 %)
DEST_003,UC3M Campus de Leganés,CAR,Coche,balanced,Perfil equilibrado,extended,Pareto_KNN,10,3,2,MAD-116,Buenavista,MAD-117,Abrantes,Carabanchel,True,1.336997319622466,0.5979233784821695,3291.57,2912.9,-11.504236580112227,16.016666666666666,19.81666666666667,23.72528616024977,rooms_mean (48.3 %); elevator_ratio (31.9 %); exterior_ratio (9.3 %)
DEST_003,UC3M Campus de Leganés,CAR,Coche,balanced,Perfil equilibrado,extended,Pareto_KNN,10,3,3,MAD-116,Buenavista,MAD-172,San Cristóbal,Villaverde,True,2.5975929089740952,1.1616788644675,3291.57,1909.6,-41.98513171526051,16.016666666666666,28.1,75.44224765868888,elevator_ratio (67.5 %); commute_daily_minutes (23.4 %); price_m2_for_recommender (6.0 %)
DEST_003,UC3M Campus de Leganés,CAR,Coche,time_priority,Prioridad al tiempo,extended,KNN_global,10,3,1,MAD-116,Buenavista,MAD-107,Águilas,Latina,False,1.0963963506375396,0.4903233540616467,3291.57,3231.64,-1.8207116968498402,16.016666666666666,24.166666666666664,50.88449531737773,commute_daily_minutes (59.8 %); rooms_mean (34.1 %); exterior_ratio (4.4 %)
DEST_003,UC3M Campus de Leganés,CAR,Coche,time_priority,Prioridad al tiempo,extended,KNN_global,10,3,2,MAD-116,Buenavista,MAD-173,Butarque,Villaverde,False,1.1839107479942985,0.5294609823615748,3291.57,3143.01,-4.5133477337562296,16.016666666666666,26.433333333333334,65.03642039542144,commute_daily_minutes (83.8 %); exterior_ratio (11.8 %); elevator_ratio (3.9 %)
DEST_003,UC3M Campus de Leganés,CAR,Coche,time_priority,Prioridad al tiempo,extended,KNN_global,10,3,3,MAD-116,Buenavista,MAD-105,Campamento,Latina,False,1.1851053091276993,0.5299952063410875,3291.57,3295.84,0.12972532864256212,16.016666666666666,25.216666666666665,57.440166493236205,commute_daily_minutes (65.3 %); elevator_ratio (14.2 %); exterior_ratio (11.8 %)
DEST_003,UC3M Campus de Leganés,CAR,Coche,time_priority,Prioridad al tiempo,extended,Pareto_KNN,10,3,1,MAD-116,Buenavista,MAD-121,Orcasitas,Usera,True,1.239923881796028,0.5545108173242665,3291.57,2357.51,-28.377339688963016,16.016666666666666,22.65,41.41519250780437,commute_daily_minutes (31.0 %); elevator_ratio (30.7 %); rooms_mean (15.5 %)
DEST_003,UC3M Campus de Leganés,CAR,Coche,time_priority,Prioridad al tiempo,extended,Pareto_KNN,10,3,2,MAD-116,Buenavista,MAD-117,Abrantes,Carabanchel,True,1.336997319622466,0.5979233784821695,3291.57,2912.9,-11.504236580112227,16.016666666666666,19.81666666666667,23.72528616024977,rooms_mean (48.3 %); elevator_ratio (31.9 %); exterior_ratio (9.3 %)
DEST_003,UC3M Campus de Leganés,CAR,Coche,time_priority,Prioridad al tiempo,extended,Pareto_KNN,10,3,3,MAD-116,Buenavista,MAD-172,San Cristóbal,Villaverde,True,2.5975929089740952,1.1616788644675,3291.57,1909.6,-41.98513171526051,16.016666666666666,28.1,75.44224765868888,elevator_ratio (67.5 %); commute_daily_minutes (23.4 %); price_m2_for_recommender (6.0 %)
DEST_003,UC3M Campus de Leganés,TRANSIT,Transporte público,price_priority,Prioridad al precio,extended,KNN_global,10,4,1,MAD-172,San Cristóbal,MAD-174,Los Rosales,Villaverde,False,0.6900001359804155,0.30857744170726153,1909.6,2807.4,47.015081692501056,136.33333333333331,131.31666666666666,-3.679706601466982,elevator_ratio (36.8 %); price_m2_for_recommender (36.1 %); exterior_ratio (16.3 %)
DEST_003,UC3M Campus de Leganés,TRANSIT,Transporte público,price_priority,Prioridad al precio,extended,KNN_global,10,4,2,MAD-172,San Cristóbal,MAD-127,Pradolongo,Usera,False,1.21301634922529,0.5424774029372745,1909.6,3390.16,77.53246753246754,136.33333333333331,124.18333333333334,-8.911980440097784,exterior_ratio (56.7 %); price_m2_for_recommender (31.8 %); rooms_mean (6.8 %)
DEST_003,UC3M Campus de Leganés,TRANSIT,Transporte público,price_priority,Prioridad al precio,extended,KNN_global,10,4,3,MAD-172,San Cristóbal,MAD-126,Zofío,Usera,False,1.240840130312701,0.5549205761177793,1909.6,3089.05,61.764243820695455,136.33333333333331,99.06666666666666,-27.334963325183367,elevator_ratio (37.5 %); commute_daily_minutes (25.5 %); price_m2_for_recommender (19.3 %)
DEST_003,UC3M Campus de Leganés,TRANSIT,Transporte público,price_priority,Prioridad al precio,extended,KNN_global,10,4,4,MAD-172,San Cristóbal,MAD-145,Fontarrón,Moratalaz,False,1.4399614554497788,0.6439703398730481,1909.6,3770.04,97.42563887725179,136.33333333333331,192.0333333333333,40.85574572127139,commute_daily_minutes (42.4 %); price_m2_for_recommender (35.6 %); elevator_ratio (14.0 %)
DEST_003,UC3M Campus de Leganés,TRANSIT,Transporte público,price_priority,Prioridad al precio,extended,Pareto_KNN,10,4,1,MAD-172,San Cristóbal,MAD-115,Puerta Bonita,Carabanchel,True,1.5168089148225103,0.6783375684841643,1909.6,2905.06,52.12924172601592,136.33333333333331,77.75,-42.97066014669926,commute_daily_minutes (42.3 %); elevator_ratio (34.1 %); exterior_ratio (14.3 %)
DEST_003,UC3M Campus de Leganés,TRANSIT,Transporte público,price_priority,Prioridad al precio,extended,Pareto_KNN,10,4,2,MAD-172,San Cristóbal,MAD-114,Vista Alegre,Carabanchel,True,2.253338470212561,1.0077235991421343,1909.6,3213.22,68.26665270213657,136.33333333333331,74.28333333333333,-45.51344743276283,exterior_ratio (35.8 %); elevator_ratio (35.4 %); commute_daily_minutes (21.5 %)
DEST_003,UC3M Campus de Leganés,TRANSIT,Transporte público,price_priority,Prioridad al precio,extended,Pareto_KNN,10,4,3,MAD-172,San Cristóbal,MAD-116,Buenavista,Carabanchel,True,2.727123447097863,1.2196066821488745,1909.6,3291.57,72.36960620025138,136.33333333333331,51.61666666666667,-62.139364303178475,elevator_ratio (64.4 %); commute_daily_minutes (27.3 %); price_m2_for_recommender (5.5 %)
DEST_003,UC3M Campus de Leganés,TRANSIT,Transporte público,price_priority,Prioridad al precio,extended,Pareto_KNN,10,4,4,MAD-172,San Cristóbal,MAD-121,Orcasitas,Usera,True,2.93991325200028,1.314769175885019,1909.6,2357.51,23.45569752827819,136.33333333333331,113.03333333333332,-17.09046454767726,elevator_ratio (96.8 %); commute_daily_minutes (1.8 %); rooms_mean (0.9 %)
DEST_003,UC3M Campus de Leganés,TRANSIT,Transporte público,balanced,Perfil equilibrado,extended,KNN_global,10,4,1,MAD-116,Buenavista,MAD-107,Águilas,Latina,False,0.8081310255576902,0.361407181574723,3291.57,3231.64,-1.8207116968498402,51.61666666666667,76.6,48.401679044236346,rooms_mean (61.3 %); commute_daily_minutes (27.1 %); exterior_ratio (8.4 %)
DEST_003,UC3M Campus de Leganés,TRANSIT,Transporte público,balanced,Perfil equilibrado,extended,KNN_global,10,4,2,MAD-116,Buenavista,MAD-104,Aluche,Latina,False,0.9293823539726714,0.415632424114333,3291.57,3360.3,2.0880613202818115,51.61666666666667,89.01666666666665,72.45721666128509,rooms_mean (48.6 %); commute_daily_minutes (45.9 %); exterior_ratio (4.4 %)
DEST_003,UC3M Campus de Leganés,TRANSIT,Transporte público,balanced,Perfil equilibrado,extended,KNN_global,10,4,3,MAD-116,Buenavista,MAD-113,San Isidro,Carabanchel,False,1.1046430077925697,0.4940113712588031,3291.57,3670.03,11.49785664591669,51.61666666666667,106.4,106.13496932515339,commute_daily_minutes (69.7 %); elevator_ratio (20.6 %); exterior_ratio (6.6 %)
DEST_003,UC3M Campus de Leganés,TRANSIT,Transporte público,balanced,Perfil equilibrado,extended,KNN_global,10,4,4,MAD-116,Buenavista,MAD-112,Opañel,Carabanchel,False,1.1379777611421111,0.5089191261593559,3291.57,3500.89,6.359275360997934,51.61666666666667,90.25,74.84662576687117,elevator_ratio (55.4 %); commute_daily_minutes (32.6 %); rooms_mean (11.0 %)
DEST_003,UC3M Campus de Leganés,TRANSIT,Transporte público,balanced,Perfil equilibrado,extended,Pareto_KNN,10,4,1,MAD-116,Buenavista,MAD-114,Vista Alegre,Carabanchel,True,1.3489966575338543,0.6032896455331404,3291.57,3213.22,-2.3803230677154175,51.61666666666667,74.28333333333333,43.9134646432031,exterior_ratio (48.0 %); elevator_ratio (39.5 %); commute_daily_minutes (8.0 %)
DEST_003,UC3M Campus de Leganés,TRANSIT,Transporte público,balanced,Perfil equilibrado,extended,Pareto_KNN,10,4,2,MAD-116,Buenavista,MAD-115,Puerta Bonita,Carabanchel,True,1.4214708728216978,0.6357010999330549,3291.57,2905.06,-11.742420790078905,51.61666666666667,77.75,50.629641588634165,elevator_ratio (84.0 %); commute_daily_minutes (9.6 %); rooms_mean (3.6 %)
DEST_003,UC3M Campus de Leganés,TRANSIT,Transporte público,balanced,Perfil equilibrado,extended,Pareto_KNN,10,4,3,MAD-116,Buenavista,MAD-121,Orcasitas,Usera,True,1.468025577920451,0.6565209969877085,3291.57,2357.51,-28.377339688963016,51.61666666666667,113.03333333333332,118.98611559573779,commute_daily_minutes (49.6 %); elevator_ratio (23.0 %); rooms_mean (10.8 %)
DEST_003,UC3M Campus de Leganés,TRANSIT,Transporte público,balanced,Perfil equilibrado,extended,Pareto_KNN,10,4,4,MAD-116,Buenavista,MAD-172,San Cristóbal,Villaverde,True,2.727123447097863,1.2196066821488745,3291.57,1909.6,-41.98513171526051,51.61666666666667,136.33333333333331,164.12657410397154,elevator_ratio (64.4 %); commute_daily_minutes (27.3 %); price_m2_for_recommender (5.5 %)
DEST_003,UC3M Campus de Leganés,TRANSIT,Transporte público,time_priority,Prioridad al tiempo,extended,KNN_global,10,4,1,MAD-116,Buenavista,MAD-107,Águilas,Latina,False,0.8081310255576902,0.361407181574723,3291.57,3231.64,-1.8207116968498402,51.61666666666667,76.6,48.401679044236346,rooms_mean (61.3 %); commute_daily_minutes (27.1 %); exterior_ratio (8.4 %)
DEST_003,UC3M Campus de Leganés,TRANSIT,Transporte público,time_priority,Prioridad al tiempo,extended,KNN_global,10,4,2,MAD-116,Buenavista,MAD-104,Aluche,Latina,False,0.9293823539726714,0.415632424114333,3291.57,3360.3,2.0880613202818115,51.61666666666667,89.01666666666665,72.45721666128509,rooms_mean (48.6 %); commute_daily_minutes (45.9 %); exterior_ratio (4.4 %)
DEST_003,UC3M Campus de Leganés,TRANSIT,Transporte público,time_priority,Prioridad al tiempo,extended,KNN_global,10,4,3,MAD-116,Buenavista,MAD-113,San Isidro,Carabanchel,False,1.1046430077925697,0.4940113712588031,3291.57,3670.03,11.49785664591669,51.61666666666667,106.4,106.13496932515339,commute_daily_minutes (69.7 %); elevator_ratio (20.6 %); exterior_ratio (6.6 %)
DEST_003,UC3M Campus de Leganés,TRANSIT,Transporte público,time_priority,Prioridad al tiempo,extended,KNN_global,10,4,4,MAD-116,Buenavista,MAD-112,Opañel,Carabanchel,False,1.1379777611421111,0.5089191261593559,3291.57,3500.89,6.359275360997934,51.61666666666667,90.25,74.84662576687117,elevator_ratio (55.4 %); commute_daily_minutes (32.6 %); rooms_mean (11.0 %)
DEST_003,UC3M Campus de Leganés,TRANSIT,Transporte público,time_priority,Prioridad al tiempo,extended,Pareto_KNN,10,4,1,MAD-116,Buenavista,MAD-114,Vista Alegre,Carabanchel,True,1.3489966575338543,0.6032896455331404,3291.57,3213.22,-2.3803230677154175,51.61666666666667,74.28333333333333,43.9134646432031,exterior_ratio (48.0 %); elevator_ratio (39.5 %); commute_daily_minutes (8.0 %)
DEST_003,UC3M Campus de Leganés,TRANSIT,Transporte público,time_priority,Prioridad al tiempo,extended,Pareto_KNN,10,4,2,MAD-116,Buenavista,MAD-115,Puerta Bonita,Carabanchel,True,1.4214708728216978,0.6357010999330549,3291.57,2905.06,-11.742420790078905,51.61666666666667,77.75,50.629641588634165,elevator_ratio (84.0 %); commute_daily_minutes (9.6 %); rooms_mean (3.6 %)
DEST_003,UC3M Campus de Leganés,TRANSIT,Transporte público,time_priority,Prioridad al tiempo,extended,Pareto_KNN,10,4,3,MAD-116,Buenavista,MAD-121,Orcasitas,Usera,True,1.468025577920451,0.6565209969877085,3291.57,2357.51,-28.377339688963016,51.61666666666667,113.03333333333332,118.98611559573779,commute_daily_minutes (49.6 %); elevator_ratio (23.0 %); rooms_mean (10.8 %)
DEST_003,UC3M Campus de Leganés,TRANSIT,Transporte público,time_priority,Prioridad al tiempo,extended,Pareto_KNN,10,4,4,MAD-116,Buenavista,MAD-172,San Cristóbal,Villaverde,True,2.727123447097863,1.2196066821488745,3291.57,1909.6,-41.98513171526051,51.61666666666667,136.33333333333331,164.12657410397154,elevator_ratio (64.4 %); commute_daily_minutes (27.3 %); price_m2_for_recommender (5.5 %)
DEST_003,UC3M Campus de Leganés,WALK,A pie,price_priority,Prioridad al precio,extended,KNN_global,10,3,1,MAD-172,San Cristóbal,MAD-174,Los Rosales,Villaverde,False,0.6895981814527566,0.3083976821777197,1909.6,2807.4,47.015081692501056,213.56666666666663,216.16666666666663,1.217418448571872,elevator_ratio (37.8 %); price_m2_for_recommender (26.1 %); rooms_mean (21.7 %)
DEST_003,UC3M Campus de Leganés,WALK,A pie,price_priority,Prioridad al precio,extended,KNN_global,10,3,2,MAD-172,San Cristóbal,MAD-126,Zofío,Usera,False,1.1091783768060282,0.496039649942231,1909.6,3089.05,61.764243820695455,213.56666666666663,223.53333333333336,4.666770719525547,elevator_ratio (48.2 %); rooms_mean (22.6 %); price_m2_for_recommender (17.4 %)
DEST_003,UC3M Campus de Leganés,WALK,A pie,price_priority,Prioridad al precio,extended,KNN_global,10,3,3,MAD-172,San Cristóbal,MAD-115,Puerta Bonita,Carabanchel,False,1.1213895170387205,0.5015006378708475,1909.6,2905.06,52.12924172601592,213.56666666666663,215.43333333333337,0.8740440143593248,elevator_ratio (64.0 %); exterior_ratio (22.8 %); price_m2_for_recommender (12.1 %)
DEST_003,UC3M Campus de Leganés,WALK,A pie,price_priority,Prioridad al precio,extended,Pareto_KNN,10,3,1,MAD-172,San Cristóbal,MAD-171,Villaverde Alto - Casco Histórico de Villaverde,Villaverde,True,1.629051320209589,0.7285338981648836,1909.6,2928.26,53.344155844155864,213.56666666666663,149.83333333333334,-29.842359918838756,elevator_ratio (54.5 %); commute_daily_minutes (18.1 %); rooms_mean (12.4 %)
DEST_003,UC3M Campus de Leganés,WALK,A pie,price_priority,Prioridad al precio,extended,Pareto_KNN,10,3,2,MAD-172,San Cristóbal,MAD-116,Buenavista,Carabanchel,True,2.4569012879009566,1.098759658750664,1909.6,3291.57,72.36960620025138,213.56666666666663,142.93333333333334,-33.073201186202574,elevator_ratio (81.4 %); commute_daily_minutes (9.8 %); price_m2_for_recommender (4.9 %)
DEST_003,UC3M Campus de Leganés,WALK,A pie,price_priority,Prioridad al precio,extended,Pareto_KNN,10,3,3,MAD-172,San Cristóbal,MAD-121,Orcasitas,Usera,True,2.969009885866676,1.3277815861333557,1909.6,2357.51,23.45569752827819,213.56666666666663,206.13333333333333,-3.4805681286093226,elevator_ratio (97.4 %); rooms_mean (2.2 %); price_m2_for_recommender (0.4 %)
DEST_003,UC3M Campus de Leganés,WALK,A pie,balanced,Perfil equilibrado,extended,KNN_global,10,3,1,MAD-171,Villaverde Alto - Casco Histórico de Villaverde,MAD-115,Puerta Bonita,Carabanchel,False,1.0381348520259266,0.4642680197883314,2928.26,2905.06,-0.7922793740993037,149.83333333333334,215.43333333333337,43.78197997775307,commute_daily_minutes (47.1 %); rooms_mean (44.0 %); elevator_ratio (8.7 %)
DEST_003,UC3M Campus de Leganés,WALK,A pie,balanced,Perfil equilibrado,extended,KNN_global,10,3,2,MAD-171,Villaverde Alto - Casco Histórico de Villaverde,MAD-116,Buenavista,Carabanchel,True,1.0674904808338614,0.4773962560956901,2928.26,3291.57,12.407026698448904,149.83333333333334,142.93333333333334,-4.605116796440493,elevator_ratio (90.2 %); rooms_mean (6.7 %); price_m2_for_recommender (1.8 %)
DEST_003,UC3M Campus de Leganés,WALK,A pie,balanced,Perfil equilibrado,extended,KNN_global,10,3,3,MAD-171,Villaverde Alto - Casco Histórico de Villaverde,MAD-114,Vista Alegre,Carabanchel,False,1.2796414289484155,0.5722730443907248,2928.26,3213.22,9.731376312212697,149.83333333333334,214.7,43.2925472747497,exterior_ratio (36.5 %); rooms_mean (30.9 %); commute_daily_minutes (30.3 %)
DEST_003,UC3M Campus de Leganés,WALK,A pie,balanced,Perfil equilibrado,extended,Pareto_KNN,10,3,1,MAD-171,Villaverde Alto - Casco Histórico de Villaverde,MAD-116,Buenavista,Carabanchel,True,1.067490480833862,0.47739625609569036,2928.26,3291.57,12.407026698448904,149.83333333333334,142.93333333333334,-4.605116796440493,elevator_ratio (90.2 %); rooms_mean (6.7 %); price_m2_for_recommender (1.8 %)
DEST_003,UC3M Campus de Leganés,WALK,A pie,balanced,Perfil equilibrado,extended,Pareto_KNN,10,3,2,MAD-171,Villaverde Alto - Casco Histórico de Villaverde,MAD-172,San Cristóbal,Villaverde,True,1.629051320209589,0.7285338981648836,2928.26,1909.6,-34.78721151810291,149.83333333333334,213.56666666666663,42.53615127919908,elevator_ratio (54.5 %); commute_daily_minutes (18.1 %); rooms_mean (12.4 %)
DEST_003,UC3M Campus de Leganés,WALK,A pie,balanced,Perfil equilibrado,extended,Pareto_KNN,10,3,3,MAD-171,Villaverde Alto - Casco Histórico de Villaverde,MAD-121,Orcasitas,Usera,True,2.160115266521152,0.9660329150352743,2928.26,2357.51,-19.491097102033287,149.83333333333334,206.13333333333333,37.575083426028904,elevator_ratio (64.0 %); rooms_mean (21.8 %); commute_daily_minutes (8.0 %)
DEST_003,UC3M Campus de Leganés,WALK,A pie,time_priority,Prioridad al tiempo,extended,KNN_global,10,3,1,MAD-116,Buenavista,MAD-171,Villaverde Alto - Casco Histórico de Villaverde,Villaverde,True,1.0674904808338614,0.4773962560956901,3291.57,2928.26,-11.037589964667314,142.93333333333334,149.83333333333334,4.827425373134332,elevator_ratio (90.2 %); rooms_mean (6.7 %); price_m2_for_recommender (1.8 %)
DEST_003,UC3M Campus de Leganés,WALK,A pie,time_priority,Prioridad al tiempo,extended,KNN_global,10,3,2,MAD-116,Buenavista,MAD-105,Campamento,Latina,False,1.144183050349544,0.511694215856929,3291.57,3295.84,0.12972532864256212,142.93333333333334,218.0,52.51865671641791,commute_daily_minutes (50.8 %); rooms_mean (21.3 %); elevator_ratio (16.4 %)
DEST_003,UC3M Campus de Leganés,WALK,A pie,time_priority,Prioridad al tiempo,extended,KNN_global,10,3,3,MAD-116,Buenavista,MAD-122,Orcasur,Usera,False,1.1989636655297327,0.5361928517353607,3291.57,3403.28,3.3938211856348195,142.93333333333334,246.4,72.38805970149254,commute_daily_minutes (87.9 %); exterior_ratio (10.5 %); elevator_ratio (1.4 %)
DEST_003,UC3M Campus de Leganés,WALK,A pie,time_priority,Prioridad al tiempo,extended,Pareto_KNN,10,3,1,MAD-116,Buenavista,MAD-171,Villaverde Alto - Casco Histórico de Villaverde,Villaverde,True,1.067490480833862,0.47739625609569036,3291.57,2928.26,-11.037589964667314,142.93333333333334,149.83333333333334,4.827425373134332,elevator_ratio (90.2 %); rooms_mean (6.7 %); price_m2_for_recommender (1.8 %)
DEST_003,UC3M Campus de Leganés,WALK,A pie,time_priority,Prioridad al tiempo,extended,Pareto_KNN,10,3,2,MAD-116,Buenavista,MAD-121,Orcasitas,Usera,True,1.3434001022218856,0.6007867899096604,3291.57,2357.51,-28.377339688963016,142.93333333333334,206.13333333333333,44.21641791044775,rooms_mean (29.9 %); elevator_ratio (28.2 %); commute_daily_minutes (26.1 %)
DEST_003,UC3M Campus de Leganés,WALK,A pie,time_priority,Prioridad al tiempo,extended,Pareto_KNN,10,3,3,MAD-116,Buenavista,MAD-172,San Cristóbal,Villaverde,True,2.4569012879009566,1.098759658750664,3291.57,1909.6,-41.98513171526051,142.93333333333334,213.56666666666663,49.41697761194027,elevator_ratio (81.4 %); commute_daily_minutes (9.8 %); price_m2_for_recommender (4.9 %)
