destination_id,destination_name,transport_mode,transport_mode_label,profile_id,profile_name,feature_space,method,requested_k,comparison_k,neighbor_rank,anchor_zone_key,anchor_neighborhood_name,neighbor_zone_key,neighbor_neighborhood_name,neighbor_district_name,neighbor_is_pareto,raw_knn_distance,normalized_knn_distance,anchor_price_m2,neighbor_price_m2,price_delta_pct,anchor_commute_daily_minutes,neighbor_commute_daily_minutes,time_delta_pct,top_distance_drivers
DEST_001,Puerta del Sol,BICYCLE,Bicicleta,price_priority,Prioridad al precio,extended,KNN_global,5,5,1,MAD-121,Orcasitas,MAD-175,Ángeles,Villaverde,False,0.8237977560978339,0.3363140256149071,2357.51,2956.03,25.38780323307218,73.71666666666667,77.76666666666667,5.494008591453761,elevator_ratio (84.4 %); price_m2_for_recommender (11.3 %); area_m2_median (2.4 %)
DEST_001,Puerta del Sol,BICYCLE,Bicicleta,price_priority,Prioridad al precio,extended,KNN_global,5,5,2,MAD-121,Orcasitas,MAD-144,Media Legua,Moratalaz,False,0.8550901027962038,0.3490890726591191,2357.51,3876.72,64.44129611327203,73.71666666666667,56.33333333333333,-23.58127967442913,price_m2_for_recommender (67.6 %); commute_daily_minutes (32.3 %); elevator_ratio (0.1 %)
DEST_001,Puerta del Sol,BICYCLE,Bicicleta,price_priority,Prioridad al precio,extended,KNN_global,5,5,3,MAD-121,Orcasitas,MAD-143,Marroquina,Moratalaz,False,0.9446907132141528,0.3856683686867654,2357.51,4301.17,82.44546152508366,73.71666666666667,72.51666666666665,-1.6278543974678052,price_m2_for_recommender (90.6 %); elevator_ratio (8.2 %); area_m2_median (1.1 %)
DEST_001,Puerta del Sol,BICYCLE,Bicicleta,price_priority,Prioridad al precio,extended,KNN_global,5,5,4,MAD-121,Orcasitas,MAD-107,Águilas,Latina,False,1.0039182756415193,0.4098479197960795,2357.51,3231.64,37.0785277687051,73.71666666666667,83.56666666666666,13.361971512548037,exterior_ratio (41.9 %); elevator_ratio (29.3 %); price_m2_for_recommender (16.2 %)
DEST_001,Puerta del Sol,BICYCLE,Bicicleta,price_priority,Prioridad al precio,extended,KNN_global,5,5,5,MAD-121,Orcasitas,MAD-165,Apóstol Santiago,Hortaleza,False,1.0180160878894524,0.4156033275455787,2357.51,4162.46,76.56171129708886,73.71666666666667,91.78333333333332,24.508252317431584,price_m2_for_recommender (67.3 %); commute_daily_minutes (24.6 %); elevator_ratio (5.2 %)
DEST_001,Puerta del Sol,BICYCLE,Bicicleta,price_priority,Prioridad al precio,extended,Pareto_KNN,5,5,1,MAD-121,Orcasitas,MAD-117,Abrantes,Carabanchel,True,1.5500589886174723,0.6328089322212276,2357.51,2912.9,23.558330611535045,73.71666666666667,56.266666666666666,-23.671716029844,elevator_ratio (85.1 %); commute_daily_minutes (9.9 %); price_m2_for_recommender (2.7 %)
DEST_001,Puerta del Sol,BICYCLE,Bicicleta,price_priority,Prioridad al precio,extended,Pareto_KNN,5,5,2,MAD-121,Orcasitas,MAD-112,Opañel,Carabanchel,True,1.8786758622042128,0.7669662090805939,2357.51,3500.89,48.49947614220086,73.71666666666667,43.23333333333333,-41.352023513452416,elevator_ratio (63.7 %); commute_daily_minutes (20.6 %); price_m2_for_recommender (7.9 %)
DEST_001,Puerta del Sol,BICYCLE,Bicicleta,price_priority,Prioridad al precio,extended,Pareto_KNN,5,5,3,MAD-121,Orcasitas,MAD-135,Portazgo,Puente de Vallecas,True,2.0108519896396566,0.8209268871462475,2357.51,2703.76,14.687106311319994,73.71666666666667,70.83333333333334,-3.9113723716934103,elevator_ratio (79.9 %); exterior_ratio (17.8 %); area_m2_median (1.5 %)
DEST_001,Puerta del Sol,BICYCLE,Bicicleta,price_priority,Prioridad al precio,extended,Pareto_KNN,5,5,4,MAD-121,Orcasitas,MAD-123,San Fermín,Usera,True,2.0562060628159466,0.8394426099860408,2357.51,2755.18,16.868221131617663,73.71666666666667,56.98333333333333,-22.699525209134084,elevator_ratio (51.6 %); exterior_ratio (41.0 %); commute_daily_minutes (5.2 %)
DEST_001,Puerta del Sol,BICYCLE,Bicicleta,price_priority,Prioridad al precio,extended,Pareto_KNN,5,5,5,MAD-121,Orcasitas,MAD-126,Zofío,Usera,True,2.2169927431865584,0.9050834973767026,2357.51,3089.05,31.030197114752426,73.71666666666667,54.1,-26.610897580827494,elevator_ratio (86.4 %); commute_daily_minutes (6.1 %); exterior_ratio (3.1 %)
DEST_001,Puerta del Sol,BICYCLE,Bicicleta,balanced,Perfil equilibrado,extended,KNN_global,5,5,1,MAD-102,Puerta del Ángel,MAD-125,Moscardó,Usera,True,0.6236227007975654,0.25459290149506325,4033.3,3739.18,-7.292291671832007,30.266666666666666,40.9,35.13215859030837,elevator_ratio (58.5 %); commute_daily_minutes (22.7 %); exterior_ratio (10.8 %)
DEST_001,Puerta del Sol,BICYCLE,Bicicleta,balanced,Perfil equilibrado,extended,KNN_global,5,5,2,MAD-102,Puerta del Ángel,MAD-111,Comillas,Carabanchel,False,0.7484726261540621,0.30556267008639393,4033.3,4105.51,1.790345374755164,30.266666666666666,38.5,27.202643171806173,rooms_median (81.2 %); commute_daily_minutes (9.4 %); elevator_ratio (6.8 %)
DEST_001,Puerta del Sol,BICYCLE,Bicicleta,balanced,Perfil equilibrado,extended,KNN_global,5,5,3,MAD-102,Puerta del Ángel,MAD-112,Opañel,Carabanchel,True,0.8294158928774437,0.33860762035077496,4033.3,3500.89,-13.200357027744037,30.266666666666666,43.23333333333333,42.841409691629934,exterior_ratio (52.9 %); elevator_ratio (19.2 %); commute_daily_minutes (19.1 %)
DEST_001,Puerta del Sol,BICYCLE,Bicicleta,balanced,Perfil equilibrado,extended,KNN_global,5,5,4,MAD-102,Puerta del Ángel,MAD-101,Los Cármenes,Latina,False,0.9400348806781551,0.38376763301325834,4033.3,3502.59,-13.15820791907371,30.266666666666666,43.83333333333333,44.82378854625549,elevator_ratio (75.6 %); commute_daily_minutes (16.3 %); price_m2_for_recommender (6.8 %)
DEST_001,Puerta del Sol,BICYCLE,Bicicleta,balanced,Perfil equilibrado,extended,KNN_global,5,5,5,MAD-102,Puerta del Ángel,MAD-123,San Fermín,Usera,True,1.0550347087041656,0.43071611620851535,4033.3,2755.18,-31.6891875139464,30.266666666666666,56.98333333333333,88.27092511013214,commute_daily_minutes (50.1 %); price_m2_for_recommender (31.4 %); elevator_ratio (13.4 %)
DEST_001,Puerta del Sol,BICYCLE,Bicicleta,balanced,Perfil equilibrado,extended,Pareto_KNN,5,5,1,MAD-102,Puerta del Ángel,MAD-125,Moscardó,Usera,True,0.6236227007975654,0.25459290149506325,4033.3,3739.18,-7.292291671832007,30.266666666666666,40.9,35.13215859030837,elevator_ratio (58.5 %); commute_daily_minutes (22.7 %); exterior_ratio (10.8 %)
DEST_001,Puerta del Sol,BICYCLE,Bicicleta,balanced,Perfil equilibrado,extended,Pareto_KNN,5,5,2,MAD-102,Puerta del Ángel,MAD-112,Opañel,Carabanchel,True,0.8294158928774437,0.33860762035077496,4033.3,3500.89,-13.200357027744037,30.266666666666666,43.23333333333333,42.841409691629934,exterior_ratio (52.9 %); elevator_ratio (19.2 %); commute_daily_minutes (19.1 %)
DEST_001,Puerta del Sol,BICYCLE,Bicicleta,balanced,Perfil equilibrado,extended,Pareto_KNN,5,5,3,MAD-102,Puerta del Ángel,MAD-123,San Fermín,Usera,True,1.0550347087041656,0.43071611620851535,4033.3,2755.18,-31.6891875139464,30.266666666666666,56.98333333333333,88.27092511013214,commute_daily_minutes (50.1 %); price_m2_for_recommender (31.4 %); elevator_ratio (13.4 %)
DEST_001,Puerta del Sol,BICYCLE,Bicicleta,balanced,Perfil equilibrado,extended,Pareto_KNN,5,5,4,MAD-102,Puerta del Ángel,MAD-126,Zofío,Usera,True,1.0798894251848044,0.4408630117217001,4033.3,3089.05,-23.41135050702898,30.266666666666666,54.1,78.7444933920705,exterior_ratio (41.2 %); commute_daily_minutes (38.0 %); price_m2_for_recommender (16.4 %)
DEST_001,Puerta del Sol,BICYCLE,Bicicleta,balanced,Perfil equilibrado,extended,Pareto_KNN,5,5,5,MAD-102,Puerta del Ángel,MAD-135,Portazgo,Puente de Vallecas,True,1.3131293860085482,0.536082826995852,4033.3,2703.76,-32.96407408325688,30.266666666666666,70.83333333333334,134.03083700440533,commute_daily_minutes (74.5 %); price_m2_for_recommender (21.9 %); exterior_ratio (3.2 %)
DEST_001,Puerta del Sol,BICYCLE,Bicicleta,time_priority,Prioridad al tiempo,extended,KNN_global,5,5,1,MAD-016,Sol,MAD-013,Cortes,Centro,False,0.641536002231463,0.26190597618201583,7696.61,7246.75,-5.844910941310522,3.7,16.03333333333333,333.3333333333333,exterior_ratio (39.2 %); commute_daily_minutes (28.9 %); elevator_ratio (21.4 %)
DEST_001,Puerta del Sol,BICYCLE,Bicicleta,time_priority,Prioridad al tiempo,extended,KNN_global,5,5,2,MAD-016,Sol,MAD-015,Universidad,Centro,False,1.1791885682869365,0.48140171713767205,7696.61,7135.43,-7.291261997164979,3.7,17.35,368.91891891891896,exterior_ratio (82.2 %); commute_daily_minutes (10.5 %); price_m2_for_recommender (4.8 %)
DEST_001,Puerta del Sol,BICYCLE,Bicicleta,time_priority,Prioridad al tiempo,extended,KNN_global,5,5,3,MAD-016,Sol,MAD-011,Palacio,Centro,True,1.4808216775332992,0.6045429183347992,7696.61,6895.15,-10.413155921892885,3.7,15.733333333333334,325.22522522522524,exterior_ratio (84.8 %); price_m2_for_recommender (6.3 %); commute_daily_minutes (5.2 %)
DEST_001,Puerta del Sol,BICYCLE,Bicicleta,time_priority,Prioridad al tiempo,extended,KNN_global,5,5,4,MAD-016,Sol,MAD-031,Pacífico,Retiro,False,1.7627279627287171,0.7196306773368468,7696.61,6286.22,-18.324820927655157,3.7,35.16666666666667,850.4504504504506,exterior_ratio (34.8 %); elevator_ratio (25.0 %); commute_daily_minutes (24.9 %)
DEST_001,Puerta del Sol,BICYCLE,Bicicleta,time_priority,Prioridad al tiempo,extended,KNN_global,5,5,5,MAD-016,Sol,MAD-014,Justicia,Centro,False,1.8212235009999755,0.7435113808358516,7696.61,9541.9,23.975360580827143,3.7,19.31666666666667,422.07207207207216,rooms_median (54.9 %); price_m2_for_recommender (22.0 %); elevator_ratio (15.7 %)
DEST_001,Puerta del Sol,BICYCLE,Bicicleta,time_priority,Prioridad al tiempo,extended,Pareto_KNN,5,5,1,MAD-016,Sol,MAD-011,Palacio,Centro,True,1.4808216775332992,0.6045429183347992,7696.61,6895.15,-10.413155921892885,3.7,15.733333333333334,325.22522522522524,exterior_ratio (84.8 %); price_m2_for_recommender (6.3 %); commute_daily_minutes (5.2 %)
DEST_001,Puerta del Sol,BICYCLE,Bicicleta,time_priority,Prioridad al tiempo,extended,Pareto_KNN,5,5,2,MAD-016,Sol,MAD-021,Imperial,Arganzuela,True,1.9816943915416432,0.8090233475687011,7696.61,5855.12,-23.925988194802645,3.7,24.583333333333336,564.4144144144144,rooms_median (46.3 %); price_m2_for_recommender (18.5 %); elevator_ratio (14.4 %)
DEST_001,Puerta del Sol,BICYCLE,Bicicleta,time_priority,Prioridad al tiempo,extended,Pareto_KNN,5,5,3,MAD-016,Sol,MAD-102,Puerta del Ángel,Latina,True,2.541848352983611,1.0377052447239452,7696.61,4033.3,-47.596409328262695,3.7,30.266666666666666,718.018018018018,price_m2_for_recommender (44.5 %); rooms_median (28.2 %); elevator_ratio (16.7 %)
DEST_001,Puerta del Sol,BICYCLE,Bicicleta,time_priority,Prioridad al tiempo,extended,Pareto_KNN,5,5,4,MAD-016,Sol,MAD-125,Moscardó,Usera,True,2.6004749552319764,1.0616394548675452,7696.61,3739.18,-51.41783200655873,3.7,40.9,1005.4054054054052,price_m2_for_recommender (49.6 %); rooms_median (26.9 %); commute_daily_minutes (16.0 %)
DEST_001,Puerta del Sol,BICYCLE,Bicicleta,time_priority,Prioridad al tiempo,extended,Pareto_KNN,5,5,5,MAD-016,Sol,MAD-112,Opañel,Carabanchel,True,2.8264582776612417,1.1538967599226366,7696.61,3500.89,-54.51387039228959,3.7,43.23333333333333,1068.4684684684682,price_m2_for_recommender (47.2 %); rooms_median (22.8 %); commute_daily_minutes (15.3 %)
DEST_001,Puerta del Sol,CAR,Coche,price_priority,Prioridad al precio,extended,KNN_global,5,5,1,MAD-121,Orcasitas,MAD-182,Santa Eugenia,Villa de Vallecas,False,0.38554846221557254,0.15739950059047877,2357.51,2899.99,23.01071893650502,28.416666666666664,30.5,7.331378299120243,price_m2_for_recommender (42.0 %); commute_daily_minutes (41.0 %); elevator_ratio (16.5 %)
DEST_001,Puerta del Sol,CAR,Coche,price_priority,Prioridad al precio,extended,KNN_global,5,5,2,MAD-121,Orcasitas,MAD-191,Casco Histórico de Vicálvaro,Vicálvaro,False,0.8833530734285541,0.3606273821032065,2357.51,3355.2,42.31965081802408,28.416666666666664,32.71666666666667,15.131964809384181,commute_daily_minutes (33.3 %); price_m2_for_recommender (27.1 %); exterior_ratio (20.3 %)
DEST_001,Puerta del Sol,CAR,Coche,price_priority,Prioridad al precio,extended,KNN_global,5,5,3,MAD-121,Orcasitas,MAD-165,Apóstol Santiago,Hortaleza,False,0.8837780337327935,0.36080087142092726,2357.51,4162.46,76.56171129708886,28.416666666666664,29.016666666666666,2.111436950146633,price_m2_for_recommender (88.6 %); elevator_ratio (7.0 %); area_m2_median (3.8 %)
DEST_001,Puerta del Sol,CAR,Coche,price_priority,Prioridad al precio,extended,KNN_global,5,5,4,MAD-121,Orcasitas,MAD-175,Ángeles,Villaverde,False,0.9197292633765162,0.37547789946305077,2357.51,2956.03,25.38780323307218,28.416666666666664,31.9,12.258064516129037,elevator_ratio (69.0 %); commute_daily_minutes (20.2 %); price_m2_for_recommender (9.0 %)
DEST_001,Puerta del Sol,CAR,Coche,price_priority,Prioridad al precio,extended,KNN_global,5,5,5,MAD-121,Orcasitas,MAD-104,Aluche,Latina,False,0.9805568034787346,0.40031063872290357,2357.51,3360.3,42.535980759360505,28.416666666666664,28.433333333333334,0.05865102639297105,exterior_ratio (37.1 %); elevator_ratio (36.5 %); price_m2_for_recommender (22.2 %)
DEST_001,Puerta del Sol,CAR,Coche,price_priority,Prioridad al precio,extended,Pareto_KNN,5,5,1,MAD-121,Orcasitas,MAD-144,Media Legua,Moratalaz,True,1.217670222465847,0.4971117866704339,2357.51,3876.72,64.44129611327203,28.416666666666664,20.016666666666666,-29.560117302052785,commute_daily_minutes (66.9 %); price_m2_for_recommender (33.1 %); elevator_ratio (0.1 %)
DEST_001,Puerta del Sol,CAR,Coche,price_priority,Prioridad al precio,extended,Pareto_KNN,5,5,2,MAD-121,Orcasitas,MAD-134,Palomeras Sureste,Puente de Vallecas,True,1.2883555616136941,0.5259689555384008,2357.51,2701.36,14.58530398598521,28.416666666666664,24.366666666666667,-14.252199413489727,elevator_ratio (79.9 %); commute_daily_minutes (13.9 %); exterior_ratio (3.3 %)
DEST_001,Puerta del Sol,CAR,Coche,price_priority,Prioridad al precio,extended,Pareto_KNN,5,5,3,MAD-121,Orcasitas,MAD-125,Moscardó,Usera,True,2.1573542472842746,0.8807361833787591,2357.51,3739.18,58.607174518877954,28.416666666666664,21.866666666666667,-23.04985337243401,elevator_ratio (42.0 %); exterior_ratio (34.2 %); commute_daily_minutes (13.0 %)
DEST_001,Puerta del Sol,CAR,Coche,price_priority,Prioridad al precio,extended,Pareto_KNN,5,5,4,MAD-121,Orcasitas,MAD-136,Numancia,Puente de Vallecas,True,2.728345336530797,1.113842319433751,2357.51,3239.46,37.41023367875427,28.416666666666664,22.933333333333334,-19.296187683284447,elevator_ratio (40.0 %); rooms_median (25.6 %); exterior_ratio (24.4 %)
DEST_001,Puerta del Sol,CAR,Coche,price_priority,Prioridad al precio,extended,Pareto_KNN,5,5,5,MAD-121,Orcasitas,MAD-023,Chopera,Arganzuela,True,2.877750879519944,1.1748368769448954,2357.51,5473.88,132.1890469181467,28.416666666666664,19.333333333333336,-31.964809384164205,exterior_ratio (34.3 %); price_m2_for_recommender (24.9 %); rooms_median (23.0 %)
DEST_001,Puerta del Sol,CAR,Coche,balanced,Perfil equilibrado,extended,KNN_global,5,5,1,MAD-134,Palomeras Sureste,MAD-204,Arcos,San Blas - Canillejas,False,0.38341764328678235,0.15652959740551214,2701.36,3145.08,16.425800337607715,24.366666666666667,24.566666666666663,0.8207934336525132,exterior_ratio (36.9 %); elevator_ratio (34.1 %); price_m2_for_recommender (28.4 %)
DEST_001,Puerta del Sol,CAR,Coche,balanced,Perfil equilibrado,extended,KNN_global,5,5,2,MAD-134,Palomeras Sureste,MAD-117,Abrantes,Carabanchel,False,0.404313354545503,0.16506023580491136,2701.36,2912.9,7.830870376402995,24.366666666666667,25.166666666666668,3.283173734610126,elevator_ratio (52.0 %); exterior_ratio (33.2 %); price_m2_for_recommender (5.8 %)
DEST_001,Puerta del Sol,CAR,Coche,balanced,Perfil equilibrado,extended,KNN_global,5,5,3,MAD-134,Palomeras Sureste,MAD-103,Lucero,Latina,False,0.46438760601123863,0.18958544626669416,2701.36,3310.43,22.546791245890947,24.366666666666667,26.066666666666663,6.976744186046494,elevator_ratio (42.0 %); price_m2_for_recommender (36.5 %); commute_daily_minutes (18.8 %)
DEST_001,Puerta del Sol,CAR,Coche,balanced,Perfil equilibrado,extended,KNN_global,5,5,4,MAD-134,Palomeras Sureste,MAD-112,Opañel,Carabanchel,False,0.6054071742580908,0.2471564439254236,2701.36,3500.89,29.597313945568146,24.366666666666667,26.066666666666663,6.976744186046494,price_m2_for_recommender (37.0 %); elevator_ratio (35.7 %); exterior_ratio (15.3 %)
DEST_001,Puerta del Sol,CAR,Coche,balanced,Perfil equilibrado,extended,KNN_global,5,5,5,MAD-134,Palomeras Sureste,MAD-141,Pavones,Moratalaz,False,0.6720538095707868,0.27436481885700026,2701.36,3721.75,37.773195723635496,24.366666666666667,25.516666666666666,4.719562243502046,price_m2_for_recommender (48.9 %); elevator_ratio (34.5 %); exterior_ratio (12.0 %)
DEST_001,Puerta del Sol,CAR,Coche,balanced,Perfil equilibrado,extended,Pareto_KNN,5,5,1,MAD-134,Palomeras Sureste,MAD-125,Moscardó,Usera,True,1.2084396276593286,0.4933434121207081,2701.36,3739.18,38.418426274172994,24.366666666666667,21.866666666666667,-10.259917920656635,exterior_ratio (72.5 %); price_m2_for_recommender (15.7 %); commute_daily_minutes (6.0 %)
DEST_001,Puerta del Sol,CAR,Coche,balanced,Perfil equilibrado,extended,Pareto_KNN,5,5,2,MAD-134,Palomeras Sureste,MAD-121,Orcasitas,Usera,True,1.2883555616136941,0.5259689555384008,2701.36,2357.51,-12.728773654751677,24.366666666666667,28.416666666666664,16.621067031463735,elevator_ratio (79.9 %); commute_daily_minutes (13.9 %); exterior_ratio (3.3 %)
DEST_001,Puerta del Sol,CAR,Coche,balanced,Perfil equilibrado,extended,Pareto_KNN,5,5,3,MAD-134,Palomeras Sureste,MAD-144,Media Legua,Moratalaz,True,1.4248362258465606,0.581686953392841,2701.36,3876.72,43.50993573607367,24.366666666666667,20.016666666666666,-17.852257181942548,elevator_ratio (68.8 %); price_m2_for_recommender (14.4 %); commute_daily_minutes (13.1 %)
DEST_001,Puerta del Sol,CAR,Coche,balanced,Perfil equilibrado,extended,Pareto_KNN,5,5,4,MAD-134,Palomeras Sureste,MAD-136,Numancia,Puente de Vallecas,True,1.904357282245629,0.7774506049091864,2701.36,3239.46,19.91959605532028,24.366666666666667,22.933333333333334,-5.882352941176472,rooms_median (52.6 %); exterior_ratio (34.3 %); elevator_ratio (9.1 %)
DEST_001,Puerta del Sol,CAR,Coche,balanced,Perfil equilibrado,extended,Pareto_KNN,5,5,5,MAD-134,Palomeras Sureste,MAD-203,Amposta,San Blas - Canillejas,True,2.2515640657697573,0.9191971807203684,2701.36,2544.1,-5.821512127224813,24.366666666666667,27.1,11.217510259917924,elevator_ratio (95.3 %); commute_daily_minutes (2.1 %); area_m2_median (1.5 %)
DEST_001,Puerta del Sol,CAR,Coche,time_priority,Prioridad al tiempo,extended,KNN_global,5,5,1,MAD-015,Universidad,MAD-011,Palacio,Centro,True,0.8128302965531515,0.331836579005059,7135.43,6895.15,-3.3674214448183313,10.0,16.216666666666665,62.16666666666665,commute_daily_minutes (82.2 %); exterior_ratio (12.7 %); elevator_ratio (3.0 %)
DEST_001,Puerta del Sol,CAR,Coche,time_priority,Prioridad al tiempo,extended,KNN_global,5,5,2,MAD-015,Universidad,MAD-013,Cortes,Centro,False,0.8491320764123426,0.34665671857336916,7135.43,7246.75,1.5601021942615891,10.0,13.583333333333332,35.83333333333332,exterior_ratio (59.4 %); commute_daily_minutes (25.0 %); elevator_ratio (9.6 %)
DEST_001,Puerta del Sol,CAR,Coche,time_priority,Prioridad al tiempo,extended,KNN_global,5,5,3,MAD-015,Universidad,MAD-016,Sol,Centro,False,1.110632669834133,0.4534138887931008,7135.43,7696.61,7.864697712681638,10.0,11.566666666666666,15.666666666666663,exterior_ratio (89.0 %); price_m2_for_recommender (5.4 %); commute_daily_minutes (2.8 %)
DEST_001,Puerta del Sol,CAR,Coche,time_priority,Prioridad al tiempo,extended,KNN_global,5,5,4,MAD-015,Universidad,MAD-031,Pacífico,Retiro,True,1.2005684102793777,0.4901300010814737,7135.43,6286.22,-11.901314987323818,10.0,16.3,63.000000000000014,elevator_ratio (50.5 %); commute_daily_minutes (38.7 %); price_m2_for_recommender (10.6 %)
DEST_001,Puerta del Sol,CAR,Coche,time_priority,Prioridad al tiempo,extended,KNN_global,5,5,5,MAD-015,Universidad,MAD-043,Fuente del Berro,Salamanca,False,1.227213687116707,0.5010078897992497,7135.43,7598.53,6.49014845636492,10.0,17.53333333333333,75.33333333333331,commute_daily_minutes (53.0 %); elevator_ratio (43.9 %); price_m2_for_recommender (3.0 %)
DEST_001,Puerta del Sol,CAR,Coche,time_priority,Prioridad al tiempo,extended,Pareto_KNN,5,5,1,MAD-015,Universidad,MAD-011,Palacio,Centro,True,0.8128302965531515,0.331836579005059,7135.43,6895.15,-3.3674214448183313,10.0,16.216666666666665,62.16666666666665,commute_daily_minutes (82.2 %); exterior_ratio (12.7 %); elevator_ratio (3.0 %)
DEST_001,Puerta del Sol,CAR,Coche,time_priority,Prioridad al tiempo,extended,Pareto_KNN,5,5,2,MAD-015,Universidad,MAD-031,Pacífico,Retiro,True,1.2005684102793777,0.4901300010814737,7135.43,6286.22,-11.901314987323818,10.0,16.3,63.000000000000014,elevator_ratio (50.5 %); commute_daily_minutes (38.7 %); price_m2_for_recommender (10.6 %)
DEST_001,Puerta del Sol,CAR,Coche,time_priority,Prioridad al tiempo,extended,Pareto_KNN,5,5,3,MAD-015,Universidad,MAD-026,Palos de la Frontera,Arganzuela,True,1.574469520680073,0.6427744902050977,7135.43,5784.65,-18.930604042082965,10.0,16.46666666666667,64.66666666666669,exterior_ratio (43.5 %); commute_daily_minutes (23.7 %); elevator_ratio (16.9 %)
DEST_001,Puerta del Sol,CAR,Coche,time_priority,Prioridad al tiempo,extended,Pareto_KNN,5,5,4,MAD-015,Universidad,MAD-023,Chopera,Arganzuela,True,1.9773762401784463,0.8072604696567117,7135.43,5473.88,-23.285912692017163,10.0,19.333333333333336,93.33333333333336,elevator_ratio (44.0 %); commute_daily_minutes (31.3 %); price_m2_for_recommender (15.0 %)
DEST_001,Puerta del Sol,CAR,Coche,time_priority,Prioridad al tiempo,extended,Pareto_KNN,5,5,5,MAD-015,Universidad,MAD-014,Justicia,Centro,True,2.1248005565677266,0.8674461947954392,7135.43,9541.9,33.72564792871627,10.0,9.216666666666669,-7.833333333333314,rooms_median (42.3 %); price_m2_for_recommender (27.2 %); exterior_ratio (17.1 %)
DEST_001,Puerta del Sol,TRANSIT,Transporte público,price_priority,Prioridad al precio,extended,KNN_global,5,5,1,MAD-172,San Cristóbal,MAD-202,Hellín,San Blas - Canillejas,False,0.39600067583108034,0.16166659893057295,1909.6,2498.86,30.85777126099708,139.71666666666667,148.96666666666667,6.620541572229512,commute_daily_minutes (50.1 %); price_m2_for_recommender (49.6 %); area_m2_median (0.2 %)
DEST_001,Puerta del Sol,TRANSIT,Transporte público,price_priority,Prioridad al precio,extended,KNN_global,5,5,2,MAD-172,San Cristóbal,MAD-203,Amposta,San Blas - Canillejas,False,0.7615978143045008,0.3109210057108271,1909.6,2544.1,33.22685379136992,139.71666666666667,154.88333333333333,10.855302397709643,elevator_ratio (48.0 %); commute_daily_minutes (36.4 %); price_m2_for_recommender (15.5 %)
DEST_001,Puerta del Sol,TRANSIT,Transporte público,price_priority,Prioridad al precio,extended,KNN_global,5,5,3,MAD-172,San Cristóbal,MAD-174,Los Rosales,Villaverde,False,0.8497522249966195,0.34690989317273385,1909.6,2807.4,47.015081692501056,139.71666666666667,122.3,-12.465704401765482,commute_daily_minutes (38.6 %); price_m2_for_recommender (25.0 %); elevator_ratio (23.0 %)
DEST_001,Puerta del Sol,TRANSIT,Transporte público,price_priority,Prioridad al precio,extended,KNN_global,5,5,4,MAD-172,San Cristóbal,MAD-126,Zofío,Usera,False,1.1548074382571265,0.47144816248342497,1909.6,3089.05,61.764243820695455,139.71666666666667,121.61666666666667,-12.954789454849095,elevator_ratio (41.2 %); price_m2_for_recommender (23.4 %); commute_daily_minutes (22.5 %)
DEST_001,Puerta del Sol,TRANSIT,Transporte público,price_priority,Prioridad al precio,extended,KNN_global,5,5,5,MAD-172,San Cristóbal,MAD-115,Puerta Bonita,Carabanchel,False,1.2915515328353997,0.5272737053260338,1909.6,2905.06,52.12924172601592,139.71666666666667,120.68333333333332,-13.622808063938933,elevator_ratio (44.7 %); exterior_ratio (21.3 %); commute_daily_minutes (19.9 %)
DEST_001,Puerta del Sol,TRANSIT,Transporte público,price_priority,Prioridad al precio,extended,Pareto_KNN,5,5,1,MAD-172,San Cristóbal,MAD-131,Entrevías,Puente de Vallecas,True,1.3059669789067487,0.5331587865409361,1909.6,2430.16,27.260159195643062,139.71666666666667,122.7,-12.179410712155551,exterior_ratio (66.7 %); commute_daily_minutes (15.6 %); elevator_ratio (13.1 %)
DEST_001,Puerta del Sol,TRANSIT,Transporte público,price_priority,Prioridad al precio,extended,Pareto_KNN,5,5,2,MAD-172,San Cristóbal,MAD-103,Lucero,Latina,True,2.0367423211661144,0.8314965707314665,1909.6,3310.43,73.35724759111856,139.71666666666667,96.1,-31.217941071215563,elevator_ratio (45.2 %); commute_daily_minutes (42.1 %); price_m2_for_recommender (10.6 %)
DEST_001,Puerta del Sol,TRANSIT,Transporte público,price_priority,Prioridad al precio,extended,Pareto_KNN,5,5,3,MAD-172,San Cristóbal,MAD-123,San Fermín,Usera,True,2.1325247372812375,0.8705995783669639,1909.6,2755.18,44.2804775869292,139.71666666666667,111.68333333333334,-20.064416080162232,exterior_ratio (41.2 %); elevator_ratio (38.9 %); commute_daily_minutes (15.9 %)
DEST_001,Puerta del Sol,TRANSIT,Transporte público,price_priority,Prioridad al precio,extended,Pareto_KNN,5,5,4,MAD-172,San Cristóbal,MAD-114,Vista Alegre,Carabanchel,True,2.3127692704670912,0.9441841009055457,1909.6,3213.22,68.26665270213657,139.71666666666667,102.5,-26.63724203745676,exterior_ratio (36.8 %); elevator_ratio (31.9 %); commute_daily_minutes (23.8 %)
DEST_001,Puerta del Sol,TRANSIT,Transporte público,price_priority,Prioridad al precio,extended,Pareto_KNN,5,5,5,MAD-172,San Cristóbal,MAD-112,Opañel,Carabanchel,True,2.3314601717416212,0.9518146293981015,1909.6,3500.89,83.33106409719313,139.71666666666667,83.75,-40.057258737921984,commute_daily_minutes (52.9 %); elevator_ratio (31.5 %); price_m2_for_recommender (10.4 %)
DEST_001,Puerta del Sol,TRANSIT,Transporte público,balanced,Perfil equilibrado,extended,KNN_global,5,5,1,MAD-102,Puerta del Ángel,MAD-125,Moscardó,Usera,True,0.7053148977725768,0.2879436012543488,4033.3,3739.18,-7.292291671832007,65.13333333333334,79.5,22.057318321392003,elevator_ratio (46.6 %); commute_daily_minutes (38.1 %); exterior_ratio (9.1 %)
DEST_001,Puerta del Sol,TRANSIT,Transporte público,balanced,Perfil equilibrado,extended,KNN_global,5,5,2,MAD-102,Puerta del Ángel,MAD-111,Comillas,Carabanchel,False,0.8100887956286797,0.33071736593933826,4033.3,4105.51,1.790345374755164,65.13333333333334,78.08333333333334,19.88229273285568,rooms_median (68.5 %); commute_daily_minutes (23.5 %); elevator_ratio (5.9 %)
DEST_001,Puerta del Sol,TRANSIT,Transporte público,balanced,Perfil equilibrado,extended,KNN_global,5,5,3,MAD-102,Puerta del Ángel,MAD-112,Opañel,Carabanchel,True,0.953435705545097,0.389238496855993,4033.3,3500.89,-13.200357027744037,65.13333333333334,83.75,28.58239508700101,exterior_ratio (43.2 %); commute_daily_minutes (35.0 %); elevator_ratio (14.8 %)
DEST_001,Puerta del Sol,TRANSIT,Transporte público,balanced,Perfil equilibrado,extended,KNN_global,5,5,4,MAD-102,Puerta del Ángel,MAD-101,Los Cármenes,Latina,False,1.2046956688468966,0.49181494733596565,4033.3,3502.59,-13.15820791907371,65.13333333333334,92.66666666666666,42.27226202661205,commute_daily_minutes (47.9 %); elevator_ratio (46.8 %); price_m2_for_recommender (4.3 %)
DEST_001,Puerta del Sol,TRANSIT,Transporte público,balanced,Perfil equilibrado,extended,KNN_global,5,5,5,MAD-102,Puerta del Ángel,MAD-114,Vista Alegre,Carabanchel,True,1.2827429879888916,0.5236776319509726,4033.3,3213.22,-20.33273002256218,65.13333333333334,102.5,57.3694984646878,commute_daily_minutes (77.9 %); price_m2_for_recommender (9.2 %); elevator_ratio (8.1 %)
DEST_001,Puerta del Sol,TRANSIT,Transporte público,balanced,Perfil equilibrado,extended,Pareto_KNN,5,5,1,MAD-102,Puerta del Ángel,MAD-125,Moscardó,Usera,True,0.7053148977725768,0.2879436012543488,4033.3,3739.18,-7.292291671832007,65.13333333333334,79.5,22.057318321392003,elevator_ratio (46.6 %); commute_daily_minutes (38.1 %); exterior_ratio (9.1 %)
DEST_001,Puerta del Sol,TRANSIT,Transporte público,balanced,Perfil equilibrado,extended,Pareto_KNN,5,5,2,MAD-102,Puerta del Ángel,MAD-112,Opañel,Carabanchel,True,0.953435705545097,0.389238496855993,4033.3,3500.89,-13.200357027744037,65.13333333333334,83.75,28.58239508700101,exterior_ratio (43.2 %); commute_daily_minutes (35.0 %); elevator_ratio (14.8 %)
DEST_001,Puerta del Sol,TRANSIT,Transporte público,balanced,Perfil equilibrado,extended,Pareto_KNN,5,5,3,MAD-102,Puerta del Ángel,MAD-114,Vista Alegre,Carabanchel,True,1.2827429879888916,0.5236776319509726,4033.3,3213.22,-20.33273002256218,65.13333333333334,102.5,57.3694984646878,commute_daily_minutes (77.9 %); price_m2_for_recommender (9.2 %); elevator_ratio (8.1 %)
DEST_001,Puerta del Sol,TRANSIT,Transporte público,balanced,Perfil equilibrado,extended,Pareto_KNN,5,5,4,MAD-102,Puerta del Ángel,MAD-103,Lucero,Latina,True,1.397042912180169,0.5703403806022108,4033.3,3310.43,-17.92254481441996,65.13333333333334,96.1,47.5435005117707,commute_daily_minutes (45.1 %); exterior_ratio (39.5 %); elevator_ratio (9.4 %)
DEST_001,Puerta del Sol,TRANSIT,Transporte público,balanced,Perfil equilibrado,extended,Pareto_KNN,5,5,5,MAD-102,Puerta del Ángel,MAD-123,San Fermín,Usera,True,1.6023721294977291,0.6541656825543877,4033.3,2755.18,-31.6891875139464,65.13333333333334,111.68333333333334,71.46878198567042,commute_daily_minutes (77.5 %); price_m2_for_recommender (14.2 %); elevator_ratio (5.9 %)
DEST_001,Puerta del Sol,TRANSIT,Transporte público,time_priority,Prioridad al tiempo,extended,KNN_global,5,5,1,MAD-102,Puerta del Ángel,MAD-125,Moscardó,Usera,True,0.7053148977725768,0.2879436012543488,4033.3,3739.18,-7.292291671832007,65.13333333333334,79.5,22.057318321392003,elevator_ratio (46.6 %); commute_daily_minutes (38.1 %); exterior_ratio (9.1 %)
DEST_001,Puerta del Sol,TRANSIT,Transporte público,time_priority,Prioridad al tiempo,extended,KNN_global,5,5,2,MAD-102,Puerta del Ángel,MAD-111,Comillas,Carabanchel,False,0.8100887956286797,0.33071736593933826,4033.3,4105.51,1.790345374755164,65.13333333333334,78.08333333333334,19.88229273285568,rooms_median (68.5 %); commute_daily_minutes (23.5 %); elevator_ratio (5.9 %)
DEST_001,Puerta del Sol,TRANSIT,Transporte público,time_priority,Prioridad al tiempo,extended,KNN_global,5,5,3,MAD-102,Puerta del Ángel,MAD-112,Opañel,Carabanchel,True,0.953435705545097,0.389238496855993,4033.3,3500.89,-13.200357027744037,65.13333333333334,83.75,28.58239508700101,exterior_ratio (43.2 %); commute_daily_minutes (35.0 %); elevator_ratio (14.8 %)
DEST_001,Puerta del Sol,TRANSIT,Transporte público,time_priority,Prioridad al tiempo,extended,KNN_global,5,5,4,MAD-102,Puerta del Ángel,MAD-101,Los Cármenes,Latina,False,1.2046956688468966,0.49181494733596565,4033.3,3502.59,-13.15820791907371,65.13333333333334,92.66666666666666,42.27226202661205,commute_daily_minutes (47.9 %); elevator_ratio (46.8 %); price_m2_for_recommender (4.3 %)
DEST_001,Puerta del Sol,TRANSIT,Transporte público,time_priority,Prioridad al tiempo,extended,KNN_global,5,5,5,MAD-102,Puerta del Ángel,MAD-114,Vista Alegre,Carabanchel,True,1.2827429879888916,0.5236776319509726,4033.3,3213.22,-20.33273002256218,65.13333333333334,102.5,57.3694984646878,commute_daily_minutes (77.9 %); price_m2_for_recommender (9.2 %); elevator_ratio (8.1 %)
DEST_001,Puerta del Sol,TRANSIT,Transporte público,time_priority,Prioridad al tiempo,extended,Pareto_KNN,5,5,1,MAD-102,Puerta del Ángel,MAD-125,Moscardó,Usera,True,0.7053148977725768,0.2879436012543488,4033.3,3739.18,-7.292291671832007,65.13333333333334,79.5,22.057318321392003,elevator_ratio (46.6 %); commute_daily_minutes (38.1 %); exterior_ratio (9.1 %)
DEST_001,Puerta del Sol,TRANSIT,Transporte público,time_priority,Prioridad al tiempo,extended,Pareto_KNN,5,5,2,MAD-102,Puerta del Ángel,MAD-112,Opañel,Carabanchel,True,0.953435705545097,0.389238496855993,4033.3,3500.89,-13.200357027744037,65.13333333333334,83.75,28.58239508700101,exterior_ratio (43.2 %); commute_daily_minutes (35.0 %); elevator_ratio (14.8 %)
DEST_001,Puerta del Sol,TRANSIT,Transporte público,time_priority,Prioridad al tiempo,extended,Pareto_KNN,5,5,3,MAD-102,Puerta del Ángel,MAD-114,Vista Alegre,Carabanchel,True,1.2827429879888916,0.5236776319509726,4033.3,3213.22,-20.33273002256218,65.13333333333334,102.5,57.3694984646878,commute_daily_minutes (77.9 %); price_m2_for_recommender (9.2 %); elevator_ratio (8.1 %)
DEST_001,Puerta del Sol,TRANSIT,Transporte público,time_priority,Prioridad al tiempo,extended,Pareto_KNN,5,5,4,MAD-102,Puerta del Ángel,MAD-103,Lucero,Latina,True,1.397042912180169,0.5703403806022108,4033.3,3310.43,-17.92254481441996,65.13333333333334,96.1,47.5435005117707,commute_daily_minutes (45.1 %); exterior_ratio (39.5 %); elevator_ratio (9.4 %)
DEST_001,Puerta del Sol,TRANSIT,Transporte público,time_priority,Prioridad al tiempo,extended,Pareto_KNN,5,5,5,MAD-102,Puerta del Ángel,MAD-123,San Fermín,Usera,True,1.6023721294977291,0.6541656825543877,4033.3,2755.18,-31.6891875139464,65.13333333333334,111.68333333333334,71.46878198567042,commute_daily_minutes (77.5 %); price_m2_for_recommender (14.2 %); elevator_ratio (5.9 %)
DEST_001,Puerta del Sol,WALK,A pie,price_priority,Prioridad al precio,extended,KNN_global,5,5,1,MAD-121,Orcasitas,MAD-175,Ángeles,Villaverde,False,0.9013230696485198,0.3679636023396496,2357.51,2956.03,25.38780323307218,184.06666666666663,213.7,16.099239406012327,elevator_ratio (75.5 %); commute_daily_minutes (13.1 %); price_m2_for_recommender (9.4 %)
DEST_001,Puerta del Sol,WALK,A pie,price_priority,Prioridad al precio,extended,KNN_global,5,5,2,MAD-121,Orcasitas,MAD-144,Media Legua,Moratalaz,False,0.9037411094065335,0.36895076293713236,2357.51,3876.72,64.44129611327203,184.06666666666663,132.5,-28.0152118797537,price_m2_for_recommender (60.3 %); commute_daily_minutes (39.6 %); elevator_ratio (0.1 %)
DEST_001,Puerta del Sol,WALK,A pie,price_priority,Prioridad al precio,extended,KNN_global,5,5,3,MAD-121,Orcasitas,MAD-143,Marroquina,Moratalaz,False,0.9593412550725898,0.3916494273548416,2357.51,4301.17,82.44546152508366,184.06666666666663,169.16666666666669,-8.094893154654086,price_m2_for_recommender (87.5 %); elevator_ratio (8.5 %); commute_daily_minutes (2.9 %)
DEST_001,Puerta del Sol,WALK,A pie,price_priority,Prioridad al precio,extended,KNN_global,5,5,4,MAD-121,Orcasitas,MAD-104,Aluche,Latina,False,1.0141823897891427,0.4140382268499727,2357.51,3360.3,42.535980759360505,184.06666666666663,167.53333333333333,-8.982252806953987,exterior_ratio (36.0 %); elevator_ratio (35.8 %); price_m2_for_recommender (20.9 %)
DEST_001,Puerta del Sol,WALK,A pie,price_priority,Prioridad al precio,extended,KNN_global,5,5,5,MAD-121,Orcasitas,MAD-182,Santa Eugenia,Villa de Vallecas,False,1.023309401554277,0.41776431380013235,2357.51,2899.99,23.01071893650502,184.06666666666663,272.83333333333337,48.225280695400265,commute_daily_minutes (91.5 %); price_m2_for_recommender (6.0 %); elevator_ratio (2.5 %)
DEST_001,Puerta del Sol,WALK,A pie,price_priority,Prioridad al precio,extended,Pareto_KNN,5,5,1,MAD-121,Orcasitas,MAD-117,Abrantes,Carabanchel,True,1.5569257623424002,0.6356122808554316,2357.51,2912.9,23.558330611535045,184.06666666666663,153.13333333333333,-16.80550525172038,elevator_ratio (90.2 %); commute_daily_minutes (4.8 %); price_m2_for_recommender (2.7 %)
DEST_001,Puerta del Sol,WALK,A pie,price_priority,Prioridad al precio,extended,Pareto_KNN,5,5,2,MAD-121,Orcasitas,MAD-112,Opañel,Carabanchel,True,1.9282068532508065,0.7871871515003467,2357.51,3500.89,48.49947614220086,184.06666666666663,105.11666666666667,-42.89206809127127,elevator_ratio (64.7 %); commute_daily_minutes (20.4 %); price_m2_for_recommender (7.5 %)
DEST_001,Puerta del Sol,WALK,A pie,price_priority,Prioridad al precio,extended,Pareto_KNN,5,5,3,MAD-121,Orcasitas,MAD-123,San Fermín,Usera,True,2.053641062092823,0.8383954528257871,2357.51,2755.18,16.868221131617663,184.06666666666663,162.51666666666665,-11.707714596160804,elevator_ratio (55.3 %); exterior_ratio (41.1 %); area_m2_median (1.5 %)
DEST_001,Puerta del Sol,WALK,A pie,price_priority,Prioridad al precio,extended,Pareto_KNN,5,5,4,MAD-121,Orcasitas,MAD-113,San Isidro,Carabanchel,True,2.1327060370946045,0.8706735937058324,2357.51,3670.03,55.67399502016958,184.06666666666663,101.08333333333331,-45.08330315103223,rooms_median (40.1 %); elevator_ratio (31.9 %); commute_daily_minutes (18.4 %)
DEST_001,Puerta del Sol,WALK,A pie,price_priority,Prioridad al precio,extended,Pareto_KNN,5,5,5,MAD-121,Orcasitas,MAD-125,Moscardó,Usera,True,2.249820125646715,0.9184852201464649,2357.51,3739.18,58.607174518877954,184.06666666666663,100.76666666666664,-45.255342267294466,elevator_ratio (40.6 %); exterior_ratio (32.7 %); commute_daily_minutes (16.7 %)
DEST_001,Puerta del Sol,WALK,A pie,balanced,Perfil equilibrado,extended,KNN_global,5,5,1,MAD-102,Puerta del Ángel,MAD-125,Moscardó,Usera,True,0.6085117902199696,0.24842389808440746,4033.3,3739.18,-7.292291671832007,79.71666666666665,100.76666666666664,26.40602132552789,elevator_ratio (65.8 %); commute_daily_minutes (14.5 %); exterior_ratio (11.3 %)
DEST_001,Puerta del Sol,WALK,A pie,balanced,Perfil equilibrado,extended,KNN_global,5,5,2,MAD-102,Puerta del Ángel,MAD-111,Comillas,Carabanchel,False,0.736779021026793,0.30078877578382684,4033.3,4105.51,1.790345374755164,79.71666666666665,95.85,20.238344135479835,rooms_median (84.1 %); elevator_ratio (7.5 %); commute_daily_minutes (5.8 %)
DEST_001,Puerta del Sol,WALK,A pie,balanced,Perfil equilibrado,extended,KNN_global,5,5,3,MAD-102,Puerta del Ángel,MAD-112,Opañel,Carabanchel,True,0.8024816287866645,0.32761175308081214,4033.3,3500.89,-13.200357027744037,79.71666666666665,105.11666666666667,31.862847585197603,exterior_ratio (56.5 %); elevator_ratio (22.0 %); commute_daily_minutes (12.2 %)
DEST_001,Puerta del Sol,WALK,A pie,balanced,Perfil equilibrado,extended,KNN_global,5,5,4,MAD-102,Puerta del Ángel,MAD-101,Los Cármenes,Latina,False,0.9721333074673558,0.396871760876529,4033.3,3502.59,-13.15820791907371,79.71666666666665,115.81666666666666,45.28538574116665,elevator_ratio (75.6 %); commute_daily_minutes (16.8 %); price_m2_for_recommender (6.4 %)
DEST_001,Puerta del Sol,WALK,A pie,balanced,Perfil equilibrado,extended,KNN_global,5,5,5,MAD-102,Puerta del Ángel,MAD-114,Vista Alegre,Carabanchel,False,1.077485336960957,0.4398815468141901,4033.3,3213.22,-20.33273002256218,79.71666666666665,160.98333333333335,101.9443863683881,commute_daily_minutes (69.2 %); price_m2_for_recommender (12.4 %); elevator_ratio (12.1 %)
DEST_001,Puerta del Sol,WALK,A pie,balanced,Perfil equilibrado,extended,Pareto_KNN,5,5,1,MAD-102,Puerta del Ángel,MAD-125,Moscardó,Usera,True,0.6085117902199696,0.24842389808440746,4033.3,3739.18,-7.292291671832007,79.71666666666665,100.76666666666664,26.40602132552789,elevator_ratio (65.8 %); commute_daily_minutes (14.5 %); exterior_ratio (11.3 %)
DEST_001,Puerta del Sol,WALK,A pie,balanced,Perfil equilibrado,extended,Pareto_KNN,5,5,2,MAD-102,Puerta del Ángel,MAD-112,Opañel,Carabanchel,True,0.8024816287866645,0.32761175308081214,4033.3,3500.89,-13.200357027744037,79.71666666666665,105.11666666666667,31.862847585197603,exterior_ratio (56.5 %); elevator_ratio (22.0 %); commute_daily_minutes (12.2 %)
DEST_001,Puerta del Sol,WALK,A pie,balanced,Perfil equilibrado,extended,Pareto_KNN,5,5,3,MAD-102,Puerta del Ángel,MAD-123,San Fermín,Usera,True,1.1825598897547966,0.4827780533635301,4033.3,2755.18,-31.6891875139464,79.71666666666665,162.51666666666665,103.86786535647084,commute_daily_minutes (59.6 %); price_m2_for_recommender (24.9 %); elevator_ratio (11.4 %)
DEST_001,Puerta del Sol,WALK,A pie,balanced,Perfil equilibrado,extended,Pareto_KNN,5,5,4,MAD-102,Puerta del Ángel,MAD-131,Entrevías,Puente de Vallecas,True,1.388888063302062,0.5670111774887324,4033.3,2430.16,-39.747601219844796,79.71666666666665,176.66666666666669,121.61823123562624,commute_daily_minutes (59.2 %); price_m2_for_recommender (28.4 %); elevator_ratio (12.0 %)
DEST_001,Puerta del Sol,WALK,A pie,balanced,Perfil equilibrado,extended,Pareto_KNN,5,5,5,MAD-102,Puerta del Ángel,MAD-117,Abrantes,Carabanchel,True,1.5153037069992543,0.6186201479160001,4033.3,2912.9,-27.77874197307416,79.71666666666665,153.13333333333333,92.09701024461637,exterior_ratio (51.0 %); commute_daily_minutes (28.5 %); price_m2_for_recommender (11.7 %)
DEST_001,Puerta del Sol,WALK,A pie,time_priority,Prioridad al tiempo,extended,KNN_global,5,5,1,MAD-016,Sol,MAD-013,Cortes,Centro,True,0.5795088227818462,0.2365834862094145,7696.61,7246.75,-5.844910941310522,3.7,21.166666666666664,472.072072072072,exterior_ratio (48.0 %); elevator_ratio (28.0 %); price_m2_for_recommender (12.9 %)
DEST_001,Puerta del Sol,WALK,A pie,time_priority,Prioridad al tiempo,extended,KNN_global,5,5,2,MAD-016,Sol,MAD-015,Universidad,Centro,False,1.1599139431824903,0.47353288438945007,7696.61,7135.43,-7.291261997164979,3.7,32.56666666666666,780.1801801801801,exterior_ratio (84.9 %); commute_daily_minutes (7.5 %); price_m2_for_recommender (5.0 %)
DEST_001,Puerta del Sol,WALK,A pie,time_priority,Prioridad al tiempo,extended,KNN_global,5,5,3,MAD-016,Sol,MAD-011,Palacio,Centro,False,1.4828043961032984,0.6053523598014724,7696.61,6895.15,-10.413155921892885,3.7,34.916666666666664,843.6936936936936,exterior_ratio (84.6 %); price_m2_for_recommender (6.2 %); commute_daily_minutes (5.4 %)
DEST_001,Puerta del Sol,WALK,A pie,time_priority,Prioridad al tiempo,extended,KNN_global,5,5,4,MAD-016,Sol,MAD-031,Pacífico,Retiro,False,1.7904429821465981,0.7309452866343695,7696.61,6286.22,-18.324820927655157,3.7,85.80000000000001,2218.9189189189187,exterior_ratio (33.7 %); elevator_ratio (25.9 %); commute_daily_minutes (25.6 %)
DEST_001,Puerta del Sol,WALK,A pie,time_priority,Prioridad al tiempo,extended,KNN_global,5,5,5,MAD-016,Sol,MAD-014,Justicia,Centro,False,1.812970525283039,0.7401421176081725,7696.61,9541.9,23.975360580827143,3.7,35.31666666666666,854.5045045045044,rooms_median (55.5 %); price_m2_for_recommender (22.1 %); elevator_ratio (17.0 %)
DEST_001,Puerta del Sol,WALK,A pie,time_priority,Prioridad al tiempo,extended,Pareto_KNN,5,5,1,MAD-016,Sol,MAD-013,Cortes,Centro,True,0.5795088227818462,0.2365834862094145,7696.61,7246.75,-5.844910941310522,3.7,21.166666666666664,472.072072072072,exterior_ratio (48.0 %); elevator_ratio (28.0 %); price_m2_for_recommender (12.9 %)
DEST_001,Puerta del Sol,WALK,A pie,time_priority,Prioridad al tiempo,extended,Pareto_KNN,5,5,2,MAD-016,Sol,MAD-023,Chopera,Arganzuela,True,1.9878376948562921,0.8115313406447076,7696.61,5473.88,-28.879337786376073,3.7,77.73333333333333,2000.9009009009008,elevator_ratio (48.3 %); price_m2_for_recommender (26.7 %); commute_daily_minutes (16.9 %)
DEST_001,Puerta del Sol,WALK,A pie,time_priority,Prioridad al tiempo,extended,Pareto_KNN,5,5,3,MAD-016,Sol,MAD-022,Acacias,Arganzuela,True,2.452512377428883,1.001233985426806,7696.61,5736.45,-25.467835839415017,3.7,68.91666666666667,1762.6126126126126,exterior_ratio (72.5 %); price_m2_for_recommender (13.6 %); commute_daily_minutes (8.6 %)
DEST_001,Puerta del Sol,WALK,A pie,time_priority,Prioridad al tiempo,extended,Pareto_KNN,5,5,4,MAD-016,Sol,MAD-113,San Isidro,Carabanchel,True,2.4751415308254856,1.0104722986156134,7696.61,3670.03,-52.31627950487292,3.7,101.08333333333331,2631.981981981981,price_m2_for_recommender (56.4 %); exterior_ratio (20.8 %); commute_daily_minutes (18.8 %)
DEST_001,Puerta del Sol,WALK,A pie,time_priority,Prioridad al tiempo,extended,Pareto_KNN,5,5,5,MAD-016,Sol,MAD-026,Palos de la Frontera,Arganzuela,True,2.490598697284546,1.0167826603979402,7696.61,5784.65,-24.84158610089377,3.7,55.96666666666667,1412.6126126126126,exterior_ratio (73.0 %); price_m2_for_recommender (12.6 %); elevator_ratio (7.9 %)
DEST_002,Nuevos Ministerios,BICYCLE,Bicicleta,price_priority,Prioridad al precio,extended,KNN_global,5,5,1,MAD-203,Amposta,MAD-202,Hellín,San Blas - Canillejas,True,0.5509102214171567,0.22490815609262252,2544.1,2498.86,-1.7782319877363226,75.61666666666667,83.08333333333333,9.874366321357707,elevator_ratio (85.9 %); commute_daily_minutes (14.0 %); price_m2_for_recommender (0.1 %)
DEST_002,Nuevos Ministerios,BICYCLE,Bicicleta,price_priority,Prioridad al precio,extended,KNN_global,5,5,2,MAD-203,Amposta,MAD-145,Fontarrón,Moratalaz,False,1.245159554383886,0.508334259431967,2544.1,3770.04,48.18757124326874,75.61666666666667,87.61666666666666,15.86951730218204,elevator_ratio (70.3 %); price_m2_for_recommender (20.8 %); commute_daily_minutes (7.1 %)
DEST_002,Nuevos Ministerios,BICYCLE,Bicicleta,price_priority,Prioridad al precio,extended,KNN_global,5,5,3,MAD-203,Amposta,MAD-127,Pradolongo,Usera,False,1.3137832387863315,0.536349761274597,2544.1,3390.16,33.25576824810346,75.61666666666667,103.48333333333332,36.852545735067196,exterior_ratio (48.4 %); commute_daily_minutes (34.2 %); price_m2_for_recommender (8.9 %)
DEST_002,Nuevos Ministerios,BICYCLE,Bicicleta,price_priority,Prioridad al precio,extended,KNN_global,5,5,4,MAD-203,Amposta,MAD-126,Zofío,Usera,False,1.519754210184431,0.6204370582330524,2544.1,3089.05,21.4201485790653,75.61666666666667,101.23333333333332,33.87701124090806,elevator_ratio (68.5 %); commute_daily_minutes (21.6 %); exterior_ratio (6.6 %)
DEST_002,Nuevos Ministerios,BICYCLE,Bicicleta,price_priority,Prioridad al precio,extended,KNN_global,5,5,5,MAD-203,Amposta,MAD-207,Canillejas,San Blas - Canillejas,False,1.5950673781307176,0.6511835302965417,2544.1,3409.64,34.02146142054165,75.61666666666667,81.2,7.383733744765256,elevator_ratio (68.0 %); exterior_ratio (22.1 %); price_m2_for_recommender (6.3 %)
DEST_002,Nuevos Ministerios,BICYCLE,Bicicleta,price_priority,Prioridad al precio,extended,Pareto_KNN,5,5,1,MAD-203,Amposta,MAD-202,Hellín,San Blas - Canillejas,True,0.5509102214171567,0.22490815609262252,2544.1,2498.86,-1.7782319877363226,75.61666666666667,83.08333333333333,9.874366321357707,elevator_ratio (85.9 %); commute_daily_minutes (14.0 %); price_m2_for_recommender (0.1 %)
DEST_002,Nuevos Ministerios,BICYCLE,Bicicleta,price_priority,Prioridad al precio,extended,Pareto_KNN,5,5,2,MAD-203,Amposta,MAD-131,Entrevías,Puente de Vallecas,True,1.8648982851072275,0.7613415367840155,2544.1,2430.16,-4.4785975394049,75.61666666666667,118.71666666666664,56.99801631033717,commute_daily_minutes (40.6 %); exterior_ratio (30.3 %); elevator_ratio (28.2 %)
DEST_002,Nuevos Ministerios,BICYCLE,Bicicleta,price_priority,Prioridad al precio,extended,Pareto_KNN,5,5,3,MAD-203,Amposta,MAD-172,San Cristóbal,Villaverde,True,1.927936982057685,0.7870769770471093,2544.1,1909.6,-24.940057387681303,75.61666666666667,142.06666666666666,87.87745206083314,commute_daily_minutes (90.3 %); elevator_ratio (7.4 %); price_m2_for_recommender (2.3 %)
DEST_002,Nuevos Ministerios,BICYCLE,Bicicleta,price_priority,Prioridad al precio,extended,Pareto_KNN,5,5,4,MAD-203,Amposta,MAD-153,Quintana,Ciudad Lineal,True,2.4567822491838043,1.0029771532712526,2544.1,4436.01,74.36460830942181,75.61666666666667,49.61666666666666,-34.38395415472781,elevator_ratio (39.3 %); rooms_median (30.2 %); price_m2_for_recommender (12.7 %)
DEST_002,Nuevos Ministerios,BICYCLE,Bicicleta,price_priority,Prioridad al precio,extended,Pareto_KNN,5,5,5,MAD-203,Amposta,MAD-152,Pueblo Nuevo,Ciudad Lineal,True,2.473793538121302,1.0099219828985728,2544.1,3794.82,49.16158956015881,75.61666666666667,61.266666666666666,-18.977297773859387,elevator_ratio (61.2 %); rooms_median (29.7 %); price_m2_for_recommender (5.5 %)
DEST_002,Nuevos Ministerios,BICYCLE,Bicicleta,balanced,Perfil equilibrado,extended,KNN_global,5,5,1,MAD-061,Bellas Vistas,MAD-015,Universidad,Centro,False,1.356673891601176,0.5538597969631364,5223.92,7135.43,36.59148685278489,21.700000000000003,40.15,85.02304147465435,price_m2_for_recommender (42.5 %); exterior_ratio (36.5 %); commute_daily_minutes (14.1 %)
DEST_002,Nuevos Ministerios,BICYCLE,Bicicleta,balanced,Perfil equilibrado,extended,KNN_global,5,5,2,MAD-061,Bellas Vistas,MAD-066,Berruguete,Tetuán,True,1.515003716910114,0.6184976774749524,5223.92,4789.99,-8.306597344522892,21.700000000000003,28.21666666666667,30.030721966205828,exterior_ratio (79.9 %); elevator_ratio (16.4 %); price_m2_for_recommender (1.8 %)
DEST_002,Nuevos Ministerios,BICYCLE,Bicicleta,balanced,Perfil equilibrado,extended,KNN_global,5,5,3,MAD-061,Bellas Vistas,MAD-011,Palacio,Centro,False,1.5365099264657742,0.6272775507604083,5223.92,6895.15,31.991875832707994,21.700000000000003,63.65,193.31797235023038,commute_daily_minutes (56.7 %); price_m2_for_recommender (25.3 %); exterior_ratio (11.6 %)
DEST_002,Nuevos Ministerios,BICYCLE,Bicicleta,balanced,Perfil equilibrado,extended,KNN_global,5,5,4,MAD-061,Bellas Vistas,MAD-022,Acacias,Arganzuela,False,1.6024966234111566,0.6542165069817176,5223.92,5736.45,9.81121456683869,21.700000000000003,77.53333333333333,257.29646697388625,commute_daily_minutes (92.3 %); elevator_ratio (3.9 %); price_m2_for_recommender (2.2 %)
DEST_002,Nuevos Ministerios,BICYCLE,Bicicleta,balanced,Perfil equilibrado,extended,KNN_global,5,5,5,MAD-061,Bellas Vistas,MAD-026,Palos de la Frontera,Arganzuela,False,1.6073121943812136,0.6561824555978508,5223.92,5784.65,10.733893321490367,21.700000000000003,70.93333333333334,226.8817204301075,commute_daily_minutes (71.3 %); elevator_ratio (21.4 %); price_m2_for_recommender (2.6 %)
DEST_002,Nuevos Ministerios,BICYCLE,Bicicleta,balanced,Perfil equilibrado,extended,Pareto_KNN,5,5,1,MAD-061,Bellas Vistas,MAD-066,Berruguete,Tetuán,True,1.515003716910114,0.6184976774749524,5223.92,4789.99,-8.306597344522892,21.700000000000003,28.21666666666667,30.030721966205828,exterior_ratio (79.9 %); elevator_ratio (16.4 %); price_m2_for_recommender (1.8 %)
DEST_002,Nuevos Ministerios,BICYCLE,Bicicleta,balanced,Perfil equilibrado,extended,Pareto_KNN,5,5,2,MAD-061,Bellas Vistas,MAD-062,Cuatro Caminos,Tetuán,True,2.2121531249015507,0.9031077314853506,5223.92,6496.82,24.36675906216021,21.700000000000003,12.383333333333333,-42.93394777265746,rooms_median (37.2 %); exterior_ratio (35.3 %); elevator_ratio (12.0 %)
DEST_002,Nuevos Ministerios,BICYCLE,Bicicleta,balanced,Perfil equilibrado,extended,Pareto_KNN,5,5,3,MAD-061,Bellas Vistas,MAD-075,Ríos Rosas,Chamberí,True,2.310937887581309,0.9434364419732403,5223.92,7915.16,51.517634266987244,21.700000000000003,12.133333333333333,-44.08602150537635,rooms_median (34.1 %); price_m2_for_recommender (29.0 %); elevator_ratio (28.6 %)
DEST_002,Nuevos Ministerios,BICYCLE,Bicicleta,balanced,Perfil equilibrado,extended,Pareto_KNN,5,5,4,MAD-061,Bellas Vistas,MAD-153,Quintana,Ciudad Lineal,True,2.6967397270235045,1.1009393833833305,5223.92,4436.01,-15.082734804514615,21.700000000000003,49.61666666666666,128.6482334869431,exterior_ratio (79.2 %); elevator_ratio (10.8 %); commute_daily_minutes (8.1 %)
DEST_002,Nuevos Ministerios,BICYCLE,Bicicleta,balanced,Perfil equilibrado,extended,Pareto_KNN,5,5,5,MAD-061,Bellas Vistas,MAD-151,Ventas,Ciudad Lineal,True,2.9682413748028154,1.211779466947356,5223.92,4133.07,-20.881828205638683,21.700000000000003,60.833333333333336,180.3379416282642,exterior_ratio (83.5 %); commute_daily_minutes (13.2 %); price_m2_for_recommender (2.9 %)
DEST_002,Nuevos Ministerios,BICYCLE,Bicicleta,time_priority,Prioridad al tiempo,extended,KNN_global,5,5,1,MAD-062,Cuatro Caminos,MAD-052,Prosperidad,Chamartín,False,0.5731922747617197,0.23400476627856495,6496.82,6448.55,-0.7429788727408105,12.383333333333333,29.583333333333336,138.8963660834455,commute_daily_minutes (68.5 %); exterior_ratio (16.0 %); area_m2_median (15.4 %)
DEST_002,Nuevos Ministerios,BICYCLE,Bicicleta,time_priority,Prioridad al tiempo,extended,KNN_global,5,5,2,MAD-062,Cuatro Caminos,MAD-053,Ciudad Jardín,Chamartín,False,0.7952988272524687,0.32467938663373547,6496.82,7558.9,16.347690100695417,12.383333333333333,24.316666666666663,96.36608344549123,exterior_ratio (41.7 %); price_m2_for_recommender (38.2 %); commute_daily_minutes (17.1 %)
DEST_002,Nuevos Ministerios,BICYCLE,Bicicleta,time_priority,Prioridad al tiempo,extended,KNN_global,5,5,3,MAD-062,Cuatro Caminos,MAD-076,Vallehermoso,Chamberí,False,0.8707029306673738,0.3554629829468308,6496.82,6752.36,3.9333089111288286,12.383333333333333,24.96666666666667,101.61507402422613,elevator_ratio (46.1 %); area_m2_median (22.1 %); commute_daily_minutes (15.9 %)
DEST_002,Nuevos Ministerios,BICYCLE,Bicicleta,time_priority,Prioridad al tiempo,extended,KNN_global,5,5,4,MAD-062,Cuatro Caminos,MAD-071,Gaztambide,Chamberí,False,0.9722067355798683,0.39690173777793414,6496.82,7413.6,14.111211331081986,12.383333333333333,39.43333333333333,218.4387617765814,commute_daily_minutes (58.9 %); price_m2_for_recommender (19.0 %); elevator_ratio (18.4 %)
DEST_002,Nuevos Ministerios,BICYCLE,Bicicleta,time_priority,Prioridad al tiempo,extended,KNN_global,5,5,5,MAD-062,Cuatro Caminos,MAD-044,Guindalera,Salamanca,False,0.9817892557870647,0.40081378527085754,6496.82,6722.25,3.4698514042254565,12.383333333333333,30.78333333333333,148.58681022880214,exterior_ratio (64.9 %); commute_daily_minutes (26.7 %); area_m2_median (4.8 %)
DEST_002,Nuevos Ministerios,BICYCLE,Bicicleta,time_priority,Prioridad al tiempo,extended,Pareto_KNN,5,5,1,MAD-062,Cuatro Caminos,MAD-075,Ríos Rosas,Chamberí,True,1.5136658250404795,0.6179514854063486,6496.82,7915.16,21.83129592631472,12.383333333333333,12.133333333333333,-2.018842530282638,exterior_ratio (71.5 %); price_m2_for_recommender (18.8 %); elevator_ratio (9.6 %)
DEST_002,Nuevos Ministerios,BICYCLE,Bicicleta,time_priority,Prioridad al tiempo,extended,Pareto_KNN,5,5,2,MAD-062,Cuatro Caminos,MAD-066,Berruguete,Tetuán,True,2.182814839441121,0.8911304266009894,6496.82,4789.99,-26.271776038123267,12.383333333333333,28.21666666666667,127.86002691790043,elevator_ratio (39.9 %); rooms_median (38.2 %); price_m2_for_recommender (13.1 %)
DEST_002,Nuevos Ministerios,BICYCLE,Bicicleta,time_priority,Prioridad al tiempo,extended,Pareto_KNN,5,5,3,MAD-062,Cuatro Caminos,MAD-061,Bellas Vistas,Tetuán,True,2.2121531249015507,0.9031077314853506,6496.82,5223.92,-19.59266225630385,12.383333333333333,21.700000000000003,75.235531628533,rooms_median (37.2 %); exterior_ratio (35.3 %); elevator_ratio (12.0 %)
DEST_002,Nuevos Ministerios,BICYCLE,Bicicleta,time_priority,Prioridad al tiempo,extended,Pareto_KNN,5,5,4,MAD-062,Cuatro Caminos,MAD-094,Valdezarza,Moncloa - Aravaca,True,2.3027699776852297,0.9401019067215031,6496.82,4484.04,-30.981003013782125,12.383333333333333,43.7,252.89367429340516,exterior_ratio (63.5 %); price_m2_for_recommender (16.4 %); commute_daily_minutes (14.1 %)
DEST_002,Nuevos Ministerios,BICYCLE,Bicicleta,time_priority,Prioridad al tiempo,extended,Pareto_KNN,5,5,5,MAD-062,Cuatro Caminos,MAD-165,Apóstol Santiago,Hortaleza,True,2.410099689122106,0.9839190779315875,6496.82,4162.46,-35.93080922666781,12.383333333333333,51.05,312.24764468371467,exterior_ratio (57.9 %); price_m2_for_recommender (20.1 %); commute_daily_minutes (19.6 %)
DEST_002,Nuevos Ministerios,CAR,Coche,price_priority,Prioridad al precio,extended,KNN_global,5,5,1,MAD-203,Amposta,MAD-202,Hellín,San Blas - Canillejas,True,0.5385090472894611,0.2198453979552461,2544.1,2498.86,-1.7782319877363226,27.716666666666665,29.21666666666667,5.41190619362599,elevator_ratio (91.6 %); commute_daily_minutes (8.3 %); price_m2_for_recommender (0.1 %)
DEST_002,Nuevos Ministerios,CAR,Coche,price_priority,Prioridad al precio,extended,KNN_global,5,5,2,MAD-203,Amposta,MAD-127,Pradolongo,Usera,False,1.1073388975281793,0.45206921188001803,2544.1,3390.16,33.25576824810346,27.716666666666665,31.1,12.206855081178606,exterior_ratio (65.5 %); price_m2_for_recommender (12.4 %); elevator_ratio (11.0 %)
DEST_002,Nuevos Ministerios,CAR,Coche,price_priority,Prioridad al precio,extended,KNN_global,5,5,3,MAD-203,Amposta,MAD-145,Fontarrón,Moratalaz,False,1.2221756855134025,0.4989511342573465,2544.1,3770.04,48.18757124326874,27.716666666666665,25.883333333333333,-6.614552014431745,elevator_ratio (74.4 %); price_m2_for_recommender (21.4 %); commute_daily_minutes (2.4 %)
DEST_002,Nuevos Ministerios,CAR,Coche,price_priority,Prioridad al precio,extended,KNN_global,5,5,4,MAD-203,Amposta,MAD-126,Zofío,Usera,False,1.4001772689534169,0.571619976396593,2544.1,3089.05,21.4201485790653,27.716666666666665,31.166666666666668,12.447384245339759,elevator_ratio (82.2 %); exterior_ratio (7.4 %); commute_daily_minutes (6.5 %)
DEST_002,Nuevos Ministerios,CAR,Coche,price_priority,Prioridad al precio,extended,KNN_global,5,5,5,MAD-203,Amposta,MAD-131,Entrevías,Puente de Vallecas,True,1.4512685982905693,0.5924779242560118,2544.1,2430.16,-4.4785975394049,27.716666666666665,30.166666666666668,8.83944678292244,exterior_ratio (48.0 %); elevator_ratio (47.5 %); commute_daily_minutes (3.0 %)
DEST_002,Nuevos Ministerios,CAR,Coche,price_priority,Prioridad al precio,extended,Pareto_KNN,5,5,1,MAD-203,Amposta,MAD-202,Hellín,San Blas - Canillejas,True,0.5385090472894611,0.2198453979552461,2544.1,2498.86,-1.7782319877363226,27.716666666666665,29.21666666666667,5.41190619362599,elevator_ratio (91.6 %); commute_daily_minutes (8.3 %); price_m2_for_recommender (0.1 %)
DEST_002,Nuevos Ministerios,CAR,Coche,price_priority,Prioridad al precio,extended,Pareto_KNN,5,5,2,MAD-203,Amposta,MAD-131,Entrevías,Puente de Vallecas,True,1.4512685982905693,0.5924779242560118,2544.1,2430.16,-4.4785975394049,27.716666666666665,30.166666666666668,8.83944678292244,exterior_ratio (48.0 %); elevator_ratio (47.5 %); commute_daily_minutes (3.0 %)
DEST_002,Nuevos Ministerios,CAR,Coche,price_priority,Prioridad al precio,extended,Pareto_KNN,5,5,3,MAD-203,Amposta,MAD-172,San Cristóbal,Villaverde,True,1.646204788728725,0.6720602907519269,2544.1,1909.6,-24.940057387681303,27.716666666666665,42.53333333333333,53.4576067348166,commute_daily_minutes (86.5 %); elevator_ratio (10.3 %); price_m2_for_recommender (3.2 %)
DEST_002,Nuevos Ministerios,CAR,Coche,price_priority,Prioridad al precio,extended,Pareto_KNN,5,5,4,MAD-203,Amposta,MAD-134,Palomeras Sureste,Puente de Vallecas,True,2.234005629757247,0.9120289792350419,2544.1,2701.36,6.181360795566221,27.716666666666665,26.15,-5.65243535778713,elevator_ratio (96.8 %); area_m2_median (1.5 %); exterior_ratio (1.1 %)
DEST_002,Nuevos Ministerios,CAR,Coche,price_priority,Prioridad al precio,extended,Pareto_KNN,5,5,5,MAD-203,Amposta,MAD-132,San Diego,Puente de Vallecas,True,2.2919900685847416,0.935701027259873,2544.1,3078.32,20.998388428127836,27.716666666666665,25.65,-7.456404088995789,exterior_ratio (51.4 %); rooms_median (36.3 %); elevator_ratio (10.2 %)
DEST_002,Nuevos Ministerios,CAR,Coche,balanced,Perfil equilibrado,extended,KNN_global,5,5,1,MAD-064,Almenara,MAD-154,La Concepción,Ciudad Lineal,False,0.9523463392924743,0.3887937649456707,4987.49,5658.13,13.446443000386974,11.233333333333334,17.950000000000003,59.792284866468854,commute_daily_minutes (53.1 %); elevator_ratio (29.8 %); price_m2_for_recommender (10.5 %)
DEST_002,Nuevos Ministerios,CAR,Coche,balanced,Perfil equilibrado,extended,KNN_global,5,5,2,MAD-064,Almenara,MAD-094,Valdezarza,Moncloa - Aravaca,True,1.1766901848828815,0.4803817563840433,4987.49,4484.04,-10.094255828081858,11.233333333333334,16.666666666666664,48.36795252225516,elevator_ratio (53.9 %); commute_daily_minutes (22.8 %); exterior_ratio (18.2 %)
DEST_002,Nuevos Ministerios,CAR,Coche,balanced,Perfil equilibrado,extended,KNN_global,5,5,3,MAD-064,Almenara,MAD-065,Valdeacederas,Tetuán,False,1.4643674332394112,0.5978255012309447,4987.49,5274.19,5.748382452897145,11.233333333333334,13.95,24.18397626112758,rooms_median (89.0 %); elevator_ratio (4.6 %); commute_daily_minutes (3.7 %)
DEST_002,Nuevos Ministerios,CAR,Coche,balanced,Perfil equilibrado,extended,KNN_global,5,5,4,MAD-064,Almenara,MAD-165,Apóstol Santiago,Hortaleza,True,1.6696685119873322,0.6816393156601704,4987.49,4162.46,-16.541988054111382,11.233333333333334,21.266666666666666,89.3175074183976,elevator_ratio (47.0 %); commute_daily_minutes (38.6 %); exterior_ratio (9.1 %)
DEST_002,Nuevos Ministerios,CAR,Coche,balanced,Perfil equilibrado,extended,KNN_global,5,5,5,MAD-064,Almenara,MAD-044,Guindalera,Salamanca,False,1.7163725050347025,0.7007061409795955,4987.49,6722.25,34.78222512726843,11.233333333333334,13.433333333333334,19.58456973293768,elevator_ratio (67.2 %); price_m2_for_recommender (21.7 %); exterior_ratio (9.2 %)
DEST_002,Nuevos Ministerios,CAR,Coche,balanced,Perfil equilibrado,extended,Pareto_KNN,5,5,1,MAD-064,Almenara,MAD-094,Valdezarza,Moncloa - Aravaca,True,1.1766901848828815,0.4803817563840433,4987.49,4484.04,-10.094255828081858,11.233333333333334,16.666666666666664,48.36795252225516,elevator_ratio (53.9 %); commute_daily_minutes (22.8 %); exterior_ratio (18.2 %)
DEST_002,Nuevos Ministerios,CAR,Coche,balanced,Perfil equilibrado,extended,Pareto_KNN,5,5,2,MAD-064,Almenara,MAD-165,Apóstol Santiago,Hortaleza,True,1.6696685119873322,0.6816393156601704,4987.49,4162.46,-16.541988054111382,11.233333333333334,21.266666666666666,89.3175074183976,elevator_ratio (47.0 %); commute_daily_minutes (38.6 %); exterior_ratio (9.1 %)
DEST_002,Nuevos Ministerios,CAR,Coche,balanced,Perfil equilibrado,extended,Pareto_KNN,5,5,3,MAD-064,Almenara,MAD-063,Castillejos,Tetuán,True,1.7202155193283815,0.7022750449952181,4987.49,6438.0,29.08296557988087,11.233333333333334,9.633333333333333,-14.24332344213651,elevator_ratio (72.3 %); price_m2_for_recommender (15.1 %); area_m2_median (6.7 %)
DEST_002,Nuevos Ministerios,CAR,Coche,balanced,Perfil equilibrado,extended,Pareto_KNN,5,5,4,MAD-064,Almenara,MAD-153,Quintana,Ciudad Lineal,True,1.7803406556444872,0.726821029110175,4987.49,4436.01,-11.05726527772486,11.233333333333334,20.416666666666664,81.75074183976258,rooms_median (60.2 %); commute_daily_minutes (28.4 %); elevator_ratio (5.5 %)
DEST_002,Nuevos Ministerios,CAR,Coche,balanced,Perfil equilibrado,extended,Pareto_KNN,5,5,5,MAD-064,Almenara,MAD-066,Berruguete,Tetuán,True,1.8968889439592374,0.7744016685711612,4987.49,4789.99,-3.959907689037973,11.233333333333334,13.35,18.842729970326396,rooms_median (53.0 %); exterior_ratio (43.9 %); commute_daily_minutes (1.3 %)
DEST_002,Nuevos Ministerios,CAR,Coche,time_priority,Prioridad al tiempo,extended,KNN_global,5,5,1,MAD-062,Cuatro Caminos,MAD-052,Prosperidad,Chamartín,False,0.8326026496126755,0.33990860834005754,6496.82,6448.55,-0.7429788727408105,5.983333333333333,13.433333333333334,124.5125348189415,commute_daily_minutes (85.5 %); exterior_ratio (7.3 %); area_m2_median (7.1 %)
DEST_002,Nuevos Ministerios,CAR,Coche,time_priority,Prioridad al tiempo,extended,KNN_global,5,5,2,MAD-062,Cuatro Caminos,MAD-053,Ciudad Jardín,Chamartín,False,0.8631165185865297,0.3523658431840718,6496.82,7558.9,16.347690100695417,5.983333333333333,10.65,77.99442896935933,exterior_ratio (34.0 %); price_m2_for_recommender (32.2 %); commute_daily_minutes (31.2 %)
DEST_002,Nuevos Ministerios,CAR,Coche,time_priority,Prioridad al tiempo,extended,KNN_global,5,5,3,MAD-062,Cuatro Caminos,MAD-076,Vallehermoso,Chamberí,False,0.9127039217827964,0.37260981576748997,6496.82,6752.36,3.9333089111288286,5.983333333333333,10.283333333333331,71.86629526462393,elevator_ratio (42.8 %); commute_daily_minutes (23.7 %); area_m2_median (19.6 %)
DEST_002,Nuevos Ministerios,CAR,Coche,time_priority,Prioridad al tiempo,extended,KNN_global,5,5,4,MAD-062,Cuatro Caminos,MAD-063,Castillejos,Tetuán,True,1.0208053605897789,0.4167420433571245,6496.82,6438.0,-0.9053660098324983,5.983333333333333,9.633333333333333,61.002785515320326,exterior_ratio (79.5 %); commute_daily_minutes (13.7 %); elevator_ratio (4.3 %)
DEST_002,Nuevos Ministerios,CAR,Coche,time_priority,Prioridad al tiempo,extended,KNN_global,5,5,5,MAD-062,Cuatro Caminos,MAD-071,Gaztambide,Chamberí,False,1.067963208955515,0.4359941543343904,6496.82,7413.6,14.111211331081986,5.983333333333333,14.366666666666667,140.11142061281336,commute_daily_minutes (65.8 %); price_m2_for_recommender (15.6 %); elevator_ratio (15.5 %)
DEST_002,Nuevos Ministerios,CAR,Coche,time_priority,Prioridad al tiempo,extended,Pareto_KNN,5,5,1,MAD-062,Cuatro Caminos,MAD-063,Castillejos,Tetuán,True,1.0208053605897789,0.4167420433571245,6496.82,6438.0,-0.9053660098324983,5.983333333333333,9.633333333333333,61.002785515320326,exterior_ratio (79.5 %); commute_daily_minutes (13.7 %); elevator_ratio (4.3 %)
DEST_002,Nuevos Ministerios,CAR,Coche,time_priority,Prioridad al tiempo,extended,Pareto_KNN,5,5,2,MAD-062,Cuatro Caminos,MAD-064,Almenara,Tetuán,True,2.0261120020625443,0.8271567611303486,6496.82,4987.49,-23.231827263184144,5.983333333333333,11.233333333333334,87.74373259052926,exterior_ratio (40.9 %); elevator_ratio (38.2 %); price_m2_for_recommender (11.8 %)
DEST_002,Nuevos Ministerios,CAR,Coche,time_priority,Prioridad al tiempo,extended,Pareto_KNN,5,5,3,MAD-062,Cuatro Caminos,MAD-061,Bellas Vistas,Tetuán,True,2.2555771808483374,0.9208355280906334,6496.82,5223.92,-19.59266225630385,5.983333333333333,10.733333333333334,79.38718662952648,rooms_median (37.5 %); exterior_ratio (32.6 %); elevator_ratio (11.8 %)
DEST_002,Nuevos Ministerios,CAR,Coche,time_priority,Prioridad al tiempo,extended,Pareto_KNN,5,5,4,MAD-062,Cuatro Caminos,MAD-066,Berruguete,Tetuán,True,2.2946716002510184,0.9367957579784552,6496.82,4789.99,-26.271776038123267,5.983333333333333,13.35,123.11977715877437,elevator_ratio (36.8 %); rooms_median (36.2 %); price_m2_for_recommender (11.7 %)
DEST_002,Nuevos Ministerios,CAR,Coche,time_priority,Prioridad al tiempo,extended,Pareto_KNN,5,5,5,MAD-062,Cuatro Caminos,MAD-094,Valdezarza,Moncloa - Aravaca,True,2.374074542928368,0.9692118735842832,6496.82,4484.04,-30.981003013782125,5.983333333333333,16.666666666666664,178.55153203342613,exterior_ratio (57.4 %); commute_daily_minutes (21.6 %); price_m2_for_recommender (15.3 %)
DEST_002,Nuevos Ministerios,TRANSIT,Transporte público,price_priority,Prioridad al precio,extended,KNN_global,5,5,1,MAD-202,Hellín,MAD-203,Amposta,San Blas - Canillejas,False,0.5512616977333351,0.22505164569784086,2498.86,2544.1,1.8104255540526393,120.65,128.01666666666665,6.105815720403353,elevator_ratio (90.3 %); commute_daily_minutes (9.6 %); price_m2_for_recommender (0.1 %)
DEST_002,Nuevos Ministerios,TRANSIT,Transporte público,price_priority,Prioridad al precio,extended,KNN_global,5,5,2,MAD-202,Hellín,MAD-145,Fontarrón,Moratalaz,False,0.9212756175314648,0.37610919590326025,2498.86,3770.04,50.87039690098684,120.65,138.48333333333335,14.781047105953869,price_m2_for_recommender (41.5 %); elevator_ratio (35.3 %); commute_daily_minutes (20.1 %)
DEST_002,Nuevos Ministerios,TRANSIT,Transporte público,price_priority,Prioridad al precio,extended,KNN_global,5,5,3,MAD-202,Hellín,MAD-174,Los Rosales,Villaverde,False,0.9506659195168672,0.38810773644501745,2498.86,2807.4,12.347230337033686,120.65,154.21666666666667,27.82152230971128,commute_daily_minutes (66.7 %); elevator_ratio (20.2 %); exterior_ratio (8.7 %)
DEST_002,Nuevos Ministerios,TRANSIT,Transporte público,price_priority,Prioridad al precio,extended,KNN_global,5,5,4,MAD-202,Hellín,MAD-172,San Cristóbal,Villaverde,True,1.271127923467095,0.5189358017163217,2498.86,1909.6,-23.581153005770638,120.65,174.28333333333336,44.45365381958836,commute_daily_minutes (95.3 %); price_m2_for_recommender (4.7 %); area_m2_median (0.0 %)
DEST_002,Nuevos Ministerios,TRANSIT,Transporte público,price_priority,Prioridad al precio,extended,KNN_global,5,5,5,MAD-202,Hellín,MAD-127,Pradolongo,Usera,False,1.332413474311975,0.5439555230788802,2498.86,3390.16,35.66826472871628,120.65,157.31666666666666,30.390937974858396,exterior_ratio (47.7 %); commute_daily_minutes (40.5 %); price_m2_for_recommender (9.8 %)
DEST_002,Nuevos Ministerios,TRANSIT,Transporte público,price_priority,Prioridad al precio,extended,Pareto_KNN,5,5,1,MAD-202,Hellín,MAD-172,San Cristóbal,Villaverde,True,1.271127923467094,0.5189358017163213,2498.86,1909.6,-23.581153005770638,120.65,174.28333333333336,44.45365381958836,commute_daily_minutes (95.3 %); price_m2_for_recommender (4.7 %); area_m2_median (0.0 %)
DEST_002,Nuevos Ministerios,TRANSIT,Transporte público,price_priority,Prioridad al precio,extended,Pareto_KNN,5,5,2,MAD-202,Hellín,MAD-131,Entrevías,Puente de Vallecas,True,1.342692282088993,0.5481518287818544,2498.86,2430.16,-2.74925365966882,120.65,150.16666666666669,24.464705069761024,exterior_ratio (59.2 %); commute_daily_minutes (25.9 %); elevator_ratio (13.5 %)
DEST_002,Nuevos Ministerios,TRANSIT,Transporte público,price_priority,Prioridad al precio,extended,Pareto_KNN,5,5,3,MAD-202,Hellín,MAD-207,Canillejas,San Blas - Canillejas,True,1.4620926035514197,0.5968968058997257,2498.86,3409.64,36.44782020601393,120.65,86.01666666666667,-28.705622323525354,elevator_ratio (31.9 %); commute_daily_minutes (30.0 %); exterior_ratio (26.6 %)
DEST_002,Nuevos Ministerios,TRANSIT,Transporte público,price_priority,Prioridad al precio,extended,Pareto_KNN,5,5,4,MAD-202,Hellín,MAD-064,Almenara,Tetuán,True,2.444073199703041,0.9977887055473104,2498.86,4987.49,99.59061331967375,120.65,58.55,-51.47119767923747,elevator_ratio (36.6 %); commute_daily_minutes (34.6 %); price_m2_for_recommender (22.6 %)
DEST_002,Nuevos Ministerios,TRANSIT,Transporte público,price_priority,Prioridad al precio,extended,Pareto_KNN,5,5,5,MAD-202,Hellín,MAD-066,Berruguete,Tetuán,True,3.1263152953409894,1.276312874773986,2498.86,4789.99,91.68700927622994,120.65,63.35,-47.49274761707418,exterior_ratio (33.4 %); rooms_median (18.4 %); elevator_ratio (18.3 %)
DEST_002,Nuevos Ministerios,TRANSIT,Transporte público,balanced,Perfil equilibrado,extended,KNN_global,5,5,1,MAD-061,Bellas Vistas,MAD-026,Palos de la Frontera,Arganzuela,False,1.262626557656774,0.5154651336576501,5223.92,5784.65,10.733893321490367,49.8,89.03333333333333,78.78179384203482,commute_daily_minutes (51.7 %); elevator_ratio (36.5 %); price_m2_for_recommender (4.3 %)
DEST_002,Nuevos Ministerios,TRANSIT,Transporte público,balanced,Perfil equilibrado,extended,KNN_global,5,5,2,MAD-061,Bellas Vistas,MAD-015,Universidad,Centro,False,1.3218791582040803,0.5396549065366262,5223.92,7135.43,36.59148685278489,49.8,66.21666666666667,32.96519410977243,price_m2_for_recommender (45.6 %); exterior_ratio (38.9 %); commute_daily_minutes (8.3 %)
DEST_002,Nuevos Ministerios,TRANSIT,Transporte público,balanced,Perfil equilibrado,extended,KNN_global,5,5,3,MAD-061,Bellas Vistas,MAD-066,Berruguete,Tetuán,True,1.5510315437960018,0.6332059762102441,5223.92,4789.99,-8.306597344522892,49.8,63.35,27.20883534136547,exterior_ratio (77.2 %); elevator_ratio (16.4 %); commute_daily_minutes (4.1 %)
DEST_002,Nuevos Ministerios,TRANSIT,Transporte público,balanced,Perfil equilibrado,extended,KNN_global,5,5,4,MAD-061,Bellas Vistas,MAD-012,Embajadores,Centro,False,1.594854441096484,0.6510965991163393,5223.92,6054.75,15.904340035835158,49.8,96.65,94.07630522088355,commute_daily_minutes (46.2 %); exterior_ratio (37.1 %); elevator_ratio (10.8 %)
DEST_002,Nuevos Ministerios,TRANSIT,Transporte público,balanced,Perfil equilibrado,extended,KNN_global,5,5,5,MAD-061,Bellas Vistas,MAD-022,Acacias,Arganzuela,False,1.6129160175998494,0.6584702068469206,5223.92,5736.45,9.81121456683869,49.8,116.71666666666668,134.3708165997323,commute_daily_minutes (92.1 %); elevator_ratio (4.1 %); price_m2_for_recommender (2.2 %)
DEST_002,Nuevos Ministerios,TRANSIT,Transporte público,balanced,Perfil equilibrado,extended,Pareto_KNN,5,5,1,MAD-061,Bellas Vistas,MAD-066,Berruguete,Tetuán,True,1.5510315437960018,0.6332059762102441,5223.92,4789.99,-8.306597344522892,49.8,63.35,27.20883534136547,exterior_ratio (77.2 %); elevator_ratio (16.4 %); commute_daily_minutes (4.1 %)
DEST_002,Nuevos Ministerios,TRANSIT,Transporte público,balanced,Perfil equilibrado,extended,Pareto_KNN,5,5,2,MAD-061,Bellas Vistas,MAD-063,Castillejos,Tetuán,True,2.963035215743847,1.209654061411649,5223.92,6438.0,23.240784698081136,49.8,46.61666666666667,-6.392235609103073,exterior_ratio (58.1 %); rooms_median (20.5 %); elevator_ratio (11.4 %)
DEST_002,Nuevos Ministerios,TRANSIT,Transporte público,balanced,Perfil equilibrado,extended,Pareto_KNN,5,5,3,MAD-061,Bellas Vistas,MAD-064,Almenara,Tetuán,True,3.037220711917099,1.2399401634015927,5223.92,4987.49,-4.525911575981261,49.8,58.55,17.570281124497992,exterior_ratio (76.3 %); rooms_median (19.5 %); elevator_ratio (2.6 %)
DEST_002,Nuevos Ministerios,TRANSIT,Transporte público,balanced,Perfil equilibrado,extended,Pareto_KNN,5,5,4,MAD-061,Bellas Vistas,MAD-206,Rejas,San Blas - Canillejas,True,3.185946998526238,1.3006574156568123,5223.92,3580.16,-31.466025513407562,49.8,82.26666666666665,65.194109772423,exterior_ratio (73.7 %); elevator_ratio (13.2 %); price_m2_for_recommender (5.8 %)
DEST_002,Nuevos Ministerios,TRANSIT,Transporte público,balanced,Perfil equilibrado,extended,Pareto_KNN,5,5,5,MAD-061,Bellas Vistas,MAD-207,Canillejas,San Blas - Canillejas,True,3.226216971719736,1.3170975633700834,5223.92,3409.64,-34.730240891897274,49.8,86.01666666666667,72.72423025435074,exterior_ratio (56.1 %); rooms_median (17.3 %); elevator_ratio (12.5 %)
DEST_002,Nuevos Ministerios,TRANSIT,Transporte público,time_priority,Prioridad al tiempo,extended,KNN_global,5,5,1,MAD-061,Bellas Vistas,MAD-026,Palos de la Frontera,Arganzuela,False,1.262626557656774,0.5154651336576501,5223.92,5784.65,10.733893321490367,49.8,89.03333333333333,78.78179384203482,commute_daily_minutes (51.7 %); elevator_ratio (36.5 %); price_m2_for_recommender (4.3 %)
DEST_002,Nuevos Ministerios,TRANSIT,Transporte público,time_priority,Prioridad al tiempo,extended,KNN_global,5,5,2,MAD-061,Bellas Vistas,MAD-015,Universidad,Centro,False,1.3218791582040803,0.5396549065366262,5223.92,7135.43,36.59148685278489,49.8,66.21666666666667,32.96519410977243,price_m2_for_recommender (45.6 %); exterior_ratio (38.9 %); commute_daily_minutes (8.3 %)
DEST_002,Nuevos Ministerios,TRANSIT,Transporte público,time_priority,Prioridad al tiempo,extended,KNN_global,5,5,3,MAD-061,Bellas Vistas,MAD-066,Berruguete,Tetuán,True,1.5510315437960018,0.6332059762102441,5223.92,4789.99,-8.306597344522892,49.8,63.35,27.20883534136547,exterior_ratio (77.2 %); elevator_ratio (16.4 %); commute_daily_minutes (4.1 %)
DEST_002,Nuevos Ministerios,TRANSIT,Transporte público,time_priority,Prioridad al tiempo,extended,KNN_global,5,5,4,MAD-061,Bellas Vistas,MAD-012,Embajadores,Centro,False,1.594854441096484,0.6510965991163393,5223.92,6054.75,15.904340035835158,49.8,96.65,94.07630522088355,commute_daily_minutes (46.2 %); exterior_ratio (37.1 %); elevator_ratio (10.8 %)
DEST_002,Nuevos Ministerios,TRANSIT,Transporte público,time_priority,Prioridad al tiempo,extended,KNN_global,5,5,5,MAD-061,Bellas Vistas,MAD-022,Acacias,Arganzuela,False,1.6129160175998494,0.6584702068469206,5223.92,5736.45,9.81121456683869,49.8,116.71666666666668,134.3708165997323,commute_daily_minutes (92.1 %); elevator_ratio (4.1 %); price_m2_for_recommender (2.2 %)
DEST_002,Nuevos Ministerios,TRANSIT,Transporte público,time_priority,Prioridad al tiempo,extended,Pareto_KNN,5,5,1,MAD-061,Bellas Vistas,MAD-066,Berruguete,Tetuán,True,1.5510315437960018,0.6332059762102441,5223.92,4789.99,-8.306597344522892,49.8,63.35,27.20883534136547,exterior_ratio (77.2 %); elevator_ratio (16.4 %); commute_daily_minutes (4.1 %)
DEST_002,Nuevos Ministerios,TRANSIT,Transporte público,time_priority,Prioridad al tiempo,extended,Pareto_KNN,5,5,2,MAD-061,Bellas Vistas,MAD-063,Castillejos,Tetuán,True,2.963035215743847,1.209654061411649,5223.92,6438.0,23.240784698081136,49.8,46.61666666666667,-6.392235609103073,exterior_ratio (58.1 %); rooms_median (20.5 %); elevator_ratio (11.4 %)
DEST_002,Nuevos Ministerios,TRANSIT,Transporte público,time_priority,Prioridad al tiempo,extended,Pareto_KNN,5,5,3,MAD-061,Bellas Vistas,MAD-064,Almenara,Tetuán,True,3.037220711917099,1.2399401634015927,5223.92,4987.49,-4.525911575981261,49.8,58.55,17.570281124497992,exterior_ratio (76.3 %); rooms_median (19.5 %); elevator_ratio (2.6 %)
DEST_002,Nuevos Ministerios,TRANSIT,Transporte público,time_priority,Prioridad al tiempo,extended,Pareto_KNN,5,5,4,MAD-061,Bellas Vistas,MAD-206,Rejas,San Blas - Canillejas,True,3.185946998526238,1.3006574156568123,5223.92,3580.16,-31.466025513407562,49.8,82.26666666666665,65.194109772423,exterior_ratio (73.7 %); elevator_ratio (13.2 %); price_m2_for_recommender (5.8 %)
DEST_002,Nuevos Ministerios,TRANSIT,Transporte público,time_priority,Prioridad al tiempo,extended,Pareto_KNN,5,5,5,MAD-061,Bellas Vistas,MAD-207,Canillejas,San Blas - Canillejas,True,3.226216971719736,1.3170975633700834,5223.92,3409.64,-34.730240891897274,49.8,86.01666666666667,72.72423025435074,exterior_ratio (56.1 %); rooms_median (17.3 %); elevator_ratio (12.5 %)
DEST_002,Nuevos Ministerios,WALK,A pie,price_priority,Prioridad al precio,extended,KNN_global,5,5,1,MAD-203,Amposta,MAD-202,Hellín,San Blas - Canillejas,True,0.5371621498208021,0.21929552936623595,2544.1,2498.86,-1.7782319877363226,217.2,233.76666666666668,7.627378759975457,elevator_ratio (90.3 %); commute_daily_minutes (9.5 %); price_m2_for_recommender (0.2 %)
DEST_002,Nuevos Ministerios,WALK,A pie,price_priority,Prioridad al precio,extended,KNN_global,5,5,2,MAD-203,Amposta,MAD-127,Pradolongo,Usera,False,1.097993420177288,0.44825393672794794,2544.1,3390.16,33.25576824810346,217.2,243.65,12.177716390423582,exterior_ratio (69.3 %); price_m2_for_recommender (12.7 %); elevator_ratio (11.0 %)
DEST_002,Nuevos Ministerios,WALK,A pie,price_priority,Prioridad al precio,extended,KNN_global,5,5,3,MAD-203,Amposta,MAD-145,Fontarrón,Moratalaz,False,1.2017011547047005,0.4905924420566442,2544.1,3770.04,48.18757124326874,217.2,222.8,2.578268876611429,elevator_ratio (75.5 %); price_m2_for_recommender (22.3 %); area_m2_median (2.0 %)
DEST_002,Nuevos Ministerios,WALK,A pie,price_priority,Prioridad al precio,extended,KNN_global,5,5,4,MAD-203,Amposta,MAD-126,Zofío,Usera,False,1.3690926097316407,0.5589297174096511,2544.1,3089.05,21.4201485790653,217.2,242.43333333333337,11.61755678330266,elevator_ratio (84.4 %); exterior_ratio (8.1 %); commute_daily_minutes (3.4 %)
DEST_002,Nuevos Ministerios,WALK,A pie,price_priority,Prioridad al precio,extended,KNN_global,5,5,5,MAD-203,Amposta,MAD-174,Los Rosales,Villaverde,False,1.4408265031527534,0.5882149567671374,2544.1,2807.4,10.349435949844747,217.2,322.2833333333333,48.380908532842234,commute_daily_minutes (53.1 %); elevator_ratio (41.4 %); exterior_ratio (3.7 %)
DEST_002,Nuevos Ministerios,WALK,A pie,price_priority,Prioridad al precio,extended,Pareto_KNN,5,5,1,MAD-203,Amposta,MAD-202,Hellín,San Blas - Canillejas,True,0.5371621498208021,0.21929552936623595,2544.1,2498.86,-1.7782319877363226,217.2,233.76666666666668,7.627378759975457,elevator_ratio (90.3 %); commute_daily_minutes (9.5 %); price_m2_for_recommender (0.2 %)
DEST_002,Nuevos Ministerios,WALK,A pie,price_priority,Prioridad al precio,extended,Pareto_KNN,5,5,2,MAD-203,Amposta,MAD-131,Entrevías,Puente de Vallecas,True,1.5213948327851927,0.6211068396051097,2544.1,2430.16,-4.4785975394049,217.2,267.1166666666667,22.981890730509527,exterior_ratio (45.5 %); elevator_ratio (42.4 %); commute_daily_minutes (10.8 %)
DEST_002,Nuevos Ministerios,WALK,A pie,price_priority,Prioridad al precio,extended,Pareto_KNN,5,5,3,MAD-203,Amposta,MAD-172,San Cristóbal,Villaverde,True,1.6049961241065094,0.6552369238676087,2544.1,1909.6,-24.940057387681303,217.2,366.1166666666666,68.56200122774707,commute_daily_minutes (86.0 %); elevator_ratio (10.6 %); price_m2_for_recommender (3.3 %)
DEST_002,Nuevos Ministerios,WALK,A pie,price_priority,Prioridad al precio,extended,Pareto_KNN,5,5,4,MAD-203,Amposta,MAD-112,Opañel,Carabanchel,True,1.94899203117616,0.7956726648553594,2544.1,3500.89,37.608191501906376,217.2,204.93333333333337,-5.647636586863087,elevator_ratio (87.1 %); exterior_ratio (6.0 %); price_m2_for_recommender (5.2 %)
DEST_002,Nuevos Ministerios,WALK,A pie,price_priority,Prioridad al precio,extended,Pareto_KNN,5,5,5,MAD-203,Amposta,MAD-125,Moscardó,Usera,True,2.3971702072243595,0.9786406390502491,2544.1,3739.18,46.974568609724464,217.2,198.51666666666668,-8.601903007980345,elevator_ratio (65.0 %); exterior_ratio (28.8 %); price_m2_for_recommender (5.3 %)
DEST_002,Nuevos Ministerios,WALK,A pie,balanced,Perfil equilibrado,extended,KNN_global,5,5,1,MAD-066,Berruguete,MAD-153,Quintana,Ciudad Lineal,False,1.3605021111405777,0.5554226610456174,4789.99,4436.01,-7.389994551136841,61.133333333333326,141.8,131.9520174482007,exterior_ratio (59.0 %); commute_daily_minutes (35.1 %); elevator_ratio (4.1 %)
DEST_002,Nuevos Ministerios,WALK,A pie,balanced,Perfil equilibrado,extended,KNN_global,5,5,2,MAD-066,Berruguete,MAD-065,Valdeacederas,Tetuán,False,1.3883614499455887,0.5667961884862168,4789.99,5274.19,10.108580602464722,61.133333333333326,87.9,43.78407851690297,exterior_ratio (83.1 %); elevator_ratio (10.6 %); commute_daily_minutes (3.7 %)
DEST_002,Nuevos Ministerios,WALK,A pie,balanced,Perfil equilibrado,extended,KNN_global,5,5,3,MAD-066,Berruguete,MAD-015,Universidad,Centro,False,1.4608368118465813,0.5963841310830468,4789.99,7135.43,48.96544669195553,61.133333333333326,93.4,52.780806979280285,price_m2_for_recommender (55.2 %); elevator_ratio (24.0 %); exterior_ratio (13.4 %)
DEST_002,Nuevos Ministerios,WALK,A pie,balanced,Perfil equilibrado,extended,KNN_global,5,5,4,MAD-066,Berruguete,MAD-061,Bellas Vistas,Tetuán,True,1.5078078640263428,0.6155599828367233,4789.99,5223.92,9.059100332151013,61.133333333333326,50.86666666666667,-16.793893129770982,exterior_ratio (80.7 %); elevator_ratio (16.5 %); price_m2_for_recommender (1.8 %)
DEST_002,Nuevos Ministerios,WALK,A pie,balanced,Perfil equilibrado,extended,KNN_global,5,5,5,MAD-066,Berruguete,MAD-013,Cortes,Centro,False,1.6273106576024792,0.6643467940198369,4789.99,7246.75,51.2894598944883,61.133333333333326,105.3,72.24645583424211,price_m2_for_recommender (48.8 %); elevator_ratio (36.0 %); commute_daily_minutes (7.4 %)
DEST_002,Nuevos Ministerios,WALK,A pie,balanced,Perfil equilibrado,extended,Pareto_KNN,5,5,1,MAD-066,Berruguete,MAD-061,Bellas Vistas,Tetuán,True,1.5078078640263428,0.6155599828367233,4789.99,5223.92,9.059100332151013,61.133333333333326,50.86666666666667,-16.793893129770982,exterior_ratio (80.7 %); elevator_ratio (16.5 %); price_m2_for_recommender (1.8 %)
DEST_002,Nuevos Ministerios,WALK,A pie,balanced,Perfil equilibrado,extended,Pareto_KNN,5,5,2,MAD-066,Berruguete,MAD-151,Ventas,Ciudad Lineal,True,1.7263492182096571,0.704779117077719,4789.99,4133.07,-13.714433641823888,61.133333333333326,152.65,149.70010905125412,exterior_ratio (61.9 %); commute_daily_minutes (28.1 %); elevator_ratio (6.9 %)
DEST_002,Nuevos Ministerios,WALK,A pie,balanced,Perfil equilibrado,extended,Pareto_KNN,5,5,3,MAD-066,Berruguete,MAD-136,Numancia,Puente de Vallecas,True,1.7333306580356393,0.7076292779516525,4789.99,3239.46,-32.37021371652133,61.133333333333326,211.5833333333333,246.10141766630312,commute_daily_minutes (75.3 %); price_m2_for_recommender (17.1 %); exterior_ratio (5.8 %)
DEST_002,Nuevos Ministerios,WALK,A pie,balanced,Perfil equilibrado,extended,Pareto_KNN,5,5,4,MAD-066,Berruguete,MAD-125,Moscardó,Usera,True,2.0530327876661354,0.838147125830959,4789.99,3739.18,-21.937624086897888,61.133333333333326,198.51666666666668,224.7273718647765,commute_daily_minutes (44.7 %); rooms_median (43.2 %); exterior_ratio (6.1 %)
DEST_002,Nuevos Ministerios,WALK,A pie,balanced,Perfil equilibrado,extended,Pareto_KNN,5,5,5,MAD-066,Berruguete,MAD-152,Pueblo Nuevo,Ciudad Lineal,True,2.068089845483585,0.8442941439443482,4789.99,3794.82,-20.77603502303762,61.133333333333326,181.56666666666663,197.00109051254086,exterior_ratio (60.8 %); commute_daily_minutes (33.9 %); price_m2_for_recommender (5.0 %)
DEST_002,Nuevos Ministerios,WALK,A pie,time_priority,Prioridad al tiempo,extended,KNN_global,5,5,1,MAD-062,Cuatro Caminos,MAD-052,Prosperidad,Chamartín,False,0.5976014090707372,0.24396975363192416,6496.82,6448.55,-0.7429788727408105,23.933333333333337,74.3,210.44568245125342,commute_daily_minutes (71.0 %); exterior_ratio (14.7 %); area_m2_median (14.2 %)
DEST_002,Nuevos Ministerios,WALK,A pie,time_priority,Prioridad al tiempo,extended,KNN_global,5,5,2,MAD-062,Cuatro Caminos,MAD-053,Ciudad Jardín,Chamartín,False,0.7689412782348651,0.31391896230648136,6496.82,7558.9,16.347690100695417,23.933333333333337,49.833333333333336,108.21727019498606,exterior_ratio (44.6 %); price_m2_for_recommender (40.8 %); commute_daily_minutes (11.3 %)
DEST_002,Nuevos Ministerios,WALK,A pie,time_priority,Prioridad al tiempo,extended,KNN_global,5,5,3,MAD-062,Cuatro Caminos,MAD-076,Vallehermoso,Chamberí,False,0.8677750491418043,0.35426768031933636,6496.82,6752.36,3.9333089111288286,23.933333333333337,57.9,141.92200557103058,elevator_ratio (46.4 %); area_m2_median (22.2 %); commute_daily_minutes (15.3 %)
DEST_002,Nuevos Ministerios,WALK,A pie,time_priority,Prioridad al tiempo,extended,KNN_global,5,5,4,MAD-062,Cuatro Caminos,MAD-071,Gaztambide,Chamberí,False,0.9093043292537955,0.3712219379292517,6496.82,7413.6,14.111211331081986,23.933333333333337,90.13333333333334,276.60167130919217,commute_daily_minutes (53.0 %); price_m2_for_recommender (21.8 %); elevator_ratio (21.0 %)
DEST_002,Nuevos Ministerios,WALK,A pie,time_priority,Prioridad al tiempo,extended,KNN_global,5,5,5,MAD-062,Cuatro Caminos,MAD-044,Guindalera,Salamanca,False,1.0014786814866792,0.4088519596529404,6496.82,6722.25,3.4698514042254565,23.933333333333337,78.4,227.57660167130916,exterior_ratio (62.4 %); commute_daily_minutes (29.6 %); area_m2_median (4.6 %)
DEST_002,Nuevos Ministerios,WALK,A pie,time_priority,Prioridad al tiempo,extended,Pareto_KNN,5,5,1,MAD-062,Cuatro Caminos,MAD-066,Berruguete,Tetuán,True,2.1708003865378394,0.886225546742366,6496.82,4789.99,-26.271776038123267,23.933333333333337,61.133333333333326,155.43175487465174,elevator_ratio (40.4 %); rooms_median (38.6 %); price_m2_for_recommender (13.2 %)
DEST_002,Nuevos Ministerios,WALK,A pie,time_priority,Prioridad al tiempo,extended,Pareto_KNN,5,5,2,MAD-062,Cuatro Caminos,MAD-061,Bellas Vistas,Tetuán,True,2.21362097662418,0.9037069794417684,6496.82,5223.92,-19.59266225630385,23.933333333333337,50.86666666666667,112.53481894150414,rooms_median (37.1 %); exterior_ratio (35.3 %); elevator_ratio (12.0 %)
DEST_002,Nuevos Ministerios,WALK,A pie,time_priority,Prioridad al tiempo,extended,Pareto_KNN,5,5,3,MAD-062,Cuatro Caminos,MAD-094,Valdezarza,Moncloa - Aravaca,True,2.262463240489319,0.9236467501670964,6496.82,4484.04,-30.981003013782125,23.933333333333337,98.9,313.2311977715877,exterior_ratio (65.8 %); price_m2_for_recommender (16.9 %); commute_daily_minutes (11.0 %)
DEST_002,Nuevos Ministerios,WALK,A pie,time_priority,Prioridad al tiempo,extended,Pareto_KNN,5,5,4,MAD-062,Cuatro Caminos,MAD-165,Apóstol Santiago,Hortaleza,True,2.44378168223416,0.9976696940389992,6496.82,4162.46,-35.93080922666781,23.933333333333337,138.0,476.6016713091921,exterior_ratio (56.4 %); commute_daily_minutes (21.8 %); price_m2_for_recommender (19.5 %)
DEST_002,Nuevos Ministerios,WALK,A pie,time_priority,Prioridad al tiempo,extended,Pareto_KNN,5,5,5,MAD-062,Cuatro Caminos,MAD-125,Moscardó,Usera,True,2.610039490692645,1.065544160118444,6496.82,3739.18,-42.445996656825955,23.933333333333337,198.51666666666668,729.4568245125348,commute_daily_minutes (44.7 %); price_m2_for_recommender (23.9 %); elevator_ratio (23.3 %)
DEST_003,UC3M Campus de Leganés,BICYCLE,Bicicleta,price_priority,Prioridad al precio,extended,KNN_global,5,3,1,MAD-172,San Cristóbal,MAD-174,Los Rosales,Villaverde,False,0.6643050193765571,0.27120138850704284,1909.6,2807.4,47.015081692501056,79.53333333333333,86.21666666666665,8.403185247275763,price_m2_for_recommender (39.1 %); elevator_ratio (37.0 %); exterior_ratio (17.6 %)
DEST_003,UC3M Campus de Leganés,BICYCLE,Bicicleta,price_priority,Prioridad al precio,extended,KNN_global,5,3,2,MAD-172,San Cristóbal,MAD-126,Zofío,Usera,False,1.019673113607235,0.4162798054621181,1909.6,3089.05,61.764243820695455,79.53333333333333,91.16666666666666,14.62699077954735,elevator_ratio (51.9 %); price_m2_for_recommender (28.6 %); exterior_ratio (14.6 %)
DEST_003,UC3M Campus de Leganés,BICYCLE,Bicicleta,price_priority,Prioridad al precio,extended,KNN_global,5,3,3,MAD-172,San Cristóbal,MAD-115,Puerta Bonita,Carabanchel,True,1.137388586274338,0.4643369459396085,1909.6,2905.06,52.12924172601592,79.53333333333333,75.1,-5.574182732606879,elevator_ratio (56.6 %); exterior_ratio (25.4 %); price_m2_for_recommender (16.4 %)
DEST_003,UC3M Campus de Leganés,BICYCLE,Bicicleta,price_priority,Prioridad al precio,extended,Pareto_KNN,5,3,1,MAD-172,San Cristóbal,MAD-115,Puerta Bonita,Carabanchel,True,1.1373885862743376,0.46433694593960834,1909.6,2905.06,52.12924172601592,79.53333333333333,75.1,-5.574182732606879,elevator_ratio (56.6 %); exterior_ratio (25.4 %); price_m2_for_recommender (16.4 %)
DEST_003,UC3M Campus de Leganés,BICYCLE,Bicicleta,price_priority,Prioridad al precio,extended,Pareto_KNN,5,3,2,MAD-172,San Cristóbal,MAD-171,Villaverde Alto - Casco Histórico de Villaverde,Villaverde,True,1.9458995160821944,0.7944101508550142,1909.6,2928.26,53.344155844155864,79.53333333333333,58.68333333333333,-26.21542330259849,rooms_median (48.1 %); elevator_ratio (34.8 %); exterior_ratio (7.2 %)
DEST_003,UC3M Campus de Leganés,BICYCLE,Bicicleta,price_priority,Prioridad al precio,extended,Pareto_KNN,5,3,3,MAD-172,San Cristóbal,MAD-106,Cuatro Vientos,Latina,True,3.628610168329729,1.481373897980402,1909.6,4673.53,144.73868873062423,79.53333333333333,50.48333333333333,-36.52556580050294,elevator_ratio (83.0 %); price_m2_for_recommender (12.4 %); area_m2_median (2.6 %)
DEST_003,UC3M Campus de Leganés,BICYCLE,Bicicleta,balanced,Perfil equilibrado,extended,KNN_global,5,3,1,MAD-171,Villaverde Alto - Casco Histórico de Villaverde,MAD-113,San Isidro,Carabanchel,False,0.963048625075281,0.39316295482055724,2928.26,3670.03,25.331425488173863,58.68333333333333,95.7,63.078670832149975,commute_daily_minutes (45.5 %); elevator_ratio (25.1 %); exterior_ratio (16.5 %)
DEST_003,UC3M Campus de Leganés,BICYCLE,Bicicleta,balanced,Perfil equilibrado,extended,KNN_global,5,3,2,MAD-171,Villaverde Alto - Casco Histórico de Villaverde,MAD-116,Buenavista,Carabanchel,False,0.9980349976015302,0.40744608159393036,2928.26,3291.57,12.407026698448904,58.68333333333333,66.66666666666666,13.60408974723089,elevator_ratio (93.9 %); price_m2_for_recommender (2.8 %); commute_daily_minutes (2.0 %)
DEST_003,UC3M Campus de Leganés,BICYCLE,Bicicleta,balanced,Perfil equilibrado,extended,KNN_global,5,3,3,MAD-171,Villaverde Alto - Casco Histórico de Villaverde,MAD-122,Orcasur,Usera,False,1.1875464801448496,0.48481382036551274,2928.26,3403.28,16.221920184683054,58.68333333333333,93.75,59.75575120704346,elevator_ratio (49.3 %); commute_daily_minutes (26.8 %); exterior_ratio (19.3 %)
DEST_003,UC3M Campus de Leganés,BICYCLE,Bicicleta,balanced,Perfil equilibrado,extended,Pareto_KNN,5,3,1,MAD-171,Villaverde Alto - Casco Histórico de Villaverde,MAD-115,Puerta Bonita,Carabanchel,True,1.4111815697622676,0.5761124633895565,2928.26,2905.06,-0.7922793740993037,58.68333333333333,75.1,27.97500710025561,rooms_median (91.4 %); elevator_ratio (4.3 %); commute_daily_minutes (4.2 %)
DEST_003,UC3M Campus de Leganés,BICYCLE,Bicicleta,balanced,Perfil equilibrado,extended,Pareto_KNN,5,3,2,MAD-171,Villaverde Alto - Casco Histórico de Villaverde,MAD-172,San Cristóbal,Villaverde,True,1.9458995160821944,0.7944101508550142,2928.26,1909.6,-34.78721151810291,58.68333333333333,79.53333333333333,35.52967906844647,rooms_median (48.1 %); elevator_ratio (34.8 %); exterior_ratio (7.2 %)
DEST_003,UC3M Campus de Leganés,BICYCLE,Bicicleta,balanced,Perfil equilibrado,extended,Pareto_KNN,5,3,3,MAD-171,Villaverde Alto - Casco Histórico de Villaverde,MAD-106,Cuatro Vientos,Latina,True,2.760180159498264,1.1268388314874391,2928.26,4673.53,59.60092341527048,58.68333333333333,50.48333333333333,-13.973303038909405,elevator_ratio (61.2 %); rooms_median (23.9 %); price_m2_for_recommender (8.6 %)
DEST_003,UC3M Campus de Leganés,BICYCLE,Bicicleta,time_priority,Prioridad al tiempo,extended,KNN_global,5,3,1,MAD-171,Villaverde Alto - Casco Histórico de Villaverde,MAD-113,San Isidro,Carabanchel,False,0.963048625075281,0.39316295482055724,2928.26,3670.03,25.331425488173863,58.68333333333333,95.7,63.078670832149975,commute_daily_minutes (45.5 %); elevator_ratio (25.1 %); exterior_ratio (16.5 %)
DEST_003,UC3M Campus de Leganés,BICYCLE,Bicicleta,time_priority,Prioridad al tiempo,extended,KNN_global,5,3,2,MAD-171,Villaverde Alto - Casco Histórico de Villaverde,MAD-116,Buenavista,Carabanchel,False,0.9980349976015302,0.40744608159393036,2928.26,3291.57,12.407026698448904,58.68333333333333,66.66666666666666,13.60408974723089,elevator_ratio (93.9 %); price_m2_for_recommender (2.8 %); commute_daily_minutes (2.0 %)
DEST_003,UC3M Campus de Leganés,BICYCLE,Bicicleta,time_priority,Prioridad al tiempo,extended,KNN_global,5,3,3,MAD-171,Villaverde Alto - Casco Histórico de Villaverde,MAD-122,Orcasur,Usera,False,1.1875464801448496,0.48481382036551274,2928.26,3403.28,16.221920184683054,58.68333333333333,93.75,59.75575120704346,elevator_ratio (49.3 %); commute_daily_minutes (26.8 %); exterior_ratio (19.3 %)
DEST_003,UC3M Campus de Leganés,BICYCLE,Bicicleta,time_priority,Prioridad al tiempo,extended,Pareto_KNN,5,3,1,MAD-171,Villaverde Alto - Casco Histórico de Villaverde,MAD-115,Puerta Bonita,Carabanchel,True,1.4111815697622676,0.5761124633895565,2928.26,2905.06,-0.7922793740993037,58.68333333333333,75.1,27.97500710025561,rooms_median (91.4 %); elevator_ratio (4.3 %); commute_daily_minutes (4.2 %)
DEST_003,UC3M Campus de Leganés,BICYCLE,Bicicleta,time_priority,Prioridad al tiempo,extended,Pareto_KNN,5,3,2,MAD-171,Villaverde Alto - Casco Histórico de Villaverde,MAD-172,San Cristóbal,Villaverde,True,1.9458995160821944,0.7944101508550142,2928.26,1909.6,-34.78721151810291,58.68333333333333,79.53333333333333,35.52967906844647,rooms_median (48.1 %); elevator_ratio (34.8 %); exterior_ratio (7.2 %)
DEST_003,UC3M Campus de Leganés,BICYCLE,Bicicleta,time_priority,Prioridad al tiempo,extended,Pareto_KNN,5,3,3,MAD-171,Villaverde Alto - Casco Histórico de Villaverde,MAD-106,Cuatro Vientos,Latina,True,2.760180159498264,1.1268388314874391,2928.26,4673.53,59.60092341527048,58.68333333333333,50.48333333333333,-13.973303038909405,elevator_ratio (61.2 %); rooms_median (23.9 %); price_m2_for_recommender (8.6 %)
DEST_003,UC3M Campus de Leganés,CAR,Coche,price_priority,Prioridad al precio,extended,KNN_global,5,3,1,MAD-172,San Cristóbal,MAD-126,Zofío,Usera,False,1.1047468511394143,0.4510110133730017,1909.6,3089.05,61.764243820695455,28.1,23.583333333333336,-16.073546856465,elevator_ratio (45.1 %); price_m2_for_recommender (24.2 %); commute_daily_minutes (18.1 %)
DEST_003,UC3M Campus de Leganés,CAR,Coche,price_priority,Prioridad al precio,extended,KNN_global,5,3,2,MAD-172,San Cristóbal,MAD-127,Pradolongo,Usera,False,1.1735825360318803,0.4791130640532601,1909.6,3390.16,77.53246753246754,28.1,25.48333333333333,-9.311981020166089,exterior_ratio (58.3 %); price_m2_for_recommender (33.8 %); commute_daily_minutes (5.4 %)
DEST_003,UC3M Campus de Leganés,CAR,Coche,price_priority,Prioridad al precio,extended,KNN_global,5,3,3,MAD-172,San Cristóbal,MAD-131,Entrevías,Puente de Vallecas,False,1.1999418461717608,0.4898742073556731,1909.6,2430.16,27.260159195643062,28.1,31.53333333333333,12.218268090154199,exterior_ratio (70.3 %); elevator_ratio (15.5 %); commute_daily_minutes (8.9 %)
DEST_003,UC3M Campus de Leganés,CAR,Coche,price_priority,Prioridad al precio,extended,Pareto_KNN,5,3,1,MAD-172,San Cristóbal,MAD-117,Abrantes,Carabanchel,True,1.6992746918493649,0.6937259879760109,1909.6,2912.9,52.53979891076666,28.1,19.81666666666667,-29.47805456702253,elevator_ratio (65.8 %); commute_daily_minutes (25.7 %); price_m2_for_recommender (7.4 %)
DEST_003,UC3M Campus de Leganés,CAR,Coche,price_priority,Prioridad al precio,extended,Pareto_KNN,5,3,2,MAD-172,San Cristóbal,MAD-121,Orcasitas,Usera,True,2.913506309374606,1.1894339700578618,1909.6,2357.51,23.45569752827819,28.1,22.65,-19.395017793594313,elevator_ratio (93.8 %); commute_daily_minutes (3.8 %); area_m2_median (1.9 %)
DEST_003,UC3M Campus de Leganés,CAR,Coche,price_priority,Prioridad al precio,extended,Pareto_KNN,5,3,3,MAD-172,San Cristóbal,MAD-116,Buenavista,Carabanchel,True,2.940587136364803,1.2004896713809574,1909.6,3291.57,72.36960620025138,28.1,16.016666666666666,-43.00118623962041,elevator_ratio (52.7 %); rooms_median (22.1 %); commute_daily_minutes (18.3 %)
DEST_003,UC3M Campus de Leganés,CAR,Coche,balanced,Perfil equilibrado,extended,KNN_global,5,3,1,MAD-116,Buenavista,MAD-122,Orcasur,Usera,False,1.2167499547657,0.4967360889550797,3291.57,3403.28,3.3938211856348195,16.016666666666666,26.916666666666664,68.05411030176899,commute_daily_minutes (86.9 %); exterior_ratio (11.2 %); elevator_ratio (1.2 %)
DEST_003,UC3M Campus de Leganés,CAR,Coche,balanced,Perfil equilibrado,extended,KNN_global,5,3,2,MAD-116,Buenavista,MAD-171,Villaverde Alto - Casco Histórico de Villaverde,Villaverde,False,1.2583924359007204,0.5137365606891254,3291.57,2928.26,-11.037589964667314,16.016666666666666,23.4,46.09781477627471,elevator_ratio (60.2 %); commute_daily_minutes (37.3 %); price_m2_for_recommender (1.8 %)
DEST_003,UC3M Campus de Leganés,CAR,Coche,balanced,Perfil equilibrado,extended,KNN_global,5,3,3,MAD-116,Buenavista,MAD-173,Butarque,Villaverde,False,1.417204969664954,0.5785715061026083,3291.57,3143.01,-4.5133477337562296,16.016666666666666,26.433333333333334,65.03642039542144,commute_daily_minutes (58.5 %); rooms_median (23.7 %); exterior_ratio (8.2 %)
DEST_003,UC3M Campus de Leganés,CAR,Coche,balanced,Perfil equilibrado,extended,Pareto_KNN,5,3,1,MAD-116,Buenavista,MAD-117,Abrantes,Carabanchel,True,1.6825424752134128,0.6868950891387124,3291.57,2912.9,-11.504236580112227,16.016666666666666,19.81666666666667,23.72528616024977,rooms_median (67.4 %); elevator_ratio (20.2 %); exterior_ratio (5.8 %)
DEST_003,UC3M Campus de Leganés,CAR,Coche,balanced,Perfil equilibrado,extended,Pareto_KNN,5,3,2,MAD-116,Buenavista,MAD-121,Orcasitas,Usera,True,1.805203553519553,0.7369712646636483,3291.57,2357.51,-28.377339688963016,16.016666666666666,22.65,41.41519250780437,rooms_median (58.5 %); commute_daily_minutes (14.6 %); elevator_ratio (14.5 %)
DEST_003,UC3M Campus de Leganés,CAR,Coche,balanced,Perfil equilibrado,extended,Pareto_KNN,5,3,3,MAD-116,Buenavista,MAD-172,San Cristóbal,Villaverde,True,2.940587136364803,1.2004896713809574,3291.57,1909.6,-41.98513171526051,16.016666666666666,28.1,75.44224765868888,elevator_ratio (52.7 %); rooms_median (22.1 %); commute_daily_minutes (18.3 %)
DEST_003,UC3M Campus de Leganés,CAR,Coche,time_priority,Prioridad al tiempo,extended,KNN_global,5,3,1,MAD-116,Buenavista,MAD-122,Orcasur,Usera,False,1.2167499547657,0.4967360889550797,3291.57,3403.28,3.3938211856348195,16.016666666666666,26.916666666666664,68.05411030176899,commute_daily_minutes (86.9 %); exterior_ratio (11.2 %); elevator_ratio (1.2 %)
DEST_003,UC3M Campus de Leganés,CAR,Coche,time_priority,Prioridad al tiempo,extended,KNN_global,5,3,2,MAD-116,Buenavista,MAD-171,Villaverde Alto - Casco Histórico de Villaverde,Villaverde,False,1.2583924359007204,0.5137365606891254,3291.57,2928.26,-11.037589964667314,16.016666666666666,23.4,46.09781477627471,elevator_ratio (60.2 %); commute_daily_minutes (37.3 %); price_m2_for_recommender (1.8 %)
DEST_003,UC3M Campus de Leganés,CAR,Coche,time_priority,Prioridad al tiempo,extended,KNN_global,5,3,3,MAD-116,Buenavista,MAD-173,Butarque,Villaverde,False,1.417204969664954,0.5785715061026083,3291.57,3143.01,-4.5133477337562296,16.016666666666666,26.433333333333334,65.03642039542144,commute_daily_minutes (58.5 %); rooms_median (23.7 %); exterior_ratio (8.2 %)
DEST_003,UC3M Campus de Leganés,CAR,Coche,time_priority,Prioridad al tiempo,extended,Pareto_KNN,5,3,1,MAD-116,Buenavista,MAD-117,Abrantes,Carabanchel,True,1.6825424752134128,0.6868950891387124,3291.57,2912.9,-11.504236580112227,16.016666666666666,19.81666666666667,23.72528616024977,rooms_median (67.4 %); elevator_ratio (20.2 %); exterior_ratio (5.8 %)
DEST_003,UC3M Campus de Leganés,CAR,Coche,time_priority,Prioridad al tiempo,extended,Pareto_KNN,5,3,2,MAD-116,Buenavista,MAD-121,Orcasitas,Usera,True,1.805203553519553,0.7369712646636483,3291.57,2357.51,-28.377339688963016,16.016666666666666,22.65,41.41519250780437,rooms_median (58.5 %); commute_daily_minutes (14.6 %); elevator_ratio (14.5 %)
DEST_003,UC3M Campus de Leganés,CAR,Coche,time_priority,Prioridad al tiempo,extended,Pareto_KNN,5,3,3,MAD-116,Buenavista,MAD-172,San Cristóbal,Villaverde,True,2.940587136364803,1.2004896713809574,3291.57,1909.6,-41.98513171526051,16.016666666666666,28.1,75.44224765868888,elevator_ratio (52.7 %); rooms_median (22.1 %); commute_daily_minutes (18.3 %)
DEST_003,UC3M Campus de Leganés,TRANSIT,Transporte público,price_priority,Prioridad al precio,extended,KNN_global,5,4,1,MAD-172,San Cristóbal,MAD-174,Los Rosales,Villaverde,False,0.667359026499754,0.27244818169415247,1909.6,2807.4,47.015081692501056,136.33333333333331,131.31666666666666,-3.679706601466982,elevator_ratio (39.3 %); price_m2_for_recommender (38.6 %); exterior_ratio (17.4 %)
DEST_003,UC3M Campus de Leganés,TRANSIT,Transporte público,price_priority,Prioridad al precio,extended,KNN_global,5,4,2,MAD-172,San Cristóbal,MAD-127,Pradolongo,Usera,False,1.1750410949848602,0.4797085182523549,1909.6,3390.16,77.53246753246754,136.33333333333331,124.18333333333334,-8.911980440097784,exterior_ratio (60.5 %); price_m2_for_recommender (33.9 %); commute_daily_minutes (3.0 %)
DEST_003,UC3M Campus de Leganés,TRANSIT,Transporte público,price_priority,Prioridad al precio,extended,KNN_global,5,4,3,MAD-172,San Cristóbal,MAD-126,Zofío,Usera,False,1.1950182533749905,0.48786415901345137,1909.6,3089.05,61.764243820695455,136.33333333333331,99.06666666666666,-27.334963325183367,elevator_ratio (40.5 %); commute_daily_minutes (27.5 %); price_m2_for_recommender (20.8 %)
DEST_003,UC3M Campus de Leganés,TRANSIT,Transporte público,price_priority,Prioridad al precio,extended,KNN_global,5,4,4,MAD-172,San Cristóbal,MAD-145,Fontarrón,Moratalaz,False,1.3886833268520404,0.5669275941830155,1909.6,3770.04,97.42563887725179,136.33333333333331,192.0333333333333,40.85574572127139,commute_daily_minutes (45.6 %); price_m2_for_recommender (38.3 %); elevator_ratio (15.1 %)
DEST_003,UC3M Campus de Leganés,TRANSIT,Transporte público,price_priority,Prioridad al precio,extended,Pareto_KNN,5,4,1,MAD-172,San Cristóbal,MAD-115,Puerta Bonita,Carabanchel,True,1.5198678743309413,0.6204834614265522,1909.6,2905.06,52.12924172601592,136.33333333333331,77.75,-42.97066014669926,commute_daily_minutes (42.1 %); elevator_ratio (33.9 %); exterior_ratio (14.2 %)
DEST_003,UC3M Campus de Leganés,TRANSIT,Transporte público,price_priority,Prioridad al precio,extended,Pareto_KNN,5,4,2,MAD-172,San Cristóbal,MAD-114,Vista Alegre,Carabanchel,True,2.2567107313088712,0.9212982981283009,1909.6,3213.22,68.26665270213657,136.33333333333331,74.28333333333333,-45.51344743276283,exterior_ratio (35.7 %); elevator_ratio (35.3 %); commute_daily_minutes (21.4 %)
DEST_003,UC3M Campus de Leganés,TRANSIT,Transporte público,price_priority,Prioridad al precio,extended,Pareto_KNN,5,4,3,MAD-172,San Cristóbal,MAD-121,Orcasitas,Usera,True,2.954220453294802,1.2060554497109814,1909.6,2357.51,23.45569752827819,136.33333333333331,113.03333333333332,-17.09046454767726,elevator_ratio (95.8 %); area_m2_median (1.9 %); commute_daily_minutes (1.8 %)
DEST_003,UC3M Campus de Leganés,TRANSIT,Transporte público,price_priority,Prioridad al precio,extended,Pareto_KNN,5,4,4,MAD-172,San Cristóbal,MAD-116,Buenavista,Carabanchel,True,3.0423737411467657,1.2420438787753145,1909.6,3291.57,72.36960620025138,136.33333333333331,51.61666666666667,-62.139364303178475,elevator_ratio (51.7 %); commute_daily_minutes (22.0 %); rooms_median (19.7 %)
DEST_003,UC3M Campus de Leganés,TRANSIT,Transporte público,balanced,Perfil equilibrado,extended,KNN_global,5,4,1,MAD-116,Buenavista,MAD-113,San Isidro,Carabanchel,False,1.100986638415012,0.449475912956484,3291.57,3670.03,11.49785664591669,51.61666666666667,106.4,106.13496932515339,commute_daily_minutes (70.1 %); elevator_ratio (20.7 %); exterior_ratio (6.6 %)
DEST_003,UC3M Campus de Leganés,TRANSIT,Transporte público,balanced,Perfil equilibrado,extended,KNN_global,5,4,2,MAD-116,Buenavista,MAD-171,Villaverde Alto - Casco Histórico de Villaverde,Villaverde,False,1.1319323841363702,0.4621094607443579,3291.57,2928.26,-11.037589964667314,51.61666666666667,80.68333333333332,56.312560542460425,elevator_ratio (78.1 %); commute_daily_minutes (18.7 %); price_m2_for_recommender (2.2 %)
DEST_003,UC3M Campus de Leganés,TRANSIT,Transporte público,balanced,Perfil equilibrado,extended,KNN_global,5,4,3,MAD-116,Buenavista,MAD-107,Águilas,Latina,False,1.4415991680406193,0.5885303958867101,3291.57,3231.64,-1.8207116968498402,51.61666666666667,76.6,48.401679044236346,rooms_median (87.8 %); commute_daily_minutes (8.5 %); exterior_ratio (2.7 %)
DEST_003,UC3M Campus de Leganés,TRANSIT,Transporte público,balanced,Perfil equilibrado,extended,KNN_global,5,4,4,MAD-116,Buenavista,MAD-122,Orcasur,Usera,False,1.506202235873839,0.614904487888343,3291.57,3403.28,3.3938211856348195,51.61666666666667,137.05,165.5150145301905,commute_daily_minutes (91.1 %); exterior_ratio (7.6 %); elevator_ratio (0.8 %)
DEST_003,UC3M Campus de Leganés,TRANSIT,Transporte público,balanced,Perfil equilibrado,extended,Pareto_KNN,5,4,1,MAD-116,Buenavista,MAD-114,Vista Alegre,Carabanchel,True,1.8878273939703658,0.7707023062792515,3291.57,3213.22,-2.3803230677154175,51.61666666666667,74.28333333333333,43.9134646432031,rooms_median (51.2 %); exterior_ratio (24.5 %); elevator_ratio (20.2 %)
DEST_003,UC3M Campus de Leganés,TRANSIT,Transporte público,balanced,Perfil equilibrado,extended,Pareto_KNN,5,4,2,MAD-116,Buenavista,MAD-115,Puerta Bonita,Carabanchel,True,1.9430822771494913,0.79326001787691,3291.57,2905.06,-11.742420790078905,51.61666666666667,77.75,50.629641588634165,rooms_median (48.3 %); elevator_ratio (44.9 %); commute_daily_minutes (5.1 %)
DEST_003,UC3M Campus de Leganés,TRANSIT,Transporte público,balanced,Perfil equilibrado,extended,Pareto_KNN,5,4,3,MAD-116,Buenavista,MAD-121,Orcasitas,Usera,True,1.9495417495732204,0.7958970864511958,3291.57,2357.51,-28.377339688963016,51.61666666666667,113.03333333333332,118.98611559573779,rooms_median (48.0 %); commute_daily_minutes (28.1 %); elevator_ratio (13.1 %)
DEST_003,UC3M Campus de Leganés,TRANSIT,Transporte público,balanced,Perfil equilibrado,extended,Pareto_KNN,5,4,4,MAD-116,Buenavista,MAD-172,San Cristóbal,Villaverde,True,3.0423737411467657,1.2420438787753145,3291.57,1909.6,-41.98513171526051,51.61666666666667,136.33333333333331,164.12657410397154,elevator_ratio (51.7 %); commute_daily_minutes (22.0 %); rooms_median (19.7 %)
DEST_003,UC3M Campus de Leganés,TRANSIT,Transporte público,time_priority,Prioridad al tiempo,extended,KNN_global,5,4,1,MAD-116,Buenavista,MAD-113,San Isidro,Carabanchel,False,1.100986638415012,0.449475912956484,3291.57,3670.03,11.49785664591669,51.61666666666667,106.4,106.13496932515339,commute_daily_minutes (70.1 %); elevator_ratio (20.7 %); exterior_ratio (6.6 %)
DEST_003,UC3M Campus de Leganés,TRANSIT,Transporte público,time_priority,Prioridad al tiempo,extended,KNN_global,5,4,2,MAD-116,Buenavista,MAD-171,Villaverde Alto - Casco Histórico de Villaverde,Villaverde,False,1.1319323841363702,0.4621094607443579,3291.57,2928.26,-11.037589964667314,51.61666666666667,80.68333333333332,56.312560542460425,elevator_ratio (78.1 %); commute_daily_minutes (18.7 %); price_m2_for_recommender (2.2 %)
DEST_003,UC3M Campus de Leganés,TRANSIT,Transporte público,time_priority,Prioridad al tiempo,extended,KNN_global,5,4,3,MAD-116,Buenavista,MAD-107,Águilas,Latina,False,1.4415991680406193,0.5885303958867101,3291.57,3231.64,-1.8207116968498402,51.61666666666667,76.6,48.401679044236346,rooms_median (87.8 %); commute_daily_minutes (8.5 %); exterior_ratio (2.7 %)
DEST_003,UC3M Campus de Leganés,TRANSIT,Transporte público,time_priority,Prioridad al tiempo,extended,KNN_global,5,4,4,MAD-116,Buenavista,MAD-122,Orcasur,Usera,False,1.506202235873839,0.614904487888343,3291.57,3403.28,3.3938211856348195,51.61666666666667,137.05,165.5150145301905,commute_daily_minutes (91.1 %); exterior_ratio (7.6 %); elevator_ratio (0.8 %)
DEST_003,UC3M Campus de Leganés,TRANSIT,Transporte público,time_priority,Prioridad al tiempo,extended,Pareto_KNN,5,4,1,MAD-116,Buenavista,MAD-114,Vista Alegre,Carabanchel,True,1.8878273939703658,0.7707023062792515,3291.57,3213.22,-2.3803230677154175,51.61666666666667,74.28333333333333,43.9134646432031,rooms_median (51.2 %); exterior_ratio (24.5 %); elevator_ratio (20.2 %)
DEST_003,UC3M Campus de Leganés,TRANSIT,Transporte público,time_priority,Prioridad al tiempo,extended,Pareto_KNN,5,4,2,MAD-116,Buenavista,MAD-115,Puerta Bonita,Carabanchel,True,1.9430822771494913,0.79326001787691,3291.57,2905.06,-11.742420790078905,51.61666666666667,77.75,50.629641588634165,rooms_median (48.3 %); elevator_ratio (44.9 %); commute_daily_minutes (5.1 %)
DEST_003,UC3M Campus de Leganés,TRANSIT,Transporte público,time_priority,Prioridad al tiempo,extended,Pareto_KNN,5,4,3,MAD-116,Buenavista,MAD-121,Orcasitas,Usera,True,1.9495417495732204,0.7958970864511958,3291.57,2357.51,-28.377339688963016,51.61666666666667,113.03333333333332,118.98611559573779,rooms_median (48.0 %); commute_daily_minutes (28.1 %); elevator_ratio (13.1 %)
DEST_003,UC3M Campus de Leganés,TRANSIT,Transporte público,time_priority,Prioridad al tiempo,extended,Pareto_KNN,5,4,4,MAD-116,Buenavista,MAD-172,San Cristóbal,Villaverde,True,3.0423737411467657,1.2420438787753145,3291.57,1909.6,-41.98513171526051,51.61666666666667,136.33333333333331,164.12657410397154,elevator_ratio (51.7 %); commute_daily_minutes (22.0 %); rooms_median (19.7 %)
DEST_003,UC3M Campus de Leganés,WALK,A pie,price_priority,Prioridad al precio,extended,KNN_global,5,3,1,MAD-172,San Cristóbal,MAD-174,Los Rosales,Villaverde,False,0.6722905862579414,0.27446148253475283,1909.6,2807.4,47.015081692501056,213.56666666666663,216.16666666666663,1.217418448571872,elevator_ratio (39.7 %); price_m2_for_recommender (27.4 %); area_m2_median (17.6 %)
DEST_003,UC3M Campus de Leganés,WALK,A pie,price_priority,Prioridad al precio,extended,KNN_global,5,3,2,MAD-172,San Cristóbal,MAD-126,Zofío,Usera,False,1.0002608942307682,0.4083548000875661,1909.6,3089.05,61.764243820695455,213.56666666666663,223.53333333333336,4.666770719525547,elevator_ratio (59.3 %); price_m2_for_recommender (21.4 %); exterior_ratio (13.3 %)
DEST_003,UC3M Campus de Leganés,WALK,A pie,price_priority,Prioridad al precio,extended,KNN_global,5,3,3,MAD-172,San Cristóbal,MAD-127,Pradolongo,Usera,False,1.1031662096184705,0.4503657191742402,1909.6,3390.16,77.53246753246754,213.56666666666663,237.4,11.159669111908869,exterior_ratio (60.0 %); price_m2_for_recommender (27.7 %); commute_daily_minutes (5.5 %)
DEST_003,UC3M Campus de Leganés,WALK,A pie,price_priority,Prioridad al precio,extended,Pareto_KNN,5,3,1,MAD-172,San Cristóbal,MAD-171,Villaverde Alto - Casco Histórico de Villaverde,Villaverde,True,2.5152299105059224,1.026838311087618,1909.6,2928.26,53.344155844155864,213.56666666666663,149.83333333333334,-29.842359918838756,rooms_median (61.4 %); elevator_ratio (22.9 %); commute_daily_minutes (7.6 %)
DEST_003,UC3M Campus de Leganés,WALK,A pie,price_priority,Prioridad al precio,extended,Pareto_KNN,5,3,2,MAD-172,San Cristóbal,MAD-121,Orcasitas,Usera,True,3.0964936705550192,1.264138247436259,1909.6,2357.51,23.45569752827819,213.56666666666663,206.13333333333333,-3.4805681286093226,elevator_ratio (89.6 %); area_m2_median (10.0 %); price_m2_for_recommender (0.3 %)
DEST_003,UC3M Campus de Leganés,WALK,A pie,price_priority,Prioridad al precio,extended,Pareto_KNN,5,3,3,MAD-172,San Cristóbal,MAD-116,Buenavista,Carabanchel,True,3.1647123284720764,1.2919883979086366,1909.6,3291.57,72.36960620025138,213.56666666666663,142.93333333333334,-33.073201186202574,elevator_ratio (49.1 %); rooms_median (38.8 %); commute_daily_minutes (5.9 %)
DEST_003,UC3M Campus de Leganés,WALK,A pie,balanced,Perfil equilibrado,extended,KNN_global,5,3,1,MAD-171,Villaverde Alto - Casco Histórico de Villaverde,MAD-116,Buenavista,Carabanchel,True,1.034936776981778,0.4225111699409912,2928.26,3291.57,12.407026698448904,149.83333333333334,142.93333333333334,-4.605116796440493,elevator_ratio (96.0 %); price_m2_for_recommender (1.9 %); exterior_ratio (0.9 %)
DEST_003,UC3M Campus de Leganés,WALK,A pie,balanced,Perfil equilibrado,extended,KNN_global,5,3,2,MAD-171,Villaverde Alto - Casco Histórico de Villaverde,MAD-122,Orcasur,Usera,False,1.4915251968519492,0.608912611798585,2928.26,3403.28,16.221920184683054,149.83333333333334,246.4,64.44938820912124,commute_daily_minutes (49.5 %); elevator_ratio (34.4 %); exterior_ratio (10.7 %)
DEST_003,UC3M Campus de Leganés,WALK,A pie,balanced,Perfil equilibrado,extended,KNN_global,5,3,3,MAD-171,Villaverde Alto - Casco Histórico de Villaverde,MAD-113,San Isidro,Carabanchel,False,1.537500911093228,0.6276821185404422,2928.26,3670.03,25.331425488173863,149.83333333333334,275.96666666666664,84.18242491657395,commute_daily_minutes (79.4 %); elevator_ratio (10.8 %); exterior_ratio (5.6 %)
DEST_003,UC3M Campus de Leganés,WALK,A pie,balanced,Perfil equilibrado,extended,Pareto_KNN,5,3,1,MAD-171,Villaverde Alto - Casco Histórico de Villaverde,MAD-116,Buenavista,Carabanchel,True,1.0349367769817786,0.42251116994099136,2928.26,3291.57,12.407026698448904,149.83333333333334,142.93333333333334,-4.605116796440493,elevator_ratio (96.0 %); price_m2_for_recommender (1.9 %); exterior_ratio (0.9 %)
DEST_003,UC3M Campus de Leganés,WALK,A pie,balanced,Perfil equilibrado,extended,Pareto_KNN,5,3,2,MAD-171,Villaverde Alto - Casco Histórico de Villaverde,MAD-172,San Cristóbal,Villaverde,True,2.5152299105059224,1.026838311087618,2928.26,1909.6,-34.78721151810291,149.83333333333334,213.56666666666663,42.53615127919908,rooms_median (61.4 %); elevator_ratio (22.9 %); commute_daily_minutes (7.6 %)
DEST_003,UC3M Campus de Leganés,WALK,A pie,balanced,Perfil equilibrado,extended,Pareto_KNN,5,3,3,MAD-171,Villaverde Alto - Casco Histórico de Villaverde,MAD-121,Orcasitas,Usera,True,2.817341902961309,1.1501750155361612,2928.26,2357.51,-19.491097102033287,149.83333333333334,206.13333333333333,37.575083426028904,rooms_median (48.9 %); elevator_ratio (37.6 %); area_m2_median (5.1 %)
DEST_003,UC3M Campus de Leganés,WALK,A pie,time_priority,Prioridad al tiempo,extended,KNN_global,5,3,1,MAD-116,Buenavista,MAD-171,Villaverde Alto - Casco Histórico de Villaverde,Villaverde,True,1.034936776981778,0.4225111699409912,3291.57,2928.26,-11.037589964667314,142.93333333333334,149.83333333333334,4.827425373134332,elevator_ratio (96.0 %); price_m2_for_recommender (1.9 %); exterior_ratio (0.9 %)
DEST_003,UC3M Campus de Leganés,WALK,A pie,time_priority,Prioridad al tiempo,extended,KNN_global,5,3,2,MAD-116,Buenavista,MAD-122,Orcasur,Usera,False,1.2161035682730545,0.4964722027744783,3291.57,3403.28,3.3938211856348195,142.93333333333334,246.4,72.38805970149254,commute_daily_minutes (85.4 %); exterior_ratio (10.2 %); area_m2_median (2.9 %)
DEST_003,UC3M Campus de Leganés,WALK,A pie,time_priority,Prioridad al tiempo,extended,KNN_global,5,3,3,MAD-116,Buenavista,MAD-113,San Isidro,Carabanchel,False,1.561817741843634,0.6376094231237946,3291.57,3670.03,11.49785664591669,142.93333333333334,275.96666666666664,93.07369402985073,commute_daily_minutes (85.6 %); elevator_ratio (10.6 %); exterior_ratio (2.9 %)
DEST_003,UC3M Campus de Leganés,WALK,A pie,time_priority,Prioridad al tiempo,extended,Pareto_KNN,5,3,1,MAD-116,Buenavista,MAD-171,Villaverde Alto - Casco Histórico de Villaverde,Villaverde,True,1.0349367769817786,0.42251116994099136,3291.57,2928.26,-11.037589964667314,142.93333333333334,149.83333333333334,4.827425373134332,elevator_ratio (96.0 %); price_m2_for_recommender (1.9 %); exterior_ratio (0.9 %)
DEST_003,UC3M Campus de Leganés,WALK,A pie,time_priority,Prioridad al tiempo,extended,Pareto_KNN,5,3,2,MAD-116,Buenavista,MAD-121,Orcasitas,Usera,True,2.3353831698343455,0.9534161866629491,3291.57,2357.51,-28.377339688963016,142.93333333333334,206.13333333333333,44.21641791044775,rooms_median (71.2 %); elevator_ratio (9.3 %); commute_daily_minutes (8.6 %)
DEST_003,UC3M Campus de Leganés,WALK,A pie,time_priority,Prioridad al tiempo,extended,Pareto_KNN,5,3,3,MAD-116,Buenavista,MAD-172,San Cristóbal,Villaverde,True,3.1647123284720764,1.2919883979086366,3291.57,1909.6,-41.98513171526051,142.93333333333334,213.56666666666663,49.41697761194027,elevator_ratio (49.1 %); rooms_median (38.8 %); commute_daily_minutes (5.9 %)
