zone_key,neighborhood_name,district_name,has_real_estate_data,price_estimate_available,coverage_status,total_listings,eligible_listings,excluded_listings,eligible_percentage,excluded_percentage,market_share_percentage,num_listings,price_eur_mean,price_eur_median,price_eur_q1,price_eur_q3,price_eur_iqr,price_eur_min,price_eur_max,price_m2_mean,price_m2_median,price_m2_q1,price_m2_q3,price_m2_iqr,price_m2_std,price_m2_relative_iqr_percentage,price_m2_median_ci_low,price_m2_median_ci_high,price_m2_median_ci_width,price_m2_median_ci_relative_width_percentage,price_m2_median_bootstrap_se,bootstrap_sample_size,bootstrap_iterations,bootstrap_confidence_level,bootstrap_status,area_m2_mean,area_m2_median,area_m2_q1,area_m2_q3,area_m2_iqr,area_m2_min,area_m2_max,rooms_mean,rooms_median,rooms_known_count,rooms_unknown_count,rooms_coverage_percentage,bathrooms_mean,bathrooms_median,bathrooms_known_count,bathrooms_unknown_count,bathrooms_coverage_percentage,elevator_ratio,elevator_percentage,elevator_known_count,elevator_unknown_count,elevator_coverage_percentage,exterior_ratio,exterior_percentage,exterior_known_count,exterior_unknown_count,exterior_coverage_percentage,sample_size_score,ci_precision_score,price_homogeneity_score,price_reliability_score,price_reliability_level,price_reliability_reason,market_scope,price_type,source_snapshot_date_status,registered_price_m2_total_2025,registered_price_m2_new_2025,registered_price_m2_used_2025,registered_index_madrid_total_2025,registered_index_madrid_new_2025,registered_index_madrid_used_2025,registered_index_type_total_2025,registered_index_type_new_2025,registered_index_type_used_2025,registered_price_available,registered_new_price_available,registered_used_price_available,reference_year,price_unit,price_statistic,housing_market_scope,source_publisher,source_origin,source_series_code,minimum_cases_to_publish_neighborhood,source_coverage_2025_percentage,kaggle_asking_price_available,kaggle_features_available,kaggle_sample_reliability_score,kaggle_sample_reliability_level,price_m2_for_recommender,price_m2_for_recommender_source,housing_data_availability_status,registered_minus_kaggle_eur_m2,registered_vs_kaggle_gap_percentage,registered_to_kaggle_price_ratio,destination_id,destination_name,transport_mode,transport_mode_label,service_date,morning_requested_datetime,morning_route_status,morning_routing_errors_json,morning_request_error,evening_requested_datetime,evening_route_status,evening_routing_errors_json,evening_request_error,morning_start_datetime,morning_end_datetime,morning_all_modes,morning_transit_modes,morning_routes_used,morning_agencies_used,morning_duration_minutes,morning_distance_meters,morning_walk_time_minutes,morning_waiting_time_minutes,morning_walk_distance_meters,morning_number_of_transfers,evening_start_datetime,evening_end_datetime,evening_all_modes,evening_transit_modes,evening_routes_used,evening_agencies_used,evening_duration_minutes,evening_distance_meters,evening_walk_time_minutes,evening_waiting_time_minutes,evening_walk_distance_meters,evening_number_of_transfers,route_status,route_available,no_route_scenarios,commute_daily_minutes,commute_daily_distance_meters,commute_daily_walk_minutes,commute_daily_waiting_minutes,commute_daily_walk_distance_meters,commute_daily_transfers,route_missing_reason,usable_for_pareto_knn,model_readiness_status,is_pareto,dominated_by_count,price_normalized,time_normalized,distance_to_ideal,pareto_balance_rank,reference_price_80m2_eur
MAD-172,San Cristóbal,Villaverde,True,True,available,40,22,18,55.0,45.0,0.2,22,140040.91,131250.0,118000.0,174000.0,56000.0,68400.0,214900.0,2395.76,2237.9,1956.42,2652.88,696.46,731.5,31.12,2020.86,2360.79,339.93,15.19,107.07,22,2000,0.95,calculated,59.95,60.0,50.25,64.5,14.25,44.0,91.0,2.55,3.0,22,0,100.0,1.0,1.0,8,14,36.36,0.1905,19.05,21,1,95.45,1.0,100.0,19,3,86.36,15.87,46.03,50.79,36.67,low,La estimación debe interpretarse con precaución por el tamaño de la muestra o la variabilidad de los precios.,residential_sale,asking_price,unknown,1909.6,1746.72,1942.18,36.13,34.65,36.41,100,91.47,101.71,True,True,True,2025,EUR_per_m2,mean_declared_transaction_price,residential_sales,Ayuntamiento de Madrid,Colegio de Registradores de España,504020100060,15,97.7,True,True,36.67,low,1909.6,registered_transactions_2025,official_price_and_kaggle_features,-328.3000000000002,-14.670003127932445,0.8532999687206756,DEST_001,Puerta del Sol,BICYCLE,Bicicleta,2026-07-29,2026-07-29T09:00:00+02:00,success,[],,2026-07-29T18:00:00+02:00,success,[],,2026-07-29T08:13:23+02:00,2026-07-29T09:00:00+02:00,BICYCLE,,,,46.61666666666667,11156.89,0.0,0.0,0.0,0.0,2026-07-29T18:00:00+02:00,2026-07-29T18:48:19+02:00,BICYCLE,,,,48.31666666666667,11502.83,0.0,0.0,0.0,0.0,complete_route,True,0,94.93333333333334,22659.72,0.0,0.0,0.0,0.0,,True,usable,True,0,0.0,0.5061488673139158,0.5061488673139158,14,152768.0
MAD-121,Orcasitas,Usera,True,True,available,26,19,7,73.08,26.92,0.17,19,272768.42,275000.0,240000.0,320000.0,80000.0,138000.0,380000.0,2907.24,2726.19,2328.1,3336.4,1008.3,871.71,36.99,2339.13,3235.29,896.16,32.87,311.47,19,2000,0.95,calculated,98.63,100.0,84.5,109.0,24.5,35.0,164.0,2.74,3.0,19,0,100.0,1.5,1.5,6,13,31.58,0.875,87.5,16,3,84.21,1.0,100.0,16,3,84.21,12.3,4.76,17.46,10.58,low,La estimación debe interpretarse con precaución por el tamaño de la muestra o la variabilidad de los precios.,residential_sale,asking_price,unknown,2357.51,,2366.82,44.6,,44.38,100,,100.39,True,False,True,2025,EUR_per_m2,mean_declared_transaction_price,residential_sales,Ayuntamiento de Madrid,Colegio de Registradores de España,504020100060,15,97.7,True,True,10.58,low,2357.51,registered_transactions_2025,official_price_and_kaggle_features,-368.67999999999984,-13.523635549980003,0.8647636445001999,DEST_001,Puerta del Sol,BICYCLE,Bicicleta,2026-07-29,2026-07-29T09:00:00+02:00,success,[],,2026-07-29T18:00:00+02:00,success,[],,2026-07-29T08:23:36+02:00,2026-07-29T09:00:00+02:00,BICYCLE,,,,36.4,8862.75,0.0,0.0,0.0,0.0,2026-07-29T18:00:00+02:00,2026-07-29T18:37:19+02:00,BICYCLE,,,,37.31666666666667,9223.93,0.0,0.0,0.0,0.0,complete_route,True,0,73.71666666666667,18086.68,0.0,0.0,0.0,0.0,,True,usable,True,0,0.036716251763431,0.3884419787332409,0.3901733640136794,11,188600.80000000002
MAD-131,Entrevías,Puente de Vallecas,True,True,available,83,67,16,80.72,19.28,0.6,67,189897.91,184900.0,164000.0,199500.0,35500.0,103000.0,293000.0,2534.13,2352.94,2061.43,2991.89,930.46,640.11,39.54,2212.77,2681.16,468.39,19.91,114.37,67,2000,0.95,calculated,78.78,74.0,61.0,95.5,34.5,48.0,142.0,2.9,3.0,67,0,100.0,1.32,1.0,22,45,32.84,0.3051,30.51,59,8,88.06,0.8947,89.47,57,10,85.07,51.59,26.59,15.08,32.46,low,La estimación debe interpretarse con precaución por el tamaño de la muestra o la variabilidad de los precios.,residential_sale,asking_price,unknown,2430.16,2472.77,2390.0,45.98,49.05,44.81,100,101.75,98.35,True,True,True,2025,EUR_per_m2,mean_declared_transaction_price,residential_sales,Ayuntamiento de Madrid,Colegio de Registradores de España,504020100060,15,97.7,True,True,32.46,low,2430.16,registered_transactions_2025,official_price_and_kaggle_features,77.2199999999998,3.281851640925812,1.032818516409258,DEST_001,Puerta del Sol,BICYCLE,Bicicleta,2026-07-29,2026-07-29T09:00:00+02:00,success,[],,2026-07-29T18:00:00+02:00,success,[],,2026-07-29T08:24:57+02:00,2026-07-29T09:00:00+02:00,BICYCLE,,,,35.05,8716.67,0.0,0.0,0.0,0.0,2026-07-29T18:00:00+02:00,2026-07-29T18:36:31+02:00,BICYCLE,,,,36.516666666666666,9111.32,0.0,0.0,0.0,0.0,complete_route,True,0,71.56666666666666,17827.989999999998,0.0,0.0,0.0,0.0,,True,usable,True,0,0.04267154566312792,0.3765141007859454,0.378924436926321,10,194412.8
MAD-135,Portazgo,Puente de Vallecas,True,True,available,28,23,5,82.14,17.86,0.21,23,229042.3,215000.0,181000.0,274450.0,93450.0,119073.0,355000.0,2850.47,2847.62,2457.11,3155.54,698.43,588.75,24.53,2509.62,3140.35,630.74,22.15,107.26,23,2000,0.95,calculated,82.61,76.0,61.0,100.5,39.5,50.0,143.0,2.74,3.0,23,0,100.0,1.25,1.0,12,11,52.17,0.4348,43.48,23,0,100.0,0.913,91.3,23,0,100.0,17.46,19.84,80.16,34.09,low,La estimación debe interpretarse con precaución por el tamaño de la muestra o la variabilidad de los precios.,residential_sale,asking_price,unknown,2703.76,2621.25,2720.65,51.15,51.99,51.01,100,96.95,100.62,True,True,True,2025,EUR_per_m2,mean_declared_transaction_price,residential_sales,Ayuntamiento de Madrid,Colegio de Registradores de España,504020100060,15,97.7,True,True,34.09,low,2703.76,registered_transactions_2025,official_price_and_kaggle_features,-143.85999999999967,-5.051938109719685,0.9494806189028032,DEST_001,Puerta del Sol,BICYCLE,Bicicleta,2026-07-29,2026-07-29T09:00:00+02:00,success,[],,2026-07-29T18:00:00+02:00,success,[],,2026-07-29T08:23:39+02:00,2026-07-29T09:00:00+02:00,BICYCLE,,,,36.35,7371.54,0.0,0.0,0.0,0.0,2026-07-29T18:00:00+02:00,2026-07-29T18:34:29+02:00,BICYCLE,,,,34.483333333333334,7780.61,0.0,0.0,0.0,0.0,complete_route,True,0,70.83333333333334,15152.15,0.0,0.0,0.0,0.0,,True,usable,True,0,0.06509919068662533,0.3724456773000463,0.3780921675564621,9,216300.80000000002
MAD-123,San Fermín,Usera,True,True,available,49,40,9,81.63,18.37,0.36,40,228987.22,197400.0,168750.0,241000.0,72250.0,114000.0,690000.0,2869.28,2726.67,2345.99,3322.92,976.93,909.97,35.83,2539.41,3070.45,531.04,19.48,134.9,40,2000,0.95,calculated,79.92,75.5,65.0,90.0,25.0,47.0,133.0,2.61,3.0,38,2,95.0,1.33,1.0,6,34,15.0,0.5135,51.35,37,3,92.5,0.8649,86.49,37,3,92.5,35.32,29.37,21.43,29.46,low,La estimación debe interpretarse con precaución por el tamaño de la muestra o la variabilidad de los precios.,residential_sale,asking_price,unknown,2755.18,,2725.91,52.12,,51.11,100,,98.94,True,False,True,2025,EUR_per_m2,mean_declared_transaction_price,residential_sales,Ayuntamiento de Madrid,Colegio de Registradores de España,504020100060,15,97.7,True,True,29.46,low,2755.18,registered_transactions_2025,official_price_and_kaggle_features,28.509999999999764,1.0455977437680306,1.0104559774376802,DEST_001,Puerta del Sol,BICYCLE,Bicicleta,2026-07-29,2026-07-29T09:00:00+02:00,success,[],,2026-07-29T18:00:00+02:00,success,[],,2026-07-29T08:32:08+02:00,2026-07-29T09:00:00+02:00,BICYCLE,,,,27.866666666666667,6694.08,0.0,0.0,0.0,0.0,2026-07-29T18:00:00+02:00,2026-07-29T18:29:07+02:00,BICYCLE,,,,29.116666666666667,7170.85,0.0,0.0,0.0,0.0,complete_route,True,0,56.98333333333333,13864.93,0.0,0.0,0.0,0.0,,True,usable,True,0,0.06931421081494488,0.2956079519186315,0.3036256264850294,6,220414.4
MAD-117,Abrantes,Carabanchel,True,True,available,55,40,15,72.73,27.27,0.36,40,234710.55,221500.0,186250.0,290000.0,103750.0,120000.0,435000.0,2960.7,2890.36,2614.29,3330.48,716.2,511.57,24.78,2655.82,3087.02,431.2,14.92,98.94,40,2000,0.95,calculated,80.68,77.0,64.75,101.0,36.25,33.0,161.0,3.03,3.0,39,1,97.5,1.57,1.0,7,33,17.5,0.525,52.5,40,0,100.0,1.0,100.0,38,2,95.0,35.32,46.83,76.98,50.34,medium,La estimación presenta una estabilidad intermedia en comparación con el resto de barrios.,residential_sale,asking_price,unknown,2912.9,,2885.23,55.11,,54.1,100,,99.05,True,False,True,2025,EUR_per_m2,mean_declared_transaction_price,residential_sales,Ayuntamiento de Madrid,Colegio de Registradores de España,504020100060,15,97.7,True,True,50.34,medium,2912.9,registered_transactions_2025,official_price_and_kaggle_features,22.539999999999964,0.7798336539393004,1.007798336539393,DEST_001,Puerta del Sol,BICYCLE,Bicicleta,2026-07-29,2026-07-29T09:00:00+02:00,success,[],,2026-07-29T18:00:00+02:00,success,[],,2026-07-29T08:30:58+02:00,2026-07-29T09:00:00+02:00,BICYCLE,,,,29.03333333333333,6466.77,0.0,0.0,0.0,0.0,2026-07-29T18:00:00+02:00,2026-07-29T18:27:14+02:00,BICYCLE,,,,27.23333333333333,6113.73,0.0,0.0,0.0,0.0,complete_route,True,0,56.266666666666666,12580.5,0.0,0.0,0.0,0.0,,True,usable,True,0,0.08224289565816861,0.2916319926028664,0.3030067870457009,5,233032.0
MAD-126,Zofío,Usera,True,True,available,32,27,5,84.38,15.62,0.24,27,237655.56,225000.0,194000.0,280000.0,86000.0,65400.0,499000.0,3147.7,3326.67,2818.56,3609.09,790.53,593.6,23.76,2907.69,3600.0,692.31,20.81,191.33,27,2000,0.95,calculated,76.74,69.0,57.5,86.0,28.5,40.0,150.0,2.78,3.0,27,0,100.0,1.25,1.0,4,23,14.81,0.3704,37.04,27,0,100.0,0.96,96.0,25,2,92.59,22.22,25.4,81.75,38.37,low,La estimación debe interpretarse con precaución por el tamaño de la muestra o la variabilidad de los precios.,residential_sale,asking_price,unknown,3089.05,,3088.21,58.44,,57.9,100,,99.97,True,False,True,2025,EUR_per_m2,mean_declared_transaction_price,residential_sales,Ayuntamiento de Madrid,Colegio de Registradores de España,504020100060,15,97.7,True,True,38.37,low,3089.05,registered_transactions_2025,official_price_and_kaggle_features,-237.6199999999999,-7.142878614350083,0.9285712138564992,DEST_001,Puerta del Sol,BICYCLE,Bicicleta,2026-07-29,2026-07-29T09:00:00+02:00,success,[],,2026-07-29T18:00:00+02:00,success,[],,2026-07-29T08:32:29+02:00,2026-07-29T09:00:00+02:00,BICYCLE,,,,27.516666666666666,5929.79,0.0,0.0,0.0,0.0,2026-07-29T18:00:00+02:00,2026-07-29T18:26:35+02:00,BICYCLE,,,,26.58333333333333,5742.75,0.0,0.0,0.0,0.0,complete_route,True,0,54.1,11672.54,0.0,0.0,0.0,0.0,,True,usable,True,0,0.09668233158978069,0.2796116504854369,0.2958549447429034,4,247124.0
MAD-112,Opañel,Carabanchel,True,True,available,73,63,10,86.3,13.7,0.57,63,288376.03,292000.0,219000.0,313500.0,94500.0,156000.0,543800.0,3497.65,3586.96,2980.56,3885.55,905.0,755.55,25.23,3380.28,3737.5,357.22,9.96,98.21,63,2000,0.95,calculated,86.06,79.0,68.5,89.0,20.5,43.0,314.0,2.67,3.0,61,2,96.83,1.75,1.0,12,51,19.05,0.5079,50.79,63,0,100.0,0.9508,95.08,61,2,96.83,49.21,76.19,75.4,66.55,medium,La estimación presenta una estabilidad intermedia en comparación con el resto de barrios.,residential_sale,asking_price,unknown,3500.89,3794.8,3469.85,66.23,75.27,65.06,100,108.4,99.11,True,True,True,2025,EUR_per_m2,mean_declared_transaction_price,residential_sales,Ayuntamiento de Madrid,Colegio de Registradores de España,504020100060,15,97.7,True,True,66.55,medium,3500.89,registered_transactions_2025,official_price_and_kaggle_features,-86.07000000000016,-2.3995249459152084,0.976004750540848,DEST_001,Puerta del Sol,BICYCLE,Bicicleta,2026-07-29,2026-07-29T09:00:00+02:00,success,[],,2026-07-29T18:00:00+02:00,success,[],,2026-07-29T08:37:21+02:00,2026-07-29T09:00:00+02:00,BICYCLE,,,,22.65,4919.82,0.0,0.0,0.0,0.0,2026-07-29T18:00:00+02:00,2026-07-29T18:20:35+02:00,BICYCLE,,,,20.58333333333333,4271.74,0.0,0.0,0.0,0.0,complete_route,True,0,43.23333333333333,9191.56,0.0,0.0,0.0,0.0,,True,usable,True,0,0.13044183936199252,0.21932501155802123,0.25518333439130775,3,280071.2
MAD-125,Moscardó,Usera,True,True,available,63,58,5,92.06,7.94,0.52,58,284055.17,261000.0,225000.0,340000.0,115000.0,111400.0,625000.0,4002.68,3935.97,3307.43,4581.82,1274.39,976.18,32.38,3565.96,4314.52,748.56,19.02,168.98,58,2000,0.95,calculated,72.03,69.0,56.5,79.0,22.5,40.0,127.0,2.43,3.0,56,2,96.55,1.56,2.0,18,40,31.03,0.5357,53.57,56,2,96.55,0.8679,86.79,53,5,91.38,47.62,32.94,44.44,40.95,low,La estimación debe interpretarse con precaución por el tamaño de la muestra o la variabilidad de los precios.,residential_sale,asking_price,unknown,3739.18,4123.27,3701.66,70.74,81.79,69.4,100,110.27,99.0,True,True,True,2025,EUR_per_m2,mean_declared_transaction_price,residential_sales,Ayuntamiento de Madrid,Colegio de Registradores de España,504020100060,15,97.7,True,True,40.95,low,3739.18,registered_transactions_2025,official_price_and_kaggle_features,-196.79,-4.999784043069433,0.9500021595693056,DEST_001,Puerta del Sol,BICYCLE,Bicicleta,2026-07-29,2026-07-29T09:00:00+02:00,success,[],,2026-07-29T18:00:00+02:00,success,[],,2026-07-29T08:39:23+02:00,2026-07-29T09:00:00+02:00,BICYCLE,,,,20.616666666666667,4528.57,0.0,0.0,0.0,0.0,2026-07-29T18:00:00+02:00,2026-07-29T18:20:17+02:00,BICYCLE,,,,20.28333333333333,4453.78,0.0,0.0,0.0,0.0,complete_route,True,0,40.9,8982.349999999999,0.0,0.0,0.0,0.0,,True,usable,True,0,0.14997503940822496,0.20638002773925102,0.25511806736323606,2,299134.39999999997
MAD-102,Puerta del Ángel,Latina,True,True,available,90,79,11,87.78,12.22,0.71,79,370137.91,305000.0,230000.0,414500.0,184500.0,124000.0,1750000.0,4089.66,3829.79,3315.64,4631.7,1316.06,1148.32,34.36,3571.43,4117.65,546.22,14.26,165.85,79,2000,0.95,calculated,93.92,80.0,65.5,101.0,35.5,28.0,596.0,2.66,3.0,76,3,96.2,1.48,1.0,21,58,26.58,0.4189,41.89,74,5,93.67,0.8889,88.89,72,7,91.14,64.29,50.0,32.54,50.63,medium,La estimación presenta una estabilidad intermedia en comparación con el resto de barrios.,residential_sale,asking_price,unknown,4033.3,3894.92,4070.22,76.31,77.26,76.31,100,96.57,100.92,True,True,True,2025,EUR_per_m2,mean_declared_transaction_price,residential_sales,Ayuntamiento de Madrid,Colegio de Registradores de España,504020100060,15,97.7,True,True,50.63,medium,4033.3,registered_transactions_2025,official_price_and_kaggle_features,203.51000000000025,5.313868384428395,1.053138683844284,DEST_001,Puerta del Sol,BICYCLE,Bicicleta,2026-07-29,2026-07-29T09:00:00+02:00,success,[],,2026-07-29T18:00:00+02:00,success,[],,2026-07-29T08:45:15+02:00,2026-07-29T09:00:00+02:00,BICYCLE,,,,14.75,3002.02,0.0,0.0,0.0,0.0,2026-07-29T18:00:00+02:00,2026-07-29T18:15:31+02:00,BICYCLE,,,,15.516666666666667,3019.7,0.0,0.0,0.0,0.0,complete_route,True,0,30.266666666666666,6021.719999999999,0.0,0.0,0.0,0.0,,True,usable,True,0,0.17408475780848467,0.14738788719371243,0.2280979881381361,1,322664.0
MAD-021,Imperial,Arganzuela,True,True,available,73,71,2,97.26,2.74,0.64,71,552415.49,515000.0,377000.0,699950.0,322950.0,168800.0,1257000.0,5807.42,5588.24,4756.76,6536.43,1779.68,1358.43,31.85,5443.04,5808.82,365.79,6.55,107.93,71,2000,0.95,calculated,96.25,107.0,62.5,128.0,65.5,37.0,190.0,2.62,3.0,71,0,100.0,1.82,2.0,11,60,15.49,0.8571,85.71,70,1,98.59,0.8,80.0,70,1,98.59,56.35,92.06,47.22,68.35,medium,La estimación presenta una estabilidad intermedia en comparación con el resto de barrios.,residential_sale,asking_price,unknown,5855.12,6010.51,5776.45,110.77,119.22,108.3,100,102.65,98.66,True,True,True,2025,EUR_per_m2,mean_declared_transaction_price,residential_sales,Ayuntamiento de Madrid,Colegio de Registradores de España,504020100060,15,97.7,True,True,68.35,medium,5855.12,registered_transactions_2025,official_price_and_kaggle_features,266.8800000000001,4.775743346742447,1.0477574334674244,DEST_001,Puerta del Sol,BICYCLE,Bicicleta,2026-07-29,2026-07-29T09:00:00+02:00,success,[],,2026-07-29T18:00:00+02:00,success,[],,2026-07-29T08:47:25+02:00,2026-07-29T09:00:00+02:00,BICYCLE,,,,12.583333333333334,2400.54,0.0,0.0,0.0,0.0,2026-07-29T18:00:00+02:00,2026-07-29T18:12:00+02:00,BICYCLE,,,,12.0,2344.62,0.0,0.0,0.0,0.0,complete_route,True,0,24.583333333333336,4745.16,0.0,0.0,0.0,0.0,,True,usable,True,0,0.3234236914952829,0.11585760517799354,0.34354893231971445,7,468409.6
MAD-012,Embajadores,Centro,True,True,available,366,349,17,95.36,4.64,3.14,349,415116.23,310000.0,198500.0,549000.0,350500.0,79900.0,2950000.0,5748.8,5566.67,4729.06,6666.67,1937.6,1553.56,34.81,5333.33,5714.29,380.95,6.84,109.9,349,2000,0.95,calculated,75.71,59.0,38.0,100.0,62.0,11.0,273.0,2.21,2.0,299,50,85.67,1.43,1.0,67,282,19.2,0.5318,53.18,346,3,99.14,0.5777,57.77,341,8,97.71,96.83,88.89,30.16,76.98,high,La estimación presenta una estabilidad alta en comparación con el resto de barrios.,residential_sale,asking_price,unknown,6054.75,6153.41,6044.57,114.55,122.06,113.33,100,101.63,99.83,True,True,True,2025,EUR_per_m2,mean_declared_transaction_price,residential_sales,Ayuntamiento de Madrid,Colegio de Registradores de España,504020100060,15,97.7,True,True,76.98,high,6054.75,registered_transactions_2025,official_price_and_kaggle_features,488.0799999999999,8.767898941377878,1.0876789894137788,DEST_001,Puerta del Sol,BICYCLE,Bicicleta,2026-07-29,2026-07-29T09:00:00+02:00,success,[],,2026-07-29T18:00:00+02:00,success,[],,2026-07-29T08:46:47+02:00,2026-07-29T09:00:00+02:00,BICYCLE,,,,13.216666666666669,1709.43,0.0,0.0,0.0,0.0,2026-07-29T18:00:00+02:00,2026-07-29T18:09:58+02:00,BICYCLE,,,,9.966666666666669,1618.61,0.0,0.0,0.0,0.0,complete_route,True,0,23.183333333333337,3328.04,0.0,0.0,0.0,0.0,,True,usable,True,0,0.3397878390685314,0.10809061488673141,0.3565660620494523,8,484380.0
MAD-011,Palacio,Centro,True,True,available,308,297,11,96.43,3.57,2.67,297,771118.19,540000.0,349000.0,886000.0,537000.0,150000.0,15000000.0,7003.76,6614.32,5789.47,7480.0,1690.53,2142.05,25.56,6462.96,6898.15,435.19,6.58,113.14,297,2000,0.95,calculated,104.48,90.0,50.0,140.0,90.0,25.0,666.0,2.32,2.0,280,17,94.28,1.68,2.0,59,238,19.87,0.7162,71.62,296,1,99.66,0.7306,73.06,297,0,100.0,94.44,91.27,74.21,88.12,high,La estimación presenta una estabilidad alta en comparación con el resto de barrios.,residential_sale,asking_price,unknown,6895.15,6421.28,6954.58,130.45,127.37,130.39,100,93.13,100.86,True,True,True,2025,EUR_per_m2,mean_declared_transaction_price,residential_sales,Ayuntamiento de Madrid,Colegio de Registradores de España,504020100060,15,97.7,True,True,88.12,high,6895.15,registered_transactions_2025,official_price_and_kaggle_features,280.8299999999999,4.245787926801242,1.0424578792680124,DEST_001,Puerta del Sol,BICYCLE,Bicicleta,2026-07-29,2026-07-29T09:00:00+02:00,success,[],,2026-07-29T18:00:00+02:00,success,[],,2026-07-29T08:51:56+02:00,2026-07-29T09:00:00+02:00,BICYCLE,,,,8.066666666666666,1216.02,0.0,0.0,0.0,0.0,2026-07-29T18:00:00+02:00,2026-07-29T18:07:40+02:00,BICYCLE,,,,7.666666666666667,1203.25,0.0,0.0,0.0,0.0,complete_route,True,0,15.733333333333334,2419.27,0.0,0.0,0.0,0.0,,True,usable,True,0,0.4086774329199465,0.06675913083680075,0.41409422324891526,12,551612.0
MAD-016,Sol,Centro,True,True,available,311,310,1,99.68,0.32,2.79,310,1019518.23,892000.0,678750.0,1119000.0,440250.0,260000.0,5500000.0,8139.55,8037.53,6580.04,9025.57,2445.52,2381.54,30.43,7811.88,8205.36,393.48,4.9,126.42,310,2000,0.95,calculated,127.0,112.0,85.0,142.75,57.75,30.0,560.0,2.7,2.0,302,8,97.42,2.05,2.0,93,217,30.0,0.6731,67.31,309,1,99.68,0.8706,87.06,309,1,99.68,96.03,96.83,53.97,85.83,high,La estimación presenta una estabilidad alta en comparación con el resto de barrios.,residential_sale,asking_price,unknown,7696.61,,7726.49,145.61,,144.86,100,,100.39,True,False,True,2025,EUR_per_m2,mean_declared_transaction_price,residential_sales,Ayuntamiento de Madrid,Colegio de Registradores de España,504020100060,15,97.7,True,True,85.83,high,7696.61,registered_transactions_2025,official_price_and_kaggle_features,-340.9200000000001,-4.241601586557065,0.9575839841344294,DEST_001,Puerta del Sol,BICYCLE,Bicicleta,2026-07-29,2026-07-29T09:00:00+02:00,success,[],,2026-07-29T18:00:00+02:00,success,[],,2026-07-29T08:58:06+02:00,2026-07-29T09:00:00+02:00,BICYCLE,,,,1.9,112.42,0.0,0.0,0.0,0.0,2026-07-29T18:00:00+02:00,2026-07-29T18:01:48+02:00,BICYCLE,,,,1.8,112.42,0.0,0.0,0.0,0.0,complete_route,True,0,3.7,224.84,0.0,0.0,0.0,0.0,,True,usable,True,0,0.474375022030079,0.0,0.474375022030079,13,615728.7999999999
MAD-172,San Cristóbal,Villaverde,True,True,available,40,22,18,55.0,45.0,0.2,22,140040.91,131250.0,118000.0,174000.0,56000.0,68400.0,214900.0,2395.76,2237.9,1956.42,2652.88,696.46,731.5,31.12,2020.86,2360.79,339.93,15.19,107.07,22,2000,0.95,calculated,59.95,60.0,50.25,64.5,14.25,44.0,91.0,2.55,3.0,22,0,100.0,1.0,1.0,8,14,36.36,0.1905,19.05,21,1,95.45,1.0,100.0,19,3,86.36,15.87,46.03,50.79,36.67,low,La estimación debe interpretarse con precaución por el tamaño de la muestra o la variabilidad de los precios.,residential_sale,asking_price,unknown,1909.6,1746.72,1942.18,36.13,34.65,36.41,100,91.47,101.71,True,True,True,2025,EUR_per_m2,mean_declared_transaction_price,residential_sales,Ayuntamiento de Madrid,Colegio de Registradores de España,504020100060,15,97.7,True,True,36.67,low,1909.6,registered_transactions_2025,official_price_and_kaggle_features,-328.3000000000002,-14.670003127932445,0.8532999687206756,DEST_001,Puerta del Sol,CAR,Coche,2026-07-29,2026-07-29T09:00:00+02:00,success,[],,2026-07-29T18:00:00+02:00,success,[],,2026-07-29T08:39:50+02:00,2026-07-29T09:00:00+02:00,CAR,,,,20.166666666666668,14487.32,0.0,0.0,0.0,0.0,2026-07-29T18:00:00+02:00,2026-07-29T18:20:22+02:00,CAR,,,,20.366666666666667,11707.52,0.0,0.0,0.0,0.0,complete_route,True,0,40.53333333333333,26194.84,0.0,0.0,0.0,0.0,,True,usable,True,0,0.0,0.573215375228798,0.573215375228798,13,152768.0
MAD-121,Orcasitas,Usera,True,True,available,26,19,7,73.08,26.92,0.17,19,272768.42,275000.0,240000.0,320000.0,80000.0,138000.0,380000.0,2907.24,2726.19,2328.1,3336.4,1008.3,871.71,36.99,2339.13,3235.29,896.16,32.87,311.47,19,2000,0.95,calculated,98.63,100.0,84.5,109.0,24.5,35.0,164.0,2.74,3.0,19,0,100.0,1.5,1.5,6,13,31.58,0.875,87.5,16,3,84.21,1.0,100.0,16,3,84.21,12.3,4.76,17.46,10.58,low,La estimación debe interpretarse con precaución por el tamaño de la muestra o la variabilidad de los precios.,residential_sale,asking_price,unknown,2357.51,,2366.82,44.6,,44.38,100,,100.39,True,False,True,2025,EUR_per_m2,mean_declared_transaction_price,residential_sales,Ayuntamiento de Madrid,Colegio de Registradores de España,504020100060,15,97.7,True,True,10.58,low,2357.51,registered_transactions_2025,official_price_and_kaggle_features,-368.67999999999984,-13.523635549980003,0.8647636445001999,DEST_001,Puerta del Sol,CAR,Coche,2026-07-29,2026-07-29T09:00:00+02:00,success,[],,2026-07-29T18:00:00+02:00,success,[],,2026-07-29T08:44:31+02:00,2026-07-29T09:00:00+02:00,CAR,,,,15.483333333333333,8399.43,0.0,0.0,0.0,0.0,2026-07-29T18:00:00+02:00,2026-07-29T18:12:56+02:00,CAR,,,,12.933333333333334,7804.03,0.0,0.0,0.0,0.0,complete_route,True,0,28.416666666666664,16203.46,0.0,0.0,0.0,0.0,,True,usable,True,0,0.036716251763431,0.3514338010982306,0.35334657165155337,9,188600.80000000002
MAD-203,Amposta,San Blas - Canillejas,True,True,available,25,16,9,64.0,36.0,0.14,16,199353.69,167499.5,148750.0,243425.0,94675.0,70600.0,345000.0,2925.47,2920.35,2712.32,3300.47,588.15,635.83,20.14,2719.3,3300.0,580.7,19.88,129.47,16,2000,0.95,calculated,68.56,57.5,53.75,77.75,24.0,41.0,113.0,2.62,3.0,16,0,100.0,1.17,1.0,6,10,37.5,0.0625,6.25,16,0,100.0,1.0,100.0,15,1,93.75,5.56,27.78,90.48,35.67,low,La estimación debe interpretarse con precaución por el tamaño de la muestra o la variabilidad de los precios.,residential_sale,asking_price,unknown,2544.1,2502.63,2601.57,48.13,49.64,48.78,100,98.37,102.26,True,True,True,2025,EUR_per_m2,mean_declared_transaction_price,residential_sales,Ayuntamiento de Madrid,Colegio de Registradores de España,504020100060,15,97.7,True,True,35.67,low,2544.1,registered_transactions_2025,official_price_and_kaggle_features,-376.25,-12.883729689934423,0.8711627031006557,DEST_001,Puerta del Sol,CAR,Coche,2026-07-29,2026-07-29T09:00:00+02:00,success,[],,2026-07-29T18:00:00+02:00,success,[],,2026-07-29T08:46:44+02:00,2026-07-29T09:00:00+02:00,CAR,,,,13.266666666666667,8678.97,0.0,0.0,0.0,0.0,2026-07-29T18:00:00+02:00,2026-07-29T18:13:50+02:00,CAR,,,,13.833333333333334,9263.76,0.0,0.0,0.0,0.0,complete_route,True,0,27.1,17942.73,0.0,0.0,0.0,0.0,,True,usable,True,0,0.052011479413044924,0.32733374008541793,0.3314401475214515,6,203528.0
MAD-134,Palomeras Sureste,Puente de Vallecas,True,True,available,61,48,13,78.69,21.31,0.43,48,256093.75,236500.0,174125.0,319000.0,144875.0,75000.0,550000.0,2984.7,2884.39,2631.13,3268.15,637.02,672.52,22.09,2733.33,3090.91,357.58,12.4,110.34,48,2000,0.95,calculated,84.71,84.5,63.0,105.25,42.25,34.0,158.0,2.52,3.0,48,0,100.0,1.58,2.0,19,29,39.58,0.5957,59.57,47,1,97.92,0.9756,97.56,41,7,85.42,40.87,57.94,86.51,59.11,medium,La estimación presenta una estabilidad intermedia en comparación con el resto de barrios.,residential_sale,asking_price,unknown,2701.36,2664.74,2703.43,51.11,52.86,50.69,100,98.64,100.08,True,True,True,2025,EUR_per_m2,mean_declared_transaction_price,residential_sales,Ayuntamiento de Madrid,Colegio de Registradores de España,504020100060,15,97.7,True,True,59.11,medium,2701.36,registered_transactions_2025,official_price_and_kaggle_features,-183.0299999999997,-6.345535797863665,0.9365446420213632,DEST_001,Puerta del Sol,CAR,Coche,2026-07-29,2026-07-29T09:00:00+02:00,success,[],,2026-07-29T18:00:00+02:00,success,[],,2026-07-29T08:47:20+02:00,2026-07-29T09:00:00+02:00,CAR,,,,12.666666666666666,11281.48,0.0,0.0,0.0,0.0,2026-07-29T18:00:00+02:00,2026-07-29T18:11:42+02:00,CAR,,,,11.7,9705.81,0.0,0.0,0.0,0.0,complete_route,True,0,24.366666666666667,20987.29,0.0,0.0,0.0,0.0,,True,usable,True,0,0.06490245695834904,0.27730323367907256,0.284797142415616,4,216108.80000000002
MAD-132,San Diego,Puente de Vallecas,True,True,available,167,134,33,80.24,19.76,1.21,134,190366.57,167450.0,129250.0,224250.0,95000.0,70900.0,780000.0,3062.94,2880.61,2432.46,3364.58,932.13,1131.96,32.36,2700.0,3000.0,300.0,10.41,85.88,134,2000,0.95,calculated,66.28,59.0,42.25,77.0,34.75,20.0,443.0,2.01,2.0,128,6,95.52,1.13,1.0,38,96,28.36,0.2403,24.03,129,5,96.27,0.8279,82.79,122,12,91.04,84.92,74.6,45.24,70.87,medium,La estimación presenta una estabilidad intermedia en comparación con el resto de barrios.,residential_sale,asking_price,unknown,3078.32,3199.39,3025.25,58.24,63.46,56.72,100,103.93,98.28,True,True,True,2025,EUR_per_m2,mean_declared_transaction_price,residential_sales,Ayuntamiento de Madrid,Colegio de Registradores de España,504020100060,15,97.7,True,True,70.87,medium,3078.32,registered_transactions_2025,official_price_and_kaggle_features,197.71000000000004,6.863476833031894,1.068634768330319,DEST_001,Puerta del Sol,CAR,Coche,2026-07-29,2026-07-29T09:00:00+02:00,success,[],,2026-07-29T18:00:00+02:00,success,[],,2026-07-29T08:47:58+02:00,2026-07-29T09:00:00+02:00,CAR,,,,12.033333333333331,8680.81,0.0,0.0,0.0,0.0,2026-07-29T18:00:00+02:00,2026-07-29T18:12:14+02:00,CAR,,,,12.233333333333333,8084.02,0.0,0.0,0.0,0.0,complete_route,True,0,24.266666666666666,16764.83,0.0,0.0,0.0,0.0,,True,usable,True,0,0.0958027678796121,0.2754728492983526,0.29165640921116015,5,246265.6
MAD-136,Numancia,Puente de Vallecas,True,True,available,126,106,20,84.13,15.87,0.95,106,208066.77,189500.0,146000.0,263750.0,117750.0,50000.0,600000.0,3189.85,3240.78,2628.67,3679.73,1051.06,835.96,32.43,2973.68,3400.0,426.32,13.15,99.62,106,2000,0.95,calculated,67.02,61.5,46.25,81.75,35.5,18.0,159.0,2.18,2.0,101,5,95.28,1.32,1.0,31,75,29.25,0.4563,45.63,103,3,97.17,0.8588,85.88,85,21,80.19,79.37,55.56,43.65,60.91,medium,La estimación presenta una estabilidad intermedia en comparación con el resto de barrios.,residential_sale,asking_price,unknown,3239.46,3122.09,3257.48,61.29,61.93,61.07,100,96.38,100.56,True,True,True,2025,EUR_per_m2,mean_declared_transaction_price,residential_sales,Ayuntamiento de Madrid,Colegio de Registradores de España,504020100060,15,97.7,True,True,60.91,medium,3239.46,registered_transactions_2025,official_price_and_kaggle_features,-1.3200000000001637,-0.0407309351452478,0.9995926906485476,DEST_001,Puerta del Sol,CAR,Coche,2026-07-29,2026-07-29T09:00:00+02:00,success,[],,2026-07-29T18:00:00+02:00,success,[],,2026-07-29T08:48:35+02:00,2026-07-29T09:00:00+02:00,CAR,,,,11.416666666666666,7369.73,0.0,0.0,0.0,0.0,2026-07-29T18:00:00+02:00,2026-07-29T18:11:31+02:00,CAR,,,,11.516666666666667,7548.47,0.0,0.0,0.0,0.0,complete_route,True,0,22.933333333333334,14918.2,0.0,0.0,0.0,0.0,,True,usable,True,0,0.10901179828562951,0.2510677242220866,0.27371257609310634,2,259156.8
MAD-125,Moscardó,Usera,True,True,available,63,58,5,92.06,7.94,0.52,58,284055.17,261000.0,225000.0,340000.0,115000.0,111400.0,625000.0,4002.68,3935.97,3307.43,4581.82,1274.39,976.18,32.38,3565.96,4314.52,748.56,19.02,168.98,58,2000,0.95,calculated,72.03,69.0,56.5,79.0,22.5,40.0,127.0,2.43,3.0,56,2,96.55,1.56,2.0,18,40,31.03,0.5357,53.57,56,2,96.55,0.8679,86.79,53,5,91.38,47.62,32.94,44.44,40.95,low,La estimación debe interpretarse con precaución por el tamaño de la muestra o la variabilidad de los precios.,residential_sale,asking_price,unknown,3739.18,4123.27,3701.66,70.74,81.79,69.4,100,110.27,99.0,True,True,True,2025,EUR_per_m2,mean_declared_transaction_price,residential_sales,Ayuntamiento de Madrid,Colegio de Registradores de España,504020100060,15,97.7,True,True,40.95,low,3739.18,registered_transactions_2025,official_price_and_kaggle_features,-196.79,-4.999784043069433,0.9500021595693056,DEST_001,Puerta del Sol,CAR,Coche,2026-07-29,2026-07-29T09:00:00+02:00,success,[],,2026-07-29T18:00:00+02:00,success,[],,2026-07-29T08:48:34+02:00,2026-07-29T09:00:00+02:00,CAR,,,,11.433333333333334,5214.45,0.0,0.0,0.0,0.0,2026-07-29T18:00:00+02:00,2026-07-29T18:10:26+02:00,CAR,,,,10.433333333333334,5607.23,0.0,0.0,0.0,0.0,complete_route,True,0,21.866666666666667,10821.68,0.0,0.0,0.0,0.0,,True,usable,True,0,0.14997503940822496,0.2315436241610738,0.27587127856147553,3,299134.39999999997
MAD-144,Media Legua,Moratalaz,True,True,available,19,18,1,94.74,5.26,0.16,18,385277.72,289500.0,261625.0,448625.0,187000.0,170000.0,1350000.0,3687.23,3886.39,2936.95,4550.07,1613.12,1040.24,41.51,3030.76,4485.98,1455.22,37.44,417.19,18,2000,0.95,calculated,104.17,98.5,80.5,107.75,27.25,51.0,270.0,3.0,3.0,18,0,100.0,1.8,2.0,5,13,27.78,0.8824,88.24,17,1,94.44,1.0,100.0,17,1,94.44,9.92,2.38,12.7,7.6,low,La estimación debe interpretarse con precaución por el tamaño de la muestra o la variabilidad de los precios.,residential_sale,asking_price,unknown,3876.72,,3874.56,73.34,,72.64,100,,99.94,True,False,True,2025,EUR_per_m2,mean_declared_transaction_price,residential_sales,Ayuntamiento de Madrid,Colegio de Registradores de España,504020100060,15,97.7,True,True,7.6,low,3876.72,registered_transactions_2025,official_price_and_kaggle_features,-9.670000000000073,-0.2488170255687173,0.9975118297443129,DEST_001,Puerta del Sol,CAR,Coche,2026-07-29,2026-07-29T09:00:00+02:00,success,[],,2026-07-29T18:00:00+02:00,success,[],,2026-07-29T08:49:52+02:00,2026-07-29T09:00:00+02:00,CAR,,,,10.133333333333333,6386.0,0.0,0.0,0.0,0.0,2026-07-29T18:00:00+02:00,2026-07-29T18:09:53+02:00,CAR,,,,9.883333333333333,6300.1,0.0,0.0,0.0,0.0,complete_route,True,0,20.016666666666666,12686.1,0.0,0.0,0.0,0.0,,True,usable,True,0,0.16124952148619215,0.19768151311775467,0.2551066224308004,1,310137.6
MAD-023,Chopera,Arganzuela,True,True,available,35,34,1,97.14,2.86,0.31,34,420111.47,399950.0,332500.0,509000.0,176500.0,180000.0,749900.0,5168.28,5165.79,4795.05,5528.2,733.15,652.15,14.19,4865.02,5415.78,550.76,10.66,141.68,34,2000,0.95,calculated,80.97,79.0,63.25,94.0,30.75,35.0,139.0,2.47,2.0,34,0,100.0,1.29,1.0,7,27,20.59,1.0,100.0,34,0,100.0,0.8235,82.35,34,0,100.0,28.57,71.43,97.62,62.98,medium,La estimación presenta una estabilidad intermedia en comparación con el resto de barrios.,residential_sale,asking_price,unknown,5473.88,,5468.01,103.56,,102.52,100,,99.89,True,False,True,2025,EUR_per_m2,mean_declared_transaction_price,residential_sales,Ayuntamiento de Madrid,Colegio de Registradores de España,504020100060,15,97.7,True,True,62.98,medium,5473.88,registered_transactions_2025,official_price_and_kaggle_features,308.09000000000015,5.964044221696975,1.0596404422169698,DEST_001,Puerta del Sol,CAR,Coche,2026-07-29,2026-07-29T09:00:00+02:00,success,[],,2026-07-29T18:00:00+02:00,success,[],,2026-07-29T08:49:59+02:00,2026-07-29T09:00:00+02:00,CAR,,,,10.016666666666667,4718.98,0.0,0.0,0.0,0.0,2026-07-29T18:00:00+02:00,2026-07-29T18:09:19+02:00,CAR,,,,9.316666666666666,4536.54,0.0,0.0,0.0,0.0,complete_route,True,0,19.333333333333336,9255.52,0.0,0.0,0.0,0.0,,True,usable,True,0,0.2921725387585938,0.1851738865161684,0.34591062523742283,8,437910.4
MAD-026,Palos de la Frontera,Arganzuela,True,True,available,102,93,9,91.18,8.82,0.84,93,563333.33,469000.0,289000.0,724000.0,435000.0,168900.0,1521000.0,6030.55,5762.71,4851.47,6870.06,2018.59,1446.06,35.03,5555.56,6241.38,685.82,11.9,152.14,93,2000,0.95,calculated,94.43,85.0,55.0,127.0,72.0,26.0,232.0,2.26,2.0,91,2,97.85,1.31,1.0,26,67,27.96,0.8387,83.87,93,0,100.0,0.6522,65.22,92,1,98.92,71.83,63.49,27.38,57.38,medium,La estimación presenta una estabilidad intermedia en comparación con el resto de barrios.,residential_sale,asking_price,unknown,5784.65,6056.86,5679.48,109.44,120.14,106.49,100,104.71,98.18,True,True,True,2025,EUR_per_m2,mean_declared_transaction_price,residential_sales,Ayuntamiento de Madrid,Colegio de Registradores de España,504020100060,15,97.7,True,True,57.38,medium,5784.65,registered_transactions_2025,official_price_and_kaggle_features,21.9399999999996,0.3807236525870571,1.0038072365258706,DEST_001,Puerta del Sol,CAR,Coche,2026-07-29,2026-07-29T09:00:00+02:00,success,[],,2026-07-29T18:00:00+02:00,success,[],,2026-07-29T08:52:00+02:00,2026-07-29T09:00:00+02:00,CAR,,,,8.0,3416.1,0.0,0.0,0.0,0.0,2026-07-29T18:00:00+02:00,2026-07-29T18:08:28+02:00,CAR,,,,8.466666666666667,3616.43,0.0,0.0,0.0,0.0,complete_route,True,0,16.46666666666667,7032.53,0.0,0.0,0.0,0.0,,True,usable,True,0,0.31764709739877023,0.13270286760219646,0.3442524212779191,7,462772.0
MAD-031,Pacífico,Retiro,True,True,available,76,72,4,94.74,5.26,0.65,72,520761.11,484500.0,375000.0,640000.0,265000.0,190000.0,990000.0,5875.49,5921.27,5090.0,6900.0,1810.0,1346.57,30.57,5486.11,6115.88,629.77,10.64,170.18,72,2000,0.95,calculated,94.0,90.0,63.75,111.25,47.5,39.0,237.0,2.47,2.0,72,0,100.0,1.73,2.0,11,61,15.28,0.8889,88.89,72,0,100.0,0.7639,76.39,72,0,100.0,57.54,72.22,53.17,62.32,medium,La estimación presenta una estabilidad intermedia en comparación con el resto de barrios.,residential_sale,asking_price,unknown,6286.22,,6287.24,118.93,,117.88,100,,100.02,True,False,True,2025,EUR_per_m2,mean_declared_transaction_price,residential_sales,Ayuntamiento de Madrid,Colegio de Registradores de España,504020100060,15,97.7,True,True,62.32,medium,6286.22,registered_transactions_2025,official_price_and_kaggle_features,364.9499999999998,6.163373735701966,1.0616337373570195,DEST_001,Puerta del Sol,CAR,Coche,2026-07-29,2026-07-29T09:00:00+02:00,success,[],,2026-07-29T18:00:00+02:00,success,[],,2026-07-29T08:51:49+02:00,2026-07-29T09:00:00+02:00,CAR,,,,8.183333333333334,4070.19,0.0,0.0,0.0,0.0,2026-07-29T18:00:00+02:00,2026-07-29T18:08:07+02:00,CAR,,,,8.116666666666667,4048.98,0.0,0.0,0.0,0.0,complete_route,True,0,16.3,8119.17,0.0,0.0,0.0,0.0,,True,usable,True,0,0.35876198743691207,0.12965222696766318,0.3814706588813319,10,502897.60000000003
MAD-011,Palacio,Centro,True,True,available,308,297,11,96.43,3.57,2.67,297,771118.19,540000.0,349000.0,886000.0,537000.0,150000.0,15000000.0,7003.76,6614.32,5789.47,7480.0,1690.53,2142.05,25.56,6462.96,6898.15,435.19,6.58,113.14,297,2000,0.95,calculated,104.48,90.0,50.0,140.0,90.0,25.0,666.0,2.32,2.0,280,17,94.28,1.68,2.0,59,238,19.87,0.7162,71.62,296,1,99.66,0.7306,73.06,297,0,100.0,94.44,91.27,74.21,88.12,high,La estimación presenta una estabilidad alta en comparación con el resto de barrios.,residential_sale,asking_price,unknown,6895.15,6421.28,6954.58,130.45,127.37,130.39,100,93.13,100.86,True,True,True,2025,EUR_per_m2,mean_declared_transaction_price,residential_sales,Ayuntamiento de Madrid,Colegio de Registradores de España,504020100060,15,97.7,True,True,88.12,high,6895.15,registered_transactions_2025,official_price_and_kaggle_features,280.8299999999999,4.245787926801242,1.0424578792680124,DEST_001,Puerta del Sol,CAR,Coche,2026-07-29,2026-07-29T09:00:00+02:00,success,[],,2026-07-29T18:00:00+02:00,success,[],,2026-07-29T08:51:46+02:00,2026-07-29T09:00:00+02:00,CAR,,,,8.233333333333333,3518.59,0.0,0.0,0.0,0.0,2026-07-29T18:00:00+02:00,2026-07-29T18:07:59+02:00,CAR,,,,7.983333333333333,2981.15,0.0,0.0,0.0,0.0,complete_route,True,0,16.216666666666665,6499.74,0.0,0.0,0.0,0.0,,True,usable,True,0,0.4086774329199465,0.12812690665039653,0.4282916627554601,11,551612.0
MAD-015,Universidad,Centro,True,True,available,451,439,12,97.34,2.66,3.95,439,797022.99,690000.0,372000.0,1039000.0,667000.0,136000.0,3700000.0,7782.57,7571.43,6435.64,8923.24,2487.6,2291.9,32.86,7363.64,7720.76,357.12,4.72,82.75,439,2000,0.95,calculated,102.33,94.0,56.5,130.0,73.5,15.0,460.0,2.56,2.0,405,34,92.26,1.76,2.0,96,343,21.87,0.6819,68.19,437,2,99.54,0.7609,76.09,435,4,99.09,98.41,97.62,41.27,83.81,high,La estimación presenta una estabilidad alta en comparación con el resto de barrios.,residential_sale,asking_price,unknown,7135.43,6682.45,7149.96,134.99,132.55,134.06,100,93.65,100.2,True,True,True,2025,EUR_per_m2,mean_declared_transaction_price,residential_sales,Ayuntamiento de Madrid,Colegio de Registradores de España,504020100060,15,97.7,True,True,83.81,high,7135.43,registered_transactions_2025,official_price_and_kaggle_features,-436.0,-5.758489479530287,0.9424151052046972,DEST_001,Puerta del Sol,CAR,Coche,2026-07-29,2026-07-29T09:00:00+02:00,success,[],,2026-07-29T18:00:00+02:00,success,[],,2026-07-29T08:53:56+02:00,2026-07-29T09:00:00+02:00,CAR,,,,6.066666666666666,2179.94,0.0,0.0,0.0,0.0,2026-07-29T18:00:00+02:00,2026-07-29T18:03:56+02:00,CAR,,,,3.933333333333333,1372.27,0.0,0.0,0.0,0.0,complete_route,True,0,10.0,3552.21,0.0,0.0,0.0,0.0,,True,usable,True,0,0.4283737580158748,0.01433801098230625,0.4286136431747968,12,570834.4
MAD-014,Justicia,Centro,True,True,available,277,273,4,98.56,1.44,2.46,273,1362072.53,1079000.0,750000.0,1800000.0,1050000.0,169000.0,4890000.0,9295.85,9076.92,7613.64,10714.29,3100.65,2497.12,34.16,8500.0,9318.18,818.18,9.01,244.53,273,2000,0.95,calculated,143.25,128.0,94.0,177.0,83.0,28.0,489.0,2.75,3.0,269,4,98.53,2.03,2.0,68,205,24.91,0.8498,84.98,273,0,100.0,0.8529,85.29,272,1,99.63,93.65,81.75,33.33,73.81,medium,La estimación presenta una estabilidad intermedia en comparación con el resto de barrios.,residential_sale,asking_price,unknown,9541.9,9505.61,9544.48,180.52,188.55,178.95,100,99.62,100.03,True,True,True,2025,EUR_per_m2,mean_declared_transaction_price,residential_sales,Ayuntamiento de Madrid,Colegio de Registradores de España,504020100060,15,97.7,True,True,73.81,medium,9541.9,registered_transactions_2025,official_price_and_kaggle_features,464.9799999999996,5.122662753444996,1.05122662753445,DEST_001,Puerta del Sol,CAR,Coche,2026-07-29,2026-07-29T09:00:00+02:00,success,[],,2026-07-29T18:00:00+02:00,success,[],,2026-07-29T08:56:13+02:00,2026-07-29T09:00:00+02:00,CAR,,,,3.783333333333333,1379.56,0.0,0.0,0.0,0.0,2026-07-29T18:00:00+02:00,2026-07-29T18:05:26+02:00,CAR,,,,5.433333333333334,2158.4,0.0,0.0,0.0,0.0,complete_route,True,0,9.216666666666669,3537.96,0.0,0.0,0.0,0.0,,True,usable,True,0,0.6256378476346458,0.0,0.6256378476346458,14,763352.0
MAD-172,San Cristóbal,Villaverde,True,True,available,40,22,18,55.0,45.0,0.2,22,140040.91,131250.0,118000.0,174000.0,56000.0,68400.0,214900.0,2395.76,2237.9,1956.42,2652.88,696.46,731.5,31.12,2020.86,2360.79,339.93,15.19,107.07,22,2000,0.95,calculated,59.95,60.0,50.25,64.5,14.25,44.0,91.0,2.55,3.0,22,0,100.0,1.0,1.0,8,14,36.36,0.1905,19.05,21,1,95.45,1.0,100.0,19,3,86.36,15.87,46.03,50.79,36.67,low,La estimación debe interpretarse con precaución por el tamaño de la muestra o la variabilidad de los precios.,residential_sale,asking_price,unknown,1909.6,1746.72,1942.18,36.13,34.65,36.41,100,91.47,101.71,True,True,True,2025,EUR_per_m2,mean_declared_transaction_price,residential_sales,Ayuntamiento de Madrid,Colegio de Registradores de España,504020100060,15,97.7,True,True,36.67,low,1909.6,registered_transactions_2025,official_price_and_kaggle_features,-328.3000000000002,-14.670003127932445,0.8532999687206756,DEST_001,Puerta del Sol,TRANSIT,Transporte público,2026-07-29,2026-07-29T09:00:00+02:00,success,[],,2026-07-29T18:00:00+02:00,success,[],,2026-07-29T07:44:49+02:00,2026-07-29T08:55:06+02:00,WALK|BUS,BUS,423|6,Consorcio Regional de Transportes de Madrid|Información oficial: Consorcio Regional de Transportes de Madrid,70.28333333333333,11029.86,32.5,11.0,2427.86,1.0,2026-07-29T18:01:00+02:00,2026-07-29T19:10:26+02:00,WALK|BUS,BUS,23|424,Información oficial: Consorcio Regional de Transportes de Madrid|Consorcio Regional de Transportes de Madrid,69.43333333333334,10655.89,29.816666666666663,11.066666666666666,2130.89,1.0,complete_route,True,0,139.71666666666667,21685.75,62.31666666666666,22.066666666666663,4558.75,2.0,,True,usable,True,0,0.0,0.442997608291257,0.442997608291257,12,152768.0
MAD-121,Orcasitas,Usera,True,True,available,26,19,7,73.08,26.92,0.17,19,272768.42,275000.0,240000.0,320000.0,80000.0,138000.0,380000.0,2907.24,2726.19,2328.1,3336.4,1008.3,871.71,36.99,2339.13,3235.29,896.16,32.87,311.47,19,2000,0.95,calculated,98.63,100.0,84.5,109.0,24.5,35.0,164.0,2.74,3.0,19,0,100.0,1.5,1.5,6,13,31.58,0.875,87.5,16,3,84.21,1.0,100.0,16,3,84.21,12.3,4.76,17.46,10.58,low,La estimación debe interpretarse con precaución por el tamaño de la muestra o la variabilidad de los precios.,residential_sale,asking_price,unknown,2357.51,,2366.82,44.6,,44.38,100,,100.39,True,False,True,2025,EUR_per_m2,mean_declared_transaction_price,residential_sales,Ayuntamiento de Madrid,Colegio de Registradores de España,504020100060,15,97.7,True,True,10.58,low,2357.51,registered_transactions_2025,official_price_and_kaggle_features,-368.67999999999984,-13.523635549980003,0.8647636445001999,DEST_001,Puerta del Sol,TRANSIT,Transporte público,2026-07-29,2026-07-29T09:00:00+02:00,success,[],,2026-07-29T18:00:00+02:00,success,[],,2026-07-29T07:55:00+02:00,2026-07-29T08:59:50+02:00,WALK|BUS,BUS,6,Información oficial: Consorcio Regional de Transportes de Madrid,64.83333333333333,8233.27,14.65,9.0,1095.27,0.0,2026-07-29T18:00:00+02:00,2026-07-29T19:10:17+02:00,WALK|BUS,BUS,60,Información oficial: Consorcio Regional de Transportes de Madrid,70.28333333333333,7868.76,18.8,10.0,1362.76,0.0,complete_route,True,0,135.11666666666667,16102.03,33.45,19.0,2458.03,0.0,,True,usable,True,0,0.036716251763431,0.41854903002923205,0.42015636813211177,11,188600.80000000002
MAD-131,Entrevías,Puente de Vallecas,True,True,available,83,67,16,80.72,19.28,0.6,67,189897.91,184900.0,164000.0,199500.0,35500.0,103000.0,293000.0,2534.13,2352.94,2061.43,2991.89,930.46,640.11,39.54,2212.77,2681.16,468.39,19.91,114.37,67,2000,0.95,calculated,78.78,74.0,61.0,95.5,34.5,48.0,142.0,2.9,3.0,67,0,100.0,1.32,1.0,22,45,32.84,0.3051,30.51,59,8,88.06,0.8947,89.47,57,10,85.07,51.59,26.59,15.08,32.46,low,La estimación debe interpretarse con precaución por el tamaño de la muestra o la variabilidad de los precios.,residential_sale,asking_price,unknown,2430.16,2472.77,2390.0,45.98,49.05,44.81,100,101.75,98.35,True,True,True,2025,EUR_per_m2,mean_declared_transaction_price,residential_sales,Ayuntamiento de Madrid,Colegio de Registradores de España,504020100060,15,97.7,True,True,32.46,low,2430.16,registered_transactions_2025,official_price_and_kaggle_features,77.2199999999998,3.281851640925812,1.032818516409258,DEST_001,Puerta del Sol,TRANSIT,Transporte público,2026-07-29,2026-07-29T09:00:00+02:00,success,[],,2026-07-29T18:00:00+02:00,success,[],,2026-07-29T07:57:00+02:00,2026-07-29T08:58:12+02:00,WALK|BUS,BUS,102|6,Información oficial: Consorcio Regional de Transportes de Madrid,61.2,6614.28,11.55,18.0,863.28,1.0,2026-07-29T18:00:00+02:00,2026-07-29T19:01:30+02:00,WALK|BUS,BUS,102,Información oficial: Consorcio Regional de Transportes de Madrid,61.5,6913.29,30.133333333333333,8.0,2261.29,0.0,complete_route,True,0,122.7,13527.57,41.68333333333334,26.0,3124.57,1.0,,True,usable,True,0,0.04267154566312792,0.3525555850828241,0.3551285702141871,10,194412.8
MAD-123,San Fermín,Usera,True,True,available,49,40,9,81.63,18.37,0.36,40,228987.22,197400.0,168750.0,241000.0,72250.0,114000.0,690000.0,2869.28,2726.67,2345.99,3322.92,976.93,909.97,35.83,2539.41,3070.45,531.04,19.48,134.9,40,2000,0.95,calculated,79.92,75.5,65.0,90.0,25.0,47.0,133.0,2.61,3.0,38,2,95.0,1.33,1.0,6,34,15.0,0.5135,51.35,37,3,92.5,0.8649,86.49,37,3,92.5,35.32,29.37,21.43,29.46,low,La estimación debe interpretarse con precaución por el tamaño de la muestra o la variabilidad de los precios.,residential_sale,asking_price,unknown,2755.18,,2725.91,52.12,,51.11,100,,98.94,True,False,True,2025,EUR_per_m2,mean_declared_transaction_price,residential_sales,Ayuntamiento de Madrid,Colegio de Registradores de España,504020100060,15,97.7,True,True,29.46,low,2755.18,registered_transactions_2025,official_price_and_kaggle_features,28.509999999999764,1.0455977437680306,1.0104559774376802,DEST_001,Puerta del Sol,TRANSIT,Transporte público,2026-07-29,2026-07-29T09:00:00+02:00,success,[],,2026-07-29T18:00:00+02:00,success,[],,2026-07-29T08:06:00+02:00,2026-07-29T08:59:22+02:00,WALK|BUS,BUS,23,Información oficial: Consorcio Regional de Transportes de Madrid,53.36666666666667,7607.38,10.2,7.0,748.38,0.0,2026-07-29T18:00:00+02:00,2026-07-29T18:58:19+02:00,WALK|BUS,BUS,23,Información oficial: Consorcio Regional de Transportes de Madrid,58.31666666666667,7566.21,10.416666666666666,9.0,774.21,0.0,complete_route,True,0,111.68333333333334,15173.59,20.616666666666667,16.0,1522.59,0.0,,True,usable,True,0,0.06931421081494488,0.29400301178138016,0.30206328932430865,7,220414.4
MAD-132,San Diego,Puente de Vallecas,True,True,available,167,134,33,80.24,19.76,1.21,134,190366.57,167450.0,129250.0,224250.0,95000.0,70900.0,780000.0,3062.94,2880.61,2432.46,3364.58,932.13,1131.96,32.36,2700.0,3000.0,300.0,10.41,85.88,134,2000,0.95,calculated,66.28,59.0,42.25,77.0,34.75,20.0,443.0,2.01,2.0,128,6,95.52,1.13,1.0,38,96,28.36,0.2403,24.03,129,5,96.27,0.8279,82.79,122,12,91.04,84.92,74.6,45.24,70.87,medium,La estimación presenta una estabilidad intermedia en comparación con el resto de barrios.,residential_sale,asking_price,unknown,3078.32,3199.39,3025.25,58.24,63.46,56.72,100,103.93,98.28,True,True,True,2025,EUR_per_m2,mean_declared_transaction_price,residential_sales,Ayuntamiento de Madrid,Colegio de Registradores de España,504020100060,15,97.7,True,True,70.87,medium,3078.32,registered_transactions_2025,official_price_and_kaggle_features,197.71000000000004,6.863476833031894,1.068634768330319,DEST_001,Puerta del Sol,TRANSIT,Transporte público,2026-07-29,2026-07-29T09:00:00+02:00,success,[],,2026-07-29T18:00:00+02:00,success,[],,2026-07-29T08:05:00+02:00,2026-07-29T08:59:58+02:00,WALK|BUS,BUS,24|32,Información oficial: Consorcio Regional de Transportes de Madrid,54.96666666666667,5123.16,7.916666666666667,18.0,572.16,1.0,2026-07-29T18:00:00+02:00,2026-07-29T18:54:57+02:00,WALK|BUS,BUS,10,Información oficial: Consorcio Regional de Transportes de Madrid,54.95,6031.97,20.066666666666663,9.0,1484.9699999999998,0.0,complete_route,True,0,109.91666666666669,11155.13,27.98333333333333,27.0,2057.13,1.0,,True,usable,True,0,0.0958027678796121,0.2846133404198779,0.30030471837511336,6,246265.6
MAD-114,Vista Alegre,Carabanchel,True,True,available,79,69,10,87.34,12.66,0.62,69,265033.19,245000.0,170000.0,330000.0,160000.0,103000.0,599000.0,3179.1,3125.0,2665.0,3571.43,906.43,727.22,29.01,2972.6,3335.62,363.01,11.62,95.44,69,2000,0.95,calculated,86.48,75.0,63.0,99.0,36.0,32.0,337.0,2.61,3.0,69,0,100.0,1.25,1.0,12,57,17.39,0.5077,50.77,65,4,94.2,0.8615,86.15,65,4,94.2,54.76,64.29,62.7,60.56,medium,La estimación presenta una estabilidad intermedia en comparación con el resto de barrios.,residential_sale,asking_price,unknown,3213.22,3397.75,3199.1,60.79,67.4,59.98,100,105.74,99.56,True,True,True,2025,EUR_per_m2,mean_declared_transaction_price,residential_sales,Ayuntamiento de Madrid,Colegio de Registradores de España,504020100060,15,97.7,True,True,60.56,medium,3213.22,registered_transactions_2025,official_price_and_kaggle_features,88.2199999999998,2.8230399999999936,1.0282304,DEST_001,Puerta del Sol,TRANSIT,Transporte público,2026-07-29,2026-07-29T09:00:00+02:00,success,[],,2026-07-29T18:00:00+02:00,success,[],,2026-07-29T08:08:00+02:00,2026-07-29T08:59:21+02:00,WALK|BUS,BUS,17,Información oficial: Consorcio Regional de Transportes de Madrid,51.35,6449.29,9.0,10.0,651.29,0.0,2026-07-29T18:00:00+02:00,2026-07-29T18:51:09+02:00,WALK|BUS,BUS,17,Información oficial: Consorcio Regional de Transportes de Madrid,51.15,6015.08,9.416666666666666,10.0,686.0799999999999,0.0,complete_route,True,0,102.5,12464.37,18.416666666666664,20.0,1337.37,0.0,,True,usable,True,0,0.10686084285647536,0.24519443706262736,0.26746878640778826,5,257057.59999999998
MAD-103,Lucero,Latina,True,True,available,54,45,9,83.33,16.67,0.41,45,306162.91,279482.0,205000.0,360000.0,155000.0,125000.0,750000.0,3874.62,3666.67,3040.82,4285.71,1244.9,1366.62,33.95,3260.87,4054.05,793.18,21.63,217.61,45,2000,0.95,calculated,81.98,77.0,63.0,85.0,22.0,30.0,230.0,2.77,3.0,43,2,95.56,1.55,1.0,11,34,24.44,0.5227,52.27,44,1,97.78,0.9756,97.56,41,4,91.11,38.89,21.43,35.71,31.11,low,La estimación debe interpretarse con precaución por el tamaño de la muestra o la variabilidad de los precios.,residential_sale,asking_price,unknown,3310.43,3719.24,3258.35,62.63,73.77,61.09,100,112.35,98.43,True,True,True,2025,EUR_per_m2,mean_declared_transaction_price,residential_sales,Ayuntamiento de Madrid,Colegio de Registradores de España,504020100060,15,97.7,True,True,31.11,low,3310.43,registered_transactions_2025,official_price_and_kaggle_features,-356.24000000000024,-9.715627531247703,0.9028437246875228,DEST_001,Puerta del Sol,TRANSIT,Transporte público,2026-07-29,2026-07-29T09:00:00+02:00,success,[],,2026-07-29T18:00:00+02:00,success,[],,2026-07-29T08:06:00+02:00,2026-07-29T08:55:40+02:00,WALK|BUS,BUS,65,Información oficial: Consorcio Regional de Transportes de Madrid,49.66666666666666,4985.54,13.916666666666666,14.0,1010.54,0.0,2026-07-29T18:00:00+02:00,2026-07-29T18:46:26+02:00,WALK|BUS,BUS,31,Información oficial: Consorcio Regional de Transportes de Madrid,46.43333333333333,4971.05,16.966666666666665,8.0,1250.05,0.0,complete_route,True,0,96.1,9956.59,30.883333333333333,22.0,2260.59,0.0,,True,usable,True,0,0.11482937857553305,0.21117902382850562,0.2403796295221449,4,264834.39999999997
MAD-112,Opañel,Carabanchel,True,True,available,73,63,10,86.3,13.7,0.57,63,288376.03,292000.0,219000.0,313500.0,94500.0,156000.0,543800.0,3497.65,3586.96,2980.56,3885.55,905.0,755.55,25.23,3380.28,3737.5,357.22,9.96,98.21,63,2000,0.95,calculated,86.06,79.0,68.5,89.0,20.5,43.0,314.0,2.67,3.0,61,2,96.83,1.75,1.0,12,51,19.05,0.5079,50.79,63,0,100.0,0.9508,95.08,61,2,96.83,49.21,76.19,75.4,66.55,medium,La estimación presenta una estabilidad intermedia en comparación con el resto de barrios.,residential_sale,asking_price,unknown,3500.89,3794.8,3469.85,66.23,75.27,65.06,100,108.4,99.11,True,True,True,2025,EUR_per_m2,mean_declared_transaction_price,residential_sales,Ayuntamiento de Madrid,Colegio de Registradores de España,504020100060,15,97.7,True,True,66.55,medium,3500.89,registered_transactions_2025,official_price_and_kaggle_features,-86.07000000000016,-2.3995249459152084,0.976004750540848,DEST_001,Puerta del Sol,TRANSIT,Transporte público,2026-07-29,2026-07-29T09:00:00+02:00,success,[],,2026-07-29T18:00:00+02:00,success,[],,2026-07-29T08:17:00+02:00,2026-07-29T08:59:33+02:00,WALK|BUS,BUS,23,Información oficial: Consorcio Regional de Transportes de Madrid,42.55,4267.85,21.566666666666663,7.0,1616.85,0.0,2026-07-29T18:00:00+02:00,2026-07-29T18:41:12+02:00,WALK|BUS,BUS,35,Información oficial: Consorcio Regional de Transportes de Madrid,41.2,3985.62,13.383333333333333,9.0,1008.62,0.0,complete_route,True,0,83.75,8253.470000000001,34.95,16.0,2625.47,0.0,,True,usable,True,0,0.13044183936199252,0.1455399061032864,0.19544036871816756,3,280071.2
MAD-125,Moscardó,Usera,True,True,available,63,58,5,92.06,7.94,0.52,58,284055.17,261000.0,225000.0,340000.0,115000.0,111400.0,625000.0,4002.68,3935.97,3307.43,4581.82,1274.39,976.18,32.38,3565.96,4314.52,748.56,19.02,168.98,58,2000,0.95,calculated,72.03,69.0,56.5,79.0,22.5,40.0,127.0,2.43,3.0,56,2,96.55,1.56,2.0,18,40,31.03,0.5357,53.57,56,2,96.55,0.8679,86.79,53,5,91.38,47.62,32.94,44.44,40.95,low,La estimación debe interpretarse con precaución por el tamaño de la muestra o la variabilidad de los precios.,residential_sale,asking_price,unknown,3739.18,4123.27,3701.66,70.74,81.79,69.4,100,110.27,99.0,True,True,True,2025,EUR_per_m2,mean_declared_transaction_price,residential_sales,Ayuntamiento de Madrid,Colegio de Registradores de España,504020100060,15,97.7,True,True,40.95,low,3739.18,registered_transactions_2025,official_price_and_kaggle_features,-196.79,-4.999784043069433,0.9500021595693056,DEST_001,Puerta del Sol,TRANSIT,Transporte público,2026-07-29,2026-07-29T09:00:00+02:00,success,[],,2026-07-29T18:00:00+02:00,success,[],,2026-07-29T08:20:00+02:00,2026-07-29T08:59:06+02:00,WALK|BUS,BUS,23,Información oficial: Consorcio Regional de Transportes de Madrid,39.1,4609.59,12.266666666666667,7.0,851.5899999999999,0.0,2026-07-29T18:00:00+02:00,2026-07-29T18:40:24+02:00,WALK|BUS,BUS,23,Información oficial: Consorcio Regional de Transportes de Madrid,40.4,4415.44,10.583333333333334,9.0,781.44,0.0,complete_route,True,0,79.5,9025.03,22.85,16.0,1633.03,0.0,,True,usable,True,0,0.14997503940822496,0.12295154575250244,0.19393193406045414,2,299134.39999999997
MAD-102,Puerta del Ángel,Latina,True,True,available,90,79,11,87.78,12.22,0.71,79,370137.91,305000.0,230000.0,414500.0,184500.0,124000.0,1750000.0,4089.66,3829.79,3315.64,4631.7,1316.06,1148.32,34.36,3571.43,4117.65,546.22,14.26,165.85,79,2000,0.95,calculated,93.92,80.0,65.5,101.0,35.5,28.0,596.0,2.66,3.0,76,3,96.2,1.48,1.0,21,58,26.58,0.4189,41.89,74,5,93.67,0.8889,88.89,72,7,91.14,64.29,50.0,32.54,50.63,medium,La estimación presenta una estabilidad intermedia en comparación con el resto de barrios.,residential_sale,asking_price,unknown,4033.3,3894.92,4070.22,76.31,77.26,76.31,100,96.57,100.92,True,True,True,2025,EUR_per_m2,mean_declared_transaction_price,residential_sales,Ayuntamiento de Madrid,Colegio de Registradores de España,504020100060,15,97.7,True,True,50.63,medium,4033.3,registered_transactions_2025,official_price_and_kaggle_features,203.51000000000025,5.313868384428395,1.053138683844284,DEST_001,Puerta del Sol,TRANSIT,Transporte público,2026-07-29,2026-07-29T09:00:00+02:00,success,[],,2026-07-29T18:00:00+02:00,success,[],,2026-07-29T08:20:00+02:00,2026-07-29T08:52:04+02:00,WALK|BUS,BUS,31,Información oficial: Consorcio Regional de Transportes de Madrid,32.06666666666667,3058.76,13.416666666666666,7.0,945.76,0.0,2026-07-29T18:00:00+02:00,2026-07-29T18:33:04+02:00,WALK|BUS,BUS,31,Información oficial: Consorcio Regional de Transportes de Madrid,33.06666666666667,3085.5,12.466666666666669,8.0,901.5,0.0,complete_route,True,0,65.13333333333334,6144.26,25.883333333333333,15.0,1847.26,0.0,,True,usable,True,0,0.17408475780848467,0.046594029586323006,0.18021239273238096,1,322664.0
MAD-026,Palos de la Frontera,Arganzuela,True,True,available,102,93,9,91.18,8.82,0.84,93,563333.33,469000.0,289000.0,724000.0,435000.0,168900.0,1521000.0,6030.55,5762.71,4851.47,6870.06,2018.59,1446.06,35.03,5555.56,6241.38,685.82,11.9,152.14,93,2000,0.95,calculated,94.43,85.0,55.0,127.0,72.0,26.0,232.0,2.26,2.0,91,2,97.85,1.31,1.0,26,67,27.96,0.8387,83.87,93,0,100.0,0.6522,65.22,92,1,98.92,71.83,63.49,27.38,57.38,medium,La estimación presenta una estabilidad intermedia en comparación con el resto de barrios.,residential_sale,asking_price,unknown,5784.65,6056.86,5679.48,109.44,120.14,106.49,100,104.71,98.18,True,True,True,2025,EUR_per_m2,mean_declared_transaction_price,residential_sales,Ayuntamiento de Madrid,Colegio de Registradores de España,504020100060,15,97.7,True,True,57.38,medium,5784.65,registered_transactions_2025,official_price_and_kaggle_features,21.9399999999996,0.3807236525870571,1.0038072365258706,DEST_001,Puerta del Sol,TRANSIT,Transporte público,2026-07-29,2026-07-29T09:00:00+02:00,success,[],,2026-07-29T18:00:00+02:00,success,[],,2026-07-29T08:31:00+02:00,2026-07-29T08:59:43+02:00,WALK|BUS,BUS,6,Información oficial: Consorcio Regional de Transportes de Madrid,28.716666666666665,2470.45,9.066666666666666,9.0,625.45,0.0,2026-07-29T18:00:00+02:00,2026-07-29T18:35:16+02:00,WALK|BUS,BUS,6,Información oficial: Consorcio Regional de Transportes de Madrid,35.266666666666666,2760.46,12.416666666666666,9.0,859.4599999999999,0.0,complete_route,True,0,63.98333333333333,5230.91,21.48333333333333,18.0,1484.91,0.0,,True,usable,True,0,0.31764709739877023,0.04048188502081669,0.320216273010449,8,462772.0
MAD-021,Imperial,Arganzuela,True,True,available,73,71,2,97.26,2.74,0.64,71,552415.49,515000.0,377000.0,699950.0,322950.0,168800.0,1257000.0,5807.42,5588.24,4756.76,6536.43,1779.68,1358.43,31.85,5443.04,5808.82,365.79,6.55,107.93,71,2000,0.95,calculated,96.25,107.0,62.5,128.0,65.5,37.0,190.0,2.62,3.0,71,0,100.0,1.82,2.0,11,60,15.49,0.8571,85.71,70,1,98.59,0.8,80.0,70,1,98.59,56.35,92.06,47.22,68.35,medium,La estimación presenta una estabilidad intermedia en comparación con el resto de barrios.,residential_sale,asking_price,unknown,5855.12,6010.51,5776.45,110.77,119.22,108.3,100,102.65,98.66,True,True,True,2025,EUR_per_m2,mean_declared_transaction_price,residential_sales,Ayuntamiento de Madrid,Colegio de Registradores de España,504020100060,15,97.7,True,True,68.35,medium,5855.12,registered_transactions_2025,official_price_and_kaggle_features,266.8800000000001,4.775743346742447,1.0477574334674244,DEST_001,Puerta del Sol,TRANSIT,Transporte público,2026-07-29,2026-07-29T09:00:00+02:00,success,[],,2026-07-29T18:00:00+02:00,success,[],,2026-07-29T08:28:00+02:00,2026-07-29T08:59:15+02:00,WALK|BUS,BUS,17,Información oficial: Consorcio Regional de Transportes de Madrid,31.25,2481.37,12.183333333333334,10.0,853.3699999999999,0.0,2026-07-29T18:00:00+02:00,2026-07-29T18:29:32+02:00,WALK|BUS,BUS,17,Información oficial: Consorcio Regional de Transportes de Madrid,29.53333333333333,2162.1,11.7,10.0,845.0999999999999,0.0,complete_route,True,0,60.78333333333333,4643.469999999999,23.883333333333333,20.0,1698.4699999999998,0.0,,True,usable,True,0,0.3234236914952829,0.02347417840375586,0.3242744536224944,9,468409.6
MAD-041,Recoletos,Salamanca,True,True,available,467,465,2,99.57,0.43,4.19,465,2967388.35,2350000.0,1400000.0,3850000.0,2450000.0,410000.0,13000000.0,13866.43,13409.89,11363.64,15870.31,4506.67,3683.52,33.61,13060.69,13809.52,748.84,5.58,206.71,465,2000,0.95,calculated,205.51,170.0,120.0,270.0,150.0,35.0,712.0,2.97,3.0,462,3,99.35,2.25,2.0,96,369,20.65,0.9333,93.33,465,0,100.0,0.7322,73.22,463,2,99.57,99.21,96.03,36.51,82.26,high,La estimación presenta una estabilidad alta en comparación con el resto de barrios.,residential_sale,asking_price,unknown,14108.83,,14032.44,266.92,,263.1,100,,99.46,True,False,True,2025,EUR_per_m2,mean_declared_transaction_price,residential_sales,Ayuntamiento de Madrid,Colegio de Registradores de España,504020100060,15,97.7,True,True,82.26,high,14108.83,registered_transactions_2025,official_price_and_kaggle_features,698.9400000000005,5.212123291093369,1.0521212329109335,DEST_001,Puerta del Sol,TRANSIT,Transporte público,2026-07-29,2026-07-29T09:00:00+02:00,success,[],,2026-07-29T18:00:00+02:00,success,[],,2026-07-29T08:31:00+02:00,2026-07-29T08:58:12+02:00,WALK|BUS,BUS,9,Información oficial: Consorcio Regional de Transportes de Madrid,27.2,2252.71,12.7,7.0,881.71,0.0,2026-07-29T18:00:00+02:00,2026-07-29T18:29:10+02:00,WALK|BUS,BUS,20,Información oficial: Consorcio Regional de Transportes de Madrid,29.166666666666668,2092.69,14.733333333333333,9.0,1100.69,0.0,complete_route,True,0,56.36666666666667,4345.4,27.43333333333333,16.0,1982.4,0.0,,True,usable,True,0,1.0,0.0,1.0,13,1128706.4
MAD-172,San Cristóbal,Villaverde,True,True,available,40,22,18,55.0,45.0,0.2,22,140040.91,131250.0,118000.0,174000.0,56000.0,68400.0,214900.0,2395.76,2237.9,1956.42,2652.88,696.46,731.5,31.12,2020.86,2360.79,339.93,15.19,107.07,22,2000,0.95,calculated,59.95,60.0,50.25,64.5,14.25,44.0,91.0,2.55,3.0,22,0,100.0,1.0,1.0,8,14,36.36,0.1905,19.05,21,1,95.45,1.0,100.0,19,3,86.36,15.87,46.03,50.79,36.67,low,La estimación debe interpretarse con precaución por el tamaño de la muestra o la variabilidad de los precios.,residential_sale,asking_price,unknown,1909.6,1746.72,1942.18,36.13,34.65,36.41,100,91.47,101.71,True,True,True,2025,EUR_per_m2,mean_declared_transaction_price,residential_sales,Ayuntamiento de Madrid,Colegio de Registradores de España,504020100060,15,97.7,True,True,36.67,low,1909.6,registered_transactions_2025,official_price_and_kaggle_features,-328.3000000000002,-14.670003127932445,0.8532999687206756,DEST_001,Puerta del Sol,WALK,A pie,2026-07-29,2026-07-29T09:00:00+02:00,success,[],,2026-07-29T18:00:00+02:00,success,[],,2026-07-29T06:47:39+02:00,2026-07-29T09:00:00+02:00,WALK,,,,132.35,10095.76,132.35,0.0,10095.76,0.0,2026-07-29T18:00:00+02:00,2026-07-29T20:12:16+02:00,WALK,,,,132.26666666666668,10113.53,132.26666666666668,0.0,10113.53,0.0,complete_route,True,0,264.6166666666667,20209.29,264.6166666666667,0.0,20209.29,0.0,,True,usable,True,0,0.0,0.6038106992710303,0.6038106992710303,16,152768.0
MAD-121,Orcasitas,Usera,True,True,available,26,19,7,73.08,26.92,0.17,19,272768.42,275000.0,240000.0,320000.0,80000.0,138000.0,380000.0,2907.24,2726.19,2328.1,3336.4,1008.3,871.71,36.99,2339.13,3235.29,896.16,32.87,311.47,19,2000,0.95,calculated,98.63,100.0,84.5,109.0,24.5,35.0,164.0,2.74,3.0,19,0,100.0,1.5,1.5,6,13,31.58,0.875,87.5,16,3,84.21,1.0,100.0,16,3,84.21,12.3,4.76,17.46,10.58,low,La estimación debe interpretarse con precaución por el tamaño de la muestra o la variabilidad de los precios.,residential_sale,asking_price,unknown,2357.51,,2366.82,44.6,,44.38,100,,100.39,True,False,True,2025,EUR_per_m2,mean_declared_transaction_price,residential_sales,Ayuntamiento de Madrid,Colegio de Registradores de España,504020100060,15,97.7,True,True,10.58,low,2357.51,registered_transactions_2025,official_price_and_kaggle_features,-368.67999999999984,-13.523635549980003,0.8647636445001999,DEST_001,Puerta del Sol,WALK,A pie,2026-07-29,2026-07-29T09:00:00+02:00,success,[],,2026-07-29T18:00:00+02:00,success,[],,2026-07-29T07:27:56+02:00,2026-07-29T09:00:00+02:00,WALK,,,,92.06666666666666,6795.74,92.06666666666666,0.0,6795.74,0.0,2026-07-29T18:00:00+02:00,2026-07-29T19:32:00+02:00,WALK,,,,92.0,6813.51,92.0,0.0,6813.51,0.0,complete_route,True,0,184.06666666666663,13609.25,184.06666666666663,0.0,13609.25,0.0,,True,usable,True,0,0.036716251763431,0.4174027076021136,0.4190144430173394,13,188600.80000000002
MAD-131,Entrevías,Puente de Vallecas,True,True,available,83,67,16,80.72,19.28,0.6,67,189897.91,184900.0,164000.0,199500.0,35500.0,103000.0,293000.0,2534.13,2352.94,2061.43,2991.89,930.46,640.11,39.54,2212.77,2681.16,468.39,19.91,114.37,67,2000,0.95,calculated,78.78,74.0,61.0,95.5,34.5,48.0,142.0,2.9,3.0,67,0,100.0,1.32,1.0,22,45,32.84,0.3051,30.51,59,8,88.06,0.8947,89.47,57,10,85.07,51.59,26.59,15.08,32.46,low,La estimación debe interpretarse con precaución por el tamaño de la muestra o la variabilidad de los precios.,residential_sale,asking_price,unknown,2430.16,2472.77,2390.0,45.98,49.05,44.81,100,101.75,98.35,True,True,True,2025,EUR_per_m2,mean_declared_transaction_price,residential_sales,Ayuntamiento de Madrid,Colegio de Registradores de España,504020100060,15,97.7,True,True,32.46,low,2430.16,registered_transactions_2025,official_price_and_kaggle_features,77.2199999999998,3.281851640925812,1.032818516409258,DEST_001,Puerta del Sol,WALK,A pie,2026-07-29,2026-07-29T09:00:00+02:00,success,[],,2026-07-29T18:00:00+02:00,success,[],,2026-07-29T07:31:43+02:00,2026-07-29T09:00:00+02:00,WALK,,,,88.28333333333333,6470.41,88.28333333333333,0.0,6470.41,0.0,2026-07-29T18:00:00+02:00,2026-07-29T19:28:23+02:00,WALK,,,,88.38333333333334,6491.75,88.38333333333334,0.0,6491.75,0.0,complete_route,True,0,176.66666666666669,12962.16,176.66666666666669,0.0,12962.16,0.0,,True,usable,True,0,0.04267154566312792,0.4002777027808849,0.40254577398455305,12,194412.8
MAD-123,San Fermín,Usera,True,True,available,49,40,9,81.63,18.37,0.36,40,228987.22,197400.0,168750.0,241000.0,72250.0,114000.0,690000.0,2869.28,2726.67,2345.99,3322.92,976.93,909.97,35.83,2539.41,3070.45,531.04,19.48,134.9,40,2000,0.95,calculated,79.92,75.5,65.0,90.0,25.0,47.0,133.0,2.61,3.0,38,2,95.0,1.33,1.0,6,34,15.0,0.5135,51.35,37,3,92.5,0.8649,86.49,37,3,92.5,35.32,29.37,21.43,29.46,low,La estimación debe interpretarse con precaución por el tamaño de la muestra o la variabilidad de los precios.,residential_sale,asking_price,unknown,2755.18,,2725.91,52.12,,51.11,100,,98.94,True,False,True,2025,EUR_per_m2,mean_declared_transaction_price,residential_sales,Ayuntamiento de Madrid,Colegio de Registradores de España,504020100060,15,97.7,True,True,29.46,low,2755.18,registered_transactions_2025,official_price_and_kaggle_features,28.509999999999764,1.0455977437680306,1.0104559774376802,DEST_001,Puerta del Sol,WALK,A pie,2026-07-29,2026-07-29T09:00:00+02:00,success,[],,2026-07-29T18:00:00+02:00,success,[],,2026-07-29T07:38:42+02:00,2026-07-29T09:00:00+02:00,WALK,,,,81.3,6146.52,81.3,0.0,6146.52,0.0,2026-07-29T18:00:00+02:00,2026-07-29T19:21:13+02:00,WALK,,,,81.21666666666667,6164.29,81.21666666666667,0.0,6164.29,0.0,complete_route,True,0,162.51666666666665,12310.81,162.51666666666665,0.0,12310.81,0.0,,True,usable,True,0,0.06931421081494488,0.3675319165348864,0.37401092162222394,11,220414.4
MAD-117,Abrantes,Carabanchel,True,True,available,55,40,15,72.73,27.27,0.36,40,234710.55,221500.0,186250.0,290000.0,103750.0,120000.0,435000.0,2960.7,2890.36,2614.29,3330.48,716.2,511.57,24.78,2655.82,3087.02,431.2,14.92,98.94,40,2000,0.95,calculated,80.68,77.0,64.75,101.0,36.25,33.0,161.0,3.03,3.0,39,1,97.5,1.57,1.0,7,33,17.5,0.525,52.5,40,0,100.0,1.0,100.0,38,2,95.0,35.32,46.83,76.98,50.34,medium,La estimación presenta una estabilidad intermedia en comparación con el resto de barrios.,residential_sale,asking_price,unknown,2912.9,,2885.23,55.11,,54.1,100,,99.05,True,False,True,2025,EUR_per_m2,mean_declared_transaction_price,residential_sales,Ayuntamiento de Madrid,Colegio de Registradores de España,504020100060,15,97.7,True,True,50.34,medium,2912.9,registered_transactions_2025,official_price_and_kaggle_features,22.539999999999964,0.7798336539393004,1.007798336539393,DEST_001,Puerta del Sol,WALK,A pie,2026-07-29,2026-07-29T09:00:00+02:00,success,[],,2026-07-29T18:00:00+02:00,success,[],,2026-07-29T07:43:24+02:00,2026-07-29T09:00:00+02:00,WALK,,,,76.6,5694.06,76.6,0.0,5694.06,0.0,2026-07-29T18:00:00+02:00,2026-07-29T19:16:32+02:00,WALK,,,,76.53333333333333,5711.83,76.53333333333333,0.0,5711.83,0.0,complete_route,True,0,153.13333333333333,11405.89,153.13333333333333,0.0,11405.89,0.0,,True,usable,True,0,0.08224289565816861,0.34581710186292286,0.35546218058622153,10,233032.0
MAD-132,San Diego,Puente de Vallecas,True,True,available,167,134,33,80.24,19.76,1.21,134,190366.57,167450.0,129250.0,224250.0,95000.0,70900.0,780000.0,3062.94,2880.61,2432.46,3364.58,932.13,1131.96,32.36,2700.0,3000.0,300.0,10.41,85.88,134,2000,0.95,calculated,66.28,59.0,42.25,77.0,34.75,20.0,443.0,2.01,2.0,128,6,95.52,1.13,1.0,38,96,28.36,0.2403,24.03,129,5,96.27,0.8279,82.79,122,12,91.04,84.92,74.6,45.24,70.87,medium,La estimación presenta una estabilidad intermedia en comparación con el resto de barrios.,residential_sale,asking_price,unknown,3078.32,3199.39,3025.25,58.24,63.46,56.72,100,103.93,98.28,True,True,True,2025,EUR_per_m2,mean_declared_transaction_price,residential_sales,Ayuntamiento de Madrid,Colegio de Registradores de España,504020100060,15,97.7,True,True,70.87,medium,3078.32,registered_transactions_2025,official_price_and_kaggle_features,197.71000000000004,6.863476833031894,1.068634768330319,DEST_001,Puerta del Sol,WALK,A pie,2026-07-29,2026-07-29T09:00:00+02:00,success,[],,2026-07-29T18:00:00+02:00,success,[],,2026-07-29T07:51:49+02:00,2026-07-29T09:00:00+02:00,WALK,,,,68.18333333333334,4950.98,68.18333333333334,0.0,4950.98,0.0,2026-07-29T18:00:00+02:00,2026-07-29T19:08:18+02:00,WALK,,,,68.3,4972.32,68.3,0.0,4972.32,0.0,complete_route,True,0,136.48333333333335,9923.3,136.48333333333335,0.0,9923.3,0.0,,True,usable,True,0,0.0958027678796121,0.30728584101515805,0.3218738237598513,5,246265.6
MAD-112,Opañel,Carabanchel,True,True,available,73,63,10,86.3,13.7,0.57,63,288376.03,292000.0,219000.0,313500.0,94500.0,156000.0,543800.0,3497.65,3586.96,2980.56,3885.55,905.0,755.55,25.23,3380.28,3737.5,357.22,9.96,98.21,63,2000,0.95,calculated,86.06,79.0,68.5,89.0,20.5,43.0,314.0,2.67,3.0,61,2,96.83,1.75,1.0,12,51,19.05,0.5079,50.79,63,0,100.0,0.9508,95.08,61,2,96.83,49.21,76.19,75.4,66.55,medium,La estimación presenta una estabilidad intermedia en comparación con el resto de barrios.,residential_sale,asking_price,unknown,3500.89,3794.8,3469.85,66.23,75.27,65.06,100,108.4,99.11,True,True,True,2025,EUR_per_m2,mean_declared_transaction_price,residential_sales,Ayuntamiento de Madrid,Colegio de Registradores de España,504020100060,15,97.7,True,True,66.55,medium,3500.89,registered_transactions_2025,official_price_and_kaggle_features,-86.07000000000016,-2.3995249459152084,0.976004750540848,DEST_001,Puerta del Sol,WALK,A pie,2026-07-29,2026-07-29T09:00:00+02:00,success,[],,2026-07-29T18:00:00+02:00,success,[],,2026-07-29T08:07:23+02:00,2026-07-29T09:00:00+02:00,WALK,,,,52.61666666666667,3750.18,52.61666666666667,0.0,3750.18,0.0,2026-07-29T18:00:00+02:00,2026-07-29T18:52:30+02:00,WALK,,,,52.5,3750.18,52.5,0.0,3750.18,0.0,complete_route,True,0,105.11666666666667,7500.36,105.11666666666667,0.0,7500.36,0.0,,True,usable,True,0,0.13044183936199252,0.23469741967832766,0.2685106185233741,3,280071.2
MAD-113,San Isidro,Carabanchel,True,True,available,94,80,14,85.11,14.89,0.72,80,301223.72,265000.0,208775.0,365000.0,156225.0,112000.0,820000.0,3530.14,3441.72,2843.07,4137.08,1294.01,1011.9,37.6,3139.53,3636.36,496.83,14.44,120.95,80,2000,0.95,calculated,88.26,78.5,67.0,96.25,29.25,38.0,407.0,2.36,2.0,78,2,97.5,1.94,1.5,16,64,20.0,0.5897,58.97,78,2,97.5,0.9865,98.65,74,6,92.5,65.08,48.41,16.67,46.31,low,La estimación debe interpretarse con precaución por el tamaño de la muestra o la variabilidad de los precios.,residential_sale,asking_price,unknown,3670.03,3814.61,3640.52,69.43,75.66,68.26,100,103.94,99.2,True,True,True,2025,EUR_per_m2,mean_declared_transaction_price,residential_sales,Ayuntamiento de Madrid,Colegio de Registradores de España,504020100060,15,97.7,True,True,46.31,low,3670.03,registered_transactions_2025,official_price_and_kaggle_features,228.3100000000004,6.6336018037493005,1.066336018037493,DEST_001,Puerta del Sol,WALK,A pie,2026-07-29,2026-07-29T09:00:00+02:00,success,[],,2026-07-29T18:00:00+02:00,success,[],,2026-07-29T08:09:24+02:00,2026-07-29T09:00:00+02:00,WALK,,,,50.6,3651.93,50.6,0.0,3651.93,0.0,2026-07-29T18:00:00+02:00,2026-07-29T18:50:29+02:00,WALK,,,,50.48333333333333,3651.93,50.48333333333333,0.0,3651.93,0.0,complete_route,True,0,101.08333333333331,7303.86,101.08333333333331,0.0,7303.86,0.0,,True,usable,True,0,0.1443066488622643,0.2253635206541443,0.2676062879445993,2,293602.4
MAD-125,Moscardó,Usera,True,True,available,63,58,5,92.06,7.94,0.52,58,284055.17,261000.0,225000.0,340000.0,115000.0,111400.0,625000.0,4002.68,3935.97,3307.43,4581.82,1274.39,976.18,32.38,3565.96,4314.52,748.56,19.02,168.98,58,2000,0.95,calculated,72.03,69.0,56.5,79.0,22.5,40.0,127.0,2.43,3.0,56,2,96.55,1.56,2.0,18,40,31.03,0.5357,53.57,56,2,96.55,0.8679,86.79,53,5,91.38,47.62,32.94,44.44,40.95,low,La estimación debe interpretarse con precaución por el tamaño de la muestra o la variabilidad de los precios.,residential_sale,asking_price,unknown,3739.18,4123.27,3701.66,70.74,81.79,69.4,100,110.27,99.0,True,True,True,2025,EUR_per_m2,mean_declared_transaction_price,residential_sales,Ayuntamiento de Madrid,Colegio de Registradores de España,504020100060,15,97.7,True,True,40.95,low,3739.18,registered_transactions_2025,official_price_and_kaggle_features,-196.79,-4.999784043069433,0.9500021595693056,DEST_001,Puerta del Sol,WALK,A pie,2026-07-29,2026-07-29T09:00:00+02:00,success,[],,2026-07-29T18:00:00+02:00,success,[],,2026-07-29T08:09:35+02:00,2026-07-29T09:00:00+02:00,WALK,,,,50.41666666666666,3711.65,50.41666666666666,0.0,3711.65,0.0,2026-07-29T18:00:00+02:00,2026-07-29T18:50:21+02:00,WALK,,,,50.35,3729.42,50.35,0.0,3729.42,0.0,complete_route,True,0,100.76666666666664,7441.07,100.76666666666664,0.0,7441.07,0.0,,True,usable,True,0,0.14997503940822496,0.22463069387125387,0.27009528147411166,4,299134.39999999997
MAD-102,Puerta del Ángel,Latina,True,True,available,90,79,11,87.78,12.22,0.71,79,370137.91,305000.0,230000.0,414500.0,184500.0,124000.0,1750000.0,4089.66,3829.79,3315.64,4631.7,1316.06,1148.32,34.36,3571.43,4117.65,546.22,14.26,165.85,79,2000,0.95,calculated,93.92,80.0,65.5,101.0,35.5,28.0,596.0,2.66,3.0,76,3,96.2,1.48,1.0,21,58,26.58,0.4189,41.89,74,5,93.67,0.8889,88.89,72,7,91.14,64.29,50.0,32.54,50.63,medium,La estimación presenta una estabilidad intermedia en comparación con el resto de barrios.,residential_sale,asking_price,unknown,4033.3,3894.92,4070.22,76.31,77.26,76.31,100,96.57,100.92,True,True,True,2025,EUR_per_m2,mean_declared_transaction_price,residential_sales,Ayuntamiento de Madrid,Colegio de Registradores de España,504020100060,15,97.7,True,True,50.63,medium,4033.3,registered_transactions_2025,official_price_and_kaggle_features,203.51000000000025,5.313868384428395,1.053138683844284,DEST_001,Puerta del Sol,WALK,A pie,2026-07-29,2026-07-29T09:00:00+02:00,success,[],,2026-07-29T18:00:00+02:00,success,[],,2026-07-29T08:20:05+02:00,2026-07-29T09:00:00+02:00,WALK,,,,39.91666666666666,2998.52,39.91666666666666,0.0,2998.52,0.0,2026-07-29T18:00:00+02:00,2026-07-29T18:39:48+02:00,WALK,,,,39.8,2998.52,39.8,0.0,2998.52,0.0,complete_route,True,0,79.71666666666665,5997.04,79.71666666666665,0.0,5997.04,0.0,,True,usable,True,0,0.17408475780848467,0.17591699772437996,0.2474920059104905,1,322664.0
MAD-023,Chopera,Arganzuela,True,True,available,35,34,1,97.14,2.86,0.31,34,420111.47,399950.0,332500.0,509000.0,176500.0,180000.0,749900.0,5168.28,5165.79,4795.05,5528.2,733.15,652.15,14.19,4865.02,5415.78,550.76,10.66,141.68,34,2000,0.95,calculated,80.97,79.0,63.25,94.0,30.75,35.0,139.0,2.47,2.0,34,0,100.0,1.29,1.0,7,27,20.59,1.0,100.0,34,0,100.0,0.8235,82.35,34,0,100.0,28.57,71.43,97.62,62.98,medium,La estimación presenta una estabilidad intermedia en comparación con el resto de barrios.,residential_sale,asking_price,unknown,5473.88,,5468.01,103.56,,102.52,100,,99.89,True,False,True,2025,EUR_per_m2,mean_declared_transaction_price,residential_sales,Ayuntamiento de Madrid,Colegio de Registradores de España,504020100060,15,97.7,True,True,62.98,medium,5473.88,registered_transactions_2025,official_price_and_kaggle_features,308.09000000000015,5.964044221696975,1.0596404422169698,DEST_001,Puerta del Sol,WALK,A pie,2026-07-29,2026-07-29T09:00:00+02:00,success,[],,2026-07-29T18:00:00+02:00,success,[],,2026-07-29T08:21:06+02:00,2026-07-29T09:00:00+02:00,WALK,,,,38.9,2896.01,38.9,0.0,2896.01,0.0,2026-07-29T18:00:00+02:00,2026-07-29T18:38:50+02:00,WALK,,,,38.833333333333336,2913.78,38.833333333333336,0.0,2913.78,0.0,complete_route,True,0,77.73333333333333,5809.790000000001,77.73333333333333,0.0,5809.790000000001,0.0,,True,usable,True,0,0.2921725387585938,0.17132718787364526,0.3387001590039977,6,437910.4
MAD-022,Acacias,Arganzuela,True,True,available,67,66,1,98.51,1.49,0.59,66,400937.86,399500.0,213500.0,490000.0,276500.0,108000.0,1000000.0,6121.14,6020.38,5282.58,7200.0,1917.42,1362.98,31.85,5357.14,6282.05,924.91,15.36,281.15,66,2000,0.95,calculated,71.56,63.0,35.0,86.25,51.25,12.0,280.0,2.25,2.0,52,14,78.79,1.75,2.0,12,54,18.18,0.7344,73.44,64,2,96.97,0.6562,65.62,64,2,96.97,50.79,45.24,47.22,47.68,low,La estimación debe interpretarse con precaución por el tamaño de la muestra o la variabilidad de los precios.,residential_sale,asking_price,unknown,5736.45,,5740.58,108.53,,107.63,100,,100.07,True,False,True,2025,EUR_per_m2,mean_declared_transaction_price,residential_sales,Ayuntamiento de Madrid,Colegio de Registradores de España,504020100060,15,97.7,True,True,47.68,low,5736.45,registered_transactions_2025,official_price_and_kaggle_features,-283.9300000000003,-4.716147485706887,0.9528385251429312,DEST_001,Puerta del Sol,WALK,A pie,2026-07-29,2026-07-29T09:00:00+02:00,success,[],,2026-07-29T18:00:00+02:00,success,[],,2026-07-29T08:25:11+02:00,2026-07-29T09:00:00+02:00,WALK,,,,34.81666666666667,2506.76,34.81666666666667,0.0,2506.76,0.0,2026-07-29T18:00:00+02:00,2026-07-29T18:34:06+02:00,WALK,,,,34.1,2458.98,34.1,0.0,2458.98,0.0,complete_route,True,0,68.91666666666667,4965.74,68.91666666666667,0.0,4965.74,0.0,,True,usable,True,0,0.31369602835588806,0.15092374744474873,0.34811373967286097,9,458916.0
MAD-026,Palos de la Frontera,Arganzuela,True,True,available,102,93,9,91.18,8.82,0.84,93,563333.33,469000.0,289000.0,724000.0,435000.0,168900.0,1521000.0,6030.55,5762.71,4851.47,6870.06,2018.59,1446.06,35.03,5555.56,6241.38,685.82,11.9,152.14,93,2000,0.95,calculated,94.43,85.0,55.0,127.0,72.0,26.0,232.0,2.26,2.0,91,2,97.85,1.31,1.0,26,67,27.96,0.8387,83.87,93,0,100.0,0.6522,65.22,92,1,98.92,71.83,63.49,27.38,57.38,medium,La estimación presenta una estabilidad intermedia en comparación con el resto de barrios.,residential_sale,asking_price,unknown,5784.65,6056.86,5679.48,109.44,120.14,106.49,100,104.71,98.18,True,True,True,2025,EUR_per_m2,mean_declared_transaction_price,residential_sales,Ayuntamiento de Madrid,Colegio de Registradores de España,504020100060,15,97.7,True,True,57.38,medium,5784.65,registered_transactions_2025,official_price_and_kaggle_features,21.9399999999996,0.3807236525870571,1.0038072365258706,DEST_001,Puerta del Sol,WALK,A pie,2026-07-29,2026-07-29T09:00:00+02:00,success,[],,2026-07-29T18:00:00+02:00,success,[],,2026-07-29T08:31:59+02:00,2026-07-29T09:00:00+02:00,WALK,,,,28.016666666666666,2057.67,28.016666666666666,0.0,2057.67,0.0,2026-07-29T18:00:00+02:00,2026-07-29T18:27:57+02:00,WALK,,,,27.95,2075.44,27.95,0.0,2075.44,0.0,complete_route,True,0,55.96666666666667,4133.110000000001,55.96666666666667,0.0,4133.110000000001,0.0,,True,usable,True,0,0.31764709739877023,0.12095498900759827,0.3398967311577033,7,462772.0
MAD-012,Embajadores,Centro,True,True,available,366,349,17,95.36,4.64,3.14,349,415116.23,310000.0,198500.0,549000.0,350500.0,79900.0,2950000.0,5748.8,5566.67,4729.06,6666.67,1937.6,1553.56,34.81,5333.33,5714.29,380.95,6.84,109.9,349,2000,0.95,calculated,75.71,59.0,38.0,100.0,62.0,11.0,273.0,2.21,2.0,299,50,85.67,1.43,1.0,67,282,19.2,0.5318,53.18,346,3,99.14,0.5777,57.77,341,8,97.71,96.83,88.89,30.16,76.98,high,La estimación presenta una estabilidad alta en comparación con el resto de barrios.,residential_sale,asking_price,unknown,6054.75,6153.41,6044.57,114.55,122.06,113.33,100,101.63,99.83,True,True,True,2025,EUR_per_m2,mean_declared_transaction_price,residential_sales,Ayuntamiento de Madrid,Colegio de Registradores de España,504020100060,15,97.7,True,True,76.98,high,6054.75,registered_transactions_2025,official_price_and_kaggle_features,488.0799999999999,8.767898941377878,1.0876789894137788,DEST_001,Puerta del Sol,WALK,A pie,2026-07-29,2026-07-29T09:00:00+02:00,success,[],,2026-07-29T18:00:00+02:00,success,[],,2026-07-29T08:46:30+02:00,2026-07-29T09:00:00+02:00,WALK,,,,13.5,1007.32,13.5,0.0,1007.32,0.0,2026-07-29T18:00:00+02:00,2026-07-29T18:13:26+02:00,WALK,,,,13.433333333333334,1025.09,13.433333333333334,0.0,1025.09,0.0,complete_route,True,0,26.933333333333334,2032.41,26.933333333333334,0.0,2032.41,0.0,,True,usable,True,0,0.3397878390685314,0.05376634396575,0.34401539983306784,8,484380.0
MAD-013,Cortes,Centro,True,True,available,177,173,4,97.74,2.26,1.56,173,1137456.01,800000.0,550000.0,1589000.0,1039000.0,185000.0,5200000.0,8157.5,7755.56,6321.84,9900.0,3578.16,2517.31,46.14,7460.09,8309.52,849.43,10.95,222.32,173,2000,0.95,calculated,136.1,114.0,77.0,161.0,84.0,20.0,565.0,2.61,2.0,171,2,98.84,2.16,2.0,32,141,18.5,0.7457,74.57,173,0,100.0,0.8294,82.94,170,3,98.27,90.48,68.25,6.35,60.56,medium,La estimación presenta una estabilidad intermedia en comparación con el resto de barrios.,residential_sale,asking_price,unknown,7246.75,,7246.75,137.1,,135.87,100,,100.0,True,False,True,2025,EUR_per_m2,mean_declared_transaction_price,residential_sales,Ayuntamiento de Madrid,Colegio de Registradores de España,504020100060,15,97.7,True,True,60.56,medium,7246.75,registered_transactions_2025,official_price_and_kaggle_features,-508.8100000000004,-6.560583632903367,0.9343941636709664,DEST_001,Puerta del Sol,WALK,A pie,2026-07-29,2026-07-29T09:00:00+02:00,success,[],,2026-07-29T18:00:00+02:00,success,[],,2026-07-29T08:49:28+02:00,2026-07-29T09:00:00+02:00,WALK,,,,10.533333333333331,794.34,10.533333333333331,0.0,794.34,0.0,2026-07-29T18:00:00+02:00,2026-07-29T18:10:38+02:00,WALK,,,,10.633333333333333,815.68,10.633333333333333,0.0,815.68,0.0,complete_route,True,0,21.166666666666664,1610.02,21.166666666666664,0.0,1610.02,0.0,,True,usable,True,0,0.43749892411242347,0.0404211825510086,0.4393622430277208,14,579740.0
MAD-016,Sol,Centro,True,True,available,311,310,1,99.68,0.32,2.79,310,1019518.23,892000.0,678750.0,1119000.0,440250.0,260000.0,5500000.0,8139.55,8037.53,6580.04,9025.57,2445.52,2381.54,30.43,7811.88,8205.36,393.48,4.9,126.42,310,2000,0.95,calculated,127.0,112.0,85.0,142.75,57.75,30.0,560.0,2.7,2.0,302,8,97.42,2.05,2.0,93,217,30.0,0.6731,67.31,309,1,99.68,0.8706,87.06,309,1,99.68,96.03,96.83,53.97,85.83,high,La estimación presenta una estabilidad alta en comparación con el resto de barrios.,residential_sale,asking_price,unknown,7696.61,,7726.49,145.61,,144.86,100,,100.39,True,False,True,2025,EUR_per_m2,mean_declared_transaction_price,residential_sales,Ayuntamiento de Madrid,Colegio de Registradores de España,504020100060,15,97.7,True,True,85.83,high,7696.61,registered_transactions_2025,official_price_and_kaggle_features,-340.9200000000001,-4.241601586557065,0.9575839841344294,DEST_001,Puerta del Sol,WALK,A pie,2026-07-29,2026-07-29T09:00:00+02:00,success,[],,2026-07-29T18:00:00+02:00,success,[],,2026-07-29T08:58:06+02:00,2026-07-29T09:00:00+02:00,WALK,,,,1.9,112.42,1.9,0.0,112.42,0.0,2026-07-29T18:00:00+02:00,2026-07-29T18:01:48+02:00,WALK,,,,1.8,112.42,1.8,0.0,112.42,0.0,complete_route,True,0,3.7,224.84,3.7,0.0,224.84,0.0,,True,usable,True,0,0.474375022030079,0.0,0.474375022030079,15,615728.7999999999
MAD-172,San Cristóbal,Villaverde,True,True,available,40,22,18,55.0,45.0,0.2,22,140040.91,131250.0,118000.0,174000.0,56000.0,68400.0,214900.0,2395.76,2237.9,1956.42,2652.88,696.46,731.5,31.12,2020.86,2360.79,339.93,15.19,107.07,22,2000,0.95,calculated,59.95,60.0,50.25,64.5,14.25,44.0,91.0,2.55,3.0,22,0,100.0,1.0,1.0,8,14,36.36,0.1905,19.05,21,1,95.45,1.0,100.0,19,3,86.36,15.87,46.03,50.79,36.67,low,La estimación debe interpretarse con precaución por el tamaño de la muestra o la variabilidad de los precios.,residential_sale,asking_price,unknown,1909.6,1746.72,1942.18,36.13,34.65,36.41,100,91.47,101.71,True,True,True,2025,EUR_per_m2,mean_declared_transaction_price,residential_sales,Ayuntamiento de Madrid,Colegio de Registradores de España,504020100060,15,97.7,True,True,36.67,low,1909.6,registered_transactions_2025,official_price_and_kaggle_features,-328.3000000000002,-14.670003127932445,0.8532999687206756,DEST_002,Nuevos Ministerios,BICYCLE,Bicicleta,2026-07-29,2026-07-29T09:00:00+02:00,success,[],,2026-07-29T18:00:00+02:00,success,[],,2026-07-29T07:50:42+02:00,2026-07-29T09:00:00+02:00,BICYCLE,,,,69.3,15617.37,0.0,0.0,0.0,0.0,2026-07-29T18:00:00+02:00,2026-07-29T19:12:46+02:00,BICYCLE,,,,72.76666666666667,16924.43,0.0,0.0,0.0,0.0,complete_route,True,0,142.06666666666666,32541.800000000003,0.0,0.0,0.0,0.0,,True,usable,True,0,0.0,0.8536822753325403,0.8536822753325403,16,152768.0
MAD-121,Orcasitas,Usera,True,True,available,26,19,7,73.08,26.92,0.17,19,272768.42,275000.0,240000.0,320000.0,80000.0,138000.0,380000.0,2907.24,2726.19,2328.1,3336.4,1008.3,871.71,36.99,2339.13,3235.29,896.16,32.87,311.47,19,2000,0.95,calculated,98.63,100.0,84.5,109.0,24.5,35.0,164.0,2.74,3.0,19,0,100.0,1.5,1.5,6,13,31.58,0.875,87.5,16,3,84.21,1.0,100.0,16,3,84.21,12.3,4.76,17.46,10.58,low,La estimación debe interpretarse con precaución por el tamaño de la muestra o la variabilidad de los precios.,residential_sale,asking_price,unknown,2357.51,,2366.82,44.6,,44.38,100,,100.39,True,False,True,2025,EUR_per_m2,mean_declared_transaction_price,residential_sales,Ayuntamiento de Madrid,Colegio de Registradores de España,504020100060,15,97.7,True,True,10.58,low,2357.51,registered_transactions_2025,official_price_and_kaggle_features,-368.67999999999984,-13.523635549980003,0.8647636445001999,DEST_002,Nuevos Ministerios,BICYCLE,Bicicleta,2026-07-29,2026-07-29T09:00:00+02:00,success,[],,2026-07-29T18:00:00+02:00,success,[],,2026-07-29T08:00:54+02:00,2026-07-29T09:00:00+02:00,BICYCLE,,,,59.1,13323.23,0.0,0.0,0.0,0.0,2026-07-29T18:00:00+02:00,2026-07-29T19:01:46+02:00,BICYCLE,,,,61.766666666666666,14645.53,0.0,0.0,0.0,0.0,complete_route,True,0,120.86666666666667,27968.76,0.0,0.0,0.0,0.0,,True,usable,True,0,0.036716251763431,0.7161241483724451,0.7170647662699062,15,188600.80000000002
MAD-131,Entrevías,Puente de Vallecas,True,True,available,83,67,16,80.72,19.28,0.6,67,189897.91,184900.0,164000.0,199500.0,35500.0,103000.0,293000.0,2534.13,2352.94,2061.43,2991.89,930.46,640.11,39.54,2212.77,2681.16,468.39,19.91,114.37,67,2000,0.95,calculated,78.78,74.0,61.0,95.5,34.5,48.0,142.0,2.9,3.0,67,0,100.0,1.32,1.0,22,45,32.84,0.3051,30.51,59,8,88.06,0.8947,89.47,57,10,85.07,51.59,26.59,15.08,32.46,low,La estimación debe interpretarse con precaución por el tamaño de la muestra o la variabilidad de los precios.,residential_sale,asking_price,unknown,2430.16,2472.77,2390.0,45.98,49.05,44.81,100,101.75,98.35,True,True,True,2025,EUR_per_m2,mean_declared_transaction_price,residential_sales,Ayuntamiento de Madrid,Colegio de Registradores de España,504020100060,15,97.7,True,True,32.46,low,2430.16,registered_transactions_2025,official_price_and_kaggle_features,77.2199999999998,3.281851640925812,1.032818516409258,DEST_002,Nuevos Ministerios,BICYCLE,Bicicleta,2026-07-29,2026-07-29T09:00:00+02:00,success,[],,2026-07-29T18:00:00+02:00,success,[],,2026-07-29T08:02:16+02:00,2026-07-29T09:00:00+02:00,BICYCLE,,,,57.73333333333333,13177.15,0.0,0.0,0.0,0.0,2026-07-29T18:00:00+02:00,2026-07-29T19:00:59+02:00,BICYCLE,,,,60.98333333333333,14532.91,0.0,0.0,0.0,0.0,complete_route,True,0,118.71666666666664,27710.06,0.0,0.0,0.0,0.0,,True,usable,True,0,0.04267154566312792,0.7021736779496051,0.7034690716830101,14,194412.8
MAD-202,Hellín,San Blas - Canillejas,True,True,available,21,18,3,85.71,14.29,0.16,18,181410.89,149750.0,145500.0,169000.0,23500.0,128000.0,399000.0,2819.19,2659.74,2622.81,3057.98,435.17,382.6,16.36,2622.81,3052.98,430.17,16.17,151.2,18,2000,0.95,calculated,63.44,58.0,57.0,62.75,5.75,45.0,120.0,2.56,3.0,16,2,88.89,1.0,1.0,5,13,27.78,0.1875,18.75,16,2,88.89,1.0,100.0,16,2,88.89,9.92,38.1,94.44,42.32,low,La estimación debe interpretarse con precaución por el tamaño de la muestra o la variabilidad de los precios.,residential_sale,asking_price,unknown,2498.86,,2486.9,47.28,,46.63,100,,99.52,True,False,True,2025,EUR_per_m2,mean_declared_transaction_price,residential_sales,Ayuntamiento de Madrid,Colegio de Registradores de España,504020100060,15,97.7,True,True,42.32,low,2498.86,registered_transactions_2025,official_price_and_kaggle_features,-160.87999999999963,-6.048711528194472,0.9395128847180552,DEST_002,Nuevos Ministerios,BICYCLE,Bicicleta,2026-07-29,2026-07-29T09:00:00+02:00,success,[],,2026-07-29T18:00:00+02:00,success,[],,2026-07-29T08:18:49+02:00,2026-07-29T09:00:00+02:00,BICYCLE,,,,41.18333333333333,9412.58,0.0,0.0,0.0,0.0,2026-07-29T18:00:00+02:00,2026-07-29T18:41:54+02:00,BICYCLE,,,,41.9,9107.36,0.0,0.0,0.0,0.0,complete_route,True,0,83.08333333333333,18519.94,0.0,0.0,0.0,0.0,,True,usable,True,0,0.04830304863503682,0.47096355574781007,0.4734341087733956,11,199908.80000000002
MAD-203,Amposta,San Blas - Canillejas,True,True,available,25,16,9,64.0,36.0,0.14,16,199353.69,167499.5,148750.0,243425.0,94675.0,70600.0,345000.0,2925.47,2920.35,2712.32,3300.47,588.15,635.83,20.14,2719.3,3300.0,580.7,19.88,129.47,16,2000,0.95,calculated,68.56,57.5,53.75,77.75,24.0,41.0,113.0,2.62,3.0,16,0,100.0,1.17,1.0,6,10,37.5,0.0625,6.25,16,0,100.0,1.0,100.0,15,1,93.75,5.56,27.78,90.48,35.67,low,La estimación debe interpretarse con precaución por el tamaño de la muestra o la variabilidad de los precios.,residential_sale,asking_price,unknown,2544.1,2502.63,2601.57,48.13,49.64,48.78,100,98.37,102.26,True,True,True,2025,EUR_per_m2,mean_declared_transaction_price,residential_sales,Ayuntamiento de Madrid,Colegio de Registradores de España,504020100060,15,97.7,True,True,35.67,low,2544.1,registered_transactions_2025,official_price_and_kaggle_features,-376.25,-12.883729689934423,0.8711627031006557,DEST_002,Nuevos Ministerios,BICYCLE,Bicicleta,2026-07-29,2026-07-29T09:00:00+02:00,success,[],,2026-07-29T18:00:00+02:00,success,[],,2026-07-29T08:22:26+02:00,2026-07-29T09:00:00+02:00,BICYCLE,,,,37.56666666666667,8649.1,0.0,0.0,0.0,0.0,2026-07-29T18:00:00+02:00,2026-07-29T18:38:03+02:00,BICYCLE,,,,38.05,8195.03,0.0,0.0,0.0,0.0,complete_route,True,0,75.61666666666667,16844.13,0.0,0.0,0.0,0.0,,True,usable,True,0,0.052011479413044924,0.4225154104033741,0.4257046699521456,10,203528.0
MAD-201,Simancas,San Blas - Canillejas,True,True,available,94,91,3,96.81,3.19,0.82,91,399069.22,320000.0,262500.0,425000.0,162500.0,125000.0,1399900.0,4177.98,4193.55,3242.65,4887.03,1644.38,1171.86,39.21,3787.88,4359.38,571.5,13.63,141.47,91,2000,0.95,calculated,98.14,80.0,63.5,103.5,40.0,33.0,431.0,2.23,2.0,87,4,95.6,1.5,1.5,12,79,13.19,0.9167,91.67,84,7,92.31,0.9524,95.24,84,7,92.31,69.84,53.97,15.87,50.0,medium,La estimación presenta una estabilidad intermedia en comparación con el resto de barrios.,residential_sale,asking_price,unknown,3690.7,4476.19,3642.33,69.82,88.79,68.29,100,121.28,98.69,True,True,True,2025,EUR_per_m2,mean_declared_transaction_price,residential_sales,Ayuntamiento de Madrid,Colegio de Registradores de España,504020100060,15,97.7,True,True,50.0,medium,3690.7,registered_transactions_2025,official_price_and_kaggle_features,-502.8500000000004,-11.991033849602374,0.8800896615039763,DEST_002,Nuevos Ministerios,BICYCLE,Bicicleta,2026-07-29,2026-07-29T09:00:00+02:00,success,[],,2026-07-29T18:00:00+02:00,success,[],,2026-07-29T08:26:20+02:00,2026-07-29T09:00:00+02:00,BICYCLE,,,,33.666666666666664,7905.79,0.0,0.0,0.0,0.0,2026-07-29T18:00:00+02:00,2026-07-29T18:34:25+02:00,BICYCLE,,,,34.416666666666664,7695.02,0.0,0.0,0.0,0.0,complete_route,True,0,68.08333333333333,15600.81,0.0,0.0,0.0,0.0,,True,usable,True,0,0.14600101809704383,0.3736346923326484,0.40114733029136085,9,295256.0
MAD-152,Pueblo Nuevo,Ciudad Lineal,True,True,available,124,112,12,90.32,9.68,1.01,112,316712.5,279950.0,230000.0,372375.0,142375.0,142000.0,1300000.0,3904.91,3730.84,3311.51,4600.77,1289.26,925.06,34.56,3575.84,3928.57,352.73,9.45,97.91,112,2000,0.95,calculated,82.52,74.0,60.0,92.0,32.0,32.0,244.0,2.3,2.0,107,5,95.54,1.34,1.0,32,80,28.57,0.5364,53.64,110,2,98.21,0.9813,98.13,107,5,95.54,80.16,79.37,30.95,67.54,medium,La estimación presenta una estabilidad intermedia en comparación con el resto de barrios.,residential_sale,asking_price,unknown,3794.82,,3796.24,71.79,,71.18,100,,100.04,True,False,True,2025,EUR_per_m2,mean_declared_transaction_price,residential_sales,Ayuntamiento de Madrid,Colegio de Registradores de España,504020100060,15,97.7,True,True,67.54,medium,3794.82,registered_transactions_2025,official_price_and_kaggle_features,63.98000000000002,1.7148953050787494,1.0171489530507876,DEST_002,Nuevos Ministerios,BICYCLE,Bicicleta,2026-07-29,2026-07-29T09:00:00+02:00,success,[],,2026-07-29T18:00:00+02:00,success,[],,2026-07-29T08:29:40+02:00,2026-07-29T09:00:00+02:00,BICYCLE,,,,30.33333333333333,7369.5,0.0,0.0,0.0,0.0,2026-07-29T18:00:00+02:00,2026-07-29T18:30:56+02:00,BICYCLE,,,,30.933333333333334,6976.03,0.0,0.0,0.0,0.0,complete_route,True,0,61.266666666666666,14345.53,0.0,0.0,0.0,0.0,,True,usable,True,0,0.1545359830087637,0.32940413106953603,0.36385223870434136,6,303585.60000000003
MAD-151,Ventas,Ciudad Lineal,True,True,available,80,70,10,87.5,12.5,0.63,70,306588.84,275000.0,240000.0,353750.0,113750.0,170000.0,835000.0,4275.18,4000.0,3504.12,4905.44,1401.32,1081.36,35.03,3797.89,4544.55,746.66,18.67,195.08,70,2000,0.95,calculated,72.31,69.5,62.0,79.5,17.5,48.0,140.0,2.41,2.0,68,2,97.14,1.56,2.0,18,52,25.71,0.6176,61.76,68,2,97.14,0.9552,95.52,67,3,95.71,55.56,34.13,27.38,39.94,low,La estimación debe interpretarse con precaución por el tamaño de la muestra o la variabilidad de los precios.,residential_sale,asking_price,unknown,4133.07,4698.96,4105.16,78.19,93.21,76.97,100,113.69,99.32,True,True,True,2025,EUR_per_m2,mean_declared_transaction_price,residential_sales,Ayuntamiento de Madrid,Colegio de Registradores de España,504020100060,15,97.7,True,True,39.94,low,4133.07,registered_transactions_2025,official_price_and_kaggle_features,133.0699999999997,3.326749999999993,1.0332675,DEST_002,Nuevos Ministerios,BICYCLE,Bicicleta,2026-07-29,2026-07-29T09:00:00+02:00,success,[],,2026-07-29T18:00:00+02:00,success,[],,2026-07-29T08:29:35+02:00,2026-07-29T09:00:00+02:00,BICYCLE,,,,30.416666666666668,6750.51,0.0,0.0,0.0,0.0,2026-07-29T18:00:00+02:00,2026-07-29T18:30:25+02:00,BICYCLE,,,,30.416666666666668,6200.12,0.0,0.0,0.0,0.0,complete_route,True,0,60.833333333333336,12950.63,0.0,0.0,0.0,0.0,,True,usable,True,0,0.18226314283770367,0.3265924083486536,0.37400862881496577,7,330645.6
MAD-165,Apóstol Santiago,Hortaleza,True,True,available,12,12,0,100.0,0.0,0.11,12,433875.0,413500.0,335000.0,504250.0,169250.0,230000.0,890000.0,4835.21,4203.28,3500.72,5822.16,2321.44,1663.26,55.23,3486.59,6000.49,2513.9,59.81,817.2,12,2000,0.95,calculated,91.42,83.0,71.75,105.75,34.0,65.0,140.0,3.08,3.0,12,0,100.0,2.0,2.0,7,5,58.33,0.8182,81.82,11,1,91.67,1.0,100.0,11,1,91.67,3.57,0.79,3.97,2.56,low,"El intervalo se ha calculado, pero el número de anuncios sigue siendo reducido.",residential_sale,asking_price,unknown,4162.46,4605.35,4096.02,78.75,91.35,76.8,100,110.64,98.4,True,True,True,2025,EUR_per_m2,mean_declared_transaction_price,residential_sales,Ayuntamiento de Madrid,Colegio de Registradores de España,504020100060,15,97.7,True,True,2.56,low,4162.46,registered_transactions_2025,official_price_and_kaggle_features,-40.81999999999971,-0.9711463428560484,0.9902885365714396,DEST_002,Nuevos Ministerios,BICYCLE,Bicicleta,2026-07-29,2026-07-29T09:00:00+02:00,success,[],,2026-07-29T18:00:00+02:00,success,[],,2026-07-29T08:35:07+02:00,2026-07-29T09:00:00+02:00,BICYCLE,,,,24.883333333333333,5459.99,0.0,0.0,0.0,0.0,2026-07-29T18:00:00+02:00,2026-07-29T18:26:10+02:00,BICYCLE,,,,26.166666666666668,5587.85,0.0,0.0,0.0,0.0,complete_route,True,0,51.05,11047.84,0.0,0.0,0.0,0.0,,True,usable,True,0,0.18467231128522046,0.2631123607656537,0.321452915592783,4,332996.8
MAD-153,Quintana,Ciudad Lineal,True,True,available,74,68,6,91.89,8.11,0.61,68,316660.29,285000.0,239000.0,359250.0,120250.0,143000.0,886000.0,4446.01,4289.01,3497.54,4742.79,1245.25,1314.01,29.03,4071.43,4598.39,526.96,12.29,159.29,68,2000,0.95,calculated,74.25,64.0,54.5,78.25,23.75,36.0,243.0,2.13,2.0,67,1,98.53,1.42,1.0,12,56,17.65,0.4394,43.94,66,2,97.06,0.9231,92.31,65,3,95.59,53.17,58.73,61.9,57.58,medium,La estimación presenta una estabilidad intermedia en comparación con el resto de barrios.,residential_sale,asking_price,unknown,4436.01,,4420.93,83.92,,82.89,100,,99.66,True,False,True,2025,EUR_per_m2,mean_declared_transaction_price,residential_sales,Ayuntamiento de Madrid,Colegio de Registradores de España,504020100060,15,97.7,True,True,57.58,medium,4436.01,registered_transactions_2025,official_price_and_kaggle_features,147.0,3.4273643568096133,1.034273643568096,DEST_002,Nuevos Ministerios,BICYCLE,Bicicleta,2026-07-29,2026-07-29T09:00:00+02:00,success,[],,2026-07-29T18:00:00+02:00,success,[],,2026-07-29T08:36:07+02:00,2026-07-29T09:00:00+02:00,BICYCLE,,,,23.883333333333333,5707.86,0.0,0.0,0.0,0.0,2026-07-29T18:00:00+02:00,2026-07-29T18:25:44+02:00,BICYCLE,,,,25.73333333333333,5498.62,0.0,0.0,0.0,0.0,complete_route,True,0,49.61666666666666,11206.48,0.0,0.0,0.0,0.0,,True,usable,True,0,0.2070958576893788,0.2538120471504271,0.3275809053513194,5,354880.80000000005
MAD-094,Valdezarza,Moncloa - Aravaca,True,True,available,30,28,2,93.33,6.67,0.25,28,510571.64,432400.0,313000.0,680000.0,367000.0,195000.0,925000.0,5331.77,5128.05,4322.15,5676.69,1354.54,1654.85,26.41,4485.87,5461.13,975.26,19.02,290.87,28,2000,0.95,calculated,95.89,77.0,71.5,111.25,39.75,50.0,289.0,2.64,3.0,28,0,100.0,1.4,1.0,10,18,35.71,0.75,75.0,24,4,85.71,1.0,100.0,24,4,85.71,23.02,32.94,71.43,39.09,low,La estimación debe interpretarse con precaución por el tamaño de la muestra o la variabilidad de los precios.,residential_sale,asking_price,unknown,4484.04,,4492.18,84.83,,84.22,100,,100.18,True,False,True,2025,EUR_per_m2,mean_declared_transaction_price,residential_sales,Ayuntamiento de Madrid,Colegio de Registradores de España,504020100060,15,97.7,True,True,39.09,low,4484.04,registered_transactions_2025,official_price_and_kaggle_features,-644.0100000000002,-12.558574896890637,0.8744142510310936,DEST_002,Nuevos Ministerios,BICYCLE,Bicicleta,2026-07-29,2026-07-29T09:00:00+02:00,success,[],,2026-07-29T18:00:00+02:00,success,[],,2026-07-29T08:37:50+02:00,2026-07-29T09:00:00+02:00,BICYCLE,,,,22.166666666666668,4557.54,0.0,0.0,0.0,0.0,2026-07-29T18:00:00+02:00,2026-07-29T18:21:32+02:00,BICYCLE,,,,21.53333333333333,4392.83,0.0,0.0,0.0,0.0,complete_route,True,0,43.7,8950.369999999999,0.0,0.0,0.0,0.0,,True,usable,True,0,0.21103299142650808,0.21542121769222453,0.3015646274058372,3,358723.2
MAD-066,Berruguete,Tetuán,True,True,available,84,78,6,92.86,7.14,0.7,78,345826.13,292500.0,225750.0,450000.0,224250.0,82000.0,1200000.0,4685.22,4679.14,4006.25,5318.0,1311.75,1090.42,28.03,4411.76,4876.56,464.8,9.93,125.78,78,2000,0.95,calculated,78.51,71.5,46.0,90.75,44.75,23.0,450.0,2.1,2.0,72,6,92.31,1.52,2.0,23,55,29.49,0.5065,50.65,77,1,98.72,0.8158,81.58,76,2,97.44,63.49,76.98,66.67,69.68,medium,La estimación presenta una estabilidad intermedia en comparación con el resto de barrios.,residential_sale,asking_price,unknown,4789.99,4725.66,4812.94,90.62,93.74,90.24,100,98.66,100.48,True,True,True,2025,EUR_per_m2,mean_declared_transaction_price,residential_sales,Ayuntamiento de Madrid,Colegio de Registradores de España,504020100060,15,97.7,True,True,69.68,medium,4789.99,registered_transactions_2025,official_price_and_kaggle_features,110.84999999999944,2.369025077257775,1.0236902507725778,DEST_002,Nuevos Ministerios,BICYCLE,Bicicleta,2026-07-29,2026-07-29T09:00:00+02:00,success,[],,2026-07-29T18:00:00+02:00,success,[],,2026-07-29T08:44:52+02:00,2026-07-29T09:00:00+02:00,BICYCLE,,,,15.133333333333333,2648.87,0.0,0.0,0.0,0.0,2026-07-29T18:00:00+02:00,2026-07-29T18:13:05+02:00,BICYCLE,,,,13.083333333333334,2486.77,0.0,0.0,0.0,0.0,complete_route,True,0,28.21666666666667,5135.639999999999,0.0,0.0,0.0,0.0,,True,usable,True,0,0.23611244316239632,0.11495620201146318,0.2626100039926434,1,383199.19999999995
MAD-061,Bellas Vistas,Tetuán,True,True,available,105,102,3,97.14,2.86,0.92,102,407470.31,312000.0,210000.0,425000.0,215000.0,105000.0,1950000.0,5077.08,4994.73,4270.81,5765.56,1494.75,1393.44,29.93,4848.39,5169.47,321.08,6.43,88.66,102,2000,0.95,calculated,83.93,60.5,44.25,97.75,53.5,29.0,490.0,2.27,2.0,95,7,93.14,1.2,1.0,20,82,19.61,0.6566,65.66,99,3,97.06,0.6768,67.68,99,3,97.06,76.98,92.86,57.14,78.37,high,La estimación presenta una estabilidad alta en comparación con el resto de barrios.,residential_sale,asking_price,unknown,5223.92,5760.0,5072.68,98.83,114.25,95.11,100,110.26,97.1,True,True,True,2025,EUR_per_m2,mean_declared_transaction_price,residential_sales,Ayuntamiento de Madrid,Colegio de Registradores de España,504020100060,15,97.7,True,True,78.37,high,5223.92,registered_transactions_2025,official_price_and_kaggle_features,229.1900000000005,4.588636422789631,1.0458863642278964,DEST_002,Nuevos Ministerios,BICYCLE,Bicicleta,2026-07-29,2026-07-29T09:00:00+02:00,success,[],,2026-07-29T18:00:00+02:00,success,[],,2026-07-29T08:48:21+02:00,2026-07-29T09:00:00+02:00,BICYCLE,,,,11.65,2293.13,0.0,0.0,0.0,0.0,2026-07-29T18:00:00+02:00,2026-07-29T18:10:03+02:00,BICYCLE,,,,10.05,2055.83,0.0,0.0,0.0,0.0,complete_route,True,0,21.700000000000003,4348.96,0.0,0.0,0.0,0.0,,True,usable,True,0,0.2716827209586179,0.07267221801665406,0.2812343366997322,2,417913.6
MAD-062,Cuatro Caminos,Tetuán,True,True,available,162,154,8,95.06,4.94,1.39,154,821807.01,702500.0,450000.0,1096750.0,646750.0,145000.0,2875000.0,6327.73,6214.17,5483.82,6810.06,1326.25,1506.78,21.34,5983.87,6405.24,421.37,6.78,103.37,154,2000,0.95,calculated,131.15,118.0,70.0,178.75,108.75,25.0,434.0,2.91,3.0,150,4,97.4,1.88,2.0,41,113,26.62,0.8442,84.42,154,0,100.0,0.8117,81.17,154,0,100.0,88.89,89.68,88.1,89.01,high,La estimación presenta una estabilidad alta en comparación con el resto de barrios.,residential_sale,asking_price,unknown,6496.82,,6513.79,122.91,,122.13,100,,100.26,True,False,True,2025,EUR_per_m2,mean_declared_transaction_price,residential_sales,Ayuntamiento de Madrid,Colegio de Registradores de España,504020100060,15,97.7,True,True,89.01,high,6496.82,registered_transactions_2025,official_price_and_kaggle_features,282.64999999999964,4.548475500348392,1.0454847550034838,DEST_002,Nuevos Ministerios,BICYCLE,Bicicleta,2026-07-29,2026-07-29T09:00:00+02:00,success,[],,2026-07-29T18:00:00+02:00,success,[],,2026-07-29T08:53:33+02:00,2026-07-29T09:00:00+02:00,BICYCLE,,,,6.45,1214.51,0.0,0.0,0.0,0.0,2026-07-29T18:00:00+02:00,2026-07-29T18:05:56+02:00,BICYCLE,,,,5.933333333333334,1097.76,0.0,0.0,0.0,0.0,complete_route,True,0,12.383333333333333,2312.27,0.0,0.0,0.0,0.0,,True,usable,True,0,0.3760253720931567,0.012220179517681406,0.3762238871273876,8,519745.6
MAD-075,Ríos Rosas,Chamberí,True,True,available,125,123,2,98.4,1.6,1.11,123,1105656.34,850000.0,527000.0,1485000.0,958000.0,177000.0,5325000.0,8473.51,8283.58,6843.11,9551.15,2708.04,2299.05,32.69,7874.89,8833.33,958.45,11.57,262.51,123,2000,0.95,calculated,130.37,120.0,60.0,161.0,101.0,20.0,596.0,2.74,3.0,117,6,95.12,1.84,2.0,25,98,20.33,0.9593,95.93,123,0,100.0,0.6803,68.03,122,1,99.19,82.54,65.08,42.06,65.44,medium,La estimación presenta una estabilidad intermedia en comparación con el resto de barrios.,residential_sale,asking_price,unknown,7915.16,7735.63,7927.52,149.75,153.44,148.63,100,97.73,100.16,True,True,True,2025,EUR_per_m2,mean_declared_transaction_price,residential_sales,Ayuntamiento de Madrid,Colegio de Registradores de España,504020100060,15,97.7,True,True,65.44,medium,7915.16,registered_transactions_2025,official_price_and_kaggle_features,-368.4200000000001,-4.447593914708376,0.9555240608529162,DEST_002,Nuevos Ministerios,BICYCLE,Bicicleta,2026-07-29,2026-07-29T09:00:00+02:00,success,[],,2026-07-29T18:00:00+02:00,success,[],,2026-07-29T08:53:49+02:00,2026-07-29T09:00:00+02:00,BICYCLE,,,,6.183333333333334,1068.89,0.0,0.0,0.0,0.0,2026-07-29T18:00:00+02:00,2026-07-29T18:05:57+02:00,BICYCLE,,,,5.95,1136.98,0.0,0.0,0.0,0.0,complete_route,True,0,12.133333333333333,2205.87,0.0,0.0,0.0,0.0,,True,usable,True,0,0.49229008716123884,0.010598031794095379,0.49240415127731085,12,633212.8
MAD-051,El Viso,Chamartín,True,True,available,199,197,2,98.99,1.01,1.77,197,2644817.11,1890000.0,1300000.0,3200000.0,1900000.0,320000.0,23000000.0,9189.33,8600.0,7173.91,10106.38,2932.47,3263.68,34.1,8076.92,8984.38,907.45,10.55,232.33,197,2000,0.95,calculated,277.93,260.0,148.0,321.0,173.0,40.0,1000.0,4.1,4.0,195,2,98.98,2.7,2.0,40,157,20.3,0.9477,94.77,172,25,87.31,0.9368,93.68,174,23,88.32,91.27,73.81,34.13,70.0,medium,La estimación presenta una estabilidad intermedia en comparación con el resto de barrios.,residential_sale,asking_price,unknown,9382.09,,9382.09,177.5,,175.91,100,,100.0,True,False,True,2025,EUR_per_m2,mean_declared_transaction_price,residential_sales,Ayuntamiento de Madrid,Colegio de Registradores de España,504020100060,15,97.7,True,True,70.0,medium,9382.09,registered_transactions_2025,official_price_and_kaggle_features,782.0900000000001,9.094069767441862,1.0909406976744187,DEST_002,Nuevos Ministerios,BICYCLE,Bicicleta,2026-07-29,2026-07-29T09:00:00+02:00,success,[],,2026-07-29T18:00:00+02:00,success,[],,2026-07-29T08:55:14+02:00,2026-07-29T09:00:00+02:00,BICYCLE,,,,4.766666666666667,724.46,0.0,0.0,0.0,0.0,2026-07-29T18:00:00+02:00,2026-07-29T18:05:44+02:00,BICYCLE,,,,5.733333333333333,873.66,0.0,0.0,0.0,0.0,complete_route,True,0,10.5,1598.12,0.0,0.0,0.0,0.0,,True,usable,True,0,0.6125378405030482,0.0,0.6125378405030482,13,750567.2
MAD-172,San Cristóbal,Villaverde,True,True,available,40,22,18,55.0,45.0,0.2,22,140040.91,131250.0,118000.0,174000.0,56000.0,68400.0,214900.0,2395.76,2237.9,1956.42,2652.88,696.46,731.5,31.12,2020.86,2360.79,339.93,15.19,107.07,22,2000,0.95,calculated,59.95,60.0,50.25,64.5,14.25,44.0,91.0,2.55,3.0,22,0,100.0,1.0,1.0,8,14,36.36,0.1905,19.05,21,1,95.45,1.0,100.0,19,3,86.36,15.87,46.03,50.79,36.67,low,La estimación debe interpretarse con precaución por el tamaño de la muestra o la variabilidad de los precios.,residential_sale,asking_price,unknown,1909.6,1746.72,1942.18,36.13,34.65,36.41,100,91.47,101.71,True,True,True,2025,EUR_per_m2,mean_declared_transaction_price,residential_sales,Ayuntamiento de Madrid,Colegio de Registradores de España,504020100060,15,97.7,True,True,36.67,low,1909.6,registered_transactions_2025,official_price_and_kaggle_features,-328.3000000000002,-14.670003127932445,0.8532999687206756,DEST_002,Nuevos Ministerios,CAR,Coche,2026-07-29,2026-07-29T09:00:00+02:00,success,[],,2026-07-29T18:00:00+02:00,success,[],,2026-07-29T08:39:02+02:00,2026-07-29T09:00:00+02:00,CAR,,,,20.966666666666665,16759.73,0.0,0.0,0.0,0.0,2026-07-29T18:00:00+02:00,2026-07-29T18:21:34+02:00,CAR,,,,21.566666666666663,16767.75,0.0,0.0,0.0,0.0,complete_route,True,0,42.53333333333333,33527.48,0.0,0.0,0.0,0.0,,True,usable,True,0,0.0,0.617051209904333,0.617051209904333,18,152768.0
MAD-121,Orcasitas,Usera,True,True,available,26,19,7,73.08,26.92,0.17,19,272768.42,275000.0,240000.0,320000.0,80000.0,138000.0,380000.0,2907.24,2726.19,2328.1,3336.4,1008.3,871.71,36.99,2339.13,3235.29,896.16,32.87,311.47,19,2000,0.95,calculated,98.63,100.0,84.5,109.0,24.5,35.0,164.0,2.74,3.0,19,0,100.0,1.5,1.5,6,13,31.58,0.875,87.5,16,3,84.21,1.0,100.0,16,3,84.21,12.3,4.76,17.46,10.58,low,La estimación debe interpretarse con precaución por el tamaño de la muestra o la variabilidad de los precios.,residential_sale,asking_price,unknown,2357.51,,2366.82,44.6,,44.38,100,,100.39,True,False,True,2025,EUR_per_m2,mean_declared_transaction_price,residential_sales,Ayuntamiento de Madrid,Colegio de Registradores de España,504020100060,15,97.7,True,True,10.58,low,2357.51,registered_transactions_2025,official_price_and_kaggle_features,-368.67999999999984,-13.523635549980003,0.8647636445001999,DEST_002,Nuevos Ministerios,CAR,Coche,2026-07-29,2026-07-29T09:00:00+02:00,success,[],,2026-07-29T18:00:00+02:00,success,[],,2026-07-29T08:41:57+02:00,2026-07-29T09:00:00+02:00,CAR,,,,18.05,17784.94,0.0,0.0,0.0,0.0,2026-07-29T18:00:00+02:00,2026-07-29T18:15:08+02:00,CAR,,,,15.133333333333333,10199.41,0.0,0.0,0.0,0.0,complete_route,True,0,33.18333333333334,27984.35,0.0,0.0,0.0,0.0,,True,usable,True,0,0.036716251763431,0.45920090039392236,0.46066641951215054,17,188600.80000000002
MAD-131,Entrevías,Puente de Vallecas,True,True,available,83,67,16,80.72,19.28,0.6,67,189897.91,184900.0,164000.0,199500.0,35500.0,103000.0,293000.0,2534.13,2352.94,2061.43,2991.89,930.46,640.11,39.54,2212.77,2681.16,468.39,19.91,114.37,67,2000,0.95,calculated,78.78,74.0,61.0,95.5,34.5,48.0,142.0,2.9,3.0,67,0,100.0,1.32,1.0,22,45,32.84,0.3051,30.51,59,8,88.06,0.8947,89.47,57,10,85.07,51.59,26.59,15.08,32.46,low,La estimación debe interpretarse con precaución por el tamaño de la muestra o la variabilidad de los precios.,residential_sale,asking_price,unknown,2430.16,2472.77,2390.0,45.98,49.05,44.81,100,101.75,98.35,True,True,True,2025,EUR_per_m2,mean_declared_transaction_price,residential_sales,Ayuntamiento de Madrid,Colegio de Registradores de España,504020100060,15,97.7,True,True,32.46,low,2430.16,registered_transactions_2025,official_price_and_kaggle_features,77.2199999999998,3.281851640925812,1.032818516409258,DEST_002,Nuevos Ministerios,CAR,Coche,2026-07-29,2026-07-29T09:00:00+02:00,success,[],,2026-07-29T18:00:00+02:00,success,[],,2026-07-29T08:44:27+02:00,2026-07-29T09:00:00+02:00,CAR,,,,15.55,12182.93,0.0,0.0,0.0,0.0,2026-07-29T18:00:00+02:00,2026-07-29T18:14:37+02:00,CAR,,,,14.616666666666667,12034.74,0.0,0.0,0.0,0.0,complete_route,True,0,30.166666666666668,24217.67,0.0,0.0,0.0,0.0,,True,usable,True,0,0.04267154566312792,0.40827236916150816,0.41049627066519273,16,194412.8
MAD-202,Hellín,San Blas - Canillejas,True,True,available,21,18,3,85.71,14.29,0.16,18,181410.89,149750.0,145500.0,169000.0,23500.0,128000.0,399000.0,2819.19,2659.74,2622.81,3057.98,435.17,382.6,16.36,2622.81,3052.98,430.17,16.17,151.2,18,2000,0.95,calculated,63.44,58.0,57.0,62.75,5.75,45.0,120.0,2.56,3.0,16,2,88.89,1.0,1.0,5,13,27.78,0.1875,18.75,16,2,88.89,1.0,100.0,16,2,88.89,9.92,38.1,94.44,42.32,low,La estimación debe interpretarse con precaución por el tamaño de la muestra o la variabilidad de los precios.,residential_sale,asking_price,unknown,2498.86,,2486.9,47.28,,46.63,100,,99.52,True,False,True,2025,EUR_per_m2,mean_declared_transaction_price,residential_sales,Ayuntamiento de Madrid,Colegio de Registradores de España,504020100060,15,97.7,True,True,42.32,low,2498.86,registered_transactions_2025,official_price_and_kaggle_features,-160.87999999999963,-6.048711528194472,0.9395128847180552,DEST_002,Nuevos Ministerios,CAR,Coche,2026-07-29,2026-07-29T09:00:00+02:00,success,[],,2026-07-29T18:00:00+02:00,success,[],,2026-07-29T08:45:03+02:00,2026-07-29T09:00:00+02:00,CAR,,,,14.95,12666.39,0.0,0.0,0.0,0.0,2026-07-29T18:00:00+02:00,2026-07-29T18:14:16+02:00,CAR,,,,14.266666666666667,10360.64,0.0,0.0,0.0,0.0,complete_route,True,0,29.21666666666667,23027.03,0.0,0.0,0.0,0.0,,True,usable,True,0,0.04830304863503682,0.39223410241980866,0.39519713512184235,15,199908.80000000002
MAD-203,Amposta,San Blas - Canillejas,True,True,available,25,16,9,64.0,36.0,0.14,16,199353.69,167499.5,148750.0,243425.0,94675.0,70600.0,345000.0,2925.47,2920.35,2712.32,3300.47,588.15,635.83,20.14,2719.3,3300.0,580.7,19.88,129.47,16,2000,0.95,calculated,68.56,57.5,53.75,77.75,24.0,41.0,113.0,2.62,3.0,16,0,100.0,1.17,1.0,6,10,37.5,0.0625,6.25,16,0,100.0,1.0,100.0,15,1,93.75,5.56,27.78,90.48,35.67,low,La estimación debe interpretarse con precaución por el tamaño de la muestra o la variabilidad de los precios.,residential_sale,asking_price,unknown,2544.1,2502.63,2601.57,48.13,49.64,48.78,100,98.37,102.26,True,True,True,2025,EUR_per_m2,mean_declared_transaction_price,residential_sales,Ayuntamiento de Madrid,Colegio de Registradores de España,504020100060,15,97.7,True,True,35.67,low,2544.1,registered_transactions_2025,official_price_and_kaggle_features,-376.25,-12.883729689934423,0.8711627031006557,DEST_002,Nuevos Ministerios,CAR,Coche,2026-07-29,2026-07-29T09:00:00+02:00,success,[],,2026-07-29T18:00:00+02:00,success,[],,2026-07-29T08:45:31+02:00,2026-07-29T09:00:00+02:00,CAR,,,,14.483333333333333,11143.24,0.0,0.0,0.0,0.0,2026-07-29T18:00:00+02:00,2026-07-29T18:13:14+02:00,CAR,,,,13.233333333333333,9081.99,0.0,0.0,0.0,0.0,complete_route,True,0,27.716666666666665,20225.23,0.0,0.0,0.0,0.0,,True,usable,True,0,0.052011479413044924,0.3669105233539673,0.37057863691612847,12,203528.0
MAD-134,Palomeras Sureste,Puente de Vallecas,True,True,available,61,48,13,78.69,21.31,0.43,48,256093.75,236500.0,174125.0,319000.0,144875.0,75000.0,550000.0,2984.7,2884.39,2631.13,3268.15,637.02,672.52,22.09,2733.33,3090.91,357.58,12.4,110.34,48,2000,0.95,calculated,84.71,84.5,63.0,105.25,42.25,34.0,158.0,2.52,3.0,48,0,100.0,1.58,2.0,19,29,39.58,0.5957,59.57,47,1,97.92,0.9756,97.56,41,7,85.42,40.87,57.94,86.51,59.11,medium,La estimación presenta una estabilidad intermedia en comparación con el resto de barrios.,residential_sale,asking_price,unknown,2701.36,2664.74,2703.43,51.11,52.86,50.69,100,98.64,100.08,True,True,True,2025,EUR_per_m2,mean_declared_transaction_price,residential_sales,Ayuntamiento de Madrid,Colegio de Registradores de España,504020100060,15,97.7,True,True,59.11,medium,2701.36,registered_transactions_2025,official_price_and_kaggle_features,-183.0299999999997,-6.345535797863665,0.9365446420213632,DEST_002,Nuevos Ministerios,CAR,Coche,2026-07-29,2026-07-29T09:00:00+02:00,success,[],,2026-07-29T18:00:00+02:00,success,[],,2026-07-29T08:46:07+02:00,2026-07-29T09:00:00+02:00,CAR,,,,13.883333333333333,13745.74,0.0,0.0,0.0,0.0,2026-07-29T18:00:00+02:00,2026-07-29T18:12:16+02:00,CAR,,,,12.266666666666667,11930.58,0.0,0.0,0.0,0.0,complete_route,True,0,26.15,25676.32,0.0,0.0,0.0,0.0,,True,usable,True,0,0.06490245695834904,0.3404614518851997,0.3465924539556632,11,216108.80000000002
MAD-132,San Diego,Puente de Vallecas,True,True,available,167,134,33,80.24,19.76,1.21,134,190366.57,167450.0,129250.0,224250.0,95000.0,70900.0,780000.0,3062.94,2880.61,2432.46,3364.58,932.13,1131.96,32.36,2700.0,3000.0,300.0,10.41,85.88,134,2000,0.95,calculated,66.28,59.0,42.25,77.0,34.75,20.0,443.0,2.01,2.0,128,6,95.52,1.13,1.0,38,96,28.36,0.2403,24.03,129,5,96.27,0.8279,82.79,122,12,91.04,84.92,74.6,45.24,70.87,medium,La estimación presenta una estabilidad intermedia en comparación con el resto de barrios.,residential_sale,asking_price,unknown,3078.32,3199.39,3025.25,58.24,63.46,56.72,100,103.93,98.28,True,True,True,2025,EUR_per_m2,mean_declared_transaction_price,residential_sales,Ayuntamiento de Madrid,Colegio de Registradores de España,504020100060,15,97.7,True,True,70.87,medium,3078.32,registered_transactions_2025,official_price_and_kaggle_features,197.71000000000004,6.863476833031894,1.068634768330319,DEST_002,Nuevos Ministerios,CAR,Coche,2026-07-29,2026-07-29T09:00:00+02:00,success,[],,2026-07-29T18:00:00+02:00,success,[],,2026-07-29T08:47:09+02:00,2026-07-29T09:00:00+02:00,CAR,,,,12.85,10953.21,0.0,0.0,0.0,0.0,2026-07-29T18:00:00+02:00,2026-07-29T18:12:48+02:00,CAR,,,,12.8,10308.8,0.0,0.0,0.0,0.0,complete_route,True,0,25.65,21262.01,0.0,0.0,0.0,0.0,,True,usable,True,0,0.0958027678796121,0.33202025886325265,0.34556565603227435,10,246265.6
MAD-136,Numancia,Puente de Vallecas,True,True,available,126,106,20,84.13,15.87,0.95,106,208066.77,189500.0,146000.0,263750.0,117750.0,50000.0,600000.0,3189.85,3240.78,2628.67,3679.73,1051.06,835.96,32.43,2973.68,3400.0,426.32,13.15,99.62,106,2000,0.95,calculated,67.02,61.5,46.25,81.75,35.5,18.0,159.0,2.18,2.0,101,5,95.28,1.32,1.0,31,75,29.25,0.4563,45.63,103,3,97.17,0.8588,85.88,85,21,80.19,79.37,55.56,43.65,60.91,medium,La estimación presenta una estabilidad intermedia en comparación con el resto de barrios.,residential_sale,asking_price,unknown,3239.46,3122.09,3257.48,61.29,61.93,61.07,100,96.38,100.56,True,True,True,2025,EUR_per_m2,mean_declared_transaction_price,residential_sales,Ayuntamiento de Madrid,Colegio de Registradores de España,504020100060,15,97.7,True,True,60.91,medium,3239.46,registered_transactions_2025,official_price_and_kaggle_features,-1.3200000000001637,-0.0407309351452478,0.9995926906485476,DEST_002,Nuevos Ministerios,CAR,Coche,2026-07-29,2026-07-29T09:00:00+02:00,success,[],,2026-07-29T18:00:00+02:00,success,[],,2026-07-29T08:47:47+02:00,2026-07-29T09:00:00+02:00,CAR,,,,12.216666666666669,9646.54,0.0,0.0,0.0,0.0,2026-07-29T18:00:00+02:00,2026-07-29T18:12:05+02:00,CAR,,,,12.083333333333334,9773.25,0.0,0.0,0.0,0.0,complete_route,True,0,24.300000000000004,19419.79,0.0,0.0,0.0,0.0,,True,usable,True,0,0.10901179828562951,0.30922903770399557,0.32788133512721623,8,259156.8
MAD-201,Simancas,San Blas - Canillejas,True,True,available,94,91,3,96.81,3.19,0.82,91,399069.22,320000.0,262500.0,425000.0,162500.0,125000.0,1399900.0,4177.98,4193.55,3242.65,4887.03,1644.38,1171.86,39.21,3787.88,4359.38,571.5,13.63,141.47,91,2000,0.95,calculated,98.14,80.0,63.5,103.5,40.0,33.0,431.0,2.23,2.0,87,4,95.6,1.5,1.5,12,79,13.19,0.9167,91.67,84,7,92.31,0.9524,95.24,84,7,92.31,69.84,53.97,15.87,50.0,medium,La estimación presenta una estabilidad intermedia en comparación con el resto de barrios.,residential_sale,asking_price,unknown,3690.7,4476.19,3642.33,69.82,88.79,68.29,100,121.28,98.69,True,True,True,2025,EUR_per_m2,mean_declared_transaction_price,residential_sales,Ayuntamiento de Madrid,Colegio de Registradores de España,504020100060,15,97.7,True,True,50.0,medium,3690.7,registered_transactions_2025,official_price_and_kaggle_features,-502.8500000000004,-11.991033849602374,0.8800896615039763,DEST_002,Nuevos Ministerios,CAR,Coche,2026-07-29,2026-07-29T09:00:00+02:00,success,[],,2026-07-29T18:00:00+02:00,success,[],,2026-07-29T08:47:14+02:00,2026-07-29T09:00:00+02:00,CAR,,,,12.766666666666667,9249.08,0.0,0.0,0.0,0.0,2026-07-29T18:00:00+02:00,2026-07-29T18:11:20+02:00,CAR,,,,11.333333333333334,7711.96,0.0,0.0,0.0,0.0,complete_route,True,0,24.1,16961.04,0.0,0.0,0.0,0.0,,True,usable,True,0,0.14600101809704383,0.30585256049521664,0.33891309512447804,9,295256.0
MAD-144,Media Legua,Moratalaz,True,True,available,19,18,1,94.74,5.26,0.16,18,385277.72,289500.0,261625.0,448625.0,187000.0,170000.0,1350000.0,3687.23,3886.39,2936.95,4550.07,1613.12,1040.24,41.51,3030.76,4485.98,1455.22,37.44,417.19,18,2000,0.95,calculated,104.17,98.5,80.5,107.75,27.25,51.0,270.0,3.0,3.0,18,0,100.0,1.8,2.0,5,13,27.78,0.8824,88.24,17,1,94.44,1.0,100.0,17,1,94.44,9.92,2.38,12.7,7.6,low,La estimación debe interpretarse con precaución por el tamaño de la muestra o la variabilidad de los precios.,residential_sale,asking_price,unknown,3876.72,,3874.56,73.34,,72.64,100,,99.94,True,False,True,2025,EUR_per_m2,mean_declared_transaction_price,residential_sales,Ayuntamiento de Madrid,Colegio de Registradores de España,504020100060,15,97.7,True,True,7.6,low,3876.72,registered_transactions_2025,official_price_and_kaggle_features,-9.670000000000073,-0.2488170255687173,0.9975118297443129,DEST_002,Nuevos Ministerios,CAR,Coche,2026-07-29,2026-07-29T09:00:00+02:00,success,[],,2026-07-29T18:00:00+02:00,success,[],,2026-07-29T08:49:03+02:00,2026-07-29T09:00:00+02:00,CAR,,,,10.95,8662.81,0.0,0.0,0.0,0.0,2026-07-29T18:00:00+02:00,2026-07-29T18:10:38+02:00,CAR,,,,10.633333333333333,8343.04,0.0,0.0,0.0,0.0,complete_route,True,0,21.58333333333333,17005.85,0.0,0.0,0.0,0.0,,True,usable,True,0,0.16124952148619215,0.26336522228474946,0.30880843331849184,5,310137.6
MAD-165,Apóstol Santiago,Hortaleza,True,True,available,12,12,0,100.0,0.0,0.11,12,433875.0,413500.0,335000.0,504250.0,169250.0,230000.0,890000.0,4835.21,4203.28,3500.72,5822.16,2321.44,1663.26,55.23,3486.59,6000.49,2513.9,59.81,817.2,12,2000,0.95,calculated,91.42,83.0,71.75,105.75,34.0,65.0,140.0,3.08,3.0,12,0,100.0,2.0,2.0,7,5,58.33,0.8182,81.82,11,1,91.67,1.0,100.0,11,1,91.67,3.57,0.79,3.97,2.56,low,"El intervalo se ha calculado, pero el número de anuncios sigue siendo reducido.",residential_sale,asking_price,unknown,4162.46,4605.35,4096.02,78.75,91.35,76.8,100,110.64,98.4,True,True,True,2025,EUR_per_m2,mean_declared_transaction_price,residential_sales,Ayuntamiento de Madrid,Colegio de Registradores de España,504020100060,15,97.7,True,True,2.56,low,4162.46,registered_transactions_2025,official_price_and_kaggle_features,-40.81999999999971,-0.9711463428560484,0.9902885365714396,DEST_002,Nuevos Ministerios,CAR,Coche,2026-07-29,2026-07-29T09:00:00+02:00,success,[],,2026-07-29T18:00:00+02:00,success,[],,2026-07-29T08:49:03+02:00,2026-07-29T09:00:00+02:00,CAR,,,,10.95,7269.51,0.0,0.0,0.0,0.0,2026-07-29T18:00:00+02:00,2026-07-29T18:10:19+02:00,CAR,,,,10.316666666666666,6439.74,0.0,0.0,0.0,0.0,complete_route,True,0,21.266666666666666,13709.25,0.0,0.0,0.0,0.0,,True,usable,True,0,0.18467231128522046,0.2580191333708497,0.3172975507955737,6,332996.8
MAD-153,Quintana,Ciudad Lineal,True,True,available,74,68,6,91.89,8.11,0.61,68,316660.29,285000.0,239000.0,359250.0,120250.0,143000.0,886000.0,4446.01,4289.01,3497.54,4742.79,1245.25,1314.01,29.03,4071.43,4598.39,526.96,12.29,159.29,68,2000,0.95,calculated,74.25,64.0,54.5,78.25,23.75,36.0,243.0,2.13,2.0,67,1,98.53,1.42,1.0,12,56,17.65,0.4394,43.94,66,2,97.06,0.9231,92.31,65,3,95.59,53.17,58.73,61.9,57.58,medium,La estimación presenta una estabilidad intermedia en comparación con el resto de barrios.,residential_sale,asking_price,unknown,4436.01,,4420.93,83.92,,82.89,100,,99.66,True,False,True,2025,EUR_per_m2,mean_declared_transaction_price,residential_sales,Ayuntamiento de Madrid,Colegio de Registradores de España,504020100060,15,97.7,True,True,57.58,medium,4436.01,registered_transactions_2025,official_price_and_kaggle_features,147.0,3.4273643568096133,1.034273643568096,DEST_002,Nuevos Ministerios,CAR,Coche,2026-07-29,2026-07-29T09:00:00+02:00,success,[],,2026-07-29T18:00:00+02:00,success,[],,2026-07-29T08:49:41+02:00,2026-07-29T09:00:00+02:00,CAR,,,,10.316666666666666,6174.69,0.0,0.0,0.0,0.0,2026-07-29T18:00:00+02:00,2026-07-29T18:10:06+02:00,CAR,,,,10.1,6310.64,0.0,0.0,0.0,0.0,complete_route,True,0,20.416666666666664,12485.33,0.0,0.0,0.0,0.0,,True,usable,True,0,0.2070958576893788,0.2436691052335396,0.31978637731681636,7,354880.80000000005
MAD-094,Valdezarza,Moncloa - Aravaca,True,True,available,30,28,2,93.33,6.67,0.25,28,510571.64,432400.0,313000.0,680000.0,367000.0,195000.0,925000.0,5331.77,5128.05,4322.15,5676.69,1354.54,1654.85,26.41,4485.87,5461.13,975.26,19.02,290.87,28,2000,0.95,calculated,95.89,77.0,71.5,111.25,39.75,50.0,289.0,2.64,3.0,28,0,100.0,1.4,1.0,10,18,35.71,0.75,75.0,24,4,85.71,1.0,100.0,24,4,85.71,23.02,32.94,71.43,39.09,low,La estimación debe interpretarse con precaución por el tamaño de la muestra o la variabilidad de los precios.,residential_sale,asking_price,unknown,4484.04,,4492.18,84.83,,84.22,100,,100.18,True,False,True,2025,EUR_per_m2,mean_declared_transaction_price,residential_sales,Ayuntamiento de Madrid,Colegio de Registradores de España,504020100060,15,97.7,True,True,39.09,low,4484.04,registered_transactions_2025,official_price_and_kaggle_features,-644.0100000000002,-12.558574896890637,0.8744142510310936,DEST_002,Nuevos Ministerios,CAR,Coche,2026-07-29,2026-07-29T09:00:00+02:00,success,[],,2026-07-29T18:00:00+02:00,success,[],,2026-07-29T08:52:11+02:00,2026-07-29T09:00:00+02:00,CAR,,,,7.816666666666666,4293.78,0.0,0.0,0.0,0.0,2026-07-29T18:00:00+02:00,2026-07-29T18:08:51+02:00,CAR,,,,8.85,4455.86,0.0,0.0,0.0,0.0,complete_route,True,0,16.666666666666664,8749.64,0.0,0.0,0.0,0.0,,True,usable,True,0,0.21103299142650808,0.18036015756893636,0.2776053131853067,3,358723.2
MAD-066,Berruguete,Tetuán,True,True,available,84,78,6,92.86,7.14,0.7,78,345826.13,292500.0,225750.0,450000.0,224250.0,82000.0,1200000.0,4685.22,4679.14,4006.25,5318.0,1311.75,1090.42,28.03,4411.76,4876.56,464.8,9.93,125.78,78,2000,0.95,calculated,78.51,71.5,46.0,90.75,44.75,23.0,450.0,2.1,2.0,72,6,92.31,1.52,2.0,23,55,29.49,0.5065,50.65,77,1,98.72,0.8158,81.58,76,2,97.44,63.49,76.98,66.67,69.68,medium,La estimación presenta una estabilidad intermedia en comparación con el resto de barrios.,residential_sale,asking_price,unknown,4789.99,4725.66,4812.94,90.62,93.74,90.24,100,98.66,100.48,True,True,True,2025,EUR_per_m2,mean_declared_transaction_price,residential_sales,Ayuntamiento de Madrid,Colegio de Registradores de España,504020100060,15,97.7,True,True,69.68,medium,4789.99,registered_transactions_2025,official_price_and_kaggle_features,110.84999999999944,2.369025077257775,1.0236902507725778,DEST_002,Nuevos Ministerios,CAR,Coche,2026-07-29,2026-07-29T09:00:00+02:00,success,[],,2026-07-29T18:00:00+02:00,success,[],,2026-07-29T08:53:34+02:00,2026-07-29T09:00:00+02:00,CAR,,,,6.433333333333334,2370.07,0.0,0.0,0.0,0.0,2026-07-29T18:00:00+02:00,2026-07-29T18:06:55+02:00,CAR,,,,6.916666666666667,3195.54,0.0,0.0,0.0,0.0,complete_route,True,0,13.35,5565.610000000001,0.0,0.0,0.0,0.0,,True,usable,True,0,0.23611244316239632,0.12436691052335395,0.2668636622870183,1,383199.19999999995
MAD-064,Almenara,Tetuán,True,True,available,40,38,2,95.0,5.0,0.34,38,541997.37,402000.0,349000.0,637250.0,288250.0,175000.0,1470000.0,5131.16,4896.6,4192.07,5999.45,1807.37,1286.79,36.91,4385.96,5491.45,1105.48,22.58,279.99,38,2000,0.95,calculated,103.16,90.0,64.25,120.0,55.75,41.0,262.0,2.66,3.0,35,3,92.11,1.5,1.0,12,26,31.58,0.5405,54.05,37,1,97.37,0.9474,94.74,38,0,100.0,32.14,18.25,18.25,23.12,low,La estimación debe interpretarse con precaución por el tamaño de la muestra o la variabilidad de los precios.,residential_sale,asking_price,unknown,4987.49,4999.45,4979.52,94.36,99.17,93.36,100,100.24,99.84,True,True,True,2025,EUR_per_m2,mean_declared_transaction_price,residential_sales,Ayuntamiento de Madrid,Colegio de Registradores de España,504020100060,15,97.7,True,True,23.12,low,4987.49,registered_transactions_2025,official_price_and_kaggle_features,90.88999999999942,1.8561859249274888,1.018561859249275,DEST_002,Nuevos Ministerios,CAR,Coche,2026-07-29,2026-07-29T09:00:00+02:00,success,[],,2026-07-29T18:00:00+02:00,success,[],,2026-07-29T08:54:17+02:00,2026-07-29T09:00:00+02:00,CAR,,,,5.716666666666667,3280.26,0.0,0.0,0.0,0.0,2026-07-29T18:00:00+02:00,2026-07-29T18:05:31+02:00,CAR,,,,5.516666666666667,3258.18,0.0,0.0,0.0,0.0,complete_route,True,0,11.233333333333334,6538.4400000000005,0.0,0.0,0.0,0.0,,True,usable,True,0,0.25230198955179955,0.08863252673044458,0.2674173119422513,2,398999.19999999995
MAD-061,Bellas Vistas,Tetuán,True,True,available,105,102,3,97.14,2.86,0.92,102,407470.31,312000.0,210000.0,425000.0,215000.0,105000.0,1950000.0,5077.08,4994.73,4270.81,5765.56,1494.75,1393.44,29.93,4848.39,5169.47,321.08,6.43,88.66,102,2000,0.95,calculated,83.93,60.5,44.25,97.75,53.5,29.0,490.0,2.27,2.0,95,7,93.14,1.2,1.0,20,82,19.61,0.6566,65.66,99,3,97.06,0.6768,67.68,99,3,97.06,76.98,92.86,57.14,78.37,high,La estimación presenta una estabilidad alta en comparación con el resto de barrios.,residential_sale,asking_price,unknown,5223.92,5760.0,5072.68,98.83,114.25,95.11,100,110.26,97.1,True,True,True,2025,EUR_per_m2,mean_declared_transaction_price,residential_sales,Ayuntamiento de Madrid,Colegio de Registradores de España,504020100060,15,97.7,True,True,78.37,high,5223.92,registered_transactions_2025,official_price_and_kaggle_features,229.1900000000005,4.588636422789631,1.0458863642278964,DEST_002,Nuevos Ministerios,CAR,Coche,2026-07-29,2026-07-29T09:00:00+02:00,success,[],,2026-07-29T18:00:00+02:00,success,[],,2026-07-29T08:54:18+02:00,2026-07-29T09:00:00+02:00,CAR,,,,5.7,2155.76,0.0,0.0,0.0,0.0,2026-07-29T18:00:00+02:00,2026-07-29T18:05:02+02:00,CAR,,,,5.033333333333333,2374.41,0.0,0.0,0.0,0.0,complete_route,True,0,10.733333333333334,4530.17,0.0,0.0,0.0,0.0,,True,usable,True,0,0.2716827209586179,0.08019133370849749,0.2832704553415796,4,417913.6
MAD-063,Castillejos,Tetuán,True,True,available,91,87,4,95.6,4.4,0.78,87,951251.71,850000.0,482500.0,1334500.0,852000.0,169000.0,3800000.0,6608.72,6450.0,5450.27,7700.0,2249.73,1603.55,34.88,6041.67,6944.44,902.78,14.0,233.49,87,2000,0.95,calculated,149.33,134.0,69.0,225.0,156.0,30.0,400.0,2.93,3.0,85,2,97.7,2.15,2.0,13,74,14.94,0.8953,89.53,86,1,98.85,0.907,90.7,86,1,98.85,67.46,50.79,28.57,51.07,medium,La estimación presenta una estabilidad intermedia en comparación con el resto de barrios.,residential_sale,asking_price,unknown,6438.0,6465.61,6435.73,121.8,128.25,120.66,100,100.43,99.96,True,True,True,2025,EUR_per_m2,mean_declared_transaction_price,residential_sales,Ayuntamiento de Madrid,Colegio de Registradores de España,504020100060,15,97.7,True,True,51.07,medium,6438.0,registered_transactions_2025,official_price_and_kaggle_features,-12.0,-0.1860465116279069,0.998139534883721,DEST_002,Nuevos Ministerios,CAR,Coche,2026-07-29,2026-07-29T09:00:00+02:00,success,[],,2026-07-29T18:00:00+02:00,success,[],,2026-07-29T08:55:36+02:00,2026-07-29T09:00:00+02:00,CAR,,,,4.4,1848.47,0.0,0.0,0.0,0.0,2026-07-29T18:00:00+02:00,2026-07-29T18:05:14+02:00,CAR,,,,5.233333333333333,2673.55,0.0,0.0,0.0,0.0,complete_route,True,0,9.633333333333333,4522.02,0.0,0.0,0.0,0.0,,True,usable,True,0,0.3712037563026519,0.06162070906021384,0.3762835904982864,14,515040.0
MAD-062,Cuatro Caminos,Tetuán,True,True,available,162,154,8,95.06,4.94,1.39,154,821807.01,702500.0,450000.0,1096750.0,646750.0,145000.0,2875000.0,6327.73,6214.17,5483.82,6810.06,1326.25,1506.78,21.34,5983.87,6405.24,421.37,6.78,103.37,154,2000,0.95,calculated,131.15,118.0,70.0,178.75,108.75,25.0,434.0,2.91,3.0,150,4,97.4,1.88,2.0,41,113,26.62,0.8442,84.42,154,0,100.0,0.8117,81.17,154,0,100.0,88.89,89.68,88.1,89.01,high,La estimación presenta una estabilidad alta en comparación con el resto de barrios.,residential_sale,asking_price,unknown,6496.82,,6513.79,122.91,,122.13,100,,100.26,True,False,True,2025,EUR_per_m2,mean_declared_transaction_price,residential_sales,Ayuntamiento de Madrid,Colegio de Registradores de España,504020100060,15,97.7,True,True,89.01,high,6496.82,registered_transactions_2025,official_price_and_kaggle_features,282.64999999999964,4.548475500348392,1.0454847550034838,DEST_002,Nuevos Ministerios,CAR,Coche,2026-07-29,2026-07-29T09:00:00+02:00,success,[],,2026-07-29T18:00:00+02:00,success,[],,2026-07-29T08:57:02+02:00,2026-07-29T09:00:00+02:00,CAR,,,,2.966666666666667,1093.19,0.0,0.0,0.0,0.0,2026-07-29T18:00:00+02:00,2026-07-29T18:03:01+02:00,CAR,,,,3.0166666666666666,1266.74,0.0,0.0,0.0,0.0,complete_route,True,0,5.983333333333333,2359.9300000000003,0.0,0.0,0.0,0.0,,True,usable,True,0,0.3760253720931567,0.0,0.3760253720931567,13,519745.6
MAD-172,San Cristóbal,Villaverde,True,True,available,40,22,18,55.0,45.0,0.2,22,140040.91,131250.0,118000.0,174000.0,56000.0,68400.0,214900.0,2395.76,2237.9,1956.42,2652.88,696.46,731.5,31.12,2020.86,2360.79,339.93,15.19,107.07,22,2000,0.95,calculated,59.95,60.0,50.25,64.5,14.25,44.0,91.0,2.55,3.0,22,0,100.0,1.0,1.0,8,14,36.36,0.1905,19.05,21,1,95.45,1.0,100.0,19,3,86.36,15.87,46.03,50.79,36.67,low,La estimación debe interpretarse con precaución por el tamaño de la muestra o la variabilidad de los precios.,residential_sale,asking_price,unknown,1909.6,1746.72,1942.18,36.13,34.65,36.41,100,91.47,101.71,True,True,True,2025,EUR_per_m2,mean_declared_transaction_price,residential_sales,Ayuntamiento de Madrid,Colegio de Registradores de España,504020100060,15,97.7,True,True,36.67,low,1909.6,registered_transactions_2025,official_price_and_kaggle_features,-328.3000000000002,-14.670003127932445,0.8532999687206756,DEST_002,Nuevos Ministerios,TRANSIT,Transporte público,2026-07-29,2026-07-29T09:00:00+02:00,success,[],,2026-07-29T18:00:00+02:00,success,[],,2026-07-29T07:25:01+02:00,2026-07-29T08:51:10+02:00,WALK|BUS,BUS,423|45,Consorcio Regional de Transportes de Madrid|Información oficial: Consorcio Regional de Transportes de Madrid,86.15,13288.85,36.81666666666667,11.0,2692.8500000000004,1.0,2026-07-29T18:01:00+02:00,2026-07-29T19:29:08+02:00,WALK|BUS,BUS,19|422,Información oficial: Consorcio Regional de Transportes de Madrid|Consorcio Regional de Transportes de Madrid,88.13333333333334,13886.15,34.03333333333333,7.583333333333333,2420.15,1.0,complete_route,True,0,174.28333333333336,27175.0,70.85,18.58333333333333,5113.0,2.0,,True,usable,True,0,0.0,0.5602570582713555,0.5602570582713555,9,152768.0
MAD-131,Entrevías,Puente de Vallecas,True,True,available,83,67,16,80.72,19.28,0.6,67,189897.91,184900.0,164000.0,199500.0,35500.0,103000.0,293000.0,2534.13,2352.94,2061.43,2991.89,930.46,640.11,39.54,2212.77,2681.16,468.39,19.91,114.37,67,2000,0.95,calculated,78.78,74.0,61.0,95.5,34.5,48.0,142.0,2.9,3.0,67,0,100.0,1.32,1.0,22,45,32.84,0.3051,30.51,59,8,88.06,0.8947,89.47,57,10,85.07,51.59,26.59,15.08,32.46,low,La estimación debe interpretarse con precaución por el tamaño de la muestra o la variabilidad de los precios.,residential_sale,asking_price,unknown,2430.16,2472.77,2390.0,45.98,49.05,44.81,100,101.75,98.35,True,True,True,2025,EUR_per_m2,mean_declared_transaction_price,residential_sales,Ayuntamiento de Madrid,Colegio de Registradores de España,504020100060,15,97.7,True,True,32.46,low,2430.16,registered_transactions_2025,official_price_and_kaggle_features,77.2199999999998,3.281851640925812,1.032818516409258,DEST_002,Nuevos Ministerios,TRANSIT,Transporte público,2026-07-29,2026-07-29T09:00:00+02:00,success,[],,2026-07-29T18:00:00+02:00,success,[],,2026-07-29T07:23:00+02:00,2026-07-29T08:36:39+02:00,WALK|BUS,BUS,102|27,Información oficial: Consorcio Regional de Transportes de Madrid,73.65,9545.39,11.483333333333333,13.0,840.39,1.0,2026-07-29T18:00:00+02:00,2026-07-29T19:16:31+02:00,WALK|BUS,BUS,14|102,Información oficial: Consorcio Regional de Transportes de Madrid,76.51666666666667,9810.75,6.15,20.0,445.75,1.0,complete_route,True,0,150.16666666666669,19356.14,17.633333333333333,33.0,1286.14,2.0,,True,usable,True,0,0.04267154566312792,0.455772979998556,0.4577661740518236,8,194412.8
MAD-202,Hellín,San Blas - Canillejas,True,True,available,21,18,3,85.71,14.29,0.16,18,181410.89,149750.0,145500.0,169000.0,23500.0,128000.0,399000.0,2819.19,2659.74,2622.81,3057.98,435.17,382.6,16.36,2622.81,3052.98,430.17,16.17,151.2,18,2000,0.95,calculated,63.44,58.0,57.0,62.75,5.75,45.0,120.0,2.56,3.0,16,2,88.89,1.0,1.0,5,13,27.78,0.1875,18.75,16,2,88.89,1.0,100.0,16,2,88.89,9.92,38.1,94.44,42.32,low,La estimación debe interpretarse con precaución por el tamaño de la muestra o la variabilidad de los precios.,residential_sale,asking_price,unknown,2498.86,,2486.9,47.28,,46.63,100,,99.52,True,False,True,2025,EUR_per_m2,mean_declared_transaction_price,residential_sales,Ayuntamiento de Madrid,Colegio de Registradores de España,504020100060,15,97.7,True,True,42.32,low,2498.86,registered_transactions_2025,official_price_and_kaggle_features,-160.87999999999963,-6.048711528194472,0.9395128847180552,DEST_002,Nuevos Ministerios,TRANSIT,Transporte público,2026-07-29,2026-07-29T09:00:00+02:00,success,[],,2026-07-29T18:00:00+02:00,success,[],,2026-07-29T07:52:48+02:00,2026-07-29T08:52:31+02:00,WALK|BUS,BUS,165|224A,Información oficial: Consorcio Regional de Transportes de Madrid|Consorcio Regional de Transportes de Madrid,59.71666666666667,11512.46,34.9,15.85,2449.46,1.0,2026-07-29T18:00:00+02:00,2026-07-29T19:00:56+02:00,WALK|BUS,BUS,C1|223|165,Información oficial: Consorcio Regional de Transportes de Madrid|Consorcio Regional de Transportes de Madrid,60.93333333333333,11041.08,12.733333333333333,26.966666666666665,855.0800000000002,2.0,complete_route,True,0,120.65,22553.54,47.63333333333333,42.81666666666666,3304.54,3.0,,True,usable,True,0,0.04830304863503682,0.3278937107372374,0.33143245171297553,6,199908.80000000002
MAD-207,Canillejas,San Blas - Canillejas,True,True,available,59,49,10,83.05,16.95,0.44,49,440197.86,290000.0,225000.0,415000.0,190000.0,140000.0,1280000.0,3600.27,3565.46,3058.25,4117.65,1059.39,762.53,29.71,3310.81,3771.93,461.12,12.93,99.99,49,2000,0.95,calculated,122.12,83.0,70.0,132.0,62.0,35.0,359.0,3.16,3.0,44,5,89.8,1.5,1.0,12,37,24.49,0.3846,38.46,39,10,79.59,0.9231,92.31,39,10,79.59,42.06,56.35,58.73,51.94,medium,La estimación presenta una estabilidad intermedia en comparación con el resto de barrios.,residential_sale,asking_price,unknown,3409.64,,3396.99,64.51,,63.69,100,,99.63,True,False,True,2025,EUR_per_m2,mean_declared_transaction_price,residential_sales,Ayuntamiento de Madrid,Colegio de Registradores de España,504020100060,15,97.7,True,True,51.94,medium,3409.64,registered_transactions_2025,official_price_and_kaggle_features,-155.82000000000016,-4.370263584502425,0.9562973641549758,DEST_002,Nuevos Ministerios,TRANSIT,Transporte público,2026-07-29,2026-07-29T09:00:00+02:00,success,[],,2026-07-29T18:00:00+02:00,success,[],,2026-07-29T08:15:24+02:00,2026-07-29T08:58:31+02:00,WALK|BUS,BUS,224A,Consorcio Regional de Transportes de Madrid,43.11666666666667,9085.76,43.11666666666667,0.0,2972.76,0.0,2026-07-29T18:00:00+02:00,2026-07-29T18:42:54+02:00,WALK|BUS,BUS,C1|223,Información oficial: Consorcio Regional de Transportes de Madrid|Consorcio Regional de Transportes de Madrid,42.9,9168.39,20.216666666666665,8.966666666666667,1374.39,1.0,complete_route,True,0,86.01666666666667,18254.15,63.33333333333333,8.966666666666667,4347.150000000001,1.0,,True,usable,True,0,0.12296185906815431,0.17784677594050113,0.21621538913298344,2,272771.2
MAD-206,Rejas,San Blas - Canillejas,True,True,available,54,51,3,94.44,5.56,0.46,51,425682.35,383500.0,235000.0,569950.0,334950.0,172000.0,895000.0,3898.64,3891.3,3235.5,4438.68,1203.18,976.48,30.92,3625.0,4166.67,541.67,13.92,181.35,51,2000,0.95,calculated,119.88,102.0,55.0,155.0,100.0,39.0,340.0,2.54,2.0,46,5,90.2,1.67,1.0,9,42,17.65,0.9333,93.33,45,6,88.24,0.9556,95.56,45,6,88.24,44.44,52.38,52.38,49.6,low,La estimación debe interpretarse con precaución por el tamaño de la muestra o la variabilidad de los precios.,residential_sale,asking_price,unknown,3580.16,3298.72,3623.35,67.73,65.43,67.93,100,92.14,101.21,True,True,True,2025,EUR_per_m2,mean_declared_transaction_price,residential_sales,Ayuntamiento de Madrid,Colegio de Registradores de España,504020100060,15,97.7,True,True,49.6,low,3580.16,registered_transactions_2025,official_price_and_kaggle_features,-311.1400000000003,-7.995785470151372,0.9200421452984864,DEST_002,Nuevos Ministerios,TRANSIT,Transporte público,2026-07-29,2026-07-29T09:00:00+02:00,success,[],,2026-07-29T18:00:00+02:00,success,[],,2026-07-29T08:17:36+02:00,2026-07-29T08:58:31+02:00,WALK|BUS,BUS,224A,Consorcio Regional de Transportes de Madrid,40.91666666666666,12836.0,40.91666666666666,0.0,2958.0,0.0,2026-07-29T18:00:00+02:00,2026-07-29T18:41:21+02:00,WALK|BUS,BUS,C1|223,Información oficial: Consorcio Regional de Transportes de Madrid|Consorcio Regional de Transportes de Madrid,41.35,12640.77,17.183333333333334,8.966666666666667,1213.77,1.0,complete_route,True,0,82.26666666666665,25476.77,58.1,8.966666666666667,4171.77,1.0,,True,usable,True,0,0.1369397904621849,0.1616001155318073,0.21181856281195136,1,286412.8
MAD-066,Berruguete,Tetuán,True,True,available,84,78,6,92.86,7.14,0.7,78,345826.13,292500.0,225750.0,450000.0,224250.0,82000.0,1200000.0,4685.22,4679.14,4006.25,5318.0,1311.75,1090.42,28.03,4411.76,4876.56,464.8,9.93,125.78,78,2000,0.95,calculated,78.51,71.5,46.0,90.75,44.75,23.0,450.0,2.1,2.0,72,6,92.31,1.52,2.0,23,55,29.49,0.5065,50.65,77,1,98.72,0.8158,81.58,76,2,97.44,63.49,76.98,66.67,69.68,medium,La estimación presenta una estabilidad intermedia en comparación con el resto de barrios.,residential_sale,asking_price,unknown,4789.99,4725.66,4812.94,90.62,93.74,90.24,100,98.66,100.48,True,True,True,2025,EUR_per_m2,mean_declared_transaction_price,residential_sales,Ayuntamiento de Madrid,Colegio de Registradores de España,504020100060,15,97.7,True,True,69.68,medium,4789.99,registered_transactions_2025,official_price_and_kaggle_features,110.84999999999944,2.369025077257775,1.0236902507725778,DEST_002,Nuevos Ministerios,TRANSIT,Transporte público,2026-07-29,2026-07-29T09:00:00+02:00,success,[],,2026-07-29T18:00:00+02:00,success,[],,2026-07-29T08:28:00+02:00,2026-07-29T08:59:08+02:00,WALK|BUS,BUS,126,Información oficial: Consorcio Regional de Transportes de Madrid,31.133333333333333,2745.85,8.333333333333334,10.0,600.85,0.0,2026-07-29T18:00:00+02:00,2026-07-29T18:32:13+02:00,WALK|BUS,BUS,126,Información oficial: Consorcio Regional de Transportes de Madrid,32.21666666666667,2770.37,6.716666666666667,12.0,481.37,0.0,complete_route,True,0,63.35,5516.219999999999,15.05,22.0,1082.22,0.0,,True,usable,True,0,0.23611244316239632,0.07964473969239658,0.24918340710566073,3,383199.19999999995
MAD-064,Almenara,Tetuán,True,True,available,40,38,2,95.0,5.0,0.34,38,541997.37,402000.0,349000.0,637250.0,288250.0,175000.0,1470000.0,5131.16,4896.6,4192.07,5999.45,1807.37,1286.79,36.91,4385.96,5491.45,1105.48,22.58,279.99,38,2000,0.95,calculated,103.16,90.0,64.25,120.0,55.75,41.0,262.0,2.66,3.0,35,3,92.11,1.5,1.0,12,26,31.58,0.5405,54.05,37,1,97.37,0.9474,94.74,38,0,100.0,32.14,18.25,18.25,23.12,low,La estimación debe interpretarse con precaución por el tamaño de la muestra o la variabilidad de los precios.,residential_sale,asking_price,unknown,4987.49,4999.45,4979.52,94.36,99.17,93.36,100,100.24,99.84,True,True,True,2025,EUR_per_m2,mean_declared_transaction_price,residential_sales,Ayuntamiento de Madrid,Colegio de Registradores de España,504020100060,15,97.7,True,True,23.12,low,4987.49,registered_transactions_2025,official_price_and_kaggle_features,90.88999999999942,1.8561859249274888,1.018561859249275,DEST_002,Nuevos Ministerios,TRANSIT,Transporte público,2026-07-29,2026-07-29T09:00:00+02:00,success,[],,2026-07-29T18:00:00+02:00,success,[],,2026-07-29T08:23:00+02:00,2026-07-29T08:50:57+02:00,WALK|BUS,BUS,27,Información oficial: Consorcio Regional de Transportes de Madrid,27.95,3043.07,10.883333333333333,5.0,758.07,0.0,2026-07-29T18:00:00+02:00,2026-07-29T18:30:36+02:00,WALK|BUS,BUS,S10,Información oficial: Consorcio Regional de Transportes de Madrid,30.6,3263.4700000000003,15.166666666666666,3.0,1033.47,0.0,complete_route,True,0,58.55,6306.540000000001,26.05,8.0,1791.54,0.0,,True,usable,True,0,0.25230198955179955,0.058849014369268524,0.25907431448144513,4,398999.19999999995
MAD-061,Bellas Vistas,Tetuán,True,True,available,105,102,3,97.14,2.86,0.92,102,407470.31,312000.0,210000.0,425000.0,215000.0,105000.0,1950000.0,5077.08,4994.73,4270.81,5765.56,1494.75,1393.44,29.93,4848.39,5169.47,321.08,6.43,88.66,102,2000,0.95,calculated,83.93,60.5,44.25,97.75,53.5,29.0,490.0,2.27,2.0,95,7,93.14,1.2,1.0,20,82,19.61,0.6566,65.66,99,3,97.06,0.6768,67.68,99,3,97.06,76.98,92.86,57.14,78.37,high,La estimación presenta una estabilidad alta en comparación con el resto de barrios.,residential_sale,asking_price,unknown,5223.92,5760.0,5072.68,98.83,114.25,95.11,100,110.26,97.1,True,True,True,2025,EUR_per_m2,mean_declared_transaction_price,residential_sales,Ayuntamiento de Madrid,Colegio de Registradores de España,504020100060,15,97.7,True,True,78.37,high,5223.92,registered_transactions_2025,official_price_and_kaggle_features,229.1900000000005,4.588636422789631,1.0458863642278964,DEST_002,Nuevos Ministerios,TRANSIT,Transporte público,2026-07-29,2026-07-29T09:00:00+02:00,success,[],,2026-07-29T18:00:00+02:00,success,[],,2026-07-29T07:42:00+02:00,2026-07-29T08:06:45+02:00,WALK|BUS,BUS,C1,Información oficial: Consorcio Regional de Transportes de Madrid,24.75,1959.95,14.7,5.0,1045.95,0.0,2026-07-29T18:00:00+02:00,2026-07-29T18:25:03+02:00,WALK|BUS,BUS,C2,Información oficial: Consorcio Regional de Transportes de Madrid,25.05,1897.4,13.416666666666666,6.0,967.4,0.0,complete_route,True,0,49.8,3857.35,28.116666666666667,11.0,2013.35,0.0,,True,usable,True,0,0.2716827209586179,0.020940140082316396,0.27248851413251396,5,417913.6
MAD-063,Castillejos,Tetuán,True,True,available,91,87,4,95.6,4.4,0.78,87,951251.71,850000.0,482500.0,1334500.0,852000.0,169000.0,3800000.0,6608.72,6450.0,5450.27,7700.0,2249.73,1603.55,34.88,6041.67,6944.44,902.78,14.0,233.49,87,2000,0.95,calculated,149.33,134.0,69.0,225.0,156.0,30.0,400.0,2.93,3.0,85,2,97.7,2.15,2.0,13,74,14.94,0.8953,89.53,86,1,98.85,0.907,90.7,86,1,98.85,67.46,50.79,28.57,51.07,medium,La estimación presenta una estabilidad intermedia en comparación con el resto de barrios.,residential_sale,asking_price,unknown,6438.0,6465.61,6435.73,121.8,128.25,120.66,100,100.43,99.96,True,True,True,2025,EUR_per_m2,mean_declared_transaction_price,residential_sales,Ayuntamiento de Madrid,Colegio de Registradores de España,504020100060,15,97.7,True,True,51.07,medium,6438.0,registered_transactions_2025,official_price_and_kaggle_features,-12.0,-0.1860465116279069,0.998139534883721,DEST_002,Nuevos Ministerios,TRANSIT,Transporte público,2026-07-29,2026-07-29T09:00:00+02:00,success,[],,2026-07-29T18:00:00+02:00,success,[],,2026-07-29T08:35:00+02:00,2026-07-29T08:58:27+02:00,WALK|BUS,BUS,27,Información oficial: Consorcio Regional de Transportes de Madrid,23.45,2347.19,9.35,5.0,634.19,0.0,2026-07-29T18:00:00+02:00,2026-07-29T18:23:10+02:00,WALK|BUS,BUS,S10,Información oficial: Consorcio Regional de Transportes de Madrid,23.166666666666668,2333.41,11.0,3.0,690.41,0.0,complete_route,True,0,46.61666666666667,4680.6,20.35,8.0,1324.6,0.0,,True,usable,True,0,0.3712037563026519,0.007148530579825253,0.37127258205077474,7,515040.0
MAD-074,Almagro,Chamberí,True,True,available,229,226,3,98.69,1.31,2.03,226,2626267.62,2300000.0,1210000.0,3400000.0,2190000.0,230000.0,12500000.0,11043.47,10604.45,9305.92,12331.4,3025.47,2613.8,28.53,10409.06,11221.95,812.88,7.67,186.44,226,2000,0.95,calculated,233.98,206.5,103.25,317.5,214.25,26.0,750.0,3.35,3.0,222,4,98.23,2.56,2.0,43,183,19.03,0.9867,98.67,226,0,100.0,0.8622,86.22,225,1,99.56,92.86,86.51,64.29,83.17,high,La estimación presenta una estabilidad alta en comparación con el resto de barrios.,residential_sale,asking_price,unknown,10795.41,11150.17,10761.97,204.24,221.17,201.78,100,103.29,99.69,True,True,True,2025,EUR_per_m2,mean_declared_transaction_price,residential_sales,Ayuntamiento de Madrid,Colegio de Registradores de España,504020100060,15,97.7,True,True,83.17,high,10795.41,registered_transactions_2025,official_price_and_kaggle_features,190.9599999999992,1.8007534572750037,1.01800753457275,DEST_002,Nuevos Ministerios,TRANSIT,Transporte público,2026-07-29,2026-07-29T09:00:00+02:00,success,[],,2026-07-29T18:00:00+02:00,success,[],,2026-07-29T08:35:00+02:00,2026-07-29T08:59:11+02:00,WALK|BUS,BUS,147,Información oficial: Consorcio Regional de Transportes de Madrid,24.183333333333334,2225.82,8.566666666666666,7.0,616.82,0.0,2026-07-29T18:00:00+02:00,2026-07-29T18:20:47+02:00,WALK|BUS,BUS,147,Información oficial: Consorcio Regional de Transportes de Madrid,20.78333333333333,1859.16,5.383333333333334,7.0,375.16,0.0,complete_route,True,0,44.96666666666667,4084.980000000001,13.95,14.0,991.98,0.0,,True,usable,True,0,0.7283910541894857,0.0,0.7283910541894857,10,863632.8
MAD-172,San Cristóbal,Villaverde,True,True,available,40,22,18,55.0,45.0,0.2,22,140040.91,131250.0,118000.0,174000.0,56000.0,68400.0,214900.0,2395.76,2237.9,1956.42,2652.88,696.46,731.5,31.12,2020.86,2360.79,339.93,15.19,107.07,22,2000,0.95,calculated,59.95,60.0,50.25,64.5,14.25,44.0,91.0,2.55,3.0,22,0,100.0,1.0,1.0,8,14,36.36,0.1905,19.05,21,1,95.45,1.0,100.0,19,3,86.36,15.87,46.03,50.79,36.67,low,La estimación debe interpretarse con precaución por el tamaño de la muestra o la variabilidad de los precios.,residential_sale,asking_price,unknown,1909.6,1746.72,1942.18,36.13,34.65,36.41,100,91.47,101.71,True,True,True,2025,EUR_per_m2,mean_declared_transaction_price,residential_sales,Ayuntamiento de Madrid,Colegio de Registradores de España,504020100060,15,97.7,True,True,36.67,low,1909.6,registered_transactions_2025,official_price_and_kaggle_features,-328.3000000000002,-14.670003127932445,0.8532999687206756,DEST_002,Nuevos Ministerios,WALK,A pie,2026-07-29,2026-07-29T09:00:00+02:00,success,[],,2026-07-29T18:00:00+02:00,success,[],,2026-07-29T05:56:58+02:00,2026-07-29T09:00:00+02:00,WALK,,,,183.03333333333333,13475.36,183.03333333333333,0.0,13475.36,0.0,2026-07-29T18:00:00+02:00,2026-07-29T21:03:05+02:00,WALK,,,,183.0833333333333,13475.36,183.0833333333333,0.0,13475.36,0.0,complete_route,True,0,366.1166666666666,26950.72,366.1166666666666,0.0,26950.72,0.0,,True,usable,True,0,0.0,0.775671524369685,0.775671524369685,18,152768.0
MAD-121,Orcasitas,Usera,True,True,available,26,19,7,73.08,26.92,0.17,19,272768.42,275000.0,240000.0,320000.0,80000.0,138000.0,380000.0,2907.24,2726.19,2328.1,3336.4,1008.3,871.71,36.99,2339.13,3235.29,896.16,32.87,311.47,19,2000,0.95,calculated,98.63,100.0,84.5,109.0,24.5,35.0,164.0,2.74,3.0,19,0,100.0,1.5,1.5,6,13,31.58,0.875,87.5,16,3,84.21,1.0,100.0,16,3,84.21,12.3,4.76,17.46,10.58,low,La estimación debe interpretarse con precaución por el tamaño de la muestra o la variabilidad de los precios.,residential_sale,asking_price,unknown,2357.51,,2366.82,44.6,,44.38,100,,100.39,True,False,True,2025,EUR_per_m2,mean_declared_transaction_price,residential_sales,Ayuntamiento de Madrid,Colegio de Registradores de España,504020100060,15,97.7,True,True,10.58,low,2357.51,registered_transactions_2025,official_price_and_kaggle_features,-368.67999999999984,-13.523635549980003,0.8647636445001999,DEST_002,Nuevos Ministerios,WALK,A pie,2026-07-29,2026-07-29T09:00:00+02:00,success,[],,2026-07-29T18:00:00+02:00,success,[],,2026-07-29T06:37:47+02:00,2026-07-29T09:00:00+02:00,WALK,,,,142.21666666666667,10325.98,142.21666666666667,0.0,10325.98,0.0,2026-07-29T18:00:00+02:00,2026-07-29T20:22:16+02:00,WALK,,,,142.26666666666668,10325.98,142.26666666666668,0.0,10325.98,0.0,complete_route,True,0,284.4833333333333,20651.96,284.4833333333333,0.0,20651.96,0.0,,True,usable,True,0,0.036716251763431,0.5921777244970592,0.59331487469477,16,188600.80000000002
MAD-131,Entrevías,Puente de Vallecas,True,True,available,83,67,16,80.72,19.28,0.6,67,189897.91,184900.0,164000.0,199500.0,35500.0,103000.0,293000.0,2534.13,2352.94,2061.43,2991.89,930.46,640.11,39.54,2212.77,2681.16,468.39,19.91,114.37,67,2000,0.95,calculated,78.78,74.0,61.0,95.5,34.5,48.0,142.0,2.9,3.0,67,0,100.0,1.32,1.0,22,45,32.84,0.3051,30.51,59,8,88.06,0.8947,89.47,57,10,85.07,51.59,26.59,15.08,32.46,low,La estimación debe interpretarse con precaución por el tamaño de la muestra o la variabilidad de los precios.,residential_sale,asking_price,unknown,2430.16,2472.77,2390.0,45.98,49.05,44.81,100,101.75,98.35,True,True,True,2025,EUR_per_m2,mean_declared_transaction_price,residential_sales,Ayuntamiento de Madrid,Colegio de Registradores de España,504020100060,15,97.7,True,True,32.46,low,2430.16,registered_transactions_2025,official_price_and_kaggle_features,77.2199999999998,3.281851640925812,1.032818516409258,DEST_002,Nuevos Ministerios,WALK,A pie,2026-07-29,2026-07-29T09:00:00+02:00,success,[],,2026-07-29T18:00:00+02:00,success,[],,2026-07-29T06:46:28+02:00,2026-07-29T09:00:00+02:00,WALK,,,,133.53333333333333,9626.5,133.53333333333333,0.0,9626.5,0.0,2026-07-29T18:00:00+02:00,2026-07-29T20:13:35+02:00,WALK,,,,133.58333333333334,9626.5,133.58333333333334,0.0,9626.5,0.0,complete_route,True,0,267.1166666666667,19253.0,267.1166666666667,0.0,19253.0,0.0,,True,usable,True,0,0.04267154566312792,0.5531412729929197,0.5547847588907865,15,194412.8
MAD-202,Hellín,San Blas - Canillejas,True,True,available,21,18,3,85.71,14.29,0.16,18,181410.89,149750.0,145500.0,169000.0,23500.0,128000.0,399000.0,2819.19,2659.74,2622.81,3057.98,435.17,382.6,16.36,2622.81,3052.98,430.17,16.17,151.2,18,2000,0.95,calculated,63.44,58.0,57.0,62.75,5.75,45.0,120.0,2.56,3.0,16,2,88.89,1.0,1.0,5,13,27.78,0.1875,18.75,16,2,88.89,1.0,100.0,16,2,88.89,9.92,38.1,94.44,42.32,low,La estimación debe interpretarse con precaución por el tamaño de la muestra o la variabilidad de los precios.,residential_sale,asking_price,unknown,2498.86,,2486.9,47.28,,46.63,100,,99.52,True,False,True,2025,EUR_per_m2,mean_declared_transaction_price,residential_sales,Ayuntamiento de Madrid,Colegio de Registradores de España,504020100060,15,97.7,True,True,42.32,low,2498.86,registered_transactions_2025,official_price_and_kaggle_features,-160.87999999999963,-6.048711528194472,0.9395128847180552,DEST_002,Nuevos Ministerios,WALK,A pie,2026-07-29,2026-07-29T09:00:00+02:00,success,[],,2026-07-29T18:00:00+02:00,success,[],,2026-07-29T07:03:07+02:00,2026-07-29T09:00:00+02:00,WALK,,,,116.88333333333334,8684.46,116.88333333333334,0.0,8684.46,0.0,2026-07-29T18:00:00+02:00,2026-07-29T19:56:53+02:00,WALK,,,,116.88333333333334,8684.46,116.88333333333334,0.0,8684.46,0.0,complete_route,True,0,233.76666666666668,17368.92,233.76666666666668,0.0,17368.92,0.0,,True,usable,True,0,0.04830304863503682,0.47817779942306987,0.48061126949805116,14,199908.80000000002
MAD-203,Amposta,San Blas - Canillejas,True,True,available,25,16,9,64.0,36.0,0.14,16,199353.69,167499.5,148750.0,243425.0,94675.0,70600.0,345000.0,2925.47,2920.35,2712.32,3300.47,588.15,635.83,20.14,2719.3,3300.0,580.7,19.88,129.47,16,2000,0.95,calculated,68.56,57.5,53.75,77.75,24.0,41.0,113.0,2.62,3.0,16,0,100.0,1.17,1.0,6,10,37.5,0.0625,6.25,16,0,100.0,1.0,100.0,15,1,93.75,5.56,27.78,90.48,35.67,low,La estimación debe interpretarse con precaución por el tamaño de la muestra o la variabilidad de los precios.,residential_sale,asking_price,unknown,2544.1,2502.63,2601.57,48.13,49.64,48.78,100,98.37,102.26,True,True,True,2025,EUR_per_m2,mean_declared_transaction_price,residential_sales,Ayuntamiento de Madrid,Colegio de Registradores de España,504020100060,15,97.7,True,True,35.67,low,2544.1,registered_transactions_2025,official_price_and_kaggle_features,-376.25,-12.883729689934423,0.8711627031006557,DEST_002,Nuevos Ministerios,WALK,A pie,2026-07-29,2026-07-29T09:00:00+02:00,success,[],,2026-07-29T18:00:00+02:00,success,[],,2026-07-29T07:11:24+02:00,2026-07-29T09:00:00+02:00,WALK,,,,108.6,7981.17,108.6,0.0,7981.17,0.0,2026-07-29T18:00:00+02:00,2026-07-29T19:48:36+02:00,WALK,,,,108.6,7981.17,108.6,0.0,7981.17,0.0,complete_route,True,0,217.2,15962.34,217.2,0.0,15962.34,0.0,,True,usable,True,0,0.052011479413044924,0.44093957217247975,0.4439965093313044,13,203528.0
MAD-136,Numancia,Puente de Vallecas,True,True,available,126,106,20,84.13,15.87,0.95,106,208066.77,189500.0,146000.0,263750.0,117750.0,50000.0,600000.0,3189.85,3240.78,2628.67,3679.73,1051.06,835.96,32.43,2973.68,3400.0,426.32,13.15,99.62,106,2000,0.95,calculated,67.02,61.5,46.25,81.75,35.5,18.0,159.0,2.18,2.0,101,5,95.28,1.32,1.0,31,75,29.25,0.4563,45.63,103,3,97.17,0.8588,85.88,85,21,80.19,79.37,55.56,43.65,60.91,medium,La estimación presenta una estabilidad intermedia en comparación con el resto de barrios.,residential_sale,asking_price,unknown,3239.46,3122.09,3257.48,61.29,61.93,61.07,100,96.38,100.56,True,True,True,2025,EUR_per_m2,mean_declared_transaction_price,residential_sales,Ayuntamiento de Madrid,Colegio de Registradores de España,504020100060,15,97.7,True,True,60.91,medium,3239.46,registered_transactions_2025,official_price_and_kaggle_features,-1.3200000000001637,-0.0407309351452478,0.9995926906485476,DEST_002,Nuevos Ministerios,WALK,A pie,2026-07-29,2026-07-29T09:00:00+02:00,success,[],,2026-07-29T18:00:00+02:00,success,[],,2026-07-29T07:14:23+02:00,2026-07-29T09:00:00+02:00,WALK,,,,105.61666666666666,7724.44,105.61666666666666,0.0,7724.44,0.0,2026-07-29T18:00:00+02:00,2026-07-29T19:45:58+02:00,WALK,,,,105.96666666666668,7785.49,105.96666666666668,0.0,7785.49,0.0,complete_route,True,0,211.5833333333333,15509.93,211.5833333333333,0.0,15509.93,0.0,,True,usable,True,0,0.10901179828562951,0.4283145393923501,0.4419693618570724,12,259156.8
MAD-112,Opañel,Carabanchel,True,True,available,73,63,10,86.3,13.7,0.57,63,288376.03,292000.0,219000.0,313500.0,94500.0,156000.0,543800.0,3497.65,3586.96,2980.56,3885.55,905.0,755.55,25.23,3380.28,3737.5,357.22,9.96,98.21,63,2000,0.95,calculated,86.06,79.0,68.5,89.0,20.5,43.0,314.0,2.67,3.0,61,2,96.83,1.75,1.0,12,51,19.05,0.5079,50.79,63,0,100.0,0.9508,95.08,61,2,96.83,49.21,76.19,75.4,66.55,medium,La estimación presenta una estabilidad intermedia en comparación con el resto de barrios.,residential_sale,asking_price,unknown,3500.89,3794.8,3469.85,66.23,75.27,65.06,100,108.4,99.11,True,True,True,2025,EUR_per_m2,mean_declared_transaction_price,residential_sales,Ayuntamiento de Madrid,Colegio de Registradores de España,504020100060,15,97.7,True,True,66.55,medium,3500.89,registered_transactions_2025,official_price_and_kaggle_features,-86.07000000000016,-2.3995249459152084,0.976004750540848,DEST_002,Nuevos Ministerios,WALK,A pie,2026-07-29,2026-07-29T09:00:00+02:00,success,[],,2026-07-29T18:00:00+02:00,success,[],,2026-07-29T07:17:32+02:00,2026-07-29T09:00:00+02:00,WALK,,,,102.46666666666668,7492.87,102.46666666666668,0.0,7492.87,0.0,2026-07-29T18:00:00+02:00,2026-07-29T19:42:28+02:00,WALK,,,,102.46666666666668,7492.87,102.46666666666668,0.0,7492.87,0.0,complete_route,True,0,204.93333333333337,14985.74,204.93333333333337,0.0,14985.74,0.0,,True,usable,True,0,0.13044183936199252,0.413366800284719,0.4334595540921513,11,280071.2
MAD-113,San Isidro,Carabanchel,True,True,available,94,80,14,85.11,14.89,0.72,80,301223.72,265000.0,208775.0,365000.0,156225.0,112000.0,820000.0,3530.14,3441.72,2843.07,4137.08,1294.01,1011.9,37.6,3139.53,3636.36,496.83,14.44,120.95,80,2000,0.95,calculated,88.26,78.5,67.0,96.25,29.25,38.0,407.0,2.36,2.0,78,2,97.5,1.94,1.5,16,64,20.0,0.5897,58.97,78,2,97.5,0.9865,98.65,74,6,92.5,65.08,48.41,16.67,46.31,low,La estimación debe interpretarse con precaución por el tamaño de la muestra o la variabilidad de los precios.,residential_sale,asking_price,unknown,3670.03,3814.61,3640.52,69.43,75.66,68.26,100,103.94,99.2,True,True,True,2025,EUR_per_m2,mean_declared_transaction_price,residential_sales,Ayuntamiento de Madrid,Colegio de Registradores de España,504020100060,15,97.7,True,True,46.31,low,3670.03,registered_transactions_2025,official_price_and_kaggle_features,228.3100000000004,6.6336018037493005,1.066336018037493,DEST_002,Nuevos Ministerios,WALK,A pie,2026-07-29,2026-07-29T09:00:00+02:00,success,[],,2026-07-29T18:00:00+02:00,success,[],,2026-07-29T07:19:33+02:00,2026-07-29T09:00:00+02:00,WALK,,,,100.45,7394.62,100.45,0.0,7394.62,0.0,2026-07-29T18:00:00+02:00,2026-07-29T19:40:27+02:00,WALK,,,,100.45,7394.62,100.45,0.0,7394.62,0.0,complete_route,True,0,200.9,14789.24,200.9,0.0,14789.24,0.0,,True,usable,True,0,0.1443066488622643,0.4043007530064063,0.42928255006161614,10,293602.4
MAD-125,Moscardó,Usera,True,True,available,63,58,5,92.06,7.94,0.52,58,284055.17,261000.0,225000.0,340000.0,115000.0,111400.0,625000.0,4002.68,3935.97,3307.43,4581.82,1274.39,976.18,32.38,3565.96,4314.52,748.56,19.02,168.98,58,2000,0.95,calculated,72.03,69.0,56.5,79.0,22.5,40.0,127.0,2.43,3.0,56,2,96.55,1.56,2.0,18,40,31.03,0.5357,53.57,56,2,96.55,0.8679,86.79,53,5,91.38,47.62,32.94,44.44,40.95,low,La estimación debe interpretarse con precaución por el tamaño de la muestra o la variabilidad de los precios.,residential_sale,asking_price,unknown,3739.18,4123.27,3701.66,70.74,81.79,69.4,100,110.27,99.0,True,True,True,2025,EUR_per_m2,mean_declared_transaction_price,residential_sales,Ayuntamiento de Madrid,Colegio de Registradores de España,504020100060,15,97.7,True,True,40.95,low,3739.18,registered_transactions_2025,official_price_and_kaggle_features,-196.79,-4.999784043069433,0.9500021595693056,DEST_002,Nuevos Ministerios,WALK,A pie,2026-07-29,2026-07-29T09:00:00+02:00,success,[],,2026-07-29T18:00:00+02:00,success,[],,2026-07-29T07:20:45+02:00,2026-07-29T09:00:00+02:00,WALK,,,,99.25,7283.47,99.25,0.0,7283.47,0.0,2026-07-29T18:00:00+02:00,2026-07-29T19:39:16+02:00,WALK,,,,99.26666666666668,7283.47,99.26666666666668,0.0,7283.47,0.0,complete_route,True,0,198.51666666666668,14566.94,198.51666666666668,0.0,14566.94,0.0,,True,usable,True,0,0.14997503940822496,0.39894354325103976,0.4262023734649924,9,299134.39999999997
MAD-152,Pueblo Nuevo,Ciudad Lineal,True,True,available,124,112,12,90.32,9.68,1.01,112,316712.5,279950.0,230000.0,372375.0,142375.0,142000.0,1300000.0,3904.91,3730.84,3311.51,4600.77,1289.26,925.06,34.56,3575.84,3928.57,352.73,9.45,97.91,112,2000,0.95,calculated,82.52,74.0,60.0,92.0,32.0,32.0,244.0,2.3,2.0,107,5,95.54,1.34,1.0,32,80,28.57,0.5364,53.64,110,2,98.21,0.9813,98.13,107,5,95.54,80.16,79.37,30.95,67.54,medium,La estimación presenta una estabilidad intermedia en comparación con el resto de barrios.,residential_sale,asking_price,unknown,3794.82,,3796.24,71.79,,71.18,100,,100.04,True,False,True,2025,EUR_per_m2,mean_declared_transaction_price,residential_sales,Ayuntamiento de Madrid,Colegio de Registradores de España,504020100060,15,97.7,True,True,67.54,medium,3794.82,registered_transactions_2025,official_price_and_kaggle_features,63.98000000000002,1.7148953050787494,1.0171489530507876,DEST_002,Nuevos Ministerios,WALK,A pie,2026-07-29,2026-07-29T09:00:00+02:00,success,[],,2026-07-29T18:00:00+02:00,success,[],,2026-07-29T07:29:13+02:00,2026-07-29T09:00:00+02:00,WALK,,,,90.78333333333332,6641.75,90.78333333333332,0.0,6641.75,0.0,2026-07-29T18:00:00+02:00,2026-07-29T19:30:47+02:00,WALK,,,,90.78333333333332,6641.75,90.78333333333332,0.0,6641.75,0.0,complete_route,True,0,181.56666666666663,13283.5,181.56666666666663,0.0,13283.5,0.0,,True,usable,True,0,0.1545359830087637,0.3608436668789571,0.3925423823883692,8,303585.60000000003
MAD-144,Media Legua,Moratalaz,True,True,available,19,18,1,94.74,5.26,0.16,18,385277.72,289500.0,261625.0,448625.0,187000.0,170000.0,1350000.0,3687.23,3886.39,2936.95,4550.07,1613.12,1040.24,41.51,3030.76,4485.98,1455.22,37.44,417.19,18,2000,0.95,calculated,104.17,98.5,80.5,107.75,27.25,51.0,270.0,3.0,3.0,18,0,100.0,1.8,2.0,5,13,27.78,0.8824,88.24,17,1,94.44,1.0,100.0,17,1,94.44,9.92,2.38,12.7,7.6,low,La estimación debe interpretarse con precaución por el tamaño de la muestra o la variabilidad de los precios.,residential_sale,asking_price,unknown,3876.72,,3874.56,73.34,,72.64,100,,99.94,True,False,True,2025,EUR_per_m2,mean_declared_transaction_price,residential_sales,Ayuntamiento de Madrid,Colegio de Registradores de España,504020100060,15,97.7,True,True,7.6,low,3876.72,registered_transactions_2025,official_price_and_kaggle_features,-9.670000000000073,-0.2488170255687173,0.9975118297443129,DEST_002,Nuevos Ministerios,WALK,A pie,2026-07-29,2026-07-29T09:00:00+02:00,success,[],,2026-07-29T18:00:00+02:00,success,[],,2026-07-29T07:33:15+02:00,2026-07-29T09:00:00+02:00,WALK,,,,86.75,6306.05,86.75,0.0,6306.05,0.0,2026-07-29T18:00:00+02:00,2026-07-29T19:26:45+02:00,WALK,,,,86.75,6306.05,86.75,0.0,6306.05,0.0,complete_route,True,0,173.5,12612.1,173.5,0.0,12612.1,0.0,,True,usable,True,0,0.16124952148619215,0.3427115723223318,0.3787514092160857,7,310137.6
MAD-151,Ventas,Ciudad Lineal,True,True,available,80,70,10,87.5,12.5,0.63,70,306588.84,275000.0,240000.0,353750.0,113750.0,170000.0,835000.0,4275.18,4000.0,3504.12,4905.44,1401.32,1081.36,35.03,3797.89,4544.55,746.66,18.67,195.08,70,2000,0.95,calculated,72.31,69.5,62.0,79.5,17.5,48.0,140.0,2.41,2.0,68,2,97.14,1.56,2.0,18,52,25.71,0.6176,61.76,68,2,97.14,0.9552,95.52,67,3,95.71,55.56,34.13,27.38,39.94,low,La estimación debe interpretarse con precaución por el tamaño de la muestra o la variabilidad de los precios.,residential_sale,asking_price,unknown,4133.07,4698.96,4105.16,78.19,93.21,76.97,100,113.69,99.32,True,True,True,2025,EUR_per_m2,mean_declared_transaction_price,residential_sales,Ayuntamiento de Madrid,Colegio de Registradores de España,504020100060,15,97.7,True,True,39.94,low,4133.07,registered_transactions_2025,official_price_and_kaggle_features,133.0699999999997,3.326749999999993,1.0332675,DEST_002,Nuevos Ministerios,WALK,A pie,2026-07-29,2026-07-29T09:00:00+02:00,success,[],,2026-07-29T18:00:00+02:00,success,[],,2026-07-29T07:43:44+02:00,2026-07-29T09:00:00+02:00,WALK,,,,76.26666666666667,5536.63,76.26666666666667,0.0,5536.63,0.0,2026-07-29T18:00:00+02:00,2026-07-29T19:16:23+02:00,WALK,,,,76.38333333333334,5536.63,76.38333333333334,0.0,5536.63,0.0,complete_route,True,0,152.65,11073.26,152.65,0.0,11073.26,0.0,,True,usable,True,0,0.18226314283770367,0.2958453527141948,0.34748284268387053,5,330645.6
MAD-165,Apóstol Santiago,Hortaleza,True,True,available,12,12,0,100.0,0.0,0.11,12,433875.0,413500.0,335000.0,504250.0,169250.0,230000.0,890000.0,4835.21,4203.28,3500.72,5822.16,2321.44,1663.26,55.23,3486.59,6000.49,2513.9,59.81,817.2,12,2000,0.95,calculated,91.42,83.0,71.75,105.75,34.0,65.0,140.0,3.08,3.0,12,0,100.0,2.0,2.0,7,5,58.33,0.8182,81.82,11,1,91.67,1.0,100.0,11,1,91.67,3.57,0.79,3.97,2.56,low,"El intervalo se ha calculado, pero el número de anuncios sigue siendo reducido.",residential_sale,asking_price,unknown,4162.46,4605.35,4096.02,78.75,91.35,76.8,100,110.64,98.4,True,True,True,2025,EUR_per_m2,mean_declared_transaction_price,residential_sales,Ayuntamiento de Madrid,Colegio de Registradores de España,504020100060,15,97.7,True,True,2.56,low,4162.46,registered_transactions_2025,official_price_and_kaggle_features,-40.81999999999971,-0.9711463428560484,0.9902885365714396,DEST_002,Nuevos Ministerios,WALK,A pie,2026-07-29,2026-07-29T09:00:00+02:00,success,[],,2026-07-29T18:00:00+02:00,success,[],,2026-07-29T07:51:00+02:00,2026-07-29T09:00:00+02:00,WALK,,,,69.0,5082.7,69.0,0.0,5082.7,0.0,2026-07-29T18:00:00+02:00,2026-07-29T19:09:00+02:00,WALK,,,,69.0,5082.7,69.0,0.0,5082.7,0.0,complete_route,True,0,138.0,10165.4,138.0,0.0,10165.4,0.0,,True,usable,True,0,0.18467231128522046,0.2629153710710674,0.32129169752868253,4,332996.8
MAD-094,Valdezarza,Moncloa - Aravaca,True,True,available,30,28,2,93.33,6.67,0.25,28,510571.64,432400.0,313000.0,680000.0,367000.0,195000.0,925000.0,5331.77,5128.05,4322.15,5676.69,1354.54,1654.85,26.41,4485.87,5461.13,975.26,19.02,290.87,28,2000,0.95,calculated,95.89,77.0,71.5,111.25,39.75,50.0,289.0,2.64,3.0,28,0,100.0,1.4,1.0,10,18,35.71,0.75,75.0,24,4,85.71,1.0,100.0,24,4,85.71,23.02,32.94,71.43,39.09,low,La estimación debe interpretarse con precaución por el tamaño de la muestra o la variabilidad de los precios.,residential_sale,asking_price,unknown,4484.04,,4492.18,84.83,,84.22,100,,100.18,True,False,True,2025,EUR_per_m2,mean_declared_transaction_price,residential_sales,Ayuntamiento de Madrid,Colegio de Registradores de España,504020100060,15,97.7,True,True,39.09,low,4484.04,registered_transactions_2025,official_price_and_kaggle_features,-644.0100000000002,-12.558574896890637,0.8744142510310936,DEST_002,Nuevos Ministerios,WALK,A pie,2026-07-29,2026-07-29T09:00:00+02:00,success,[],,2026-07-29T18:00:00+02:00,success,[],,2026-07-29T08:10:33+02:00,2026-07-29T09:00:00+02:00,WALK,,,,49.45,3758.97,49.45,0.0,3758.97,0.0,2026-07-29T18:00:00+02:00,2026-07-29T18:49:27+02:00,WALK,,,,49.45,3758.97,49.45,0.0,3758.97,0.0,complete_route,True,0,98.9,7517.94,98.9,0.0,7517.94,0.0,,True,usable,True,0,0.21103299142650808,0.17502716067882973,0.2741704405031905,2,358723.2
MAD-066,Berruguete,Tetuán,True,True,available,84,78,6,92.86,7.14,0.7,78,345826.13,292500.0,225750.0,450000.0,224250.0,82000.0,1200000.0,4685.22,4679.14,4006.25,5318.0,1311.75,1090.42,28.03,4411.76,4876.56,464.8,9.93,125.78,78,2000,0.95,calculated,78.51,71.5,46.0,90.75,44.75,23.0,450.0,2.1,2.0,72,6,92.31,1.52,2.0,23,55,29.49,0.5065,50.65,77,1,98.72,0.8158,81.58,76,2,97.44,63.49,76.98,66.67,69.68,medium,La estimación presenta una estabilidad intermedia en comparación con el resto de barrios.,residential_sale,asking_price,unknown,4789.99,4725.66,4812.94,90.62,93.74,90.24,100,98.66,100.48,True,True,True,2025,EUR_per_m2,mean_declared_transaction_price,residential_sales,Ayuntamiento de Madrid,Colegio de Registradores de España,504020100060,15,97.7,True,True,69.68,medium,4789.99,registered_transactions_2025,official_price_and_kaggle_features,110.84999999999944,2.369025077257775,1.0236902507725778,DEST_002,Nuevos Ministerios,WALK,A pie,2026-07-29,2026-07-29T09:00:00+02:00,success,[],,2026-07-29T18:00:00+02:00,success,[],,2026-07-29T08:29:26+02:00,2026-07-29T09:00:00+02:00,WALK,,,,30.566666666666663,2301.93,30.566666666666663,0.0,2301.93,0.0,2026-07-29T18:00:00+02:00,2026-07-29T18:30:34+02:00,WALK,,,,30.566666666666663,2301.93,30.566666666666663,0.0,2301.93,0.0,complete_route,True,0,61.133333333333326,4603.86,61.133333333333326,0.0,4603.86,0.0,,True,usable,True,0,0.23611244316239632,0.0901359907091747,0.2527322350576599,1,383199.19999999995
MAD-061,Bellas Vistas,Tetuán,True,True,available,105,102,3,97.14,2.86,0.92,102,407470.31,312000.0,210000.0,425000.0,215000.0,105000.0,1950000.0,5077.08,4994.73,4270.81,5765.56,1494.75,1393.44,29.93,4848.39,5169.47,321.08,6.43,88.66,102,2000,0.95,calculated,83.93,60.5,44.25,97.75,53.5,29.0,490.0,2.27,2.0,95,7,93.14,1.2,1.0,20,82,19.61,0.6566,65.66,99,3,97.06,0.6768,67.68,99,3,97.06,76.98,92.86,57.14,78.37,high,La estimación presenta una estabilidad alta en comparación con el resto de barrios.,residential_sale,asking_price,unknown,5223.92,5760.0,5072.68,98.83,114.25,95.11,100,110.26,97.1,True,True,True,2025,EUR_per_m2,mean_declared_transaction_price,residential_sales,Ayuntamiento de Madrid,Colegio de Registradores de España,504020100060,15,97.7,True,True,78.37,high,5223.92,registered_transactions_2025,official_price_and_kaggle_features,229.1900000000005,4.588636422789631,1.0458863642278964,DEST_002,Nuevos Ministerios,WALK,A pie,2026-07-29,2026-07-29T09:00:00+02:00,success,[],,2026-07-29T18:00:00+02:00,success,[],,2026-07-29T08:34:34+02:00,2026-07-29T09:00:00+02:00,WALK,,,,25.433333333333334,1867.73,25.433333333333334,0.0,1867.73,0.0,2026-07-29T18:00:00+02:00,2026-07-29T18:25:26+02:00,WALK,,,,25.433333333333334,1867.73,25.433333333333334,0.0,1867.73,0.0,complete_route,True,0,50.86666666666667,3735.46,50.86666666666667,0.0,3735.46,0.0,,True,usable,True,0,0.2716827209586179,0.06705877945528793,0.2798363464053788,3,417913.6
MAD-062,Cuatro Caminos,Tetuán,True,True,available,162,154,8,95.06,4.94,1.39,154,821807.01,702500.0,450000.0,1096750.0,646750.0,145000.0,2875000.0,6327.73,6214.17,5483.82,6810.06,1326.25,1506.78,21.34,5983.87,6405.24,421.37,6.78,103.37,154,2000,0.95,calculated,131.15,118.0,70.0,178.75,108.75,25.0,434.0,2.91,3.0,150,4,97.4,1.88,2.0,41,113,26.62,0.8442,84.42,154,0,100.0,0.8117,81.17,154,0,100.0,88.89,89.68,88.1,89.01,high,La estimación presenta una estabilidad alta en comparación con el resto de barrios.,residential_sale,asking_price,unknown,6496.82,,6513.79,122.91,,122.13,100,,100.26,True,False,True,2025,EUR_per_m2,mean_declared_transaction_price,residential_sales,Ayuntamiento de Madrid,Colegio de Registradores de España,504020100060,15,97.7,True,True,89.01,high,6496.82,registered_transactions_2025,official_price_and_kaggle_features,282.64999999999964,4.548475500348392,1.0454847550034838,DEST_002,Nuevos Ministerios,WALK,A pie,2026-07-29,2026-07-29T09:00:00+02:00,success,[],,2026-07-29T18:00:00+02:00,success,[],,2026-07-29T08:48:02+02:00,2026-07-29T09:00:00+02:00,WALK,,,,11.966666666666669,930.85,11.966666666666669,0.0,930.85,0.0,2026-07-29T18:00:00+02:00,2026-07-29T18:11:58+02:00,WALK,,,,11.966666666666669,930.85,11.966666666666669,0.0,930.85,0.0,complete_route,True,0,23.933333333333337,1861.7,23.933333333333337,0.0,1861.7,0.0,,True,usable,True,0,0.3760253720931567,0.006518562919117386,0.3760818689066616,6,519745.6
MAD-051,El Viso,Chamartín,True,True,available,199,197,2,98.99,1.01,1.77,197,2644817.11,1890000.0,1300000.0,3200000.0,1900000.0,320000.0,23000000.0,9189.33,8600.0,7173.91,10106.38,2932.47,3263.68,34.1,8076.92,8984.38,907.45,10.55,232.33,197,2000,0.95,calculated,277.93,260.0,148.0,321.0,173.0,40.0,1000.0,4.1,4.0,195,2,98.98,2.7,2.0,40,157,20.3,0.9477,94.77,172,25,87.31,0.9368,93.68,174,23,88.32,91.27,73.81,34.13,70.0,medium,La estimación presenta una estabilidad intermedia en comparación con el resto de barrios.,residential_sale,asking_price,unknown,9382.09,,9382.09,177.5,,175.91,100,,100.0,True,False,True,2025,EUR_per_m2,mean_declared_transaction_price,residential_sales,Ayuntamiento de Madrid,Colegio de Registradores de España,504020100060,15,97.7,True,True,70.0,medium,9382.09,registered_transactions_2025,official_price_and_kaggle_features,782.0900000000001,9.094069767441862,1.0909406976744187,DEST_002,Nuevos Ministerios,WALK,A pie,2026-07-29,2026-07-29T09:00:00+02:00,success,[],,2026-07-29T18:00:00+02:00,success,[],,2026-07-29T08:49:29+02:00,2026-07-29T09:00:00+02:00,WALK,,,,10.516666666666667,734.4,10.516666666666667,0.0,734.4,0.0,2026-07-29T18:00:00+02:00,2026-07-29T18:10:31+02:00,WALK,,,,10.516666666666667,734.4,10.516666666666667,0.0,734.4,0.0,complete_route,True,0,21.03333333333333,1468.8,21.03333333333333,0.0,1468.8,0.0,,True,usable,True,0,0.6125378405030482,0.0,0.6125378405030482,17,750567.2
MAD-172,San Cristóbal,Villaverde,True,True,available,40,22,18,55.0,45.0,0.2,22,140040.91,131250.0,118000.0,174000.0,56000.0,68400.0,214900.0,2395.76,2237.9,1956.42,2652.88,696.46,731.5,31.12,2020.86,2360.79,339.93,15.19,107.07,22,2000,0.95,calculated,59.95,60.0,50.25,64.5,14.25,44.0,91.0,2.55,3.0,22,0,100.0,1.0,1.0,8,14,36.36,0.1905,19.05,21,1,95.45,1.0,100.0,19,3,86.36,15.87,46.03,50.79,36.67,low,La estimación debe interpretarse con precaución por el tamaño de la muestra o la variabilidad de los precios.,residential_sale,asking_price,unknown,1909.6,1746.72,1942.18,36.13,34.65,36.41,100,91.47,101.71,True,True,True,2025,EUR_per_m2,mean_declared_transaction_price,residential_sales,Ayuntamiento de Madrid,Colegio de Registradores de España,504020100060,15,97.7,True,True,36.67,low,1909.6,registered_transactions_2025,official_price_and_kaggle_features,-328.3000000000002,-14.670003127932445,0.8532999687206756,DEST_003,UC3M Campus de Leganés,BICYCLE,Bicicleta,2026-07-29,2026-07-29T09:00:00+02:00,success,[],,2026-07-29T18:00:00+02:00,success,[],,2026-07-29T08:20:03+02:00,2026-07-29T09:00:00+02:00,BICYCLE,,,,39.95,9939.83,0.0,0.0,0.0,0.0,2026-07-29T18:00:00+02:00,2026-07-29T18:39:35+02:00,BICYCLE,,,,39.583333333333336,10003.5,0.0,0.0,0.0,0.0,complete_route,True,0,79.53333333333333,19943.33,0.0,0.0,0.0,0.0,,True,usable,True,0,0.0,0.11676045016077173,0.11676045016077173,2,152768.0
MAD-115,Puerta Bonita,Carabanchel,True,True,available,101,75,26,74.26,25.74,0.68,75,271263.64,215000.0,175500.0,299815.0,124315.0,60600.0,1795000.0,3234.84,3015.15,2668.68,3577.78,909.1,973.26,30.15,2776.93,3253.33,476.4,15.8,127.43,75,2000,0.95,calculated,81.52,72.0,63.5,88.5,25.0,27.0,377.0,2.6,3.0,73,2,97.33,1.39,1.0,23,52,30.67,0.4,40.0,70,5,93.33,0.9412,94.12,68,7,90.67,61.11,41.27,54.76,51.59,medium,La estimación presenta una estabilidad intermedia en comparación con el resto de barrios.,residential_sale,asking_price,unknown,2905.06,3002.39,2894.81,54.96,59.55,54.28,100,103.35,99.65,True,True,True,2025,EUR_per_m2,mean_declared_transaction_price,residential_sales,Ayuntamiento de Madrid,Colegio de Registradores de España,504020100060,15,97.7,True,True,51.59,medium,2905.06,registered_transactions_2025,official_price_and_kaggle_features,-110.09000000000016,-3.6512279654411937,0.963487720345588,DEST_003,UC3M Campus de Leganés,BICYCLE,Bicicleta,2026-07-29,2026-07-29T09:00:00+02:00,success,[],,2026-07-29T18:00:00+02:00,success,[],,2026-07-29T08:23:14+02:00,2026-07-29T09:00:00+02:00,BICYCLE,,,,36.766666666666666,9372.39,0.0,0.0,0.0,0.0,2026-07-29T18:00:00+02:00,2026-07-29T18:38:20+02:00,BICYCLE,,,,38.333333333333336,9646.41,0.0,0.0,0.0,0.0,complete_route,True,0,75.1,19018.8,0.0,0.0,0.0,0.0,,True,usable,True,0,0.08160023214579937,0.09894158628081459,0.12824989427680722,3,232404.8
MAD-171,Villaverde Alto - Casco Histórico de Villaverde,Villaverde,True,True,available,152,126,26,82.89,17.11,1.13,126,230042.58,211000.0,173148.75,270000.0,96851.25,82600.0,520000.0,2791.64,2734.78,2428.91,3201.32,772.41,607.88,28.24,2666.67,2894.9,228.23,8.35,70.26,126,2000,0.95,calculated,84.45,74.0,65.0,98.0,33.0,38.0,214.0,2.3,2.0,122,4,96.83,1.37,1.0,38,88,30.16,0.4715,47.15,123,3,97.62,0.9464,94.64,112,14,88.89,83.33,84.13,65.87,79.29,high,La estimación presenta una estabilidad alta en comparación con el resto de barrios.,residential_sale,asking_price,unknown,2928.26,,2901.12,55.4,,54.39,100,,99.07,True,False,True,2025,EUR_per_m2,mean_declared_transaction_price,residential_sales,Ayuntamiento de Madrid,Colegio de Registradores de España,504020100060,15,97.7,True,True,79.29,high,2928.26,registered_transactions_2025,official_price_and_kaggle_features,193.48,7.07479212221824,1.0707479212221824,DEST_003,UC3M Campus de Leganés,BICYCLE,Bicicleta,2026-07-29,2026-07-29T09:00:00+02:00,success,[],,2026-07-29T18:00:00+02:00,success,[],,2026-07-29T08:29:24+02:00,2026-07-29T09:00:00+02:00,BICYCLE,,,,30.6,7350.66,0.0,0.0,0.0,0.0,2026-07-29T18:00:00+02:00,2026-07-29T18:28:05+02:00,BICYCLE,,,,28.08333333333333,7031.94,0.0,0.0,0.0,0.0,complete_route,True,0,58.68333333333333,14382.6,0.0,0.0,0.0,0.0,,True,usable,True,0,0.0835019915191369,0.032958199356913194,0.08977096129880778,1,234260.80000000002
MAD-106,Cuatro Vientos,Latina,True,True,available,15,15,0,100.0,0.0,0.14,15,393160.0,414000.0,305000.0,431750.0,126750.0,225000.0,550000.0,3429.33,3479.34,3149.6,3643.8,494.2,582.09,14.2,3072.63,3616.67,544.04,15.64,118.52,15,2000,0.95,calculated,115.47,117.0,104.5,121.0,16.5,70.0,179.0,2.36,3.0,14,1,93.33,,,0,15,0.0,1.0,100.0,15,0,100.0,1.0,100.0,15,0,100.0,4.76,43.65,96.83,43.33,low,La estimación debe interpretarse con precaución por el tamaño de la muestra o la variabilidad de los precios.,residential_sale,asking_price,unknown,4673.53,4905.69,4320.01,88.42,97.31,81.0,100,104.97,92.44,True,True,True,2025,EUR_per_m2,mean_declared_transaction_price,residential_sales,Ayuntamiento de Madrid,Colegio de Registradores de España,504020100060,15,97.7,True,True,43.33,low,4673.53,registered_transactions_2025,official_price_and_kaggle_features,1194.1899999999996,34.32231400208084,1.3432231400208083,DEST_003,UC3M Campus de Leganés,BICYCLE,Bicicleta,2026-07-29,2026-07-29T09:00:00+02:00,success,[],,2026-07-29T18:00:00+02:00,success,[],,2026-07-29T08:35:48+02:00,2026-07-29T09:00:00+02:00,BICYCLE,,,,24.2,6434.28,0.0,0.0,0.0,0.0,2026-07-29T18:00:00+02:00,2026-07-29T18:26:17+02:00,BICYCLE,,,,26.28333333333333,6714.18,0.0,0.0,0.0,0.0,complete_route,True,0,50.48333333333333,13148.46,0.0,0.0,0.0,0.0,,True,usable,True,0,0.2265659389977892,0.0,0.2265659389977892,4,373882.39999999997
MAD-172,San Cristóbal,Villaverde,True,True,available,40,22,18,55.0,45.0,0.2,22,140040.91,131250.0,118000.0,174000.0,56000.0,68400.0,214900.0,2395.76,2237.9,1956.42,2652.88,696.46,731.5,31.12,2020.86,2360.79,339.93,15.19,107.07,22,2000,0.95,calculated,59.95,60.0,50.25,64.5,14.25,44.0,91.0,2.55,3.0,22,0,100.0,1.0,1.0,8,14,36.36,0.1905,19.05,21,1,95.45,1.0,100.0,19,3,86.36,15.87,46.03,50.79,36.67,low,La estimación debe interpretarse con precaución por el tamaño de la muestra o la variabilidad de los precios.,residential_sale,asking_price,unknown,1909.6,1746.72,1942.18,36.13,34.65,36.41,100,91.47,101.71,True,True,True,2025,EUR_per_m2,mean_declared_transaction_price,residential_sales,Ayuntamiento de Madrid,Colegio de Registradores de España,504020100060,15,97.7,True,True,36.67,low,1909.6,registered_transactions_2025,official_price_and_kaggle_features,-328.3000000000002,-14.670003127932445,0.8532999687206756,DEST_003,UC3M Campus de Leganés,CAR,Coche,2026-07-29,2026-07-29T09:00:00+02:00,success,[],,2026-07-29T18:00:00+02:00,success,[],,2026-07-29T08:46:06+02:00,2026-07-29T09:00:00+02:00,CAR,,,,13.9,9883.27,0.0,0.0,0.0,0.0,2026-07-29T18:00:00+02:00,2026-07-29T18:14:12+02:00,CAR,,,,14.2,9821.71,0.0,0.0,0.0,0.0,complete_route,True,0,28.1,19704.98,0.0,0.0,0.0,0.0,,True,usable,True,0,0.0,0.19873903508771934,0.19873903508771934,4,152768.0
MAD-121,Orcasitas,Usera,True,True,available,26,19,7,73.08,26.92,0.17,19,272768.42,275000.0,240000.0,320000.0,80000.0,138000.0,380000.0,2907.24,2726.19,2328.1,3336.4,1008.3,871.71,36.99,2339.13,3235.29,896.16,32.87,311.47,19,2000,0.95,calculated,98.63,100.0,84.5,109.0,24.5,35.0,164.0,2.74,3.0,19,0,100.0,1.5,1.5,6,13,31.58,0.875,87.5,16,3,84.21,1.0,100.0,16,3,84.21,12.3,4.76,17.46,10.58,low,La estimación debe interpretarse con precaución por el tamaño de la muestra o la variabilidad de los precios.,residential_sale,asking_price,unknown,2357.51,,2366.82,44.6,,44.38,100,,100.39,True,False,True,2025,EUR_per_m2,mean_declared_transaction_price,residential_sales,Ayuntamiento de Madrid,Colegio de Registradores de España,504020100060,15,97.7,True,True,10.58,low,2357.51,registered_transactions_2025,official_price_and_kaggle_features,-368.67999999999984,-13.523635549980003,0.8647636445001999,DEST_003,UC3M Campus de Leganés,CAR,Coche,2026-07-29,2026-07-29T09:00:00+02:00,success,[],,2026-07-29T18:00:00+02:00,success,[],,2026-07-29T08:48:47+02:00,2026-07-29T09:00:00+02:00,CAR,,,,11.216666666666669,8828.0,0.0,0.0,0.0,0.0,2026-07-29T18:00:00+02:00,2026-07-29T18:11:26+02:00,CAR,,,,11.433333333333334,9386.82,0.0,0.0,0.0,0.0,complete_route,True,0,22.65,18214.82,0.0,0.0,0.0,0.0,,True,usable,True,0,0.036716251763431,0.10910087719298245,0.11511335521056576,3,188600.80000000002
MAD-117,Abrantes,Carabanchel,True,True,available,55,40,15,72.73,27.27,0.36,40,234710.55,221500.0,186250.0,290000.0,103750.0,120000.0,435000.0,2960.7,2890.36,2614.29,3330.48,716.2,511.57,24.78,2655.82,3087.02,431.2,14.92,98.94,40,2000,0.95,calculated,80.68,77.0,64.75,101.0,36.25,33.0,161.0,3.03,3.0,39,1,97.5,1.57,1.0,7,33,17.5,0.525,52.5,40,0,100.0,1.0,100.0,38,2,95.0,35.32,46.83,76.98,50.34,medium,La estimación presenta una estabilidad intermedia en comparación con el resto de barrios.,residential_sale,asking_price,unknown,2912.9,,2885.23,55.11,,54.1,100,,99.05,True,False,True,2025,EUR_per_m2,mean_declared_transaction_price,residential_sales,Ayuntamiento de Madrid,Colegio de Registradores de España,504020100060,15,97.7,True,True,50.34,medium,2912.9,registered_transactions_2025,official_price_and_kaggle_features,22.539999999999964,0.7798336539393004,1.007798336539393,DEST_003,UC3M Campus de Leganés,CAR,Coche,2026-07-29,2026-07-29T09:00:00+02:00,success,[],,2026-07-29T18:00:00+02:00,success,[],,2026-07-29T08:50:24+02:00,2026-07-29T09:00:00+02:00,CAR,,,,9.6,7375.33,0.0,0.0,0.0,0.0,2026-07-29T18:00:00+02:00,2026-07-29T18:10:13+02:00,CAR,,,,10.216666666666669,7349.92,0.0,0.0,0.0,0.0,complete_route,True,0,19.81666666666667,14725.25,0.0,0.0,0.0,0.0,,True,usable,True,0,0.08224289565816861,0.06250000000000007,0.10329638854403583,1,233032.0
MAD-116,Buenavista,Carabanchel,True,True,available,110,98,12,89.09,10.91,0.88,98,332312.14,280000.0,214425.0,381125.0,166700.0,70050.0,1590000.0,3537.75,3401.74,2813.08,4163.85,1350.77,1018.82,39.71,3251.54,3644.79,393.25,11.56,108.34,98,2000,0.95,calculated,97.7,77.5,63.5,105.0,41.5,27.0,586.0,2.42,2.0,97,1,98.98,1.3,1.0,20,78,20.41,0.7083,70.83,96,2,97.96,0.9574,95.74,94,4,95.92,74.6,65.87,14.29,56.03,medium,La estimación presenta una estabilidad intermedia en comparación con el resto de barrios.,residential_sale,asking_price,unknown,3291.57,3407.81,3269.2,62.27,67.6,61.29,100,103.53,99.32,True,True,True,2025,EUR_per_m2,mean_declared_transaction_price,residential_sales,Ayuntamiento de Madrid,Colegio de Registradores de España,504020100060,15,97.7,True,True,56.03,medium,3291.57,registered_transactions_2025,official_price_and_kaggle_features,-110.16999999999962,-3.238636697689995,0.9676136330231,DEST_003,UC3M Campus de Leganés,CAR,Coche,2026-07-29,2026-07-29T09:00:00+02:00,success,[],,2026-07-29T18:00:00+02:00,success,[],,2026-07-29T08:51:59+02:00,2026-07-29T09:00:00+02:00,CAR,,,,8.016666666666667,5408.28,0.0,0.0,0.0,0.0,2026-07-29T18:00:00+02:00,2026-07-29T18:08:00+02:00,CAR,,,,8.0,5662.66,0.0,0.0,0.0,0.0,complete_route,True,0,16.016666666666666,11070.94,0.0,0.0,0.0,0.0,,True,usable,True,0,0.11328337936082854,0.0,0.11328337936082854,2,263325.60000000003
MAD-172,San Cristóbal,Villaverde,True,True,available,40,22,18,55.0,45.0,0.2,22,140040.91,131250.0,118000.0,174000.0,56000.0,68400.0,214900.0,2395.76,2237.9,1956.42,2652.88,696.46,731.5,31.12,2020.86,2360.79,339.93,15.19,107.07,22,2000,0.95,calculated,59.95,60.0,50.25,64.5,14.25,44.0,91.0,2.55,3.0,22,0,100.0,1.0,1.0,8,14,36.36,0.1905,19.05,21,1,95.45,1.0,100.0,19,3,86.36,15.87,46.03,50.79,36.67,low,La estimación debe interpretarse con precaución por el tamaño de la muestra o la variabilidad de los precios.,residential_sale,asking_price,unknown,1909.6,1746.72,1942.18,36.13,34.65,36.41,100,91.47,101.71,True,True,True,2025,EUR_per_m2,mean_declared_transaction_price,residential_sales,Ayuntamiento de Madrid,Colegio de Registradores de España,504020100060,15,97.7,True,True,36.67,low,1909.6,registered_transactions_2025,official_price_and_kaggle_features,-328.3000000000002,-14.670003127932445,0.8532999687206756,DEST_003,UC3M Campus de Leganés,TRANSIT,Transporte público,2026-07-29,2026-07-29T09:00:00+02:00,success,[],,2026-07-29T18:00:00+02:00,success,[],,2026-07-29T07:40:00+02:00,2026-07-29T08:48:47+02:00,WALK|BUS,BUS,447|450,Consorcio Regional de Transportes de Madrid,68.78333333333333,16306.1,10.316666666666666,3.1333333333333333,738.1,1.0,2026-07-29T18:04:55+02:00,2026-07-29T19:12:28+02:00,WALK|BUS,BUS,485|432,Consorcio Regional de Transportes de Madrid,67.55,10168.21,23.883333333333333,8.6,1771.21,1.0,complete_route,True,0,136.33333333333331,26474.31,34.2,11.733333333333333,2509.31,2.0,,True,usable,True,0,0.0,0.3061863743148003,0.3061863743148003,5,152768.0
MAD-121,Orcasitas,Usera,True,True,available,26,19,7,73.08,26.92,0.17,19,272768.42,275000.0,240000.0,320000.0,80000.0,138000.0,380000.0,2907.24,2726.19,2328.1,3336.4,1008.3,871.71,36.99,2339.13,3235.29,896.16,32.87,311.47,19,2000,0.95,calculated,98.63,100.0,84.5,109.0,24.5,35.0,164.0,2.74,3.0,19,0,100.0,1.5,1.5,6,13,31.58,0.875,87.5,16,3,84.21,1.0,100.0,16,3,84.21,12.3,4.76,17.46,10.58,low,La estimación debe interpretarse con precaución por el tamaño de la muestra o la variabilidad de los precios.,residential_sale,asking_price,unknown,2357.51,,2366.82,44.6,,44.38,100,,100.39,True,False,True,2025,EUR_per_m2,mean_declared_transaction_price,residential_sales,Ayuntamiento de Madrid,Colegio de Registradores de España,504020100060,15,97.7,True,True,10.58,low,2357.51,registered_transactions_2025,official_price_and_kaggle_features,-368.67999999999984,-13.523635549980003,0.8647636445001999,DEST_003,UC3M Campus de Leganés,TRANSIT,Transporte público,2026-07-29,2026-07-29T09:00:00+02:00,success,[],,2026-07-29T18:00:00+02:00,success,[],,2026-07-29T07:58:00+02:00,2026-07-29T08:56:51+02:00,WALK|BUS,BUS,131|485|482,Información oficial: Consorcio Regional de Transportes de Madrid|Consorcio Regional de Transportes de Madrid,58.85,11159.45,3.85,17.083333333333332,248.45,2.0,2026-07-29T18:03:27+02:00,2026-07-29T18:57:38+02:00,WALK|BUS,BUS,485|131,Consorcio Regional de Transportes de Madrid|Información oficial: Consorcio Regional de Transportes de Madrid,54.18333333333333,13752.02,4.65,17.0,308.02,1.0,complete_route,True,0,113.03333333333332,24911.47,8.5,34.08333333333333,556.47,3.0,,True,usable,True,0,0.036716251763431,0.22197457984458766,0.2249906603411281,4,188600.80000000002
MAD-115,Puerta Bonita,Carabanchel,True,True,available,101,75,26,74.26,25.74,0.68,75,271263.64,215000.0,175500.0,299815.0,124315.0,60600.0,1795000.0,3234.84,3015.15,2668.68,3577.78,909.1,973.26,30.15,2776.93,3253.33,476.4,15.8,127.43,75,2000,0.95,calculated,81.52,72.0,63.5,88.5,25.0,27.0,377.0,2.6,3.0,73,2,97.33,1.39,1.0,23,52,30.67,0.4,40.0,70,5,93.33,0.9412,94.12,68,7,90.67,61.11,41.27,54.76,51.59,medium,La estimación presenta una estabilidad intermedia en comparación con el resto de barrios.,residential_sale,asking_price,unknown,2905.06,3002.39,2894.81,54.96,59.55,54.28,100,103.35,99.65,True,True,True,2025,EUR_per_m2,mean_declared_transaction_price,residential_sales,Ayuntamiento de Madrid,Colegio de Registradores de España,504020100060,15,97.7,True,True,51.59,medium,2905.06,registered_transactions_2025,official_price_and_kaggle_features,-110.09000000000016,-3.6512279654411937,0.963487720345588,DEST_003,UC3M Campus de Leganés,TRANSIT,Transporte público,2026-07-29,2026-07-29T09:00:00+02:00,success,[],,2026-07-29T18:00:00+02:00,success,[],,2026-07-29T08:15:16+02:00,2026-07-29T08:56:51+02:00,WALK|BUS,BUS,482,Consorcio Regional de Transportes de Madrid,41.583333333333336,7354.66,21.48333333333333,0.0,1570.66,0.0,2026-07-29T18:03:27+02:00,2026-07-29T18:39:37+02:00,WALK|BUS,BUS,485,Consorcio Regional de Transportes de Madrid,36.16666666666666,12319.8,14.683333333333334,0.0,1126.8,0.0,complete_route,True,0,77.75,19674.46,36.16666666666666,0.0,2697.46,0.0,,True,usable,True,0,0.08160023214579937,0.09445214143726283,0.12481908871776404,2,232404.8
MAD-114,Vista Alegre,Carabanchel,True,True,available,79,69,10,87.34,12.66,0.62,69,265033.19,245000.0,170000.0,330000.0,160000.0,103000.0,599000.0,3179.1,3125.0,2665.0,3571.43,906.43,727.22,29.01,2972.6,3335.62,363.01,11.62,95.44,69,2000,0.95,calculated,86.48,75.0,63.0,99.0,36.0,32.0,337.0,2.61,3.0,69,0,100.0,1.25,1.0,12,57,17.39,0.5077,50.77,65,4,94.2,0.8615,86.15,65,4,94.2,54.76,64.29,62.7,60.56,medium,La estimación presenta una estabilidad intermedia en comparación con el resto de barrios.,residential_sale,asking_price,unknown,3213.22,3397.75,3199.1,60.79,67.4,59.98,100,105.74,99.56,True,True,True,2025,EUR_per_m2,mean_declared_transaction_price,residential_sales,Ayuntamiento de Madrid,Colegio de Registradores de España,504020100060,15,97.7,True,True,60.56,medium,3213.22,registered_transactions_2025,official_price_and_kaggle_features,88.2199999999998,2.8230399999999936,1.0282304,DEST_003,UC3M Campus de Leganés,TRANSIT,Transporte público,2026-07-29,2026-07-29T09:00:00+02:00,success,[],,2026-07-29T18:00:00+02:00,success,[],,2026-07-29T08:17:28+02:00,2026-07-29T08:56:51+02:00,WALK|BUS,BUS,482,Consorcio Regional de Transportes de Madrid,39.38333333333333,7174.15,19.28333333333333,0.0,1390.15,0.0,2026-07-29T18:00:58+02:00,2026-07-29T18:35:52+02:00,WALK|BUS,BUS,493|486,Consorcio Regional de Transportes de Madrid,34.9,7308.36,8.25,5.033333333333333,622.36,1.0,complete_route,True,0,74.28333333333333,14482.509999999998,27.53333333333333,5.033333333333333,2012.51,1.0,,True,usable,True,0,0.10686084285647536,0.08192277573640143,0.13464984560092538,3,257057.59999999998
MAD-116,Buenavista,Carabanchel,True,True,available,110,98,12,89.09,10.91,0.88,98,332312.14,280000.0,214425.0,381125.0,166700.0,70050.0,1590000.0,3537.75,3401.74,2813.08,4163.85,1350.77,1018.82,39.71,3251.54,3644.79,393.25,11.56,108.34,98,2000,0.95,calculated,97.7,77.5,63.5,105.0,41.5,27.0,586.0,2.42,2.0,97,1,98.98,1.3,1.0,20,78,20.41,0.7083,70.83,96,2,97.96,0.9574,95.74,94,4,95.92,74.6,65.87,14.29,56.03,medium,La estimación presenta una estabilidad intermedia en comparación con el resto de barrios.,residential_sale,asking_price,unknown,3291.57,3407.81,3269.2,62.27,67.6,61.29,100,103.53,99.32,True,True,True,2025,EUR_per_m2,mean_declared_transaction_price,residential_sales,Ayuntamiento de Madrid,Colegio de Registradores de España,504020100060,15,97.7,True,True,56.03,medium,3291.57,registered_transactions_2025,official_price_and_kaggle_features,-110.16999999999962,-3.238636697689995,0.9676136330231,DEST_003,UC3M Campus de Leganés,TRANSIT,Transporte público,2026-07-29,2026-07-29T09:00:00+02:00,success,[],,2026-07-29T18:00:00+02:00,success,[],,2026-07-29T08:28:21+02:00,2026-07-29T08:56:51+02:00,WALK|BUS,BUS,484|482,Consorcio Regional de Transportes de Madrid,28.5,5376.07,3.283333333333333,7.416666666666667,225.07,1.0,2026-07-29T18:03:27+02:00,2026-07-29T18:26:34+02:00,WALK|BUS,BUS,485,Consorcio Regional de Transportes de Madrid,23.116666666666667,10166.62,4.083333333333333,0.0,261.62,0.0,complete_route,True,0,51.61666666666667,15542.69,7.366666666666666,7.416666666666667,486.69,1.0,,True,usable,True,0,0.11328337936082854,0.0,0.11328337936082854,1,263325.60000000003
MAD-172,San Cristóbal,Villaverde,True,True,available,40,22,18,55.0,45.0,0.2,22,140040.91,131250.0,118000.0,174000.0,56000.0,68400.0,214900.0,2395.76,2237.9,1956.42,2652.88,696.46,731.5,31.12,2020.86,2360.79,339.93,15.19,107.07,22,2000,0.95,calculated,59.95,60.0,50.25,64.5,14.25,44.0,91.0,2.55,3.0,22,0,100.0,1.0,1.0,8,14,36.36,0.1905,19.05,21,1,95.45,1.0,100.0,19,3,86.36,15.87,46.03,50.79,36.67,low,La estimación debe interpretarse con precaución por el tamaño de la muestra o la variabilidad de los precios.,residential_sale,asking_price,unknown,1909.6,1746.72,1942.18,36.13,34.65,36.41,100,91.47,101.71,True,True,True,2025,EUR_per_m2,mean_declared_transaction_price,residential_sales,Ayuntamiento de Madrid,Colegio de Registradores de España,504020100060,15,97.7,True,True,36.67,low,1909.6,registered_transactions_2025,official_price_and_kaggle_features,-328.3000000000002,-14.670003127932445,0.8532999687206756,DEST_003,UC3M Campus de Leganés,WALK,A pie,2026-07-29,2026-07-29T09:00:00+02:00,success,[],,2026-07-29T18:00:00+02:00,success,[],,2026-07-29T07:13:14+02:00,2026-07-29T09:00:00+02:00,WALK,,,,106.76666666666668,8209.28,106.76666666666668,0.0,8209.28,0.0,2026-07-29T18:00:00+02:00,2026-07-29T19:46:48+02:00,WALK,,,,106.8,8209.28,106.8,0.0,8209.28,0.0,complete_route,True,0,213.56666666666663,16418.56,213.56666666666663,0.0,16418.56,0.0,,True,usable,True,0,0.0,0.21023911102291884,0.21023911102291884,4,152768.0
MAD-121,Orcasitas,Usera,True,True,available,26,19,7,73.08,26.92,0.17,19,272768.42,275000.0,240000.0,320000.0,80000.0,138000.0,380000.0,2907.24,2726.19,2328.1,3336.4,1008.3,871.71,36.99,2339.13,3235.29,896.16,32.87,311.47,19,2000,0.95,calculated,98.63,100.0,84.5,109.0,24.5,35.0,164.0,2.74,3.0,19,0,100.0,1.5,1.5,6,13,31.58,0.875,87.5,16,3,84.21,1.0,100.0,16,3,84.21,12.3,4.76,17.46,10.58,low,La estimación debe interpretarse con precaución por el tamaño de la muestra o la variabilidad de los precios.,residential_sale,asking_price,unknown,2357.51,,2366.82,44.6,,44.38,100,,100.39,True,False,True,2025,EUR_per_m2,mean_declared_transaction_price,residential_sales,Ayuntamiento de Madrid,Colegio de Registradores de España,504020100060,15,97.7,True,True,10.58,low,2357.51,registered_transactions_2025,official_price_and_kaggle_features,-368.67999999999984,-13.523635549980003,0.8647636445001999,DEST_003,UC3M Campus de Leganés,WALK,A pie,2026-07-29,2026-07-29T09:00:00+02:00,success,[],,2026-07-29T18:00:00+02:00,success,[],,2026-07-29T07:16:56+02:00,2026-07-29T09:00:00+02:00,WALK,,,,103.06666666666666,8099.33,103.06666666666666,0.0,8099.33,0.0,2026-07-29T18:00:00+02:00,2026-07-29T19:43:04+02:00,WALK,,,,103.06666666666666,8099.33,103.06666666666666,0.0,8099.33,0.0,complete_route,True,0,206.13333333333333,16198.66,206.13333333333333,0.0,16198.66,0.0,,True,usable,True,0,0.036716251763431,0.18811390018851074,0.19166356614570393,3,188600.80000000002
MAD-171,Villaverde Alto - Casco Histórico de Villaverde,Villaverde,True,True,available,152,126,26,82.89,17.11,1.13,126,230042.58,211000.0,173148.75,270000.0,96851.25,82600.0,520000.0,2791.64,2734.78,2428.91,3201.32,772.41,607.88,28.24,2666.67,2894.9,228.23,8.35,70.26,126,2000,0.95,calculated,84.45,74.0,65.0,98.0,33.0,38.0,214.0,2.3,2.0,122,4,96.83,1.37,1.0,38,88,30.16,0.4715,47.15,123,3,97.62,0.9464,94.64,112,14,88.89,83.33,84.13,65.87,79.29,high,La estimación presenta una estabilidad alta en comparación con el resto de barrios.,residential_sale,asking_price,unknown,2928.26,,2901.12,55.4,,54.39,100,,99.07,True,False,True,2025,EUR_per_m2,mean_declared_transaction_price,residential_sales,Ayuntamiento de Madrid,Colegio de Registradores de España,504020100060,15,97.7,True,True,79.29,high,2928.26,registered_transactions_2025,official_price_and_kaggle_features,193.48,7.07479212221824,1.0707479212221824,DEST_003,UC3M Campus de Leganés,WALK,A pie,2026-07-29,2026-07-29T09:00:00+02:00,success,[],,2026-07-29T18:00:00+02:00,success,[],,2026-07-29T07:45:05+02:00,2026-07-29T09:00:00+02:00,WALK,,,,74.91666666666667,5815.45,74.91666666666667,0.0,5815.45,0.0,2026-07-29T18:00:00+02:00,2026-07-29T19:14:55+02:00,WALK,,,,74.91666666666667,5815.45,74.91666666666667,0.0,5815.45,0.0,complete_route,True,0,149.83333333333334,11630.9,149.83333333333334,0.0,11630.9,0.0,,True,usable,True,0,0.0835019915191369,0.02053775176108743,0.08599059154966932,1,234260.80000000002
MAD-116,Buenavista,Carabanchel,True,True,available,110,98,12,89.09,10.91,0.88,98,332312.14,280000.0,214425.0,381125.0,166700.0,70050.0,1590000.0,3537.75,3401.74,2813.08,4163.85,1350.77,1018.82,39.71,3251.54,3644.79,393.25,11.56,108.34,98,2000,0.95,calculated,97.7,77.5,63.5,105.0,41.5,27.0,586.0,2.42,2.0,97,1,98.98,1.3,1.0,20,78,20.41,0.7083,70.83,96,2,97.96,0.9574,95.74,94,4,95.92,74.6,65.87,14.29,56.03,medium,La estimación presenta una estabilidad intermedia en comparación con el resto de barrios.,residential_sale,asking_price,unknown,3291.57,3407.81,3269.2,62.27,67.6,61.29,100,103.53,99.32,True,True,True,2025,EUR_per_m2,mean_declared_transaction_price,residential_sales,Ayuntamiento de Madrid,Colegio de Registradores de España,504020100060,15,97.7,True,True,56.03,medium,3291.57,registered_transactions_2025,official_price_and_kaggle_features,-110.16999999999962,-3.238636697689995,0.9676136330231,DEST_003,UC3M Campus de Leganés,WALK,A pie,2026-07-29,2026-07-29T09:00:00+02:00,success,[],,2026-07-29T18:00:00+02:00,success,[],,2026-07-29T07:48:32+02:00,2026-07-29T09:00:00+02:00,WALK,,,,71.46666666666667,5465.57,71.46666666666667,0.0,5465.57,0.0,2026-07-29T18:00:00+02:00,2026-07-29T19:11:28+02:00,WALK,,,,71.46666666666667,5465.57,71.46666666666667,0.0,5465.57,0.0,complete_route,True,0,142.93333333333334,10931.14,142.93333333333334,0.0,10931.14,0.0,,True,usable,True,0,0.11328337936082854,0.0,0.11328337936082854,2,263325.60000000003
