duplicate_group_id,duplicate_group_size,titulo,price_eur,area_m2,rooms_clean,bathrooms_clean,property_type,neighborhood_name_final,descripcion,Enlace
1,2,"Piso en calle de Albox, Puerta Bonita, Madrid",360000,100,3.0,,flat,Puerta Bonita,"EN RENTABILIDAD.Este hermoso piso se encuentra en una de las zonas más exclusivas de Carabanchel, en plena avenida de Los Poblados, ofreciendo una ubicación privilegiada y un entorno residencial de gran calidad. La propiedad, que destaca por su amplitud y excelente distribución, cuenta con tres habitaciones luminosas",https://www.idealista.com/inmueble/106452160/
1,2,"Piso en calle de Albox, Puerta Bonita, Madrid",360000,100,3.0,,flat,Puerta Bonita,"EN RENTABILIDAD.Este hermoso piso se encuentra en una de las zonas más exclusivas de Carabanchel, en plena avenida de Los Poblados, ofreciendo una ubicación privilegiada y un entorno residencial de gran calidad. La propiedad, que destaca por su amplitud y excelente distribución, cuenta con tres habitaciones luminosas",https://www.idealista.com/inmueble/106472873/
2,2,"Piso en Valdeacederas, Madrid",290000,70,3.0,,flat,Valdeacederas,"Si quieres vivir en un barrio tranquilo, alejado del ruido y el bullicio, en el que poder disfrutar de la tranquilidad de tu hogar, deja de buscar, te presentamos tu nueva casa. Ubicada en una primera planta sin ascensor, y con un diseño muy práctico y funcional, cuenta con:- Confortable salón-comedor en concepto abi",https://www.idealista.com/inmueble/107068752/
2,2,"Piso en Valdeacederas, Madrid",290000,70,3.0,,flat,Valdeacederas,"Si quieres vivir en un barrio tranquilo, alejado del ruido y el bullicio, en el que poder disfrutar de la tranquilidad de tu hogar, deja de buscar, te presentamos tu nueva casa. Ubicada en una primera planta sin ascensor, y con un diseño muy práctico y funcional, cuenta con:- Confortable salón-comedor en concepto abi",https://www.idealista.com/inmueble/107161946/
3,2,"Chalet pareado en Castilla, Madrid",1100000,111,4.0,,house_or_chalet,Castilla,"^**^¡HAZ REALIDAD LA CASA DE TUS SUEÑOS EN PLENO CORAZÓN DE CHAMARTÍN!^**^Te presentamos esta maravillosa oportunidad en pleno corazón de Chamartín, una de las zonas más cotizadas y en plena transformación de Madrid. Esta vivienda se encuentra en una zona tranquila y bien conectada, a escasos minutos de los principale",https://www.idealista.com/inmueble/106719620/
3,2,"Chalet pareado en Castilla, Madrid",1100000,111,4.0,,house_or_chalet,Castilla,"^**^¡HAZ REALIDAD LA CASA DE TUS SUEÑOS EN PLENO CORAZÓN DE CHAMARTÍN!^**^Te presentamos esta maravillosa oportunidad en pleno corazón de Chamartín, una de las zonas más cotizadas y en plena transformación de Madrid. Esta vivienda se encuentra en una zona tranquila y bien conectada, a escasos minutos de los principale",https://www.idealista.com/inmueble/106721186/
4,2,"Piso en Lavapiés-Embajadores, Madrid",210000,49,1.0,,flat,Embajadores,"^**^FANTÁSTICO PISO PARA ENTRAR A VIVIR O COMO INVERSIÓN EN PLENO CORAZÓN DE LA CAPITAL DEL REINO^**^Este acogedor y luminoso piso de aproximadamente 50 m² se encuentra a pocos pasos del metro de Lavapiés, en una ubicación inmejorable. Ideal tanto como inversión rentable o como hogar para entrar a vivir de inmediato.",https://www.idealista.com/inmueble/106189431/
4,2,"Piso en Lavapiés-Embajadores, Madrid",210000,49,1.0,,flat,Embajadores,"^**^FANTÁSTICO PISO PARA ENTRAR A VIVIR O COMO INVERSIÓN EN PLENO CORAZÓN DE LA CAPITAL DEL REINO^**^Este acogedor y luminoso piso de aproximadamente 50 m² se encuentra a pocos pasos del metro de Lavapiés, en una ubicación inmejorable. Ideal tanto como inversión rentable o como hogar para entrar a vivir de inmediato.",https://www.idealista.com/inmueble/106208580/
5,3,"Piso en Valdebebas - Valdefuentes, Madrid",198800,21,1.0,,flat,Valdefuentes,"Engel & Völkers presenta una oportunidad de inversión única en el sector inmobliario:El Hotel101-Madrid, situado en Valdebebas, ha puesto a la venta en rentabilidad, la totalidad de sus 680 estudios, actualmente en construcción. Este atractivo proyecto, disfrutara de un emplazamiento único, junto al futuro trazado d",https://www.idealista.com/inmueble/105971003/
5,3,"Piso en Valdebebas - Valdefuentes, Madrid",198800,21,1.0,,flat,Valdefuentes,"Engel & Völkers presenta una oportunidad de inversión única en el sector inmobliario:El Hotel101-Madrid, situado en Valdebebas, ha puesto a la venta en rentabilidad, la totalidad de sus 680 estudios, actualmente en construcción. Este atractivo proyecto, disfrutara de un emplazamiento único, junto al futuro trazado d",https://www.idealista.com/inmueble/105971019/
5,3,"Piso en Valdebebas - Valdefuentes, Madrid",198800,21,1.0,,flat,Valdefuentes,"Engel & Völkers presenta una oportunidad de inversión única en el sector inmobliario:El Hotel101-Madrid, situado en Valdebebas, ha puesto a la venta en rentabilidad, la totalidad de sus 680 estudios, actualmente en construcción. Este atractivo proyecto, disfrutara de un emplazamiento único, junto al futuro trazado d",https://www.idealista.com/inmueble/105971027/
6,2,"Piso en calle de Sierra Elvira, 32, Numancia, Madrid",50000,22,1.0,1.0,flat,Numancia,"Piso de segunda mano a la venta situado en la ciudad de Madrid. Cuenta con una superficie de 22 m² que se distribuye en cocina, 1 dormitorio y 1 baño. Se encuentra en la zona de Numancia y próximo de centros educativos, centro de salud y de varios parques como el Parque de Sierra Elvira, Área de entrenamiento físico y",https://www.idealista.com/inmueble/107287342/
6,2,"Piso en calle de Sierra Elvira, 32, Numancia, Madrid",50000,22,1.0,1.0,flat,Numancia,"Piso de segunda mano a la venta situado en la ciudad de Madrid. Cuenta con una superficie de 22 m² que se distribuye en cocina, 1 dormitorio y 1 baño. Se encuentra en la zona de Numancia y próximo de centros educativos, centro de salud y de varios parques como el Parque de Sierra Elvira, Área de entrenamiento físico y",https://www.idealista.com/inmueble/81408177/
7,2,"Piso en Goya, Madrid",700000,111,3.0,2.0,flat,Goya,"+PISO Presenta en exclusiva gran piso exterior para reformarPiso exterior con muy buenas posibilidades de reforma, apto para obtener 3 dormitorios y 2 baños.Actualmente tiene dos amplias estancias exteriores ( salón y comedor), tres dormitorios a patios de luces tranquilos, cocina independiente y 2 baños.Cuenta c",https://www.idealista.com/inmueble/107119566/
7,2,"Piso en Goya, Madrid",700000,111,3.0,2.0,flat,Goya,"+PISO Presenta en exclusiva gran piso exterior para reformarPiso exterior con muy buenas posibilidades de reforma, apto para obtener 3 dormitorios y 2 baños.Actualmente tiene dos amplias estancias exteriores ( salón y comedor), tres dormitorios a patios de luces tranquilos, cocina independiente y 2 baños.Cuenta c",https://www.idealista.com/inmueble/107121994/
8,3,"Piso en calle Los Cerros, s/n, Los Cerros, Madrid",228791,106,3.0,,flat,El Cañaveral,"SOLAMENTE DISPONIBLES VIVIENDAS PARA PERSONAS CON MOVILIDAD REDUCIDA.¡NUEVA OPORTUNIDAD DE VIVIENDA PROTEGIDA EN MADRID! La Cooperativa tiene suscrito un contrato privado de compraventa de la parcela VPPB/A-OC-2D del proyecto de reparcelación de Los Cerros, donde se desarrollará el proyecto.Viviendas con un precio",https://www.idealista.com/inmueble/105360069/
8,3,"Piso en calle Los Cerros, s/n, Los Cerros, Madrid",228791,106,3.0,,flat,El Cañaveral,"SOLAMENTE DISPONIBLES VIVIENDAS PARA PERSONAS CON MOVILIDAD REDUCIDA.¡NUEVA OPORTUNIDAD DE VIVIENDA PROTEGIDA EN MADRID! La Cooperativa tiene suscrito un contrato privado de compraventa de la parcela VPPB/A-OC-2D del proyecto de reparcelación de Los Cerros, donde se desarrollará el proyecto.Viviendas con un precio",https://www.idealista.com/inmueble/105360070/
8,3,"Piso en calle Los Cerros, s/n, Los Cerros, Madrid",228791,106,3.0,,flat,El Cañaveral,"SOLAMENTE DISPONIBLES VIVIENDAS PARA PERSONAS CON MOVILIDAD REDUCIDA.¡NUEVA OPORTUNIDAD DE VIVIENDA PROTEGIDA EN MADRID! La Cooperativa tiene suscrito un contrato privado de compraventa de la parcela VPPB/A-OC-2D del proyecto de reparcelación de Los Cerros, donde se desarrollará el proyecto.Viviendas con un precio",https://www.idealista.com/inmueble/105360072/
9,2,"Piso en plaza de Ribadeo, Pilar, Madrid",126800,53,1.0,,flat,Pilar,"Piso de segunda mano en venta en Madrid.Se trata de un piso de 54 m² distribuidos en varias estancias.La vivienda se sitúa en el barrio de El Pilar, teniendo buenos accesos por carretera. También ofrece conexión por transporte público al estar cerca de varias paradas de autobús, de metro y de la estación de tren.En la",https://www.idealista.com/inmueble/105050910/
9,2,"Piso en plaza de Ribadeo, Pilar, Madrid",126800,53,1.0,,flat,Pilar,"Piso de segunda mano en venta en Madrid.Se trata de un piso de 54 m² distribuidos en varias estancias.La vivienda se sitúa en el barrio de El Pilar, teniendo buenos accesos por carretera. También ofrece conexión por transporte público al estar cerca de varias paradas de autobús, de metro y de la estación de tren.En la",https://www.idealista.com/inmueble/105375762/
10,2,"Piso en calle de Ramón Serrano, Vista Alegre, Madrid",170000,69,2.0,,flat,Vista Alegre,"TU PISO INMOBILIARIA vende estupendo inmueble en el corazón de Carabanchel (vista alegre), a escasos metros de la calle principal General Ricardos, cerca del Hospital Gómez Ulla.La vivienda de 69 m2, consta de dos dormitorios, cocina completa, salón exterior con terraza y baño completo.El inmueble reformado cuenta co",https://www.idealista.com/inmueble/107060399/
10,2,"Piso en calle de Ramón Serrano, Vista Alegre, Madrid",170000,69,2.0,,flat,Vista Alegre,"TU PISO INMOBILIARIA vende estupendo inmueble en el corazón de Carabanchel (vista alegre), a escasos metros de la calle principal General Ricardos, cerca del Hospital Gomez Ulla.La vivienda de 69 m2, consta de dos dormitorios, cocina completa, salón exterior con terraza y baño completo.El inmueble reformado cuenta co",https://www.idealista.com/inmueble/107060445/
11,2,"Piso en calle de Belzunegui, 12, Puerta Bonita, Madrid",74400,59,3.0,1.0,flat,Puerta Bonita,"Oportunidad sólo para inversores. Debido al estado ocupacional del activo, no se pueden realizar visitas al mismo. Piso de segunda mano en venta situado en Madrid. Cuenta con una superficie de 60m² distribuidos en 3 dormitorios y 1 baño. Se localiza en un edificio residencial y en sus inmediaciones dispone de todo tipo",https://www.idealista.com/inmueble/105617668/
11,2,"Piso en calle de Belzunegui, 12, Puerta Bonita, Madrid",74400,59,3.0,1.0,flat,Puerta Bonita,"Oportunidad sólo para inversores. Debido al estado ocupacional del activo, no se pueden realizar visitas al mismo. Piso de segunda mano en venta situado en Madrid. Cuenta con una superficie de 60m² distribuidos en 3 dormitorios y 1 baño. Se localiza en un edificio residencial y en sus inmediaciones dispone de todo tipo",https://www.idealista.com/inmueble/106656014/
12,3,"Piso en calle Orgaz, Comillas, Madrid",460000,97,3.0,,flat,Comillas,"Excelente piso de 97 m2 exterior para entrar a vivir situado en la entreplanta de una de las mejores fincas de la zona con ascensor y conserjería, junto a Madrid Río.Está distribuido en Hall de entrada con espacioso armario para almacenaje, 3 dormitorios con armarios empotrados, amplio salón/comedor, cocina independi",https://www.idealista.com/inmueble/107169626/
12,3,"Piso en calle Orgaz, Comillas, Madrid",460000,97,3.0,,flat,Comillas,"Excelente piso de 97 m2 exterior para entrar a vivir situado en la entreplanta de una de las mejores fincas de la zona con ascensor y conserjería, junto a Madrid Río.Está distribuido en Hall de entrada con espacioso armario para almacenaje, 3 dormitorios con armarios empotrados, amplio salón/comedor, cocina independi",https://www.idealista.com/inmueble/107175886/
12,3,"Piso en calle Orgaz, Comillas, Madrid",460000,97,3.0,,flat,Comillas,"Excelente piso de 97 m2 exterior para entrar a vivir situado en la entreplanta de una de las mejores fincas de la zona con ascensor y conserjería, junto a Madrid Río.Está distribuido en Hall de entrada con espacioso armario para almacenaje, 3 dormitorios con armarios empotrados, amplio salón/comedor, cocina independi",https://www.idealista.com/inmueble/107176653/
13,2,"Piso en calle de Gonzalo de Córdoba, Trafalgar, Madrid",525000,70,2.0,,flat,Trafalgar,"ESPECTACULAR OPORTUNIDAD entre las emblemáticas plazas de Quevedo y Olavide.Este inmueble destaca por contar con licencia turística, lo que lo convierte en una opción ideal tanto para vivir como para rentabilizar a través de alquiler convencional, temporal o vacacional.Está completamente reformado, se encuentra en",https://www.idealista.com/inmueble/105990118/
13,2,"Piso en calle de Gonzalo de Córdoba, Trafalgar, Madrid",525000,70,2.0,,flat,Trafalgar,"ESPECTACULAR OPORTUNIDAD entre las emblemáticas plazas de Quevedo y Olavide.Este inmueble destaca por contar con licencia turística, lo que lo convierte en una opción ideal tanto para vivir como para rentabilizar a través de alquiler convencional, temporal o vacacional.Está completamente reformado, se encuentra en",https://www.idealista.com/inmueble/106037478/
14,2,"Piso en Ciudad Jardín, Madrid",569000,80,3.0,2.0,flat,Ciudad Jardín,"Acogedor piso en venta en una ubicación privilegiada de Madrid. Esta vivienda de 80 m² construidos se encuentra completamente reformada y amueblada a estrenar, lista para entrar a vivir, que es un verdadero lujo en esta zona. Con una distribución en 3 dormitorios ( uno en suite) y 2 baños completos, con armarios empotr",https://www.idealista.com/inmueble/106821046/
14,2,"Piso en Ciudad Jardín, Madrid",569000,80,3.0,2.0,flat,Ciudad Jardín,"Acogedor piso en venta en una ubicación privilegiada de Madrid. Esta vivienda de 80 m² construidos se encuentra completamente reformada y amueblada a estrenar, lista para entrar a vivir, que es un verdadero lujo en esta zona. Con una distribución en 3 dormitorios ( uno en suite) y 2 baños completos, con armarios empotr",https://www.idealista.com/inmueble/106905324/
15,2,"Piso en calle de Núñez de Balboa, Castellana, Madrid",1690000,124,3.0,,flat,Castellana,"Situado en el prestigioso barrio de Castellana en Madrid, este espectacular apartamento exterior recién renovado ofrece un diseño moderno y elegante.Ubicado en la segunda planta de un edificio en esquina, esta propiedad es ideal para aquellos que buscan confort y estilo en una de las zonas más codiciadas de la ciudad",https://www.idealista.com/inmueble/106151680/
15,2,"Piso en calle de Núñez de Balboa, Castellana, Madrid",1690000,124,3.0,,flat,Castellana,"Situado en el prestigioso barrio de Castellana en Madrid, este espectacular apartamento exterior recién renovado ofrece un diseño moderno y elegante.Ubicado en la segunda planta de un edificio en esquina, esta propiedad es ideal para aquellos que buscan confort y estilo en una de las zonas más codiciadas de la ciudad",https://www.idealista.com/inmueble/107221563/
16,2,"Piso en calle de Cea Bermúdez, Vallehermoso, Madrid",1500000,283,6.0,,flat,Vallehermoso,"OPORTUNIDAD EN CHAMBERÍ¿Te interesa? PRESENTANOS TU OFERTA.Este espacioso piso de 283 metros cuadrados, con TECHOS ALTOS, DOS TERRAZAS, un trastero de +13m2 y PLAZA DE GARAJE para coche grande incluida, te ofrece la oportunidad de crear el hogar de tus sueños en una finca señorial con carácter.Este piso para refo",https://www.idealista.com/inmueble/106681852/
16,2,"Piso en calle de Cea Bermúdez, Vallehermoso, Madrid",1500000,283,6.0,,flat,Vallehermoso,"OPORTUNIDAD EN CHAMBERÍ¿Te interesa? PRESENTANOS TU OFERTA.Este espacioso piso de 283 metros cuadrados, con TECHOS ALTOS, DOS TERRAZAS, un trastero de +13m2 y PLAZA DE GARAJE para coche grande incluida, te ofrece la oportunidad de crear el hogar de tus sueños en una finca señorial con carácter.Este piso para refo",https://www.idealista.com/inmueble/106785264/
17,2,"Piso en calle de Ángel Múgica, Tres Olivos - Valverde, Madrid",250000,54,2.0,,flat,Valverde,"Espectacular propiedad para inversión dividida en dos apartamentos independientes y completamente equipados.Ambos estudios suman 54 metros cuadrados y están recientemente reformados, ideales para obtener rentabilidad.Actualmente se encuentran alquilados.Cada estudio cuenta con cocina y baño independientes, lavadora,",https://www.idealista.com/inmueble/107251136/
17,2,"Piso en calle de Ángel Múgica, Tres Olivos - Valverde, Madrid",250000,54,2.0,,flat,Valverde,"Espectacular propiedad para inversión dividida en dos apartamentos independientes y completamente equipados.Ambos estudios suman 54 metros cuadrados y están recientemente reformados, ideales para obtener rentabilidad.Actualmente se encuentran alquilados.Cada estudio cuenta con cocina y baño independientes, lavadora,",https://www.idealista.com/inmueble/107251161/
18,2,"Piso en calle del Bario, Butarque, Madrid",221200,85,3.0,2.0,flat,Butarque,"Oportunidad sólo para inversores. El activo se encuentra ocupado por persona sin justo título. Debido al estado ocupacional del activo, no se pueden realizar visitas al mismo. Piso de segunda mano en venta situado en Madrid. Cuenta con una superficie de 85 m² distribuidos en 3 dormitorios, cocina, salón y 2 baños. Pose",https://www.idealista.com/inmueble/102874884/
18,2,"Piso en calle del Bario, Butarque, Madrid",221200,85,3.0,2.0,flat,Butarque,"Oportunidad sólo para inversores. El activo se encuentra ocupado por persona sin justo título. Debido al estado ocupacional del activo, no se pueden realizar visitas al mismo. Piso de segunda mano en venta situado en Madrid. Cuenta con una superficie de 85 m² distribuidos en 3 dormitorios, cocina, salón y 2 baños. Pose",https://www.idealista.com/inmueble/104890767/
19,2,"Piso en Valdecarros, Madrid",201917,88,2.0,,flat,Casco Histórico de Vallecas,"VIV. 3D-VPPL¡PRÓXIMOS PROYECTOS DE VIVIENDA PROTEGIDA EN VALDECARROS!NUEVO ÁMBITO DEL SURESTE MADRIDPróximos proyectos de vivienda protegida en Valdecarros (VPPB y VPPL), viviendas en régimen de cooperativa de 2,3 y 4 dormitorios a un precio muy asequible.Ubicación y accesibilidadDestacamos la excelente ubica",https://www.idealista.com/inmueble/106714187/
19,2,"Piso en Valdecarros, Madrid",201917,88,2.0,,flat,Casco Histórico de Vallecas,"VIV. 3D-VPPL¡PRÓXIMOS PROYECTOS DE VIVIENDA PROTEGIDA EN VALDECARROS!NUEVO ÁMBITO DEL SURESTE MADRIDPróximos proyectos de vivienda protegida en Valdecarros (VPPB y VPPL), viviendas en régimen de cooperativa de 2,3 y 4 dormitorios a un precio muy asequible.Ubicación y accesibilidadDestacamos la excelente ubica",https://www.idealista.com/inmueble/106714188/
20,2,"Piso en calle de los Pirineos, Ciudad Universitaria, Madrid",1250000,310,4.0,,flat,Ciudad Universitaria,"Solfai presenta una joya inmobiliaria en Ciudad Universitaria, una de las zonas de más demandadas de Madrid.Esta impresionante propiedad de 310m², junto al emblemático Parque de La Dehesa de la Villa, combina espacio, versatilidad y una ubicación privilegiada. Es ideal tanto para familias como para profesionales qu",https://www.idealista.com/inmueble/104515791/
20,2,"Piso en calle de los Pirineos, Ciudad Universitaria, Madrid",1250000,310,4.0,,flat,Ciudad Universitaria,"Solfai presenta una joya inmobiliaria en Ciudad Universitaria, una de las zonas de más demandadas de Madrid.Esta impresionante propiedad de 310m², junto al emblemático Parque de La Dehesa de la Villa, combina espacio, versatilidad y una ubicación privilegiada. Es ideal tanto para familias como para profesionales qu",https://www.idealista.com/inmueble/107261489/
21,2,"Piso en calle Litos, Los Ángeles, Madrid",69600,54,3.0,,flat,Ángeles,"Oportunidad sólo para inversores. El activo se encuentra ocupado por persona sin justotítulo. Debido al estado ocupacional del activo, no se pueden realizar visitas al mismo.Piso de 55 m² en venta de 3 dormitorios, ubicado en Madrid. Bien comunicada, esta vivienda se localiza a 5 minutos de la estación de tren Puente A",https://www.idealista.com/inmueble/106657361/
21,2,"Piso en calle Litos, Los Ángeles, Madrid",69600,54,3.0,,flat,Ángeles,"Oportunidad sólo para inversores. El activo se encuentra ocupado por persona sin justotítulo. Debido al estado ocupacional del activo, no se pueden realizar visitas al mismo.Piso de 55 m² en venta de 3 dormitorios, ubicado en Madrid. Bien comunicada, esta vivienda se localiza a 5 minutos de la estación de tren Puente A",https://www.idealista.com/inmueble/107287423/
22,2,"Piso en calle Alfredo Aleix, 26, Buena Vista, Madrid",349900,96,3.0,,flat,Buenavista,"70% de viviendas comercializadasYA REALIZADA LA DEMOLICIÓN DE LAS EDIFICACIONES EXISTENTES EN EL SOLAR DONDE IRÁ LA PROMOCIÓN.Residencial Las Higueras es una promoción de viviendas libres de obra nueva en régimen de cooperativa con garaje, espacios trastero-de almacenamiento de bicicletas, solárium y piscina.Sit",https://www.idealista.com/inmueble/106199376/
22,2,"Piso en calle Alfredo Aleix, 26, Buena Vista, Madrid",349900,96,3.0,,flat,Buenavista,"70% de viviendas comercializadasYA REALIZADA LA DEMOLICIÓN DE LAS EDIFICACIONES EXISTENTES EN EL SOLAR DONDE IRÁ LA PROMOCIÓN.Residencial Las Higueras es una promoción de viviendas libres de obra nueva en régimen de cooperativa con garaje, espacios trastero-de almacenamiento de bicicletas, solárium y piscina.Sit",https://www.idealista.com/inmueble/106850823/
23,2,"Piso en calle Tuya, 12 de Octubre-Orcasur, Madrid",270000,115,3.0,2.0,flat,Orcasur,"LINKCASA PASEO EXTREMADURA VENDE un piso de 115 m² ideal para INVERSIÓN en la calle Tuya, muy cerca de la Avenida Andalucía. La vivienda consta de 3 dormitorios (uno de ellos doble), un gran salón-comedor, una amplia cocina, 2 baños completos (uno con bañera y otro con con plato de ducha) y tendedero, es exterior, lumi",https://www.idealista.com/inmueble/106663494/
23,2,"Piso en calle Tuya, 12 de Octubre-Orcasur, Madrid",270000,115,3.0,2.0,flat,Orcasur,"LINKCASA PASEO EXTREMADURA VENDE un piso de 115 m² ideal para INVERSIÓN en la calle Tuya, muy cerca de la Avenida Andalucía. La vivienda consta de 3 dormitorios (uno de ellos doble), un gran salón-comedor, una amplia cocina, 2 baños completos (uno con bañera y otro con con plato de ducha) y tendedero, es exterior, lumi",https://www.idealista.com/inmueble/106663516/
24,2,"Piso en calle del Puerto de Lumbreras, Casco Histórico de Vallecas, Madrid",120400,70,1.0,,flat,Casco Histórico de Vallecas,"Oportunidad sólo para inversores. Debido al estado ocupacional del activo, no se pueden realizar visitas al mismo.Piso de segunda mano en venta en Madrid.Se trata de un piso de 70m² distribuidos en varias estancias.La vivienda se sitúa en el distrito de Vallecas, teniendo buenos accesos por carretera. También ofrece co",https://www.idealista.com/inmueble/105966387/
24,2,"Piso en calle del Puerto de Lumbreras, Casco Histórico de Vallecas, Madrid",120400,70,1.0,,flat,Casco Histórico de Vallecas,"Oportunidad sólo para inversores. Debido al estado ocupacional del activo, no se pueden realizar visitas al mismo.Piso de segunda mano en venta en Madrid.Se trata de un piso de 70m² distribuidos en varias estancias.La vivienda se sitúa en el distrito de Vallecas, teniendo buenos accesos por carretera. También ofrece co",https://www.idealista.com/inmueble/106657353/
25,2,"Piso en calle del Barco, Malasaña-Universidad, Madrid",650000,119,2.0,2.0,flat,Universidad,"Vivienda exterior de 105 m2 distribuidos en amplias estancias, techos altos, grandes ventanales que hacen estancias muy luminosas y agradables.Cuenta con un salón grande, con chimenea y dos balcones a la calle, 2 dormitorios amplios, 2 cuartos de baño y una cocina.Los dormitorios son amplios y luminosos. Uno de lo",https://www.idealista.com/inmueble/106688637/
25,2,"Piso en calle del Barco, Malasaña-Universidad, Madrid",650000,119,2.0,2.0,flat,Universidad,"Vivienda exterior de 105 m2 distribuidos en amplias estancias, techos altos, grandes ventanales que hacen estancias muy luminosas y agradables.Cuenta con un salón grande, con chimenea y dos balcones a la calle, 2 dormitorios amplios, 2 cuartos de baño y una cocina.Los dormitorios son amplios y luminosos. Uno de lo",https://www.idealista.com/inmueble/107061378/
26,2,"Piso en calle de Oteiza, San Fermín, Madrid",225000,65,2.0,,flat,San Fermín,"En la mejor ubicación del barrio de San Fermín, a tan solo 150 metros de la emblemática *Caja Mágica, se encuentra este magnífico piso de **dos habitaciones. Situado en una **primera planta*, es ideal para quienes buscan vivir en una zona tranquila, rodeada de árboles y con un entorno residencial lleno de serenidad.",https://www.idealista.com/inmueble/106611171/
26,2,"Piso en calle de Oteiza, San Fermín, Madrid",225000,65,2.0,,flat,San Fermín,"En la mejor ubicación del barrio de San Fermín, a tan solo 150 metros de la emblemática *Caja Mágica, se encuentra este magnífico piso de **dos habitaciones. Situado en una **primera planta*, es ideal para quienes buscan vivir en una zona tranquila, rodeada de árboles y con un entorno residencial lleno de serenidad.",https://www.idealista.com/inmueble/106637344/
27,2,"Piso en calle de Embajadores, Delicias, Madrid",390000,74,2.0,,flat,Delicias,MODUS HOME PONE A TU DISPOSICIÓN UN 2º PISO EXTERIOR CON ASCENSOR EN LA ZONA DE EMBAJADORES.Se trata de una 2ª planta de 74 metros construidos y 63 metros útiles.Distribución:- Hall- Salón con terraza.- 2 Dormitorios.- Baño.- Cocina.Todas las estancias independientes menos el segundo dormitorio al cual s,https://www.idealista.com/inmueble/106426725/
27,2,"Piso en calle de Embajadores, Delicias, Madrid",390000,74,2.0,,flat,Delicias,MODUS HOME PONE A TU DISPOSICIÓN UN 2º PISO EXTERIOR CON ASCENSOR EN LA ZONA DE EMBAJADORES.Se trata de una 2ª planta de 74 metros construidos y 63 metros útiles.Distribución:- Hall- Salón con terraza.- 2 Dormitorios.- Baño.- Cocina.Todas las estancias independientes menos el segundo dormitorio al cual s,https://www.idealista.com/inmueble/106726923/
28,2,"Ático en calle del Jazmín, Costillares, Madrid",595000,100,2.0,,penthouse,Costillares,"En una de las zonas más exclusivas y tranquilas de Arturo Soria, se encuentra este elegante ático exterior de 97 metros cuadrados, ubicado en la planta 11 de un moderno edificio con ascensor. Su privilegiada altura ofrece unas vistas despejadas y una luminosidad excepcional, especialmente desde su amplia terraza orient",https://www.idealista.com/inmueble/107247682/
28,2,"Ático en calle del Jazmín, Costillares, Madrid",595000,100,2.0,,penthouse,Costillares,"En una de las zonas más exclusivas y tranquilas de Arturo Soria, se encuentra este elegante ático exterior de 97 metros cuadrados, ubicado en la planta 11 de un moderno edificio con ascensor. Su privilegiada altura ofrece unas vistas despejadas y una luminosidad excepcional, especialmente desde su amplia terraza orient",https://www.idealista.com/inmueble/107267665/
29,2,"Piso en avenida del Cardenal Herrera Oria, Tres Olivos - Valverde, Madrid",230000,83,3.0,1.0,flat,Valverde,"Piso de 85 m², de 3 dormitorios y 1 baños, en venta en Madrid. Se trata de un piso de 85m² distribuidos en salón-comedor, cocina, 3 dormitorios y 1 baños. La vivienda se sitúa en el barrio de Fuencarral, teniendo buenos accesos por carretera. También ofrece conexión por transporte público al estar cerca de varias parad",https://www.idealista.com/inmueble/106808727/
29,2,"Piso en avenida del Cardenal Herrera Oria, Tres Olivos - Valverde, Madrid",230000,83,3.0,1.0,flat,Valverde,"Piso de 85 m², de 3 dormitorios y 1 baños, en venta en Madrid. Se trata de un piso de 85m² distribuidos en salón-comedor, cocina, 3 dormitorios y 1 baños. La vivienda se sitúa en el barrio de Fuencarral, teniendo buenos accesos por carretera. También ofrece conexión por transporte público al estar cerca de varias parad",https://www.idealista.com/inmueble/107292447/
30,2,"Piso en calle de Moreja, 12 de Octubre-Orcasur, Madrid",300000,97,3.0,2.0,flat,Orcasur,"LINKCASA PASEO EXTREMADURA VENDE un piso en la calle Moreja, muy cerca de la Avenida Andalucía. La vivienda consta de 3 dormitorios (uno de ellos doble), un amplio salón-comedor, cocina equipada y 2 baños completos (uno con bañera y otro con plato de ducha), es totalmente exterior y por lo tanto muy luminosa, se trata",https://www.idealista.com/inmueble/107275469/
30,2,"Piso en calle de Moreja, 12 de Octubre-Orcasur, Madrid",300000,97,3.0,2.0,flat,Orcasur,"LINKCASA PASEO EXTREMADURA VENDE un piso en la calle Moreja, muy cerca de la Avenida Andalucía. La vivienda consta de 3 dormitorios (uno de ellos doble), un amplio salón-comedor, cocina equipada y 2 baños completos (uno con bañera y otro con plato de ducha), es totalmente exterior y por lo tanto muy luminosa, se trata",https://www.idealista.com/inmueble/107275487/
31,2,"Piso en avenida de Pablo Iglesias, Vallehermoso, Madrid",365000,80,2.0,,flat,Vallehermoso,"Haro Gestión Inmobiliaria comercializa en exclusiva esta magnífica propiedad, ubicada en la codiciada zona de Vallehermoso, en la Avenida de Pablo Iglesias.La propiedad es un luminoso bajo interior, con una superficie de 80 m², que cuenta con ventanas que se abren a dos amplios patios de manzana, asegurando una excel",https://www.idealista.com/inmueble/106974163/
31,2,"Piso en avenida de Pablo Iglesias, Vallehermoso, Madrid",365000,80,2.0,,flat,Vallehermoso,"Haro Gestión Inmobiliaria comercializa en exclusiva esta magnífica propiedad, ubicada en la codiciada zona de Vallehermoso, en la Avenida de Pablo Iglesias.La propiedad es un luminoso bajo interior, con una superficie de 80 m², que cuenta con ventanas que se abren a dos amplios patios de manzana, asegurando una excel",https://www.idealista.com/inmueble/107288414/
32,2,"Estudio en Fuerzas Armadas, 400, Valdebebas - Valdefuentes, Madrid",198800,21,,,studio,Valdefuentes,"Invierta en Obra Nueva en Madrid, uno de los destinos europeos más populares, con excelente clima y oferta de servicios.Modalidad Condo HotelEl Hotel101-Madrid está situado en Valdebebas, un nuevo desarrollo urbanístico en la ciudad de Madrid que se encuentra junto al aeropuerto de Madrid-Barajas. Valdebebas es el",https://www.idealista.com/inmueble/105352334/
32,2,"Estudio en Fuerzas Armadas, 400, Valdebebas - Valdefuentes, Madrid",198800,21,,,studio,Valdefuentes,"Invierta en Obra Nueva en Madrid, uno de los destinos europeos más populares, con excelente clima y oferta de servicios.Modalidad Condo HotelEl Hotel101-Madrid está situado en Valdebebas, un nuevo desarrollo urbanístico en la ciudad de Madrid que se encuentra junto al aeropuerto de Madrid-Barajas. Valdebebas es el",https://www.idealista.com/inmueble/105352430/
33,2,"Piso en calle Torcal, San Fermín, Madrid",235000,90,3.0,,flat,San Fermín,"LINKCASA PASEO EXTREMADURA VENDE un piso en la calle Torcal, a escasos metros de la Avenida de Andalucía. La vivienda consta de 3 dormitorios (antes 4), un amplio salón-comedor, cocina equipada, baño completo con bañera y terraza acristalada, es totalmente exterior, muy luminosa y con vistas despejadas, se trata de una",https://www.idealista.com/inmueble/107139483/
33,2,"Piso en calle Torcal, San Fermín, Madrid",235000,90,3.0,,flat,San Fermín,"LINKCASA PASEO EXTREMADURA VENDE un piso en la calle Torcal, a escasos metros de la Avenida de Andalucía. La vivienda consta de 3 dormitorios (antes 4), un amplio salón-comedor, cocina equipada, baño completo con bañera y terraza acristalada, es totalmente exterior, muy luminosa y con vistas despejadas, se trata de una",https://www.idealista.com/inmueble/107139493/
34,2,"Ático en calle de Víctor de la Serna, Bernabéu-Hispanoamérica, Madrid",365000,56,1.0,,penthouse,Hispanoamérica,"Apartamento completamente reformado en calle Victor de la Serna - Bernabeu, última planta con terraza privada de 7 metros, sólo delimitada por los laterales y con dos amplios ventanales con vistas a una inmensa zona ajardinada.Finca de 1965 reformada completamente en 2010, con altas calidades. Tiene sistema de alarma",https://www.idealista.com/inmueble/106876504/
34,2,"Ático en calle de Víctor de la Serna, Bernabéu-Hispanoamérica, Madrid",365000,56,1.0,,penthouse,Hispanoamérica,"Apartamento completamente reformado en calle Victor de la Serna - Bernabeu, última planta con terraza privada de 7 metros, sólo delimitada por los laterales y con dos amplios ventanales con vistas a una inmensa zona ajardinada.Finca de 1965 reformada completamente en 2010, con altas calidades. Tiene sistema de alarma",https://www.idealista.com/inmueble/106905404/
35,2,"Piso en calle de la Pueblanueva, 8, Ensanche de Vallecas - La Gavia, Madrid",275000,72,1.0,,flat,Ensanche de Vallecas,"¡Descubre tu nuevo hogar en el corazón del Ensanche de Vallecas! Este magnífico apartamento de un dormitorio ofrece una experiencia de vida inigualable. Con 72 m² construidos y 50 m² útiles, disfrutarás de un espacio luminoso gracias a su orientación exterior. La vivienda cuenta con aire acondicionado centralizado para",https://www.idealista.com/inmueble/106768643/
35,2,"Piso en calle de la Pueblanueva, 8, Ensanche de Vallecas - La Gavia, Madrid",275000,72,1.0,,flat,Ensanche de Vallecas,"¡Descubre tu nuevo hogar en el corazón del Ensanche de Vallecas! Este magnífico apartamento de un dormitorio ofrece una experiencia de vida inigualable. Con 72 m² construidos y 50 m² útiles, disfrutarás de un espacio luminoso gracias a su orientación exterior. La vivienda cuenta con aire acondicionado centralizado para",https://www.idealista.com/inmueble/107005804/
36,2,"Piso en Recoletos, Madrid",4500000,312,4.0,,flat,Recoletos,"Álvora Capital Properties, consultora inmobiliaria de alta calidad en la gestión de activos prime en Madrid, les presenta esta fantástica vivienda situada en un edificio moderno del barrio de Salamanca, ubicada en el corazón de la ""Milla de Oro"" muy próxima a la prestigiosa calle Serrano y la plaza de Colón.El edific",https://www.idealista.com/inmueble/106660194/
36,2,"Piso en Recoletos, Madrid",4500000,312,4.0,,flat,Recoletos,"Álvora Capital Properties, consultora inmobiliaria de alta calidad en la gestión de activos prime en Madrid, les presenta esta fantástica vivienda situada en un edificio moderno del barrio de Salamanca, ubicada en el corazón de la ""Milla de Oro"" muy próxima a la prestigiosa calle Serrano y la plaza de Colón.El edific",https://www.idealista.com/inmueble/107275439/
37,2,"Piso en calle de Cártama, Palomeras sureste, Madrid",81100,60,3.0,1.0,flat,Palomeras Sureste,"Vivienda piso situado en un edificio residencial en zona Vallecas - Palomeras en la ciudad de Madrid. Inmueble de 60 m2 con 3 habitaciones, 1 baño, salón y terraza situado en un edificio sin ascensor. - El inmueble se transmite arrendado a tercero y con un posible derecho de éste a la adquisición preferente del mismo.",https://www.idealista.com/inmueble/104365547/
37,2,"Piso en calle de Cártama, Palomeras sureste, Madrid",81100,60,3.0,1.0,flat,Palomeras Sureste,"Vivienda piso situado en un edificio residencial en zona Vallecas - Palomeras en la ciudad de Madrid. Inmueble de 60 m2 con 3 habitaciones, 1 baño, salón y terraza situado en un edificio sin ascensor. - El inmueble se transmite arrendado a tercero y con un posible derecho de éste a la adquisición preferente del mismo.",https://www.idealista.com/inmueble/104826206/
38,2,"Piso en calle de José del Hierro, Quintana, Madrid",380000,115,3.0,1.0,flat,Quintana,"En una de las zonas más exclusivas del barrio de la Concepción, en la calle José del Hierro, se encuentra este magnífico dúplex de 114 metros cuadrados, perfecto para aquellos que buscan comodidad y estilo. La propiedad cuenta con tres habitaciones amplias y luminosas, un baño moderno, calefacción central para mayor co",https://www.idealista.com/inmueble/106185564/
38,2,"Piso en calle de José del Hierro, Quintana, Madrid",380000,115,3.0,1.0,flat,Quintana,"En una de las zonas más exclusivas del barrio de la Concepción, en la calle José del Hierro, se encuentra este magnífico dúplex de 114 metros cuadrados, perfecto para aquellos que buscan comodidad y estilo. La propiedad cuenta con tres habitaciones amplias y luminosas, un baño moderno, calefacción central para mayor co",https://www.idealista.com/inmueble/106215933/
39,2,"Piso en calle Ana Teresa, 1, Aravaca, Madrid",2026500,227,4.0,,flat,Aravaca,"Inicio de obra en febrero de 2024 y fin de obra prevista en otoño de 2026.Próximo proyecto de Single Home, segunda fase, El Bosque de Aravaca II, ubicado en la calle Ana Teresa, número 1, Aravaca. Madrid.Promoción de 45 viviendas distribuidas en 8 bloques, de diferentes tipologías: apartamentos de 1 habitación con",https://www.idealista.com/inmueble/102976367/
39,2,"Piso en calle Ana Teresa, 1, Aravaca, Madrid",2026500,227,4.0,,flat,Aravaca,"Inicio de obra en febrero de 2024 y fin de obra prevista en otoño de 2026.Próximo proyecto de Single Home, segunda fase, El Bosque de Aravaca II, ubicado en la calle Ana Teresa, número 1, Aravaca. Madrid.Promoción de 45 viviendas distribuidas en 8 bloques, de diferentes tipologías: apartamentos de 1 habitación con",https://www.idealista.com/inmueble/107093066/
40,3,"Piso en calle del Gorrión, San Isidro, Madrid",820000,157,3.0,,flat,San Isidro,"LA CASA AGENCY OFRECE EN EXCLUSIVA EL ÁTICO DÚPLEX MÁS EXCLUSIVO EN EL PARQUE DE SAN ISIDRO, 3 TERRAZAS, LUZ Y VISTAS PANORÁMICASVivir en las alturas siempre es un privilegio, pero hacerlo en un ático dúplex con tres terrazas y vistas panorámicas a todo Madrid, en pleno Parque de San Isidro, es una oportunidad única.",https://www.idealista.com/inmueble/107250915/
40,3,"Piso en calle del Gorrión, San Isidro, Madrid",820000,157,3.0,,flat,San Isidro,"LA CASA AGENCY OFRECE EN EXCLUSIVA EL ÁTICO DÚPLEX MÁS EXCLUSIVO EN EL PARQUE DE SAN ISIDRO, 3 TERRAZAS, LUZ Y VISTAS PANORÁMICASVivir en las alturas siempre es un privilegio, pero hacerlo en un ático dúplex con tres terrazas y vistas panorámicas a todo Madrid, en pleno Parque de San Isidro, es una oportunidad única.",https://www.idealista.com/inmueble/107251215/
40,3,"Piso en calle del Gorrión, San Isidro, Madrid",820000,157,3.0,,flat,San Isidro,"LA CASA AGENCY OFRECE EN EXCLUSIVA EL ÁTICO DÚPLEX MÁS EXCLUSIVO EN EL PARQUE DE SAN ISIDRO, 3 TERRAZAS, LUZ Y VISTAS PANORÁMICASVivir en las alturas siempre es un privilegio, pero hacerlo en un ático dúplex con tres terrazas y vistas panorámicas a todo Madrid, en pleno Parque de San Isidro, es una oportunidad única.",https://www.idealista.com/inmueble/107256102/
41,2,"Piso en calle Juan Francisco, Puerta Bonita, Madrid",310000,90,3.0,,flat,Puerta Bonita,"Descubre tu nuevo hogar en este encantador piso en venta! Situado en 2ª planta de un edificio sin ascensor, este inmueble de 90 m² te ofrece una oportunidad única que no puedes dejar pasar. Con un estado de conservación aceptable, pero, lo mejor seria dejarlo a tu gusto, el piso cuenta con un suelo de parquet en perfec",https://www.idealista.com/inmueble/107127033/
41,2,"Piso en calle Juan Francisco, Puerta Bonita, Madrid",310000,90,3.0,,flat,Puerta Bonita,"Descubre tu nuevo hogar en este encantador piso en venta! Situado en 2ª planta de un edificio sin ascensor, este inmueble de 90 m² te ofrece una oportunidad única que no puedes dejar pasar. Con un estado de conservación aceptable, pero, lo mejor seria dejarlo a tu gusto, el piso cuenta con un suelo de parquet en perfec",https://www.idealista.com/inmueble/107129927/
42,2,"Piso en calle de Goya, Goya, Madrid",880000,105,2.0,,flat,Goya,"Altor Asesores les ofrece este amplio y magnifico piso en una de las mejores fincas de Goya esquina con General Pardiñas, en el corazón del barrio de Salamanca. A pasos de las tiendas y comercios más prestigiosos de la capital.Finca clásica de 1920.Consta de 84 metros cuadrados de vivienda y 18 metros cuadrados de",https://www.idealista.com/inmueble/107188813/
42,2,"Piso en calle de Goya, Goya, Madrid",880000,105,2.0,,flat,Goya,"Altor Asesores les ofrece este amplio y magnifico piso en una de las mejores fincas de Goya esquina con General Pardiñas, en el corazón del barrio de Salamanca. A pasos de las tiendas y comercios más prestigiosos de la capital.Finca clásica de 1920.Consta de 84 metros cuadrados de vivienda y 18 metros cuadrados de",https://www.idealista.com/inmueble/107267441/
43,3,"Piso en calle del General Lacy, Palos de la Frontera, Madrid",168900,36,1.0,,flat,Palos de la Frontera,"Inmueble en planta baja ideal para primera vivienda o inversión, dada su cercanía a la Estación de Atocha. Se sitúa en las conocidas corralas de General Lacy, en el corazón de Palos de Moguer. La finca data del año 1900, tiene la fachada de cemento pintado. Se compone de 3 plantas.El inmueble está para entrar a vivir",https://www.idealista.com/inmueble/106097463/
43,3,"Piso en calle del General Lacy, Palos de la Frontera, Madrid",168900,36,1.0,,flat,Palos de la Frontera,"Inmueble en planta baja ideal para primera vivienda o inversión, dada su cercanía a la Estación de Atocha. Se sitúa en las conocidas corralas de General Lacy, en el corazón de Palos de Moguer. La finca data del año 1900, tiene la fachada de cemento pintado. Se compone de 3 plantas.El inmueble está para entrar a vivir",https://www.idealista.com/inmueble/106097623/
43,3,"Piso en calle del General Lacy, Palos de la Frontera, Madrid",168900,36,1.0,,flat,Palos de la Frontera,"Inmueble en planta baja ideal para primera vivienda o inversión, dada su cercanía a la Estación de Atocha. Se sitúa en las conocidas corralas de General Lacy, en el corazón de Palos de Moguer. La finca data del año 1900, tiene la fachada de cemento pintado. Se compone de 3 plantas.El inmueble está para entrar a vivir",https://www.idealista.com/inmueble/106097687/
44,2,"Piso en calle de Coca, Lucero, Madrid",179260,52,2.0,,flat,Lucero,"LINKCASA PASEO EXTREMADURA VENDE un piso en la calle Coca, junto a la calle Sepúlveda. La vivienda consta de 2 dormitorios (1 de ellos doble), salón, cocina independiente y equipada y baño con plato de ducha. El inmueble es exterior, luminoso y con vistas despejadas, se trata de un bajo con altura de entreplanta, está",https://www.idealista.com/inmueble/107146102/
44,2,"Piso en calle de Coca, Lucero, Madrid",179260,52,2.0,,flat,Lucero,"LINKCASA PASEO EXTREMADURA VENDE un piso en la calle Coca, junto a la calle Sepúlveda. La vivienda consta de 2 dormitorios (1 de ellos doble), salón, cocina independiente y equipada y baño con plato de ducha. El inmueble es exterior, luminoso y con vistas despejadas, se trata de un bajo con altura de entreplanta, está",https://www.idealista.com/inmueble/107146142/
45,2,"Piso en Parcela Rm C-26, s/n, Ensanche de Vallecas - La Gavia, Madrid",303883,94,3.0,,flat,Ensanche de Vallecas,"Les presentamos “Ora Los Ahijones”, una promoción de 63 Viviendas Protegidas de Precio Limitado (VPPL) en Los Ahijones (Vicálvaro), uno de los desarrollos más importantes del Este de Madrid.La promoción contará con viviendas de 2 y 3 dormitorios diseñadas para aprovechar al máximo la luz natural. Todas las viviendas",https://www.idealista.com/inmueble/107294614/
45,2,"Piso en Parcela Rm C-26, s/n, Ensanche de Vallecas - La Gavia, Madrid",303883,94,3.0,,flat,Ensanche de Vallecas,"Les presentamos “Ora Los Ahijones”, una promoción de 63 Viviendas Protegidas de Precio Limitado (VPPL) en Los Ahijones (Vicálvaro), uno de los desarrollos más importantes del Este de Madrid.La promoción contará con viviendas de 2 y 3 dormitorios diseñadas para aprovechar al máximo la luz natural. Todas las viviendas",https://www.idealista.com/inmueble/107294668/
46,2,"Piso en calle de El Yesero, Palomeras sureste, Madrid",245000,80,1.0,,flat,Palomeras Sureste,"¡Oportunidad para inversores! Piso reformado de 70 m² en Palomeras Sureste, con inquilino, orientación este y vistas a jardines. Incluye garaje, trastero y piscina comunitaria. Tercera planta en una zona accecible, ideal para obtener rentabilidad inmediata. ¡No dejes pasar esta excelente inversión! Contáctanos para más",https://www.idealista.com/inmueble/106573389/
46,2,"Piso en calle de El Yesero, Palomeras sureste, Madrid",245000,80,1.0,,flat,Palomeras Sureste,"¡Oportunidad para inversores! Piso reformado de 70 m² en Palomeras Sureste, con inquilino, orientación este y vistas a jardines. Incluye garaje, trastero y piscina comunitaria. Tercera planta en una zona accecible, ideal para obtener rentabilidad inmediata. ¡No dejes pasar esta excelente inversión! Contáctanos para más",https://www.idealista.com/inmueble/106637969/
47,2,"Piso en calle del Áncora, Palos de la Frontera, Madrid",219000,73,1.0,,flat,Palos de la Frontera,"Oportunidad sólo para inversores. Debido al estado ocupacional del activo, no se pueden realizar visitas al mismo. Piso de 73 m² en venta situado en Madrid.Construido en 1910, este piso cuenta con una superficie de 73 m² y está distribuido en varias estancias. Las comunicaciones son buenas, a pocos metros de la estació",https://www.idealista.com/inmueble/107105414/
47,2,"Piso en calle del Áncora, Palos de la Frontera, Madrid",219000,73,1.0,,flat,Palos de la Frontera,"Oportunidad sólo para inversores. Debido al estado ocupacional del activo, no se pueden realizar visitas al mismo. Piso de 73 m² en venta situado en Madrid.Construido en 1910, este piso cuenta con una superficie de 73 m² y está distribuido en varias estancias. Las comunicaciones son buenas, a pocos metros de la estació",https://www.idealista.com/inmueble/107105520/
48,2,"Piso en calle de Camarena, Aluche, Madrid",310000,100,4.0,2.0,flat,Aluche,"AVC INMOBILIARIO VENDE PISO.Magnifico piso en la Calle Camarena, Aluche, Madrid. 11ª planta exterior con vistas impresionantes, 90m2 útiles, 10 comunes, 4 habitaciones, salón, cocina office, 2 baños, amplia terraza abierta.La urbanización cuenta con parking de superficie.La vivienda esta para reformar.Vivienda muy",https://www.idealista.com/inmueble/106898207/
48,2,"Piso en calle de Camarena, Aluche, Madrid",310000,100,4.0,2.0,flat,Aluche,"AVC INMOBILIARIO VENDE PISO.Magnifico piso en la Calle Camarena, Aluche, Madrid. 11ª planta exterior con vistas impresionantes, 90m2 útiles, 10 comunes, 4 habitaciones, salón, cocina office, 2 baños, amplia terraza abierta.La urbanización cuenta con parking de superficie.La vivienda esta para reformar.Vivienda muy",https://www.idealista.com/inmueble/107195560/
49,2,"Piso en calle de la Cava Alta, Palacio, Madrid",550000,95,3.0,,flat,Palacio,"¡Oportunidad única! Piso en venta en la exclusiva Cava Alta de Madrid.Ubicado en una de las calles más emblemáticas y con mayor encanto del centro histórico de Madrid, este piso ofrece la combinación perfecta de comodidad, estilo y una ubicación privilegiada. Conta de 95 metros cuadrados, distribuidos en tres dormito",https://www.idealista.com/inmueble/106963429/
49,2,"Piso en calle de la Cava Alta, Palacio, Madrid",550000,95,3.0,,flat,Palacio,"¡Oportunidad única! Piso en venta en la exclusiva Cava Alta de Madrid.Ubicado en una de las calles más emblemáticas y con mayor encanto del centro histórico de Madrid, este piso ofrece la combinación perfecta de comodidad, estilo y una ubicación privilegiada. Conta de 95 metros cuadrados, distribuidos en tres dormito",https://www.idealista.com/inmueble/106969197/
50,2,"Piso en calle del General Díaz Porlier, Goya, Madrid",1364900,130,2.0,2.0,flat,Goya,"Este encantador piso interior se sitúa en la sexta planta de un elegante edificio con ascensor en el codiciado barrio de Salamanca-Lista. Actualmente en obras, la propiedad ofrece una excelente oportunidad para personalizarla según tus necesidades y gustos. La vivienda cuenta con dos amplias habitaciones y dos baños co",https://www.idealista.com/inmueble/106417977/
50,2,"Piso en calle del General Díaz Porlier, Goya, Madrid",1364900,130,2.0,2.0,flat,Goya,"Este encantador piso interior se sitúa en la sexta planta de un elegante edificio con ascensor en el codiciado barrio de Salamanca-Lista. Actualmente en obras, la propiedad ofrece una excelente oportunidad para personalizarla según tus necesidades y gustos. La vivienda cuenta con dos amplias habitaciones y dos baños co",https://www.idealista.com/inmueble/107048747/
51,2,"Piso en avenida de Abrantes, Abrantes, Madrid",135500,58,3.0,,flat,Abrantes,"Vivienda piso situado en un edificio residencial en la zona de Abrantes, en la ciudad de Madrid. - El inmueble se transmite arrendado a tercero y con un posible derecho de éste a la adquisición preferente del mismo. El Inmueble se transmitirá: (i) como cuerpo cierto y a tanto alzado (ii) como un todo, inseparable (iii)",https://www.idealista.com/inmueble/104364030/
51,2,"Piso en avenida de Abrantes, Abrantes, Madrid",135500,58,3.0,,flat,Abrantes,"Vivienda piso situado en un edificio residencial en la zona de Abrantes, en la ciudad de Madrid. - El inmueble se transmite arrendado a tercero y con un posible derecho de éste a la adquisición preferente del mismo. El Inmueble se transmitirá: (i) como cuerpo cierto y a tanto alzado (ii) como un todo, inseparable (iii)",https://www.idealista.com/inmueble/104825946/
52,2,"Ático en calle de Benita López, Los Rosales, Madrid",450000,80,2.0,,penthouse,Los Rosales,"Descubre este exclusivo ático ubicado en la mejor zona de Villaverde, donde el confort y la luminosidad se combinan para ofrecerte un hogar único. Con una orientación este, disfrutarás del privilegio de amanecer con la cálida luz del sol, que baña generosamente todos los rincones de la vivienda hasta bien entrada la ta",https://www.idealista.com/inmueble/107119283/
52,2,"Ático en calle de Benita López, Los Rosales, Madrid",450000,80,2.0,,penthouse,Los Rosales,"Descubre este exclusivo ático ubicado en la mejor zona de Villaverde, donde el confort y la luminosidad se combinan para ofrecerte un hogar único. Con una orientación este, disfrutarás del privilegio de amanecer con la cálida luz del sol, que baña generosamente todos los rincones de la vivienda hasta bien entrada la ta",https://www.idealista.com/inmueble/107129860/
53,2,"Piso en calle de los Tres Peces, Lavapiés-Embajadores, Madrid",250000,47,1.0,,flat,Embajadores,"TU PISO INMOBILIARIA vende en exclusiva, hermosa vivienda de una habitación, salón amplio, Cocina americana, baño con plato de ducha y patio.Vivienda con muy buena luminosidad.El apartamento cuenta con calefacción Individual y aire acondicionado.Cocina Americana totalmente equipada cuenta con todos los electrodomést",https://www.idealista.com/inmueble/107058286/
53,2,"Piso en calle de los Tres Peces, Lavapiés-Embajadores, Madrid",250000,47,1.0,,flat,Embajadores,"TU PISO INMOBILIARIA vende en exclusiva, hermosa vivienda de una habitación, salón amplio, Cocina americana, baño con plato de ducha y patio.Vivienda con muy buena luminosidad.El apartamento cuenta con calefacción Individual y aire acondicionado.Cocina Americana totalmente equipada cuenta con todos los electrodomést",https://www.idealista.com/inmueble/107058302/
54,2,"Piso en calle de Valderrey, Valdezarza, Madrid",465000,110,2.0,,flat,Valdezarza,"¡Tu próximo hogar en Antonio Machado, próximo a la dehesa de la villaEste piso lo tiene todo para ser el lugar perfecto para ti:necesita reformaUbicación inmejorable: A un paso literal de la estación de metro Antonio Machado y rodeado de todos los servicios que necesitas y a 2 minutos del ahorra masEspacios amp",https://www.idealista.com/inmueble/106994243/
54,2,"Piso en calle de Valderrey, Valdezarza, Madrid",465000,110,2.0,,flat,Valdezarza,"¡Tu próximo hogar en Antonio Machado, próximo a la dehesa de la villaEste piso lo tiene todo para ser el lugar perfecto para ti:necesita reformaUbicación inmejorable: A un paso literal de la estación de metro Antonio Machado y rodeado de todos los servicios que necesitas y a 2 minutos del ahorra masEspacios amp",https://www.idealista.com/inmueble/107063803/
55,2,"Piso en calle de San Roque, Malasaña-Universidad, Madrid",439000,59,1.0,,flat,Universidad,"La Casa Agency vende piso, totalmente reformado y listo para entrar a vivir.Si buscas un hogar moderno, funcional y en una ubicación inmejorable, ¡este estudio es la oportunidad que estabas esperando! Situado en una de las zonas más demandadas de Madrid, en el corazón de Callao, este acogedor estudio de 59m² construi",https://www.idealista.com/inmueble/107219592/
55,2,"Piso en calle de San Roque, Malasaña-Universidad, Madrid",439000,59,1.0,,flat,Universidad,"La Casa Agency vende piso, totalmente reformado y listo para entrar a vivir.Si buscas un hogar moderno, funcional y en una ubicación inmejorable, ¡este estudio es la oportunidad que estabas esperando! Situado en una de las zonas más demandadas de Madrid, en el corazón de Callao, este acogedor estudio de 59m² construi",https://www.idealista.com/inmueble/107256279/
56,2,"Piso en calle Ezequiel Peñalver, Aeropuerto, Madrid",105000,73,3.0,,flat,Aeropuerto,"Vivienda situada en la segunda planta de un edificio de tres alturas que no dispone de ascensor, en Madrid capital. Se distribuye en 3 habitaciones, salón de paso, cocina y baño. Necesita reforma. Está situada en una pequeña barriada cercana al aeropuerto. Bien comunicado por carretera.",https://www.idealista.com/inmueble/106563589/
56,2,"Piso en calle Ezequiel Peñalver, Aeropuerto, Madrid",105000,73,3.0,,flat,Aeropuerto,"Vivienda situada en la segunda planta de un edificio de tres alturas que no dispone de ascensor, en Madrid capital. Se distribuye en 3 habitaciones, salón de paso, cocina y baño. Necesita reforma. Está situada en una pequeña barriada cercana al aeropuerto. Bien comunicado por carretera.",https://www.idealista.com/inmueble/98065854/
57,2,"Piso en calle de Arturo Soria, Costillares, Madrid",680000,85,1.0,,flat,Costillares,"ALTOR ASESORES pone a su disposición moderno y exclusivo piso exterior en Arturo Soria en una zona de las zonas más demandadas de la capital madrileña, conocida por ser una zona Prime, que al igual destaca por ser una zona muy tranquila y agradable para vivir.Siendo de obra reciente en la prestigiosa zona de Arturo",https://www.idealista.com/inmueble/107263829/
57,2,"Piso en calle de Arturo Soria, Costillares, Madrid",680000,85,1.0,,flat,Costillares,"ALTOR ASESORES pone a su disposición moderno y exclusivo piso exterior en Arturo Soria en una zona de las zonas más demandadas de la capital madrileña, conocida por ser una zona Prime, que al igual destaca por ser una zona muy tranquila y agradable para vivir.Siendo de obra reciente en la prestigiosa zona de Arturo",https://www.idealista.com/inmueble/107267417/
58,3,"Piso en calle del Mesón de Paredes, Lavapiés-Embajadores, Madrid",175000,24,1.0,,flat,Embajadores,"TU PISO INMOBILIARIA vende piso de UN dormitorio para entrar a vivir ideal para inversores, parejas en una de las zonas más requeridas y concurridas de Madrid centro, distrito Centro.Ubicado en un edificio residencial con fachada de cemento pintado situado en Calle Mesón de Paredes a escasos metros de la Glorieta de",https://www.idealista.com/inmueble/106627114/
58,3,"Piso en calle del Mesón de Paredes, Lavapiés-Embajadores, Madrid",175000,24,1.0,,flat,Embajadores,"TU PISO INMOBILIARIA vende piso de UN dormitorio para entrar a vivir ideal para inversores, parejas en una de las zonas más requeridas y concurridas de Madrid centro, distrito Centro.Ubicado en un edificio residencial con fachada de cemento pintado situado en Calle Mesón de Paredes a escasos metros de la Glorieta de",https://www.idealista.com/inmueble/106627302/
58,3,"Piso en calle del Mesón de Paredes, Lavapiés-Embajadores, Madrid",175000,24,1.0,,flat,Embajadores,"TU PISO INMOBILIARIA vende piso de UN dormitorio para entrar a vivir ideal para inversores, parejas en una de las zonas más requeridas y concurridas de Madrid centro, distrito Centro.Ubicado en un edificio residencial con fachada de cemento pintado situado en Calle Mesón de Paredes a escasos metros de la Glorieta de",https://www.idealista.com/inmueble/106627325/
59,2,"Piso en calle de Carlos Dabán, 20, San Isidro, Madrid",268600,53,1.0,,flat,San Isidro,"Piso situado en Madrid. Cuenta con una superficie de 53m². La vivienda dispone de cocina amueblada. Esta ubicado en la zona de San Isidro, una zona residencial consolidada cubierta con todos los servicios necesarios y con excelentes conexiones con el resto de la ciudad. La renta mensual actual de este inmueble es de 22",https://www.idealista.com/inmueble/105617817/
59,2,"Piso en calle de Carlos Dabán, 20, San Isidro, Madrid",268600,53,1.0,,flat,San Isidro,"Piso situado en Madrid. Cuenta con una superficie de 53m². La vivienda dispone de cocina amueblada. Esta ubicado en la zona de San Isidro, una zona residencial consolidada cubierta con todos los servicios necesarios y con excelentes conexiones con el resto de la ciudad. La renta mensual actual de este inmueble es de 22",https://www.idealista.com/inmueble/106656853/
60,4,"Estudio en de las Fuerzas Armadas, 400, Valdebebas - Valdefuentes, Madrid",198800,21,,,studio,Valdefuentes,"Descubre este producto, perfecto para invertir.Invierte en la compra de habitaciones de hotel en el nuevo proyecto que Hotel 101 Global trae a Madrid. La mejor oportunidad para quien busca invertir en inmobiliaria, ahorrándose el tiempo y esfuerzo de la gestión del arrendamiento. Tú compras y Hotel 101 puede encargar",https://www.idealista.com/inmueble/104949532/
60,4,"Estudio en de las Fuerzas Armadas, 400, Valdebebas - Valdefuentes, Madrid",198800,21,,,studio,Valdefuentes,"Descubre este producto, perfecto para invertir.Invierte en la compra de habitaciones de hotel en el nuevo proyecto que Hotel 101 Global trae a Madrid. La mejor oportunidad para quien busca invertir en inmobiliaria, ahorrándose el tiempo y esfuerzo de la gestión del arrendamiento. Tú compras y Hotel 101 puede encargar",https://www.idealista.com/inmueble/104949579/
60,4,"Estudio en de las Fuerzas Armadas, 400, Valdebebas - Valdefuentes, Madrid",198800,21,,,studio,Valdefuentes,"Descubre este producto, perfecto para invertir.Invierte en la compra de habitaciones de hotel en el nuevo proyecto que Hotel 101 Global trae a Madrid. La mejor oportunidad para quien busca invertir en inmobiliaria, ahorrándose el tiempo y esfuerzo de la gestión del arrendamiento. Tú compras y Hotel 101 puede encargar",https://www.idealista.com/inmueble/104949605/
60,4,"Estudio en de las Fuerzas Armadas, 400, Valdebebas - Valdefuentes, Madrid",198800,21,,,studio,Valdefuentes,"Descubre este producto, perfecto para invertir.Invierte en la compra de habitaciones de hotel en el nuevo proyecto que Hotel 101 Global trae a Madrid. La mejor oportunidad para quien busca invertir en inmobiliaria, ahorrándose el tiempo y esfuerzo de la gestión del arrendamiento. Tú compras y Hotel 101 puede encargar",https://www.idealista.com/inmueble/104949613/
61,2,"Piso en calle Virgen de las Viñas, Santa Eugenia, Madrid",146600,93,3.0,2.0,flat,Santa Eugenia,"Oportunidad sólo para inversores. El activo se encuentra ocupado por persona sin justo título. Debido al estado ocupacional del activo, no se pueden realizar visitas al mismo. Piso de segunda mano en venta situado en Madrid. Cuenta con una superficie de 93 m² distribuidos en 3 dormitorios y 2 baños. Se localiza en la p",https://www.idealista.com/inmueble/105635010/
61,2,"Piso en calle Virgen de las Viñas, Santa Eugenia, Madrid",146600,93,3.0,2.0,flat,Santa Eugenia,"Oportunidad sólo para inversores. El activo se encuentra ocupado por persona sin justo título. Debido al estado ocupacional del activo, no se pueden realizar visitas al mismo. Piso de segunda mano en venta situado en Madrid. Cuenta con una superficie de 93 m² distribuidos en 3 dormitorios y 2 baños. Se localiza en la p",https://www.idealista.com/inmueble/106734868/
62,2,"Piso en paseo de la Reina Cristina, Jerónimos, Madrid",790000,157,4.0,,flat,Los Jerónimos,"***OPORTUNIDAD ÚNICA***Agencia inmobiliaria CLICKHAUS PACIFICO. C/VALDERRIBAS 26-B.VENDE estupendo PISO con grandes posibilidades en la zona de Jerónimos con vistas a la calle Poeta Esteban Villegas una calle peatonal muy tranquilay con todos los servicios cerca. Se trata de una NOVENA planta exterior, 4 DORMITORIO",https://www.idealista.com/inmueble/106740490/
62,2,"Piso en paseo de la Reina Cristina, Jerónimos, Madrid",790000,157,4.0,,flat,Los Jerónimos,"***OPORTUNIDAD ÚNICA***Agencia inmobiliaria CLICKHAUS PACIFICO. C/VALDERRIBAS 26-B.VENDE estupendo PISO con grandes posibilidades en la zona de Jerónimos con vistas a la calle Poeta Esteban Villegas una calle peatonal muy tranquilay con todos los servicios cerca. Se trata de una NOVENA planta exterior, 4 DORMITORIO",https://www.idealista.com/inmueble/107225559/
63,2,"Piso en ronda de Segovia, Imperial, Madrid",430000,79,3.0,,flat,Imperial,"LA CASA AGENCY te presenta esta propiedad ubicada en el corazón de Madrid.Con sus 79m², este inmueble ofrece un estilo de vida cómodo y acogedor que te hará sentirte en casa desde el primer momento. Al ingresar, te recibirá un hall independiente y aislado, seguido por 2 dormitorios exteriores y un comedor con un balc",https://www.idealista.com/inmueble/107080796/
63,2,"Piso en ronda de Segovia, Imperial, Madrid",430000,79,3.0,,flat,Imperial,"LA CASA AGENCY te presenta esta propiedad ubicada en el corazón de Madrid.Con sus 79m², este inmueble ofrece un estilo de vida cómodo y acogedor que te hará sentirte en casa desde el primer momento. Al ingresar, te recibirá un hall independiente y aislado, seguido por 2 dormitorios exteriores y un comedor con un balc",https://www.idealista.com/inmueble/107251989/
64,2,"Piso en calle Tomelloso, Almendrales, Madrid",141100,82,1.0,,flat,Almendrales,"Oportunidad sólo para inversores. El activo se encuentra ocupado por persona sin justo título. Debido al estado ocupacional del activo, no se pueden realizar visitas al mismo.Piso de segunda mano en venta en Madrid.Construido en 1960, tiene una superficie de 82 m² distribuidos en diversas dependencias.Se localiza en la",https://www.idealista.com/inmueble/103176000/
64,2,"Piso en calle Tomelloso, Almendrales, Madrid",141100,82,1.0,,flat,Almendrales,"Oportunidad sólo para inversores. El activo se encuentra ocupado por persona sin justo título. Debido al estado ocupacional del activo, no se pueden realizar visitas al mismo.Piso de segunda mano en venta en Madrid.Construido en 1960, tiene una superficie de 82 m² distribuidos en diversas dependencias.Se localiza en la",https://www.idealista.com/inmueble/104913438/
65,2,"Piso en calle Lagunas de Neila, Villaverde Alto, Madrid",285000,141,4.0,2.0,flat,Villaverde Alto - Casco Histórico de Villaverde,"“Oportunidad sólo para inversores. El activo se encuentra ocupado. Debido al estado ocupacional del activo, no se pueden realizar visitas al mismo.” Apartamento de segunda mano en venta situado en la provincia de Madrid. Cuenta con una superficie de 141,8m² distribuidos en 4 dormitorios y 2 baños. Se localiza en la cal",https://www.idealista.com/inmueble/105778237/
65,2,"Piso en calle Lagunas de Neila, Villaverde Alto, Madrid",285000,141,4.0,2.0,flat,Villaverde Alto - Casco Histórico de Villaverde,"“Oportunidad sólo para inversores. El activo se encuentra ocupado. Debido al estado ocupacional del activo, no se pueden realizar visitas al mismo.” Apartamento de segunda mano en venta situado en la provincia de Madrid. Cuenta con una superficie de 141,8m² distribuidos en 4 dormitorios y 2 baños. Se localiza en la cal",https://www.idealista.com/inmueble/106657185/
66,2,"Piso en calle de Lagasca, Castellana, Madrid",1975000,140,3.0,,flat,Castellana,"Álvora Capital Properties, consultora inmobiliaria de alta calidad en la gestión de activos prime en Madrid, les presenta este inmueble situado en un edificio señorial, una de las calles mas exclusivas de Madrid.La vivienda de 140m2 construidos, tiene gran luminosidad y preciosas vistas. El salón y las habitaciones s",https://www.idealista.com/inmueble/106398912/
66,2,"Piso en calle de Lagasca, Castellana, Madrid",1975000,140,3.0,,flat,Castellana,"Álvora Capital Properties, consultora inmobiliaria de alta calidad en la gestión de activos prime en Madrid, les presenta este inmueble situado en un edificio señorial, una de las calles mas exclusivas de Madrid.La vivienda de 140m2 construidos, tiene gran luminosidad y preciosas vistas. El salón y las habitaciones s",https://www.idealista.com/inmueble/107298742/
67,2,"Piso en calle de López Grass, Numancia, Madrid",155000,59,2.0,,flat,Numancia,"MUNDHOGAR CONSULTING ofrece este fantástico Piso de 59 m² para reformar a la venta en el distrito de Puente de Vallecas, Madrid.La vivienda está distribuida en salón-comedor, dos dormitorios, cocina independiente, cuarto de baño y vestíbulo.Cuenta con suelos de gres y ventanas de aluminio. Precisa reforma para entr",https://www.idealista.com/inmueble/107084566/
67,2,"Piso en calle de López Grass, Numancia, Madrid",155000,59,2.0,,flat,Numancia,"MUNDHOGAR CONSULTING ofrece este fantástico Piso de 59 m² para reformar a la venta en el distrito de Puente de Vallecas, Madrid.La vivienda está distribuida en salón-comedor, dos dormitorios, cocina independiente, cuarto de baño y vestíbulo.Cuenta con suelos de gres y ventanas de aluminio. Precisa reforma para entr",https://www.idealista.com/inmueble/107090135/
68,2,"Piso en paseo de Extremadura, Puerta del Ángel, Madrid",320000,80,3.0,,flat,Puerta del Ángel,"LINKCASA PASEO EXTREMADURA VENDE un piso con muchas oportunidades en pleno Paseo de Extremadura, en la zona de Puerta del Ángel. La vivienda consta de 3 dormitorios (uno de ellos doble con armario empotrado), un amplio salón con salida a una terraza abierta, cocina con acceso a una terraza acristalada (tendedero) y bañ",https://www.idealista.com/inmueble/107277284/
68,2,"Piso en paseo de Extremadura, Puerta del Ángel, Madrid",320000,80,3.0,,flat,Puerta del Ángel,"LINKCASA PASEO EXTREMADURA VENDE un piso con muchas oportunidades en pleno Paseo de Extremadura, en la zona de Puerta del Ángel. La vivienda consta de 3 dormitorios (uno de ellos doble con armario empotrado), un amplio salón con salida a una terraza abierta, cocina con acceso a una terraza acristalada (tendedero) y bañ",https://www.idealista.com/inmueble/107277327/
69,2,"Piso en calle de Alenza, Nuevos Ministerios-Ríos Rosas, Madrid",530000,60,2.0,,flat,Ríos Rosas,"En el corazón de uno de los barrios más exclusivos y prestigiosos de Madrid, se presenta una oportunidad única para aquellos inversores que buscan una propiedad con gran potencial. Este encantador apartamento, reformado con sumo cuidado, combina a la perfección modernidad y confort, ofreciendo un espacio cálido y acoge",https://www.idealista.com/inmueble/106909122/
69,2,"Piso en calle de Alenza, Nuevos Ministerios-Ríos Rosas, Madrid",530000,60,2.0,,flat,Ríos Rosas,"En el corazón de uno de los barrios más exclusivos y prestigiosos de Madrid, se presenta una oportunidad única para aquellos inversores que buscan una propiedad con gran potencial. Este encantador apartamento, reformado con sumo cuidado, combina a la perfección modernidad y confort, ofreciendo un espacio cálido y acoge",https://www.idealista.com/inmueble/106909785/
70,2,"Dúplex en calle de Vergara, 10, Palacio, Madrid",286000,41,1.0,,duplex,Palacio,Ds Realtors comercializa este estudio ideal para inversión y/o entrar a vivir a 50 metros del Palacio Real. SIN HONORARIOS PARA EL COMPRADOR.DS Realtors presenta un fantástico y elegante piso de tres alturas a estrenar en una ubicación privilegiada que destaca por su fantástica ubicación.EXENTO DE IBI POR LOCALIZA,https://www.idealista.com/inmueble/106359428/
70,2,"Dúplex en calle de Vergara, 10, Palacio, Madrid",286000,41,1.0,,duplex,Palacio,Ds Realtors comercializa este estudio ideal para inversión y/o entrar a vivir a 50 metros del Palacio Real. SIN HONORARIOS PARA EL COMPRADOR.DS Realtors presenta un fantástico y elegante piso de tres alturas a estrenar en una ubicación privilegiada que destaca por su fantástica ubicación.EXENTO DE IBI POR LOCALIZA,https://www.idealista.com/inmueble/107251033/
71,2,"Piso en calle de Martín Soler, Palos de la Frontera, Madrid",240000,48,1.0,,flat,Palos de la Frontera,"TU PISO INMOBILIARIA presenta DÚPLEX de un dormitorio para entrar a vivir ideal para inversores, parejas en una de las zonas más requeridas y concurridas de Madrid centro, distrito Arganzuela.Ubicado en un edificio residencial situado en Calle Martin Soler a escasos metros de la Glorieta de Embajadores.El inmueble",https://www.idealista.com/inmueble/106558853/
71,2,"Piso en calle de Martín Soler, Palos de la Frontera, Madrid",240000,48,1.0,,flat,Palos de la Frontera,"TU PISO INMOBILIARIA presenta DÚPLEX de un dormitorio para entrar a vivir ideal para inversores, parejas en una de las zonas más requeridas y concurridas de Madrid centro, distrito Arganzuela.Ubicado en un edificio residencial situado en Calle Martin Soler a escasos metros de la Glorieta de Embajadores.El inmueble",https://www.idealista.com/inmueble/106558936/
72,2,"Piso en calle de San Silvestre, Opañel, Madrid",330000,314,2.0,2.0,flat,Opañel,"SIN COMISION DE AGENCIA. AROBA Consultores presenta un increíble piso a estrenar y con características excepcionales: 2 habitaciones 2 cuartos de baño de elegante diseño, un amplio y cómodo salón/comedor, una cocina moderna y totalmente equipada, un porche/terraza de 64 m2 y además tiene zona ajardinada y 3 plazas de g",https://www.idealista.com/inmueble/104679056/
72,2,"Piso en calle de San Silvestre, Opañel, Madrid",330000,314,2.0,2.0,flat,Opañel,"SIN COMISION DE AGENCIA. AROBA Consultores presenta un increíble piso a estrenar y con características excepcionales: 2 habitaciones 2 cuartos de baño de elegante diseño, un amplio y cómodo salón/comedor, una cocina moderna y totalmente equipada, un porche/terraza de 64 m2 y además tiene zona ajardinada y 3 plazas de g",https://www.idealista.com/inmueble/106522113/
73,2,"Piso en calle de Alcalá de Guadaíra, Palomeras Bajas, Madrid",235000,60,2.0,,flat,Palomeras Bajas,"Descubre tu nuevo hogar en el corazón de Vallecas! Este magnífico piso de 60 m², completamente exterior y con ventilación cruzada, te ofrece todo lo que necesitas para vivir con comodidad y estilo.La vivienda cuenta con 2 dormitorios, incluyendo un dormitorio principal muy amplio. La cocina, espaciosa y funcional, ta",https://www.idealista.com/inmueble/106894405/
73,2,"Piso en calle de Alcalá de Guadaíra, Palomeras Bajas, Madrid",235000,60,2.0,,flat,Palomeras Bajas,"Descubre tu nuevo hogar en el corazón de Vallecas! Este magnífico piso de 60 m², completamente exterior y con ventilación cruzada, te ofrece todo lo que necesitas para vivir con comodidad y estilo.La vivienda cuenta con 2 dormitorios, incluyendo un dormitorio principal muy amplio. La cocina, espaciosa y funcional, ta",https://www.idealista.com/inmueble/106909041/
74,2,"Piso en calle Siderurgia, Amposta, Madrid",70600,69,2.0,,flat,Amposta,"Vivienda piso situada en Calle Siderurgia, en la provincia de Madrid - El inmueble se transmite arrendado a tercero y con un posible derecho de éste a la adquisición preferente del mismo. El Inmueble se transmitirá: (i) como cuerpo cierto y a tanto alzado (ii) como un todo, inseparable (iii) en el estado registral y ca",https://www.idealista.com/inmueble/104362795/
74,2,"Piso en calle Siderurgia, Amposta, Madrid",70600,69,2.0,,flat,Amposta,"Vivienda piso situada en Calle Siderurgia, en la provincia de Madrid - El inmueble se transmite arrendado a tercero y con un posible derecho de éste a la adquisición preferente del mismo. El Inmueble se transmitirá: (i) como cuerpo cierto y a tanto alzado (ii) como un todo, inseparable (iii) en el estado registral y ca",https://www.idealista.com/inmueble/104825701/
75,2,"Piso en Almagro, Madrid",2600000,214,4.0,,flat,Almagro,"Fortuny Real Estate ofrece extraordinario piso de más de 200m2, elegancia clásica combinada con las comodidades modernas, ofreciendo un refugio de refinamiento en una de las ubicaciones más codiciadas de la ciudad y uno de los barrios más exclusivos de Madrid.Ubicado en la quinta planta de un edificio clásico madrile",https://www.idealista.com/inmueble/104127753/
75,2,"Piso en Almagro, Madrid",2600000,214,4.0,,flat,Almagro,"Fortuny Real Estate ofrece extraordinario piso de más de 200m2, elegancia clásica combinada con las comodidades modernas, ofreciendo un refugio de refinamiento en una de las ubicaciones más codiciadas de la ciudad y uno de los barrios más exclusivos de Madrid.Ubicado en la quinta planta de un edificio clásico madrile",https://www.idealista.com/inmueble/104137007/
76,2,"Piso en calle Marmolistas, Arcos, Madrid",12000,61,2.0,,flat,Arcos,"PROINDIVISO. Se vende SOLO una parte de la propiedad (16,67) y no se tiene acceso a la vivienda porque está habitada por otros copropietarios. Esta situada en una planta baja en un edificio de 4 plantas, siendo solo 2 vecinos por planta, en la calle Marmolistas, en el municipio y provincia de Madrid. La zona está conso",https://www.idealista.com/inmueble/106859553/
76,2,"Piso en calle Marmolistas, Arcos, Madrid",12000,61,2.0,,flat,Arcos,"PROINDIVISO. Se vende SOLO una parte de la propiedad (16,67) y no se tiene acceso a la vivienda porque está habitada por otros copropietarios. Esta situada en una planta baja en un edificio de 4 plantas, siendo solo 2 vecinos por planta, en la calle Marmolistas, en el municipio y provincia de Madrid. La zona está conso",https://www.idealista.com/inmueble/107240309/
77,2,"Piso en calle Sierra de Alquife, 30, San Diego, Madrid",55500,41,1.0,,flat,San Diego,"Oportunidad sólo para inversores. El activo se encuentra ocupado. Debido al estado ocupacional del activo, no se pueden realizar visitas al mismo. Piso de segunda mano en venta situado en Madrid, más concretamente el barrio Puentes de Vallecas. Cuenta con una superficie de 41 m² distribuidos en varias dependencias. Se",https://www.idealista.com/inmueble/105778221/
77,2,"Piso en calle Sierra de Alquife, 30, San Diego, Madrid",55500,41,1.0,,flat,San Diego,"Oportunidad sólo para inversores. El activo se encuentra ocupado. Debido al estado ocupacional del activo, no se pueden realizar visitas al mismo. Piso de segunda mano en venta situado en Madrid, más concretamente el barrio Puentes de Vallecas. Cuenta con una superficie de 41 m² distribuidos en varias dependencias. Se",https://www.idealista.com/inmueble/106656820/
78,2,"Piso en calle Ebanistería, Amposta, Madrid",85500,61,3.0,,flat,Amposta,"Oportunidad sólo para inversores. El activo se encuentra ocupado por persona sin justo título. Debido al estado ocupacional del activo, no se pueden realizar visitas al mismo. Vivienda a la venta situada en la provincia de Madrid. Esta vivienda de segunda mano y 61 m² se localiza en una buena zona, dispone de muy buena",https://www.idealista.com/inmueble/105634003/
78,2,"Piso en calle Ebanistería, Amposta, Madrid",85500,61,3.0,,flat,Amposta,"Oportunidad sólo para inversores. El activo se encuentra ocupado por persona sin justo título. Debido al estado ocupacional del activo, no se pueden realizar visitas al mismo. Vivienda a la venta situada en la provincia de Madrid. Esta vivienda de segunda mano y 61 m² se localiza en una buena zona, dispone de muy buena",https://www.idealista.com/inmueble/106658404/
79,2,"Piso en calle de Edgar Neville, Cuatro Caminos, Madrid",750000,119,2.0,,flat,Cuatro Caminos,"¡Luminoso piso en Barrio Chamartín!Presentamos este luminoso piso de 119 metros cuadrados, ubicado en la prestigiosa calle Edgar Naville. La vivienda se encuentra en una tercera planta, beneficiándose de una orientación oeste que garantiza una abundante luz natural durante todo el día.El piso está distribuido en do",https://www.idealista.com/inmueble/105419014/
79,2,"Piso en calle de Edgar Neville, Cuatro Caminos, Madrid",750000,119,2.0,,flat,Cuatro Caminos,"¡Luminoso piso en Barrio Chamartín!Presentamos este luminoso piso de 119 metros cuadrados, ubicado en la prestigiosa calle Edgar Naville. La vivienda se encuentra en una tercera planta, beneficiándose de una orientación oeste que garantiza una abundante luz natural durante todo el día.El piso está distribuido en do",https://www.idealista.com/inmueble/106561156/
80,2,"Piso en calle del Águila, Palacio, Madrid",399000,72,3.0,,flat,Palacio,"Ubicado en una excelente zona de Madrid, este piso en la calle Águila es una oportunidad única tanto para inversores como para aquellos que buscan una vivienda que puedan personalizar a su gusto. Situado en una cuarta planta con ascensor, el inmueble cuenta con una superficie de 72 m² bien distribuido, ofreciendo espac",https://www.idealista.com/inmueble/106431091/
80,2,"Piso en calle del Águila, Palacio, Madrid",399000,72,3.0,,flat,Palacio,"Ubicado en una excelente zona de Madrid, este piso en la calle Águila es una oportunidad única tanto para inversores como para aquellos que buscan una vivienda que puedan personalizar a su gusto. Situado en una cuarta planta con ascensor, el inmueble cuenta con una superficie de 72 m² bien distribuido, ofreciendo espac",https://www.idealista.com/inmueble/106525052/
81,2,"Piso en calle de Alejandro Sánchez, Opañel, Madrid",169000,60,1.0,,flat,Opañel,"Pisos en venta en la provincia de Madrid. Viviendas de 59 y 61 m² distribuidos en varias dependencias, le corresponde como anexo inseparable un trastero el N.º 12 y 11 respectivamente. Cuentan con una superficie de unos 4 m² útiles y se encuentra situado en la planta semisótano del edificio. En sus inmediaciones dispon",https://www.idealista.com/inmueble/106338015/
81,2,"Piso en calle de Alejandro Sánchez, Opañel, Madrid",169000,60,1.0,,flat,Opañel,"Pisos en venta en la provincia de Madrid. Viviendas de 59 y 61 m² distribuidos en varias dependencias, le corresponde como anexo inseparable un trastero el N.º 12 y 11 respectivamente. Cuentan con una superficie de unos 4 m² útiles y se encuentra situado en la planta semisótano del edificio. En sus inmediaciones dispon",https://www.idealista.com/inmueble/106657742/
82,2,"Piso en paseo Perales, Puerta del Ángel, Madrid",255000,76,3.0,,flat,Puerta del Ángel,"LINKCASA PASEO DE EXTREMADURA VENDE un piso en el Paseo de Perales, en la zona de Puerta del Ángel. Cuenta con una superficie construida de 76 m² de vivienda, se encuentra en una primera planta sin ascensor, es exterior y muy luminoso. Dispone de 3 dormitorios, uno de ellos con acceso a una terraza acristalada, salón,",https://www.idealista.com/inmueble/106677715/
82,2,"Piso en paseo Perales, Puerta del Ángel, Madrid",255000,76,3.0,,flat,Puerta del Ángel,"LINKCASA PASEO DE EXTREMADURA VENDE un piso en el Paseo de Perales, en la zona de Puerta del Ángel. Cuenta con una superficie construida de 76 m² de vivienda, se encuentra en una primera planta sin ascensor, es exterior y muy luminoso. Dispone de 3 dormitorios, uno de ellos con acceso a una terraza acristalada, salón,",https://www.idealista.com/inmueble/106677773/
83,2,"Dúplex en calle del Padre Rubio, Ventilla-Almenara, Madrid",190000,50,2.0,,duplex,Almenara,"¡Dúplex en Zona Prime de Madrid! A 5 Min de Plaza Castilla, Ideal Inversión/Primera Vivienda.Imagina vivir en un acogedor dúplex lleno de luz natural, a solo minutos del corazón financiero de Madrid, donde la tranquilidad de la zona residencial se combina con la comodidad de tener todo a tu alcance. ¡Un espacio ideal",https://www.idealista.com/inmueble/106650582/
83,2,"Dúplex en calle del Padre Rubio, Ventilla-Almenara, Madrid",190000,50,2.0,,duplex,Almenara,"¡Dúplex en Zona Prime de Madrid! A 5 Min de Plaza Castilla, Ideal Inversión/Primera Vivienda.Imagina vivir en un acogedor dúplex lleno de luz natural, a solo minutos del corazón financiero de Madrid, donde la tranquilidad de la zona residencial se combina con la comodidad de tener todo a tu alcance. ¡Un espacio ideal",https://www.idealista.com/inmueble/106904360/
84,2,"Piso en calle de Meléndez Valdés, Gaztambide, Madrid",650000,80,3.0,,flat,Gaztambide,"ALFA CHAMBERI pone a su disposición esta maravillosa vivienda reformada en MELÉNDEZ VALDÉS en el barrio de Gaztambide, una de las zonas más demandadas de la capital.Se trata de una tercera planta con ascensor, interior a un patio de manzana MUY LUMINOSO, distribuida en amplio salón con cocina integrada, tres dormitor",https://www.idealista.com/inmueble/106024756/
84,2,"Piso en calle de Meléndez Valdés, Gaztambide, Madrid",650000,80,3.0,,flat,Gaztambide,"ALFA CHAMBERI pone a su disposición esta maravillosa vivienda reformada en MELÉNDEZ VALDÉS en el barrio de Gaztambide, una de las zonas más demandadas de la capital.Se trata de una tercera planta con ascensor, interior a un patio de manzana MUY LUMINOSO, distribuida en amplio salón con cocina integrada, tres dormitor",https://www.idealista.com/inmueble/106983811/
85,3,"Dúplex en calle de El Yesero, Palomeras sureste, Madrid",360000,120,2.0,,duplex,Palomeras Sureste,"Ático dúplex exterior, Terraza, plaza de garaje, Trastero, Urbanización con Piscina.Magnífico ático dúplex en venta en urbanización seminueva, en una zona muy tranquila del Barrio. Este inmueble de 95 m2 se encuentra en la octava planta y cuenta con un hall de entrada, salón independiente, cocina totalmente amueblada",https://www.idealista.com/inmueble/106701801/
85,3,"Dúplex en calle de El Yesero, Palomeras sureste, Madrid",360000,120,2.0,,duplex,Palomeras Sureste,"Ático dúplex exterior, Terraza, plaza de garaje, Trastero, Urbanización con Piscina.Magnífico ático dúplex en venta en urbanización seminueva, en una zona muy tranquila del Barrio. Este inmueble de 95 m2 se encuentra en la octava planta y cuenta con un hall de entrada, salón independiente, cocina totalmente amueblada",https://www.idealista.com/inmueble/106704082/
85,3,"Dúplex en calle de El Yesero, Palomeras sureste, Madrid",360000,120,2.0,,duplex,Palomeras Sureste,"Ático dúplex exterior, Terraza, plaza de garaje, Trastero, Urbanización con Piscina.Magnífico ático dúplex en venta en urbanización seminueva, en una zona muy tranquila del Barrio. Este inmueble de 95 m2 se encuentra en la octava planta y cuenta con un hall de entrada, salón independiente, cocina totalmente amueblada",https://www.idealista.com/inmueble/106704087/
86,2,"Piso en calle de Gallur, Los Cármenes, Madrid",115600,80,3.0,,flat,Los Cármenes,"Vivienda piso de 3 dormitorios y baño situado en el distrito de La Latina en la ciudad de Madrid. - El inmueble se transmite arrendado a tercero y con un posible derecho de éste a la adquisición preferente del mismo. El Inmueble se transmitirá: (i) como cuerpo cierto y a tanto alzado (ii) como un todo, inseparable (iii",https://www.idealista.com/inmueble/104343943/
86,2,"Piso en calle de Gallur, Los Cármenes, Madrid",115600,80,3.0,,flat,Los Cármenes,"Vivienda piso de 3 dormitorios y baño situado en el distrito de La Latina en la ciudad de Madrid. - El inmueble se transmite arrendado a tercero y con un posible derecho de éste a la adquisición preferente del mismo. El Inmueble se transmitirá: (i) como cuerpo cierto y a tanto alzado (ii) como un todo, inseparable (iii",https://www.idealista.com/inmueble/104826327/
87,2,"Piso en calle de Boix y Morer, Vallehermoso, Madrid",1700000,329,5.0,,flat,Vallehermoso,"¡Descubre el hogar de tus sueños en el corazón de Madrid! Este impresionante piso de 329 m² te ofrece un espacio único en una de las zonas más exclusivas de la ciudad. Situado en una calle tranquila, dentro de una finca señorial, disfrutarás de la privacidad y tranquilidad que mereces, con solo un vecino por planta. El",https://www.idealista.com/inmueble/106369968/
87,2,"Piso en calle de Boix y Morer, Vallehermoso, Madrid",1700000,329,5.0,,flat,Vallehermoso,"¡Descubre el hogar de tus sueños en el corazón de Madrid! Este impresionante piso de 329 m² te ofrece un espacio único en una de las zonas más exclusivas de la ciudad. Situado en una calle tranquila, dentro de una finca señorial, disfrutarás de la privacidad y tranquilidad que mereces, con solo un vecino por planta. El",https://www.idealista.com/inmueble/106970761/
88,2,"Piso en calle Villamanin, 36, Lucero, Madrid",360000,80,3.0,,flat,Lucero,"Piso en buen estado. Con una ubicación privilegiada en el barrio de Batán, en Madrid. La situación ofrece una vida tranquila cerca del metro y junto a la Casa de Campo y al proyecto de reacondicionamiento de la A5 (Anillo Verde del Suroeste).Comunicación muy buena: a cinco minutos de la línea 10 de metro, lo que perm",https://www.idealista.com/inmueble/106457058/
88,2,"Piso en calle Villamanin, 36, Lucero, Madrid",360000,80,3.0,,flat,Lucero,"Piso en buen estado. Con una ubicación privilegiada en el barrio de Batán, en Madrid. La situación ofrece una vida tranquila cerca del metro y junto a la Casa de Campo y al proyecto de reacondicionamiento de la A5 (Anillo Verde del Suroeste).Comunicación muy buena: a cinco minutos de la línea 10 de metro, lo que perm",https://www.idealista.com/inmueble/106457626/
89,2,"Estudio en calle de Diciembre, Rejas, Madrid",180000,65,,,studio,Rejas,"Bienvenidos a este encantador loft de 62 metros cuadrados, ubicado en una de las zonas más exclusivas y tranquilas de Rejas. Este espacio ha sido diseñado para brindar comodidad y estilo en cada rincón. Salón que conecta con la cocina abierta, equipada y moderna, ideal para quienes disfrutan de cocinar y compartir en u",https://www.idealista.com/inmueble/106420239/
89,2,"Estudio en calle de Diciembre, Rejas, Madrid",180000,65,,,studio,Rejas,"Bienvenidos a este encantador loft de 62 metros cuadrados, ubicado en una de las zonas más exclusivas y tranquilas de Rejas. Este espacio ha sido diseñado para brindar comodidad y estilo en cada rincón. Salón que conecta con la cocina abierta, equipada y moderna, ideal para quienes disfrutan de cocinar y compartir en u",https://www.idealista.com/inmueble/106475972/
90,2,"Piso en calle de Alfonso XIII, Numancia, Madrid",95200,73,3.0,,flat,Numancia,"Vivienda piso situado en un edificio residencial en el distrito de Numancia, en la ciudad de Madrid. - El inmueble se transmite arrendado a tercero y con un posible derecho de éste a la adquisición preferente del mismo. El Inmueble se transmitirá: (i) como cuerpo cierto y a tanto alzado (ii) como un todo, inseparable (",https://www.idealista.com/inmueble/104362589/
90,2,"Piso en calle de Alfonso XIII, Numancia, Madrid",95200,73,3.0,,flat,Numancia,"Vivienda piso situado en un edificio residencial en el distrito de Numancia, en la ciudad de Madrid. - El inmueble se transmite arrendado a tercero y con un posible derecho de éste a la adquisición preferente del mismo. El Inmueble se transmitirá: (i) como cuerpo cierto y a tanto alzado (ii) como un todo, inseparable (",https://www.idealista.com/inmueble/104825655/
91,2,"Piso en calle de Ayala, 43, Recoletos, Madrid",899999,169,3.0,,flat,Recoletos,LOCAL INTERIOR A REFORMAR CON GARAJE Y TRASTERO EN RECOLETOS CON POSIBILIDAD DE CAMBIO DE USO A VIVIENDACONTACTA POR WHATSAPP Y AMPLIO INFORMACIÓN GRACIASEuro House Real Estate Vende Local para cambio de uso enBARRIO SALAMANCA RECOLETOSCONTACTO LLAMADAS Y WHATSAPP: Iker Senra6SEIS 0CERO 9NUEVE 8OCHO 5CINCO,https://www.idealista.com/inmueble/107026513/
91,2,"Piso en calle de Ayala, 43, Recoletos, Madrid",899999,169,3.0,,flat,Recoletos,LOCAL INTERIOR A REFORMAR CON GARAJE Y TRASTERO EN RECOLETOS CON POSIBILIDAD DE CAMBIO DE USO A VIVIENDACONTACTA POR WHATSAPP Y AMPLIO INFORMACIÓN GRACIASEuro House Real Estate Vende Local para cambio de uso enBARRIO SALAMANCA RECOLETOSCONTACTO LLAMADAS Y WHATSAPP: Iker Senra6SEIS 0CERO 9NUEVE 8OCHO 5CINCO,https://www.idealista.com/inmueble/107115911/
92,2,"Piso en calle de las Higueras, Lucero, Madrid",230000,63,2.0,,flat,Lucero,"LINKCASA PASEO EXTREMADURA VENDE un piso en la calle Higueras, junto a la calle Sepúlveda. La vivienda consta de 2 dormitorios (anteriormente 3), salón-comedor, cocina equipada con acceso a una terraza acristalada y baño con plato de ducha. El inmueble es exterior, se trata de una primera planta, está en perfectas cond",https://www.idealista.com/inmueble/107258762/
92,2,"Piso en calle de las Higueras, Lucero, Madrid",230000,63,2.0,,flat,Lucero,"LINKCASA PASEO EXTREMADURA VENDE un piso en la calle Higueras, junto a la calle Sepúlveda. La vivienda consta de 2 dormitorios (anteriormente 3), salón-comedor, cocina equipada con acceso a una terraza acristalada y baño con plato de ducha. El inmueble es exterior, se trata de una primera planta, está en perfectas cond",https://www.idealista.com/inmueble/107258763/
93,2,"Piso en calle de Carretas, Sol, Madrid",299000,50,1.0,,flat,Sol,"¡OPORTUNIDAD EN PLENA PUERTA DEL SOL!EDIFICIO CON ITE FAVORABLECuenta con ascensor, portero físico; el edificio data del año 1881 y la ITE es FAVORABLE del 2020.El inmueble está en buen estado por lo que no hay necesidad de invertir nada de tiempo y dinero en él, lo que le convierte en una gran opción tanto para v",https://www.idealista.com/inmueble/106983523/
93,2,"Piso en calle de Carretas, Sol, Madrid",299000,50,1.0,,flat,Sol,"¡OPORTUNIDAD EN PLENA PUERTA DEL SOL!EDIFICIO CON ITE FAVORABLECuenta con ascensor, portero físico; el edificio data del año 1881 y la ITE es FAVORABLE del 2020.El inmueble está en buen estado por lo que no hay necesidad de invertir nada de tiempo y dinero en él, lo que le convierte en una gran opción tanto para v",https://www.idealista.com/inmueble/107016333/
94,2,"Piso en calle de Cea Bermúdez, Arapiles, Madrid",1200000,187,3.0,,flat,Arapiles,"Ubicada en el corazón de Chamberí, esta vivienda ofrece la interesante oportunidad de vivir en una de las zonas con mejor calidad de vida y más codiciadas de Madrid.La propiedad, está situada en la última planta de un edificio de 7 alturas, destaca por su luminosidad y tranquilidad.Cuenta con un amplio salón comed",https://www.idealista.com/inmueble/107056484/
94,2,"Piso en calle de Cea Bermúdez, Arapiles, Madrid",1200000,187,3.0,,flat,Arapiles,"Ubicada en el corazón de Chamberí, esta vivienda ofrece la interesante oportunidad de vivir en una de las zonas con mejor calidad de vida y más codiciadas de Madrid.La propiedad, está situada en la última planta de un edificio de 7 alturas, destaca por su luminosidad y tranquilidad.Cuenta con un amplio salón comed",https://www.idealista.com/inmueble/107091118/
95,2,"Piso en calle Lanjarón, 12 de Octubre-Orcasur, Madrid",280000,131,5.0,2.0,flat,Orcasur,"LINKCASA PASEO EXTREMADURA VENDE un piso de 131 m² en la calle Lanjarón, muy cerca de la Avenida Orcasur. La vivienda consta de 5 dormitorios (3 de ellos dobles), un gran salón-comedor, una amplia cocina equipada y con despensa, 2 baños completos con bañera, tendedero, terraza abierta y un pequeño trastero, es exterior",https://www.idealista.com/inmueble/105492073/
95,2,"Piso en calle Lanjarón, 12 de Octubre-Orcasur, Madrid",280000,131,5.0,2.0,flat,Orcasur,"LINKCASA PASEO EXTREMADURA VENDE un piso de 131 m² en la calle Lanjarón, muy cerca de la Avenida Orcasur. La vivienda consta de 5 dormitorios (3 de ellos dobles), un gran salón-comedor, una amplia cocina equipada y con despensa, 2 baños completos con bañera, tendedero, terraza abierta y un pequeño trastero, es exterior",https://www.idealista.com/inmueble/105492091/
96,2,"Piso en calle Moreno, Puerta Bonita, Madrid",350000,92,2.0,,flat,Puerta Bonita,"LINKCASA SERVICIOS INMOBILIARIOS vende magnifico piso de 2 dormitorios con patio de uso privativo de 35m, en la zona de puerta bonita, muy próxima a la avenida de los poblados y a Eugenia de MontijoLa vivienda se distribuye de la siguiente manera:Hall de entrada.1 amplio dormitorio con vistas al patio, con armario",https://www.idealista.com/inmueble/107126803/
96,2,"Piso en calle Moreno, Puerta Bonita, Madrid",350000,92,2.0,,flat,Puerta Bonita,"LINKCASA SERVICIOS INMOBILIARIOS vende magnifico piso de 2 dormitorios con patio de uso privativo de 35m, en la zona de puerta bonita, muy próxima a la avenida de los poblados y a Eugenia de MontijoLa vivienda se distribuye de la siguiente manera:Hall de entrada.1 amplio dormitorio con vistas al patio, con armario",https://www.idealista.com/inmueble/107211631/
97,2,"Piso en Urbanización Residencial Serpens, s/n, Los Berrocales, Madrid",265008,103,3.0,,flat,Casco Histórico de Vicálvaro,"¡NUEVA OPORTUNIDAD DE VIVIENDA PROTEGIDA!Grupo Ibosa presenta este nuevo proyecto de Viviendas de Protección Pública de Precio Limitado, VPPL. en uno de los nuevos desarrollos urbanísticos con mayor proyección ubicado en el sureste de Madrid, en Los Berrocales.CALIDAD, DISEÑO Y CONFORTResidencial Serpens es un pr",https://www.idealista.com/inmueble/107146666/
97,2,"Piso en Urbanización Residencial Serpens, s/n, Los Berrocales, Madrid",265008,103,3.0,,flat,Casco Histórico de Vicálvaro,"¡NUEVA OPORTUNIDAD DE VIVIENDA PROTEGIDA!Grupo Ibosa presenta este nuevo proyecto de Viviendas de Protección Pública de Precio Limitado, VPPL. en uno de los nuevos desarrollos urbanísticos con mayor proyección ubicado en el sureste de Madrid, en Los Berrocales.CALIDAD, DISEÑO Y CONFORTResidencial Serpens es un pr",https://www.idealista.com/inmueble/107146676/
98,3,"Piso en camino Viejo de Leganés, Puerta Bonita, Madrid",250000,73,2.0,1.0,flat,Puerta Bonita,"La Casa Agency tiene disponible para la venta este maravilloso piso exterior REFORMADO en una 4ª planta SIN ASCENSOR.La propiedad cuenta con una superficie de 73m2 distribuidos en un luminoso salón-comedor, 2 dormitorios exteriores, una cocina independiente con conexión a la terraza y un baño completo plato de ducha",https://www.idealista.com/inmueble/107151886/
98,3,"Piso en camino Viejo de Leganés, Puerta Bonita, Madrid",250000,73,2.0,1.0,flat,Puerta Bonita,"La Casa Agency tiene disponible para la venta este maravilloso piso exterior REFORMADO en una 4ª planta SIN ASCENSOR.La propiedad cuenta con una superficie de 73m2 distribuidos en un luminoso salón-comedor, 2 dormitorios exteriores, una cocina independiente con conexión a la terraza y un baño completo plato de ducha",https://www.idealista.com/inmueble/107152740/
98,3,"Piso en camino Viejo de Leganés, Puerta Bonita, Madrid",250000,73,2.0,1.0,flat,Puerta Bonita,"La Casa Agency tiene disponible para la venta este maravilloso piso exterior REFORMADO en una 4ª planta SIN ASCENSOR.La propiedad cuenta con una superficie de 73m2 distribuidos en un luminoso salón-comedor, 2 dormitorios exteriores, una cocina independiente con conexión a la terraza y un baño completo plato de ducha",https://www.idealista.com/inmueble/107212171/
99,2,"Piso en calle de Santa Ana, Lavapiés-Embajadores, Madrid",340000,80,1.0,,flat,Embajadores,"tOportunidad sólo para inversores. El activo se encuentra ocupado por persona sin justo título. Debido al estado ocupacional del activo, no se pueden realizar visitas al mismo. Piso de segunda mano en venta situado en Madrid, más concretamente en el barrio de La Latina. Cuenta con una superficie de 80 m² distribuidos e",https://www.idealista.com/inmueble/105745692/
99,2,"Piso en calle de Santa Ana, Lavapiés-Embajadores, Madrid",340000,80,1.0,,flat,Embajadores,"tOportunidad sólo para inversores. El activo se encuentra ocupado por persona sin justo título. Debido al estado ocupacional del activo, no se pueden realizar visitas al mismo. Piso de segunda mano en venta situado en Madrid, más concretamente en el barrio de La Latina. Cuenta con una superficie de 80 m² distribuidos e",https://www.idealista.com/inmueble/106657042/
100,2,"Chalet adosado en calle Matachel, Butarque, Madrid",390000,136,3.0,,house_or_chalet,Butarque,"¡Descubre tu nuevo hogar con LINKCASA EMBAJADORES SERVICIO INMOBILIARIO! .Te presentamos en exclusiva este encantador CHALET REFORMADO, situado en una de las zona más demandadas de Villaverde, en una ubicación inmejorable, a solo 1 minuto a pie de la estación de cercanías de Villaverde Bajo, que te llevará al corazón",https://www.idealista.com/inmueble/106916800/
100,2,"Chalet adosado en calle Matachel, Butarque, Madrid",390000,136,3.0,,house_or_chalet,Butarque,"¡Descubre tu nuevo hogar con LINKCASA EMBAJADORES SERVICIO INMOBILIARIO! .Te presentamos en exclusiva este encantador CHALET REFORMADO, situado en una de las zona más demandadas de Villaverde, en una ubicación inmejorable, a solo 1 minuto a pie de la estación de cercanías de Villaverde Bajo, que te llevará al corazón",https://www.idealista.com/inmueble/106997555/
101,2,"Piso en calle del Reloj, Palacio, Madrid",310000,40,1.0,,flat,Palacio,"Este acogedor apartamento, situado junto al Senado, fue recientemente reformado y está listo para entrar a vivir. Ubicado en una calle privada, ofrece tranquilidad, absoluto silencio y la máxima seguridad gracias a la vigilancia constante del edificio del Senado. El entorno privado y protegido lo convierte en un lugar",https://www.idealista.com/inmueble/106995016/
101,2,"Piso en calle del Reloj, Palacio, Madrid",310000,40,1.0,,flat,Palacio,"Este acogedor apartamento, situado junto al Senado, fue recientemente reformado y está listo para entrar a vivir. Ubicado en una calle privada, ofrece tranquilidad, absoluto silencio y la máxima seguridad gracias a la vigilancia constante del edificio del Senado. El entorno privado y protegido lo convierte en un lugar",https://www.idealista.com/inmueble/107063842/
102,2,"Piso en calle de Monseñor Oscar Romero, Puerta Bonita, Madrid",399000,171,3.0,2.0,flat,Puerta Bonita,"La Casa Agency presenta esta exclusiva y única vivienda EN CALLE MONSEÑOR ÓSCAR ROMERO CON 3 DORMITORIOS, 2 BAÑOS, PISCINA, PLAZA DE GARAJE Y TRASTERO.Piso exterior nuevo para estrenar, muy luminoso, en una estupenda urbanización con piscina.Consta de 171 m2 construidos, 103m2 útiles. Se distribuye en hall de entra",https://www.idealista.com/inmueble/106139382/
102,2,"Piso en calle de Monseñor Oscar Romero, Puerta Bonita, Madrid",399000,171,3.0,2.0,flat,Puerta Bonita,"La Casa Agency presenta esta exclusiva y única vivienda EN CALLE MONSEÑOR ÓSCAR ROMERO CON 3 DORMITORIOS, 2 BAÑOS, PISCINA, PLAZA DE GARAJE Y TRASTERO.Piso exterior nuevo para estrenar, muy luminoso, en una estupenda urbanización con piscina.Consta de 171 m2 construidos, 103m2 útiles. Se distribuye en hall de entra",https://www.idealista.com/inmueble/106144739/
103,2,"Piso en calle de Jorge Juan, Recoletos, Madrid",3690000,251,3.0,,flat,Recoletos,Belton Real Estate ofrece en exclusiva esta maravillosa vivienda en una de las calles más emblemáticos de Recoletos.Situada en una de las fincas mas prestigiosas del Barrio Salamanca nos encontramos con esta maravillosa vivienda reformada que goza de gran luminosidad y vistas privilegiadas.Sus 251 metros cuadrados,https://www.idealista.com/inmueble/106199641/
103,2,"Piso en calle de Jorge Juan, Recoletos, Madrid",3690000,251,3.0,,flat,Recoletos,Belton Real Estate ofrece en exclusiva esta maravillosa vivienda en una de las calles más emblemáticos de Recoletos.Situada en una de las fincas mas prestigiosas del Barrio Salamanca nos encontramos con esta maravillosa vivienda reformada que goza de gran luminosidad y vistas privilegiadas.Sus 251 metros cuadrados,https://www.idealista.com/inmueble/106707317/
104,2,"Piso en calle de la Cava Baja, Palacio, Madrid",435000,40,1.0,,flat,Palacio,"^**^GLAMOUR EN EL CORAZON DE MADRID, EMBLEMATICO APARTAMENTO EN EL MADRID DE LOS AUSTRIAS^**^Se vende un fabuloso apartamento de 40 metros cuadrados, una auténtica pieza única de colección, ubicada en la prestigiosa Cava Baja, donde se encuentran los restaurantes más famosos y la vida más glamurosa de la ciudad.Se en",https://www.idealista.com/inmueble/102101515/
104,2,"Piso en calle de la Cava Baja, Palacio, Madrid",435000,40,1.0,,flat,Palacio,"^**^GLAMOUR EN EL CORAZON DE MADRID, EMBLEMATICO APARTAMENTO EN EL MADRID DE LOS AUSTRIAS^**^Se vende un fabuloso apartamento de 40 metros cuadrados, una auténtica pieza única de colección, ubicada en la prestigiosa Cava Baja, donde se encuentran los restaurantes más famosos y la vida más glamurosa de la ciudad.Se en",https://www.idealista.com/inmueble/102108438/
105,3,"Ático en calle de Tarragona, Palos de la Frontera, Madrid",585000,85,1.0,,penthouse,Palos de la Frontera,TU PISO vende espectacular Ático ubicado en una Sexta planta con ascensor en uno de los barrios más requeridos de Madrid. El Ático recientemente reformado con materiales de primera calidad y decorado con un proyecto de interiorismo que resalta su belleza y funcionalidad. Propiedad que en su origen era de dos dormitorio,https://www.idealista.com/inmueble/106905304/
105,3,"Ático en calle de Tarragona, Palos de la Frontera, Madrid",585000,85,1.0,,penthouse,Palos de la Frontera,TU PISO vende espectacular Ático ubicado en una Sexta planta con ascensor en uno de los barrios más requeridos de Madrid. El Ático recientemente reformado con materiales de primera calidad y decorado con un proyecto de interiorismo que resalta su belleza y funcionalidad. Propiedad que en su origen era de dos dormitorio,https://www.idealista.com/inmueble/106905414/
105,3,"Ático en calle de Tarragona, Palos de la Frontera, Madrid",585000,85,1.0,,penthouse,Palos de la Frontera,TU PISO vende espectacular Ático ubicado en una Sexta planta con ascensor en uno de los barrios más requeridos de Madrid. El Ático recientemente reformado con materiales de primera calidad y decorado con un proyecto de interiorismo que resalta su belleza y funcionalidad. Propiedad que en su origen era de dos dormitorio,https://www.idealista.com/inmueble/106905506/
106,3,"Piso en calle del General Ricardos, Opañel, Madrid",260000,68,3.0,,flat,Opañel,"La Casa Agency tiene el placer de poner en venta una increíble vivienda familiar en una de las zonas más codiciadas de Oporto.Situado en la 3ra planta con ascensor a reformar, este magnífico inmueble cuenta con 68mtrs distribuidos en un amplio salón luminoso, tres cómodos dormitorios, cocina independiente con una peq",https://www.idealista.com/inmueble/106778925/
106,3,"Piso en calle del General Ricardos, Opañel, Madrid",260000,68,3.0,,flat,Opañel,"La Casa Agency tiene el placer de poner en venta una increíble vivienda familiar en una de las zonas más codiciadas de Oporto.Situado en la 3ra planta con ascensor a reformar, este magnífico inmueble cuenta con 68mtrs distribuidos en un amplio salón luminoso, tres cómodos dormitorios, cocina independiente con una peq",https://www.idealista.com/inmueble/106783141/
106,3,"Piso en calle del General Ricardos, Opañel, Madrid",260000,68,3.0,,flat,Opañel,"La Casa Agency tiene el placer de poner en venta una increíble vivienda familiar en una de las zonas más codiciadas de Oporto.Situado en la 3ra planta con ascensor a reformar, este magnífico inmueble cuenta con 68mtrs distribuidos en un amplio salón luminoso, tres cómodos dormitorios, cocina independiente con una peq",https://www.idealista.com/inmueble/106857609/
107,2,"Piso en calle de Viriato, Trafalgar, Madrid",875000,83,2.0,,flat,Trafalgar,"Se vende espectacular Piso todo exterior con mucha luz natural y buenas vistas a dos calles y recién reformado a estrenar con materiales de máxima calidad.Se distribuye en dos Dormitorios ( uno de ellos en suite con Vestidor, baño incorporado y Terraza a dos calles ). El otro dormitorio con armario empotrado grande h",https://www.idealista.com/inmueble/105915633/
107,2,"Piso en calle de Viriato, Trafalgar, Madrid",875000,83,2.0,,flat,Trafalgar,"Se vende espectacular Piso todo exterior con mucha luz natural y buenas vistas a dos calles y recién reformado a estrenar con materiales de máxima calidad.Se distribuye en dos Dormitorios ( uno de ellos en suite con Vestidor, baño incorporado y Terraza a dos calles ). El otro dormitorio con armario empotrado grande h",https://www.idealista.com/inmueble/106711657/
