titulo,price_eur,area_m2,price_per_m2,habitaciones,baños,tags,descripcion,neighborhood_name_final,flag_special_occupied_or_no_possession,flag_special_bare_ownership_or_usufruct,flag_special_partial_ownership,flag_special_auction,flag_special_tenant_or_rented,special_transaction_reasons,Enlace
"Piso en calle Cabo Nicolás Mur, San Isidro, Madrid",149000,91,1637.3626373626373,3.0,0,"PISO,EXCLUSIVA,INMOBILIARIA,OPORTUNIDAD","Inmobiliarias Encuentro vende en exclusiva la NUDA PROPIEDAD PARA INVERSORES Presentamos este fantástico piso en el barrio de San Isidro, Madrid, ideal para quienes buscan una excelente oportunidad de inversión. Se trata de una nuda propiedad, lo que lo convierte en una opción altamente atractiva para garantizar rentab",San Isidro,False,True,False,False,False,bare_ownership_or_usufruct,https://www.idealista.com/inmueble/106906044/
"Piso en calle de Rodríguez Espinosa, s/n, Palomeras Bajas, Madrid",70000,43,1627.906976744186,1.0,0,OPORTUNIDAD,"OPORTUNIDAD INMUEBLE SIN POSESIÓN, NO SE PUEDE VISITAR, PROPIO PARA INVERSORES O VECINOS QUE CONOZCAN EL INMUEBLE.Disponemos de una amplia cartera de inmuebles sin posesión en Madrid y en toda España, PROPIO PEQUEÑO Y GRAN INVERSOR.Madrid es un municipio y una ciudad de España.La localidad, con categoría histórica",Palomeras Bajas,True,False,False,False,False,occupied_or_no_possession,https://www.idealista.com/inmueble/105588381/
"Piso en calle del Corregidor Señor de la Elipa, Marroquina, Madrid",152000,55,2763.6363636363635,2.0,0,"PISO,EXCLUSIVA,INTERIOR","Inmueble sin posesión y sin acceso al interior. Las fotografías del interior y las características del activo, pueden no ajustarse al estado actual. ¿Estás interesado en comprar un piso en Madrid?¡Tenemos en exclusiva un piso para ti!Disponemos de un piso en edificio residencial que puedes adquirir en propiedad, co",Marroquina,True,False,False,False,False,occupied_or_no_possession,https://www.idealista.com/inmueble/106410784/
"Piso en calle Azagra, 14, Pinar del Rey, Madrid",136000,68,2000.0,1.0,0,"PISO,OPORTUNIDAD","NO TE COBRAMOS COMISION. Oportunidad sólo para inversores. El activo se encuentra ocupado por personas sin titulo en vigor, se trata de anteriores inquilinos que no pagas.Debido al estado ocupacional del activo, no se pueden realizar visitas al mismo.Piso de segunda mano en venta situado en Madrid capital, zona de H",Pinar del Rey,True,False,False,False,False,occupied_or_no_possession,https://www.idealista.com/inmueble/107137889/
"Piso en avenida de Hellín, Hellín, Madrid",128000,59,2169.491525423729,20.0,0,"VIVIENDA,FINCA","Especial Inversores. Se vende ALQUILADO A TERCEROS renta mercado. No podemos dar acceso a la vivienda para visitarla. En consecuencia, no podría constituirse financiación hipotecaria sobre este tipo de fincas, cuya adquisición requerirá el otorgamiento de otro tipo de garantías en caso de solicitarse financiación.Func",Hellín,False,False,False,False,True,tenant_or_rented,https://www.idealista.com/inmueble/106562409/
"Piso en calle del General Ricardos, Opañel, Madrid",146990,72,2041.5277777777778,2.0,0,"PISO,FINCA,METRO","Housfy vende NUDA PROPIEDAD en Opañel, Carabanchel, Madrid.Detalles del inmueble:-Se vende NUDA PROPIEDAD con USUFRUCTUARIO de 75 años.-NO SE PUEDE VISITAR.- Piso de 72 m2 en Opañel. (Los metros cuadrados están verificados con la Dirección General de Catastro).-Finca con ascensor de 1951.-Para más información p",Opañel,False,True,False,False,False,bare_ownership_or_usufruct,https://www.idealista.com/inmueble/106290402/
"Piso en Niño Jesús, Madrid",825000,175,4714.285714285715,3.0,0,"VIVIENDA,AMPLIO,VISTAS,PARQUE,JARDÍN,EXTERIOR","Interesante vivienda junto al Parque de El RetiroSe vende la NUDA PROPIEDAD de esta vivienda situada en una ubicación privilegiada, junto al Parque de El Retiro, en el barrio residencial del Niño Jesús.El amplio salón-comedor, con vistas exteriores hacia un jardín, se divide en dos cómodos ambientes comunicados entr",Niño Jesús,False,True,False,False,False,bare_ownership_or_usufruct,https://www.idealista.com/inmueble/106160082/
"Piso en calle de los Jaramagos, Valdeacederas, Madrid",119500,63,1896.8253968253969,3.0,0,"PISO,FINCA,EXTERIOR,INTERIOR","ATENCIÓN inversores, ponemos a la venta este piso ( Se vende la "" NUDA PROPIEDAD "") y por lo tanto el actual usufructuario, permanecerá viviendo en él.Se trata de un piso de 3 dormitorios + salón+cocina+wc exterior a la calle 2 de los dormitorios, y desde la parte interior de la finca se ven al fondo las 4 torres del",Valdeacederas,False,True,False,False,False,bare_ownership_or_usufruct,https://www.idealista.com/inmueble/106893532/
"Piso en calle de los Herbolarios, Arcos, Madrid",129000,60,2150.0,2.0,0,"PISO,EXCLUSIVA,INTERIOR","Inmueble sin posesión y sin acceso al interior. Las fotografías del interior y las características del activo, pueden no ajustarse al estado actual.NO COBRAMOS COMISIÓN DE INTERMEDIACIÓN AL COMPRADOR¡Tenemos en exclusiva un piso para ti!Disponemos de un piso en edificio residencial que puedes adquirir en propied",Arcos,True,False,False,False,False,occupied_or_no_possession,https://www.idealista.com/inmueble/106798181/
"Piso en calle de Juan de Vera, 4, Delicias, Madrid",256400,66,3884.848484848485,1.0,0,"PISO,OPORTUNIDAD","******Oportunidad sólo para inversores. El activo se encuentra ocupado sin título legal en vigor: se trata de un alquiler vencido. Debido al estado ocupacional del activo, no se pueden realizar visitas al mismo.Piso de segunda mano en venta situado en Madrid. Cuenta con una superficie de 66,67m² distribuidos en 1 dor",Delicias,True,False,False,False,False,occupied_or_no_possession,https://www.idealista.com/inmueble/107149465/
"Piso en calle de Belzunegui, Puerta Bonita, Madrid",119000,65,1830.7692307692307,2.0,0,"VIVIENDA,PISO","PISO OCUPADO POR PERSONA SIN JUSTO TÍTULO (Antiguo Deudor Hipotecario) ESTE INMUEBLE DEBIDO A SU ESTADO OCUPACIONAL NO ADMITE VISITASIDEAL PARA INVERSORESVivienda de 62 m², según Catastro, y 3 m² de elementos comunes, a la venta en Carabanchel, Madrid. La vivienda está distribuida en salón-comedor, dos dormitorios, un",Puerta Bonita,True,False,False,False,False,occupied_or_no_possession,https://www.idealista.com/inmueble/106141425/
"Piso en calle del Bario, 18, Butarque, Madrid",221200,85,2602.3529411764707,3.0,0,"PISO,OPORTUNIDAD","NO TE COBRAMOS COMISION. Oportunidad sólo para inversores. El activo se encuentra ocupado por personas sin título en vigor, se trata de anteriores inquilinos que no pagas.Debido al estado ocupacional del activo, no se pueden realizar visitas al mismo.Piso de segunda mano en venta situado en Madrid capital, zona de V",Butarque,True,False,False,False,False,occupied_or_no_possession,https://www.idealista.com/inmueble/107149314/
"Piso en calle de José del Pino Jiménez, Villaverde Alto, Madrid",151000,70,2157.1428571428573,2.0,0,"PISO,INTERIOR","Inmueble sin posesión y sin acceso al interior. Las fotografías del interior y las características del activo pueden no ajustarse al estado actual.NO COBRAMOS COMISIÓN DE INTERMEDIACIÓN AL COMPRADOR. Disponemos de un piso en edificio residencial que puedes adquirir en propiedad, muy bien distribuido y con distintas",Villaverde Alto - Casco Histórico de Villaverde,True,False,False,False,False,occupied_or_no_possession,https://www.idealista.com/inmueble/107194756/
"Dúplex en Pau de Carabanchel, Madrid",195000,95,2052.6315789473683,1.0,0,"OPORTUNIDAD,INTERIOR",***INMUEBLE OCUPADO POR TERCERO SIN TÍTULO***Oportunidad de inversión: inmueble ocupado Imposibilidad de visita interior. Las fotografías son de una unidad similar. Pueden no corresponderse con el estado actual del inmueble.El precio del inmueble ha sido fijado en atención a que el inmueble se adquiera por el comp,Buenavista,True,False,False,False,False,occupied_or_no_possession,https://www.idealista.com/inmueble/89024965/
"Piso en calle de la Cerrajería, Amposta, Madrid",86000,54,1592.5925925925926,2.0,0,"PISO,EXCLUSIVA,INTERIOR","Inmueble sin posesión y sin acceso al interior. Las fotografías del interior y las características del activo, pueden no ajustarse al estado actual.NO COBRAMOS COMISIÓN DE INTERMEDIACIÓN AL COMPRADOR¡Tenemos en exclusiva un piso para ti!Disponemos de un piso en edificio residencial que puedes adquirir en propied",Amposta,True,False,False,False,False,occupied_or_no_possession,https://www.idealista.com/inmueble/106798169/
"Piso en Valdeacederas, Madrid",241000,75,3213.3333333333335,2.0,0,"OPORTUNIDAD,INTERIOR","Oportunidad de inversión: inmueble sin posesión.Imposibilidad de visita interior, no se puede financiar la compra de este inmueble.Advertimos que la información contenida puede no estar actualizada, solicita más información sobre el activo sin compromiso.Investment opportunity: housing without possession.Imposs",Valdeacederas,True,False,False,False,False,occupied_or_no_possession,https://www.idealista.com/inmueble/107085901/
"Piso en calle de Mercedes Arteaga, s/n, Opañel, Madrid",140000,69,2028.9855072463768,2.0,0,OPORTUNIDAD,"OPORTUNIDAD INMUEBLE SIN POSESIÓN, NO SE PUEDE VISITAR, PROPIO PARA INVERSORES O VECINOS QUE CONOZCAN EL INMUEBLE.Disponemos de una amplia cartera de inmuebles sin posesión en Madrid y en toda España, PROPIO PEQUEÑO Y GRAN INVERSOR.Madrid es un municipio y una ciudad de España.La localidad, con categoría histórica",Opañel,True,False,False,False,False,occupied_or_no_possession,https://www.idealista.com/inmueble/105568405/
"Piso en plaza de Ribadeo, 4, Pilar, Madrid",126800,53,2392.4528301886794,1.0,0,OPORTUNIDAD,"******Oportunidad sólo para inversores. El activo se encuentra ocupado: se trata de un alquiler DE RENTA ANTIGUA: La renta mensual actual de este inmueble es de 306.61 €, siendo un contrato de renta antigua. A fecha de publicación del presente anuncio el arrendatario se encuentra al corriente de pago de sus obligacione",Pilar,True,False,False,False,False,occupied_or_no_possession,https://www.idealista.com/inmueble/107139637/
"Piso en calle de Hermosilla, Fuente del Berro, Madrid",550000,115,4782.608695652174,3.0,0,"PISO,AMPLIO,LUMINOSO","PISO OCUPADO POR PERSONA SIN JUSTO TÍTULOESTE INMUEBLE DEBIDO A SU ESTADO OCUPACIONAL NO ADMITE VISITASIDEAL PARA INVERSORESAmplio y luminoso piso de 115 m², según Catastro e incluyendo elementos comunes, a la venta en el barrio de Salamanca, zona prime de Madrid. Es una 1ª Planta en un bloque con ascensor. Excelente u",Fuente del Berro,True,False,False,False,False,occupied_or_no_possession,https://www.idealista.com/inmueble/105855459/
"Piso en calle de Bravo Murillo, 213 ---- bis, Berruguete, Madrid",299000,123,2430.8943089430895,4.0,0,"VIVIENDA,EXCLUSIVA,INMOBILIARIA,REFORMADA,EXTERIOR","NUDA PROPIEDAD! SOLO INVERSORESNUDA PROPIEDAD! SOLO INVERSORESFUNCIONA INMOBILIARIA vende en exclusiva LA NUDA PROPIEDAD de esta fantástica vivienda reformada, exterior y muy luminosa en la calle Bravo Murillo.FANTÁSTICA INVERSIÓN A MEDIO-LARGO PLAZO, UN ÚNICO PROPIETARIO DE 65 AÑOS DE EDAD!La vivienda se encu",Berruguete,False,True,False,False,False,bare_ownership_or_usufruct,https://www.idealista.com/inmueble/104505132/
"Piso en Los Rosales, Madrid",93400,62,1506.4516129032259,3.0,1,"PISO,TERRAZA,LUMINOSO,OPORTUNIDAD","No cobramos comisión al comprador. INMUEBLE OCUPADO. ¡Gran oportunidad PARA INVERSORES en Los Rosales, Villaverde Bajo!Piso con ASCENSOR en excelente ubicación. Superficie construida: 62,1 m². Distribución: Salón luminoso, cocina independiente, 3 dormitorios, 1 baño con ducha y terraza de 2,82 m².El Inmueble se tr",Los Rosales,True,False,False,False,False,occupied_or_no_possession,https://www.idealista.com/inmueble/106816988/
"Dúplex en calle de Trefacio, Canillas, Madrid",275000,70,3928.5714285714284,2.0,0,"OPORTUNIDAD,DÚPLEX","Le´Corbusier vende magnífico dúplex en Canillas con Rentabilidad Garantizada! Excelente Ubicación¡Oportunidad única para inversores! Este dúplex de 2 dormitorios es perfecto para quienes buscan una inversión segura y rentable. Con inquilinos solventes que abonan una reta mensual de 940€, disfrutarás de una rentabilid",Canillas,False,False,False,False,True,tenant_or_rented,https://www.idealista.com/inmueble/107096735/
"Piso en Aluche, Madrid",102000,77,1324.6753246753246,3.0,1,"PISO,OPORTUNIDAD,PATIO","No cobramos comisión al comprador. INMUEBLE OCUPADO. - ¡Oportunidad única PARA INVERSORES, estupendo piso en Aluche! .Distribución ideal: 3 dormitorios, salón, cocina independiente, 1 baño y patio.El Inmueble se transmite ocupado por tercero no pudiendo hacer visitas físicas al inmueble. El precio ha sido determin",Aluche,True,False,False,False,False,occupied_or_no_possession,https://www.idealista.com/inmueble/107251427/
"Piso en Portazgo, Madrid",140085,58,2415.2586206896553,2.0,0,,******************************** Inmueble sin POSESIÓN********** SIN POSIBILIDAD DE FINANCIACIÓN AL ENCONTRARSE EN CESIÓN DE REMATE**********Las características del inmueble descrito en este anuncio no han podido ser verificadas y deben considerarse como orientativas.Al tratarse de una Cesión de Remate derivada de,Portazgo,True,False,False,True,False,occupied_or_no_possession|auction,https://www.idealista.com/inmueble/106789861/
"Piso en camino Viejo de Leganés, Puerta Bonita, Madrid",178000,82,2170.731707317073,3.0,0,"PISO,OPORTUNIDAD","¡Oportunidad única para inversores! esta maravillosa propiedad se vende alquilada con contrato en vigor hasta junio de 2026 y que además cuenta con un seguro de protección de alquile.Este magnífico piso de 82 m² construidos, ubicado en una zona muy comercial, te ofrece todo lo que necesitas y más. A solo 10 minutos a",Puerta Bonita,False,False,False,False,True,tenant_or_rented,https://www.idealista.com/inmueble/105896823/
"Piso en calle de Zaida, 9, San Isidro, Madrid",112000,67,1671.641791044776,1.0,0,"VIVIENDA,PISO","Venta de Piso en San Isidro – MadridEn Servicheck, ponemos a la venta este piso ubicado en el barrio de San Isidro, Madrid.Nota importante: Actualmente, la vivienda está ocupada y no es posible realizar visitas.La vivienda cuenta con:1 habitaciónSalón-comedorCocina1 bañoEl inmueble está situado en la tercera",San Isidro,True,False,False,False,False,occupied_or_no_possession,https://www.idealista.com/inmueble/107153595/
"Piso en calle de Puentelarra, Santa Eugenia, Madrid",167700,89,1884.2696629213483,3.0,0,PISO,"LAS FOTOS DEL INMUEBLE SE ENVIARÁN POR PRIVADO¡Fantástica INVERSIÓN!Se vende la NUDA PROPIEDAD de este fantástico piso en Calle Puentelarra, Madrid.Los actuales propietarios, señor de 79 años y señora de 81 años, conservarán el derecho de uso y disfrute de la propiedad de por vida. La propiedad tiene un valor de me",Santa Eugenia,False,True,False,False,False,bare_ownership_or_usufruct,https://www.idealista.com/inmueble/107296384/
"Piso en calle de Godella, s/n, San Cristóbal, Madrid",70250,57,1232.4561403508771,3.0,0,OPORTUNIDAD,"OPORTUNIDAD INMUEBLE SIN POSESIÓN, NO SE PUEDE VISITAR, PROPIO PARA INVERSORES O VECINOS QUE CONOZCAN EL INMUEBLE.Disponemos de una amplia cartera de inmuebles sin posesión en Madrid y en toda España, PROPIO PEQUEÑO Y GRAN INVERSOR.Madrid es un municipio y una ciudad de España.La localidad, con categoría histórica",San Cristóbal,True,False,False,False,False,occupied_or_no_possession,https://www.idealista.com/inmueble/105749790/
"Piso en calle Villaveza, 6, Villaverde Alto, Madrid",83000,50,1660.0,2.0,0,PISO,"InversiÓn. ***SE VENDE PISO SIN POSESION VILLAVERDE, JUNTO A PASEO FERROVIARIOS.TE VENDEMOS LA PROPIEDAD Y EL COMPRADOR TIENE QUE CONSEGUIR LA POSESION (LLAVES) PACÍFICAMENTE O POR EL JUZGADO, LO QUE CORRESPONDA.NO HAY COMISION DE AGENCIA/ no se puede ver y no se puede pedir hipotecaInmueble se encuentra ocupado il",Villaverde Alto - Casco Histórico de Villaverde,True,False,False,False,False,occupied_or_no_possession,https://www.idealista.com/inmueble/105736044/
"Piso en calle Benjamín, 27, Valdeacederas, Madrid",214900,52,4132.692307692308,2.0,0,"PISO,REFORMADO,AMPLIO,LUMINOSO,EQUIPADA,ELECTRODOMÉSTICOS,EXTERIOR","Piso actualmente alquilado, muy luminoso situado en una segunda planta. El piso está totalmente reformado, compuesto de dos dormitorios. los dos exteriores y con muy buena luz, luminosa cocina totalmente equipada con los electrodomésticos empotrados, amplio salón y baño completamente reformado.",Valdeacederas,False,False,False,False,True,tenant_or_rented,https://www.idealista.com/inmueble/105957290/
"Piso en calle de Chucurí, Pinar del Rey, Madrid",152000,84,1809.5238095238096,3.0,0,"VIVIENDA,PISO,TERRAZA","PISO OCUPADO POR PERSONA SIN JUSTO TÍTULOESTE INMUEBLE DEBIDO A SU ESTADO OCUPACIONAL NO ADMITE VISITASIDEAL PARA INVERSORESPiso de 78 m², según Catastro, y 6 m² de elementos comunes. La vivienda consta de vestíbulo, comedor, tres dormitorios, pasillo, cocina, cuarto de baño y dos terrazas, una de ellas tendedero. (La",Pinar del Rey,True,False,False,False,False,occupied_or_no_possession,https://www.idealista.com/inmueble/99561103/
"Piso en calle de Oña, Virgen del Cortijo - Manoteras, Madrid",300000,109,2752.293577981651,4.0,0,"PISO,AMPLIO,OPORTUNIDAD","OPORTUNIDAD UNICA PRECIO INMEJORABLE, PISO OCUPADO NO SE PUEDE VISITAR, PROPIO INVERSORES. Pero si puedes seguirnos en nuestro Instagram @housebox_re, para conocer más inmuebles de tu interés.Inmueble, propio empresas inversoras. Es un inmueble amplio, consta de cuatro dormitorios, una cocina, un cuarto de baño, un cu",Valdefuentes,True,False,False,False,False,occupied_or_no_possession,https://www.idealista.com/inmueble/102474405/
"Piso en calle de Servando Batanero, Pueblo Nuevo, Madrid",350000,65,5384.615384615385,3.0,0,"PISO,APARTAMENTO","SOLO INVERSORES - INMUEBLE ALQUILADORentabilidad: 6,61%inicio contrato: 01/11/2024fin contrato: 31/10/2029Propiedad con inquilino construida en el 1978 en Madrid, Madrid. Es un piso cuenta con 56,52m2 útiles, se distribuye en 3 mini apartamentos, cada uno cocina-salón, baño, 1 habitación. Apartamentos cuentan con",Pueblo Nuevo,False,False,False,False,True,tenant_or_rented,https://www.idealista.com/inmueble/107117572/
"Piso en calle de Sor María de Ágreda, s/n, Ventas, Madrid",180000,86,2093.0232558139537,3.0,0,PISO,"PISO OCUPADO POR PERSONA SIN JUSTO TÍTULOESTE INMUEBLE DEBIDO A SU ESTADO OCUPACIONAL NO ADMITE VISITASIDEAL PARA INVERSORESPiso de 86 m², según Catastro, y 7 m² de elementos comunes. Es una planta baja en un bloque sin ascensor. Está situado en el distrito de Ciudad Lineal, Madrid. Buenas comunicaciones por carretera",Ventas,True,False,False,False,False,occupied_or_no_possession,https://www.idealista.com/inmueble/105997367/
"Piso en calle de Galileo, Arapiles, Madrid",379000,57,6649.122807017544,1.0,0,"PISO,REFORMADO,TERRAZA,AMPLIO","EXCELENTE RENTABILIDAD , APROVECHAEn venta, piso muy amplio en pleno corazón de ARGÜELLESPiso reformado hace poco tiempo, actualmente alquilado en alquiler temporal que concluye muy pronto. Dispone de un dormitorio muy amplio, salón, cocina-comedor muy amplia, baño y una pequeña terraza a la que solo puede acceder el propietario.La zona es excelente,",Arapiles,False,False,False,False,True,tenant_or_rented,https://www.idealista.com/inmueble/107013131/
"Piso en Palomeras Bajas, Madrid",79900,56,1426.7857142857142,3.0,1,"PISO,OPORTUNIDAD","No cobramos comisión al comprador. INMUEBLE OCUPADO. - ¡Oportunidad única PARA INVERSORES, estupendo piso en Palomeras! .Si buscas una inversión segura en una de las zonas más demandadas de Madrid, ¡este piso es para ti!Distribución ideal: 3 dormitorios, salón, cocina independiente, 1 baño y tendedero.El Inmueb",Palomeras Bajas,True,False,False,False,False,occupied_or_no_possession,https://www.idealista.com/inmueble/107263709/
"Piso en calle Blasón, 13, Puerta Bonita, Madrid",75000,73,1027.3972602739725,3.0,1,"VIVIENDA,TERRAZA,INMOBILIARIA","FONDO DE INVERSION LIQUIDA ACTIVOS EN PROCESO DE DEPURACIONEn este caso se trata de 2/3 de la Nuda Propiedad de una vivienda de 73m2, 3 habitaciones, 1 baño, terraza, cocina individual, y salón-comedor. Existe un usufructo vitalicio a favor de una señora de edad 93 años.No se permite gestión por inmobiliarias o i",Puerta Bonita,False,True,False,False,False,bare_ownership_or_usufruct,https://www.idealista.com/inmueble/103182763/
"Piso en calle de Francisco Paíno, 10, Abrantes, Madrid",119500,72,1659.7222222222222,2.0,0,"VIVIENDA,PISO,EXTERIOR",Venta de piso mediante Cesion de Remate judicial. NO es posible visitar la vivienda. Es exterior y cuenta con 2 habitaciones.,Abrantes,False,False,False,True,False,auction,https://www.idealista.com/inmueble/106923036/
"Piso en Valdeacederas, Madrid",244000,62,3935.483870967742,3.0,0,,******************************** Inmueble sin POSESIÓN********** SIN POSIBILIDAD DE FINANCIACIÓN AL ENCONTRARSE EN CESIÓN DE REMATE**********Las características del inmueble descrito en este anuncio no han podido ser verificadas y deben considerarse como orientativas.Al tratarse de una Cesión de Remate derivada de,Valdeacederas,True,False,False,True,False,occupied_or_no_possession|auction,https://www.idealista.com/inmueble/106789132/
"Piso en calle Lagunas de Neila, Villaverde Alto, Madrid",285000,141,2021.276595744681,4.0,2,"OPORTUNIDAD,APARTAMENTO","“Oportunidad sólo para inversores. El activo se encuentra ocupado. Debido al estado ocupacional del activo, no se pueden realizar visitas al mismo.” Apartamento de segunda mano en venta situado en la provincia de Madrid. Cuenta con una superficie de 141,8m² distribuidos en 4 dormitorios y 2 baños. Se localiza en la cal",Villaverde Alto - Casco Histórico de Villaverde,True,False,False,False,False,occupied_or_no_possession,https://www.idealista.com/inmueble/105778237/
"Piso en calle Transmonte, 4, Arcos, Madrid",97920,50,1958.4,2.0,0,OPORTUNIDAD,"OPORTUNIDAD INMUEBLE SIN POSESIÓN, NO SE PUEDE VISITAR, PROPIO PARA INVERSORES O VECINOS QUE CONOZCAN EL INMUEBLE.Disponemos de una amplia cartera de inmuebles sin posesión en Madrid y en toda España, PROPIO PEQUEÑO Y GRAN INVERSOR.Madrid es un municipio y una ciudad de España.La localidad, con categoría histórica",Arcos,True,False,False,False,False,occupied_or_no_possession,https://www.idealista.com/inmueble/104866327/
"Piso en calle de la Hacienda de Pavones, Vinateros, Madrid",125000,42,2976.190476190476,1.0,0,"REFORMADO,ÁTICO,EXCLUSIVA,HOGAR","Mundhogar Consulting vende en exclusiva este acogedor inmueble reformado de 42 m² construidos con gran potencial en el emblemático barrio de Pavones.Inmueble actualmente en rentabilidad con inquilino por 700€/mes.Este local cuenta con cocina americana, aire acondicionado con bomba de calor, baño con ducha integrad",Vinateros,False,False,False,False,True,tenant_or_rented,https://www.idealista.com/inmueble/106927881/
"Piso en Vista Alegre, Madrid",163000,90,1811.111111111111,2.0,0,"OPORTUNIDAD,INTERIOR","Oportunidad de inversión: inmueble sin posesión.Imposibilidad de visita interior, no se puede financiar la compra de este inmueble.Advertimos que la información contenida puede no estar actualizada, solicita más información sobre el activo sin compromiso.Investment opportunity: housing without possession.Imposs",Vista Alegre,True,False,False,False,False,occupied_or_no_possession,https://www.idealista.com/inmueble/107122996/
"Piso en calle del Pico Cebollera, San Diego, Madrid",33500,51,656.8627450980392,1.0,0,"VIVIENDA,PISO,OPORTUNIDAD,INTERIOR","¡OPORTUNIDAD VENTA SIN POSESIÓN! El inmueble no se puede visitar interiormente.Este tipo de compra no admite hipoteca. LEA LAS CONDICIONES a continuación.Magnífica oportunidad de piso situado en Madrid, con una inmensa variedad de servicios, tanto de ocio como de necesidad a su alrededor.La vivienda tiene una supe",San Diego,True,False,False,False,False,occupied_or_no_possession,https://www.idealista.com/inmueble/106987531/
"Piso en calle Comandante Benítez, Chopera, Madrid",276500,86,3215.1162790697676,3.0,0,"EXCLUSIVA,INMOBILIARIA,OPORTUNIDAD,CASA","Agencia inmobiliaria de MADRID – zona DELICIAS – PASEO DELICIAS - ATOCHA – EMBAJADORES - TECNOCASA - VENDE - OPORTUNIDADNOTA IMPORTANTE: La propiedad se encuentra en régimen de PROINDIVISO del 85%, por lo que está destinada exclusivamente a inversores familiarizados con este tipo de operaciones.Una oportunidad únic",Chopera,False,False,True,False,False,partial_ownership,https://www.idealista.com/inmueble/106679866/
"Chalet pareado en calle de las Islas de Cabo Verde, Peñagrande, Madrid",190000,243,781.8930041152263,1.0,0,"VIVIENDA,CHALET","Se vende proindiviso. Únicamente se vende el 31,21 de la propiedad. Chalet adosado de dos plantas sobre rasante en el municipio de Madrid. La vivienda tiene una superficie construida total de 243 m², y está compuesta de dos plantas. La planta baja se distribuye en acceso, aparcamiento al aire libre, salón-comedor, coci",Peñagrande,False,False,True,False,False,partial_ownership,https://www.idealista.com/inmueble/107240336/
"Piso en calle de Siderurgia, 11, Amposta, Madrid",70600,70,1008.5714285714286,2.0,0,OPORTUNIDAD,"****Oportunidad sólo para inversores. El activo se encuentra ocupado sin título legal en vigor: se trata de un alquiler vencido. Debido al estado ocupacional del activo, no se pueden realizar visitas al mismo.El inmueble se transmite arrendado a tercero y con un posible derecho de éste a la adquisición preferente del",Amposta,True,False,False,False,False,occupied_or_no_possession,https://www.idealista.com/inmueble/107108658/
"Piso en calle Litos, Los Ángeles, Madrid",69600,54,1288.888888888889,3.0,0,"VIVIENDA,PISO,OPORTUNIDAD","Oportunidad sólo para inversores. El activo se encuentra ocupado por persona sin justotítulo. Debido al estado ocupacional del activo, no se pueden realizar visitas al mismo.Piso de 55 m² en venta de 3 dormitorios, ubicado en Madrid. Bien comunicada, esta vivienda se localiza a 5 minutos de la estación de tren Puente A",Ángeles,True,False,False,False,False,occupied_or_no_possession,https://www.idealista.com/inmueble/107287423/
"Piso en Entrevías, Madrid",138000,70,1971.4285714285713,2.0,0,,Esta propiedad se encuentra alquilada. No se puede visitar. No apta para compradores que requieran financiación hipotecaria. El comprador se subrogara al contrato de alquiler vigente y a las condiciones indicadas en el contrato de alquiler vigente.La información proporcionada referente a la distribución y estructura,Entrevías,False,False,False,False,True,tenant_or_rented,https://www.idealista.com/inmueble/107089301/
"Piso en calle de Embajadores, Lavapiés-Embajadores, Madrid",151900,43,3532.5581395348836,2.0,0,"VIVIENDA,PISO,HALL","PISO OCUPADO. Se trata de una Vivienda situada en un edificio de cinco alturas sobre rasante, ubicado en la calle Embajadores, en la ciudad de Madrid. El edificio dispone de una cierta antigüedad, por lo que carece de ascensor. La vivienda tiene la siguiente distribución un hall de entrada, que da acceso a una cocina i",Embajadores,True,False,False,False,False,occupied_or_no_possession,https://www.idealista.com/inmueble/105768144/
"Piso en calle Marcelino Castillo, Aluche, Madrid",174000,102,1705.8823529411766,4.0,0,"VIVIENDA,PISO","PISO OCUPADO POR PERSONA SIN JUSTO TÍTULO (Antiguo Deudor Hipotecario)ESTE INMUEBLE DEBIDO A SU ESTADO OCUPACIONAL NO ADMITE VISITASIDEAL PARA INVERSORESAmplia vivienda de 94 m², según Catastro, y 8 m² de elementos comunes. La vivienda está distribuida en salón-comedor, cuatro dormitorios, un cuarto de baño, un aseo, c",Aluche,True,False,False,False,False,occupied_or_no_possession,https://www.idealista.com/inmueble/106141424/
"Ático en crisantemo, Valdeacederas, Madrid",370000,80,4625.0,2.0,2,"TERRAZA,ÁTICO,DÚPLEX,METRO","INMUEBLE CON INQUILINO. hasta 2027 Excelente ático dúplex, de 2 dormitorios y dos baños, con amplia terrazaDispone de dos plantas, en la planta de arriba dos habitaciones y un baño, en la planta de abajo salón comedor, cocina independiente, baño completo y terraza de unos 20 metros cuadrada.La zona es Marques de Vian",Valdeacederas,False,False,False,False,True,tenant_or_rented,https://www.idealista.com/inmueble/101943045/
"Piso en calle de Albares de la Ribera, Puerta Bonita, Madrid",60600,43,1409.3023255813953,2.0,0,"PISO,OPORTUNIDAD","Oportunidad sólo para inversores. El activo se encuentra ocupado. Debido al estado ocupacional del activo, no se pueden realizar visitas al mismo. Piso de segunda mano en venta situado en Madrid capital. Cuenta con una superficie de 44 m² distribuidos en varias dependencias y servicios. En sus inmediaciones dispone de",Puerta Bonita,True,False,False,False,False,occupied_or_no_possession,https://www.idealista.com/inmueble/104888500/
"Piso en calle de Herminio Puertas, Puerta del Ángel, Madrid",228000,83,2746.987951807229,3.0,0,"PISO,REFORMAR,EXTERIOR","Propiedad en venta, actualmente en rentabilidad, con contrato de alquiler, se puede visitar. Zona Latina – Puerta del Angel (Madrid).Es un piso exterior a reformar, lo que te da la posibilidad de personalizar cada rincón, con una superficie construida de 83 m². Se sitúa en la segunda planta de un edificio sin ascenso",Puerta del Ángel,False,False,False,False,True,tenant_or_rented,https://www.idealista.com/inmueble/107170522/
"Piso en calle del Campo de la Paloma, 52, Palomeras sureste, Madrid",90000,60,1500.0,3.0,0,"PISO,OPORTUNIDAD","OPORTUNIDAD.Vendo piso OCUPADO ilegalmente. el comprador se encarga de desocuparlo, no conocemos la situacion del mismo.",Palomeras Sureste,True,False,False,False,False,occupied_or_no_possession,https://www.idealista.com/inmueble/107070513/
"Piso en calle de San Anselmo, Palomeras Bajas, Madrid",89000,44,2022.7272727272727,2.0,0,"PISO,EXCLUSIVA,INTERIOR","Inmueble sin posesión y sin acceso al interior. Las fotografías del interior y las características del activo, pueden no ajustarse al estado actual.NO COBRAMOS COMISIÓN DE INTERMEDIACIÓN AL COMPRADORLes ofrecemos en exclusiva este piso en edificio residencial que puedes adquirir en propiedad, con una superficie de",Palomeras Bajas,True,False,False,False,False,occupied_or_no_possession,https://www.idealista.com/inmueble/106410617/
"Piso en calle de Virgen de Lluc, 120, Quintana, Madrid",235000,70,3357.1428571428573,3.0,0,OPORTUNIDAD,"negociables. Excelente ubicación, todo tipo de servicios alrededor, a 5 minutos andando de la calle Alcalá. Actualmente alquilado. Alto rendimiento. Magnífica oportunidad tanto para vivir como inversión.",Quintana,False,False,False,False,True,tenant_or_rented,https://www.idealista.com/inmueble/106866572/
"Piso en calle de la Imagen, San Diego, Madrid",78700,52,1513.4615384615386,1.0,0,"VIVIENDA,PISO,OPORTUNIDAD","Oportunidad sólo para inversores. El activo se encuentra ocupado por persona sin justo título. Debido al estado ocupacional del activo, no se pueden realizar visitas al mismo. Piso de segunda mano en venta en Madrid.Se trata de un piso de 52 m² distribuidos en varias estancias. La vivienda se sitúa en el núcleo de la p",San Diego,True,False,False,False,False,occupied_or_no_possession,https://www.idealista.com/inmueble/104913509/
"Piso en calle Tucurinca, 12, Pinar del Rey, Madrid",238000,83,2867.4698795180725,3.0,0,"VIVIENDA,INTERIOR",Vivienda actualmente ocupada. Imposibilidad de visita interior.,Pinar del Rey,True,False,False,False,False,occupied_or_no_possession,https://www.idealista.com/inmueble/107109176/
"Piso en Rosas, Madrid",115000,82,1402.439024390244,3.0,0,"PISO,VISTAS,CASA,REFORMAR,METRO,ESTUDIO,EXTERIOR","PISO OCUPADO""TECNOCASA"" Estudio HELLÍN-LAS MUSAS 2020 S. L. ""VENDE inmueble de 82 metros cuadrados construidos en la zona de Las Musas (próximo a las ROSAS), San Blas, Madrid.El piso está para REFORMAR y con OCUPA.En una cuarta planta, totalmente exterior, con excelentes vistas.Compuesto de 3 dormitorios muy lum",Rosas,True,False,False,False,False,occupied_or_no_possession,https://www.idealista.com/inmueble/105714387/
"Piso en calle de Belzunegui, Puerta Bonita, Madrid",139000,65,2138.4615384615386,1.0,0,"AMPLIO,OPORTUNIDAD","INMUEBLE OCUPADO - OPORTUNIDAD PARA INVERSIÓN - DEBIDO A SU ESTADO OCUPACIONAL NO SE PUEDE VISITAR. Pero si puedes seguirnos en nuestro Instagram @housebox_re, para conocer más inmuebles de tu interés.Oportunidad para inversores. Es un inmueble amplio, edificio de buena calidad constructiva con espacios amplios hab",Puerta Bonita,True,False,False,False,False,occupied_or_no_possession,https://www.idealista.com/inmueble/106357705/
"Piso en calle de Menorca, Ibiza, Madrid",450000,90,5000.0,1.0,0,PARQUE,"Excelente inmueble en venta a 90 m del Parque del Retiro.Ideal para inversor, 95 mts, actualmente alquilado (negocio de hostelería con contrato de alquiler en vigor con vencimiento en unos meses). La distribución de los m2 es en dos plantas, planta calle de 50 mts (sin rampas) y planta sótano de 40 mts. Este local tam",Ibiza,False,False,False,False,True,tenant_or_rented,https://www.idealista.com/inmueble/102502370/
"Piso en calle de San Dalmacio, Villaverde Alto, Madrid",49900,61,818.0327868852459,2.0,0,"VIVIENDA,PISO","Vivienda piso situado en un edificio residencial en la zona de San Cristóbal, en la ciudad de Madrid. - El inmueble se encuentra ocupado ilegalmente por terceros y sin los suministros debidamente contratados. El Inmueble se transmitirá: (i) como cuerpo cierto y a tanto alzado (ii) como un todo, inseparable (iii) en el",Villaverde Alto - Casco Histórico de Villaverde,True,False,False,False,False,occupied_or_no_possession,https://www.idealista.com/inmueble/104824996/
"Piso en calle de Martín de los Heros, Argüelles, Madrid",415000,50,8300.0,1.0,0,"PISO,AMPLIO,LUMINOSO,EXTERIOR","¡EN VENTA CON INQUILINO! ¡IDEAL INVERSORES ALQUILADO HASTAL OCTUBRE 2028! Piso exterior y luminoso en plena Plaza de España. Cuenta con amplio salón comedor junto a la cocina donde se puede aprovechar el espacio de muchas diferentes formas.Dispone de nevera, horno. lavadora y lavavajillas.También dispone de aire a",Argüelles,False,False,False,False,True,tenant_or_rented,https://www.idealista.com/inmueble/106347017/
"Piso en calle de Centenera, Pueblo Nuevo, Madrid",85000,50,1700.0,1.0,0,OPORTUNIDAD,CESIÓN DE REMATE. OPORTUNIDADInmueble okupado ilegalmente. PAGO AL CONTADO.Un equipo comercial y asesor legal se encargará de garantizar la transacción.LLamar para mas información.,Pueblo Nuevo,True,False,False,True,False,occupied_or_no_possession|auction,https://www.idealista.com/inmueble/106413502/
"Piso en Cuatro Caminos, Madrid",136000,48,2833.3333333333335,2.0,0,"VIVIENDA,PISO,METRO","OH! KEY SERVICIOS INMOBILIARIOS VENDE piso okupado en Tetuán, a dos pasos del metro Estrecho. También Santiago Bernabéu, Cuatro Caminos y Cuzco se encuentran cerca andando.Es una muy buena zona para invertir, este piso es un bajo con un trastero en su sótano, el que se podría unir convirtiendo la vivienda en un dúple",Cuatro Caminos,True,False,False,False,False,occupied_or_no_possession,https://www.idealista.com/inmueble/107116399/
"Piso en calle de las Delicias, Palos de la Frontera, Madrid",207000,46,4500.0,1.0,0,OPORTUNIDAD,"Oportunidad inmueble sin posesión, no se puede visitar. Propio para inversores o vecinos que conozcan el inmueble.Disponemos de una amplia cartera de inmuebles sin posesión en madrid y en toda españa.Propio, pequeño y gran inversor.Madrid es un municipio y una ciudad de españa. La localidad, con categoría histórica",Palos de la Frontera,True,False,False,False,False,occupied_or_no_possession,https://www.idealista.com/inmueble/107047639/
"Piso en calle de Pedro Heredia, Fuente del Berro, Madrid",263200,79,3331.6455696202534,1.0,0,"PISO,OPORTUNIDAD,GARAJE","“Oportunidad sólo para inversores. El activo se encuentra ocupado. Debido al estado ocupacional del activo, no se pueden realizar visitas al mismo.Piso de 79 m² en venta, situado en Madrid. Construido en 2005, este piso cuenta con una superficie de 79 m² y se distribuye en varias estancias. Incluye una plaza de garaje",Fuente del Berro,True,False,False,False,False,occupied_or_no_possession,https://www.idealista.com/inmueble/106656320/
"Piso en calle de Santa Ana, 12, Lavapiés-Embajadores, Madrid",340000,80,4250.0,2.0,0,"PISO,OPORTUNIDAD","Arty consultores vende piso SIN POSESION, en calle Santa Ana 12, zona centro, la LatinaOportunidad sólo para inversores. El activo se encuentra ocupado por persona sin justo título. Debido al estado ocupacional del activo, no se pueden realizar visitas al mismo. Piso de segunda mano en venta situado en Madrid, más co",Embajadores,True,False,False,False,False,occupied_or_no_possession,https://www.idealista.com/inmueble/107157573/
"Piso en calle González Arias, Pradolongo, Madrid",94200,69,1365.2173913043478,3.0,1,"PISO,OPORTUNIDAD","Oportunidad sólo para inversores. El activo se encuentra ocupado. Debido al estado ocupacional del activo, no se pueden realizar visitas al mismo. Piso de segunda mano en venta situado en Madrid. Cuenta con una superficie de 69m² distribuidos en 3 dormitorios y 1 baño*. Se localiza en la primera planta de unedificio re",Pradolongo,True,False,False,False,False,occupied_or_no_possession,https://www.idealista.com/inmueble/104889157/
"Piso en calle Morenés Arteaga, Opañel, Madrid",140000,68,2058.823529411765,2.0,0,"PISO,EXCLUSIVA,INTERIOR","Inmueble sin posesión y sin acceso al interior. Las fotografías del interior y las características del activo, pueden no ajustarse al estado actual.NO COBRAMOS COMISIÓN DE INTERMEDIACIÓN AL COMPRADOR¡Tenemos en exclusiva un piso para ti!Disponemos de un piso en edificio residencial que puedes adquirir en propied",Opañel,True,False,False,False,False,occupied_or_no_possession,https://www.idealista.com/inmueble/106798166/
"Piso en calle de Pont de Molins, 15, Portazgo, Madrid",87410,50,1748.2,2.0,0,OPORTUNIDAD,"OPORTUNIDAD INMUEBLE SIN POSESIÓN, NO SE PUEDE VISITAR, PROPIO PARA INVERSORES O VECINOS QUE CONOZCAN EL INMUEBLE.Disponemos de una amplia cartera de inmuebles sin posesión en Madrid y en toda España, PROPIO PEQUEÑO Y GRAN INVERSOR.Madrid es un municipio y una ciudad de España.La localidad, con categoría histórica",Portazgo,True,False,False,False,False,occupied_or_no_possession,https://www.idealista.com/inmueble/104866622/
"Piso en Simancas, Madrid",145000,55,2636.3636363636365,2.0,0,"OPORTUNIDAD,INTERIOR","Oportunidad de inversión: inmueble sin posesión.Imposibilidad de visita interior, no se puede financiar la compra de este inmueble.Advertimos que la información contenida puede no estar actualizada, solicita más información sobre el activo sin compromiso.Investment opportunity: housing without possession.Imposs",Simancas,True,False,False,False,False,occupied_or_no_possession,https://www.idealista.com/inmueble/107122985/
"Piso en Comillas, Madrid",110200,64,1721.875,3.0,1,"PISO,OPORTUNIDAD",No cobramos comisión al comprador. INMUEBLE OCUPADO. ¡Gran oportunidad PARA INVERSORES en el barrio de Comillas!Piso de 64 m2 con 3 dormitorios y 1 baño.El Inmueble se transmite ocupado por tercero no pudiendo hacer visitas físicas al inmueble. El precio ha sido determinado teniendo en cuenta que el activo se transm,Comillas,True,False,False,False,False,occupied_or_no_possession,https://www.idealista.com/inmueble/106912655/
"Piso en calle San Robustiano, Aluche, Madrid",176000,97,1814.4329896907216,3.0,0,"OPORTUNIDAD,INTERIOR","Oportunidad de inversión: inmueble sin posesión. Imposibilidad de visita interior, no se puede financiar la compra de este inmueble. Advertimos que la información contenida puede no estar actualizada, solicita más información sobre el activo sin compromiso.",Aluche,True,False,False,False,False,occupied_or_no_possession,https://www.idealista.com/inmueble/107113646/
"Piso en calle Sacromonte, 12 de Octubre-Orcasur, Madrid",157000,134,1171.641791044776,4.0,0,PISO,"Inmueble ilegalmente okupado, situado en la calle sacromonte 11, piso 2,   puerta izquierda, madrid, madridno se puede visitar, no se puede tasar ni se puede hipotecar. Se tiene que comprar pagando al contado y el comprador asume la tarea de la desocupación.",Orcasur,True,False,False,False,False,occupied_or_no_possession,https://www.idealista.com/inmueble/104871386/
"Piso en avenida de Menéndez Pelayo, 111, Pacífico, Madrid",240000,92,2608.695652173913,3.0,0,"PISO,OPORTUNIDAD,HOGAR","OPORTUNIDAD UNICA PRECIO INMEJORABLE, PISO SIN POSESIÓN, NO SE PUEDE VISITAR, PROPIO INVERSORES.esde el momento en que cruces la puerta de entrada, te sentirás acogido por su ambiente cálido, ubicado en la localidad de Madrid. Este piso es ideal para quienes buscan un hogar confortable en un entorno natural y acogedor",Pacífico,True,False,False,False,False,occupied_or_no_possession,https://www.idealista.com/inmueble/107182408/
"Piso en calle del General Cabrera, Cuatro Caminos, Madrid",478500,115,4160.869565217391,3.0,0,"PISO,ÁTICO,EXCLUSIVA,ELEGANTE","VENTA DE LA NUDA PROPIEDAD. PRODUCTO PARA INVERSIONISTASLook and Find Castellana vende en exclusiva LA NUDA PROPIEDAD de este elegante piso, situado en una de las ubicaciones más destacadas de Madrid, en la zona de Castillejos, a escasos minutos de la Avenida de General Perón y del emblemático Estadio de Santiago Ber",Cuatro Caminos,False,True,False,False,False,bare_ownership_or_usufruct,https://www.idealista.com/inmueble/106738294/
"Piso en calle de Álvarez Abellán, Puerta Bonita, Madrid",193000,63,3063.4920634920636,3.0,0,"VIVIENDA,LUMINOSO,SOLO_PARTICULARES","Moradia Servicios Inmobiliarios vende atractiva vivienda ACTUALMENTE ALQUILADA.Ideal tanto para inversores como para particulares. Con una superficie de 63 m², la vivienda se encuentra en la tercera planta de un edificio y ofrece la siguiente distribución:- 3 dormitorios.- Salón luminoso con cocina americana tota",Puerta Bonita,False,False,False,False,True,tenant_or_rented,https://www.idealista.com/inmueble/107293888/
"Piso en calle Ebanistería, Amposta, Madrid",85500,61,1401.639344262295,3.0,0,"VIVIENDA,OPORTUNIDAD","Oportunidad sólo para inversores. El activo se encuentra ocupado por persona sin justo título. Debido al estado ocupacional del activo, no se pueden realizar visitas al mismo. Vivienda a la venta situada en la provincia de Madrid. Esta vivienda de segunda mano y 61 m² se localiza en una buena zona, dispone de muy buena",Amposta,True,False,False,False,False,occupied_or_no_possession,https://www.idealista.com/inmueble/105634003/
"Piso en Palomeras sureste, Madrid",111400,77,1446.7532467532467,3.0,0,"PISO,OPORTUNIDAD","No cobramos comisión al comprador. INMUEBLE OCUPADO. - ¡Oportunidad única PARA INVERSORES, estupendo piso CON ASCENSOR en Palomeras cercano al Campus Sur de la Universidad Politécnica! y al Hospital Infanta Leonor.Si buscas una inversión segura en una de las zonas más demandadas de Madrid, ¡este piso es para ti!E",Palomeras Sureste,True,False,False,False,False,occupied_or_no_possession,https://www.idealista.com/inmueble/107282925/
"Piso en calle de Ávila, Cuatro Caminos, Madrid",230000,40,5750.0,1.0,0,"VIVIENDA,PISO","Euro House Real Estate vende Maravillosa vivienda con inquilino hasta el 31 de Diciembre 2025.Visitas y llamadas:WhatsApp +34 seis6 cero0 nueve9 ocho8 cinco5 cero0 cinco5 cinco5 ocho ( )Iker SenraFantástico y soleado piso en el barrio de Cuatro Caminos en el distrito de Tetuán, un barrio que se encuentra en aug",Cuatro Caminos,False,False,False,False,True,tenant_or_rented,https://www.idealista.com/inmueble/107081021/
"Piso en avenida de Oporto, Abrantes, Madrid",152900,73,2094.5205479452056,3.0,0,"PISO,OPORTUNIDAD","Oportunidad sólo para inversores. El activo se encuentra ocupado. Debido al estado ocupacional del activo, no se pueden realizar visitas al mismo. Piso de segunda mano en venta situado en la provincia de Madrid. Cuenta con una superficie de 74 m² distribuidos en varias dependencias y servicios. Se localiza en la planta",Abrantes,True,False,False,False,False,occupied_or_no_possession,https://www.idealista.com/inmueble/104888148/
"Piso en calle San Eudaldo, Ambroz, Madrid",139000,80,1737.5,1.0,0,"PISO,OPORTUNIDAD","INMUEBLE OCUPADO - OPORTUNIDAD PARA INVERSIÓN - DEBIDO A SU ESTADO OCUPACIONAL NO SE PUEDE VISITAR. Pero si puedes seguirnos en nuestro Instagram @housebox_re, para conocer más inmuebles de tu interés.Oportunidad para inversores. Piso en una 4ta planta de 70m2, cuenta con 3 habitaciones y 1 año según catastro. Es un",Casco Histórico de Vicálvaro,True,False,False,False,False,occupied_or_no_possession,https://www.idealista.com/inmueble/106357887/
"Piso en paseo de la Reina Cristina, Pacífico, Madrid",570000,135,4222.222222222223,4.0,0,"PISO,LUMINOSO,ESPECTACULAR,OPORTUNIDAD,PRESTIGIOSO,ABSTENERSE_AGENCIAS,SOLO_PARTICULARES","VENTA DE LA NUDA PROPIEDAD: Espectacular Piso en Paseo Reina Cristina, Barrio de Retiro, MadridAbstenerse agencias.¡Senior + te presenta una oportunidad excepcional! Se vende la nuda propiedad de este luminoso piso en la prestigioso Paseo de Reina Cristina, en el barrio de Retiro, Madrid. El inquilino actual, una m",Pacífico,False,True,False,False,False,bare_ownership_or_usufruct,https://www.idealista.com/inmueble/106203541/
"Piso en calle Piña, Buena Vista, Madrid",145000,58,2500.0,2.0,1,PISO,"ESPECIAL INVERSORES.INMUEBLE ALQUILADO.Madrid (Carabanchel).Piso en planta baja, dispone de 58 m2 y cuenta con 2 dormitorios y 1 baño.El inmueble se transmite en rentabilidad con contrato de alquiler en vigor y al corriente de todo tipo de gastos e impuestos.La ubicación del inmueble es inmejorable, a 5 minut",Buenavista,False,False,False,False,True,tenant_or_rented,https://www.idealista.com/inmueble/106773052/
"Piso en calle del Doctor Sánchez, s/n, San Diego, Madrid",115000,56,2053.5714285714284,3.0,0,"VIVIENDA,PISO","PISO OCUPADO POR PERSONA SIN JUSTO TÍTULOESTE INMUEBLE DEBIDO A SU ESTADO OCUPACIONAL NO ADMITE VISITASIDEAL PARA INVERSORESVivienda de 51 m², según Catastro, y 5 m² de elementos comunes a la venta en Puente de Vallecas, Madrid. La vivienda está distribuida en salón-comedor, tres dormitorios, un cuarto de baño, cocina",San Diego,True,False,False,False,False,occupied_or_no_possession,https://www.idealista.com/inmueble/107040418/
"Piso en Vista Alegre, Madrid",83400,60,1390.0,2.0,0,"PISO,OPORTUNIDAD","No cobramos comisión al comprador. INMUEBLE OCUPADO. - ¡Oportunidad única PARA INVERSORES, estupendo piso en Vista Alegre, Carabanchel!Si buscas una inversión segura en una de las zonas más demandadas de Madrid, ¡este piso es para ti!El Inmueble se transmite ocupado por tercero no pudiendo hacer visitas físicas a",Vista Alegre,True,False,False,False,False,occupied_or_no_possession,https://www.idealista.com/inmueble/107282967/
"Piso en via Carpetana, Aluche, Madrid",102000,77,1324.6753246753246,3.0,1,"PISO,OPORTUNIDAD,PATIO","INMUEBLE OCUPADO. - ¡Oportunidad única PARA INVERSORES, estupendo piso en Aluche! . No cobramos comisión al comprador.Distribución ideal: 3 dormitorios, salón, cocina independiente, 1 baño y patio.El Inmueble se transmite ocupado por tercero no pudiendo hacer visitas físicas al inmueble. El precio ha sido determinad",Aluche,True,False,False,False,False,occupied_or_no_possession,https://www.idealista.com/inmueble/107291376/
"Piso en calle de Rocafort, San Cristóbal, Madrid",123000,62,1983.8709677419354,3.0,0,"VIVIENDA,PISO,OPORTUNIDAD,HOGAR","¡Oportunidad única para inversores!Vivienda actualmente arrendada con SEGURO DE IMPAGO de alquiler, lo que lo convierte en una inversión SEGURA y RENTABLE.La empresa BON HOGAR ASESORES INMOBILIARIOS le ofrece excelente vivienda en calle Rocafort. Este acogedor piso se encuentra en una ubicación privilegiada, rodead",San Cristóbal,False,False,False,False,True,tenant_or_rented,https://www.idealista.com/inmueble/106363549/
"Piso en calle Gumersinda Rosillo, 6, Moscardó, Madrid",185000,70,2642.8571428571427,2.0,0,"PISO,EXTERIOR,ABSTENERSE_AGENCIAS,SOLO_PARTICULARES",Piso de dos dormitorios exterior con inquilino.Abstenerse agencias.,Moscardó,False,False,False,False,True,tenant_or_rented,https://www.idealista.com/inmueble/84979193/
"Piso en calle de Carabelos, San Fermín, Madrid",107200,48,2233.3333333333335,3.0,0,"PISO,OPORTUNIDAD","Oportunidad sólo para inversores. El activo se encuentra ocupado por persona sin justo título. Debido al estado ocupacional del activo, no se pueden realizar visitas al mismo. Piso de segunda mano en venta en la ciudad de Madrid. Construido en 1968, tiene una superficie de 48 m² distribuidos en diversas dependencias. S",San Fermín,True,False,False,False,False,occupied_or_no_possession,https://www.idealista.com/inmueble/105795467/
"Piso en calle de Montseny, Numancia, Madrid",161600,87,1857.471264367816,2.0,1,"PISO,PARQUE","Piso OCUPADO de 87 m² a la venta en la provincia de Madrid. Este esta distribuido en 2 dormitorios, cocina, salón comedor y 1 baño. Situándose en una zona consolidada, próxima a todo tipo de servicios (colegios, parques, supermercado, gasolinera, restaurantes, pequeños comercios, etc. ), y muy bien comunicada por carre",Numancia,True,False,False,False,False,occupied_or_no_possession,https://www.idealista.com/inmueble/105795070/
"Piso en calle de Antonio Ponz, Pueblo Nuevo, Madrid",154000,59,2610.169491525424,2.0,0,"VIVIENDA,PISO,FUNCIONAL","INMUEBLE ILEGALMENTE OKUPADO,SITUADO EN LA CALLE ANTONIO PONZ 1, 1ºB,   MADRID, MADRIDNo se puede visitar, no se puede tasar ni se puede hipotecar. Se tiene que comprar pagando al contado y el comprador asume la tarea de la desocupación.Os presentamos este funcional piso situado en Madrid. La vivienda se distribuy",Pueblo Nuevo,True,False,False,False,False,occupied_or_no_possession,https://www.idealista.com/inmueble/107156685/
"Piso en calle Leonor Góngora, Los Rosales, Madrid",162500,84,1934.5238095238096,3.0,0,"VIVIENDA,PISO","Este inmueble se vende alquilado, con el pago de la renta al día. Por tratarse de un inmueble alquilado es una venta pensada para inversores que busquen una rentabilidad razonable y un riesgo muy bajo.Piso en Madrid, perfecto para familias.La vivienda consta de 84 m² distribuidos en 3 habitaciones, salón-comedor, c",Los Rosales,False,False,False,False,True,tenant_or_rented,https://www.idealista.com/inmueble/103700174/
"Piso en calle de Marcelo Usera, 153, Zofío, Madrid",91000,48,1895.8333333333333,3.0,0,"PISO,OPORTUNIDAD","Oportunidad sólo para inversores. El activo se encuentra ocupado. Debido al estado ocupacional del activo, no se pueden realizar visitas al mismo. Piso de segunda mano en venta situado en el barrio de Usera, en la provincia de Madrid. Cuenta con una superficie de 49 m² distribuidos en 3 dormitorios, cocina, salón y 1 b",Zofío,True,False,False,False,False,occupied_or_no_possession,https://www.idealista.com/inmueble/106656039/
"Piso en calle de Aristóteles, San Pascual, Madrid",289000,99,2919.191919191919,3.0,0,"VIVIENDA,TERRAZA,EXTERIOR","Atención inversores! Se vende la NUDA PROPIEDAD "" de este inmueble situado en el Distrito de Ciudad Lineal, junto a la Av. de Badajoz y la c/ Arturo Soria.Se trata de una vivienda con trastero y 3 dormitorios ( antes 4 dormt) + 2 wc, es exterior, con terraza, con buena reforma, ""gran cocina con comedor de diario"", prá",San Pascual,False,True,False,False,False,bare_ownership_or_usufruct,https://www.idealista.com/inmueble/101749043/
"Piso en Aluche, Madrid",174000,102,1705.8823529411766,4.0,0,"VIVIENDA,PISO","PISO OCUPADO POR PERSONA SIN JUSTO TÍTULO (Antiguo Deudor Hipotecario).ESTE INMUEBLE DEBIDO A SU ESTADO OCUPACIONAL NO ADMITE VISITAS.IDEAL PARA INVERSORES SIN NECESIDAD DE HIPOTECA.Amplia vivienda de 94 m², según Catastro, y 8 m² de elementos comunes.La vivienda está distribuida en salón-comedor, cuatro dor",Aluche,True,False,False,False,False,occupied_or_no_possession,https://www.idealista.com/inmueble/106782554/
"Piso en Los Rosales, Madrid",121000,135,896.2962962962963,3.0,0,"PISO,ESPECTACULAR,INMOBILIARIA,OPORTUNIDAD","VENTA DE LA NUDA PROPIEDAD SOLO INVERSIONISTASInmobiliaria Eduardo Molet te presenta esta espectacular oportunidad de adquirir la NUDA PROPIEDAD de un piso en excelente estado ubicado en Los Rosales.El actual propietario de 60 años, seguirá viviendo en este inmueble como usufructuario hasta el final de sus días. E",Los Rosales,False,True,False,False,False,bare_ownership_or_usufruct,https://www.idealista.com/inmueble/105994830/
"Piso en calle María de Echarri, Los Rosales, Madrid",178600,140,1275.7142857142858,3.0,0,"VIVIENDA,GARAJE","IDEAL PARA INVERSORES: VENTA DE NUDA PROPIEDAD.NUDA PROPIEDAD. Grupo Retiro gestiona la venta de la nuda propiedad de una vivienda, garaje y trastero valorados en 365.000 euros a cambio de un Pago Único de Capital de 178.600 €. La usufructuaria, mujer de 66 años, continuará utilizando el inmueble, el garaje y el tras",Los Rosales,False,True,False,False,False,bare_ownership_or_usufruct,https://www.idealista.com/inmueble/107251231/
"Piso en calle del Doctor Tolosa Latour, 12 de Octubre-Orcasur, Madrid",140700,57,2468.4210526315787,2.0,1,"PISO,OPORTUNIDAD","Oportunidad sólo para inversores. El activo se encuentra ocupado por persona sin justo título. Debido al estado ocupacional del activo, no se pueden realizar visitas al mismo.Piso de segunda mano en venta en la ciudad de Madrid. Tiene una superficie de 57 m² distribuidos en salón-comedor, cocina, 2 dormitorios y 1 baño",Orcasur,True,False,False,False,False,occupied_or_no_possession,https://www.idealista.com/inmueble/102888554/
"Piso en calle Marianistas, Buena Vista, Madrid",82700,68,1216.1764705882354,1.0,0,"PISO,OPORTUNIDAD","Oportunidad sólo para inversores. El activo se encuentra ocupado por persona sin justo título.Debido al estado ocupacional del activo, no se pueden realizar visitas al mismo. Piso de 68 m² en venta, situado en Madrid. Construido en 1971, este piso cuenta con una superficie de 68 m² y está distribuido en varias estancia",Buenavista,True,False,False,False,False,occupied_or_no_possession,https://www.idealista.com/inmueble/104890755/
"Piso en Los Cármenes, Madrid",112000,85,1317.6470588235295,3.0,0,"OPORTUNIDAD,INTERIOR","Oportunidad de inversión: inmueble sin posesión.Imposibilidad de visita interior, no se puede financiar la compra de este inmueble.Advertimos que la información contenida puede no estar actualizada, solicita más información sobre el activo sin compromiso.Investment opportunity: housing without possession.Imposs",Los Cármenes,True,False,False,False,False,occupied_or_no_possession,https://www.idealista.com/inmueble/107045448/
"Piso en Lucero, Madrid",111000,74,1500.0,3.0,0,"PISO,INMOBILIARIA,OPORTUNIDAD","VENTA DE LA NUDA PROPIEDAD. SOLO INVERSIONISTASInmobiliaria Eduardo Molet vende la Nuda propiedad de este magnifico piso en Pso. de ExtremaduraSus actuales propietarios de 62 y 75 años continuarán viviendo allí hasta el fin de sus días, esto es, se reservan el USUFRUCTO VITALICIO. Es una magnífica oportunidad de in",Lucero,False,True,False,False,False,bare_ownership_or_usufruct,https://www.idealista.com/inmueble/105708871/
"Chalet pareado en calle de Rafael Villa, El Plantío, Madrid",770000,263,2927.7566539923955,3.0,0,"VIVIENDA,OPORTUNIDAD,CASA,INTERIOR","VIVIENDA OCUPADA. NO SE PUEDE VISITAR.¡Atención inversores! ¡Tenemos una oportunidad de oro para ustedes! Se trata de una espaciosa casa ubicada en Madrid, que se encuentra en venta debido a una ejecución hipotecaria sin posesión. Aunque no es posible visitar el interior del inmueble, podemos asegurarle que se encuen",El Plantío,True,False,False,False,False,occupied_or_no_possession,https://www.idealista.com/inmueble/103767405/
"Piso en calle de San Mariano, 106, Canillejas, Madrid",140200,72,1947.2222222222222,2.0,0,"PISO,OPORTUNIDAD","******Oportunidad sólo para inversores. El activo se encuentra ocupado sin título legal en vigor: se trata de un alquiler vencido. Debido al estado ocupacional del activo, no se pueden realizar visitas al mismo.Piso de segunda mano en venta situado en Madrid. Cuenta con una superficie de 72m². Se localiza en la plant",Canillejas,True,False,False,False,False,occupied_or_no_possession,https://www.idealista.com/inmueble/107138848/
"Piso en calle de Gonzalo Herrero, Valdeacederas, Madrid",239000,63,3793.6507936507937,2.0,0,OPORTUNIDAD,"Oportunidad inmueble sin posesión, no se puede visitar. Propio para inversores o vecinos que conozcan el inmueble.Disponemos de una amplia cartera de inmuebles sin posesión en madrid y en toda españa.Propio, pequeño y gran inversor.Madrid es un municipio y una ciudad de españa. La localidad, con categoría histórica",Valdeacederas,True,False,False,False,False,occupied_or_no_possession,https://www.idealista.com/inmueble/107076795/
"Piso en calle Sierra de Contraviesa, Entrevías, Madrid",157500,45,3500.0,2.0,0,"PISO,OPORTUNIDAD","El piso se encuentra actualmente alquilado. Inversores. Más fotos próximamente.Bonito piso en buen estado, en sus alrededores todos los servicios esenciales para el día a día. Aprovecha esta oportunidad. Las fotos del anuncio no son vinculantes, no corresponden al inmueble.Contacta para obtener más información.",Entrevías,False,False,False,False,True,tenant_or_rented,https://www.idealista.com/inmueble/107098943/
"Piso en calle de Peña Ubiña, 18, San Diego, Madrid",119000,60,1983.3333333333333,2.0,0,"PISO,OPORTUNIDAD","NO TE COBRAMOS COMISION. Oportunidad sólo para inversores. El activo se encuentra ocupado por personas sin titulo en vigor, se trata de anteriores inquilinos que no pagas.Debido al estado ocupacional del activo, no se pueden realizar visitas al mismo.Piso de segunda mano en venta situado en Madrid capital, zona del",San Diego,True,False,False,False,False,occupied_or_no_possession,https://www.idealista.com/inmueble/107124380/
"Piso en paseo Imperial, Imperial, Madrid",168800,57,2961.40350877193,3.0,0,"VIVIENDA,INMOBILIARIA","***SIN COMISIÓN DE AGENCIA******SOLO INVERSORES***Vivienda ocupadaEn Magna 4 Inmobiliaria somos especialistas en inmuebles de banco, si está buscando vivienda, local, suelo.. . nosotros te acompañamos en todo el proceso y no te cobramos comisión.Activo adjudicado en subasta sin posesiónActualmente, no es posi",Imperial,False,False,False,True,False,auction,https://www.idealista.com/inmueble/107197017/
"Piso en via Lusitana, Abrantes, Madrid",99000,90,1100.0,3.0,0,"PISO,TERRAZA,OPORTUNIDAD,EXTERIOR","INMUEBLE OCUPADO. ¡Gran oportunidad PARA INVERSORES en Carabanchel Bajo! No cobramos comisión al comprador.Piso exterior con ASCENSOR de 90,6 m², distribuido en:- Salón de 16 m² con salida a una terraza cerrada de 3,5 m².- Cocina independiente.- 4 dormitorios, dos de ellos con acceso a una segunda terraza cerrada",Abrantes,True,False,False,False,False,occupied_or_no_possession,https://www.idealista.com/inmueble/107288745/
"Piso en calle San Ambrosio, 8, Los Cármenes, Madrid",118000,100,1180.0,4.0,0,OPORTUNIDAD,"OPORTUNIDAD INMUEBLE SIN POSESIÓN, NO SE PUEDE VISITAR, PROPIO PARA INVERSORES O VECINOS QUE CONOZCAN EL INMUEBLE.Disponemos de una amplia cartera de inmuebles sin posesión en Madrid y en toda España, PROPIO PEQUEÑO Y GRAN INVERSOR.Madrid es un municipio y una ciudad de España.La localidad, con categoría histórica",Los Cármenes,True,False,False,False,False,occupied_or_no_possession,https://www.idealista.com/inmueble/105601461/
"Piso en calle de Méndez Álvaro, Delicias, Madrid",85400,40,2135.0,1.0,0,VIVIENDA,"IDEAL PARA INVERSORES: VENTA DE NUDA PROPIEDAD.NUDA PROPIEDAD. Grupo Retiro gestiona la venta de la nuda propiedad de una vivienda, valorada en 180.000 euros a cambio de un Pago Único de Capital de 85.400 € (con posibilidad de realizarlo con pagos aplazados: a la firma en notaría desembolso de 55.400 €, 15.000 € el s",Delicias,False,True,False,False,False,bare_ownership_or_usufruct,https://www.idealista.com/inmueble/104540236/
"Piso en calle Sílfide, Canillejas, Madrid",123000,74,1662.162162162162,3.0,0,"VIVIENDA,PISO","Piso OCUPADO situado en la 3º planta de un edificio plurifamiliar bajo rasante con 4 alturas en el municipio de Madrid, provincia de Madrid. La vivienda tiene 59m2. El inmueble se encuentra en una zona tranquila, rodeado por viviendas residenciales de similares características. Cuenta con fácil acceso a la carretera y",Canillejas,True,False,False,False,False,occupied_or_no_possession,https://www.idealista.com/inmueble/105795432/
"Piso en Puerta Bonita, Madrid",163000,70,2328.5714285714284,3.0,0,"PISO,REFORMADO,TERRAZA,LUMINOSO,EXTERIOR","SE VENDE PISO SEMI REFORMADO! SOLO INVERSORES! .Piso actualmente alquilado hasta el 10 de marzo de 2026.Piso de 3dormitorios, todo exterior, salón con salida a terraza, cocina, piso muy luminoso.Su localización es magnífica, está en una zona muy comercial, tiene todo lo pueda necesitar a su alrededor, como supermerc",Puerta Bonita,False,False,False,False,True,tenant_or_rented,https://www.idealista.com/inmueble/105021315/
"Piso en Lucero, Madrid",95400,58,1644.8275862068965,3.0,1,"PISO,OPORTUNIDAD","No cobramos comisión al comprador. INMUEBLE OCUPADO. - ¡Oportunidad única PARA INVERSORES, estupendo piso en el barrio de Lucero! .Distribución ideal: 3 dormitorios, salón, Cocina independiente y 1 baño.El Inmueble se transmite ocupado por tercero no pudiendo hacer visitas físicas al inmueble. El precio ha sido d",Lucero,True,False,False,False,False,occupied_or_no_possession,https://www.idealista.com/inmueble/107298686/
"Piso en calle Francisco Guzmán, 10, Puerta Bonita, Madrid",123200,52,2369.230769230769,2.0,1,"PISO,OPORTUNIDAD","Oportunidad sólo para inversores. El activo se encuentra ocupado. Debido al estado ocupacional del activo, no se pueden realizar visitas al mismo.Piso de segunda mano en venta situado en Madrid. Cuenta con una superficie de 60 m² distribuidos en 2 dormitorios y 1 baño. Se localiza en la segunda planta de un edificio re",Puerta Bonita,True,False,False,False,False,occupied_or_no_possession,https://www.idealista.com/inmueble/104886387/
"Piso en calle de los Gallegos, 10, Casco Histórico de Vicálvaro, Madrid",148000,71,2084.507042253521,2.0,1,"VIVIENDA,OPORTUNIDAD","Venta de inmueble sin posesión (ocupado). La situación posesoria será asumida por el interesado. Venta destinada únicamente a profesionales. GARSIERRA. Vivienda situada en MADRID de 70,32 m². Gran oportunidad SOLO PARA INVERSORES, sin posibilidad de visita. Distribuida en 2 habitaciones y 1 baño. Ubicada en una zona re",Casco Histórico de Vicálvaro,True,False,False,False,False,occupied_or_no_possession,https://www.idealista.com/inmueble/107147915/
"Piso en calle Carlos Heredero, 7 -1, Puerta Bonita, Madrid",100000,72,1388.888888888889,3.0,0,EXCLUSIVA,"CESIÓN de REMATE- La adquisición del inmueble publicitado se llevará a cabo de forma exclusiva mediante cesión de remate, en el marco del proceso de Subasta Judicial en el que se encuentra actualmente, sin que exista la posibilidad de compraventa directa. Consecuencia de lo anterior: (i) el precio publicado se trata de",Puerta Bonita,False,False,False,True,False,auction,https://www.idealista.com/inmueble/107215108/
"Piso en calle Ebanistería, 13, Amposta, Madrid",85500,62,1379.032258064516,3.0,0,"VIVIENDA,OPORTUNIDAD","SAN BLAS. Oportunidad sólo para inversores. El activo se encuentra ocupado por persona sin justo título.Debido al estado ocupacional del activo, no se pueden realizar visitas al mismo.Vivienda a la venta situada en la provincia de Madrid.Esta vivienda de segunda mano y 61 m² se localiza en una buena zona, dispon",Amposta,True,False,False,False,False,occupied_or_no_possession,https://www.idealista.com/inmueble/96991439/
"Piso en calle Andrómeda, Aravaca, Madrid",169000,80,2112.5,3.0,0,"PISO,EXCLUSIVA","La compra deberá realizarse **al contado**. Para obtener más información y acceder a la documentación completa, será necesario firmar un contrato de confidencialidad. Contáctanos para más detalles.Precio: 169.000€Compra exclusiva al contadoIdeal para inversión¿Por qué invertir en un piso ocupado?Los pisos oc",Aravaca,True,False,False,False,False,occupied_or_no_possession,https://www.idealista.com/inmueble/107305813/
"Piso en calle Puebla de Sanabria, 14, Villaverde Alto, Madrid",127000,108,1175.9259259259259,3.0,0,"VIVIENDA,PISO,TERRAZA","PISO OCUPADO POR PERSONA SIN JUSTO TÍTULO.ESTE INMUEBLE DEBIDO A SU ESTADO OCUPACIONAL NO ADMITE VISITASIDEAL PARA INVERSORESAmplia vivienda de 108 m², según Catastro.La vivienda está distribuida en salón-comedor, tres dormitorios, un cuarto de baño, cocina, tendedero, vestíbulo y terraza. (La distribución de",Villaverde Alto - Casco Histórico de Villaverde,True,False,False,False,False,occupied_or_no_possession,https://www.idealista.com/inmueble/106801965/
"Estudio en calle de Goya, Goya, Madrid",93600,26,3600.0,,0,VIVIENDA,"IDEAL PARA INVERSORES: VENTA DE NUDA PROPIEDAD.Grupo Retiro gestiona la venta de la nuda propiedad de un local-vivienda valorado en 165.000 euros a cambio de un Pago Único de Capital de 93.600 €. El usufructuario, hombre de 75 años, continuará utilizando el inmueble hasta su fallecimiento.DESCRIPCIÓN DEL INMUEBLE:",Goya,False,True,False,False,False,bare_ownership_or_usufruct,https://www.idealista.com/inmueble/106136305/
"Piso en paseo de las Delicias, Delicias, Madrid",177300,44,4029.5454545454545,1.0,0,"PISO,OPORTUNIDAD","“Oportunidad sólo para inversores. El activo se encuentra ocupado. Debido al estado ocupacional del activo, no se pueden realizar visitas al mismo.”Piso de 45 m² en venta, situado en Madrid. Construido en 1930, este piso cuenta con una superficie aproximada de 45 m² y se distribuye en varias estancias. Buenas comunicac",Delicias,True,False,False,False,False,occupied_or_no_possession,https://www.idealista.com/inmueble/104889013/
"Piso en calle de la Maquinilla, Palomeras sureste, Madrid",380000,97,3917.5257731958764,3.0,0,"PISO,INMOBILIARIA,MODERNO,EXTERIOR","SERVICHECK INMOBILIARIA, VENDE PISO EN RENTABILIDAD, (ACTUALMENTE ALQUILADO EN 1190€ MENSUALES)Se vende con inquilinos al corriente de pagos y con seguro de protección de alquiler.Servicheck inmobiliaria vende bonito piso exterior de 3 dormitorios se encuentra en la primera planta de un edificio moderno y bien mante",Palomeras Sureste,False,False,False,False,True,tenant_or_rented,https://www.idealista.com/inmueble/107133746/
"Piso en calle de Alcalá, Pueblo Nuevo, Madrid",151400,77,1966.2337662337663,3.0,1,"PISO,TERRAZA,OPORTUNIDAD,NUEVO","INMUEBLE OCUPADO. ¡Gran oportunidad PARA INVERSORES en el barrio de Pueblo Nuevo con fachada a la calle Alcalá!Piso con una superficie de 77 m2, 2 terrazas de 6 y 3 m2 y distribuido en 3 dormitorios y 1 baño. No cobramos comisión al comprador.El Inmueble se transmite ocupado por tercero no pudiendo hacer visitas fís",Pueblo Nuevo,True,False,False,False,False,occupied_or_no_possession,https://www.idealista.com/inmueble/107293227/
"Piso en calle del Puerto de Balbarán, Palomeras Bajas, Madrid",136457,61,2237.0,3.0,0,"OPORTUNIDAD,APARTAMENTO,INTERIOR","Inmueble sin posesión y sin acceso al interior. Las fotografías del interior y las características del activo, pueden no ajustarse al estado actual. ¿Buscas comprar un apartamento en Madrid?No pierdas la oportunidad de adquirir en propiedad este apartamento ubicado en el barrio de Entrevías, en la localidad de Madrid",Palomeras Bajas,True,False,False,False,False,occupied_or_no_possession,https://www.idealista.com/inmueble/106410417/
"Piso en calle de San Dalmacio, Villaverde Alto, Madrid",49900,60,831.6666666666666,3.0,0,,"*OKUPADA OKUPADA*, SE VENDE LA PROPIEDAD Y EL COMPRADOR SE ENCARGA DE RECUPERA LAS LLAVES, PACÍFICAMENTE O POR EL JUZGADO. ZONA VILLAVERDEEl inmueble se encuentra ocupado ilegalmente por terceros y sin los suministros debidamente contratados. El Inmueble se transmitirá: (i) como cuerpo cierto y a tanto alzado (ii) co",Villaverde Alto - Casco Histórico de Villaverde,True,False,False,False,False,occupied_or_no_possession,https://www.idealista.com/inmueble/36146834/
"Piso en calle Virgen de las Viñas, Santa Eugenia, Madrid",146600,93,1576.3440860215053,3.0,2,"PISO,OPORTUNIDAD","Oportunidad sólo para inversores. El activo se encuentra ocupado por persona sin justo título. Debido al estado ocupacional del activo, no se pueden realizar visitas al mismo. Piso de segunda mano en venta situado en Madrid. Cuenta con una superficie de 93 m² distribuidos en 3 dormitorios y 2 baños. Se localiza en la p",Santa Eugenia,True,False,False,False,False,occupied_or_no_possession,https://www.idealista.com/inmueble/105635010/
"Piso en Pau de Carabanchel, Madrid",181000,107,1691.588785046729,2.0,0,"PISO,TERRAZA,LUMINOSO,EXCLUSIVA,INMOBILIARIA","VENTA DE LA NUDA PROPIEDAD.PRODUCTO IDEAL PARA INVERSORES.Inmobiliaria Eduardo Molet pone en exclusiva la venta de la NUDA PROPIEDAD de un precioso piso MUY LUMINOSO y ACOGEDOR situado en 5º planta con TERRAZA en el PAU de CARABANCHEL. La actual propietaria de 77 años, mantendrá el USUFRUCTO VITALICIO hasta el últim",Buenavista,False,True,False,False,False,bare_ownership_or_usufruct,https://www.idealista.com/inmueble/104882775/
"Piso en calle de Albaida, s/n, Hellín, Madrid",155000,58,2672.4137931034484,2.0,0,"VIVIENDA,PISO","PISO OCUPADO POR PERSONA SIN JUSTO TÍTULOESTE INMUEBLE DEBIDO A SU ESTADO OCUPACIONAL NO ADMITE VISITASIDEAL PARA INVERSORESVivienda de 55 m², según Catastro, y 3 m² de elementos comunes a la venta en el distrito de San Blas-Canillejas, MadridEs una 2ª Planta en un bloque sin ascensor. Muy bien comunicado por carretera",Hellín,True,False,False,False,False,occupied_or_no_possession,https://www.idealista.com/inmueble/107040421/
"Piso en plaza de Santa Ana, Huertas-Cortes, Madrid",340000,80,4250.0,3.0,0,"VIVIENDA,PISO,OPORTUNIDAD","VIVIENDA OCUPADA. Oportunidad sólo para inversores. El activo se encuentra ocupado por persona sin justo título. Debido al estado ocupacional del activo, no se pueden realizar visitas al mismo. Piso de segunda mano en venta situado en Madrid, más concretamente en el barrio de La Latina. Cuenta con una superficie de 80",Cortes,True,False,False,False,False,occupied_or_no_possession,https://www.idealista.com/inmueble/107176883/
"Piso en Ventilla-Almenara, Madrid",635000,163,3895.705521472393,3.0,0,"PISO,LUMINOSO,FINCA,EXTERIOR","Magnífico piso de Nuda Propiedad en CastellanaEngel & Völkers presenta este espacioso piso exterior en Nuda Propiedad, muy luminoso y con una excelente ubicación en una de las fincas más atractivas del Paseo de la Castellana.La propiedad, en un edificio de sólo dos pisos por planta, destaca por su amplitud, completa",Almenara,False,True,False,False,False,bare_ownership_or_usufruct,https://www.idealista.com/inmueble/105530964/
"Piso en calle de Villajimena, Ambroz, Madrid",136700,51,2680.392156862745,2.0,0,"VIVIENDA,AMPLIO,EXCLUSIVA,INMOBILIARIA,AMUEBLADA","ALIANZA MADRID INMOBILIARIA VENDE EN EXCLUSIVA VIVIENDA EN VICALVARO.********** vivienda actualmente OCUPADA. **********No se puede visitar.Vendemos vivienda de 51m2 en segunda planta, dotada de amplio salón comedor, dos dormitorios, cocina amueblada y cuarto de baño completo.Próximo a UNIVERSIDAD Rey Juan Car",Casco Histórico de Vicálvaro,True,False,False,False,False,occupied_or_no_possession,https://www.idealista.com/inmueble/107025954/
"Piso en calle Manuel Cano, 11, Casco Histórico de Vallecas, Madrid",104700,69,1517.391304347826,3.0,0,"PISO,OPORTUNIDAD","******Oportunidad sólo para inversores. El activo se encuentra ocupado sin título legal en vigor: se trata de un alquiler vencido. Debido al estado ocupacional del activo, no se pueden realizar visitas al mismo.Piso de segunda mano en venta situado en Madrid. Cuenta con una superficie de 69 m² distribuidos en 3 dormi",Casco Histórico de Vallecas,True,False,False,False,False,occupied_or_no_possession,https://www.idealista.com/inmueble/107124304/
"Piso en calle de Cullera, Lucero, Madrid",182000,77,2363.6363636363635,2.0,0,"VIVIENDA,PISO,AMPLIO,LUMINOSO","Gespromar vende vivienda ALQUILADA, de 77m2 en una onceava planta con ascensor en el barrio Lucero, Vivienda con dos amplios dormitorios dobles, cuarto de baño, amplio salón y cocina con tendedero. Piso muy luminoso con doble orientación y aire acondicionado en el salón.Esta vivienda se vende con contrato de alquiler",Lucero,False,False,False,False,True,tenant_or_rented,https://www.idealista.com/inmueble/104878958/
"Piso en calle Moncada, San Cristóbal, Madrid",62000,41,1512.1951219512196,2.0,0,"VIVIENDA,PISO","PISO OCUPADO POR PERSONA SIN JUSTO TÍTULOESTE INMUEBLE DEBIDO A SU ESTADO OCUPACIONAL NO ADMITE VISITASIDEAL PARA INVERSORESAmplia vivienda de 39 m², según Catastro, y 2 m² de elementos comunes.Se distribuye en salón-comedor, dos dormitorios, cocina y un cuarto de baño. (La distribución de la vivienda es orientativ",San Cristóbal,True,False,False,False,False,occupied_or_no_possession,https://www.idealista.com/inmueble/107288369/
"Piso en calle de Sáhara, Los Rosales, Madrid",135000,58,2327.5862068965516,2.0,0,"PISO,OPORTUNIDAD","Bienvenido a esta cautivadora oportunidad de inversión en la calle Sahara de Madrid, actualmente alquilado.Este encantador piso, perfecto para inversores, se despliega en 58 m², ubicado en la quinta planta de un edificio con ascensor que garantiza comodidad y accesibilidad.Cada rincón de esta propiedad ha sido dise",Los Rosales,False,False,False,False,True,tenant_or_rented,https://www.idealista.com/inmueble/103519951/
"Piso en calle de los Herbolarios, s/n, Arcos, Madrid",129000,63,2047.6190476190477,2.0,0,OPORTUNIDAD,"OPORTUNIDAD INMUEBLE SIN POSESIÓN, NO SE PUEDE VISITAR, PROPIO PARA INVERSORES O VECINOS QUE CONOZCAN EL INMUEBLE.Disponemos de una amplia cartera de inmuebles sin posesión en Madrid y en toda España, PROPIO PEQUEÑO Y GRAN INVERSOR.Madrid es un municipio y una ciudad de España.La localidad, con categoría histórica",Arcos,True,False,False,False,False,occupied_or_no_possession,https://www.idealista.com/inmueble/105588501/
"Piso en calle de la Vereda del Carmen, Ventas, Madrid",219000,55,3981.818181818182,1.0,0,"PISO,AMPLIO,METRO,ELECTRODOMÉSTICOS,SEGURIDAD","El piso se vende alquilado con una rentabilidad del 4,0%Dispone de un salón comedor amplio, 1 dormitorio, cocina independiente y cuarto de baño.Detalles:Suelo de tarimaParedes lisasPuerta de seguridadVentanas PVCElectrodomésticosAmuebladoEdificio tranquilo, con pocos vecinos, a tan sólo 5 minutos del metro",Ventas,False,False,False,False,True,tenant_or_rented,https://www.idealista.com/inmueble/106477646/
"Estudio en calle Regalada, Pacífico, Madrid",175000,30,5833.333333333333,,1,"VIVIENDA,REFORMADO,EXCLUSIVA,FINCA,EQUIPADA,ESTUDIO","PACIFICO. - SERVIFINCAS PRESENTA EN EXCLUSIVA ESTE IMPECABLE ESTUDIO DE DISEÑO TOTALMENTE REFORMADO! VIVIENDA CON INQUILINO.En finca con magia clásica madrileña, dispone de cocina americana abierta al salón y totalmente equipada. El dormitorio se encuentra en altillo y tiene un baño con plato de ducha con hidromasaj",Pacífico,False,False,False,False,True,tenant_or_rented,https://www.idealista.com/inmueble/31762343/
"Piso en Berruguete, Madrid",269000,60,4483.333333333333,3.0,1,"VIVIENDA,PISO,REFORMADO,EQUIPADA,METRO","SIN VISITAS ofrece magnífico piso en Berruguete.**LA VIVIENDA SE ENCUENTRA ACTUALMENTE ALQUILADA**60m2 reformado, con 1 baño completo, cocina totalmente equipada y salón, y 3 habitacionesLa vivienda se encuentra actualmente alquilada con una rentabilidad superior al 5%Muy bien comunicado a 5 minutos del metro",Berruguete,False,False,False,False,True,tenant_or_rented,https://www.idealista.com/inmueble/103509476/
"Piso en calle de Toledo, Acacias, Madrid",349900,70,4998.571428571428,3.0,0,PISO,"¡Fantástica INVERSIÓN!Se vende la NUDA PROPIEDAD de este fantástico piso en Calle Toledo, Madrid.La actual propietaria, señora de 97 años, conservará el derecho de uso y disfrute de la propiedad de por vida.¿Esto qué implica?GASTOS DE FORMALIZACIÓN: Abonados en su totalidad por el comprador.Los gastos generados",Acacias,False,True,False,False,False,bare_ownership_or_usufruct,https://www.idealista.com/inmueble/107243559/
"Piso en calle Guadalcázar, 10, Entrevías, Madrid",72800,66,1103.030303030303,2.0,0,"PISO,OPORTUNIDAD","Oportunidad sólo para inversores. El activo se encuentra ocupado sin titulo legal en vigor: se trata de un alquiler vencido. Debido al estado ocupacional del activo, no se pueden realizar visitas al mismo.Piso de segunda mano en venta situado en Madrid. Cuenta con una superficie de 66,07m² distribuidos en 2 dormitori",Entrevías,True,False,False,False,False,occupied_or_no_possession,https://www.idealista.com/inmueble/107109680/
"Piso en plaza Memoria Vinculante, Orcasitas, Madrid",110000,79,1392.4050632911392,3.0,0,"VIVIENDA,METRO","id: 191458 Deberá introducir este código para poder atenderle telefónicamente.Referencia subasta: SUB-JA-2024-234273Fin subasta: 24-02-2025 18:00: 00Vivienda situada en Madrid, en Orcasitas.Tercera planta, con una superficie de 79,65 metros cuadrados.Abierta a una gran plaza arbolada alejada de ruidos.Desconoce",Orcasitas,False,False,False,True,False,auction,https://www.idealista.com/inmueble/107232963/
"Piso en calle de Godella, s/n, San Cristóbal, Madrid",80000,62,1290.3225806451612,3.0,0,"VIVIENDA,PISO","PISO OCUPADO POR PERSONA SIN JUSTO TÍTULOESTE INMUEBLE DEBIDO A SU ESTADO OCUPACIONAL NO ADMITE VISITASIDEAL PARA INVERSORESVivienda de 58 m², según Catastro, y 4 m² de elementos comunes a la venta en el distrito de Villaverde, Madrid. La vivienda está distribuida en salón-comedor, tres dormitorios, un cuarto de baño,",San Cristóbal,True,False,False,False,False,occupied_or_no_possession,https://www.idealista.com/inmueble/107040390/
"Piso en calle de la Hacienda de Pavones, 47, Vinateros, Madrid",145000,59,2457.6271186440677,3.0,0,"VIVIENDA,PISO","PISO OCUPADO POR PERSONA SIN JUSTO TÍTULO (Antiguo Deudor Hipotecario).ESTE INMUEBLE DEBIDO A SU ESTADO OCUPACIONAL NO ADMITE VISITAS.IDEAL PARA INVERSORES SIN NECESIDAD DE HIPOTECA.Amplia vivienda de 59 m², según Catastro,La vivienda está distribuida en salón-comedor, tres dormitorios, un cuarto de baño, coc",Vinateros,True,False,False,False,False,occupied_or_no_possession,https://www.idealista.com/inmueble/106802481/
"Piso en Ciudad Jardín, Madrid",479000,131,3656.4885496183206,3.0,0,"EXCLUSIVA,INMOBILIARIA","VENTA DE LA NUDA PROPIEDAD. SOLO INVERSORES""Inmobiliaria Eduardo Molet"" presenta en exclusiva la venta de la NUDA PROPIEDAD de una joya inmobiliaria que no puedes dejar pasar. La actual propietaria de 76 años, se reserva el USUFRUCTO VITALICIO hasta el último de sus días. Ubicado en una ZONA PRIVILEGIADA, este inmueb",Ciudad Jardín,False,True,False,False,False,bare_ownership_or_usufruct,https://www.idealista.com/inmueble/104842298/
"Piso en calle del Ave María, Lavapiés-Embajadores, Madrid",300000,142,2112.676056338028,5.0,0,"INMOBILIARIA,OPORTUNIDAD,METRO,EXTERIOR","¡OPORTUNIDAD! ANTON MARTIN - LAVAPIES - REINA SOFÍA.""CUATRO LLAVES Inmobiliaria"" Vende ""NUDA PROPIEDAD"" Ubicado en Calle del Ave María. Cuenta con una superficie construida de 142 metros cuadrados, en una segunda planta y excelente orientación. Se distribuye de la siguiente manera: Un salón exterior con balcón que pe",Embajadores,False,True,False,False,False,bare_ownership_or_usufruct,https://www.idealista.com/inmueble/106640888/
"Piso en Cuatro Caminos, Madrid",452500,63,7182.539682539683,2.0,0,"PISO,VISTAS,EXCLUSIVA,INMOBILIARIA,BALCONES",VENTA DE LA NUDA PROPIEDAD. PRODUCTO PARA INVERSIONISTASInmobiliaria Eduardo Molet pone a la venta en exclusiva la NUDA PROPIEDAD de un precioso piso muy SOLEADO de dos dormitorios con CUATRO BALCONES a la calle y maravillosas vistas despejadas en una de las zonas más demandadas y céntricas de Madrid. El propietario,Cuatro Caminos,False,True,False,False,False,bare_ownership_or_usufruct,https://www.idealista.com/inmueble/106558134/
"Piso en calle de Pirra, Rejas, Madrid",249000,78,3192.3076923076924,1.0,0,"PISO,URBANIZACIÓN,METRO,EXTERIOR","Housfy vende piso en San Blas, Madrid, un espacio para disfrutar en tu día a día.***Contrato de alquiler en vigor***Características:- Actualmente alquilada-3º planta exterior en urbanización construida en 2006.- Fenomenal piso de 78 m2 en Rejas. (Los metros cuadrados están verificados con la Dirección General de",Rejas,False,False,False,False,True,tenant_or_rented,https://www.idealista.com/inmueble/106923749/
"Piso en calle del Doctor Tolosa Latour, 23, 12 de Octubre-Orcasur, Madrid",140700,57,2468.4210526315787,2.0,0,,"*** OKUPADA, SE VENDE LA PROPIEDAD., NO L APOSESION.El inmueble se encuentra ocupado ilegalmente por terceros y sin los suministros debidamente contratados. El Inmueble se transmitirá: (i) como cuerpo cierto y a tanto alzado (ii) como un todo, inseparable (iii) en el estado registral y catastral en el que se encuentre",Orcasur,True,False,False,False,False,occupied_or_no_possession,https://www.idealista.com/inmueble/107140670/
"Piso en calle de Rocafort, 22, San Cristóbal, Madrid",68400,66,1036.3636363636363,3.0,0,"PISO,OPORTUNIDAD","NO TE COBRAMOS COMISION. Oportunidad sólo para inversores. El activo se encuentra ocupado por personas sin título en vigor, se trata de anteriores inquilinos que no pagan.Debido al estado ocupacional del activo, no se pueden realizar visitas al mismo.Piso de segunda mano en venta situado en Madrid capital, zona de V",San Cristóbal,True,False,False,False,False,occupied_or_no_possession,https://www.idealista.com/inmueble/107210633/
"Piso en calle de Beniferri, 75, San Cristóbal, Madrid",66000,59,1118.6440677966102,3.0,1,"PISO,OPORTUNIDAD","Oportunidad sólo para inversores. El activo se encuentra ocupado. Debido al estado ocupacional del activo, no se pueden realizar visitas al mismo. Piso de segunda mano en venta situado en la provincia de Madrid. Cuenta con una superficie de 60 m² distribuidos en 3 dormitorios, cocina, salón y 1 baño. Se localiza en la",San Cristóbal,True,False,False,False,False,occupied_or_no_possession,https://www.idealista.com/inmueble/106656759/
"Piso en calle de Callejo, s/n, San Diego, Madrid",69000,21,3285.714285714286,1.0,0,OPORTUNIDAD,"OPORTUNIDAD INMUEBLE SIN POSESIÓN, NO SE PUEDE VISITAR, PROPIO PARA INVERSORES O VECINOS QUE CONOZCAN EL INMUEBLE.Disponemos de una amplia cartera de inmuebles sin posesión en Madrid y en toda España, PROPIO PEQUEÑO Y GRAN INVERSOR.Madrid es un municipio y una ciudad de España.La localidad, con categoría histórica",San Diego,True,False,False,False,False,occupied_or_no_possession,https://www.idealista.com/inmueble/105759014/
"Chalet adosado en calle Ascensión Bielsa, Numancia, Madrid",160000,90,1777.7777777777778,3.0,2,"VIVIENDA,CHALET,REFORMADA,HOGAR","Vivienda de tres dormitorios y dos baños recién reformada.INMUEBLE NO VISITABLESe vende con contrato de alquiler al corriente de pago, renta mensual 970 euros.Vencimiento del contrato noviembre de 2028.No hay gastos de comunidad de propietarios.No se cobra comisión al comprador.¡Descubre el hogar perfecto para invertir! Este encantador chalet adosado, totalmente reformad",Numancia,False,False,False,False,True,tenant_or_rented,https://www.idealista.com/inmueble/106258000/
"Ático en travesía de Andrés Mellado, 3, Gaztambide, Madrid",115000,34,3382.3529411764707,1.0,0,REFORMADO,NUDA PROPIEDAD. Usufructuario tiene 55 años. Totalmente reformado con un dormitorio en el altillo construido. Se puede estudiar pagos fraccionados.,Gaztambide,False,True,False,False,False,bare_ownership_or_usufruct,https://www.idealista.com/inmueble/107272549/
"Ático en paseo de la Castellana, Cuzco-Castillejos, Madrid",385000,100,3850.0,2.0,1,"PISO,TERRAZA,EXTERIOR","Producto sólo para inversores. No se puede visitar. Piso con problemas jurídicos y ocupado por persona sin justo título, desconocemos su identidad. Se vende Atico valorado en 650.000 euros muy por debajo de su valor real, de dos dormitorios + 1 baño + cocina independiente. Todo exterior. Dispone de terraza de más de 30",Castillejos,True,False,False,False,False,occupied_or_no_possession,https://www.idealista.com/inmueble/106322695/
"Estudio en Malasaña-Universidad, Madrid",325000,44,7386.363636363636,,0,"PISO,OPORTUNIDAD","PISO EN RENTABILIDADIncreíble Oportunidad en el Corazón de Malasaña para inversores ya que cuenta con inquilino.Te presentamos esta joya arquitectónica en el codiciado barrio de Malasaña, donde el encanto bohemio se encuentra con la comodidad contemporánea. Esta propiedad única ofrece un concepto de vida diáfano, f",Universidad,False,False,False,False,True,tenant_or_rented,https://www.idealista.com/inmueble/103938971/
"Piso en calle Yuste, s/n, Entrevías, Madrid",134000,74,1810.8108108108108,3.0,0,"VIVIENDA,PISO","PISO OCUPADO POR PERSONA SIN JUSTO TÍTULOESTE INMUEBLE DEBIDO A SU ESTADO OCUPACIONAL NO ADMITE VISITASIDEAL PARA INVERSORESVivienda de m², según Catastro, y m² de elementos comunes a la venta en el distrito de Puente de Vallecas, Madrid. La vivienda está distribuida en salón-comedor, tres dormitorios, un cuarto de bañ",Entrevías,True,False,False,False,False,occupied_or_no_possession,https://www.idealista.com/inmueble/107040391/
"Piso en calle de la Ventosa, Palacio, Madrid",210450,40,5261.25,1.0,0,"PISO,HOGAR","INMUEBLE ILEGALMENTE OKUPADO,SITUADO EN LA CALLE VENTOSA 23, BAJOS 2º, MADRID, MADRIDNo se puede visitar, no se puede tasar ni se puede hipotecar. Se tiene que comprar pagando al contado y el comprador asume la tarea de la desocupación.Se vende acogedor piso en la calle Ventosa, ideal para quienes buscan un hogar",Palacio,True,False,False,False,False,occupied_or_no_possession,https://www.idealista.com/inmueble/107153590/
"Piso en Entrevías, Madrid",170000,133,1278.1954887218046,4.0,0,"EXCLUSIVA,OPORTUNIDAD","OPORTUNIDAD para INVERSORES!Compre este inmueble por debajo del precio de mercado por tiempo limitado, ahorrándose los gastos notariales.NO SE PUEDE VISITAR. INMUEBLE DE SUBASTA. La adquisición del inmueble publicitado en este anuncio se realizará exclusivamente en el marco del proceso de Subasta Judicial en el qu",Entrevías,False,False,False,True,False,auction,https://www.idealista.com/inmueble/106722616/
"Piso en San Diego, Madrid",62200,49,1269.3877551020407,2.0,0,"PISO,OPORTUNIDAD","No cobramos comisión al comprador. INMUEBLE OCUPADO. - ¡Oportunidad única PARA INVERSORES, estupendo piso en el barrio de San Diego!Si buscas una inversión segura en una de las zonas más demandadas de Madrid, ¡este piso es para ti!El Inmueble se transmite ocupado por tercero no pudiendo hacer visitas físicas al i",San Diego,True,False,False,False,False,occupied_or_no_possession,https://www.idealista.com/inmueble/107298669/
"Piso en calle del Poeta Blas de Otero, Ventas, Madrid",147600,60,2460.0,3.0,1,"PISO,OPORTUNIDAD","Oportunidad sólo para inversores. El activo se encuentra ocupado. Debido al estado ocupacional del activo, no se pueden realizar visitas al mismo. Piso de segunda mano en venta situado en Madrid capital, zona Vicálvaro. Cuenta con una superficie de 61 m² distribuidos en 3 dormitorios, un baño, salón comedor, cocina y t",Ventas,True,False,False,False,False,occupied_or_no_possession,https://www.idealista.com/inmueble/104888363/
"Piso en calle Alcaraván, Los Cármenes, Madrid",95000,88,1079.5454545454545,3.0,1,"PISO,TERRAZA","NOTA: INMUEBLE SIN POSESIÓN, NO SE PUEDE VISITAR**. Piso en primera planta en edificio con ascensor. El inmueble cuenta con 88,53m2 construidos y se distribuye en 3 habitaciones, cocina con terraza, salón-comedor y 1 baño. Se desconoce el estado actual de la propiedad. La inmueble se encuentra okupado por terceros sin",Los Cármenes,True,False,False,False,False,occupied_or_no_possession,https://www.idealista.com/inmueble/104202840/
"Piso en calle de Albaida, 22, Hellín, Madrid",155000,58,2672.4137931034484,2.0,0,"VIVIENDA,INTERIOR",Vivienda ocupada. Imposibilidad de visita interior.,Hellín,True,False,False,False,False,occupied_or_no_possession,https://www.idealista.com/inmueble/107110729/
"Piso en calle de Roa, Buena Vista, Madrid",88300,62,1424.1935483870968,1.0,0,,*Más info. en web y redes: BHORUS* Aquí podrás informarte en detalle de la subasta. Bhorus SL es la única empresa a nivel NACIONAL con documentación demostrable en todo tipo de operaciones de subasta. ¡Cuidado! Las subastas tienen mucho riesgo si no son analizadas por los profesionales adecuados. Accede a nuestra web o,Buenavista,False,False,False,True,False,auction,https://www.idealista.com/inmueble/107283433/
"Chalet pareado en calle de Rafael Villa, El Plantío, Madrid",762000,263,2897.338403041825,3.0,0,"OPORTUNIDAD,INTERIOR",ACTIVO OKUPADO - VENTA SIN POSESIÓN -Activo adjudicado en subasta SIN POSESIÓNOportunidad de inversión: inmueble procedente de ejecución hipotecaria sin posesiónImposibilidad de visita interior.Las fotografías pueden no corresponderse con el estado actual del inmueble.El precio del inmueble ha sido fijado en,El Plantío,True,False,False,True,False,occupied_or_no_possession|auction,https://www.idealista.com/inmueble/104402146/
"Piso en calle Mendívil, Numancia, Madrid",124000,72,1722.2222222222222,2.0,0,,“Esta propiedad se encuentra alquilada. No se puede visitar. No apta para compradores que requieran financiación hipotecaria. El comprador se subrogara al contrato de alquiler vigente y a las condiciones indicadas en el contrato de alquiler vigente.“La información proporcionada referente a la distribución y estructura,Numancia,False,False,False,False,True,tenant_or_rented,https://www.idealista.com/inmueble/105059241/
"Piso en calle de Carlos Dabán, 20, San Isidro, Madrid",268600,53,5067.924528301887,1.0,0,"PISO,OPORTUNIDAD","******Oportunidad sólo para inversores. El activo se encuentra ocupado sin título legal en vigor: se trata de un alquiler vencido. Debido al estado ocupacional del activo, no se pueden realizar visitas al mismo.Piso de segunda mano en venta situado en Madrid. Cuenta con una superficie de 53,48m² distribuidos en 1 dor",San Isidro,True,False,False,False,False,occupied_or_no_possession,https://www.idealista.com/inmueble/107149776/
"Piso en calle de Carabelos, San Fermín, Madrid",120000,64,1875.0,3.0,0,"VIVIENDA,OPORTUNIDAD,CASA","TECNOCASA SAN FERMIN vende este inmueble.OPORTUNIDAD SOLO PARA INVERSORES! . El activo se encuentra ocupado. Debido al estado ocupacional del activo, no se pueden realizar visitas al mismo. Se encuentra en procedimiento judicial de Desokupación.Vivienda de 64m2 construidos distribuida en dos habitaciones, una princ",San Fermín,True,False,False,False,False,occupied_or_no_possession,https://www.idealista.com/inmueble/107253320/
"Piso en calle de Andrés Mellado, Gaztambide, Madrid",635000,81,7839.506172839506,3.0,2,"PISO,REFORMADO,METRO,ARMARIOS","A 2 minutos del metro Islas FilipinasEstupendo piso de 3 dormitorios y 2 baños, actualmente alquilado en alquiler temporal que termina en mayo del 2025.El piso se encuentra en buen estado, reformado hace 10 años.Dispone de tres dormitorios, 2 de ellos de estupendo tamaño con armarios empotradosCuenta con dos bañ",Gaztambide,False,False,False,False,True,tenant_or_rented,https://www.idealista.com/inmueble/106504556/
"Piso en calle de Catalina Suárez, 6, Adelfas, Madrid",282500,48,5885.416666666667,2.0,0,"REFORMADO,APARTAMENTO","Apartamento recientemente reformado actualmente alquilado, aunque queda poco tiempo de contrato. Tiene un salón con cocina, dos habitaciones y dos cuartos de baño, la reforma se hizo para aprovechar al máximo el espacio y con muy buenas calidades. Mejor ver.",Adelfas,False,False,False,False,True,tenant_or_rented,https://www.idealista.com/inmueble/107270795/
"Piso en calle de Godella, San Cristóbal, Madrid",78094,91,858.1758241758242,3.0,0,"PISO,EXCLUSIVA,INTERIOR","Inmueble sin posesión y sin acceso al interior. Las fotografías del interior y las características del activo, pueden no ajustarse al estado actual. ¿Estás interesado en comprar un piso en Madrid?¡Tenemos en exclusiva un piso para ti!Disponemos de un piso en edificio residencial que puedes adquirir en propiedad, co",San Cristóbal,True,False,False,False,False,occupied_or_no_possession,https://www.idealista.com/inmueble/106379303/
"Estudio en calle de San Buenaventura, Palacio, Madrid",240000,38,6315.789473684211,,0,"VIVIENDA,REFORMADO,AMPLIO,LUMINOSO,VISTAS,APARTAMENTO,ESTUDIO,CALEFACCIÓN","Vivienda actualmente alquilada, ideal para invertir ya que se encuentra en una zona con mucha demanda de alquiler.Amplio estudio con posibilidad de convertir en apartamento, reformado, muy luminoso, con ventanas en todas las estancias a tranquila corrala, calefacción de gas, pintura lisa, techos altos, vigas vistas,",Palacio,False,False,False,False,True,tenant_or_rented,https://www.idealista.com/inmueble/106775015/
"Piso en calle Lagunas de Neila, Villaverde Alto, Madrid",285000,141,2021.276595744681,4.0,2,"OPORTUNIDAD,APARTAMENTO","“Oportunidad sólo para inversores. El activo se encuentra ocupado. Debido al estado ocupacional del activo, no se pueden realizar visitas al mismo.” Apartamento de segunda mano en venta situado en la provincia de Madrid. Cuenta con una superficie de 141,8m² distribuidos en 4 dormitorios y 2 baños. Se localiza en la cal",Villaverde Alto - Casco Histórico de Villaverde,True,False,False,False,False,occupied_or_no_possession,https://www.idealista.com/inmueble/106657185/
"Piso en Canillejas, Madrid",116000,70,1657.142857142857,2.0,0,"PISO,INMOBILIARIA,OPORTUNIDAD","VENTA DE LA NUDA PROPIEDAD. SOLO INVERSIONISTASDesde la Inmobiliaria Eduardo Molet, te presentamos una gran oportunidad de adquirir la NUDA PROPIEDAD de este piso ubicado, en el dinámico y bien conectado barrio de Canillejas, en Madrid.Esta operación es ideal para inversores que buscan adquirir un inmueble a un pr",Canillejas,False,True,False,False,False,bare_ownership_or_usufruct,https://www.idealista.com/inmueble/107108410/
"Piso en calle de Ribadavia, 29, Pilar, Madrid",212000,97,2185.5670103092784,5.0,2,"PISO,REFORMADO,TERRAZA,LUMINOSO,OPORTUNIDAD,AMUEBLADA","Venta NUDA PROPIEDAD piso en calle Ribadavia Madrid.Usufructuario actualmente viviendo en este inmueble con usufructo vitalicio. Oportunidad para inversores que busquen una rentabilidad razonable sin riesgo.Piso de 97 m2 reformado con luminoso salón, cocina amueblada, 5 habitaciones, 2 baños y una amplia terraza de",Pilar,False,True,False,False,False,bare_ownership_or_usufruct,https://www.idealista.com/inmueble/106441148/
"Piso en Godella, San Cristóbal, Madrid",110000,70,1571.4285714285713,3.0,0,"VIVIENDA,PISO,OPORTUNIDAD,INTERIOR","¡Oportunidad única para inversores!Imposibilidad de visita interior, no se puede financiar la compra de este inmueble.Vivienda actualmente arrendada por 530€ mensuales con SEGURO DE IMPAGO de alquiler, lo que lo convierte en una inversión SEGURA y RENTABLE. Fecha de fin de contrato 7/05/2026Este acogedor piso se",San Cristóbal,False,False,False,False,True,tenant_or_rented,https://www.idealista.com/inmueble/100476671/
"Piso en calle de Boldano, Quintana, Madrid",159000,49,3244.8979591836733,2.0,0,"VIVIENDA,INMOBILIARIA,OPORTUNIDAD,REFORMAR,EXTERIOR","¡OPORTUNIDAD DE INVERSION! Agencia inmobiliaria de MADRID zona JOSE DEL HIERRO - ARTURO SORIA vende estupenda vivienda PARA REFORMAR junto a José del Hierro y calle Arturo Soria CON INQUILINO.El inmueble que tenemos en venta es una tercera planta exterior para reformar, dispone de dos dormitorios uno de ellos doble.",Quintana,False,False,False,False,True,tenant_or_rented,https://www.idealista.com/inmueble/107277521/
"Piso en calle del Amparo, Lavapiés-Embajadores, Madrid",293000,84,3488.095238095238,3.0,0,PISO,"PONEMOS EN VENTA ESTE INMUEBLE ILEGALMENTE OKUPADO, SITUADO EN LA CALLE AMPARO 78, PISO BAJOS,   PUERTA B, MADRID, MADRIDNo se puede visitar, no se puede tasar ni se puede hipotecar. Se tiene que comprar pagando al contado y el comprador asume la tarea de la desocupación.Piso en Madrid, perfecto para familias. El i",Embajadores,True,False,False,False,False,occupied_or_no_possession,https://www.idealista.com/inmueble/104814531/
"Piso en calle de los Cacereños, 50, Villaverde Alto, Madrid",81100,65,1247.6923076923076,3.0,0,"PISO,OPORTUNIDAD","******Oportunidad sólo para inversores. El activo se encuentra ocupado sin titulo legal en vigor: se trata de un alquiler vencido. Debido al estado ocupacional del activo, no se pueden realizar visitas al mismo.Piso de segunda mano en venta situado en Madrid. Cuenta con una superficie de 65,30m² distribuidos en 3 dor",Villaverde Alto - Casco Histórico de Villaverde,True,False,False,False,False,occupied_or_no_possession,https://www.idealista.com/inmueble/107111718/
"Piso en calle San Herculano, Canillejas, Madrid",141600,64,2212.5,2.0,0,"PISO,OPORTUNIDAD","Oportunidad sólo para inversores. El activo se encuentra ocupado. Debido al estado ocupacional del activo, no se pueden realizar visitas al mismo. Piso de segunda mano en venta situado en Madrid capital. Cuenta con una superficie de 64 m² distribuidos en varias dependencias y servicios. En sus inmediaciones dispone de",Canillejas,True,False,False,False,False,occupied_or_no_possession,https://www.idealista.com/inmueble/105795379/
"Piso en calle del Nenúfar, 14, Berruguete, Madrid",260000,50,5200.0,1.0,0,"APARTAMENTO,ABSTENERSE_AGENCIAS,SOLO_PARTICULARES",Apartamento en primera planta. Fantástica ubicación con todos los servicios.Se encuentra actualmente alquilado desde julio de 2021. Sin ninguna incidencia en el pago y renta garantizada con seguro de impago.Abstenerse agencias.,Berruguete,False,False,False,False,True,tenant_or_rented,https://www.idealista.com/inmueble/107116032/
"Piso en calle de Centenera, Pueblo Nuevo, Madrid",105765,49,2158.469387755102,2.0,0,"VIVIENDA,OPORTUNIDAD","¿Estás buscando una inversión segura y rentable en la provincia de Madrid? ¡Tenemos lo que necesitas! Te ofrecemos una amplia selección de viviendas a precios muy competitivos, sin posesión. Descubre el inmueble perfecto para ti, ya sea para vivir, alquilar o revender con beneficios.No dejes escapar la oportunidad de",Pueblo Nuevo,True,False,False,False,False,occupied_or_no_possession,https://www.idealista.com/inmueble/107281691/
"Piso en calle de Cartagena, Prosperidad, Madrid",260000,61,4262.295081967213,2.0,0,"PISO,OPORTUNIDAD,INTERIOR","Inmueble sin posesión y sin acceso al interior. Las fotografías del interior y las características del activo, pueden no ajustarse al estado actual. ¿Buscas comprar un piso en Madrid?No pierdas la oportunidad de adquirir en propiedad este piso situado en un edificio residencial ubicado en el distrito de Chamartín, en",Prosperidad,True,False,False,False,False,occupied_or_no_possession,https://www.idealista.com/inmueble/106410424/
"Piso en calle de José Pérez, 1, Los Ángeles, Madrid",126900,86,1475.5813953488373,1.0,1,"OPORTUNIDAD,DÚPLEX","Oportunidad sólo para inversores. El activo se encuentra ocupado. Debido al estado ocupacional del activo, no se pueden realizar visitas al mismo. Dúplex de segunda mano en venta situado en la provincia de Madrid. Cuenta con una superficie de 87 m² distribuidos en 1 dormitorio, cocina, salón y 1 baño. Se localiza en la",Ángeles,True,False,False,False,False,occupied_or_no_possession,https://www.idealista.com/inmueble/106656163/
"Piso en calle Santa María Reina, 12 de Octubre-Orcasur, Madrid",147556,75,1967.4133333333334,3.0,0,OPORTUNIDAD,INMUEBLE NO VISITABLE… SE REQUIERE PAGO CON FONDOS PROPIOS DECLARADOS LA CESIÓN DE REMATE ES TU GRAN OPORTUNIDAD. Es el último paso de una subasta judicial donde el banco prefiere ceder la adjudicación a un tercero antes que sumarlo a su listado de inmuebles en su balance. Podrás comprar inmuebles al 60% de su valor y,Orcasur,False,False,False,True,False,auction,https://www.idealista.com/inmueble/106717051/
"Piso en Los Rosales, Madrid",202500,145,1396.551724137931,2.0,2,"PISO,VISTAS,EXCLUSIVA,INMOBILIARIA,GARAJE","VENTA DE LA NUDA PROPIEDAD. PRODUCTO SOLO PARA INVERSIONISTAS.Inmobiliaria Eduardo Molet pone a la venta en exclusiva la venta de la NUDA PROPIEDAD de un precioso piso de dos dormitorios y dos baños, con maravillosas vistas y zonas comunes, trastero y plaza de garaje, sus actual propietarios, de 84 y 85 años, se rese",Los Rosales,False,True,False,False,False,bare_ownership_or_usufruct,https://www.idealista.com/inmueble/106444100/
"Piso en calle de Beniferri, San Cristóbal, Madrid",86300,112,770.5357142857143,3.0,0,"VIVIENDA,PISO","Vivienda piso en la calle Beniferri de Madrid. Tiene una superficie aproximada de 80 m2. - El inmueble se encuentra ocupado ilegalmente por terceros y sin los suministros debidamente contratados. El Inmueble se transmitirá: (i) como cuerpo cierto y a tanto alzado (ii) como un todo, inseparable (iii) en el estado regist",San Cristóbal,True,False,False,False,False,occupied_or_no_possession,https://www.idealista.com/inmueble/106563601/
"Piso en calle Tomelloso, 3, Almendrales, Madrid",141100,82,1720.7317073170732,1.0,0,,"*** OKUPADA, SE VENDE LA PROPIEDAD., NO L APOSESION.El inmueble se encuentra ocupado ilegalmente por terceros y sin los suministros debidamente contratados. El Inmueble se transmitirá: (i) como cuerpo cierto y a tanto alzado (ii) como un todo, inseparable (iii) en el estado registral y catastral en el que se encuentre",Almendrales,True,False,False,False,False,occupied_or_no_possession,https://www.idealista.com/inmueble/107139264/
"Piso en calle Puebla de Sanabria, Villaverde Alto, Madrid",135000,111,1216.2162162162163,3.0,0,"OPORTUNIDAD,INTERIOR","Oportunidad de inversión: inmueble sin posesión. Imposibilidad de visita interior, no se puede financiar la compra de este inmueble. Advertimos que la información contenida puede no estar actualizada, solicita más información sobre el activo sin compromiso.",Villaverde Alto - Casco Histórico de Villaverde,True,False,False,False,False,occupied_or_no_possession,https://www.idealista.com/inmueble/107114129/
"Piso en calle de Tucán, Vista Alegre, Madrid",118000,51,2313.725490196078,2.0,0,"VIVIENDA,PISO,EXCLUSIVA,INMOBILIARIA,METRO,EXTERIOR","PISO OCUPADO, Inmobiliarias Encuentro vende en Exclusiva piso exterior ubicado en una cuarta planta sin ascensor, con una superficie de 51 metros cuadrados. La vivienda cuenta con luz natural gracias a su orientación exterior, lo que asegura luminosidad durante el día.Al estar ocupada la convierte en una buena oportun",Vista Alegre,True,False,False,False,False,occupied_or_no_possession,https://www.idealista.com/inmueble/106453538/
"Piso en Los Rosales, Madrid",110000,43,2558.139534883721,2.0,0,"VIVIENDA,EXCLUSIVA,EQUIPADA,HOGAR","VIVIENDA ÚNICA PARA INVERSORES!La empresa BON HOGAR asesores ofrece en EXCLUSIVA esta vivienda actualmente alquilada con una renta mensual de 600€, cuenta seguro de alquiler.La vivienda se distribuye en 2 dormitorios, cocina equipada, baño con plato de ducha, salón, puertas de madera, pintura tipo liso, ventanas de",Los Rosales,False,False,False,False,True,tenant_or_rented,https://www.idealista.com/inmueble/106995739/
"Piso en San Isidro, Madrid",115000,52,2211.5384615384614,2.0,0,OPORTUNIDAD,"OPORTUNIDAD DE INVERSIÓN / INMUEBLE EN SITUACIÓN ESPECIAL, se recomienda obtener asesoramiento jurídico.Dispone de 2 dormitorios y 1 cuarto de baño.El inmueble se encuentra en situación especial, vendiéndose sin posesión del vendedor, estando ocupado por tercero sin título que legitime su posesión. Si a fecha de ve",San Isidro,True,False,False,False,False,occupied_or_no_possession,https://www.idealista.com/inmueble/106345075/
"Piso en plaza Pinazo, San Cristóbal, Madrid",130000,83,1566.2650602409637,3.0,0,"OPORTUNIDAD,INTERIOR","Oportunidad de inversión: inmueble sin posesión. Imposibilidad de visita interior, no se puede financiar la compra de este inmueble. Advertimos que la información contenida puede no estar actualizada, solicita más información sobre el activo sin compromiso.",San Cristóbal,True,False,False,False,False,occupied_or_no_possession,https://www.idealista.com/inmueble/107155514/
"Piso en plaza de Santa Ana, Huertas-Cortes, Madrid",953900,97,9834.0206185567,2.0,0,"VIVIENDA,EXCLUSIVA,REFORMADA","Vivienda2 ofrece en exclusiva este magnífico inmueble situado en la emblemática Plaza de Santa Ana, en pleno corazón del histórico Barrio de las Letras de Madrid. Actualmente alquilado con alta rentabilidad hasta el mes de julio. Con una superficie de 97 m², esta propiedad ha sido reformada íntegramente, logrando una c",Cortes,False,False,False,False,True,tenant_or_rented,https://www.idealista.com/inmueble/106693695/
"Piso en calle González Arias, 8, Pradolongo, Madrid",94200,70,1345.7142857142858,3.0,0,"PISO,OPORTUNIDAD","Oportunidad sólo para inversores. El activo se encuentra ocupado sin titulo legal en vigor: se trata de un aquiler vencido. Debido al estado ocupacional del activo, no se pueden realizar visitas al mismo.Piso de segunda mano en venta situado en Madrid. Cuenta con una superficie de 69m² distribuidos en 3 dormitorios y",Pradolongo,True,False,False,False,False,occupied_or_no_possession,https://www.idealista.com/inmueble/107100948/
"Piso en calle de Peironcely, Entrevías, Madrid",138000,60,2300.0,2.0,0,"VIVIENDA,PISO","House Consulting tramita venta de piso en Entrevias.Vivienda distribuida en salón-comedor, cocina, 2 habitaciones y baño.""Esta propiedad se encuentra alquilada. No se puede visitar. No apta para compradores que requieran financiación hipotecaria. El comprador se subrogara al contrato de alquiler vigente y a las con",Entrevías,False,False,False,False,True,tenant_or_rented,https://www.idealista.com/inmueble/107255906/
"Piso en calle Moncada, San Cristóbal, Madrid",62000,41,1512.1951219512196,2.0,0,"VIVIENDA,PISO","PISO OCUPADO POR PERSONA SIN JUSTO TÍTULOESTE INMUEBLE DEBIDO A SU ESTADO OCUPACIONAL NO ADMITE VISITASIDEAL PARA INVERSORESAmplia vivienda de 39 m², según Catastro, y 2 m² de elementos comunes. Se distribuye en salón-comedor, dos dormitorios, cocina y un cuarto de baño. (La distribución de la vivienda es orientativa y",San Cristóbal,True,False,False,False,False,occupied_or_no_possession,https://www.idealista.com/inmueble/105540114/
"Piso en calle de los Tejedores, Amposta, Madrid",155000,60,2583.3333333333335,2.0,0,"VIVIENDA,LUMINOSO,REFORMADA","ALQUILER PROTEGIDO REAL ESTATE ofrece a su disposición fantástica vivienda reformada y muy luminosa en el barrio de San Blas en zona Amposta.IDEAL PARA INVERSORES, ACTUALMENTE ALQUILADA, SE VENDE CON INQUILINOS CON CONTRATO EN VIGOR HASTA OCTUBRE 2030Consta de 60 m2 distriubuidos, ampilo salón-comedor luminoso con",Amposta,False,False,False,False,True,tenant_or_rented,https://www.idealista.com/inmueble/107007227/
"Piso en calle de Santa Ana, Lavapiés-Embajadores, Madrid",340000,80,4250.0,1.0,0,"PISO,OPORTUNIDAD","tOportunidad sólo para inversores. El activo se encuentra ocupado por persona sin justo título. Debido al estado ocupacional del activo, no se pueden realizar visitas al mismo. Piso de segunda mano en venta situado en Madrid, más concretamente en el barrio de La Latina. Cuenta con una superficie de 80 m² distribuidos e",Embajadores,True,False,False,False,False,occupied_or_no_possession,https://www.idealista.com/inmueble/105745692/
"Piso en Buena Vista, Madrid",165000,70,2357.1428571428573,3.0,0,"VIVIENDA,PISO,EXCLUSIVA,LUJO,OPORTUNIDAD","**OPORTUNIDAD DE INVERSIÓN**Redpiso ofrece en exclusiva esta estupenda vivienda en Carabanchel Alto.Actualmente alquilada en 780 €/mes desde el año 2022, garantizando un flujo de ingresos constante. Esta vivienda se presenta como una oportunidad única para quienes buscan un inmueble en una ubicación inmejorable, con",Buenavista,False,False,False,False,True,tenant_or_rented,https://www.idealista.com/inmueble/106375205/
"Piso en calle del Ánsar, Los Cármenes, Madrid",206000,61,3377.0491803278687,2.0,1,"PISO,OPORTUNIDAD,FUNCIONAL","¡Descubre esta OPORTUNIDAD DE INVERSIÓN en este encantador piso!Este acogedor espacio cuenta con 2 dormitorios, 1 baño, salón y cocina. Ideal para parejas o pequeñas familias que buscan comodidad y funcionalidad.Actualmente ALQUILADO en una renta de 650€/mes.Restan 3 años de contrato.Buena distribución, exterio",Los Cármenes,False,False,False,False,True,tenant_or_rented,https://www.idealista.com/inmueble/107259004/
"Ático en Las Tablas, Madrid",460000,77,5974.025974025974,1.0,0,"TERRAZA,ÁTICO,LUJO,OPORTUNIDAD,PISCINA,PARQUE,URBANIZACIÓN,SEGURIDAD","Maravilloso ático en Las Tablas, con una superficie construida de 77m², más 76m² de terraza.ACTUALMENTE ALQUILADO, MUY BUENA OPORTUNIDAD COMO INVERSIÓN.Ubicado en urbanización de lujo, con seguridad 24h. , piscina, pista de pádel, gimnasio, sala para celebraciones, parque infantil y zonas verdes ajardinadas. La dist",Valverde,False,False,False,False,True,tenant_or_rented,https://www.idealista.com/inmueble/107005526/
"Dúplex en calle Anguita, Casco Histórico de Barajas, Madrid",280000,77,3636.3636363636365,2.0,1,"AMPLIO,DÚPLEX","Red House VENDE dúplex, actualmente alquilado.NO COBRAMOS HONORARIOS A LA PARTE COMPRADORASegundo dúplex de 77m2, se distribuye en:Planta baja con un amplio salón, cocina con comedor, un baño con plato de ducha. Las escaleras abiertas que nos llevan a la planta superior, dónde encontraremos dos amplios dormitorios",Casco Histórico de Barajas,False,False,False,False,True,tenant_or_rented,https://www.idealista.com/inmueble/106001463/
"Piso en calle Buendía, 23, Entrevías, Madrid",80700,61,1322.950819672131,2.0,0,"PISO,OPORTUNIDAD","** LEE AQUI Oportunidad sólo para inversores. El activo se encuentra ocupado por personas sin titulo en vigor. Debido al estado ocupacional del activo, no se pueden realizar visitas al mismo.Piso de segunda mano en venta situado en Madrid capital, zona de Vallecas.Cuenta con una superficie de 60 m² distribuidos en",Entrevías,True,False,False,False,False,occupied_or_no_possession,https://www.idealista.com/inmueble/107104061/
"Piso en calle Marmolistas, Arcos, Madrid",12000,61,196.72131147540983,2.0,0,VIVIENDA,"PROINDIVISO. Se vende SOLO una parte de la propiedad (16,67) y no se tiene acceso a la vivienda porque está habitada por otros copropietarios. Esta situada en una planta baja en un edificio de 4 plantas, siendo solo 2 vecinos por planta, en la calle Marmolistas, en el municipio y provincia de Madrid. La zona está conso",Arcos,False,False,True,False,False,partial_ownership,https://www.idealista.com/inmueble/107240309/
"Piso en calle Topete, 25, Bellas Vistas, Madrid",142000,55,2581.818181818182,2.0,0,,"*** OKUPADA, SE VENDE LA PROPIEDAD., NO L APOSESION.El inmueble se encuentra ocupado ilegalmente por terceros y sin los suministros debidamente contratados. El Inmueble se transmitirá: (i) como cuerpo cierto y a tanto alzado (ii) como un todo, inseparable (iii) en el estado registral y catastral en el que se encuentre",Bellas Vistas,True,False,False,False,False,occupied_or_no_possession,https://www.idealista.com/inmueble/107138952/
"Piso en calle de Luis Marín, Palomeras sureste, Madrid",111400,78,1428.2051282051282,3.0,0,"PISO,OPORTUNIDAD","INMUEBLE OCUPADO. - ¡Oportunidad única PARA INVERSORES, estupendo piso CON ASCENSOR en Palomeras cercano al Campus Sur de la Universidad Politécnica! y al Hospital Infanta Leonor. No cobramos comisión al comprador.Si buscas una inversión segura en una de las zonas más demandadas de Madrid, ¡este piso es para ti!El",Palomeras Sureste,True,False,False,False,False,occupied_or_no_possession,https://www.idealista.com/inmueble/107292557/
"Piso en Valdezarza, Madrid",101000,62,1629.032258064516,3.0,0,"VIVIENDA,PISO,EXCLUSIVA,INMOBILIARIA","VENTA DE LA NUDA PROPIEDAD. SOLO PARA INVERSORESInmobiliaria Eduardo Molet pone en exclusiva la venta La NUDA PROPIEDAD de esta magnífica vivienda ubicada en VALDEZARZA. Sus actuales propietarios de 67 y 69 años se reservan el USUFRUCTO VITALICIO, el uso y disfrute de la vivienda hasta el último de sus días.Un PISO",Valdezarza,False,True,False,False,False,bare_ownership_or_usufruct,https://www.idealista.com/inmueble/106231867/
"Piso en calle Juan Zofío, Zofío, Madrid",94000,63,1492.063492063492,2.0,1,"PISO,TERRAZA,OPORTUNIDAD","INMUEBLE OCUPADO. ¡Gran oportunidad PARA INVERSORES en el barrio de El Zofío! No cobramos comisión al comprador.Piso con 2 terrazas, superficie de 63 m2 con 2 dormitorios y 1 baño.El Inmueble se transmite ocupado por tercero no pudiendo hacer visitas físicas al inmueble. El precio ha sido determinado teniendo en c",Zofío,True,False,False,False,False,occupied_or_no_possession,https://www.idealista.com/inmueble/107243615/
"Piso en avenida de Nuestra Señora de Fátima, Vista Alegre, Madrid",95000,58,1637.9310344827586,2.0,0,"PISO,INMOBILIARIA,METRO,EXTERIOR","PISO OCUPADO. Inmobiliarias Encuentro pone en venta piso en el barrio de Vista Alegre, con una excelente ubicación en una de las zonas más demandadas de la ciudad. Este inmueble, que actualmente se encuentra ocupado, cuenta con 58 metros cuadrados y es completamente exterior, lo que asegura una abundante entrada de luz",Vista Alegre,True,False,False,False,False,occupied_or_no_possession,https://www.idealista.com/inmueble/106556781/
"Piso en Buena Vista, Madrid",70050,27,2594.4444444444443,1.0,1,"VIVIENDA,PISO,PARQUE","QUARZO Real Estate vende estupendo piso en Madrid Capital.INMUEBLE NO VISITABLE, SE VENDE SIN POSESIÓN, SE VENDE ALQUILADO A TERCEROS.Se vende práctico piso ubicado en Madrid. La vivienda se distribuye en una habitación, salón-comedor, cocina y un baño. El inmueble tiene suelos de parquet. La vivienda se encuentr",Buenavista,True,False,False,False,True,occupied_or_no_possession|tenant_or_rented,https://www.idealista.com/inmueble/105834526/
"Piso en calle de los Cacereños, 50, Villaverde Alto, Madrid",81100,65,1247.6923076923076,3.0,0,"PISO,TERRAZA,OPORTUNIDAD","Oportunidad sólo para inversores. El activo se encuentra ocupado. Debido al estado ocupacional del activo, no se pueden realizar visitas al mismo.Piso de segunda mano en venta situado en Madrid. Cuenta con una superficie de 65 m² distribuidos en 3 dormitorios, con cocina, salón, baño y terraza. Se localiza en la tercer",Villaverde Alto - Casco Histórico de Villaverde,True,False,False,False,False,occupied_or_no_possession,https://www.idealista.com/inmueble/104886482/
"Piso en calle de Cullera, Lucero, Madrid",149000,138,1079.7101449275362,4.0,0,"PISO,CASA","IDEAL PARA INVERSORES: VENTA DE NUDA PROPIEDAD.LINKCASA SERVICIO INMOBILIARIO OFRECE LA NUDA PROPIEDADde un magnífico piso con ASCENSOR en los Carmenes, Madrid, valorada en 260.000 euros a cambio de un Pago Único de Capital de 150.000 €. La propietaria, mujer de 73 años, continuará utilizando el inmueble en usufru",Lucero,False,True,False,False,False,bare_ownership_or_usufruct,https://www.idealista.com/inmueble/100998810/
"Piso en calle de Arturo Soria, 338, Costillares, Madrid",475000,136,3492.6470588235293,1.0,0,"PISO,OPORTUNIDAD","**Oportunidad sólo para inversores. El activo se encuentra ocupado por persona sin justo título.Debido al estado ocupacional del activo, no se pueden realizar visitas al mismo. Piso con una superficie de 126 m² en venta, situado en Madrid. Construido en 1987, este piso cuenta con una superficie de 126 m² y se distrib",Costillares,True,False,False,False,False,occupied_or_no_possession,https://www.idealista.com/inmueble/105695606/
"Piso en calle de Hernani, 58, Cuatro Caminos, Madrid",330000,75,4400.0,4.0,0,,"SOLO PARA INVERSORES/SUBASTAInmueble sin posesión -ocupación sin título- por lo que no se podrán realizar visitas ni tener acceso a financiación para su adquisición. A su vez, está pendiente adjudicación de herencia por fallecimiento de uno de los titulares registrales.Por último, se informa que se encuentra en trá",Cuatro Caminos,True,False,False,False,False,occupied_or_no_possession,https://www.idealista.com/inmueble/106771787/
"Piso en calle del Arroyo del Olivar, San Diego, Madrid",175000,58,3017.2413793103447,2.0,0,"VIVIENDA,FINCA,HOGAR,NUEVO","Nuevo Hogar comercializa esta vivienda actualmente alquilada con contrato en vigor desde junio de 2022, situada en el corazón del Puente de Vallecas a 2 minutos a pie de Avda. Albufera.La vivienda se sitúa en una primera altura sin ascensor de una finca con tres en total, con ITE favorable hasta 2034 y sin derramas. E",San Diego,False,False,False,False,True,tenant_or_rented,https://www.idealista.com/inmueble/94744882/
"Estudio en calle de la Rábida, Bellas Vistas, Madrid",177000,43,4116.279069767442,,0,"VIVIENDA,VISTAS,FINCA,INMOBILIARIA,ESTUDIO","TUVALORSEGURO. ES, Agencia inmobiliaria de MADRID vende vivienda en el barrio de BELLAS VISTAS - TETUAN.VENTA DE VIVIENDA EN RENTABILIDAD con inquilino solvente y seguro de arrendamiento vigente. Precio del alquiler: 700 €/mes. Contrato vigente hasta julio de 2029.Se trata de un estudio en segunda planta en finca d",Bellas Vistas,False,False,False,False,True,tenant_or_rented,https://www.idealista.com/inmueble/104652964/
"Piso en calle de Sepúlveda, Los Cármenes, Madrid",190000,68,2794.1176470588234,2.0,1,"VIVIENDA,LUMINOSO,APARTAMENTO,FUNCIONAL","Descubre este encantador apartamento en Nuda Propiedad en Los Cármenes, Latina, Madrid. Con 68 m² bien distribuidos, esta vivienda en excelente estado ofrece dos acogedoras habitaciones y un baño completo. Su diseño funcional y luminoso, junto con el suelo de mármol, crea un ambiente cálido y acogedor.Disfruta de un",Los Cármenes,False,True,False,False,False,bare_ownership_or_usufruct,https://www.idealista.com/inmueble/107293428/
"Piso en Puerta Bonita, Madrid",119000,65,1830.7692307692307,2.0,0,"VIVIENDA,PISO","PISO OCUPADO POR PERSONA SIN JUSTO TÍTULO (Antiguo Deudor Hipotecario)ESTE INMUEBLE DEBIDO A SU ESTADO OCUPACIONAL NO ADMITE VISITASIDEAL PARA INVERSORESVivienda de 62 m², según Catastro, y 3 m² de elementos comunes, a la venta en Carabanchel, Madrid.La vivienda está distribuida en salón-comedor, dos dormitorios, u",Puerta Bonita,True,False,False,False,False,occupied_or_no_possession,https://www.idealista.com/inmueble/107288362/
"Piso en Abrantes, Madrid",186000,90,2066.6666666666665,3.0,0,"PISO,INMOBILIARIA","VENTA DE LA NUDA PROPIEDAD. SOLO INVERSIONISTASInmobiliaria Eduardo Molet VENDE LA NUDA PROPIEDAD de este magnífico piso ubicado en el Distrito de Carabanchel en el Barrio de Abrantes.Los actuales propietarios de 79 y 82 años, seguirán viviendo en este inmueble como usufructuarios hasta el final de sus días. El com",Abrantes,False,True,False,False,False,bare_ownership_or_usufruct,https://www.idealista.com/inmueble/106586790/
"Piso en calle Alondra, Vista Alegre, Madrid",163000,86,1895.3488372093022,3.0,0,"OPORTUNIDAD,INTERIOR","Oportunidad de inversión: inmueble sin posesión. Imposibilidad de visita interior, no se puede financiar la compra de este inmueble. Advertimos que la información contenida puede no estar actualizada, solicita más información sobre el activo sin compromiso.",Vista Alegre,True,False,False,False,False,occupied_or_no_possession,https://www.idealista.com/inmueble/107113343/
"Piso en San Cristóbal, Madrid",80000,62,1290.3225806451612,3.0,0,"VIVIENDA,PISO","PISO OCUPADO POR PERSONA SIN JUSTO TÍTULOESTE INMUEBLE DEBIDO A SU ESTADO OCUPACIONAL NO ADMITE VISITASIDEAL PARA INVERSORESVivienda de 58 m², según Catastro, y 4 m² de elementos comunes a la venta en el distrito de Villaverde, Madrid.La vivienda está distribuida en salón-comedor, tres dormitorios, un cuarto de bañ",San Cristóbal,True,False,False,False,False,occupied_or_no_possession,https://www.idealista.com/inmueble/107288360/
"Piso en Príncipe de Vergara, 289, Nueva España, Madrid",550000,85,6470.588235294118,3.0,0,"PISO,HALL","Piso en venta y actualmente alquilado:Piso amueblado de 3 dormitorios, Halls de entrada, salón, cocina y baño.Es un primero con ascensor.",Nueva España,False,False,False,False,True,tenant_or_rented,https://www.idealista.com/inmueble/94148735/
"Piso en plaza de la Sierra Carbonera, San Diego, Madrid",96700,57,1696.4912280701753,3.0,0,"PISO,OPORTUNIDAD","Oportunidad sólo para inversores. El activo se encuentra ocupado por persona sin justo título.Debido al estado ocupacional del activo, no se pueden realizar visitas al mismo. Piso de 57 m² en venta, situado en Madrid. Construido en 1955, este piso cuenta con una superficie de 57 m² y está distribuido en varias estancia",San Diego,True,False,False,False,False,occupied_or_no_possession,https://www.idealista.com/inmueble/104890751/
"Piso en calle de Nuestra Señora del Villar, Ventas, Madrid",159000,60,2650.0,3.0,0,"AMPLIO,OPORTUNIDAD","INMUEBLE OCUPADO - OPORTUNIDAD PARA INVERSIÓN - DEBIDO A SU ESTADO OCUPACIONAL NO SE PUEDE VISITAR.Oportunidad para inversores. Es un inmueble amplio, edificio de buena calidad constructiva con espacios amplios habitaciones, salón y cocina. Tiene 5 plantas, 2 vecinos por planta, cuenta con ascensor.Ciudad Lineal es",Ventas,True,False,False,False,False,occupied_or_no_possession,https://www.idealista.com/inmueble/106357906/
"Piso en calle de Cocheros, Pradolongo, Madrid",113000,58,1948.2758620689656,3.0,0,PISO,"INMUEBLE ILEGALMENTE OKUPADO,SITUADO EN LA CALLE DE COCHEROS 12, BAJOS DERECHA,   MADRID, MADRIDNo se puede visitar, no se puede tasar ni se puede hipotecar. Se tiene que comprar pagando al contado y el comprador asume la tarea de la desocupación.Práctico piso en Madrid, ideal para familias. El inmueble consta de",Pradolongo,True,False,False,False,False,occupied_or_no_possession,https://www.idealista.com/inmueble/107156683/
"Piso en calle del Hachero, San Diego, Madrid",110000,25,4400.0,1.0,0,"VIVIENDA,REFORMADO,OPORTUNIDAD,REFORMADA,APARTAMENTO,INTERIOR","Oportunidad de inversión en Vallecas: Vivienda reformada con inquilinos hasta Octubre 2028Presentamos esta excelente oportunidad de inversión en el corazón de Vallecas. Se trata de un acogedor apartamento de planta baja interior, completamente reformado, que cuenta con un dormitorio, salón con cocina americana, y un",San Diego,False,False,False,False,True,tenant_or_rented,https://www.idealista.com/inmueble/107146159/
"Piso en calle de Ernestina Manuel de Villena, 6, Moscardó, Madrid",131000,59,2220.3389830508477,3.0,0,"VIVIENDA,INTERIOR",Vivienda ocupada. Imposibilidad de visita interior.,Moscardó,True,False,False,False,False,occupied_or_no_possession,https://www.idealista.com/inmueble/107110455/
"Piso en calle de José Barbastre, Ventas, Madrid",315000,111,2837.837837837838,2.0,0,"VIVIENDA,PISO,METRO,EXTERIOR","Redpiso te ofrece fantástico piso inspirado en la serie de televisión FRIENDS, la vivienda esta ubicada en el barrio de Ventas, a tan solo 2 minutos andando del metro de La Elipa, línea 2, piso exterior con 2 entradas independientes, actualmente alquilado por habitaciones, se divide en 2 viviendas diferentes o bien pue",Ventas,False,False,False,False,True,tenant_or_rented,https://www.idealista.com/inmueble/106391656/
"Piso en calle de Ferraz, Argüelles, Madrid",415000,49,8469.387755102041,1.0,0,"PISO,MODERNO","Actualmente alquilado hasta junio de 2026, en rentabilidad.¡Bienvenidos a este acogedor piso! Con un espacio totalmente renovado y decorado con detalle en un estilo sencillo y moderno. El concepto de espacios abiertos te permitirá aprovechar cada rincón de los 49 m² construidos.El acceso directo desde la calle Fer",Argüelles,False,False,False,False,True,tenant_or_rented,https://www.idealista.com/inmueble/107188842/
"Piso en calle de Vázquez de Mella, Pueblo Nuevo, Madrid",249990,88,2840.7954545454545,3.0,0,PISO,"SOLO INVERSORES - INMUEBLE ALQUILADORentabilidad: 4,26 %Inicio del contrato: 01/09/2021Fin del contrato: 01/09/2026Renta: 888,34 €Propiedad con inquilino construida en el 1960 en Madrid, Madrid. Es un piso en la cuarta planta, cuenta con 76,52 m2 útiles, distribuidos en sala, comedor-estar, cocina, 3 dormitorio",Pueblo Nuevo,False,False,False,False,True,tenant_or_rented,https://www.idealista.com/inmueble/107160257/
"Piso en calle Yuste, 15, Entrevías, Madrid",140000,74,1891.8918918918919,3.0,0,"VIVIENDA,INTERIOR",Vivienda ocupada. Imposibilidad de visita interior.,Entrevías,True,False,False,False,False,occupied_or_no_possession,https://www.idealista.com/inmueble/107110791/
"Piso en calle de Mayorga, Canillas, Madrid",255000,71,3591.549295774648,2.0,1,"VIVIENDA,PISO,EXCLUSIVA,INMOBILIARIA","VIVIENDA ACTUALMENTE ALQUILADA Agencia inmobiliaria en MADRID en zona CANILLAS - PALACIO DE HIELO OFRECE PISO EN VENTA Y EN EXCLUSIVA:PISO de 66 m². El inmueble se encuentra ubicado en la zona de Calle Mayorga. Esta vivienda cuenta con salón-comedor, 2 dormitorios, 1 baño, cocina y lavadero. El inmueble tiene mucha l",Canillas,False,False,False,False,True,tenant_or_rented,https://www.idealista.com/inmueble/107127808/
"Piso en calle Alcaudón, San Isidro, Madrid",75000,56,1339.2857142857142,2.0,1,"PISO,OPORTUNIDAD","Oportunidad sólo para inversores. El activo se encuentra ocupado. Debido al estado ocupacional del activo, no se pueden realizar visitas al mismo. Piso de segunda mano en venta situado en Madrid. Cuenta con una superficie de 56 m² distribuidos en di2 dormitorios, cocina, salón y 1 baño. Se localiza en la segunda planta",San Isidro,True,False,False,False,False,occupied_or_no_possession,https://www.idealista.com/inmueble/104888607/
"Piso en calle de Sambara, Quintana, Madrid",199000,110,1809.090909090909,3.0,0,"VIVIENDA,PISO","! LEER ANUNCIO!NO SE PUEDE VISITAR.VIVIENDA OKUPADA ¡DESOKUPACION INCLUIDA EN EL PRECIO!COMPRA AL CONTADO. NO SE PUEDE FINANCIAR.LA AGENCIA DEL BARRIO vende piso semisótano de 110m2 construidos, en Quintana, Ciudad Lineal, MADRID.Esta propiedad consta de salón-comedor, cocina, cuarto de baño y dormitorios.La",Quintana,True,False,False,False,False,occupied_or_no_possession,https://www.idealista.com/inmueble/105966006/
"Ático en calle de la Princesa, s/n, Malasaña-Universidad, Madrid",228000,34,6705.882352941177,1.0,0,"PISO,OPORTUNIDAD,APARTAMENTO","¡Oportunidad única en Calle Princesa Argüelles!Descubre este encantador piso de 34 m², actualmente alquilado, ideal para quienes buscan un espacio acogedor en una ubicación privilegiada. Situado en una tranquila calle, este apartamento es perfecto tanto para estudiantes como para profesionales que desean disfrutar de",Universidad,False,False,False,False,True,tenant_or_rented,https://www.idealista.com/inmueble/106805359/
"Piso en calle del Pretil de los Consejos, Palacio, Madrid",650000,107,6074.7663551401865,3.0,0,"VIVIENDA,PISO,VISTAS,IMPRESIONANTE,EXTERIOR","VIVIENDA NO VISTABLE! TODO EXTERIOR HACIENDO ESQUINA A EXCEPCIÓN DE LOS BAÑOS. Este fantástico piso te ofrece una combinación perfecta de tranquilidad y comodidad, con vistas impresionantes al viaducto y rodeado de la vibrante atmósfera del distrito de Palacio. Actualmente alquilado a un despacho de abogados, garantiza",Palacio,False,False,False,False,True,tenant_or_rented,https://www.idealista.com/inmueble/107102945/
"Estudio en Canillejas, Madrid",215000,87,2471.264367816092,,0,"VIVIENDA,PISO","PISO OCUPADO POR PERSONA SIN JUSTO TÍTULO (Antiguo Deudor Hipotecario)ESTE INMUEBLE DEBIDO A SU ESTADO OCUPACIONAL NO ADMITE VISITASIDEAL PARA INVERSORESVivienda de 80 m², según Catastro, y 7 m² de elementos comunes, a la venta en el distrito de San Blas-Canillejas, Madrid.Es una 1ª Planta en un bloque en buen esta",Canillejas,True,False,False,False,False,occupied_or_no_possession,https://www.idealista.com/inmueble/107288329/
"Chalet adosado en calle de Rafael Villa, El Plantío, Madrid",762000,263,2897.338403041825,3.0,0,CASA,"ESTA CASA SE VENDE ILEGALMENTE OCUPADA. UBICADA EN LA CALLE RAFAEL VILLA 5, LETRA B, MADRID (28023)No se puede visitar, no se puede tasar ni se puede hipotecar. Se tiene que comprar pagando al contado y el comprador asume la tarea de la desocupación.",El Plantío,True,False,False,False,False,occupied_or_no_possession,https://www.idealista.com/inmueble/102958411/
"Piso en Villaverde Alto, Madrid",192500,105,1833.3333333333333,3.0,0,"OPORTUNIDAD,INTERIOR","Oportunidad de inversión: inmueble sin posesión.Imposibilidad de visita interior, no se puede financiar la compra de este inmueble.Advertimos que la información contenida puede no estar actualizada, solicita más información sobre el activo sin compromiso.Investment opportunity: housing without possession.Imposs",Villaverde Alto - Casco Histórico de Villaverde,True,False,False,False,False,occupied_or_no_possession,https://www.idealista.com/inmueble/107088234/
"Piso en Pinar del Rey, Madrid",260000,53,4905.66037735849,1.0,0,"VIVIENDA,REFORMADA,ESTRENAR","VIVIENDA REFORMADA EN HORTALEZA ALQUILADAZona muy bien comunicada con todos los servicios, colegios, comercios, transportes, etc.Muy cercano a donde se estrenara próximamente el circuito de Formula 1.Siendo ya una buena inversión por el precio del alquiler, con inquilinos muy solventes.La vivienda esta en un edi",Pinar del Rey,False,False,False,False,True,tenant_or_rented,https://www.idealista.com/inmueble/105876455/
"Piso en calle Carlos Domingo, 6, Aluche, Madrid",125200,60,2086.6666666666665,3.0,0,"PISO,OPORTUNIDAD,REFORMAR","PISO OCUPADO. Oportunidad sólo para inversores. El activo se encuentra ocupado. Debido al estado ocupacional del activo, no se pueden realizar visitas al mismo.Carabanchel, se venden piso de 60 m2 construidos para reformar, salón comedor, cocina independiente, baño completo, 3 dormitorios.Zona consolidada muy comerc",Aluche,True,False,False,False,False,occupied_or_no_possession,https://www.idealista.com/inmueble/105340236/
"Piso en calle de Gabriel Ruiz, Pradolongo, Madrid",95900,62,1546.774193548387,1.0,0,"PISO,OPORTUNIDAD","Oportunidad sólo para inversores. El activo se encuentra ocupado por persona sin justo título.Debido al estado ocupacional del activo, no se pueden realizar visitas al mismo. Piso de 62 m² en venta situado en Madrid. Construido en 1968, este piso dispone de una superficie de 62 m² y está distribuido en varias estancias",Pradolongo,True,False,False,False,False,occupied_or_no_possession,https://www.idealista.com/inmueble/102609739/
"Piso en Delicias, Madrid",205900,109,1888.9908256880733,4.0,0,"PISO,ESPECTACULAR,INMOBILIARIA,OPORTUNIDAD","VENTA DE LA NUDA PROPIEDAD. SOLO INVERSIONISTASInmobiliaria Eduardo Molet te presenta esta espectacular oportunidad de adquirir la NUDA PROPIEDAD de un piso ubicado en el corazón del Barrio de Arganzuela (Delicias).Esta propiedad se vende en nuda propiedad, con el actual propietario cercano a los 67 años, que segui",Delicias,False,True,False,False,False,bare_ownership_or_usufruct,https://www.idealista.com/inmueble/105937079/
"Ático en Alameda de Osuna, Madrid",650000,231,2813.852813852814,5.0,1,"REFORMADO,TERRAZA,AMPLIO,ÁTICO,ESPECTACULAR,INMOBILIARIA,HALL,CASA,SUITE,ESTUDIO","Inmobiliaria en Alameda de Osuna Madrid - Tecnocasa Estudio Alameda De Osuna SlVENDE NUDA PROPIEDAD de este espectacular ático con terraza de 45m2 REFORMADO hace 2 año con las ultimas calidades distribuido en hall de entrada, 5 dormitorios(dormitorio principal con baño en suite y un magnifico vestidor), amplio salón",Alameda de Osuna,False,True,False,False,False,bare_ownership_or_usufruct,https://www.idealista.com/inmueble/105153540/
"Piso en calle de José del Pino Jiménez, Villaverde Alto, Madrid",151000,37,4081.0810810810813,2.0,0,OPORTUNIDAD,"Oportunidad inmueble sin posesión, no se puede visitar. Propio para inversores o vecinos que conozcan el inmueble.Disponemos de una amplia cartera de inmuebles sin posesión en madrid y en toda españa.Propio, pequeño y gran inversor.Madrid es un municipio y una ciudad de españa. La localidad, con categoría histórica",Villaverde Alto - Casco Histórico de Villaverde,True,False,False,False,False,occupied_or_no_possession,https://www.idealista.com/inmueble/107055783/
"Piso en calle Pinos Alta, Valdeacederas, Madrid",241000,73,3301.3698630136987,2.0,0,OPORTUNIDAD,"Oportunidad inmueble sin posesión, no se puede visitar. Propio para inversores o vecinos que conozcan el inmueble.Disponemos de una amplia cartera de inmuebles sin posesión en madrid y en toda españa.Propio, pequeño y gran inversor.Madrid es un municipio y una ciudad de españa. La localidad, con categoría histórica",Valdeacederas,True,False,False,False,False,occupied_or_no_possession,https://www.idealista.com/inmueble/107074469/
"Piso en calle de Sor María de Ágreda, 47 -b, Ventas, Madrid",180000,93,1935.483870967742,3.0,0,"VIVIENDA,INTERIOR",Vivienda ocupada. Imposibilidad de visita interior.,Ventas,True,False,False,False,False,occupied_or_no_possession,https://www.idealista.com/inmueble/107109426/
"Piso en calle Carlos Domingo, 6, Aluche, Madrid",125200,60,2086.6666666666665,3.0,0,"PISO,OPORTUNIDAD","NO TE COBRAMOS COMISION. Oportunidad sólo para inversores. El activo se encuentra ocupado por personas sin titulo en vigor, se trata de anteriores inquilinos que no pagas.Debido al estado ocupacional del activo, no se pueden realizar visitas al mismo.Piso de segunda mano en venta situado en Madrid capital, zona de L",Aluche,True,False,False,False,False,occupied_or_no_possession,https://www.idealista.com/inmueble/107137519/
"Ático en travesía Alejandro Sánchez, Opañel, Madrid",230000,69,3333.3333333333335,1.0,0,"VIVIENDA,ÁTICO,GARAJE,ESTUDIO,EXTERIOR","¡LEER DESCRIPCIÓN COMPLETA! ¡VIVIENDA OKUPADA ILEGAMENTE, NO SE PUEDEN REALIZAR VISITAS!ESTUDIO PRADERA DE SAN ISIDRO, S. L. , VENDE ÁTICO en Travesía Alejandro Sánchez (demanda de desahucio en proceso) con PLAZA DE GARAJE INCLUIDA. Se trata de una TERCERA planta EXTERIOR con ASCENSOR compuesta por un dormitorio con a",Opañel,True,False,False,False,False,occupied_or_no_possession,https://www.idealista.com/inmueble/106839341/
"Piso en calle Virgen de las Viñas, Santa Eugenia, Madrid",146600,93,1576.3440860215053,3.0,2,"PISO,OPORTUNIDAD","Oportunidad sólo para inversores. El activo se encuentra ocupado por persona sin justo título. Debido al estado ocupacional del activo, no se pueden realizar visitas al mismo. Piso de segunda mano en venta situado en Madrid. Cuenta con una superficie de 93 m² distribuidos en 3 dormitorios y 2 baños. Se localiza en la p",Santa Eugenia,True,False,False,False,False,occupied_or_no_possession,https://www.idealista.com/inmueble/106734868/
"Piso en calle de Valdesaz, Casco Histórico de Vallecas, Madrid",175000,79,2215.1898734177216,3.0,0,"PISO,EXCLUSIVA,OPORTUNIDAD,CASA,INTERIOR","Inmueble sin posesión y sin acceso al interior. Las fotografías del interior y las características del activo, pueden no ajustarse al estado actual. ¿Deseas convertir la casa de tus sueños en una realidad?¡Esta es tu oportunidad!Les ofrecemos en exclusiva este piso en edificio residencial que puedes adquirir en pr",Casco Histórico de Vallecas,True,False,False,False,False,occupied_or_no_possession,https://www.idealista.com/inmueble/106410669/
"Piso en calle de Maqueda, Aluche, Madrid",149000,62,2403.2258064516127,3.0,0,"VIVIENDA,PISO","PISO OCUPADO POR PERSONA SIN JUSTO TÍTULO (Antiguo Deudor Hipotecario)ESTE INMUEBLE DEBIDO A SU ESTADO OCUPACIONAL NO ADMITE VISITASIDEAL PARA INVERSORESAmplia vivienda de 60 m², según Catastro, y 2 m² de elementos comunes, a la venta en el barrio de Aluche, Madrid. La vivienda está distribuida en salón-comedor, tres d",Aluche,True,False,False,False,False,occupied_or_no_possession,https://www.idealista.com/inmueble/106141465/
"Piso en calle José Maurelo, Aluche, Madrid",189000,54,3500.0,2.0,0,"VIVIENDA,PISO,REFORMADO,FUNCIONAL","DB Servicios Inmobiliarios VENDE Excelente Piso Reformado de 54 m².**PISO CON INQUILINOS** ¡Ideal para Inversores, vivienda en Rentabilidad!Ubicado en una planta baja elevada que destaca por su luminosidad y su diseño funcional. La vivienda dispone de 2 habitaciones: la principal cuenta con un práctico armario empo",Aluche,False,False,False,False,True,tenant_or_rented,https://www.idealista.com/inmueble/106408467/
"Piso en calle de la Primavera, Lavapiés-Embajadores, Madrid",198000,35,5657.142857142857,1.0,0,"ÁTICO,EQUIPADA,DÚPLEX","En el céntrico y multicultural barrio de Antón Martín, entre Barrio de las Letras y Lavapiés.Actualmente alquilado! Inmueble en rentabilidad!Ático-buhardilla dúplex con techos altos totalmente amueblado, el salón cuenta con sofá-cama y televisor, cocina equipada con espacio para el almacenaje, dormitorio con cama d",Embajadores,False,False,False,False,True,tenant_or_rented,https://www.idealista.com/inmueble/106336068/
"Piso en avenida Donostiarra, s/n, Concepción, Madrid",260000,65,4000.0,2.0,0,"VIVIENDA,PISO","PISO OCUPADO POR PERSONA SIN JUSTO TÍTULO (Antiguo Deudor Hipotecario)ESTE INMUEBLE DEBIDO A SU ESTADO OCUPACIONAL NO ADMITE VISITASIDEAL PARA INVERSORESVivienda de 56 m², según Catastro, y 9 m² de elementos comunes, a la venta en el distrito de Ciudad Lineal, Madrid. Es una 11ª Planta en un bloque en buen estado de co",La Concepción,True,False,False,False,False,occupied_or_no_possession,https://www.idealista.com/inmueble/106683866/
"Piso en Numancia, Madrid",109400,63,1736.5079365079366,3.0,1,"PISO,OPORTUNIDAD","No cobramos comisión al comprador. INMUEBLE OCUPADO. - ¡Oportunidad única PARA INVERSORES, estupendo piso en Puente de Vallecas! .Si buscas una inversión segura en una de las zonas más demandadas de Madrid, ¡este piso es para ti!Distribución ideal: 3 dormitorios, salón, cocina independiente, 1 baño y tendedero.",Numancia,True,False,False,False,False,occupied_or_no_possession,https://www.idealista.com/inmueble/107256468/
"Piso en calle de Peña de la Atalaya, 125, San Diego, Madrid",93300,55,1696.3636363636363,2.0,0,"PISO,OPORTUNIDAD","NO TE COBRAMOS COMISION. Oportunidad sólo para inversores. El activo se encuentra ocupado por personas sin titulo en vigor, se trata de anteriores inquilinos que no pagas.Debido al estado ocupacional del activo, no se pueden realizar visitas al mismo.Piso de segunda mano en venta situado en Madrid capital, zona d",San Diego,True,False,False,False,False,occupied_or_no_possession,https://www.idealista.com/inmueble/107103594/
"Piso en calle de los Lenceros, Amposta, Madrid",95500,54,1768.5185185185185,2.0,0,"PISO,EXCLUSIVA,INTERIOR","Inmueble sin posesión y sin acceso al interior. Las fotografías del interior y las características del activo, pueden no ajustarse al estado actual.NO COBRAMOS COMISIÓN DE INTERMEDIACIÓN AL COMPRADOR¡Tenemos en exclusiva un piso para ti!Disponemos de un piso en edificio residencial que puedes adquirir en propied",Amposta,True,False,False,False,False,occupied_or_no_possession,https://www.idealista.com/inmueble/106808042/
"Piso en calle de Alcalá de Guadaíra, Palomeras Bajas, Madrid",79900,57,1401.7543859649122,3.0,1,"PISO,OPORTUNIDAD","INMUEBLE OCUPADO. - ¡Oportunidad única PARA INVERSORES, estupendo piso en Palomeras! . No cobramos comisión al comprador.Si buscas una inversión segura en una de las zonas más demandadas de Madrid, ¡este piso es para ti!Distribución ideal: 3 dormitorios, salón, cocina independiente, 1 baño y tendedero.El Inmueble",Palomeras Bajas,True,False,False,False,False,occupied_or_no_possession,https://www.idealista.com/inmueble/107288224/
"Piso en calle Lucano, 29, Canillejas, Madrid",229000,87,2632.183908045977,3.0,0,"VIVIENDA,INTERIOR",Vivienda actualmente ocupada. Imposibilidad de visita interior.,Canillejas,True,False,False,False,False,occupied_or_no_possession,https://www.idealista.com/inmueble/107109268/
"Piso en calle de Villamanín, s/n, Lucero, Madrid",165000,75,2200.0,3.0,0,"VIVIENDA,PISO","PISO OCUPADO POR PERSONA SIN JUSTO TÍTULO (Antiguo Deudor Hipotecario)ESTE INMUEBLE DEBIDO A SU ESTADO OCUPACIONAL NO ADMITE VISITASIDEAL PARA INVERSORESVivienda de 72 m², según Catastro, y 3 m² de elementos comunes, a la venta en el distrito de Latina, Madrid. La vivienda está distribuida en salón-comedor, tres dormit",Lucero,True,False,False,False,False,occupied_or_no_possession,https://www.idealista.com/inmueble/106683860/
"Piso en calle Metal, Los Rosales, Madrid",215000,103,2087.378640776699,4.0,0,"EXCLUSIVA,OPORTUNIDAD","Inmueble con inquilino, sin posibilidad de visitas. As Real Estate, departamento de venta del Grupo Alquiler Seguro, te ofrece en exclusiva esta oportunidad de inversión.Te aseguramos el retorno de tu inversión gracias a la gestión profesional de Alquiler Seguro, garantizándote siempre el cobro de tu renta. Contrato",Los Rosales,False,False,False,False,True,tenant_or_rented,https://www.idealista.com/inmueble/104330138/
"Piso en avenida de Oporto, 15, Abrantes, Madrid",152900,74,2066.2162162162163,2.0,0,OPORTUNIDAD,"******Oportunidad sólo para inversores. El activo se encuentra ocupado sin título legal en vigor: se trata de un alquiler vencido. Debido al estado ocupacional del activo, no se pueden realizar visitas al mismo.El inmueble se transmite arrendado a tercero y con un posible derecho de éste a la adquisición preferente d",Abrantes,True,False,False,False,False,occupied_or_no_possession,https://www.idealista.com/inmueble/107140913/
"Piso en calle Puebla de Sanabria, Villaverde Alto, Madrid",127000,108,1175.9259259259259,3.0,0,"VIVIENDA,PISO,TERRAZA","PISO OCUPADO POR PERSONA SIN JUSTO TÍTULOESTE INMUEBLE DEBIDO A SU ESTADO OCUPACIONAL NO ADMITE VISITASIDEAL PARA INVERSORESAmplia vivienda de 98 m², según Catastro, y 10 m² de elementos comunes. La vivienda está distribuida en salón-comedor, tres dormitorios, un cuarto de baño, cocina, tendedero, vestíbulo y terraza.",Villaverde Alto - Casco Histórico de Villaverde,True,False,False,False,False,occupied_or_no_possession,https://www.idealista.com/inmueble/105540166/
"Piso en calle de El Yesero, Palomeras sureste, Madrid",245000,80,3062.5,1.0,0,"PISO,REFORMADO,VISTAS,OPORTUNIDAD,PISCINA,GARAJE","¡Oportunidad para inversores! Piso reformado de 70 m² en Palomeras Sureste, con inquilino, orientación este y vistas a jardines. Incluye garaje, trastero y piscina comunitaria. Tercera planta en una zona accecible, ideal para obtener rentabilidad inmediata. ¡No dejes pasar esta excelente inversión! Contáctanos para más",Palomeras Sureste,False,False,False,False,True,tenant_or_rented,https://www.idealista.com/inmueble/106637969/
"Piso en calle de Bustamante, Delicias, Madrid",215000,47,4574.468085106383,2.0,0,"PISO,EXCLUSIVA,FINCA,METRO","LookandFind vende en exclusiva estupendo piso semi-sótano ""Actualmente Alquilado"" Ideal para Inversores con una alta rentabilidad.En las partes con ventanas a la calle, la finca tiene una altura de 3,83m, con lo que está distribuida en dos alturas.El resto de la propiedad mantiene una muy buena altura de 3,12metros.",Delicias,False,False,False,False,True,tenant_or_rented,https://www.idealista.com/inmueble/107203404/
"Piso en calle del Sombrerete, Lavapiés-Embajadores, Madrid",220000,64,3437.5,2.0,1,"PISO,OPORTUNIDAD,FUNCIONAL","¡Oportunidad de Inversión en Lavapiés! Se ofrece piso okupado con alto potencial de rentabilidad para inversores:  2 habitaciones amplias.  1 baño funcional.  Edificio con ascensor, ideal para facilitar el acceso.  Ubicado en Lavapiés, una de las zonas más dinámicas y culturales de Madrid. Ventajas destacadas: Muy",Embajadores,True,False,False,False,False,occupied_or_no_possession,https://www.idealista.com/inmueble/106660967/
"Piso en calle Peña de Oroel, Casco Histórico de Vallecas, Madrid",98200,48,2045.8333333333333,2.0,0,PISO,"Piso en Madrid. Cuenta con una superfície de 48.45 m2. - El inmueble se encuentra ocupado ilegalmente por terceros y sin los suministros debidamente contratados. El Inmueble se transmitirá: (i) como cuerpo cierto y a tanto alzado (ii) como un todo, inseparable (iii) en el estado registral y catastral en el que se encue",Casco Histórico de Vallecas,True,False,False,False,False,occupied_or_no_possession,https://www.idealista.com/inmueble/102916826/
"Piso en calle del Capitán Blanco Argibay, 87, Valdeacederas, Madrid",199500,74,2695.945945945946,2.0,1,"VIVIENDA,PISO,EXCLUSIVA","Inmueble de Subasta Judicial en Cesión de Remate. Madrid.Piso con una superficie de 74 m², esta vivienda cuenta con 2 dormitorios y 1 baños. Está situada en una zona residencial consolidada, rodeada de servicios, comercios y transporte público.La adquisición se realizará exclusivamente a través del proceso de Subas",Valdeacederas,False,False,False,True,False,auction,https://www.idealista.com/inmueble/106662647/
"Piso en avenida de los Madroños, Conde Orgaz-Piovera, Madrid",1875000,346,5419.075144508671,4.0,0,"VIVIENDA,EXCLUSIVA,PARQUE,URBANIZACIÓN","Gilmar Consulting Inmobiliario vende fantástica vivienda en la urbanización más exclusiva del Parque Conde Orgaz, alquilada con inquilino de larga estancia y máxima solvencia demostrable, con rentabilidades por encima del 4%. Vivienda ubicada en una de las zonas más prestigiosas de Madrid, el Parque Conde Orgaz, en la",Piovera,False,False,False,False,True,tenant_or_rented,https://www.idealista.com/inmueble/101212706/
"Piso en calle de Hermosilla, Recoletos, Madrid",750000,114,6578.9473684210525,3.0,0,PISO,"VENTA SOLO PARA INVERSORES. NO SE PUEDE VISITAR.Se vende piso con inquilino, arrendado con contrato de RENTA ANTIGUA. Contrato INDEFINIDO firmado en 1940 en última subrogación. Inquilina de 63 años.Directamente propiedad.En la zona más demandada del Barrio Salamanca, en la calle Hermosilla en el tramo entre la",Recoletos,False,False,False,False,True,tenant_or_rented,https://www.idealista.com/inmueble/106534264/
"Piso en calle de Francisco Paíno, Abrantes, Madrid",145000,75,1933.3333333333333,3.0,0,"VIVIENDA,PISO,OPORTUNIDAD","OPORTUNIDAD PARA INVERSORES. Piso OCUPADO. Debido a su estado ocupacional, no admite visitas. Pero si puedes seguirnos en nuestro Instagram @housebox_re, para conocer más inmuebles de tu interés.Vivienda de 75 m², según Catastro. La vivienda está distribuida en salón-comedor, tres dormitorios, cocina y un cuarto de b",Abrantes,True,False,False,False,False,occupied_or_no_possession,https://www.idealista.com/inmueble/106002715/
"Estudio en Palomeras Bajas, Madrid",146000,78,1871.7948717948718,,0,"VIVIENDA,PISO","PISO OCUPADO POR PERSONA SIN JUSTO TÍTULOESTE INMUEBLE DEBIDO A SU ESTADO OCUPACIONAL NO ADMITE VISITASIDEAL PARA INVERSORESVivienda de 74 m², según Catastro, y 4 m² de elementos comunes a la venta en el distrito de Puente de Vallecas, Madrid.Es una 3ª Planta en un bloque sin ascensor.Muy bien comunicado por carre",Palomeras Bajas,True,False,False,False,False,occupied_or_no_possession,https://www.idealista.com/inmueble/107288243/
"Estudio en avenida Donostiarra, Concepción, Madrid",260000,65,4000.0,,0,"VIVIENDA,PISO","PISO OCUPADO POR PERSONA SIN JUSTO TÍTULO (Antiguo Deudor Hipotecario)ESTE INMUEBLE DEBIDO A SU ESTADO OCUPACIONAL NO ADMITE VISITASIDEAL PARA INVERSORESVivienda de 56 m², según Catastro, y 9 m² de elementos comunes, a la venta en el distrito de Ciudad Lineal, Madrid.Es una 11ª Planta en un bloque en buen estado de",La Concepción,True,False,False,False,False,occupied_or_no_possession,https://www.idealista.com/inmueble/107288297/
"Piso en calle de Caunedo, Simancas, Madrid",175000,51,3431.372549019608,3.0,0,"VIVIENDA,PISO,OPORTUNIDAD","OPORTUNIDAD PARA INVERSORES. Piso OCUPADO. Debido a su estado ocupacional, no admite visitas. Pero si puedes seguirnos en nuestro Instagram @housebox_re, para conocer más inmuebles de tu interés.Vivienda de 51 m², según Catastro. La vivienda está distribuida en salón-comedor, tres dormitorios, cocina y un cuarto de ba",Simancas,True,False,False,False,False,occupied_or_no_possession,https://www.idealista.com/inmueble/106066842/
"Piso en Alcalá de Guadaira, 41, Palomeras Bajas, Madrid",215000,85,2529.4117647058824,2.0,0,"PISO,REFORMADO,ÁTICO","Se vende Piso reformado con inquilinos, no problemáticos y buenos pagadores, con contrato de alquiler.",Palomeras Bajas,False,False,False,False,True,tenant_or_rented,https://www.idealista.com/inmueble/105669207/
"Piso en calle Lagunas de Neila, 6, Villaverde Alto, Madrid",285000,141,2021.276595744681,4.0,0,"PISO,OPORTUNIDAD","******Oportunidad sólo para inversores. El activo se encuentra ocupado sin título legal en vigor: se trata de un alquiler vencido. Debido al estado ocupacional del activo, no se pueden realizar visitas al mismo.Piso de segunda mano en venta situado en Madrid. Cuenta con una superficie de 141,80m² distribuidos en 4 do",Villaverde Alto - Casco Histórico de Villaverde,True,False,False,False,False,occupied_or_no_possession,https://www.idealista.com/inmueble/107149869/
"Piso en calle de Ministriles, Lavapiés-Embajadores, Madrid",148000,44,3363.6363636363635,2.0,0,"PISO,OPORTUNIDAD","Oportunidad sólo para inversores. El activo se encuentra ocupado. Debido al estado ocupacional del activo, no se pueden realizar visitas al mismo. Piso de segunda mano, situado en un edificio residencial del barrio Embajadores, distrito Centro, perteneciente a Madrid. Cuenta con una superficie de 44 m², distribuidos en",Embajadores,True,False,False,False,False,occupied_or_no_possession,https://www.idealista.com/inmueble/106656561/
"Piso en calle de Parvillas Altas, Villaverde Alto, Madrid",90000,74,1216.2162162162163,3.0,0,"VIVIENDA,PISO,OPORTUNIDAD","VIVIENDA OCUPADA. Oportunidad sólo para inversores. El activo se encuentra ocupado. Debido al estado ocupacional del activo, no se pueden realizar visitas al mismo. Piso de segunda mano en venta situado en la provincia de Madrid. Cuenta con una superficie de 73 m² distribuidos en 3 dormitorios, cocina, salón comedor co",Villaverde Alto - Casco Histórico de Villaverde,True,False,False,False,False,occupied_or_no_possession,https://www.idealista.com/inmueble/106050604/
"Piso en calle de la Corte de Faraón, Los Ángeles, Madrid",138000,94,1468.0851063829787,5.0,2,"PISO,OPORTUNIDAD","Oportunidad sólo para inversores. El activo se encuentra ocupado por persona sin justo título. Debido al estado ocupacional del activo, no se pueden realizar visitas al mismo. Piso de segunda mano en venta situado en Madrid. Cuenta con una superficie de 93 m² distribuidos en 3 dormitorios y 2 baños. Se localiza en la c",Ángeles,True,False,False,False,False,occupied_or_no_possession,https://www.idealista.com/inmueble/105795421/
"Piso en calle de Dulce Chacón, Virgen del Cortijo - Manoteras, Madrid",490000,74,6621.621621621622,2.0,0,"VIVIENDA,PISO,ESPECTACULAR,FINCA,EXTERIOR,INTERIOR","ATENCIÓN INVERSORES! Vivienda actualmente alquilada hasta diciembre de 2026. SIN POSIBILIDAD DE VISITA INTERIOR. Se estudian ofertas.Magnifico piso de 2 dormitorios. Todo exterior en una finca espectacular, ubicada a pocos minutos de las 4 Torres, Paseo de la Castellana y Centro Comercial Caleido! con todo tipo de ti",Valdefuentes,False,False,False,False,True,tenant_or_rented,https://www.idealista.com/inmueble/105952493/
"Piso en calle de Argensola, Chueca-Justicia, Madrid",750000,94,7978.723404255319,2.0,1,"PISO,LUJO,FINCA,HOGAR,SUITE","PISO CON UNA REFORMA DE LUJO EN JUSTICIASe vende con inquilino de temporada. Consultar condicionesHousinGo presenta este encantador hogar de 2 dormitorios con baños en suite más aseo de cortesía, se encuentra ubicado en una finca de estilo clásico, datada en 1910, donde la historia y la modernidad se funden en perf",Justicia,False,False,False,False,True,tenant_or_rented,https://www.idealista.com/inmueble/105535991/
"Piso en calle Gandhi, s/n, Pueblo Nuevo, Madrid",195000,58,3362.0689655172414,1.0,0,"VIVIENDA,PISO,ESTRENAR,NUEVO","Dhoce Arquitectura te ofrece - SIN HONORARIOS DE AGENCIA - este magnífico piso en Pueblo Nuevo, distrito de Ciudad Lineal, con una reforma integral recién hecha A ESTRENAR.Ideal para INVERSORES, vivienda actualmente ALQUILADA con una rentabilidad BRUTA del 6,5%.Se trata de una VIVIENDA, a todos los efectos (registr",Pueblo Nuevo,False,False,False,False,True,tenant_or_rented,https://www.idealista.com/inmueble/104370869/
"Piso en calle del Pico Montánchez, Casco Histórico de Vallecas, Madrid",130900,79,1656.9620253164558,3.0,0,PISO,"LAS FOTOS DEL INMUEBLE SE ENVIARÁN POR PRIVADO¡Fantástica INVERSIÓN!Se vende la NUDA PROPIEDAD de este fantástico piso en Calle Pico Montanchez, Madrid.El actual propietario, señor de 82 años, conservará el derecho de uso y disfrute de la propiedad de por vida. La propiedad tiene un valor de mercado de 210.000€ y s",Casco Histórico de Vallecas,False,True,False,False,False,bare_ownership_or_usufruct,https://www.idealista.com/inmueble/107162615/
"Piso en avenida de los Madroños, Conde Orgaz-Piovera, Madrid",1795000,339,5294.9852507374635,4.0,0,"VIVIENDA,EXCLUSIVA,PARQUE,URBANIZACIÓN","Gilmar Consulting Inmobiliario vende fantástica vivienda en la urbanización más exclusiva del Parque Conde Orgaz, alquilada con inquilino de larga estancia y máxima solvencia demostrable, con rentabilidades por encima del 4%. Vivienda ubicada en una de las zonas más prestigiosas de Madrid, el Parque Conde Orgaz, en la",Piovera,False,False,False,False,True,tenant_or_rented,https://www.idealista.com/inmueble/101211617/
"Ático en calle de los Cacereños, 41, Villaverde Alto, Madrid",74500,69,1079.7101449275362,3.0,0,"PISO,OPORTUNIDAD",OPORTUNIDAD DE COMPRA: SE VENDE MAGNIFICO PISO DE 3 DORMITORIOS. El Inmueble se transmite libre de toda carga pero OKUPADO ilegalmente por tercero sin título. Consúltenos por las condiciones especiales del mismo. No permite visitas físicas al inmueble. Dicha situación ha sido especialmente tenida en cuenta en la fijaci,Villaverde Alto - Casco Histórico de Villaverde,True,False,False,False,False,occupied_or_no_possession,https://www.idealista.com/inmueble/107134089/
"Estudio en calle de Oviedo, Cuatro Caminos, Madrid",135000,24,5625.0,,0,"VIVIENDA,REFORMADO,LUMINOSO,FINCA,EQUIPADA,ESTUDIO,EXTERIOR","¡Síguenos en nuestras redes sociales y sé el primero en conocer nuestras novedades en alquiler y venta! Instagram: @servifincasmadridVivienda actualmente ALQUILADA por unos 2 años más. Renta actual de 510 euros.Acogedor estudio exterior, reformado. MUY LUMINOSO.Tiene una cocina independiente y totalmente equipada",Cuatro Caminos,False,False,False,False,True,tenant_or_rented,https://www.idealista.com/inmueble/89318445/
"Piso en Puerta del Ángel, Madrid",119400,77,1550.6493506493507,3.0,1,"PISO,TERRAZA,LUMINOSO,OPORTUNIDAD","No cobramos comisión al comprador. INMUEBLE OCUPADO. - ¡Oportunidad única PARA INVERSORES, estupendo piso en Puerta de Ángel! .Distribución ideal: 3 dormitorios, salón luminoso y acogedor, Cocina independiente, 1 baño y terraza.El Inmueble se transmite ocupado por tercero no pudiendo hacer visitas físicas al inmue",Puerta del Ángel,True,False,False,False,False,occupied_or_no_possession,https://www.idealista.com/inmueble/107251417/
"Piso en calle de Villafuerte, Los Rosales, Madrid",93400,56,1667.857142857143,3.0,0,PISO,"SOLO INVERSORES - INMUEBLE INQUIOKUPADORentabilidad: 10,05 %Inicio del contrato: 21/03/2019Fin del contrato: 20/03/2026Renta: 781,49 €Propiedad con inquilino construida en el 1967 en Madrid, Madrid. Es un piso en la segunda planta, cuenta con 56m2 construidos, distribuidos en tres dormitorios, comedor-estar, cua",Los Rosales,False,False,False,False,True,tenant_or_rented,https://www.idealista.com/inmueble/102547196/
"Piso en calle Tucurinca, s/n, Pinar del Rey, Madrid",228000,83,2746.987951807229,3.0,0,"VIVIENDA,PISO","PISO OCUPADO POR PERSONA SIN JUSTO TÍTULO (Antiguo Deudor Hipotecario)ESTE INMUEBLE DEBIDO A SU ESTADO OCUPACIONAL NO ADMITE VISITASIDEAL PARA INVERSORESVivienda de 78 m², según Catastro, y 5 m² de elementos comunes, a la venta en el distrito de Hortaleza, Madrid. Es una 5ª Planta en un bloque en buen estado de conserv",Pinar del Rey,True,False,False,False,False,occupied_or_no_possession,https://www.idealista.com/inmueble/106683862/
"Piso en avenida de Rafaela Ybarra, 72, Orcasitas, Madrid",138600,109,1271.559633027523,2.0,0,"PISO,OPORTUNIDAD","NO TE COBRAMOS COMISION. Oportunidad sólo para inversores. El activo se encuentra ocupado por personas sin titulo en vigor, se trata de anteriores inquilinos que no pagas.Debido al estado ocupacional del activo, no se pueden realizar visitas al mismo.Piso de segunda mano en venta situado en Madrid capital, zona de U",Orcasitas,True,False,False,False,False,occupied_or_no_possession,https://www.idealista.com/inmueble/107138342/
"Piso en calle de Braulio Gutiérrez, Pueblo Nuevo, Madrid",225000,67,3358.208955223881,2.0,0,PISO,"Piso alquilado con inquilinos con 1 año de contrato en calle Braulio Gutiérrez de 67m² que consta de 2 dormitorios, salón, baño y cocina con tendedero cerrado. Suelo de tarima y ventanas de aluminio. Consta de aire acondicionado en el salón de frio y calor. Zona con todos los servicios cerca (colegios, centros de salud",Pueblo Nuevo,False,False,False,False,True,tenant_or_rented,https://www.idealista.com/inmueble/106001644/
"Piso en calle de Guzmán el Bueno, Gaztambide, Madrid",360000,66,5454.545454545455,2.0,1,"PISO,METRO","Os presentamos un precioso piso de dos habitaciones y un baño con una ubicación fantástica, totalmente amueblado y equipado, ubicado en pleno barrio de Chamberí a escasos metros de ICADE.Se vende EN RENTABILIDAD, con inquilino solvente y ofreciendo una rentabilidad atractiva en torno al 5%.El piso está distribuido",Gaztambide,False,False,False,False,True,tenant_or_rented,https://www.idealista.com/inmueble/98147173/
"Piso en calle de Gainza, Orcasitas, Madrid",235000,88,2670.4545454545455,3.0,0,"OPORTUNIDAD,INTERIOR","Oportunidad de inversión: inmueble sin posesión. Imposibilidad de visita interior, no se puede financiar la compra de este inmueble. Advertimos que la información contenida puede no estar actualizada, solicita más información sobre el activo sin compromiso.",Orcasitas,True,False,False,False,False,occupied_or_no_possession,https://www.idealista.com/inmueble/107153897/
"Piso en avenida del Ensanche de Vallecas, Ensanche de Vallecas - La Gavia, Madrid",180000,38,4736.8421052631575,1.0,0,"VIVIENDA,PISO,AMPLIO,INMOBILIARIA,AMUEBLADA","Inmobiliaria VOhome propiedades La Gavia vende piso en el Ensanche de Vallecas.Vivienda con inquilino, ideal para inversores, está compuesta de:- Salón, con un amplio mirador que la hace muy luminosa.- Cocina americana completamente amueblada.- Dormitorio con puerta corredera para dar más intimidad al espacio.-",Ensanche de Vallecas,False,False,False,False,True,tenant_or_rented,https://www.idealista.com/inmueble/106396994/
"Piso en calle Alagón, Timón, Madrid",156000,57,2736.842105263158,3.0,0,"VIVIENDA,PISO","PISO OCUPADO POR PERSONA SIN JUSTO TÍTULO (Antiguo Deudor Hipotecario)ESTE INMUEBLE DEBIDO A SU ESTADO OCUPACIONAL NO ADMITE VISITASIDEAL PARA INVERSORESVivienda de 55 m², según Catastro, y 2 m² de elementos comunes. Se distribuye en salón-comedor, tres dormitorios, cocina y un cuarto de baño. (La distribución de la vi",Timón,True,False,False,False,False,occupied_or_no_possession,https://www.idealista.com/inmueble/105540171/
"Piso en Zofío, Madrid",94000,63,1492.063492063492,2.0,1,"PISO,TERRAZA,OPORTUNIDAD","No cobramos comisión al comprador. INMUEBLE OCUPADO. ¡Gran oportunidad PARA INVERSORES en el barrio de El Zofío!Piso con 2 terrazas, superficie de 63 m2 con 2 dormitorios y 1 baño.El Inmueble se transmite ocupado por tercero no pudiendo hacer visitas físicas al inmueble. El precio ha sido determinado teniendo en cue",Zofío,True,False,False,False,False,occupied_or_no_possession,https://www.idealista.com/inmueble/106912653/
"Piso en calle de Gallur, 1105, Los Cármenes, Madrid",112000,81,1382.716049382716,3.0,0,OPORTUNIDAD,"OPORTUNIDAD INMUEBLE SIN POSESIÓN, NO SE PUEDE VISITAR, PROPIO PARA INVERSORES O VECINOS QUE CONOZCAN EL INMUEBLE.Disponemos de una amplia cartera de inmuebles sin posesión en Madrid y en toda España, PROPIO PEQUEÑO Y GRAN INVERSOR.Madrid es un municipio y una ciudad de España.La localidad, con categoría histórica",Los Cármenes,True,False,False,False,False,occupied_or_no_possession,https://www.idealista.com/inmueble/104805212/
"Piso en calle de las Moquetas, 23, Valdeacederas, Madrid",125000,33,3787.878787878788,1.0,1,"PISO,REFORMADO,OPORTUNIDAD,ABSTENERSE_AGENCIAS,SOLO_PARTICULARES","Oportunidad inversores. Abstenerse agencias. Piso de 33 m2 reformado en 2020 y 2024 (actualmente se está actualizando). Se compone de salón, un dormitorio, un baño y cocina integrada. Propiedad con inquilinos. Piso planta baja. Contrato alquiler desde el 4/2/2022 por un periodo de 5 años, con una mensualidad de465€; l",Valdeacederas,False,False,False,False,True,tenant_or_rented,https://www.idealista.com/inmueble/106628567/
"Piso en calle del Doctor Bellido, San Diego, Madrid",215000,70,3071.4285714285716,3.0,0,"PISO,LUJO,OPORTUNIDAD","¡Atención Inversores!Piso en Rentabilidad con Inquilino Estable¿Buscas una inversión sólida con ingresos desde el primer momento? Este piso de 3 dormitorios es tu oportunidad. Actualmente alquilado, garantiza una rentabilidad atractiva y un flujo de caja constante.Características Destacadas:Ubicación Privilegia",San Diego,False,False,False,False,True,tenant_or_rented,https://www.idealista.com/inmueble/107260275/
"Piso en avenida de Oporto, Abrantes, Madrid",141000,74,1905.4054054054054,1.0,0,"PISO,OPORTUNIDAD","PISO OCUPADO. Oportunidad sólo para inversores. El activo se encuentra ocupado. Debido al estado ocupacional del activo, no se pueden realizar visitas al mismo. Piso de segunda mano en venta situado en la provincia de Madrid. Cuenta con una superficie de 74 m² distribuidos en varias dependencias y servicios. Se localiz",Abrantes,True,False,False,False,False,occupied_or_no_possession,https://www.idealista.com/inmueble/106047483/
"Piso en calle Fresno de Cantespino, 15, Ensanche de Vallecas - La Gavia, Madrid",233900,60,3898.3333333333335,1.0,2,"VIVIENDA,PISO,PISCINA,URBANIZACIÓN","Inmueble de Subasta Judicial en Cesión de Remate. Madird.Piso con una superficie de 60 m², esta vivienda cuenta con 2 dormitorios y 2 baños. Está situada en una zona residencial consolidada, rodeada de servicios, comercios y transporte público. Urbanización privada con piscina y zonas ajardinadas. Vigilancia 24h.La",Ensanche de Vallecas,False,False,False,True,False,auction,https://www.idealista.com/inmueble/107081669/
"Piso en calle de Canarias, Palos de la Frontera, Madrid",220000,42,5238.0952380952385,1.0,0,"PISO,AMPLIO,LUMINOSO,ESPECTACULAR,OPORTUNIDAD,CASA,HOGAR,CALEFACCIÓN","La Casa Agency vende espectacular oportunidad en el corazón de Palos de la Frontera, al lado de Atocha. SE VENDE CON INQUILINO. Ideal inversores. Este piso de 46 m², se distribuye en salón luminoso, cocina y dormitorio amplios. Además, el piso cuenta con calefacción de gas natural, lo que garantiza un hogar cálido y ef",Palos de la Frontera,False,False,False,False,True,tenant_or_rented,https://www.idealista.com/inmueble/107294962/
"Piso en calle de Seseña, Aluche, Madrid",148000,77,1922.077922077922,3.0,1,"PISO,OPORTUNIDAD","Oportunidad sólo para inversores. El activo se encuentra ocupado. Debido al estado ocupacional del activo, no se pueden realizar visitas al mismo. Piso de segunda mano en venta situado en la provincia de Madrid. Cuenta con una superficie de 77 m² distribuidos en 3 dormitorios, cocina, salón y 1 baño. Se localiza en la",Aluche,True,False,False,False,False,occupied_or_no_possession,https://www.idealista.com/inmueble/104888175/
"Piso en calle de San Bernardo, Malasaña-Universidad, Madrid",195000,40,4875.0,1.0,0,"VIVIENDA,OPORTUNIDAD,INTERIOR","Oportunidad de inversión: vivienda sin posesión.Imposibilidad de visita interior, no se puede financiar la compra de este inmueble.Advertimos que la información contenida puede no estar actualizada, solicita más información sobre el activo sin compromiso.Investment opportunity: property without possession.Impos",Universidad,True,False,False,False,False,occupied_or_no_possession,https://www.idealista.com/inmueble/105080111/
"Piso en calle del Datil, Puerta Bonita, Madrid",170000,61,2786.8852459016393,3.0,0,"VIVIENDA,PISO,APARTAMENTO","Piso de 3 habitaciones en Puerta Bonita, Carabanchel, Madrid!Descubre este acogedor apartamento en el barrio de Puerta Bonita, Carabanchel, Madrid. Con una superficie de 61 m², esta vivienda es ideal para cualquier inversor o para una familia.Está actualmente alquilado (contrato hasta 2029).El apartamento cuenta",Puerta Bonita,False,False,False,False,True,tenant_or_rented,https://www.idealista.com/inmueble/105473647/
"Piso en calle del Marqués de Jura Real, Comillas, Madrid",260000,95,2736.842105263158,2.0,0,"PISO,LUMINOSO,CASA",IDEAL PARA INVERSORESVENTA DE PISO EN CALLE MARQUÉS DE JURA REAL:VENTA DE NUDA PROPIEDAD.Vitacasas. com presenta la venta de la NUDA PROPIEDAD de luminoso piso en la calle Marques de Jura Real.DESCRIPCIÓN DEL INMUEBLEPiso en la primera planta de un edificio construido en 1966 con 95 m2 construidos.DISTRIBUCI,Comillas,False,True,False,False,False,bare_ownership_or_usufruct,https://www.idealista.com/inmueble/104918168/
"Piso en calle Covachuelas, Villaverde Alto, Madrid",192500,101,1905.9405940594058,3.0,0,OPORTUNIDAD,"Oportunidad inmueble sin posesión, no se puede visitar. Propio para inversores o vecinos que conozcan el inmueble.Disponemos de una amplia cartera de inmuebles sin posesión en madrid y en toda españa.Propio, pequeño y gran inversor.Madrid es un municipio y una ciudad de españa. La localidad, con categoría histórica",Villaverde Alto - Casco Histórico de Villaverde,True,False,False,False,False,occupied_or_no_possession,https://www.idealista.com/inmueble/107046633/
"Piso en calle de Peña de la Atalaya, 125, San Diego, Madrid",93300,52,1794.2307692307693,2.0,1,"PISO,OPORTUNIDAD","Oportunidad sólo para inversores. El activo se encuentra ocupado. Debido al estado ocupacional del activo, no se pueden realizar visitas al mismo. Piso de segunda mano en venta situado en Madrid capital, zona de Vallecas. Cuenta con una superficie de 45 m² distribuidos en 2 dormitorios, un baño, salón comedor y cocina.",San Diego,True,False,False,False,False,occupied_or_no_possession,https://www.idealista.com/inmueble/104886214/
"Estudio en calle Trafalgar, 14, Trafalgar, Madrid",350000,60,5833.333333333333,,1,"PISO,AMPLIO,ARMARIOS",Chamberí zona Plaza Olavide particular vende piso en buen estado de 1 dormitorio amplio con 2camas de matrimonio 2 armarios grandes 1 baño grande con bañera de hidromasage y ducha hecha de obra con 2 armarios empotrados salón cocina piso con 4ventanas y suficiente claridad 350.000eu precio de venta Nuda Propiedad preci,Trafalgar,False,True,False,False,False,bare_ownership_or_usufruct,https://www.idealista.com/inmueble/106755192/
"Piso en calle de la Pilarica, Moscardó, Madrid",158000,66,2393.939393939394,2.0,0,"PISO,LUMINOSO,PARQUE,EXTERIOR","MUNDOAREA Vende_ PISO CON INQUILINO, NO SE PUEDE HACER VISITAS.El piso es exterior y muy luminoso en la calle Pilarica, el precio no es negociable.LOS INQUILINOS ESTAN PAGANDO 400 € AL MES. SU CONTRATO ACABA EN EL 2025.PRODUCTO NO FINANCIABLEMuy buena ubicación, en pleno parque de Madrid Río y muy cerca del nue",Moscardó,False,False,False,False,True,tenant_or_rented,https://www.idealista.com/inmueble/107038274/
"Piso en calle de Antonio López Aguado, 9, La Paz, Madrid",580000,143,4055.944055944056,1.0,0,OPORTUNIDAD,"******Oportunidad sólo para inversores. El activo se encuentra ocupado sin título legal en vigor: se trata de un alquiler vencido. Debido al estado ocupacional del activo, no se pueden realizar visitas al mismo.El inmueble se transmite arrendado a tercero y con un posible derecho de éste a la adquisición preferente d",La Paz,True,False,False,False,False,occupied_or_no_possession,https://www.idealista.com/inmueble/107151196/
"Piso en calle del Canchal, Butarque, Madrid",240000,80,3000.0,1.0,0,"VIVIENDA,PISO,EQUIPADA,AMUEBLADA,EXTERIOR","-ZONA BUTARQUE- IDEAL PARA INVERSORES – VIVIENDA CON CONTRATO DE ALQUILER EN VIGOR HASTA MAYO DEL AÑO 2029Piso de 80m², exterior y listo para entrar a vivir. La vivienda consta de salón, un dormitorio con zona vestidor, un cuarto de baño con plato de ducha y cocina independiente, amueblada, equipada con horno, frigorí",Butarque,False,False,False,False,True,tenant_or_rented,https://www.idealista.com/inmueble/104553330/
"Piso en calle de Gregorio Ortiz, Villaverde Alto, Madrid",70900,81,875.3086419753087,1.0,0,"PISO,OPORTUNIDAD","Oportunidad sólo para inversores. El activo se encuentra ocupado. Debido al estado ocupacional del activo, no se pueden realizar visitas al mismo.Piso de segunda mano en venta en la ciudad de Madrid. Construido en 1965, tiene una superficie de 81 m² distribuidos en diversas dependencias.Se localiza en el distrito de Vi",Villaverde Alto - Casco Histórico de Villaverde,True,False,False,False,False,occupied_or_no_possession,https://www.idealista.com/inmueble/104888143/
"Piso en avenida de Buenos Aires, Palomeras Bajas, Madrid",91400,67,1364.1791044776119,1.0,0,VIVIENDA,"IDEAL PARA INVERSORES: VENTA DE NUDA PROPIEDAD.Grupo Retiro gestiona la venta de la nuda propiedad de una vivienda valorada en 185.000 euros a cambio de un pago único de capital de 91.400 €. La usufructuaria, mujer de 68 años, continuará utilizando el inmueble hasta su fallecimiento.DESCRIPCIÓN DEL INMUEBLE:VIVIE",Palomeras Bajas,False,True,False,False,False,bare_ownership_or_usufruct,https://www.idealista.com/inmueble/107189252/
"Piso en calle Lucano, s/n, Canillejas, Madrid",215000,87,2471.264367816092,3.0,0,"VIVIENDA,PISO","PISO OCUPADO POR PERSONA SIN JUSTO TÍTULO (Antiguo Deudor Hipotecario)ESTE INMUEBLE DEBIDO A SU ESTADO OCUPACIONAL NO ADMITE VISITASIDEAL PARA INVERSORESVivienda de 80 m², según Catastro, y 7 m² de elementos comunes, a la venta en el distrito de San Blas-Canillejas, Madrid. Es una 1ª Planta en un bloque en buen estado",Canillejas,True,False,False,False,False,occupied_or_no_possession,https://www.idealista.com/inmueble/106683861/
"Piso en Quintana, Madrid",149000,55,2709.090909090909,2.0,0,"VIVIENDA,INMOBILIARIA,OPORTUNIDAD",¡OPORTUNIDAD!**NUDA PROPIEDAD****ATENCION INVERSORES**Agencia inmobiliaria de MADRID - zona CIUDAD LINEAL - CALLE ALCALA - HERMANOS DE PABLO - VIRGEN DEL SAGRARIO - VIRGEN DE LLUC. CLICKHAUS.**¡Gran oportunidad de compra! **CLICKHAUS VENDE estupenda VIVIENDA en la zona de Quintana con todos los servicios cerca.,Quintana,False,True,False,False,False,bare_ownership_or_usufruct,https://www.idealista.com/inmueble/107158409/
"Piso en calle de la Hacienda de Pavones, Vinateros, Madrid",136000,59,2305.084745762712,3.0,0,"VIVIENDA,PISO","PISO OCUPADO POR PERSONA SIN JUSTO TÍTULO (Antiguo Deudor Hipotecario)ESTE INMUEBLE DEBIDO A SU ESTADO OCUPACIONAL NO ADMITE VISITASIDEAL PARA INVERSORESAmplia vivienda de 57 m², según Catastro, y 2 m² de elementos comunes. La vivienda está distribuida en salón-comedor, tres dormitorios, un cuarto de baño, cocina, vest",Vinateros,True,False,False,False,False,occupied_or_no_possession,https://www.idealista.com/inmueble/105540178/
"Piso en calle de Antonio Toledano, Fuente del Berro, Madrid",445600,180,2475.5555555555557,6.0,0,VIVIENDA,"IDEAL PARA INVERSORES: VENTA DE NUDA PROPIEDAD.NUDA PROPIEDAD. Grupo Retiro gestiona la venta de la nuda propiedad de una vivienda, valorada en 885.000 € a cambio de un Pago Único de Capital de 445.600 €. Los usufructuarios, hombre de 76 años y mujer de 73 años, continuarán utilizando el inmueble y el trastero hasta",Fuente del Berro,False,True,False,False,False,bare_ownership_or_usufruct,https://www.idealista.com/inmueble/106650751/
"Dúplex en calle Anguita, Casco Histórico de Barajas, Madrid",300000,58,5172.413793103448,2.0,2,"LUMINOSO,DÚPLEX","Red House VENDE dúplex, actualmente alquilado.NO COBRAMOS HONORARIOS A LA PARTE COMPRADORADúplex de 58 m2 tiene dos dormitorios y dos baños, se distribuye en:Entreplanta con su cocina en pasillo, abierta a un luminoso salón, un baño con plato de ducha. El salón tiene un altillo con cama doble que sería el primer do",Casco Histórico de Barajas,False,False,False,False,True,tenant_or_rented,https://www.idealista.com/inmueble/106001175/
"Piso en calle San Herculano, 5, Canillejas, Madrid",135900,63,2157.1428571428573,2.0,0,"PISO,OPORTUNIDAD","Oportunidad sólo para inversores. El activo se encuentra ocupado. Debido al estado ocupacional del activo, no se pueden realizar visitas al mismo. Piso de segunda mano en venta situado en Madrid capital. Cuenta con una superficie de 64 m² distribuidos en varias dependencias y servicios. En sus inmediaciones dispone de",Canillejas,True,False,False,False,False,occupied_or_no_possession,https://www.idealista.com/inmueble/104887836/
"Piso en Aluche, Madrid",176000,105,1676.1904761904761,3.0,0,"OPORTUNIDAD,INTERIOR","Oportunidad de inversión: inmueble sin posesión.Imposibilidad de visita interior, no se puede financiar la compra de este inmueble.Advertimos que la información contenida puede no estar actualizada, solicita más información sobre el activo sin compromiso.Investment opportunity: housing without possession.Imposs",Aluche,True,False,False,False,False,occupied_or_no_possession,https://www.idealista.com/inmueble/107122818/
"Piso en calle de las Fraguas, Casco Histórico de Barajas, Madrid",215000,32,6718.75,1.0,0,"VIVIENDA,PISO,OPORTUNIDAD,APARTAMENTO","GESTIÓN PISO pone a su disposición este acogedor apartamento en Barajas. OPORTUNIDAD PARA INVERSORES - PISO EN RENTABILIDAD La vivienda actualmente alquilada, se vende en rentabilidad con inquilino, rentabilidad de 850 EUR/mes actualmente, (4,74 % de rentabilidad anual), con contrato por por un año de renovació",Casco Histórico de Barajas,False,False,False,False,True,tenant_or_rented,https://www.idealista.com/inmueble/107060813/
"Piso en calle de Albares de la Ribera, Puerta Bonita, Madrid",105000,63,1666.6666666666667,3.0,1,"VIVIENDA,PISO,TERRAZA,EXTERIOR","Venta de inmueble sin posesión (ocupado). La situación posesoria será asumida por el interesado. Venta destinada únicamente a profesionales. GARSIERRA. Vivienda en Madrid,Piso exterior en edificio sin ascensor distribuido en salón-comedor con salida a terraza, cocina, 3 habitaciones y 1 baño.Ubicado en Carabanchel,",Puerta Bonita,True,False,False,False,False,occupied_or_no_possession,https://www.idealista.com/inmueble/100971652/
"Piso en calle de Peña Ubiña, San Diego, Madrid",119000,60,1983.3333333333333,2.0,2,"PISO,OPORTUNIDAD","Oportunidad sólo para inversores. El activo se encuentra ocupado por persona sin justo título. Debido al estado ocupacional del activo, no se pueden realizar visitas al mismo. Piso de segunda mano en venta situado en Madrid. Cuenta con una superficie de 60 m² distribuidos en 2 dormitorios y 2 baños. Se localiza en la p",San Diego,True,False,False,False,False,occupied_or_no_possession,https://www.idealista.com/inmueble/104890731/
"Piso en calle de San Mariano, Canillejas, Madrid",140200,72,1947.2222222222222,3.0,0,"PISO,OPORTUNIDAD","Oportunidad sólo para inversores. El activo se encuentra ocupado. Debido al estado ocupacional del activo, no se pueden realizar visitas al mismo. Piso de segunda mano en venta situado en Madrid. Cuenta con una superficie de 72m² distribuidos en diversas estancias y servicios. Se localiza en la planta baja de un edific",Canillejas,True,False,False,False,False,occupied_or_no_possession,https://www.idealista.com/inmueble/105795370/
"Piso en calle Casarabonela, San Fermín, Madrid",148500,88,1687.5,2.0,0,OPORTUNIDAD,INMUEBLE NO VISITABLE… SE REQUIERE PAGO CON FONDOS PROPIOS DECLARADOS LA CESIÓN DE REMATE ES TU GRAN OPORTUNIDAD. Es el último paso de una subasta judicial donde el banco prefiere ceder la adjudicación a un tercero antes que sumarlo a su listado de inmuebles en su balance. Podrás comprar inmuebles al 60% de su valor y,San Fermín,False,False,False,True,False,auction,https://www.idealista.com/inmueble/107043291/
"Dúplex en calle de Pizarro, 6, Malasaña-Universidad, Madrid",199000,42,4738.0952380952385,1.0,1,"VIVIENDA,LUMINOSO,EQUIPADA,DÚPLEX,AMUEBLADA","IDEAL INVERSORES, actualmente alquilado dando un 5% de rentabilidad y con contrato empezado hace 3 meses.DÚPLEX en pleno barrio de Malasaña totalmente AMUEBLADO y MUY LUMINOSO.La vivienda se distribuye en una primera planta con salón con sofá cama, cocina americana totalmente equipada y amueblada y un baño completo",Universidad,False,False,False,False,True,tenant_or_rented,https://www.idealista.com/inmueble/104478268/
"Piso en calle Baleares, Comillas, Madrid",194000,69,2811.5942028985505,3.0,2,OPORTUNIDAD,"INMUEBLE OCUPADO - OPORTUNIDAD PARA INVERSIÓN - DEBIDO A SU ESTADO OCUPACIONAL NO SE PUEDE VISITAR. Pero si puedes segurinos en IG:Se presenta una gran oportunidad de inversión en Calle Baleares, Carabanchel, Madrid. Este inmueble cuenta con una superficie útil de 64 m², distribuida en tres habitaciones, dos aseos y",Comillas,True,False,False,False,False,occupied_or_no_possession,https://www.idealista.com/inmueble/106849462/
"Piso en calle del General Díaz Porlier, Goya, Madrid",379000,63,6015.873015873016,1.0,0,"VIVIENDA,REFORMADA,GOYA,METRO","Actualmente alquilada en 975€.Ubicado en uno de las mejores zonas de Madrid, Lista. A escasos 300 m a pie de la parada de metro Lista y Goya. Pero si la zona es ideal, la vivienda es mucho más, ya que está ¡totalmente reformada! Dispones de 63m² que se distribuyen en salón, cocina independiente, dormitorio y baño co",Goya,False,False,False,False,True,tenant_or_rented,https://www.idealista.com/inmueble/97573145/
"Ático en avenida de la Ciudad de Barcelona, Adelfas, Madrid",499000,109,4577.981651376147,2.0,0,"VIVIENDA,TERRAZA,ÁTICO,VISTAS,CHIMENEA,EXTERIOR","Grupo EXTRA vende ático con estupenda terraza de casi 30 m2, solo para INVERSORES ya que la vivienda se encuentra actualmente alquilada.Consta de un salón de gran tamaño con chimenea, dormitorio principal, baño, cocina y dormitorio individual. Todo es exterior a la terraza, la cual es de esquina y tiene vistas totalm",Adelfas,False,False,False,False,True,tenant_or_rented,https://www.idealista.com/inmueble/99449824/
"Piso en Lista, Madrid",475000,97,4896.907216494846,2.0,0,"VIVIENDA,EXCLUSIVA,LUJO,EXCLUSIVO,INMOBILIARIA,OPORTUNIDAD","¡Inmejorable Oportunidad de Inversión en la Nuda Propiedad de una Vivienda de Lujo en Madrid!Inmobiliaria Eduardo Molet pone en exclusiva a la venta la NUDA PROPIEDAD de este exclusivo inmueble, la actual propietaria de 69 años, mantendrá el usufructo vitalicio hasta el último de sus días.Ubicación: Situada en una",Lista,False,True,False,False,False,bare_ownership_or_usufruct,https://www.idealista.com/inmueble/106406700/
"Piso en calle Sierra de Alquife, 30, San Diego, Madrid",55500,41,1353.658536585366,2.0,0,"PISO,OPORTUNIDAD","*** Oportunidad sólo para inversores. El activo se encuentra ocupado sin titulo legal. : es un contrato de alquiler vencido.El comprador tiene que buscar las llaves pro su cuenta, pacíficamente o por el juzgado.Debido al estado ocupacional del activo, no se pueden realizar visitas al mismo. Piso de segunda mano en",San Diego,True,False,False,False,False,occupied_or_no_possession,https://www.idealista.com/inmueble/107100380/
"Piso en acceso Parque de la Elipa, Media Legua, Madrid",91000,97,938.1443298969073,3.0,0,"PISO,EXCLUSIVA,INMOBILIARIA,EXTERIOR","VENTA DE LA NUDA PROPIEDAD. PRODUCTO SOLO PARA INVERSIONISTAS.Inmobiliaria Eduardo Molet pone en exclusiva a la venta la NUDA PROPIEDAD de un ESTUPENDO PISO TODO EXTERIOR, (menos los baños), en la zona Media Legua de Moratalaz, los actuales propietarios de 54 y 61 años mantendrán el USUFRUCTO VITALICIO hasta el últim",Media Legua,False,True,False,False,False,bare_ownership_or_usufruct,https://www.idealista.com/inmueble/107304040/
"Piso en Aluche, Madrid",340000,105,3238.095238095238,4.0,0,"PISO,TERRAZA,AMPLIO,VISTAS,INMOBILIARIA,IMPRESIONANTE,AMUEBLADA","INMOBILIARIAS ENCUENTRO vende este magnífico piso de NUDA PROPIEDAD (con un usufructuario de 101 años) en el Barrio de Aluche, Madrid.El inmueble de 105m2, cuenta con un amplio salón que se conecta con una terraza de esquina con impresionantes vistas totalmente despejadas. Cocina independiente amueblada con Tendedero",Aluche,False,True,False,False,False,bare_ownership_or_usufruct,https://www.idealista.com/inmueble/107235582/
"Piso en calle de Ayala, 93, Goya, Madrid",660000,122,5409.836065573771,2.0,0,PISO,"PISO PARA INVERSORESSe vende piso, con inquilino (centro médico).Renta percibida actualmente: 2.400 €/mes hasta abril 2025 (14.400 € + iva)Tras abril 2025, cada año la renta sube 80 €/mes + iva.Renta total a percibir agotando el contrato de alquiler = 14.400+29.760+30.720+31.680+32.640+33600+34560 = 207.360 € + iva",Goya,False,False,False,False,True,tenant_or_rented,https://www.idealista.com/inmueble/105996671/
"Piso en calle Marmolistas, Arcos, Madrid",12000,61,196.72131147540983,2.0,0,VIVIENDA,"PROINDIVISO. Se vende SOLO una parte de la propiedad (16,67) y no se tiene acceso a la vivienda porque está habitada por otros copropietarios. Esta situada en una planta baja en un edificio de 4 plantas, siendo solo 2 vecinos por planta, en la calle Marmolistas, en el municipio y provincia de Madrid. La zona está conso",Arcos,False,False,True,False,False,partial_ownership,https://www.idealista.com/inmueble/106859553/
"Piso en calle Florencio Sanz, Vista Alegre, Madrid",144000,53,2716.9811320754716,2.0,0,"VIVIENDA,OPORTUNIDAD","INMUEBLE OCUPADO - OPORTUNIDAD PARA INVERSIÓN - DEBIDO A SU ESTADO OCUPACIONAL NO SE PUEDE VISITAR. Pero si puedes seguirnos en Instagram como @housebox_re, para conocer más sobre nuestros inmuebles.Vivienda de 53 m², según Catastro. La vivienda está distribuida en salón-comedor, 2 dormitorios, cocina y un cuarto de",Vista Alegre,True,False,False,False,False,occupied_or_no_possession,https://www.idealista.com/inmueble/106357884/
"Piso en calle Enrique Moyano, Comillas, Madrid",92000,50,1840.0,1.0,0,"VIVIENDA,PISO,OPORTUNIDAD","Oportunidad sólo para inversores. El activo se encuentra ocupado. Debido al estado ocupacional del activo, no se pueden realizar visitas al mismo.Piso de segunda mano en venta en Madrid.Se trata de un piso de 51 m² distribuidos en varias estancias.La vivienda se sitúa en el barrio de Comillas, teniendo buenos accesos p",Comillas,True,False,False,False,False,occupied_or_no_possession,https://www.idealista.com/inmueble/106656619/
"Ático en calle de Urgel, 8, San Isidro, Madrid",200000,95,2105.2631578947367,2.0,0,"ÁTICO,FUNCIONAL","IDEAL INVERSORES Ático en venta actualmente okupado y no es visitable. se ha iniciado el procedimiento judicial por la vía civil. Okupante NO VULNERABLE. En excelente ubicación, en la tercera planta de un edificio con ascensor. Este inmueble cuenta con 2 dormitorios, un cómodo comedor, una cocina funcional y un cuarto",San Isidro,True,False,False,False,False,occupied_or_no_possession,https://www.idealista.com/inmueble/104120405/
"Piso en Puerta del Ángel, Madrid",103000,54,1907.4074074074074,2.0,1,"PISO,TERRAZA,OPORTUNIDAD","No cobramos comisión al comprador. INMUEBLE OCUPADO. - ¡Oportunidad única PARA INVERSORES, estupendo piso en Puerta del Angel!Distribución ideal: 2 dormitorios, salón, cocina independiente, 1 baño y terraza de 4,5 m2.El Inmueble se transmite ocupado por tercero no pudiendo hacer visitas físicas al inmueble. El pr",Puerta del Ángel,True,False,False,False,False,occupied_or_no_possession,https://www.idealista.com/inmueble/107298668/
"Piso en Puerta del Ángel, Madrid",220000,85,2588.235294117647,3.0,1,"VIVIENDA,OPORTUNIDAD","Inmueble sin posesión. El inmueble no se puede visitar, por lo tanto no se puede hipotecar.  ¡Oportunidad única para inversores! Vivienda en Venta – Zona Puerta del Ángel, Latina (Madrid). Se vende vivienda en primera planta de 85 m², que cuenta con 3 dormitorios y 1 baño. Ubicada en la zona de Puerta del Ángel, en el",Puerta del Ángel,True,False,False,False,False,occupied_or_no_possession,https://www.idealista.com/inmueble/106892722/
"Piso en calle del Río Orinoco, 34, Portazgo, Madrid",88000,55,1600.0,3.0,1,"PISO,OPORTUNIDAD","Oportunidad sólo para inversores. El activo se encuentra ocupado. Debido al estado ocupacional del activo, no se pueden realizar visitas al mismo. Piso de segunda mano en venta situado en la provincia de Madrid. Cuenta con una superficie de 55 m² distribuidos en 3 dormitorios, cocina, salón y 1 baño. Se localiza en la",Portazgo,True,False,False,False,False,occupied_or_no_possession,https://www.idealista.com/inmueble/106656485/
"Piso en calle de la Corte de Faraón, 16, Los Ángeles, Madrid",138000,94,1468.0851063829787,5.0,0,"PISO,OPORTUNIDAD","NO TE COBRAMOS COMISION. Oportunidad sólo para inversores. El activo se encuentra ocupado por personas sin titulo en vigor, se trata de anteriores inquilinos que no pagas.Debido al estado ocupacional del activo, no se pueden realizar visitas al mismo.Piso de segunda mano en venta situado en Madrid capital, zona de V",Ángeles,True,False,False,False,False,occupied_or_no_possession,https://www.idealista.com/inmueble/107138454/
"Piso en calle de Belzunegui, Puerta Bonita, Madrid",150000,65,2307.6923076923076,3.0,0,"PISO,INMOBILIARIA,OPORTUNIDAD","¡Gran oportunidad en el distrito de Carabanchel, Madrid! SE VENDE ALQUILADO CON INQUILINO!BEST inmobiliaria presenta un piso de 3 habitaciones con excelente ubicación y alto potencial de inversión. Este acogedor inmueble de aproximadamente 65 m², construido en 1972, se encuentra dentro de la M-40, en una zona residen",Puerta Bonita,False,False,False,False,True,tenant_or_rented,https://www.idealista.com/inmueble/106799484/
"Ático en plaza de Santo Domingo, s/n, Palacio, Madrid",299900,86,3487.2093023255816,2.0,0,"REFORMADO,TERRAZA,ÁTICO,ESPECTACULAR,OPORTUNIDAD","¡Descubre la oportunidad de inversión que estabas esperando en el corazón de Madrid! Presentamos la NUDA PROPIEDAD (propietarios de 73 y 74 años) de un espectacular ático con terraza en Callao, ubicado en la emblemática Plaza de Santo Domingo. Este inmueble, reformado integralmente con un diseño de altísimas calidades,",Palacio,False,True,False,False,False,bare_ownership_or_usufruct,https://www.idealista.com/inmueble/105831355/
"Piso en calle de la Parra, Puerta Bonita, Madrid",195000,110,1772.7272727272727,4.0,0,"VIVIENDA,TERRAZA,OPORTUNIDAD",id: 84450 Deberá introducir este código para poder atenderle telefónicamente.Oportunidad de adquirir vivienda en cesión de remate!No dudes en contactar con nosotros a para que te informemos de todo!Vivienda de 4 domitorios con terraza y superficie de 110 m2 en 4 ª planta de edifcio residencial de la avenida de Op,Puerta Bonita,False,False,False,True,False,auction,https://www.idealista.com/inmueble/103653721/
"Piso en calle del Cardenal Cisneros, 54, Trafalgar, Madrid",215000,50,4300.0,2.0,0,"PISO,FINCA,INMOBILIARIA,HALL,METRO","Agencia inmobiliaria de Madrid zona Chamberi-Trafalgar Vende la NUDA PROPIEDAD del piso calle Cardenal Cisneros, distribuido en: Hall entrada, Cocina, Baño, Salon y 2 Dormitorios. Finca rehabilitada, Junto a Plaza de Olavide, Metro Quevedo.",Trafalgar,False,True,False,False,False,bare_ownership_or_usufruct,https://www.idealista.com/inmueble/106754440/
"Estudio en Pinar del Rey, Madrid",228000,83,2746.987951807229,,0,"VIVIENDA,PISO","PISO OCUPADO POR PERSONA SIN JUSTO TÍTULO (Antiguo Deudor Hipotecario)ESTE INMUEBLE DEBIDO A SU ESTADO OCUPACIONAL NO ADMITE VISITASIDEAL PARA INVERSORESVivienda de 78 m², según Catastro, y 5 m² de elementos comunes, a la venta en el distrito de Hortaleza, Madrid.Es una 5ª Planta en un bloque en buen estado de cons",Pinar del Rey,True,False,False,False,False,occupied_or_no_possession,https://www.idealista.com/inmueble/107288291/
"Piso en calle del Campo de la Paloma, Palomeras sureste, Madrid",124600,58,2148.2758620689656,2.0,0,VIVIENDA,"IDEAL PARA INVERSORES: VENTA DE NUDA PROPIEDAD.Grupo Retiro gestiona la venta de la nuda propiedad de una vivienda valorada en 160.000 euros a cambio de un Pago Único de Capital de 124.800 € (posibilidad de realizar 2 pagos anuales de 62.300 € cada uno). La usufructuaria, mujer de 89 años, continuará utilizando el in",Palomeras Sureste,False,True,False,False,False,bare_ownership_or_usufruct,https://www.idealista.com/inmueble/106320535/
"Piso en Pacífico, Madrid",390000,141,2765.9574468085107,4.0,2,"PISO,REFORMADO,TERRAZA,AMPLIO,EXCLUSIVA,METRO","EXCLUSIVAS HOMES & PROPERTIES REAL ESTATE, SL. Ponemos a su disposición en venta (nuda Propiedad. Edad de los propietarios 85 años y 75 años).Precioso piso de 141 metros. 4 Dormitorios, 2 Terrazas, 2 Baños, salón muy amplio. Cocina y baños Reformados.Situado en el corazón de Pacifico/ Retiro. Metro Pacifico y Mené",Pacífico,False,True,False,False,False,bare_ownership_or_usufruct,https://www.idealista.com/inmueble/106655644/
"Piso en calle de Salvador de Madariaga, San Pascual, Madrid",249930,86,2906.1627906976746,2.0,0,"VIVIENDA,AMPLIO,METRO","VENTA DE NUDA PROPIEDAD, CON RESERVA DE USUFRUCTO VITALICIOVivienda ubicada en el Barrio de la Concepción, con excelente comunicación con la vía de circunvalación M-30 y próxima a las paradas de Metro Barrio de la Concepción y El Carmen.La vivienda se distribuye en dos amplios dormitorios (el principal con armari",San Pascual,False,True,False,False,False,bare_ownership_or_usufruct,https://www.idealista.com/inmueble/106293968/
"Piso en calle de la Duquesa de Tamames, Buena Vista, Madrid",74600,40,1865.0,2.0,1,"PISO,METRO","Piso OCUPADO de 39 m² situado en la localidad de Madrid. Esta distribuido en 2 dormitorios, cocina, salón comedor y 1 baño. En sus inmediaciones dispone de todo tipo de comercios y servicios necesarios. Se encuentra cerca de la parada de metro de Carabanchel Alto y de varias paradas de autobús, lo que hace que sus comu",Buenavista,True,False,False,False,False,occupied_or_no_possession,https://www.idealista.com/inmueble/105795347/
"Piso en calle de Godella, San Cristóbal, Madrid",74000,61,1213.1147540983607,3.0,0,"PISO,OPORTUNIDAD","Oportunidad sólo para inversores. El activo se encuentra ocupado por persona sin justo título. Debido al estado ocupacional del activo, no se pueden realizar visitas al mismo.Piso ubicado en la primera planta de un edificio plurifamiliar de cinco alturas sobre rasante sin ascensor, situado en la calle Godella de Madrid",San Cristóbal,True,False,False,False,False,occupied_or_no_possession,https://www.idealista.com/inmueble/107287584/
"Piso en calle del Amparo, Lavapiés-Embajadores, Madrid",293000,84,3488.095238095238,3.0,0,"OPORTUNIDAD,INTERIOR",Activo adjudicado en subasta sin posesiónOportunidad de inversión: inmueble procedente de ejecución hipotecaria sin posesiónImposibilidad de visita interior.Las fotografías pueden no corresponderse con el estado actual del inmueble.El precio del inmueble ha sido fijado en atención a que el inmueble se adquiera p,Embajadores,False,False,False,True,False,auction,https://www.idealista.com/inmueble/105290921/
"Piso en calle de Rocafort, San Cristóbal, Madrid",86000,51,1686.2745098039215,3.0,0,"OPORTUNIDAD,INTERIOR","Ocupado: oportunidad de inversiónActualmente, no es posible realizar visitas al interior del inmueble. Las fotografías pueden no reflejar el estado actual de la propiedad.El precio del inmueble ha sido fijado en atención a que el inmueble se adquiera por el comprador en estado de ocupado por lo que no aplicaría dicho",San Cristóbal,True,False,False,False,False,occupied_or_no_possession,https://www.idealista.com/inmueble/106602401/
"Piso en calle de Sepúlveda, Lucero, Madrid",129000,57,2263.157894736842,2.0,0,"VIVIENDA,PISO,TERRAZA,LUMINOSO","PISO OCUPADO POR PERSONA SIN JUSTO TÍTULOESTE INMUEBLE DEBIDO A SU ESTADO OCUPACIONAL NO ADMITE VISITASIDEAL PARA INVERSORESLuminoso piso de 57 m², según Catastro e incluyendo elementos comunes. La vivienda se distribuye en salón-comedor, dos dormitorios, cocina, recibidor, un cuarto de baño y terraza. (La distribución",Lucero,True,False,False,False,False,occupied_or_no_possession,https://www.idealista.com/inmueble/106258966/
"Piso en calle de Emilio Ferrari, s/n, Pueblo Nuevo, Madrid",192000,75000,2.56,3.0,0,"VIVIENDA,INMOBILIARIA","VIVIENDA OCUPADASe admiten ofertas***SIN COMISIÓN DE AGENCIA******SOLO INVERSORES***En Magna 4 Inmobiliaria somos especialistas en inmuebles de banco, si está buscando vivienda, local, suelo.. . nosotros te acompañamos en todo el proceso y no te cobramos comisión.Activo adjudicado en subasta sin posesiónAct",Pueblo Nuevo,False,False,False,True,False,auction,https://www.idealista.com/inmueble/107196960/
"Piso en San Diego, Madrid",115000,56,2053.5714285714284,3.0,0,"VIVIENDA,PISO","PISO OCUPADO POR PERSONA SIN JUSTO TÍTULOESTE INMUEBLE DEBIDO A SU ESTADO OCUPACIONAL NO ADMITE VISITASIDEAL PARA INVERSORESVivienda de 51 m², según Catastro, y 5 m² de elementos comunes a la venta en Puente de Vallecas, Madrid.La vivienda está distribuida en salón-comedor, tres dormitorios, un cuarto de baño, coci",San Diego,True,False,False,False,False,occupied_or_no_possession,https://www.idealista.com/inmueble/107288390/
"Ático en calle de Elvira, Fuente del Berro, Madrid",345000,74,4662.1621621621625,2.0,0,"ÁTICO,EXCLUSIVO,OPORTUNIDAD","*** PRODUCTO PARA INVERSOR***EN VENTA LA NUDA PROPIEDAD***¿Buscas una oportunidad única de inversión? ¡Grupo Inmobilia te presenta este atractivo ático ubicado en el exclusivo barrio de Salamanca, en Fuente del Berro, calle Elvira!Este ÁTICO, situado en un edificio de ladrillo visto de 1972 con ITE favorable, ofrec",Fuente del Berro,False,True,False,False,False,bare_ownership_or_usufruct,https://www.idealista.com/inmueble/106681458/
"Piso en calle Santa María Reina, 11, 12 de Octubre-Orcasur, Madrid",144900,75,1932.0,3.0,1,"VIVIENDA,PISO,EXCLUSIVA","Inmueble de Subasta Judicial en Cesión de Remate. Madrid.Piso con una superficie de 75 m², esta vivienda cuenta con 3 dormitorios y 1 baños. Está situada en una zona residencial consolidada, rodeada de servicios, comercios y transporte público.La adquisición se realizará exclusivamente a través del proceso de Subas",Orcasur,False,False,False,True,False,auction,https://www.idealista.com/inmueble/106980149/
"Piso en calle de Alzola, 10, Orcasitas, Madrid",103000,91,1131.868131868132,3.0,0,OPORTUNIDAD,"OPORTUNIDAD INMUEBLE SIN POSESIÓN, NO SE PUEDE VISITAR, PROPIO PARA INVERSORES O VECINOS QUE CONOZCAN EL INMUEBLE.Disponemos de una amplia cartera de inmuebles sin posesión en Madrid y en toda España, PROPIO PEQUEÑO Y GRAN INVERSOR.Madrid es un municipio y una ciudad de España.La localidad, con categoría histórica",Orcasitas,True,False,False,False,False,occupied_or_no_possession,https://www.idealista.com/inmueble/104853409/
"Piso en calle de la Madera, Malasaña-Universidad, Madrid",460000,91,5054.945054945055,1.0,0,PISO,Piso OCUPADO en Madrid. Cuenta con una superfície de 91 m2.,Universidad,True,False,False,False,False,occupied_or_no_possession,https://www.idealista.com/inmueble/107176998/
"Piso en calle del Ave María, Lavapiés-Embajadores, Madrid",110000,48,2291.6666666666665,2.0,0,"PISO,FINCA,INMOBILIARIA,CASA,INTERIOR","Agencia inmobiliaria de MADRID zona ANTÓN MARTÍN - LAVAPIÉS - LAS CORTES - REINA SOFÍA Oficina Tecnocasa.VENDE PROINDIVISO de (66%) en calle AVE MARIA.Acogedor piso interior ubicado en pleno corazón de Madrid. Se distribuye en salón-comedor, 2 dormitorios, cocina independiente y baño completo. Finca con ascensor",Embajadores,False,False,True,False,False,partial_ownership,https://www.idealista.com/inmueble/107130146/
"Piso en Aluche, Madrid",256000,70,3657.1428571428573,2.0,0,"VIVIENDA,PISO,TERRAZA,REFORMADA,CALEFACCIÓN","Redpiso Aluche pone a la venta este magnífico piso en Puerto Chico, actualmente alquilado hasta agosto de 2026. Vivienda reformada de 66 m² útiles, con 2 habitaciones, baño con plato de ducha, terraza abierta y suelos de tarima. Dispone de calefacción individual por gas natural, ventanas de aluminio blanco, orientación",Aluche,False,False,False,False,True,tenant_or_rented,https://www.idealista.com/inmueble/107024244/
"Piso en Numancia, Madrid",119000,35,3400.0,1.0,0,"VIVIENDA,FINCA,CASA,HOGAR,METRO,NUEVO","CASA BAJA, IDEAL INVERSORES. Nuevo Hogar comercializa esta vivienda actualmente alquilada, situada en la calle Sanz Raso, a escasos metros de Avenida Albufera, a un minuto caminando de Metro Nueva Numancia (línea 1). La finca tiene la ITE favorable hasta 2032.Se trata de una casa baja que no tiene entrada directamente",Numancia,False,False,False,False,True,tenant_or_rented,https://www.idealista.com/inmueble/93835193/
"Piso en calle Francisco Guzmán, 10, Puerta Bonita, Madrid",123200,52,2369.230769230769,2.0,0,,"*** OKUPADA, SE VENDE LA PROPIEDAD., NO L APOSESION.El inmueble se encuentra ocupado ilegalmente por terceros y sin los suministros debidamente contratados. El Inmueble se transmitirá: (i) como cuerpo cierto y a tanto alzado (ii) como un todo, inseparable (iii) en el estado registral y catastral en el que se encuentre",Puerta Bonita,True,False,False,False,False,occupied_or_no_possession,https://www.idealista.com/inmueble/107125510/
"Piso en calle de Menasalbas, Los Ángeles, Madrid",129000,99,1303.030303030303,3.0,0,"PISO,EXCLUSIVA,INMOBILIARIA,OPORTUNIDAD,CASA","VENTA DE LA NUDA PROPIEDAD. ¡Oportunidad ideal para inversores! La actual propietaria de 80 años, se reserva el USUFRUCTO VITALICIO.Agencia inmobiliaria de MADRID zona Ciudad de los Ángeles, oficina Tecnocasa, te ofrece en exclusiva piso en Calle MenasalbasSe vende la NUDA PROPIEDAD de este maravilloso piso de 99m²",Ángeles,False,True,False,False,False,bare_ownership_or_usufruct,https://www.idealista.com/inmueble/107167724/
"Piso en calle de Gallur, s/n, Los Cármenes, Madrid",173000,81,2135.8024691358023,3.0,0,"VIVIENDA,DÚPLEX","DÚPLEX OCUPADO POR PERSONA SIN JUSTO TÍTULO (Antiguo Deudor Hipocetario)ESTE INMUEBLE DEBIDO A SU ESTADO OCUPACIONAL NO ADMITE VISITASIDEAL PARA INVERSORESVivienda dúplex de 73 m², según Catastro, y 8 m² de elementos comunes, a la venta en Madrid. La vivienda está distribuida en dos plantas y cuenta con salón-comedor,",Los Cármenes,True,False,False,False,False,occupied_or_no_possession,https://www.idealista.com/inmueble/106683863/
"Piso en calle de la Princesa, 92, Argüelles, Madrid",965000,170,5676.470588235294,6.0,0,"OPORTUNIDAD,REFORMADA,ABSTENERSE_AGENCIAS,SOLO_PARTICULARES","Oportunidad increible de hacerse con un activo en Madrid a una rentabilidad del 6,5%. Residencia de estudiantes recien reformada y actualmente alquilada a una empresa que lo gestiona pudiendo rescindir el contrato para gestionarlo de manera directa. Muy bien mantenida y con altas calidades. Abstenerse agencias.",Argüelles,False,False,False,False,True,tenant_or_rented,https://www.idealista.com/inmueble/106665570/
"Chalet adosado en calle de Rafael Villa, El Plantío, Madrid",762000,232,3284.4827586206898,3.0,0,"VIVIENDA,OPORTUNIDAD,HALL,GARAJE,PARCELA","Oportunidad de Inversión (inmueble sin posesión)Engel&Völkers presenta esta propiedad unifamiliar adosada, sobre una parcela de 317 m2. La vivienda consta de 232 m2, distribuidos en tres plantas. En la planta baja disponemos de la zona de garaje y a distinto nivel el hall de entrada, un estupendo salón comedor y una l",El Plantío,True,False,False,False,False,occupied_or_no_possession,https://www.idealista.com/inmueble/104161500/
"Piso en calle de Manresa, Tres Olivos - Valverde, Madrid",133000,48,2770.8333333333335,1.0,0,"VIVIENDA,PISO,EXCLUSIVA,METRO","REDPISO FUENCARRAL vende vivienda planta baja en zona tranquila de Fuencarral¡INMUEBLE SIN POSESIÓN! .¡Vivienda de particular, no dispone de la posesión! .¡VENTA EXCLUSIVA INVERSORES! .Las fotos del anuncio corresponden al momento en que se alquiló la viviendaA escasos metros de Avda. cardenal Herrera Oria, a 10",Valverde,True,False,False,False,False,occupied_or_no_possession,https://www.idealista.com/inmueble/102143550/
"Piso en calle Montejurra, Ventas, Madrid",155000,51,3039.2156862745096,2.0,0,OPORTUNIDAD,"Oportunidad inmueble sin posesión, no se puede visitar. Propio para inversores o vecinos que conozcan el inmueble.Disponemos de una amplia cartera de inmuebles sin posesión en madrid y en toda españa.Propio, pequeño y gran inversor.Madrid es un municipio y una ciudad de españa. La localidad, con categoría histórica",Ventas,True,False,False,False,False,occupied_or_no_possession,https://www.idealista.com/inmueble/107074253/
"Dúplex en calle del Amor de Dios, Huertas-Cortes, Madrid",990000,105,9428.57142857143,2.0,0,"PISO,LUMINOSO,ESTRENAR,ELEGANTE,VENTANALES","PISO A ESTRENAR, MUY LUMINOSO CON VENTANALES DE SUELO A TECHO EN AMOR DE DIOS.aProperties presenta un fantástico y elegante piso a estrenar en una ubicación privilegiada que destaca por su fantástica luz natural y su excelente reforma. Se vende en rentabilidad ya que está actualmente alquilado. Situado en una 2ª plan",Cortes,False,False,False,False,True,tenant_or_rented,https://www.idealista.com/inmueble/98997373/
"Piso en calle Guadalcázar, Entrevías, Madrid",72800,66,1103.030303030303,2.0,1,"PISO,OPORTUNIDAD","Oportunidad sólo para inversores. El activo se encuentra ocupado. Debido al estado ocupacional del activo, no se pueden realizar visitas al mismo. Piso de segunda mano en venta situado en Madrid. Cuenta con una superficie de 66.07m² distribuidos en 2 dormitorios y 1 baño. Se localiza en la primera planta de unedificio",Entrevías,True,False,False,False,False,occupied_or_no_possession,https://www.idealista.com/inmueble/104888614/
"Piso en plaza Mil Delegados, Orcasitas, Madrid",114900,99,1160.6060606060605,3.0,1,"PISO,OPORTUNIDAD","Oportunidad sólo para inversores. El activo se encuentra ocupado. Debido al estado ocupacional del activo, no se pueden realizar visitas al mismo. Piso de segunda mano en venta situado en Madrid. Cuenta con una superficie de 99 m² distribuidos en 3 dormitorios y 1 baños. Se localiza en la segunda planta de unedificio r",Orcasitas,True,False,False,False,False,occupied_or_no_possession,https://www.idealista.com/inmueble/104887757/
"Piso en Pilar, Madrid",140000,60,2333.3333333333335,2.0,0,"PISO,EXCLUSIVA,INTERIOR","ESTA INSCRITO COMO LOCAL - REDPISO PROYECTO INMOBILIARIO PEÑAGRANDE S. L vende en exclusiva para INVERSORES inmueble en BARRIO DEL PILAR con orientación NORTE.Cuenta con acceso desde el interior del portal, el inmueble cuenta con inquilino con contrato vigente.Se trata de una planta sótano de 60m²construidos (segú",Pilar,False,False,False,False,True,tenant_or_rented,https://www.idealista.com/inmueble/107216468/
"Piso en calle Alagón, 20, Timón, Madrid",156000,57,2736.842105263158,3.0,0,"VIVIENDA,INTERIOR","Vivienda ocupada, imposibilidad de visita interior.",Timón,True,False,False,False,False,occupied_or_no_possession,https://www.idealista.com/inmueble/106584490/
"Piso en calle de los Cacereños, Villaverde Alto, Madrid",73000,65,1123.076923076923,3.0,0,"PISO,TERRAZA,OPORTUNIDAD","PISO OCUPADO. Oportunidad sólo para inversores. El activo se encuentra ocupado. Debido al estado ocupacional del activo, no se pueden realizar visitas al mismo. Piso de segunda mano en venta situado en Madrid. Cuenta con una superficie de 65 m² distribuidos en 3 dormitorios, con cocina, salón, baño y terraza. Se locali",Villaverde Alto - Casco Histórico de Villaverde,True,False,False,False,False,occupied_or_no_possession,https://www.idealista.com/inmueble/106050718/
"Piso en calle de la Alhambra, Los Cármenes, Madrid",118000,46,2565.217391304348,1.0,0,"VIVIENDA,PISO,OPORTUNIDAD,INTERIOR","¿Buscas vivienda en Madrid? Century 21 Now IV Te ofrece la oportunidad de adquirir éste piso de 1 dormitorio en Lucero.OPORTUNIDAD PARA INVERSORES! o para vecinos que conozcan el inmueble:Vivienda en situación especial, venta sin posesión.No se puede realizar visita interior al inmueble.Se transmite como cuerpo c",Los Cármenes,True,False,False,False,False,occupied_or_no_possession,https://www.idealista.com/inmueble/104980521/
"Piso en calle de Tomás Esteban, San Diego, Madrid",67000,31,2161.2903225806454,2.0,1,"PISO,OPORTUNIDAD","“Oportunidad sólo para inversores. El activo se encuentra ocupado. Debido al estado ocupacional del activo, no se pueden realizar visitas al mismo.” Piso de 32 m² en venta, situado en Madrid. Construido en 1960, este piso tiene una superficie de 32 m² y se distribuye en sala-estar, cocina, 2 dormitorios y 1 baño. El in",San Diego,True,False,False,False,False,occupied_or_no_possession,https://www.idealista.com/inmueble/106656150/
"Piso en calle de Rocafort, San Cristóbal, Madrid",57000,49,1163.265306122449,2.0,0,"VIVIENDA,OPORTUNIDAD","¿Estás buscando una inversión segura y rentable en la provincia de Madrid? ¡Tenemos lo que necesitas! Te ofrecemos una amplia selección de viviendas a precios muy competitivos, sin posesión. Descubre el inmueble perfecto para ti, ya sea para vivir, alquilar o revender con beneficios.No dejes escapar la oportunidad de",San Cristóbal,True,False,False,False,False,occupied_or_no_possession,https://www.idealista.com/inmueble/107281713/
"Piso en calle del Corregidor José de Pasamonte, Marroquina, Madrid",349000,93,3752.6881720430106,3.0,0,"VIVIENDA,INMOBILIARIA,REFORMADA","Agencia inmobiliaria de madrid - zona camino de los vinateros - av. Moratalaz - clickhaus moratalaz. C/camino de los vinateros 119.La vivienda tiene un derecho de usufructo temporal hasta julio de 2029. VIVIENDA COMPLETAMENTE REFORMADA.TRASTERO DE 4.56 M2, CON UNA ALTURA DE 2.60.Clickhaus vende. Tipología l8. C",Marroquina,False,True,False,False,False,bare_ownership_or_usufruct,https://www.idealista.com/inmueble/106429427/
"Piso en calle Ebanistería, Amposta, Madrid",85500,61,1401.639344262295,3.0,0,"VIVIENDA,OPORTUNIDAD","Oportunidad sólo para inversores. El activo se encuentra ocupado por persona sin justo título. Debido al estado ocupacional del activo, no se pueden realizar visitas al mismo. Vivienda a la venta situada en la provincia de Madrid. Esta vivienda de segunda mano y 61 m² se localiza en una buena zona, dispone de muy buena",Amposta,True,False,False,False,False,occupied_or_no_possession,https://www.idealista.com/inmueble/106658404/
"Piso en calle de la Vereda del Carmen, Ventas, Madrid",219000,54,4055.5555555555557,1.0,0,"METRO,SEGURIDAD","Actualmente alquilado con una rentabilidad de 4,5%Dispone de un salón comedor, 1 dormitorio, cocina independiente y cuarto de baño.Detalles:Suelo de tarimaParedes lisasTragaluz en salónPuerta de seguridadVentanas PVCEdificio tranquilo, con pocos vecinos, a tan sólo 5 minutos del metro, varias estaciones de",Ventas,False,False,False,False,True,tenant_or_rented,https://www.idealista.com/inmueble/106477614/
"Piso en calle de la Cordillera de Cuera, San Diego, Madrid",202000,59,3423.728813559322,3.0,0,OPORTUNIDAD,"Este inmueble se encuentra actualmente alquilado con una renta mensual de 1.950€ generando una rentabilidad bruta del 10,78% ¿Quieres más información? Nuestros agentes resolverán tus consultas ¡No te pierdas ninguna oportunidad! Regístrate en el área privada de: cosiris. com.",San Diego,False,False,False,False,True,tenant_or_rented,https://www.idealista.com/inmueble/106009971/
"Dúplex en Pilar, Madrid",251000,83,3024.0963855421687,2.0,0,"VIVIENDA,PISO,AMUEBLADA,VENTANALES","PISO CON INQUILINOS - SOLO INVERSORESRentabilidad: 5,50 %Inicio del contrato: 31/08/2023Fin del contrato: 30/08/2028Renta: 1150 €Vivienda de 72 m2 ÚTILES distribuida de la siguiente manera:Planta calleSalón con cocina americana totalmente amueblada de 30 m2 útiles y grandes ventanales con persiana eléctrica",Pilar,False,False,False,False,True,tenant_or_rented,https://www.idealista.com/inmueble/96356543/
"Piso en Puerta del Ángel, Madrid",109000,75,1453.3333333333333,3.0,1,"PISO,TERRAZA,OPORTUNIDAD","No cobramos comisión al comprador. INMUEBLE OCUPADO. ¡Gran oportunidad PARA INVERSORES en Puerta del Ángel!Piso con terraza, superficie de 76 m2 con 3 dormitorios y 1 baño.El Inmueble se transmite ocupado por tercero no pudiendo hacer visitas físicas al inmueble. El precio ha sido determinado teniendo en cuenta que",Puerta del Ángel,True,False,False,False,False,occupied_or_no_possession,https://www.idealista.com/inmueble/106912654/
"Piso en calle de Sor Ángela de la Cruz, Cuzco-Castillejos, Madrid",651300,234,2783.3333333333335,4.0,0,"VIVIENDA,PISO,TERRAZA,AMPLIO,LUMINOSO,IMPRESIONANTE","CERO REAL ESTATE pone a tu disposición el 75% proindiviso de este impresionante piso de 234 m², cuyo valor en el mercado actual está por encima de 1.300. 000€.La vivienda ofrece un espacio amplio y luminoso, ideal para disfrutar de la vida urbana con todas las comodidades. El salón comedor, con terraza incorporada, e",Castillejos,False,False,True,False,False,partial_ownership,https://www.idealista.com/inmueble/106775605/
"Piso en avenida de la Albufera, Numancia, Madrid",111000,31,3580.6451612903224,1.0,0,"VIVIENDA,PISO,AMPLIO,LUMINOSO,DÚPLEX,EXTERIOR","PISO ACTUALMENTE ALQUILADO! . La vivienda se puede visitar en horario de la mañana.Piso dúplex en la Calle Virgen es perfecto para inversores, parejas y pequeñas familias que buscan comodidad y ubicación privilegiada. Con 31 m² construidos según catastro, este bajo exterior ofrece un dormitorio amplio y luminoso en",Numancia,False,False,False,False,True,tenant_or_rented,https://www.idealista.com/inmueble/106526739/
"Piso en Palacio, Madrid",136000,37,3675.675675675676,1.0,0,"VIVIENDA,EXCLUSIVA,INMOBILIARIA","VENTA DE LA NUDA PROPIEDAD USUFRUCTO MAXIMO 13 AÑOS, EN LA ZONA DE PALACIOInmobiliaria EDUARDO MOLET vende en exclusiva esta estupenda vivienda. INMEJORABLE INVERSIÓN en una de las mejores zonas, garantía de inversión a medio plazo en una de las zonas de Madrid en continua revalorizaciónLa actual propietaria de 72",Palacio,False,True,False,False,False,bare_ownership_or_usufruct,https://www.idealista.com/inmueble/106252213/
"Piso en calle Ontanilla, 22, Abrantes, Madrid",266300,101,2636.633663366337,3.0,0,"PISO,OPORTUNIDAD","NO TE COBRAMOS COMISION. Oportunidad sólo para inversores. El activo se encuentra ocupado por personas sin título en vigor, se trata de anteriores inquilinos que no pagas.Debido al estado ocupacional del activo, no se pueden realizar visitas al mismo.Piso de segunda mano en venta situado en Madrid capital, zona de C",Abrantes,True,False,False,False,False,occupied_or_no_possession,https://www.idealista.com/inmueble/107149583/
"Piso en avenida de San Fermín, San Fermín, Madrid",152900,125,1223.2,3.0,2,"PISO,OPORTUNIDAD","Oportunidad sólo para inversores. El activo se encuentra ocupado. Debido al estado ocupacional del activo, no se pueden realizar visitas al mismo.Piso de tres dormitorios y dos baños. Se encuentra en la planta cuarta de un edificio residencial de cinco alturas y un sótano, el cuál dispone de ascensor. El edificio fue c",San Fermín,True,False,False,False,False,occupied_or_no_possession,https://www.idealista.com/inmueble/106421323/
"Piso en calle de la Libertad, Chueca-Justicia, Madrid",710000,132,5378.787878787879,1.0,0,"PISO,OPORTUNIDAD","Oportunidad sólo para inversores. El activo se encuentra ocupado por persona sin justo título.Debido al estado ocupacional del activo, no se pueden realizar visitas al mismo. Piso de 132 m² en venta situado en Madrid. Construido en 1900, este piso dispone de una superficie de 132 m² y está distribuido en varias estanci",Justicia,True,False,False,False,False,occupied_or_no_possession,https://www.idealista.com/inmueble/105635470/
"Piso en calle de la Alfalfa, 6, Valdeacederas, Madrid",336000,95,3536.842105263158,3.0,0,"VIVIENDA,PISO,OPORTUNIDAD,METRO","OPORTUNIDAD UNICA PRECIO INMEJORABLE, PISO SIN POSESIÓN, NO SE PUEDE VISITAR, PROPIO INVERSORES. BIEN UBICADO ZONA TETUANInmueble de 95 metros catastrales, no hemos podido acceder a la vivienda para ver su estado.Madrid es un municipio y una ciudad de España. La localidad, con categoría histórica de villa, 9 es la c",Valdeacederas,True,False,False,False,False,occupied_or_no_possession,https://www.idealista.com/inmueble/104711567/
"Dúplex en calle Anguita, Casco Histórico de Barajas, Madrid",570000,214,2663.551401869159,4.0,2,"VIVIENDA,LUMINOSO,DÚPLEX","Red House VENDE edificio ideal para inversión, actualmente alquilado.NO COBRAMOS HONORARIOS A LA PARTE COMPRADORAEdificio con dos viviendas dúplex.Primer dúplex de 58 m2 tiene dos dormitorios y dos baños, se distribuye en:Entreplanta con su cocina en pasillo, abierta a un luminoso salón, un baño con plato de ducha",Casco Histórico de Barajas,False,False,False,False,True,tenant_or_rented,https://www.idealista.com/inmueble/104964886/
"Piso en calle del Puerto del Bruch, Casco Histórico de Vallecas, Madrid",118000,59,2000.0,3.0,0,"OPORTUNIDAD,INTERIOR",INMUEBLE OCUPADO - Oportunidad de inversión: inmueble procedente de ejecución hipotecaria sin posesiónImposibilidad de visita interior.Las fotografías pueden no corresponderse con el estado actual del inmueble.El precio del inmueble ha sido fijado en atención a que el inmueble se adquiera por el comprador en estad,Casco Histórico de Vallecas,True,False,False,False,False,occupied_or_no_possession,https://www.idealista.com/inmueble/105289083/
"Piso en Abrantes, Madrid",99000,90,1100.0,3.0,0,"PISO,TERRAZA,OPORTUNIDAD,EXTERIOR","No cobramos comisión al comprador. - INMUEBLE OCUPADO. ¡Gran oportunidad PARA INVERSORES en Carabanchel Bajo!Piso exterior con ASCENSOR de 90,6 m², distribuido en:- Salón de 16 m² con salida a una terraza cerrada de 3,5 m².- Cocina independiente.- 4 dormitorios, dos de ellos con acceso a una segunda terraza c",Abrantes,True,False,False,False,False,occupied_or_no_possession,https://www.idealista.com/inmueble/106353930/
"Piso en paseo de la Alameda de Osuna, 10, Alameda de Osuna, Madrid",850000,180,4722.222222222223,4.0,0,"VIVIENDA,PISO,LUJO,INMOBILIARIA,AMUEBLADA","PARTICULAR vende piso fantástico con calidades de lujo, ubicado en una de las mejores zonas residenciales de Madrid - TELEF:VENTA EN RENTABILIDAD: Actualmente alquilado(ABSTENER AGENCIAS INMOBILIARIAS, POR FAVOR)-DISTRIBUCIÓN: La vivienda consta de un amplísimo recibidor, salón comedor de 33 m2, cocina amueblada c",Alameda de Osuna,False,False,False,False,True,tenant_or_rented,https://www.idealista.com/inmueble/100521859/
"Piso en paseo de las Delicias, Delicias, Madrid",130000,45,2888.8888888888887,1.0,0,"VIVIENDA,PISO,EXTERIOR","“JOWNER VENDE VIVIENDA EN PASEO DE LAS DELICIAS”JOWNER vende piso exterior situado en una primera planta, en la emblemática zona del Paseo de las Delicias. La vivienda cuenta con 1 dormitorio, 1 baño completo con buena luminosidad gracias a su orientación exterior.El inmueble se encuentra actualmente alquilado bajo u",Delicias,False,False,False,False,True,tenant_or_rented,https://www.idealista.com/inmueble/106775213/
"Piso en calle de Beniferri, 32, San Cristóbal, Madrid",86300,112,770.5357142857143,3.0,0,,"*** OKUPADA, SE VENDE LA PROPIEDAD., NO L APOSESION.El inmueble se encuentra ocupado ilegalmente por terceros y sin los suministros debidamente contratados. El Inmueble se transmitirá: (i) como cuerpo cierto y a tanto alzado (ii) como un todo, inseparable (iii) en el estado registral y catastral en el que se encuentre",San Cristóbal,True,False,False,False,False,occupied_or_no_possession,https://www.idealista.com/inmueble/107151576/
"Piso en calle de Alzola, Orcasitas, Madrid",103000,85,1211.764705882353,3.0,0,"PISO,EXCLUSIVA,INTERIOR","Inmueble sin posesión y sin acceso al interior. Las fotografías del interior y las características del activo, pueden no ajustarse al estado actual. ¿Estás interesado en comprar un piso en Madrid?¡Tenemos en exclusiva un piso para ti!Disponemos de un piso en edificio residencial que puedes adquirir en propiedad, mu",Orcasitas,True,False,False,False,False,occupied_or_no_possession,https://www.idealista.com/inmueble/106528811/
"Piso en calle de Rafael Fernández Hijicos, Palomeras sureste, Madrid",94000,73,1287.6712328767123,3.0,1,"PISO,OPORTUNIDAD","PISO OCUPADO. Oportunidad sólo para inversores. El activo se encuentra ocupado por persona sin justo título. Debido al estado ocupacional del activo, no se pueden realizar visitas al mismo. Piso de 73 m², de 3 dormitorios y 1 baños, en venta en Madrid. Se trata de un piso de 73 m² distribuidos en salón-comedor, cocina",Palomeras Sureste,True,False,False,False,False,occupied_or_no_possession,https://www.idealista.com/inmueble/105795117/
"Piso en calle Arechavaleta, Los Ángeles, Madrid",139900,60,2331.6666666666665,2.0,0,"VIVIENDA,EXCLUSIVA","Royal House, Ciudad de los Ángeles, vende en exclusiva esta excepcional vivienda en el centro de uno de los barrios más solicitados del distrito de Villaverde.La propiedad se encuentra actualmente alquilada, con un contrato en vigor hasta 2028. El inquilino, único ocupante, paga una renta mensual de 700€, sin ningún",Ángeles,False,False,False,False,True,tenant_or_rented,https://www.idealista.com/inmueble/107151838/
"Piso en calle de Antillón, Puerta del Ángel, Madrid",225000,61,3688.5245901639346,2.0,0,"VIVIENDA,PISO,FINCA,EXTERIOR","Housfy vende piso en Latina, Madrid, una vivienda luminosa y ubicada en un entorno idóneo para disfrutarlo.***Contrato de alquiler en vigor***Detalles del inmueble:-Planta baja exterior con finca de 1957.-Actualmente con contrato de alquiler en vigor hasta 2026.- Encantador piso de 61 m2 en Puerta del Ángel. (Lo",Puerta del Ángel,False,False,False,False,True,tenant_or_rented,https://www.idealista.com/inmueble/106864766/
"Chalet adosado en calle de las Poderosas, 13, Casco Histórico de Barajas, Madrid",160000,79,2025.3164556962026,2.0,0,"VIVIENDA,CASA,JARDÍN","'OFICINA TECNOCASA - BARAJAS - MADRID vende casa en Calle Poderosas.SE VENDE CASA CON INQUILINO DE RENTA ANTIGUAVivienda distribuida en dos habitaciones, salón, cocina, cuarto de baño, almacén y jardín. Ubicada en el centro del casco histórico de Barajas.La vivienda cuenta con 41m2 y el almacén 38m2.La super",Casco Histórico de Barajas,False,False,False,False,True,tenant_or_rented,https://www.idealista.com/inmueble/106197641/
"Piso en calle Sorgo, 31, Valdeacederas, Madrid",96900,45,2153.3333333333335,1.0,0,"PISO,OPORTUNIDAD","Oportunidad sólo para inversores. El activo se encuentra ocupado SIN TITULO EN VIGOR, son antiguos inquilinos Debido al estado ocupacional del activo, no se pueden realizar visitas al mismo. Piso de segunda mano en venta en la ciudad de Madrid. Construido en 1958, tiene una superficie de 42 m² distribuidos en diversas",Valdeacederas,True,False,False,False,False,occupied_or_no_possession,https://www.idealista.com/inmueble/107100860/
"Piso en calle de Embajadores, 60, Lavapiés-Embajadores, Madrid",151900,43,3532.5581395348836,1.0,0,"PISO,OPORTUNIDAD","NO TE COBRAMOS COMISION. Oportunidad sólo para inversores. El activo se encuentra ocupado por personas sin título en vigor, se trata de anteriores inquilinos que no pagas.Debido al estado ocupacional del activo, no se pueden realizar visitas al mismo.Piso de segunda mano en venta situado en Madrid capital, zona de U",Embajadores,True,False,False,False,False,occupied_or_no_possession,https://www.idealista.com/inmueble/107140840/
"Piso en Fontarrón, Madrid",232000,85,2729.4117647058824,2.0,0,,Esta propiedad se encuentra alquilada. No se puede visitar. No apta para compradores que requieran financiación hipotecaria. El comprador se subrogara al contrato de alquiler vigente y a las condiciones indicadas en el contrato de alquiler vigente.La información proporcionada referente a la distribución y estructura,Fontarrón,False,False,False,False,True,tenant_or_rented,https://www.idealista.com/inmueble/107100489/
"Piso en travesía de Palomeras, 5, San Diego, Madrid",70900,50,1418.0,3.0,0,"PISO,OPORTUNIDAD","NO TE COBRAMOS COMISION. Oportunidad sólo para inversores. El activo se encuentra ocupado por personas sin titulo en vigor, se trata de anteriores inquilinos que no pagan.Debido al estado ocupacional del activo, no se pueden realizar visitas al mismo.Piso de segunda mano en venta situado en Madrid capital, zona de V",San Diego,True,False,False,False,False,occupied_or_no_possession,https://www.idealista.com/inmueble/107109191/
"Piso en Pueblo Nuevo, Madrid",151400,77,1966.2337662337663,3.0,1,"PISO,TERRAZA,OPORTUNIDAD,NUEVO","No cobramos comisión al comprador. INMUEBLE OCUPADO. ¡Gran oportunidad PARA INVERSORES en el barrio de Pueblo Nuevo con fachada a la calle Alcalá!Piso con una superficie de 77 m2, 2 terrazas de 6 y 3 m2 y distribuido en 3 dormitorios y 1 baño.El Inmueble se transmite ocupado por tercero no pudiendo hacer visitas fís",Pueblo Nuevo,True,False,False,False,False,occupied_or_no_possession,https://www.idealista.com/inmueble/106905961/
"Piso en calle del Puerto de Almansa, San Diego, Madrid",170000,67,2537.313432835821,3.0,0,"PISO,FINCA,METRO","¡Descubre excelente piso en el corazón de Puente de Vallecas! Actualmente alquilado. Y Local opcional de 13 metros cuadrados con fachada de 3 metros construidos (18.000€), ubicado en la misma finca Este encantador piso de 67 m², ubicado en la Calle Puerto de Almansa, es perfecto para inversores o pequeñas familias que",San Diego,False,False,False,False,True,tenant_or_rented,https://www.idealista.com/inmueble/107179994/
"Piso en calle Tomelloso, Almendrales, Madrid",141100,82,1720.7317073170732,1.0,0,"PISO,OPORTUNIDAD","Oportunidad sólo para inversores. El activo se encuentra ocupado por persona sin justo título. Debido al estado ocupacional del activo, no se pueden realizar visitas al mismo.Piso de segunda mano en venta en Madrid.Construido en 1960, tiene una superficie de 82 m² distribuidos en diversas dependencias.Se localiza en la",Almendrales,True,False,False,False,False,occupied_or_no_possession,https://www.idealista.com/inmueble/103176000/
"Piso en calle de Seseña, 53, Aluche, Madrid",148000,77,1922.077922077922,3.0,0,"PISO,OPORTUNIDAD","******Oportunidad sólo para inversores. El activo se encuentra ocupado sin título legal en vigor: se trata de un alquiler vencido. Debido al estado ocupacional del activo, no se pueden realizar visitas al mismo.Piso de segunda mano en venta situado en Madrid. Cuenta con una superficie de 77m² distribuidos en 3 dormit",Aluche,True,False,False,False,False,occupied_or_no_possession,https://www.idealista.com/inmueble/107140222/
"Piso en calle de El Yesero, Palomeras sureste, Madrid",245000,80,3062.5,1.0,0,"PISO,REFORMADO,VISTAS,OPORTUNIDAD,PISCINA,GARAJE","¡Oportunidad para inversores! Piso reformado de 70 m² en Palomeras Sureste, con inquilino, orientación este y vistas a jardines. Incluye garaje, trastero y piscina comunitaria. Tercera planta en una zona accecible, ideal para obtener rentabilidad inmediata. ¡No dejes pasar esta excelente inversión! Contáctanos para más",Palomeras Sureste,False,False,False,False,True,tenant_or_rented,https://www.idealista.com/inmueble/106573389/
"Piso en calle de Gomeznarro, Canillas, Madrid",217500,60,3625.0,3.0,1,"VIVIENDA,PISO,EXCLUSIVA,INMOBILIARIA","ACTUALMENTE ALQUILADO HASTA JUNIO Agencia inmobiliaria en MADRID en zona CANILLAS - PALACIO DE HIELO OFRECE PISO EN VENTA Y EN EXCLUSIVA:VIVIENDA de 60 m². El inmueble se encuentra ubicado en la zona de Calle Gomeznarro, acogedor salón, cocina, 3 dormitorios, 1 baño. , cuenta con ventanas de climalit, las puertas son",Canillas,False,False,False,False,True,tenant_or_rented,https://www.idealista.com/inmueble/107163760/
"Piso en Villaverde Alto, Madrid",127000,108,1175.9259259259259,3.0,0,"VIVIENDA,PISO","PISO OCUPADO POR PERSONA SIN JUSTO TÍTULOESTE INMUEBLE DEBIDO A SU ESTADO OCUPACIONAL NO ADMITE VISITASIDEAL PARA INVERSORESAmplia vivienda de 98 m², según Catastro, y 10 m² de elementos comunes.La vivienda está distribuida en salón-comedor, tres dormitorios, un cuarto de baño, cocina, tendedero, vestíbulo y terraz",Villaverde Alto - Casco Histórico de Villaverde,True,False,False,False,False,occupied_or_no_possession,https://www.idealista.com/inmueble/107288392/
"Piso en calle Buendía, 23, Entrevías, Madrid",80700,60,1345.0,3.0,1,"PISO,OPORTUNIDAD","Oportunidad sólo para inversores. El activo se encuentra ocupado. Debido al estado ocupacional del activo, no se pueden realizar visitas al mismo. Piso de segunda mano en venta situado en Madrid capital, zona de Vallecas. Cuenta con una superficie de 60 m² distribuidos en 2 dormitorios, un baño, salón comedor, cocina y",Entrevías,True,False,False,False,False,occupied_or_no_possession,https://www.idealista.com/inmueble/104886217/
"Piso en avenida de Peña Prieta, 75, Numancia, Madrid",91000,51,1784.313725490196,1.0,0,"PISO,EXTERIOR",Primer piso completamente exterior. Av de Peñaprieta 75. Ref catastral 3829902vk4732h0005ae. Okupado.,Numancia,True,False,False,False,False,occupied_or_no_possession,https://www.idealista.com/inmueble/107258392/
"Piso en calle Guadalcázar, Entrevías, Madrid",128600,102,1260.7843137254902,4.0,0,"PISO,OPORTUNIDAD","Oportunidad sólo para inversores. El activo se encuentra ocupado por persona sin justo título. Debido al estado ocupacional del activo, no se pueden realizar visitas al mismo. Piso de segunda mano en venta, situado en edificio residencial, en el barrio de Entrevías del distrito de Puente de Vallecas, perteneciente a Ma",Entrevías,True,False,False,False,False,occupied_or_no_possession,https://www.idealista.com/inmueble/104891033/
"Piso en calle del Doctor Urquiola, Vista Alegre, Madrid",83400,60,1390.0,3.0,0,"PISO,OPORTUNIDAD","INMUEBLE OCUPADO. - ¡Oportunidad única PARA INVERSORES, estupendo piso en Vista Alegre, Carabanchel! No cobramos comisión al comprador.Si buscas una inversión segura en una de las zonas más demandadas de Madrid, ¡este piso es para ti!El Inmueble se transmite ocupado por tercero no pudiendo hacer visitas físicas al",Vista Alegre,True,False,False,False,False,occupied_or_no_possession,https://www.idealista.com/inmueble/107288316/
"Piso en calle de Javier Ferrero, Ciudad Jardín, Madrid",420000,70,6000.0,1.0,0,"REFORMADO,AMPLIO,LUMINOSO,ARMARIOS","Loft en segunda planta de 70 m2 construidos, diáfano, ventanal de suelo a techo, reformado, luminoso y completamente equipado.En una única planta se distribuye un amplio salón, comedor con cocina abierta, un dormitorio, baño completo, despensa y distintos armarios.El local se encuentra actualmente alquilado.Agua",Ciudad Jardín,False,False,False,False,True,tenant_or_rented,https://www.idealista.com/inmueble/107260352/
"Piso en calle de Peña de la Atalaya, San Diego, Madrid",66000,30,2200.0,1.0,0,"VIVIENDA,PISO","PISO OCUPADO POR PERSONA SIN JUSTO TÍTULO ESTE INMUEBLE DEBIDO A SU ESTADO OCUPACIONAL NO ADMITE VISITASIDEAL PARA INVERSORESVivienda de 30 m² con trastero de 2 m², según Catastro. La vivienda está distribuida en salón-comedor, un dormitorio, cocina americana y cuarto de baño. (La distribución de la vivienda es orienta",San Diego,True,False,False,False,False,occupied_or_no_possession,https://www.idealista.com/inmueble/100620241/
"Piso en calle del Puerto de Balbarán, 115, Palomeras Bajas, Madrid",136457,61,2237.0,3.0,0,"VIVIENDA,PISO,OPORTUNIDAD,INTERIOR","¿Buscas vivienda en Madrid?Century 21 Now IV te ofrece la oportunidad de adquirir éste piso en el distrito de Vallecas.Oportunidad para inversores:Inmueble en situación especial, venta sin posesión.No se puede realizar visita al interior al inmueble.Se transmite como cuerpo cierto, en el estado físico, jurídico",Palomeras Bajas,True,False,False,False,False,occupied_or_no_possession,https://www.idealista.com/inmueble/107266358/
"Piso en avenida de San Fermín, 1, San Fermín, Madrid",152900,125,1223.2,3.0,0,"PISO,OPORTUNIDAD","******Oportunidad sólo para inversores. El activo se encuentra ocupado sin título legal en vigor: se trata de un alquiler vencido. Debido al estado ocupacional del activo, no se pueden realizar visitas al mismo.Piso de segunda mano en venta situado en Madrid. Cuenta con una superficie de 125m² distribuidos en 3 dormi",San Fermín,True,False,False,False,False,occupied_or_no_possession,https://www.idealista.com/inmueble/107142626/
"Piso en calle de Hilarión Eslava, Gaztambide, Madrid",1825000,342,5336.25730994152,10.0,7,"AMPLIO,REFORMADA,APARTAMENTO","Descubre este amplio apartamento de 342 m² en el corazón de Gaztambide, Chamberí, Madrid. Con 10 dormitorios y 7 baños, esta propiedad, recientemente reformada, está actualmente alquilada a un gestor de Coliving.Este contrato de alquiler se puede rescindir, por lo cual puede adaptarse a cualquier proyecto de inversió",Gaztambide,False,False,False,False,True,tenant_or_rented,https://www.idealista.com/inmueble/106413846/
"Piso en calle Inocencia Sánchez, Buena Vista, Madrid",115000,52,2211.5384615384614,2.0,0,"VIVIENDA,PISO,OPORTUNIDAD","Oportunidad sólo para inversores. El activo se encuentra ocupado. Debido al estado ocupacional del activo, no se pueden realizar visitas al mismo.Piso de segunda mano en venta en Madrid.Se trata de un piso de 52 m² distribuidos en varias estancias.La vivienda se sitúa en el núcleo de la población, teniendo buenos acces",Buenavista,True,False,False,False,False,occupied_or_no_possession,https://www.idealista.com/inmueble/106658009/
"Piso en calle de Potosí, 4, Bernabéu-Hispanoamérica, Madrid",450000,60,7500.0,1.0,0,"PISO,ESTUDIO",¿Quieres comprar algún estudio o piso para vivir o para inversión?Te ofrecemos la posibilidad de adquirirlos individualmente o por lote. Algunos de ellos tienen contratos vigentes con inquilinos que rondan los 2000 euros al mes.Estudios en una primera planta con ascensor del edificio 4 de la calle Potosi pensados p,Hispanoamérica,False,False,False,False,True,tenant_or_rented,https://www.idealista.com/inmueble/106303763/
"Piso en Puerta Bonita, Madrid",150000,85,1764.7058823529412,2.0,0,PISO,"¡Fantástica INVERSIÓN!Se vende la NUDA PROPIEDAD de este fantástico piso en Carabanchel, Madrid.Los actuales propietarios, señor de 75 años y señora de 73 años, conservarán el derecho de uso y disfrute de la propiedad de por vida. La propiedad tiene un valor de mercado de 285.000€ y se aplica un 45% de descuento sobr",Puerta Bonita,False,True,False,False,False,bare_ownership_or_usufruct,https://www.idealista.com/inmueble/107218350/
"Piso en calle Arechavaleta, Los Ángeles, Madrid",150000,57,2631.5789473684213,2.0,0,"VIVIENDA,OPORTUNIDAD,METRO,EXTERIOR","Vivalta ofrece una oportunidad única para inversores, se vende propiedad con inquilino con una rentabilidad bruta superior al 5%! La vivienda totalmente exterior, esta situada en la cuarta planta de un edificio sin ascensor y consta de 57 metros cuadrados distribuidos en dos dormitorios, cocina americana totalmente e",Ángeles,False,False,False,False,True,tenant_or_rented,https://www.idealista.com/inmueble/106937469/
"Estudio en calle Mirto, Valdeacederas, Madrid",79000,21,3761.904761904762,,0,,Importante: se trata de una venta a través de cesión de remate en subasta judicial.Toda la información aquí recogida está de manera oficial en el BOE.Estaremos encantados de atenderles para cualquier duda adicional que tenga.,Valdeacederas,False,False,False,True,False,auction,https://www.idealista.com/inmueble/107167020/
"Piso en calle Alfaro, 17, Vista Alegre, Madrid",102000,44,2318.181818181818,1.0,0,"VIVIENDA,PISO,OPORTUNIDAD","Oportunidad sólo para inversores. El activo se encuentra ocupado. Debido al estado ocupacional del activo, no se pueden realizar visitas al mismo.Piso de segunda mano en venta en Madrid.Se trata de un piso de 44 m² distribuidos en varias dependencias. La vivienda se sitúa en el núcleo de la población, teniendo buenos a",Vista Alegre,True,False,False,False,False,occupied_or_no_possession,https://www.idealista.com/inmueble/106656716/
"Piso en calle de las Zinias, 7, Berruguete, Madrid",160000,68,2352.9411764705883,2.0,0,"PISO,EXCLUSIVA,INMOBILIARIA,OPORTUNIDAD","¡Oportunidad única para inversores! perfecto para quienes buscan una inversión de alta rentabilidadPiso en Berruguete, en el distrito de Tatúan. Vende en exclusiva ArroyoAstur Inmobiliaria.Oportunidad sólo para inversores. El activo se encuentra con inquilino, no ejercido derecho de tanteo y retracto.No se pueden r",Berruguete,False,False,False,False,True,tenant_or_rented,https://www.idealista.com/inmueble/106863899/
"Piso en calle de Mariano Benlliure, 3, San Diego, Madrid",115000,51,2254.901960784314,2.0,0,OPORTUNIDAD,"OPORTUNIDAD INMUEBLE SIN POSESIÓN, NO SE PUEDE VISITAR, PROPIO PARA INVERSORES O VECINOS QUE CONOZCAN EL INMUEBLE.Disponemos de una amplia cartera de inmuebles sin posesión en Madrid y en toda España, PROPIO PEQUEÑO Y GRAN INVERSOR.Madrid es un municipio y una ciudad de España.La localidad, con categoría histórica",San Diego,True,False,False,False,False,occupied_or_no_possession,https://www.idealista.com/inmueble/104849855/
"Piso en calle de Cercedilla, Arapiles, Madrid",580000,96,6041.666666666667,2.0,0,"VIVIENDA,PISO,OPORTUNIDAD,HOGAR","Esta vivienda junto a la Glorieta de Quevedo, en calle Cercedilla, no solo ofrece un hogar excepcional, sino también una oportunidad de inversión sin igual, se vende con inquilino, lo que significa que puedes empezar a recibir rentabilidad desde el primer día.¿Qué hace que este piso sea tan especial?1-Ubicacón priv",Arapiles,False,False,False,False,True,tenant_or_rented,https://www.idealista.com/inmueble/102851805/
"Piso en calle Guadalcázar, 16, Entrevías, Madrid",89100,70,1272.857142857143,2.0,0,"PISO,OPORTUNIDAD","Oportunidad sólo para inversores. El activo se encuentra ocupado. Debido al estado ocupacional del activo, no se pueden realizar visitas al mismo. Piso de segunda mano en venta situado en el barrio de Entrevías, del distrito de Puente de Vallecas de la ciudad de Madrid. Cuenta con una superficie de 70 m² distribuidos e",Entrevías,True,False,False,False,False,occupied_or_no_possession,https://www.idealista.com/inmueble/104886789/
"Piso en calle de Saturnino Tejera, Vista Alegre, Madrid",105000,53,1981.132075471698,1.0,0,"PISO,OPORTUNIDAD","Oportunidad sólo para inversores. El activo se encuentra ocupado. Debido al estado ocupacional del activo, no se pueden realizar visitas al mismo.Piso de segunda mano en venta en la ciudad de Madrid. Construido en 1973, tiene una superficie de 53 m² distribuidos en diversas dependencias.Se localiza en el barrio Vista A",Vista Alegre,True,False,False,False,False,occupied_or_no_possession,https://www.idealista.com/inmueble/106656749/
"Piso en calle de Cazorla, Entrevías, Madrid",77300,97,796.9072164948453,3.0,0,"PISO,OPORTUNIDAD","Oportunidad sólo para inversores. El activo se encuentra ocupado. Debido al estado ocupacional del activo, no se pueden realizar visitas al mismo. Piso de segunda mano en venta, situado en edificio residencial en el barrio de Entrevías, de la ciudad de Madrid. Cuenta con una superficie de 97,17 m² distribuidos en 3 dor",Entrevías,True,False,False,False,False,occupied_or_no_possession,https://www.idealista.com/inmueble/104888575/
"Piso en calle de Feijóo, Trafalgar, Madrid",120400,46,2617.391304347826,2.0,0,,*Más info. en web y redes: BHORUS* Aquí podrás informarte en detalle de la subasta. Bhorus SL es la única empresa a nivel NACIONAL con documentación demostrable en todo tipo de operaciones de subasta. ¡Cuidado! Las subastas tienen mucho riesgo si no son analizadas por los profesionales adecuados. Accede a nuestra web o,Trafalgar,False,False,False,True,False,auction,https://www.idealista.com/inmueble/107283429/
"Piso en avenida Séptima, Rejas, Madrid",340000,108,3148.1481481481483,3.0,0,"VIVIENDA,PISO,TERRAZA,GARAJE,ARMARIOS","**** SE VENDE EN RENTABILIDAD, ACTUALMENTE ALQUILADO CON EXCELENTES INQUILINOS Y RENTA ACTUAL ****SERVICHECK VENDE VIVIENDA DE TRES HABITACIONES, PLAZA DE GARAJE Y TRASTERO EN LA ZONA DE REJAS.Precioso piso de tres habitaciones y dos cuartos de baño, con cocina independiente con salida a terraza tendedero, armarios",Rejas,False,False,False,False,True,tenant_or_rented,https://www.idealista.com/inmueble/106614348/
"Piso en calle de Rodríguez Espinosa, Palomeras Bajas, Madrid",70000,40,1750.0,1.0,0,"PISO,EXCLUSIVA,INTERIOR","Inmueble sin posesión y sin acceso al interior. Las fotografías del interior y las características del activo, pueden no ajustarse al estado actual.NO COBRAMOS COMISIÓN DE INTERMEDIACIÓN AL COMPRADOR¡Tenemos en exclusiva un piso para ti!Disponemos de un piso en edificio residencial que puedes adquirir en propied",Palomeras Bajas,True,False,False,False,False,occupied_or_no_possession,https://www.idealista.com/inmueble/106798177/
"Piso en calle de la Alhambra, s/n, Lucero, Madrid",118000,50,2360.0,1.0,0,OPORTUNIDAD,"OPORTUNIDAD INMUEBLE SIN POSESIÓN, NO SE PUEDE VISITAR, PROPIO PARA INVERSORES O VECINOS QUE CONOZCAN EL INMUEBLE.Disponemos de una amplia cartera de inmuebles sin posesión en Madrid y en toda España, PROPIO PEQUEÑO Y GRAN INVERSOR.Madrid es un municipio y una ciudad de España.La localidad, con categoría histórica",Lucero,True,False,False,False,False,occupied_or_no_possession,https://www.idealista.com/inmueble/104713729/
"Piso en calle de Parvillas Altas, Villaverde Alto, Madrid",99500,73,1363.013698630137,3.0,1,"PISO,TERRAZA,OPORTUNIDAD","Oportunidad sólo para inversores. El activo se encuentra ocupado. Debido al estado ocupacional del activo, no se pueden realizar visitas al mismo. Piso de segunda mano en venta situado en la provincia de Madrid. Cuenta con una superficie de 73 m² distribuidos en 3 dormitorios, cocina, salón comedor con terraza y 1 baño",Villaverde Alto - Casco Histórico de Villaverde,True,False,False,False,False,occupied_or_no_possession,https://www.idealista.com/inmueble/104888421/
"Piso en calle de Benita López, Los Rosales, Madrid",140000,82,1707.3170731707316,3.0,0,"PISO,OPORTUNIDAD","¡Oportunidad única para inversores en Madrid! Presentamos este encantador piso de 80 m². Situado en una ubicación estratégica, este inmueble ya cuenta con inquilinos, asegurando un alquiler recurrente de €400 desde el primer día. Ideal para quienes buscan ingresos estables y seguros.El piso, con 82 m² construidos y 7",Los Rosales,False,False,False,False,True,tenant_or_rented,https://www.idealista.com/inmueble/107306807/
"Piso en Villaverde Alto, Madrid",135000,110,1227.2727272727273,3.0,0,"OPORTUNIDAD,INTERIOR","Oportunidad de inversión: inmueble sin posesión.Imposibilidad de visita interior, no se puede financiar la compra de este inmueble.Advertimos que la información contenida puede no estar actualizada, solicita más información sobre el activo sin compromiso.Investment opportunity: housing without possession.Imposs",Villaverde Alto - Casco Histórico de Villaverde,True,False,False,False,False,occupied_or_no_possession,https://www.idealista.com/inmueble/107123272/
"Piso en calle Eduardo Minguito, Los Rosales, Madrid",152500,75,2033.3333333333333,3.0,0,"VIVIENDA,PISO","INMUEBLE ILEGALMENTE OKUPADO,SITUADO EN LA CALLE EDUARDO MINGUITO 19, PISO 2,   PUERTA A, MADRID, MADRIDNo se puede visitar, no se puede tasar ni se puede hipotecar. Se tiene que comprar pagando al contado y el comprador asume la tarea de la desocupación.Piso en Madrid, perfecto para familias. La vivienda cuenta",Los Rosales,True,False,False,False,False,occupied_or_no_possession,https://www.idealista.com/inmueble/104871379/
"Piso en calle de Santa Ana, Lavapiés-Embajadores, Madrid",340000,80,4250.0,1.0,0,"PISO,OPORTUNIDAD","tOportunidad sólo para inversores. El activo se encuentra ocupado por persona sin justo título. Debido al estado ocupacional del activo, no se pueden realizar visitas al mismo. Piso de segunda mano en venta situado en Madrid, más concretamente en el barrio de La Latina. Cuenta con una superficie de 80 m² distribuidos e",Embajadores,True,False,False,False,False,occupied_or_no_possession,https://www.idealista.com/inmueble/106657042/
"Ático en Cuatro Caminos, Madrid",389000,100,3890.0,2.0,1,"TERRAZA,PISCINA,EXTERIOR","Producto sólo para inversores. Inmueble ocupado por persona sin justo título, no se puede visita. Inmueble con problemas jurídicos. Se vende Atico valorado en 650.000 euros muy por debajo de su valor real, de dos dormitorios + 1 baño. Todo exterior. Dispone de gran terraza. Edificio muy noble con piscina muy grande com",Cuatro Caminos,True,False,False,False,False,occupied_or_no_possession,https://www.idealista.com/inmueble/106283313/
"Piso en calle de Diego de León, 51, Castellana, Madrid",380000,92,4130.434782608696,3.0,1,"VIVIENDA,EXCLUSIVA,OPORTUNIDAD","Oportunidad solo para inversores. Vivienda ocupada por persona sin ningun derecho, ni contrato alguno. 92m2 según catastro. 3 dormitorios, cocina y 1 baño. Libre de cargas. Zona exclusiva. No se puede visitar.",Castellana,True,False,False,False,False,occupied_or_no_possession,https://www.idealista.com/inmueble/106405806/
"Piso en calle de Sáhara, s/n, Los Rosales, Madrid",105000,58,1810.344827586207,2.0,0,OPORTUNIDAD,"OPORTUNIDAD INMUEBLE SIN POSESIÓN, NO SE PUEDE VISITAR, PROPIO PARA INVERSORES O VECINOS QUE CONOZCAN EL INMUEBLE.Disponemos de una amplia cartera de inmuebles sin posesión en Madrid y en toda España, PROPIO PEQUEÑO Y GRAN INVERSOR.Madrid es un municipio y una ciudad de España.La localidad, con categoría histórica",Los Rosales,True,False,False,False,False,occupied_or_no_possession,https://www.idealista.com/inmueble/105588918/
"Piso en calle Pinos Alta, Valdeacederas, Madrid",241000,71,3394.3661971830984,1.0,0,INTERIOR,"Inmueble sin posesión y sin acceso al interior. Las fotografías del interior y las características del activo, pueden no ajustarse al estado actual. Inmueble sin posesión y sin acceso al interior. Las fotografías del interior y las características del activo, pueden no ajustarse al estado actual.NO COBRAMOS COMISIÓN",Valdeacederas,True,False,False,False,False,occupied_or_no_possession,https://www.idealista.com/inmueble/106858480/
"Piso en plaza de Manuel Becerra, Goya, Madrid",299900,38,7892.105263157895,1.0,0,"PISO,REFORMADO,ESTRENAR,ELECTRODOMÉSTICOS","El piso se vende con inquilino solvente pagando 750€ al mes hasta febrero de 2025.Ponemos a la venta este bonito piso totalmente reformado a estrenar en la misma plaza de Manuel Becerra. La reforma se terminó hace exactamente 2 meses y se cambió absolutamente todo fontanería, electricidad, electrodomésticos, suelos.",Goya,False,False,False,False,True,tenant_or_rented,https://www.idealista.com/inmueble/91030567/
"Piso en Vallehermoso, Madrid",448800,150,2992.0,4.0,0,VIVIENDA,"¡IMPORTANTE, POR FAVOR LEER ATENTAMENTE!SOLO PARA INVERSORES, YA QUE NO SE PUEDE VIVIR NI OCUPAR LA VIVIENDA HASTA EL FALLECIMIENTO DEL USUFRUCTUARIO.NO ES POSIBLE PEDIR HIPOTECASe vende la NUDA PROPIEDAD de esta vivienda de 150 m2, valorada aproximadamente en 885.000 euros a cambio de un anticipo de 448.800 € y",Vallehermoso,False,True,False,False,False,bare_ownership_or_usufruct,https://www.idealista.com/inmueble/105097251/
"Piso en calle de Meléndez Valdés, Gaztambide, Madrid",1300000,200,6500.0,5.0,3,"PISO,AMPLIO,EXTERIOR","IDEAL INVERSORES.SE VENDE CON INQUILINOS DENTRO (Alquiler de 3.000€/mes).Se vende piso en Argüelles, pleno barrio de Chamberí.Es una primera planta exterior con 5 dormitorios y 3 baños.Está completamente amueblado. Todos los dormitorios tienen cama, armario, mesa de trabajo y silla. Son muy amplios.Los 3 baños son",Gaztambide,False,False,False,False,True,tenant_or_rented,https://www.idealista.com/inmueble/105180690/
"Piso en calle Recesvinto, 84, San Isidro, Madrid",151000,79,1911.392405063291,4.0,0,"PISO,OPORTUNIDAD","Oportunidad sólo para inversores. El activo se encuentra ocupado. Debido al estado ocupacional del activo, no se pueden realizar visitas al mismo. Piso de segunda mano en venta situado en Madrid. Cuenta con una superficie de 79m² distribuidos en diversas estancias y servicios. Se localiza en la primera planta de un edi",San Isidro,True,False,False,False,False,occupied_or_no_possession,https://www.idealista.com/inmueble/106656712/
"Casa o chalet independiente en calle de Cartagena, 110, Guindalera, Madrid",260000,61,4262.295081967213,2.0,0,"VIVIENDA,PISO,OPORTUNIDAD,INTERIOR","¿Buscas vivienda en Madrid?Century 21 Now IV te ofrece la oportunidad de adquirir éste piso en la zona de Chamartin.Oportunidad para inversores:Inmueble en situación especial, venta sin posesión.No se puede realizar visita al interior al inmueble.Se transmite como cuerpo cierto, en el estado físico, jurídico y",Guindalera,True,False,False,False,False,occupied_or_no_possession,https://www.idealista.com/inmueble/107266209/
"Piso en San Fermín, Madrid",150000,90,1666.6666666666667,3.0,0,"VIVIENDA,TERRAZA,INTERIOR","NO SE PUEDE VISITAR!INMUEBLE HABITADO Y SIN POSESIÓN. DESCONOCEMOS EL ESTADO INTERIOR.Vivienda situada en el barrio de San Fermín (Usera).Consta de vestíbulo, distribuidor, cocina, baño, salón comedor, 3 habitaciones, terraza y tendedero.´No dude en contactar con nosotros para conseguir un inmueble por debajo d",San Fermín,True,False,False,False,False,occupied_or_no_possession,https://www.idealista.com/inmueble/106722608/
"Chalet adosado en calle de Rafael Villa, 5 ----b, El Plantío, Madrid",762000,263,2897.338403041825,3.0,0,"VIVIENDA,INMOBILIARIA,OPORTUNIDAD,HALL,GARAJE,PARCELA","Oportunidad de Inversión (inmueble sin posesión)NO COBRAMOS COMISIÓNMagna 4 inmobiliaria presenta esta propiedad unifamiliar adosada, sobre una parcela de 317 m2. La vivienda consta de 232 m2, distribuidos en tres plantas. En la planta baja disponemos de la zona de garaje y a distinto nivel el hall de entrada, un e",El Plantío,True,False,False,False,False,occupied_or_no_possession,https://www.idealista.com/inmueble/103748042/
"Piso en calle de la Palma, 39, Malasaña-Universidad, Madrid",230000,50,4600.0,2.0,0,"VIVIENDA,PISO,INMOBILIARIA,CASA,INTERIOR",Agencia inmobiliaria de Madrid zona san bernardo - conde duque - malasaña oficina tecnocasa vende:Actualmente piso con inquilino.Precioso piso en el centro de Madrid.Edificio construido en el año 1900.Planta 3ª en edificio con ascensor.Vivienda interior.Inmueble de 50 m2 construidos.Compuesto por 2 dormit,Universidad,False,False,False,False,True,tenant_or_rented,https://www.idealista.com/inmueble/107004948/
"Piso en calle de la Galería de Robles, Malasaña-Universidad, Madrid",290000,53,5471.698113207547,1.0,0,"ÁTICO,OPORTUNIDAD,APARTAMENTO,EXTERIOR","Se presenta a la venta un atractivo apartamento exterior, situado en una tranquila calle del emblemático barrio de Malasaña, Galeria de Robles.Este inmueble se encuentra actualmente alquilado bajo contrato vigente desde julio de 2023, lo que representa una excelente oportunidad para inversores interesados en obtener i",Universidad,False,False,False,False,True,tenant_or_rented,https://www.idealista.com/inmueble/107181306/
"Piso en calle de Huesca, Cuzco-Castillejos, Madrid",280000,58,4827.586206896552,2.0,1,"REFORMADO,OPORTUNIDAD","Oportunidad Inversores, 5% de rentabilidad, actualmente alquilado en 1.100 €/mes, gastos muy bajos tanto en comunidad como IBI, reformado y amueblado, 58 m2 construidos distribuidos en dos dormitorios y un baño, se alquila muy bien y los consumos de suministros (electricidad y agua) son bajos sin llegar a los 60 €/mes,",Castillejos,False,False,False,False,True,tenant_or_rented,https://www.idealista.com/inmueble/106484951/
"Piso en calle de Benimamet, San Cristóbal, Madrid",73000,77,948.0519480519481,2.0,0,"VIVIENDA,PISO,OPORTUNIDAD","Oportunidad sólo para inversores. El activo se encuentra ocupado por persona sin justo título. Debido al estado ocupacional del activo, no se pueden realizar visitas al mismo.Vivienda piso ubicada en San Cristóbal de los Ángeles, Madrid. El inmueble tiene una superficie aproximada de 60 m2. y está distribuido en salón-",San Cristóbal,True,False,False,False,False,occupied_or_no_possession,https://www.idealista.com/inmueble/107287556/
"Piso en calle Arechavaleta, Los Ángeles, Madrid",117000,56,2089.285714285714,3.0,0,"VIVIENDA,OPORTUNIDAD,INTERIOR",VIVIENDA OCUPADA. NO SE PUEDE VISITAR.Oportunidad de inversión: inmueble procedente de ejecución hipotecaria sin posesiónImposibilidad de visita interior.Las fotografías pueden no corresponderse con el estado actual del inmueble.El precio del inmueble ha sido fijado en atención a que el inmueble se adquiera por e,Ángeles,True,False,False,False,False,occupied_or_no_possession,https://www.idealista.com/inmueble/104321826/
"Piso en calle Almonacid, Numancia, Madrid",178000,54,3296.296296296296,3.0,0,OPORTUNIDAD,"Este inmueble se encuentra actualmente alquilado con una renta mensual de 980€ generando una rentabilidad bruta del 6,15% ¿Quieres más información? Nuestros agentes resolverán tus consultas ¡No te pierdas ninguna oportunidad! Regístrate en el área privada de: cosiris. com.",Numancia,False,False,False,False,True,tenant_or_rented,https://www.idealista.com/inmueble/104108173/
"Piso en calle de la Huerta de Castañeda, Puerta del Ángel, Madrid",119400,78,1530.7692307692307,3.0,1,"PISO,OPORTUNIDAD",INMUEBLE OCUPADO. ¡Gran oportunidad PARA INVERSORESPiso de 78 m2 con 3 dormitorios y 1 baño.El Inmueble se transmite ocupado por tercero no pudiendo hacer visitas físicas al inmueble. El precio ha sido determinado teniendo en cuenta que el activo se transmite con ocupante/ocupantes.Este inmueble se encuentra en u,Puerta del Ángel,True,False,False,False,False,occupied_or_no_possession,https://www.idealista.com/inmueble/107256144/
"Piso en calle de la Sierra Vieja, 50, Casco Histórico de Vallecas, Madrid",130000,65,2000.0,3.0,0,"PISO,OPORTUNIDAD","Oportunidad de inversión en Madrid – Piso en venta sin posesiónSe vende piso en calle Sierra Vieja, 50 (Segundo P) por 130.000 €. Con una superficie de 65 m², esta propiedad representa una excelente oportunidad para inversores.El inmueble se vende sin posesión, lo que lo hace ideal para aquellos que buscan una inve",Casco Histórico de Vallecas,True,False,False,False,False,occupied_or_no_possession,https://www.idealista.com/inmueble/107230172/
"Piso en calle Puerto de Canencia, Numancia, Madrid",225000,107,2102.803738317757,2.0,0,OPORTUNIDAD,"OPORTUNIDAD DE INMUEBLE SIN POSESIÓN, NO SE PUEDE VISITAR (NO TIENE FINANCIACIÓN), propio para inversores o vecinos que conozcan el inmueble.Disponemos de una amplia cartera de inmuebles sin posesión en Madrid y en toda España.Madrid es un municipio y una ciudad de España. La localidad, con categoría histórica de vi",Numancia,True,False,False,False,False,occupied_or_no_possession,https://www.idealista.com/inmueble/105831375/
"Piso en plaza de la Sierra Carbonera, 2, San Diego, Madrid",96700,60,1611.6666666666667,3.0,0,"PISO,OPORTUNIDAD","Oportunidad sólo para inversores. El activo se encuentra ocupado por persona sin justo título. Debido al estado ocupacional del activo, no se pueden realizar visitas al mismo. Piso de 57 m² en venta, situado en Madrid. Construido en 1955, este piso cuenta con una superficie de 57 m² y está distribuido en varias estanci",San Diego,True,False,False,False,False,occupied_or_no_possession,https://www.idealista.com/inmueble/107100910/
"Piso en calle de Sirio, Estrella, Madrid",490000,150,3266.6666666666665,3.0,0,"VIVIENDA,PISO,TERRAZA,INMOBILIARIA,OPORTUNIDAD,CASA,REFORMAR,METRO","BANCASA INMOBILIARIA, vende NUDA PROPIEDAD, vivienda en barrio de la ESTRELLA, en distrito de RETIRO. Piso de 150metros + TERRAZA + TRASTERO.PERFECTO PARA INVERSORES, GRAN OPORTUNIDAD.Posibilidad de hacer 2 VIVIENDAS, ya que la vivienda tiene 2 ENTRADAS al piso.Vivienda para reformar.4º Planta con ASCENSOR.DISTR",Estrella,False,True,False,False,False,bare_ownership_or_usufruct,https://www.idealista.com/inmueble/106785621/
"Piso en calle de Villafuerte, Los Rosales, Madrid",93400,62,1506.4516129032259,3.0,1,"PISO,TERRAZA,LUMINOSO,OPORTUNIDAD","INMUEBLE OCUPADO. ¡Gran oportunidad PARA INVERSORES en Los Rosales, Villaverde Bajo! No cobramos comisión al comprador.Piso con ASCENSOR en excelente ubicación. Superficie construida: 62,1 m². Distribución: Salón luminoso, cocina independiente, 3 dormitorios, 1 baño con ducha y terraza de 2,82 m².El Inmueble se tra",Los Rosales,True,False,False,False,False,occupied_or_no_possession,https://www.idealista.com/inmueble/107243413/
"Casa o chalet independiente en calle Navalmanzano, Ciudad Universitaria, Madrid",1600000,798,2005.0125313283208,6.0,0,"ESPECTACULAR,OPORTUNIDAD,CASA","¡FANTÁSTICA OPORTUNIDAD DE INVERSIÓN!Se vende la NUDA PROPIEDAD de esta espectacular casa independiente en Puerta de Hierro (Calle Navalmanzano), Madrid.El actual propietario, señor de 77 años, se reserva el derecho de uso y disfrute de la propiedad por el resto de su vida. La propiedad tiene un valor de mercado d",Ciudad Universitaria,False,True,False,False,False,bare_ownership_or_usufruct,https://www.idealista.com/inmueble/107006731/
"Piso en plaza Mil Delegados, 2, Orcasitas, Madrid",114900,99,1160.6060606060605,3.0,0,"PISO,OPORTUNIDAD","******Oportunidad sólo para inversores. El activo se encuentra ocupado sin título legal en vigor: se trata de un alquiler vencido. Debido al estado ocupacional del activo, no se pueden realizar visitas al mismo.Piso de segunda mano en venta situado en Madrid. Cuenta con una superficie de 99m² distribuidos en 3 dormit",Orcasitas,True,False,False,False,False,occupied_or_no_possession,https://www.idealista.com/inmueble/107124143/
"Piso en avenida de Oporto, Abrantes, Madrid",145000,70,2071.4285714285716,3.0,0,"PISO,EXCLUSIVA,INMOBILIARIA,EQUIPADA,ARMARIOS","Inmobiliarias Encuentro vende en exclusiva la NUDA PROPIEDAD PARA INVERSORES de este maravilloso piso en la Avenida de Oporto:El piso cuenta con 78m2, una excelente distribución y calidad de acabados. Dispone de tres habitaciones (1 doble y 2 simples), casi todas equipadas con armarios empotrados que ofrecen un gran e",Abrantes,False,True,False,False,False,bare_ownership_or_usufruct,https://www.idealista.com/inmueble/106355574/
"Piso en calle de los Mineros, Abrantes, Madrid",130000,55,2363.6363636363635,2.0,0,"VIVIENDA,EXCLUSIVA,INMOBILIARIA,HALL","PRIMER NIVEL INMOBILIARIA VENDE en exclusiva estupenda vivienda en el barrio Carabanchel Bajo, con todos los servicios próximos.LA VIVIENDA SE ENCUENTRA ALQUILADA, CON CONTRATO DE ALQUILER VIGENTE.Su distribución es la siguiente: Hall de entrada, sala de estar o habitación, cuarto de baño con bañera, salón distribu",Abrantes,False,False,False,False,True,tenant_or_rented,https://www.idealista.com/inmueble/106070507/
"Piso en calle del Poeta Blas de Otero, 49, Ventas, Madrid",147600,60,2460.0,3.0,0,"PISO,OPORTUNIDAD","******Oportunidad sólo para inversores. El activo se encuentra ocupado sin título legal en vigor: se trata de un alquiler vencido. Debido al estado ocupacional del activo, no se pueden realizar visitas al mismo.Piso de segunda mano en venta situado en Madrid. Cuenta con una superficie de 60,96m² distribuidos en 3 dor",Ventas,True,False,False,False,False,occupied_or_no_possession,https://www.idealista.com/inmueble/107140077/
"Piso en calle de Dolores Barranco, Pradolongo, Madrid",169000,60,2816.6666666666665,2.0,0,,Esta propiedad se encuentra alquilada. No se puede visitar. No apta para compradores que requieran financiación hipotecaria. El comprador se subrogara al contrato de alquiler vigente y a las condiciones indicadas en el contrato de alquiler vigente.La información proporcionada referente a la distribución y estructura,Pradolongo,False,False,False,False,True,tenant_or_rented,https://www.idealista.com/inmueble/105624401/
"Piso en calle Litos, 7, Los Ángeles, Madrid",79500,61,1303.27868852459,3.0,1,"VIVIENDA,PISO,EXCLUSIVA","Inmueble de Subasta Judicial en Cesión de Remate. Madrid.Piso con una superficie de 61 m², esta vivienda cuenta con 3 dormitorios y 1 baños. Está situada en una zona residencial consolidada, rodeada de servicios, comercios y transporte público.La adquisición se realizará exclusivamente a través del proceso de Subas",Ángeles,False,False,False,True,False,auction,https://www.idealista.com/inmueble/107031020/
"Piso en Abrantes, Madrid",304500,105,2900.0,3.0,0,"OPORTUNIDAD,INTERIOR","Oportunidad de inversión: inmueble sin posesión.Imposibilidad de visita interior, no se puede financiar la compra de este inmueble.Advertimos que la información contenida puede no estar actualizada, solicita más información sobre el activo sin compromiso.Investment opportunity: housing without possession.Imposs",Abrantes,True,False,False,False,False,occupied_or_no_possession,https://www.idealista.com/inmueble/107056034/
"Piso en calle del Bario, Butarque, Madrid",221200,85,2602.3529411764707,3.0,2,"PISO,OPORTUNIDAD","Oportunidad sólo para inversores. El activo se encuentra ocupado por persona sin justo título. Debido al estado ocupacional del activo, no se pueden realizar visitas al mismo. Piso de segunda mano en venta situado en Madrid. Cuenta con una superficie de 85 m² distribuidos en 3 dormitorios, cocina, salón y 2 baños. Pose",Butarque,True,False,False,False,False,occupied_or_no_possession,https://www.idealista.com/inmueble/102874884/
"Piso en Goya, Madrid",799000,100,7990.0,2.0,0,"TERRAZA,ÁTICO,EXCLUSIVA,INMOBILIARIA,OPORTUNIDAD,GOYA","VENTA DE LA NUDA PROPIEDAD. SOLO INVERSIONISTAS.EXCEPCIONAL OPORTUNIDAD DE INVERSIÓNInmobiliaria Eduardo Molet pone en exclusiva la venta de la NUDA PROPIEDAD de este magnífico ático con terraza en la exclusiva zona de Goya, una de las áreas más cotizadas de MadridEl actual propietario de 80 años se reserva el US",Goya,False,True,False,False,False,bare_ownership_or_usufruct,https://www.idealista.com/inmueble/105237059/
"Piso en Palos de la Frontera, Madrid",207000,50,4140.0,1.0,0,"OPORTUNIDAD,INTERIOR","Oportunidad de inversión: inmueble sin posesión.Imposibilidad de visita interior, no se puede financiar la compra de este inmueble.Advertimos que la información contenida puede no estar actualizada, solicita más información sobre el activo sin compromiso.Investment opportunity: housing without possession.Imposs",Palos de la Frontera,True,False,False,False,False,occupied_or_no_possession,https://www.idealista.com/inmueble/107087446/
"Piso en calle Sorbe, 17, Comillas, Madrid",131100,76,1725.0,3.0,0,"PISO,OPORTUNIDAD,REFORMAR","PISO OCUPADO. Oportunidad sólo para inversores. El activo se encuentra ocupado. Debido al estado ocupacional del activo, no se pueden realizar visitas al mismo.Comillas, se venden piso de 76 m2 construidos para reformar, salón comedor, cocina independiente, baño completo, 3 dormitorios.Zona consolidada muy comercial",Comillas,True,False,False,False,False,occupied_or_no_possession,https://www.idealista.com/inmueble/105340738/
"Piso en calle de la Marroquina, 21, Marroquina, Madrid",152000,49,3102.0408163265306,2.0,0,"PISO,OPORTUNIDAD","Oportunidad sólo para inversores. El activo se encuentra ocupado. Debido al estado ocupacional del activo, no se pueden realizar visitas al mismo. Piso de segunda mano en venta situado en Madrid. Cuenta con una superficie de 49m² distribuidos en 3 diversas estancias y servicios. Se localiza en la segunda planta de un e",Marroquina,True,False,False,False,False,occupied_or_no_possession,https://www.idealista.com/inmueble/106656513/
"Piso en calle San Robustiano, 8, Aluche, Madrid",174000,102,1705.8823529411766,3.0,0,INTERIOR,Propiedad ocupada. Imposibilidad de visita interior.,Aluche,True,False,False,False,False,occupied_or_no_possession,https://www.idealista.com/inmueble/107109599/
"Piso en calle de Carracedo, Campamento, Madrid",100000,58,1724.1379310344828,2.0,0,"VIVIENDA,HALL","VIVIENDA OCUPADA. Se trata de una Vivienda situada en un edificio de seis alturas sobre rasante, ubicado en la calle Carracedo, en la ciudad de Madrid. El edificio dispone de ascensor. La vivienda tiene la siguiente distribución un hall de entrada, que da acceso a una cocina independiente, y un pasillo que distribuye a",Campamento,True,False,False,False,False,occupied_or_no_possession,https://www.idealista.com/inmueble/106063294/
"Piso en calle del Corregidor Señor de la Elipa, Marroquina, Madrid",151500,50,3030.0,2.0,0,VIVIENDA,"Inmueble especial Inversionistas que se vende SIN POSESIÓN. No podemos dar acceso a la vivienda para visitarla. El inmueble ha sido adquirido a través de un procedimiento judicial (concursal o hipotecario) por el vendedor, el cual no ha tomado todavía posesión del mismo. El Inmueble se transmite sin conocerse por parte",Marroquina,True,False,False,False,False,occupied_or_no_possession,https://www.idealista.com/inmueble/106526172/
"Chalet pareado en calle de Rafael Villa, El Plantío, Madrid",762000,232,3284.4827586206898,3.0,0,"OPORTUNIDAD,INTERIOR",Activo adjudicado en subasta sin posesiónOportunidad de inversión: inmueble procedente de ejecución hipotecaria sin posesiónImposibilidad de visita interior.Las fotografías pueden no corresponderse con el estado actual del inmueble.El precio del inmueble ha sido fijado en atención a que el inmueble se adquiera p,El Plantío,False,False,False,True,False,auction,https://www.idealista.com/inmueble/104808966/
"Piso en calle del Puerto de Arlabán, San Diego, Madrid",114500,40,2862.5,1.0,0,"OPORTUNIDAD,INTERIOR",INMUEBLE OKUPADO - OPORTUNIDAD DE INVERSIÓNImposibilidad de visita interior.Las fotografías pueden no corresponderse con el estado actual del inmueble.El precio del inmueble ha sido fijado en atención a que el inmueble se adquiera por el comprador en estado de ocupado por lo que no aplicaría dicho precio si en el,San Diego,True,False,False,False,False,occupied_or_no_possession,https://www.idealista.com/inmueble/107130460/
"Piso en calle de Carcastillo, 23, Puerta Bonita, Madrid",165000,96,1718.75,3.0,0,EXCLUSIVA,"- CESIÓN de REMATE- La adquisición del inmueble publicitado se llevará a cabo de forma exclusiva mediante cesión de remate, en el marco del proceso de Subasta Judicial en el que se encuentra actualmente, sin que exista la posibilidad de compraventa directa. Consecuencia de lo anterior: (i) el precio publicado se trata",Puerta Bonita,False,False,False,True,False,auction,https://www.idealista.com/inmueble/105738296/
"Piso en calle del Bario, Butarque, Madrid",221200,85,2602.3529411764707,3.0,2,"PISO,OPORTUNIDAD","Oportunidad sólo para inversores. El activo se encuentra ocupado por persona sin justo título. Debido al estado ocupacional del activo, no se pueden realizar visitas al mismo. Piso de segunda mano en venta situado en Madrid. Cuenta con una superficie de 85 m² distribuidos en 3 dormitorios, cocina, salón y 2 baños. Pose",Butarque,True,False,False,False,False,occupied_or_no_possession,https://www.idealista.com/inmueble/104890767/
"Piso en calle de Fermin Donaire, Zofío, Madrid",145000,73,1986.3013698630136,3.0,0,OPORTUNIDAD,"Oportunidad inmueble sin posesión, no se puede visitar. Propio para inversores o vecinos que conozcan el inmueble.Disponemos de una amplia cartera de inmuebles sin posesión en madrid y en toda españa.Propio, pequeño y gran inversor.Madrid es un municipio y una ciudad de españa. La localidad, con categoría histórica",Zofío,True,False,False,False,False,occupied_or_no_possession,https://www.idealista.com/inmueble/107046859/
"Piso en calle de la Hacienda de Pavones, Vinateros, Madrid",110000,42,2619.0476190476193,1.0,0,"REFORMADO,ÁTICO,EXCLUSIVA,HOGAR","Mundhogar Consulting vende en exclusiva este acogedor inmueble reformado de 42 m² construidos con gran potencial en el emblemático barrio de Pavones.Inmueble actualmente en rentabilidad con inquilino por 700€/mes.Este local cuenta con cocina americana, aire acondicionado con bomba de calor, baño con ducha integrad",Vinateros,False,False,False,False,True,tenant_or_rented,https://www.idealista.com/inmueble/107012441/
"Piso en calle Gutiérrez y Michel, Ensanche de Vallecas - La Gavia, Madrid",106600,115,926.9565217391304,1.0,1,PISO,"Piso de 1 dormitorio y de 1 baño en Madrid. Cuenta con una superfície de 115 m2. - El inmueble se encuentra ocupado ilegalmente por terceros y sin los suministros debidamente contratados. El Inmueble se transmitirá: (i) como cuerpo cierto y a tanto alzado (ii) como un todo, inseparable (iii) en el estado registral y ca",Ensanche de Vallecas,True,False,False,False,False,occupied_or_no_possession,https://www.idealista.com/inmueble/105644925/
"Piso en calle de Santa Julia, San Diego, Madrid",189000,62,3048.3870967741937,1.0,0,"EXCLUSIVA,FINCA","SM Homes ""El Cañaveral"" ofrece en exclusiva este inmueble en la zona de Vallecas, en un finca construida en el año 2009 y en perfecto estado.Inmueble actualmente alquilado con inquilino solvente percibiendo una renta de 850€ al mes.El inmueble se distribuye en entrada, salón con acceso a cocina semi abierta, baño",San Diego,False,False,False,False,True,tenant_or_rented,https://www.idealista.com/inmueble/107163976/
"Piso en calle Sacromonte, 12 de Octubre-Orcasur, Madrid",157000,103,1524.2718446601941,3.0,0,"OPORTUNIDAD,INTERIOR",INMUEBLE OKUPADO - OPORTUNIDAD DE INVERSIÓNImposibilidad de visita interior.Las fotografías pueden no corresponderse con el estado actual del inmueble.El precio del inmueble ha sido fijado en atención a que el inmueble se adquiera por el comprador en estado de ocupado por lo que no aplicaría dicho precio si en el,Orcasur,True,False,False,False,False,occupied_or_no_possession,https://www.idealista.com/inmueble/106998392/
"Piso en calle de Marcelo Usera, Moscardó, Madrid",164000,66,2484.848484848485,2.0,0,OPORTUNIDAD,"INMUEBLE OKUPADO (por okupas sin título) - OPORTUNIDAD PARA INVERSIÓN - DEBIDO A SU ESTADO OCUPACIONAL NO SE PUEDE VISITAR. Pero si puedes seguirnos en IG:Se trata de una propiedad amplia, ubicada en un edificio de calidad constructiva, con estancias generosas: salón, habitaciones y cocina de gran tamaño.Con 66 m²",Moscardó,True,False,False,False,False,occupied_or_no_possession,https://www.idealista.com/inmueble/106847350/
"Piso en calle de Juan de Vera, Delicias, Madrid",256400,66,3884.848484848485,1.0,0,"VIVIENDA,PISO,OPORTUNIDAD","Oportunidad sólo para inversores. El activo se encuentra ocupado. Debido al estado ocupacional del activo, no se pueden realizar visitas al mismo.Piso de segunda mano en venta en Marid.Se trata de un piso de 67 m² distribuidos en varias estancias.La vivienda se sitúa en el barrio Delicias, teniendo buenos accesos por c",Delicias,True,False,False,False,False,occupied_or_no_possession,https://www.idealista.com/inmueble/104888588/
"Piso en Buena Vista, Madrid",174000,62,2806.451612903226,3.0,0,"VIVIENDA,PISO,EXCLUSIVA,OPORTUNIDAD,EXTERIOR","**OPORTUNIDAD DE INVERSIÓN** Redpiso vende en exclusiva formidable vivienda en Carabanchel Alto.ACTUALMENTE ALQUILADO en 824 €/mes desde al año 2022.Segunda planta sin ascensor, exterior con orientación noroeste, lo que garantiza una excelente luminosidad.Se distribuye en salón con cocina americana y salida a balcó",Buenavista,False,False,False,False,True,tenant_or_rented,https://www.idealista.com/inmueble/105977409/
"Piso en calle de Mercedes Arteaga, 33, Opañel, Madrid",150300,92,1633.695652173913,2.0,0,"PISO,OPORTUNIDAD","******Oportunidad sólo para inversores. El activo se encuentra ocupado sin título legal en vigor: se trata de un alquiler vencido. Debido al estado ocupacional del activo, no se pueden realizar visitas al mismo.Piso de segunda mano en venta situado en Madrid. Cuenta con una superficie de 92m² distribuidos en 2 dormit",Opañel,True,False,False,False,False,occupied_or_no_possession,https://www.idealista.com/inmueble/107140329/
"Piso en calle Virgen de las Viñas, 11, Santa Eugenia, Madrid",146600,93,1576.3440860215053,3.0,0,"PISO,OPORTUNIDAD","NO TE COBRAMOS COMISION. Oportunidad sólo para inversores. El activo se encuentra ocupado por personas sin título en vigor, se trata de anteriores inquilinos que no pagas.Debido al estado ocupacional del activo, no se pueden realizar visitas al mismo.Piso de segunda mano en venta situado en Madrid capital, zona de V",Santa Eugenia,True,False,False,False,False,occupied_or_no_possession,https://www.idealista.com/inmueble/107139796/
"Piso en calle San Ambrosio, San Isidro, Madrid",118500,100,1185.0,4.0,0,"PISO,EXCLUSIVA,INTERIOR","Inmueble sin posesión y sin acceso al interior. Las fotografías del interior y las características del activo, pueden no ajustarse al estado actual.NO COBRAMOS COMISIÓN DE INTERMEDIACIÓN AL COMPRADOR¡Tenemos en exclusiva un piso para ti!Disponemos de un piso en edificio residencial que puedes adquirir en propied",San Isidro,True,False,False,False,False,occupied_or_no_possession,https://www.idealista.com/inmueble/106808040/
"Piso en calle San Herculano, 5, Canillejas, Madrid",135900,64,2123.4375,1.0,0,"PISO,OPORTUNIDAD","******Oportunidad sólo para inversores. El activo se encuentra ocupado sin título legal en vigor: se trata de un alquiler vencido. Debido al estado ocupacional del activo, no se pueden realizar visitas al mismo.Piso de segunda mano en venta situado en Madrid. Cuenta con una superficie de 63,78m²*. Se localiza en la q",Canillejas,True,False,False,False,False,occupied_or_no_possession,https://www.idealista.com/inmueble/107138064/
"Piso en calle de Sáhara, 85, Los Rosales, Madrid",95000,78,1217.948717948718,3.0,0,PISO,"SOLO INVERSORES: NO ES VISITABLE, NO SE PUEDE PEDIR HIPOTECA Piso sin posesion: te vendemos la propiedad pero no entregamos la llaves, ya que las tiene que recuperar por su cuenta o por el juzgado.Se autoriza a subrogarse en el procedimiento abierto.Esq Izquierda PISO 2º 1.",Los Rosales,True,False,False,False,False,occupied_or_no_possession,https://www.idealista.com/inmueble/104930915/
"Piso en avenida de Burgos, Castilla, Madrid",267000,36,7416.666666666667,1.0,0,"VIVIENDA,EXCLUSIVA,ESPECTACULAR,OPORTUNIDAD,REFORMADA","¡OPORTUNIDAD ÚNICA EN LA AVENIDA DE BURGOS, CHAMARTÍN!Vivienda2 presenta en exclusiva esta espectacular vivienda, actualmente alquilada con atractiva rentabilidad, ubicada en uno de los barrios más demandados de Madrid: Chamartín, en la prestigiosa Avenida de Burgos.Reformada con gusto y con materiales de alta calid",Castilla,False,False,False,False,True,tenant_or_rented,https://www.idealista.com/inmueble/106741900/
"Piso en calle del General Pardiñas, Goya, Madrid",550000,46,11956.521739130434,1.0,0,"PISO,EXCLUSIVO,OPORTUNIDAD","GRAN OPORTUNIDAD A INVERSORES, piso ACTUALMENTE ALQUILADO.VENTA EN RENTABILIDAD CON INQUILINO SOLVENTE.Mensualidad de 1.250 €. 3 años de contrato, sin problemas de pago.En exclusivo barrio de Salamanca donde la tranquilidad y el acceso a todos los servicios no están reñidos.Totalmente amuebladoEn quinta planta e i",Goya,False,False,False,False,True,tenant_or_rented,https://www.idealista.com/inmueble/106977197/
"Piso en paseo del Quince de Mayo, San Isidro, Madrid",179000,71,2521.1267605633802,2.0,0,"VIVIENDA,PISO,OPORTUNIDAD","OPORTUNIDAD PARA INVERSORES. Piso OCUPADO. Debido a su estado ocupacional, NO ADMITE VISITAS. Pero si puedes seguirnos en nuestro Instagram @housebox_re, para conocer más inmuebles de tu interés.Vivienda de 71 m², según Catastro. La vivienda está distribuida en salón-comedor, dos dormitorios, cocina y un cuarto de ba",San Isidro,True,False,False,False,False,occupied_or_no_possession,https://www.idealista.com/inmueble/106008827/
"Piso en San Diego, Madrid",78000,18,4333.333333333333,1.0,0,"VIVIENDA,REFORMAR","VIVIENDA EN SUBASTA, FINANCIACION 100%SIN COMISIÓN AL COMPRADORvivienda en periodo de subasta, precio de salida el indicado, financiación 100%Situada en pleno corazón de San Diego a pocos minutos de la RENFE ASAMBLEA DE MADRID ENTREVÍAS, perfecto para reformar a tu gusto.Rodeado de comercios y supermercados.Los",San Diego,False,False,False,True,False,auction,https://www.idealista.com/inmueble/107158728/
"Estudio en plaza de los Mostenses, 11, Malasaña-Universidad, Madrid",220000,36,6111.111111111111,,0,"REFORMAR,ESTUDIO","Se vende estudio a reformar en nuda propiedad, dejando en usufructo vitalicio al inquilino de 82 años.",Universidad,False,True,False,False,False,bare_ownership_or_usufruct,https://www.idealista.com/inmueble/106955202/
"Piso en calle de Alvarado, Bellas Vistas, Madrid",104995,35,2999.8571428571427,1.0,0,VIVIENDA,"¡ VIVIENDA OCUPADA, SOLO INVERSORES Y PAGOS AL CONTADO!POR FAVOR SE RUEGA LLAMAR AL SEIS CERO CINCO NUEVE TRES SIETE SEIS TRES SIETE, YA QUE DEBIDO AL GRAN VOLUMEN DE TRABAJO ESTAMOS POCO TIEMPO EN LA OFICINA Y ASI PODREMOS ATENDERLES MEJOR. GRACIAS.INICIATIVAS FUTURO les presenta una vivienda Ubicada en la zona de",Bellas Vistas,True,False,False,False,False,occupied_or_no_possession,https://www.idealista.com/inmueble/106503342/
"Piso en calle de Arlanza, Comillas, Madrid",110200,64,1721.875,3.0,1,"PISO,OPORTUNIDAD",INMUEBLE OCUPADO. ¡Gran oportunidad PARA INVERSORES en el barrio de Comillas! No cobramos comisión al comprador.Piso de 64 m2 con 3 dormitorios y 1 baño.El Inmueble se transmite ocupado por tercero no pudiendo hacer visitas físicas al inmueble. El precio ha sido determinado teniendo en cuenta que el activo se transm,Comillas,True,False,False,False,False,occupied_or_no_possession,https://www.idealista.com/inmueble/107255992/
"Piso en calle de Ernestina Manuel de Villena, Moscardó, Madrid",131000,59,2220.3389830508477,3.0,0,"VIVIENDA,PISO","PISO OCUPADO POR PERSONA SIN JUSTO TÍTULO (Antiguo Deudor Hipotecario)ESTE INMUEBLE DEBIDO A SU ESTADO OCUPACIONAL NO ADMITE VISITASIDEAL PARA INVERSORESAmplia vivienda de 54 m², según Catastro, y 5 m² de elementos comunes. La vivienda está distribuida en salón-comedor, tres dormitorios, un cuarto de baño, cocina, vest",Moscardó,True,False,False,False,False,occupied_or_no_possession,https://www.idealista.com/inmueble/105540177/
"Piso en avenida de Guadalajara, 97, Arcos, Madrid",220000,90,2444.4444444444443,3.0,0,"VIVIENDA,OPORTUNIDAD,INTERIOR","Oportunidad de inversión: vivienda sin posesión.Imposibilidad de visita interior, no se puede financiar la compra de este inmueble.",Arcos,True,False,False,False,False,occupied_or_no_possession,https://www.idealista.com/inmueble/106279079/
"Piso en calle de Aquitania, Arcos, Madrid",370000,84,4404.761904761905,2.0,0,"PISO,AMPLIO,OPORTUNIDAD","NO COBRAMOS COMISIÓN DE AGENCIAInmueble en rentabilidad. Propiedad con inquilinos. Fecha finalización contrato 2026, renta de mercado.Este acogedor piso de 83,14 m², actualmente con inquilinos, es la oportunidad perfecta para quienes buscan un refugio cálido y rentable. Al entrar, serás recibido por un amplio y lumi",Arcos,False,False,False,False,True,tenant_or_rented,https://www.idealista.com/inmueble/106399673/
"Piso en ronda del Sur, 101, Entrevías, Madrid",103000,80,1287.5,3.0,0,"VIVIENDA,PISO,HALL","** OCASION, NO COBRAMOS HONORARIOS, SE VENDE PISO SIN POSESION, TE VENDEMOS LA PROPIEDA Y EL COMPRADOR RECUPERA LAS LALVES POR SU CUENTAEl edificio dispone de ascensor. La vivienda tiene la siguiente distribución un hall de entrada, que da acceso a una cocina independiente, y un pasillo que distribuye a un salón com",Entrevías,True,False,False,False,False,occupied_or_no_possession,https://www.idealista.com/inmueble/107103351/
"Casa o chalet independiente en avenida Albufera, 64, Numancia, Madrid",150000,45,3333.3333333333335,1.0,0,"VIVIENDA,CASA,METRO","VIVIENDA SIN POSESIÓN, NO VISITABLE!PARTICULAR vende directamente, sin intermediarios, una casa baja a pie de calle junto al metro Nueva Numancia.VIVIENDA NO VISITABLE, ALQUILADA CON CONTRATO VENCIDO Y SIN PRÓRROGA TÁCTICA e inquilino al corriente de pago.Dispone de un dormitorio independiente, baño, cocina y sal",Numancia,True,False,False,False,False,occupied_or_no_possession,https://www.idealista.com/inmueble/104337648/
"Piso en calle de Nuestra Señora del Perpetuo Socorro, s/n, Palomeras Bajas, Madrid",146000,78,1871.7948717948718,3.0,0,"VIVIENDA,PISO","PISO OCUPADO POR PERSONA SIN JUSTO TÍTULOESTE INMUEBLE DEBIDO A SU ESTADO OCUPACIONAL NO ADMITE VISITASIDEAL PARA INVERSORESVivienda de 74 m², según Catastro, y 4 m² de elementos comunes a la venta en el distrito de Puente de Vallecas, Madrid. Es una 3ª Planta en un bloque sin ascensor. Muy bien comunicado por carreter",Palomeras Bajas,True,False,False,False,False,occupied_or_no_possession,https://www.idealista.com/inmueble/107040363/
"Piso en calle del Lago Leman, Casco Histórico de Vicálvaro, Madrid",139000,72,1930.5555555555557,3.0,0,"VIVIENDA,OPORTUNIDAD","INMUEBLE OCUPADO - OPORTUNIDAD PARA INVERSIÓN - DEBIDO A SU ESTADO OCUPACIONAL NO SE PUEDE VISITAR. Pero si puedes seguirnos en nuestro Instagram @housebox_re, para conocer más inmuebles de tu interés.Vivienda de 72 m², según Catastro. La vivienda está distribuida en salón-comedor, tres dormitorios, cocina y un cuart",Casco Histórico de Vicálvaro,True,False,False,False,False,occupied_or_no_possession,https://www.idealista.com/inmueble/106357893/
"Piso en calle de Feijóo, Trafalgar, Madrid",169000,46,3673.913043478261,2.0,0,"VIVIENDA,PISO,HALL","LEER ANUNCIO!VIVIENDA OKUPADA,¡NO SE PUEDE VISITAR! NO SE PUEDE FINANCIAR!COMPRA AL CONTADO CON DESOKUPACION INCLUIDA EN EL PRECIO.LA AGENCIA DEL BARRIO vende piso de 46m2, ubicada en Trafalgar, Chamberí en una de las mejores zonas de Madrid.La vivienda se compone de un hall de entrada para recepcionar a",Trafalgar,True,False,False,False,False,occupied_or_no_possession,https://www.idealista.com/inmueble/106407881/
"Estudio en calle del Teniente Coronel Noreña, Legazpi, Madrid",150000,40,3750.0,,0,"INMOBILIARIA,OPORTUNIDAD,ESTUDIO",¡GRAN OPORTUNIDAD! INVIERTE EN UNA DE LAS ZONAS CON MÁS DEMANDA DE LA CAPITAL Y CON RENTABILIDAD DESDE EL PRIMER DÍA.LEGIDO GESTIÓN INMOBILIARIA pone en venta magnífico estudio en una de las mejores zonas de Arganzuela.Estudio actualmente alquilado a funcionario con pagos al día demostrables y con contrato en vigor,Legazpi,False,False,False,False,True,tenant_or_rented,https://www.idealista.com/inmueble/107279351/
"Piso en calle de la Encomienda de Palacios, 320, Pavones, Madrid",115000,74,1554.054054054054,3.0,0,"VIVIENDA,NUEVO,INTERIOR","SOLO INVERSORES Barrio MORTALAZ: SE VENDE VIVIENDA SIN POSESION, No se puede visitar. NO SE PUEDE PEDIR HIPOTECA. Se adquiere la propiedad y el nuevo dueño recupera las llaves por su cuenta.Se desconoce el estado interior. Es una buena inversión.",Pavones,True,False,False,False,False,occupied_or_no_possession,https://www.idealista.com/inmueble/104453286/
"Piso en Aluche, Madrid",189000,54,3500.0,2.0,0,"VIVIENDA,PISO,REFORMADO,FUNCIONAL","DB Servicios Inmobiliarios VENDE Excelente Piso Reformado de 54 m².**PISO CON INQUILINOS** ¡Ideal para Inversores, vivienda en Rentabilidad!Ubicado en una planta baja elevada que destaca por su luminosidad y su diseño funcional. La vivienda dispone de 2 habitaciones: la principal cuenta con un práctico armario emp",Aluche,False,False,False,False,True,tenant_or_rented,https://www.idealista.com/inmueble/107207123/
"Piso en calle del Mirlo, Campamento, Madrid",115500,62,1862.9032258064517,3.0,0,,*Más info. en web y redes: BHORUS* Aquí podrás informarte en detalle de la subasta. Bhorus SL es la única empresa a nivel NACIONAL con documentación demostrable en todo tipo de operaciones de subasta. ¡Cuidado! Las subastas tienen mucho riesgo si no son analizadas por los profesionales adecuados. Accede a nuestra web o,Campamento,False,False,False,True,False,auction,https://www.idealista.com/inmueble/107283430/
"Piso en calle Litos, Los Ángeles, Madrid",69600,54,1288.888888888889,3.0,0,"VIVIENDA,PISO,OPORTUNIDAD","Oportunidad sólo para inversores. El activo se encuentra ocupado por persona sin justotítulo. Debido al estado ocupacional del activo, no se pueden realizar visitas al mismo.Piso de 55 m² en venta de 3 dormitorios, ubicado en Madrid. Bien comunicada, esta vivienda se localiza a 5 minutos de la estación de tren Puente A",Ángeles,True,False,False,False,False,occupied_or_no_possession,https://www.idealista.com/inmueble/106657361/
"Piso en calle del Río Bullaque, La Paz, Madrid",400000,160,2500.0,4.0,0,"AMPLIO,EXCLUSIVA,OPORTUNIDAD,APARTAMENTO","¿Busca la mejor oportunidad de inversión en el barrio de Fuencarral, Madrid?Kalma presenta en exclusiva este amplio apartamento en modalidad de NUDA PROPIEDAD.Información del inmueble:- Ubicación: Barrio de Fuencarral, Madrid.- Superficie: 160 m².- Extras: Incluye 2 plazas de parking de 29 m² cada una.- Conser",La Paz,False,True,False,False,False,bare_ownership_or_usufruct,https://www.idealista.com/inmueble/105598443/
"Piso en calle Angelillo, 11, Palomeras sureste, Madrid",178500,84,2125.0,3.0,0,"PISO,OPORTUNIDAD,METRO","¡OPORTUNIDAD! INMOGESTION VENDE PISO OKUPADO. PERFECTO PARA INVERSORES Y GENTE ESPECIALIZADA EN DESOKUPACION,. NO SE PUEDE VISITAR. , COMPRA DE CONTADO NO HAY FINANCIACIÓN.Piso con una superficie de 83.71 metros cuadrados, ubicado en Madrid capital. Se encuentra en primera planta. Se distribuye en salón, cocina, 3 ha",Palomeras Sureste,True,False,False,False,False,occupied_or_no_possession,https://www.idealista.com/inmueble/101566793/
"Piso en calle Sierra de Alquife, 30, San Diego, Madrid",55500,41,1353.658536585366,1.0,0,"PISO,OPORTUNIDAD","Oportunidad sólo para inversores. El activo se encuentra ocupado. Debido al estado ocupacional del activo, no se pueden realizar visitas al mismo. Piso de segunda mano en venta situado en Madrid, más concretamente el barrio Puentes de Vallecas. Cuenta con una superficie de 41 m² distribuidos en varias dependencias. Se",San Diego,True,False,False,False,False,occupied_or_no_possession,https://www.idealista.com/inmueble/105778221/
"Piso en calle de Villafuerte, Los Rosales, Madrid",139000,57,2438.59649122807,2.0,0,VIVIENDA,"Inmueble especial Inversionistas que se vende SIN POSESIÓN. No podemos dar acceso a la vivienda para visitarla. El inmueble ha sido adquirido a través de un procedimiento judicial (concursal o hipotecario) por el vendedor, el cual no ha tomado todavía posesión del mismo. El Inmueble se transmite sin conocerse por parte",Los Rosales,True,False,False,False,False,occupied_or_no_possession,https://www.idealista.com/inmueble/106573299/
"Piso en avenida de Santo Domingo de la Calzada, Las Tablas, Madrid",290000,160,1812.5,4.0,0,"PISCINA,URBANIZACIÓN,EXTERIOR","Housfy vende NUDA PROPIEDAD en Fuencarral, Madrid, perfecto para personas que busquen un lugar cómodo para su día a día.Características:***NUDA PROPIEDAD con USUFRUCTUARIOS DE 75 Y 65 AÑOS***-3º planta exterior con ascensor en urbanización con piscina y pista de pádel.-Construido en el año 2006.- Maravilloso pis",Valverde,False,True,False,False,False,bare_ownership_or_usufruct,https://www.idealista.com/inmueble/107261187/
"Piso en calle de Fernández de los Ríos, Gaztambide, Madrid",278000,70,3971.4285714285716,1.0,0,"VIVIENDA,EXCLUSIVA,OPORTUNIDAD,APARTAMENTO","¿Busca la mejor oportunidad de inversión en el barrio de Chamberí, Madrid?Kalma presenta en exclusiva este precioso apartamento en modalidad de NUDA PROPIEDAD.Información del inmueble:- Ubicación: Barrio de Chamberí, Madrid.- Superficie: 70 m².- Conservación: La vivienda se encuentra en excelente estado.- Anti",Gaztambide,False,True,False,False,False,bare_ownership_or_usufruct,https://www.idealista.com/inmueble/106584807/
"Piso en Numancia, Madrid",184800,81,2281.4814814814813,4.0,0,"PISO,AMPLIO,OPORTUNIDAD","Piso con Inquilino hasta Febrero de 2026.Acacia Wellness ofrece en VENTA:¡Oportunidad única en Vallecas! Este encantador piso en venta, ubicado en una cuarta planta(ascensor aprobado en junta), ofrece 81 m² distribuidos de manera eficiente para tu comodidad. Al entrar, que da paso a un amplio salón perfecto para tus",Numancia,False,False,False,False,True,tenant_or_rented,https://www.idealista.com/inmueble/106197873/
"Piso en calle de Ramón Pérez de Ayala, 74, Numancia, Madrid",234500,106,2212.264150943396,3.0,0,VIVIENDA,"INMUEBLE PROINDIVISO: La parte vendedora es propietaria de una participación indivisa del Inmueble, no siendo por ello, propietaria del 100% en pleno dominio. Dicha participación indivisa puede ser objeto de adquisición por parte del resto de copropietarios.Inmueble en proceso de venta FLASH.Vivienda de segunda man",Numancia,False,False,True,False,False,partial_ownership,https://www.idealista.com/inmueble/106301387/
"Piso en calle San Basilio, Pradolongo, Madrid",365000,109,3348.623853211009,4.0,0,PISO,"SOLO INVERSORES - INMUEBLE ALQUILADORentabilidad: 9,21 %Renta Total: 2800 €Propiedad con inquilinos construida en el 1968 en Madrid, Madrid. El piso se encuentra en la segunda planta, cuenta con 94,78 m2 útiles, distribuidos en 4 habitaciones unidas por un pasillo y zonas comunes, cada habitación cuenta con su cua",Pradolongo,False,False,False,False,True,tenant_or_rented,https://www.idealista.com/inmueble/105477156/
"Piso en calle de Gabriel Ruiz, 1, Pradolongo, Madrid",95900,65,1475.3846153846155,3.0,0,"PISO,OPORTUNIDAD,REFORMAR,EXTERIOR","PISO OCUPADO. Oportunidad sólo para inversores. El activo se encuentra ocupado. Debido al estado ocupacional del activo, no se pueden realizar visitas al mismo.Usera, piso exterior para reformar, con salón comercial, baño completo, cocina independiente.Zona comercial con todos los servicios, junto a la calle de Marc",Pradolongo,True,False,False,False,False,occupied_or_no_possession,https://www.idealista.com/inmueble/107103838/
"Piso en calle de San Marino, Rosas, Madrid",140200,72,1947.2222222222222,3.0,0,"PISO,OPORTUNIDAD","Oportunidad sólo para inversores. El activo se encuentra ocupado. Debido al estado ocupacional del activo, no se pueden realizar visitas al mismo. Piso de segunda mano en venta situado en Madrid. Cuenta con una superficie de 72m² distribuidos en diversas estancias y servicios. Se localiza en la planta baja de un edific",Rosas,True,False,False,False,False,occupied_or_no_possession,https://www.idealista.com/inmueble/104888212/
"Piso en calle Puerto de la Cruz Verde, 40, Legazpi, Madrid",449000,102,4401.9607843137255,3.0,0,"VIVIENDA,AMPLIO,OPORTUNIDAD,PARQUE,ARMARIOS","¡Oportunidad única junto al Parque de Tierno Galván!Se vende vivienda ( usufructuaria de avanzada edad), ideal para aquellos que buscan invertir en un futuro prometedor. Con 102 m² construidos y 81 m² útiles, esta vivienda ofrece un espacio generoso y bien distribuido. Dispone de tres amplios dormitorios con armarios",Legazpi,False,True,False,False,False,bare_ownership_or_usufruct,https://www.idealista.com/inmueble/106716842/
"Piso en Buena Vista, Madrid",109582,89,1231.258426966292,3.0,0,OPORTUNIDAD,¡MUY IMPORTANTE! ADQUISICIÓN NO FINANCIABLE.SENEAS te da la oportunidad de gestionarte la participación en la subasta y en lostramites posteriores. Consulta con nuestro equipo de expertos.Valoración para la subasta: 156.547. 98€Depósito: 7.827. 40€Tramo entre pujas: 3.000€Si desea más información y está in,Buenavista,False,False,False,True,False,auction,https://www.idealista.com/inmueble/107288750/
"Piso en calle de la Vereda del Carmen, Ventas, Madrid",219000,55,3981.818181818182,2.0,0,"PISO,AMPLIO,ELECTRODOMÉSTICOS,SEGURIDAD","El piso se vende alquilado con una rentabilidad del 4,0%Dispone de un salón comedor amplio, 2 dormitorios, cocina independiente y cuarto de baño.Detalles:Suelo de tarimaParedes lisasPuerta de seguridadVentanas PVCElectrodomésticosAmuebladoEdificio tranquilo, con pocos vecinos, a tan sólo 5 minutos del metr",Ventas,False,False,False,False,True,tenant_or_rented,https://www.idealista.com/inmueble/107233400/
"Piso en calle de Parvillas Altas, 11, Villaverde Alto, Madrid",99500,74,1344.5945945945946,3.0,0,"PISO,OPORTUNIDAD","Oportunidad sólo para inversores. El activo se encuentra ocupado SIN TITULIO LEGAL EN VIGOR, SON LOS ANTERIORES INQUILINOS.Debido al estado ocupacional del activo, no se pueden realizar visitas al mismo. Piso de segunda mano en venta situado en la provincia de Madrid. Cuenta con una superficie de 73 m² distribuidos e",Villaverde Alto - Casco Histórico de Villaverde,True,False,False,False,False,occupied_or_no_possession,https://www.idealista.com/inmueble/107100622/
"Piso en calle de la Libertad, 3, Chueca-Justicia, Madrid",710000,132,5378.787878787879,1.0,0,"PISO,OPORTUNIDAD","**NO TE COBRAMOS COMISION: Oportunidad sólo para inversores. El activo se encuentra ocupado por persona sin justo título. NO SE PUEDE VISITAR Y NO SE PEUDE PEDIR HIPOTECA.Piso de 132 m² en venta situado en Madrid.Construido en 1900, este piso dispone de una superficie de 132 m² y está distribuido en varias estanci",Justicia,True,False,False,False,False,occupied_or_no_possession,https://www.idealista.com/inmueble/107091199/
"Piso en calle Sorgo, Valdeacederas, Madrid",96900,42,2307.1428571428573,1.0,0,"PISO,OPORTUNIDAD","Oportunidad sólo para inversores. El activo se encuentra ocupado. Debido al estado ocupacional del activo, no se pueden realizar visitas al mismo.Piso de segunda mano en venta en la ciudad de Madrid.Construido en 1958, tiene una superficie de 42 m² distribuidos en diversas dependencias.Se localiza en el barrio de Valde",Valdeacederas,True,False,False,False,False,occupied_or_no_possession,https://www.idealista.com/inmueble/104888008/
"Piso en calle de Armengot, San Isidro, Madrid",138600,87,1593.103448275862,3.0,0,VIVIENDA,"IDEAL PARA INVERSORES: VENTA DE NUDA PROPIEDAD.NUDA PROPIEDAD. Grupo Retiro gestiona la venta de la nuda propiedad de una vivienda, valorada en 240.000 euros a cambio de un Pago Único de Capital de 138.600 €. Los usufructuarios, hombre de 82 años y mujer 80 años, continuarán utilizando el inmueble hasta su fallecimie",San Isidro,False,True,False,False,False,bare_ownership_or_usufruct,https://www.idealista.com/inmueble/105574658/
"Piso en calle del Puerto de Balbarán, Palomeras Bajas, Madrid",150000,57,2631.5789473684213,2.0,0,"VIVIENDA,PISO,OPORTUNIDAD","IMPORTANTE: VIVIENDA ALQUILADA CON DURACIÓN MÁXIMA DE 2 AÑOS - GRAN OPORTUNIDAD PARA INVERSORESDesde Wolo te traemos esta excelente oportunidad de inversión en el consolidado barrio de Palomeras Bajas, en Madrid. Este piso, actualmente alquilado, garantiza rentabilidad desde el primer día, convirtiéndose en una opció",Palomeras Bajas,False,False,False,False,True,tenant_or_rented,https://www.idealista.com/inmueble/107210699/
"Piso en calle de Dolores Barranco, Almendrales, Madrid",169000,60,2816.6666666666665,2.0,0,OPORTUNIDAD,"¡OPORTUNIDAD DE INMUEBLE SIN POSESIÓN, NO SE PUEDE VISITAR (NO TIENE FINANCIACIÓN), propio para inversores o vecinos que conozcan el inmueble.Disponemos de una amplia cartera de inmuebles sin posesión en Madrid y en toda España!Madrid es un municipio y una ciudad de España. La localidad, con categoría histórica de v",Almendrales,True,False,False,False,False,occupied_or_no_possession,https://www.idealista.com/inmueble/106185947/
"Piso en calle Besolla, Abrantes, Madrid",100200,98,1022.4489795918367,3.0,2,"PISO,OPORTUNIDAD","Oportunidad sólo para inversores. El activo se encuentra ocupado. Debido al estado ocupacional del activo, no se pueden realizar visitas al mismo. Piso de segunda mano en venta situado en la provincia de Madrid. Cuenta con una superficie de 99 m² distribuidos en 3 dormitorios, cocina, salón y 2 baños. Se localiza en la",Abrantes,True,False,False,False,False,occupied_or_no_possession,https://www.idealista.com/inmueble/104889226/
"Piso en San Isidro, Madrid",126000,86,1465.1162790697674,3.0,0,"VIVIENDA,EXCLUSIVA,INMOBILIARIA","VENTA DE LA NUDA PROPIEDAD, SOLO PARA INVERSORES.Inmobiliaria Eduardo Molet, pone en exclusiva la venta de la NUDA PROPIEDAD de esta magnífica vivienda ubicada en EL DISTRITO DE CARABANCHEL en el barrio de SAN ISIDRO.Sus actuales propietariosde 71 y 73 años, seguirán viviendo en este inmueble como usufructuarios ha",San Isidro,False,True,False,False,False,bare_ownership_or_usufruct,https://www.idealista.com/inmueble/103814757/
"Piso en Berruguete, Madrid",181000,73,2479.4520547945203,2.0,0,"VIVIENDA,PISO,EXCLUSIVA,FINCA,INMOBILIARIA,GARAJE,EXTERIOR","VENTA DE LA NUDA PROPIEDAD. SOLO INVERSORES. FANTASTICO PISO CON PLAZA DE GARAJEInmobiliaria Eduardo Molet, pone en exclusiva la venta de la NUDA PROPIEDAD de esta magnífica VIVIENDA EXTERIOR con PLAZA DE GARAJE ubicada en PASEO DE LA DIRECCION distrito BERRUGUETE, ubicada en buena finca construida en el año 1999 co",Berruguete,False,True,False,False,False,bare_ownership_or_usufruct,https://www.idealista.com/inmueble/105810900/
"Piso en calle Puerto de Maderi, San Diego, Madrid",219999,65,3384.6,2.0,0,"PISO,GARAJE","ALQUILER PROTEGIDO-REAL ESTATE pone a su disposición Excelente piso en venta con plaza de garaje incluido en el precio, segunda planta con ascensor.Piso actualmente alquilado ideal para inversoresEl piso de está distribuido de la siguiente forma:Salón - comedor independiente con gran ventanal y Aire Acondicio",San Diego,False,False,False,False,True,tenant_or_rented,https://www.idealista.com/inmueble/105062195/
"Piso en calle del Corregidor Alonso de Tobar, Fontarrón, Madrid",296000,89,3325.8426966292136,3.0,0,"PISO,REFORMADO","Estupendo piso REFORMADO en NUDA PROPIEDAD, ubicada en MORATALAZ.Los actuales propietarios tienen la edad de 97 y 99 años, seguirá viviendo en este inmueble como usufructuario.***************************SIN POSIBILIDAD DE VISITARLO*******************************El comprador que se haga con la NUDA PROPIEDAD de e",Fontarrón,False,True,False,False,False,bare_ownership_or_usufruct,https://www.idealista.com/inmueble/100975294/
"Piso en calle de Ilustración, Argüelles, Madrid",292900,133,2202.2556390977443,2.0,0,PISO,"LAS FOTOS DEL INMUEBLE SE ENVIARÁN POR PRIVADO¡Fantástica INVERSIÓN!Se vende la NUDA PROPIEDAD de este fantástico piso en Calle Ilustración, Madrid.La actual propietaria, señora de 70 años, conservará el derecho de uso y disfrute de la propiedad de por vida. La propiedad tiene un valor de mercado de 617.000€ y se a",Argüelles,False,True,False,False,False,bare_ownership_or_usufruct,https://www.idealista.com/inmueble/107084723/
"Piso en calle de Sambara, 79, Quintana, Madrid",195000,62,3145.1612903225805,2.0,1,"PISO,METRO,EXTERIOR,ABSTENERSE_AGENCIAS,SOLO_PARTICULARES","Piso bajo exterior, en metro Quintana, para INVERSIÓN, ya que es Nuda Propiedad, no admite hipotecas. Hay usufructuarios viviendo, por lo que no es visitable. Bien comunicado, 60m2 distribuidos en: un baño, cocina, salón y dos dormitorios.ABSTENERSE AGENCIAS.Entrada Totalmente accesible desde el portal de mármol, re",Quintana,False,True,False,False,False,bare_ownership_or_usufruct,https://www.idealista.com/inmueble/106601076/
"Piso en plaza Castillo de la Mota, Simancas, Madrid",145000,44,3295.4545454545455,2.0,0,"OPORTUNIDAD,INTERIOR","Oportunidad de inversión: inmueble sin posesión. Imposibilidad de visita interior, no se puede financiar la compra de este inmueble. Advertimos que la información contenida puede no estar actualizada, solicita más información sobre el activo sin compromiso.",Simancas,True,False,False,False,False,occupied_or_no_possession,https://www.idealista.com/inmueble/107114068/
"Piso en calle del Lago Iseo, 4, Casco Histórico de Vicálvaro, Madrid",101300,69,1468.1159420289855,1.0,1,"PISO,OPORTUNIDAD","Oportunidad sólo para inversores. El activo se encuentra ocupado. Debido al estado ocupacional del activo, no se pueden realizar visitas al mismo. Piso de segunda mano en venta situado en Madrid. Cuenta con una superficie de 69 m² distribuidos en dos dormitorios y un baño. Se localiza en edificio residencial sin ascens",Casco Histórico de Vicálvaro,True,False,False,False,False,occupied_or_no_possession,https://www.idealista.com/inmueble/104886247/
"Piso en calle del General Ricardos, Opañel, Madrid",265000,124,2137.0967741935483,3.0,0,"PISO,LUMINOSO,CASA,CALEFACCIÓN,EXTERIOR","LINKCASA SERVICIO INMOBILIARIO vende NUDA PROPIEDAD.SOLO INVERSORES, NO SE PUEDE HIPOTECARPiso EXTERIOR con muy buena distribución, luminoso y ventilación cruzada. Su orientación es Norte/Oeste.Calefacción individual con radiadores en todas las estancias, suelo de gres y tarima flotante.El piso tiene una su",Opañel,False,True,False,False,False,bare_ownership_or_usufruct,https://www.idealista.com/inmueble/105914682/
"Piso en calle Solana de Luche, Puerta del Ángel, Madrid",103000,76,1355.2631578947369,3.0,1,"PISO,TERRAZA,OPORTUNIDAD","INMUEBLE OCUPADO . ¡Gran oportunidad PARA INVERSORES en Puerta del Ángel!No cobramos comisión al comprador.Piso con terraza, superficie de 76 m2 con 3 dormitorios y 1 baño.El Inmueble se transmite ocupado por tercero no pudiendo hacer visitas físicas al inmueble. El precio ha sido determinado teniendo en cuenta que",Puerta del Ángel,True,False,False,False,False,occupied_or_no_possession,https://www.idealista.com/inmueble/107245947/
"Piso en calle de Sáhara, Los Rosales, Madrid",105500,55,1918.1818181818182,2.0,0,"PISO,EXCLUSIVA,INTERIOR","Inmueble sin posesión y sin acceso al interior. Las fotografías del interior y las características del activo, pueden no ajustarse al estado actual.NO COBRAMOS COMISIÓN DE INTERMEDIACIÓN AL COMPRADOR¡Tenemos en exclusiva un piso para ti!Disponemos de un piso en edificio residencial que puedes adquirir en propied",Los Rosales,True,False,False,False,False,occupied_or_no_possession,https://www.idealista.com/inmueble/106808037/
"Piso en calle Seis, Numancia, Madrid",225000,107,2102.803738317757,3.0,0,,Esta propiedad se encuentra alquilada. No se puede visitar. No apta para compradores que requieran financiación hipotecaria. El comprador se subrogara al contrato de alquiler vigente y a las condiciones indicadas en el contrato de alquiler vigente.La información proporcionada referente a la distribución y estructura,Numancia,False,False,False,False,True,tenant_or_rented,https://www.idealista.com/inmueble/105646480/
"Piso en calle de Benita López, Los Rosales, Madrid",74600,73,1021.917808219178,3.0,1,"VIVIENDA,OPORTUNIDAD","Oportunidad sólo para inversores. El activo se encuentra ocupado. Debido al estado ocupacional del activo, no se pueden realizar visitas al mismo.Vivienda, en bloque sin ascensor, situado en el barrio de Villaverde, en Madrid. Cuenta con 3 dormitorios y 1 baño. Tiene una superficie de 59 m³ y se encuentra cerca de la p",Los Rosales,True,False,False,False,False,occupied_or_no_possession,https://www.idealista.com/inmueble/104886249/
"Piso en calle de la Esperanza, Lavapiés-Embajadores, Madrid",188209,49,3841.0,2.0,0,VIVIENDA," Vivienda en el número 15 de la calle Esperanza, en Embajadores. Tiene una superficie construida aproximada de 39,60m2.   Es inherente a esta vivienda un altillo bajo cubierta en la proyección vertical de la buhardilla, con una superficie de unos 8m2.La viviendase encuentra en proceso de subasta, por lo que no tenemos",Embajadores,False,False,False,True,False,auction,https://www.idealista.com/inmueble/107205252/
"Piso en calle de Pedro Laborde, Portazgo, Madrid",140085,75,1867.8,2.0,0,OPORTUNIDAD,INMUEBLE NO VISITABLE… SE REQUIERE PAGO CON FONDOS PROPIOS DECLARADOS LA CESIÓN DE REMATE ES TU GRAN OPORTUNIDAD. Es el último paso de una subasta judicial donde el banco prefiere ceder la adjudicación a un tercero antes que sumarlo a su listado de inmuebles en su balance. Podrás comprar inmuebles al 60% de su valor y,Portazgo,False,False,False,True,False,auction,https://www.idealista.com/inmueble/107043310/
"Piso en calle de la Colonia Erillas, San Diego, Madrid",71600,62,1154.8387096774193,3.0,0,"VIVIENDA,PISO,EXCLUSIVA,OPORTUNIDAD","¿Busca la mejor oportunidad de inversión en el distrito de Puente de Vallecas, Madrid?Kalma presenta en exclusiva este encantador piso en modalidad de NUDA PROPIEDAD.Información del inmueble:- Ubicación: Distrito de Puente de Vallecas, Madrid.- Superficie: 62 m².- Conservación: La vivienda se encuentra en buen",San Diego,False,True,False,False,False,bare_ownership_or_usufruct,https://www.idealista.com/inmueble/106817573/
"Piso en plaza del Alcalde Moreno Torres, Sanchinarro, Madrid",232000,159,1459.119496855346,2.0,0,VIVIENDA,"IDEAL PARA INVERSORES: VENTA DE NUDA PROPIEDAD.NUDA PROPIEDAD. Grupo Retiro gestiona la venta de la nuda propiedad de una vivienda, valorada en 483.503, 19 € (Tasación TASVALOR Septiembre 2024) a cambio de un Pago Único de Capital de 232.000 €. Los usufructuarios, hombre de 69 años y mujer de 69 años, continuarán uti",Valdefuentes,False,True,False,False,False,bare_ownership_or_usufruct,https://www.idealista.com/inmueble/106463321/
"Estudio en calle del Amparo, 72, Lavapiés-Embajadores, Madrid",119000,24,4958.333333333333,,0,"REFORMADO,ESTUDIO","S. T Asesores, tiene el placer de ofrecer en venta este encantador estudio, TOTALMENTE REFORMADO, ubicado a escasos 15 minutos a pie de la Puerta del Sol.En este momento se encuentra con un contrato de alquiler vigente hasta Agosto de 2027, con una renta de 550 Euros, pagos demostrables.Se entrega completamente amueb",Embajadores,False,False,False,False,True,tenant_or_rented,https://www.idealista.com/inmueble/107211637/
"Piso en calle de Maqueda, 80, Aluche, Madrid",149000,62,2403.2258064516127,3.0,0,"VIVIENDA,INTERIOR",Vivienda ocupada. Imposibilidad de visita interior.,Aluche,True,False,False,False,False,occupied_or_no_possession,https://www.idealista.com/inmueble/107110223/
"Piso en Aravaca, Madrid",259000,77,3363.6363636363635,3.0,0,"VIVIENDA,EXCLUSIVA,OPORTUNIDAD","OPORTUNIDAD PARA INVERSORES.No se puede visitar el inmueble, ya que está en situación de ""sin posesión"", lo que impide su tasación oficial.Oportunidad para inversores, pero con la limitación de que no se puede hipotecar mientras continúe la situación.RICMAR ofrece en exclusiva vivienda en Aravaca, en segunda plan",Aravaca,True,False,False,False,False,occupied_or_no_possession,https://www.idealista.com/inmueble/107248445/
"Piso en calle Clara Campoamor, 49, Puerta Bonita, Madrid",106600,52,2050.0,1.0,0,"PISO,OPORTUNIDAD","NO TE COBRAMOS COMISION. Oportunidad sólo para inversores. El activo se encuentra ocupado por personas sin titulo en vigor, se trata de anteriores inquilinos que no pagas.Debido al estado ocupacional del activo, no se pueden realizar visitas al mismo.Piso de segunda mano en venta situado en Madrid capital, zona de C",Puerta Bonita,True,False,False,False,False,occupied_or_no_possession,https://www.idealista.com/inmueble/107125361/
"Piso en avenida de Europa, 32, Aravaca, Madrid",460000,80,5750.0,1.0,0,"PISO,TERRAZA,PISCINA,GARAJE,URBANIZACIÓN","Se vende Piso en urbanización Las Terrazas de Aravaca, actualmente alquilado, necesita actualización, frente a zonas comunes piscina, dispone de salón, cocina, baño y dormitorios, orientación este.vigilancia 24h.plaza de garaje incluida.",Aravaca,False,False,False,False,True,tenant_or_rented,https://www.idealista.com/inmueble/104231641/
"Piso en Cuzco-Castillejos, Madrid",850000,168,5059.523809523809,3.0,0,"VIVIENDA,OPORTUNIDAD,EXTERIOR","¡Magnifica oportunidad de inversión! vivienda actualmente alquilada.En un enclave privilegiado se encuentra esta magnífica vivienda situada en el barrio de Castilla, en el distrito de Chamartín, en una cuarta planta, prácticamente con todos los ambientes exteriores, gozando de excelente luz natural del día.La viv",Castillejos,False,False,False,False,True,tenant_or_rented,https://www.idealista.com/inmueble/105566519/
"Piso en paseo de la Castellana, Nueva España, Madrid",685000,120,5708.333333333333,3.0,0,VISTAS,BR Consulting presenta la venta en NUDA PROPIEDAD de esta magnífica propiedad de 120 m2 aproximadamente ubicada en una emblemática y privilegiada zona de Madrid en pleno Paseo de la Castellana con vistas a la Avda. Alberto de Alcocer.Sus actuales propietarios se reservan el USUFRUCTO VITALICIO aportando una renta men,Nueva España,False,True,False,False,False,bare_ownership_or_usufruct,https://www.idealista.com/inmueble/95999834/
"Piso en calle de Felisa Méndez, 12, San Diego, Madrid",145000,92,1576.0869565217392,3.0,2,"VIVIENDA,REFORMADO,PATIO,INTERIOR",INMUEBLE OCUPADO ILEGALMENTE. La vivienda se ha reformado en el año 2019 por completo.Dispone de un gran patio interior 3 habitaciones y dos baños.,San Diego,True,False,False,False,False,occupied_or_no_possession,https://www.idealista.com/inmueble/106970680/
"Piso en calle Pedro Yagüe, Comillas, Madrid",201115,78,2578.397435897436,2.0,1,"PISO,OPORTUNIDAD,METRO","OPORTUNIDAD INVERSORES, SIN POSESIÓN**Descripción de Piso en Madrid - Zona Comillas**Se ofrece en venta un encantador piso en la buscada zona de Comillas, Madrid. Con una superficie de 78 metros cuadrados, este inmueble cuenta con dos acogedoras habitaciones, un baño y una distribución que permite la optimización del",Comillas,True,False,False,False,False,occupied_or_no_possession,https://www.idealista.com/inmueble/107277923/
"Piso en calle de los Tejedores, 36, Amposta, Madrid",91000,56,1625.0,2.0,0,OPORTUNIDAD,"OPORTUNIDAD INMUEBLE SIN POSESIÓN, NO SE PUEDE VISITAR, PROPIO PARA INVERSORES O VECINOS QUE CONOZCAN EL INMUEBLE.Disponemos de una amplia cartera de inmuebles sin posesión en Madrid y en toda España, PROPIO PEQUEÑO Y GRAN INVERSOR.Madrid es un municipio y una ciudad de España.La localidad, con categoría histórica",Amposta,True,False,False,False,False,occupied_or_no_possession,https://www.idealista.com/inmueble/105603527/
"Piso en calle de Burgos, s/n, Berruguete, Madrid",140000,44,3181.818181818182,1.0,0,OPORTUNIDAD,"OPORTUNIDAD! INMUEBLE SIN POSESIÓN, NO SE PUEDE VISITAR, PROPIO PARA INVERSORES O VECINOS QUE CONOZCAN EL INMUEBLE.Disponemos de una amplia cartera de inmuebles sin posesión en Madrid y en toda España, PROPIO PEQUEÑO Y GRAN INVERSOR.Inmogestión. Inversión de activos inmobiliarios, compra-venta de locales en rentabil",Berruguete,True,False,False,False,False,occupied_or_no_possession,https://www.idealista.com/inmueble/107295852/
"Piso en calle Concepción de la Oliva, s/n, Butarque, Madrid",54000,54,1000.0,1.0,0,OPORTUNIDAD,"OPORTUNIDAD INMUEBLE SIN POSESIÓN, NO SE PUEDE VISITAR, PROPIO PARA INVERSORES O VECINOS QUE CONOZCAN EL INMUEBLE.Disponemos de una amplia cartera de inmuebles sin posesión en Madrid y en toda España, PROPIO PEQUEÑO Y GRAN INVERSOR.Madrid es un municipio y una ciudad de España.La localidad, con categoría histórica",Butarque,True,False,False,False,False,occupied_or_no_possession,https://www.idealista.com/inmueble/105751198/
"Piso en calle Sierra de Alquife, 30, San Diego, Madrid",55500,41,1353.658536585366,1.0,0,"PISO,OPORTUNIDAD","Oportunidad sólo para inversores. El activo se encuentra ocupado. Debido al estado ocupacional del activo, no se pueden realizar visitas al mismo. Piso de segunda mano en venta situado en Madrid, más concretamente el barrio Puentes de Vallecas. Cuenta con una superficie de 41 m² distribuidos en varias dependencias. Se",San Diego,True,False,False,False,False,occupied_or_no_possession,https://www.idealista.com/inmueble/106656820/
"Piso en Portazgo, Madrid",85000,38,2236.842105263158,1.0,0,OPORTUNIDAD,LEER ANTES DE LLAMAR. OPORTUNIDAD DE INVERSIÓN: El Inmueble se transmite ocupado por tercero sin título. No permite visitas físicas al inmueble. Dicha situación ha sido tenida en cuenta en la fijación del precio. NO ES FINANCIABLE MEDIANTE HIPOTECA. Dejemos un mensaje y le llamaremos.,Portazgo,True,False,False,False,False,occupied_or_no_possession,https://www.idealista.com/inmueble/104876589/
"Piso en calle de la Imagen, 32, San Diego, Madrid",78700,52,1513.4615384615386,1.0,0,,"*** OKUPADA, SE VENDE LA PROPIEDAD., NO L APOSESION.El inmueble se encuentra ocupado ilegalmente por terceros y sin los suministros debidamente contratados. El Inmueble se transmitirá: (i) como cuerpo cierto y a tanto alzado (ii) como un todo, inseparable (iii) en el estado registral y catastral en el que se encuentre",San Diego,True,False,False,False,False,occupied_or_no_possession,https://www.idealista.com/inmueble/107110790/
"Piso en calle de Goya, Goya, Madrid",695000,120,5791.666666666667,3.0,0,"PISO,LUMINOSO,CASA,GOYA","¡ ¡ ¡ ¡ N U D A P R O P I E D A D!DIZA consultores les presenta la venta de la NUDA PROPIEDAD de luminoso piso en calle Goya.La nuda propiedad es cuando alguien es dueño de un bien pero no puede usarlo ni vivir en él, porque otra persona tiene ese derecho. Por ejemplo, alguien puede comprar una casa, pero dejar que",Goya,False,True,False,False,False,bare_ownership_or_usufruct,https://www.idealista.com/inmueble/102907781/
"Piso en antonio ponz, 1, Pueblo Nuevo, Madrid",154000,55,2800.0,3.0,0,INTERIOR,"Actualmente, no es posible realizar visitas al interior del inmueble. Las fotografías pueden no reflejar el estado actual de la propiedad. El precio del inmueble ha sido fijado en atención a que el inmueble se adquiera por el comprador en estado de ocupado por lo que no aplicaría dicho precio si en el momento de formal",Pueblo Nuevo,True,False,False,False,False,occupied_or_no_possession,https://www.idealista.com/inmueble/97294882/
"Piso en San Pascual, Madrid",500000,75,6666.666666666667,2.0,1,"PISO,EXCLUSIVA,OPORTUNIDAD,METRO","Gilmar presenta en Exclusiva esta fantástica oportunidad de NUDA PROPIEDAD.Este acogedor piso de 75 m², te ofrece la comodidad de vivir a escasos metros de Arturo Soria Plaza. Con una excelente distribución, cuenta con una habitación individual de gran tamaño, una habitación doble y un baño, cocina independiente con g",San Pascual,False,True,False,False,False,bare_ownership_or_usufruct,https://www.idealista.com/inmueble/105569931/
"Piso en calle de Saavedra Fajardo, Puerta del Ángel, Madrid",388400,160,2427.5,4.0,0,VIVIENDA,"IDEAL PARA INVERSORES: VENTA DE NUDA PROPIEDAD.NUDA PROPIEDAD. Grupo Retiro gestiona la venta de la nuda propiedad de una vivienda, valorada en 675.000 € a cambio de un Pago Único de Capital de 388.400 €. La usufructuaria, mujer de 76 años, continuará utilizando el inmueble hasta su fallecimiento.DESCRIPCIÓN DEL IN",Puerta del Ángel,False,True,False,False,False,bare_ownership_or_usufruct,https://www.idealista.com/inmueble/106783229/
"Ático en calle Noray, 15, Alameda de Osuna, Madrid",340000,60,5666.666666666667,1.0,0,"TERRAZA,VISTAS,PISCINA,PARQUE,GARAJE,ELECTRODOMÉSTICOS","Garaje, trastero y terraza privada de 60 m2 con vistas a un parque.Comunidad con gimnasio y piscina.Cocina con electrodomésticos.Actualmente alquilada con contrato hasta 6 de enero de 2028. Renta actual 907,45€. Fianza 900€. Garantía 4.500€.Contacto: Ángel Sanz.",Alameda de Osuna,False,False,False,False,True,tenant_or_rented,https://www.idealista.com/inmueble/101719534/
"Piso en calle de las Delicias, Palos de la Frontera, Madrid",207000,45,4600.0,1.0,0,"PISO,EXCLUSIVA,INTERIOR","Inmueble sin posesión y sin acceso al interior. Las fotografías del interior y las características del activo, pueden no ajustarse al estado actual.NO COBRAMOS COMISIÓN DE INTERMEDIACIÓN AL COMPRADOR¡Tenemos en exclusiva un piso para ti! Disponemos de un piso en edificio residencial que puedes adquirir en propieda",Palos de la Frontera,True,False,False,False,False,occupied_or_no_possession,https://www.idealista.com/inmueble/106858413/
"Piso en calle de la Hacienda de Pavones, Fontarrón, Madrid",110000,75,1466.6666666666667,3.0,0,"VIVIENDA,PISO,HALL","¡LEER ANUNCIO!VIVIENDA OKUPADA, NO SE PUEDE VISITAR.¡NO SE PUEDE FINANCIAR! ¡COMPRA AL CONTADO! DESOCUPACION INCLUIDA EN EL PRECIO!LA AGENCIA DEL BARRIO vende estupendo piso de 75m2 construidos en Moratalaz, Fontarrón, Madrid.La vivienda se compone de un hall de entrada, salón comedor, cocina independiente, tre",Fontarrón,True,False,False,False,False,occupied_or_no_possession,https://www.idealista.com/inmueble/106751748/
"Piso en calle de Ciudad de Águilas, Marroquina, Madrid",260000,125,2080.0,3.0,0,"VIVIENDA,PISO,OPORTUNIDAD,HALL,PORTERO","¡OPORTUNIDAD PARA INVERSORES!VENTA DE CRÉDITO HIPOTECARIO (NPL).ACTIVO SIN POSESIÓN – OPERACIÓN NO HIPOTECABLE.NO SE PUEDE VISITARLA AGENCIA DEL BARRIO vende Piso de 125m2 en Marroquina, Moratalaz, Madrid.La vivienda se ubica en un residencial con portero. La vivienda consta de un hall de entrada, salón c",Marroquina,True,False,False,False,False,occupied_or_no_possession,https://www.idealista.com/inmueble/107246538/
"Piso en calle Otero, Guindalera, Madrid",369000,57,6473.684210526316,2.0,0,"VIVIENDA,PISO,REFORMADO,EXCLUSIVA,PARQUE","REDPISO PARQUE DE LAS AVENIDAS VENDE EN EXCLUSIVA estupendo piso actualmente ALQUILADO Y REFORMADO en la calle Otero. Se trata de una tercera planta sin ascensor (aprobada ya la instalación, de la que se hace cargo la propietaria) de 54m útiles de vivienda, situada junto a la zona comercial y zonas verdes del Parque de",Guindalera,False,False,False,False,True,tenant_or_rented,https://www.idealista.com/inmueble/106737913/
"Piso en calle de San Florencio, Numancia, Madrid",109400,64,1709.375,3.0,1,"PISO,OPORTUNIDAD","INMUEBLE OCUPADO. - ¡Oportunidad única PARA INVERSORES, estupendo piso en Puente de Vallecas! . No cobramos comisión al comprador.Si buscas una inversión segura en una de las zonas más demandadas de Madrid, ¡este piso es para ti!Distribución ideal: 3 dormitorios, salón, cocina independiente, 1 baño y tendedero.El",Numancia,True,False,False,False,False,occupied_or_no_possession,https://www.idealista.com/inmueble/107291569/
"Piso en La Paz, Madrid",161000,82,1963.4146341463415,3.0,0,"PISO,EXCLUSIVA,INMOBILIARIA,EXTERIOR","VENTA DE LA NUDA PROPIEDAD, SOLO PARA INVERSORESInmobiliaria Eduardo Molet pone en exclusiva la venta de la NUDA PROPIEDAD de un PRECIOSO PISO EXTERIOR CON TRES DORMITORIOS SITUADO EN NOVENA PLANTA, el actual propietario de 60 años mantendrá el usufructo vitalicio hasta el último de sus días.La propiedad admite facil",La Paz,False,True,False,False,False,bare_ownership_or_usufruct,https://www.idealista.com/inmueble/106922755/
"Piso en pasaje Enrique Velasco, 3, Numancia, Madrid",160000,61,2622.9508196721313,2.0,0,"PISO,OPORTUNIDAD,HOGAR","Piso con inquilino en proceso de deshaucio.Piso Excepcionalmente Conectado con Servicios a tu Alcance¡Bienvenido a tu futura inversión! Este magnífico piso, situado en Vallecas, es mucho más que una propiedad; es una oportunidad única de inversión. Con una ubicación estratégica y comodidades excepcionales, este hogar",Numancia,False,False,False,False,True,tenant_or_rented,https://www.idealista.com/inmueble/103153078/
"Piso en calle de Ocaña, Aluche, Madrid",117600,95,1237.8947368421052,4.0,0,"VIVIENDA,GARAJE","IDEAL PARA INVERSORES: VENTA DE NUDA PROPIEDAD.NUDA PROPIEDAD. Grupo Retiro gestiona la venta de la nuda propiedad de una vivienda y garaje, valoradas en 235.000 euros a cambio de un Pago Único de Capital de 117.600 €. La usufructuaria, mujer de 70 años, continuará utilizando el inmueble y el garaje hasta su fallecim",Aluche,False,True,False,False,False,bare_ownership_or_usufruct,https://www.idealista.com/inmueble/104803089/
"Piso en calle de Belzunegui, 12, Puerta Bonita, Madrid",74400,60,1240.0,3.0,0,"PISO,OPORTUNIDAD","Oportunidad sólo para inversores. El activo se encuentra ocupado sin titulo legal en vigor: se trata de un alquiler vencido. Debido al estado ocupacional del activo, no se pueden realizar visitas al mismo.Piso de segunda mano en venta situado en Madrid. Cuenta con una superficie de 60m² distribuidos en 3 dormitorios",Puerta Bonita,True,False,False,False,False,occupied_or_no_possession,https://www.idealista.com/inmueble/107109963/
"Piso en calle de Hortaleza, Chueca-Justicia, Madrid",998800,256,3901.5625,4.0,0,VIVIENDA,"¡IMPORTANTE, POR FAVOR LEER ATENTAMENTE!SOLO PARA INVERSORES, YA QUE NO SE PUEDE VIVIR NI OCUPAR LA VIVIENDA HASTA EL FALLECIMIENTO DEL USUFRUCTUARIO.NO ES POSIBLE PEDIR HIPOTECASe vende la NUDA PROPIEDAD de esta vivienda de 256 m2, valorada aproximadamente en 2.000. 000 euros, a cambio de un anticipo de 998.800 € y una renta vitalicia constante de 2.650 €/mes, es decir, hay que pagar una renta mensual por el mencionado importe, hasta que fallezca la persona que vive en ella (el usufructuario). La esperanza de vida estimada actualmente p",Justicia,False,True,False,False,False,bare_ownership_or_usufruct,https://www.idealista.com/inmueble/105095861/
"Piso en calle Monteleón, 7, Malasaña-Universidad, Madrid",390000,45,8666.666666666666,2.0,0,"PISO,APARTAMENTO,AMUEBLADA,PATIO,EXTERIOR,INTERIOR","Precioso piso exterior en la calle Monte León 7, planta 2ª, Malasaña.Sin gastos de agencia. Se vende con inquilino.Estupendo apartamento de 45 m2 construidos (unos 35 útiles). Dos dormitorios individuales con ventanas a los patios interiores, salón con bonito balcón a la calle, baño con ducha, cocina amueblada y e",Universidad,False,False,False,False,True,tenant_or_rented,https://www.idealista.com/inmueble/106667761/
"Piso en El Viso, Madrid",399000,93,4290.322580645161,2.0,0,"VIVIENDA,EXCLUSIVA,INMOBILIARIA","VENTA DE LA NUDA PROPIEDAD. SOLO INVERSORESInmobiliaria Eduardo Molet, pone en exclusiva la venta de la NUDA PROPIEDAD de esta magnífica vivienda ubicada en la Glorieta de López de Hoyos.Su actual propietaria de 76 años, seguirá viviendo en este inmueble como usufructuaria hasta el final de sus días. El comprador",El Viso,False,True,False,False,False,bare_ownership_or_usufruct,https://www.idealista.com/inmueble/105914274/
"Chalet adosado en calle Ascensión Bielsa, Numancia, Madrid",170000,90,1888.888888888889,2.0,0,"VIVIENDA,OPORTUNIDAD,REFORMADA,CASA",Vivienda unifamiliar recién reformadaNo se cobra comisión al comprador.Vivienda se vende con contrato de alquiler con inquilinos al corriente de pago.Renta mensual 848 euros.Vencimiento del contrato agosto de 2028.No se pagan gastos de comunidad de propietarios.¡Descubre la oportunidad perfecta de inversión en esta encantadora casa adosada! Ubicada,Numancia,False,False,False,False,True,tenant_or_rented,https://www.idealista.com/inmueble/106257913/
"Piso en Pau de Carabanchel, Madrid",149000,36,4138.888888888889,1.0,0,"VIVIENDA,OPORTUNIDAD","VENTA DE NUDA PROPIEDAD – INVERSIÓN SEGURA Y RENTABLETe presentamos una oportunidad única de inversión en una de las mejores zonas de Madrid. Se vende la nuda propiedad de esta magnífica vivienda, mientras el actual propietario (70 años) continuará disfrutando del inmueble de por vida.Ubicada en un residencial excl",Buenavista,False,True,False,False,False,bare_ownership_or_usufruct,https://www.idealista.com/inmueble/107252559/
"Piso en Zofío, Madrid",145000,80,1812.5,2.0,0,"OPORTUNIDAD,INTERIOR","Oportunidad de inversión: inmueble sin posesión.Imposibilidad de visita interior, no se puede financiar la compra de este inmueble.Advertimos que la información contenida puede no estar actualizada, solicita más información sobre el activo sin compromiso.Investment opportunity: housing without possession.Imposs",Zofío,True,False,False,False,False,occupied_or_no_possession,https://www.idealista.com/inmueble/107056867/
"Piso en calle de Benimamet, 105, San Cristóbal, Madrid",80000,65,1230.7692307692307,3.0,0,PISO,"***SE VENDE PISO OCUPADO ILEGALMENTE. NO HYA CONTRATO EN VIGOR. TE VENDEMOS LA PROPIEDAD Y EL COMPRADOR TIENE QUE CONSEGUIR LA POSESION (LLAVES) PACÍFICAMENTE O POR EL JUZGADO, LO QUE CORRESPONDA.NO HAY COMISION DE AGENCIA/ NO SE PUEDE VISITAR NI PEDIR HIPOTECAinmueble se encuentra ocupado ilegalmente por terceros.",San Cristóbal,True,False,False,False,False,occupied_or_no_possession,https://www.idealista.com/inmueble/105373236/
"Piso en calle Peña de Oroel, 4, Casco Histórico de Vallecas, Madrid",98200,50,1964.0,2.0,0,,"*** OKUPADA, SE VENDE LA PROPIEDAD., NO L APOSESION.El inmueble se encuentra ocupado ilegalmente por terceros y sin los suministros debidamente contratados. El Inmueble se transmitirá: (i) como cuerpo cierto y a tanto alzado (ii) como un todo, inseparable (iii) en el estado registral y catastral en el que se encuentr",Casco Histórico de Vallecas,True,False,False,False,False,occupied_or_no_possession,https://www.idealista.com/inmueble/107100740/
"Piso en calle de la Alfalfa, 30, Valdeacederas, Madrid",240000,51,4705.882352941177,1.0,1,"APARTAMENTO,PATIO,ELECTRODOMÉSTICOS,INTERIOR","Alquila Mejor ofrece este Apartamento amueblado de 51 m2: Dormitorio principal con vestidor, salón comedor con cocina integrada con electrodomésticos, un baño, y un magnífico patio de casi 50 m2.ESTE APARTAMENTO ESTÁ ACTUALMENTE ALQUILADO.Carpintería interior en madera acabado roble y suelos de cerámica, carpinterí",Valdeacederas,False,False,False,False,True,tenant_or_rented,https://www.idealista.com/inmueble/107282801/
"Piso en calle de Jorge Juan, Goya, Madrid",539000,121,4454.545454545455,3.0,0,"PISO,EXCLUSIVA,INMOBILIARIA,GOYA","REDPISO GOYA VENDE NUDA PROPIEDAD. SOLO INVERSORESREDPISO GOYA SALAMANCA, presenta en exclusiva la venta de la NUDA PROPIEDAD de una joya inmobiliaria que no puedes dejar pasar. La actual propietaria de 67 años, se reserva el USUFRUCTO VITALICIO hasta el último de sus días. Ubicado en una ZONA PRIVILEGIADA, este inmu",Goya,False,True,False,False,False,bare_ownership_or_usufruct,https://www.idealista.com/inmueble/106785405/
"Piso en calle de Mestanza, 11, Entrevías, Madrid",105000,80,1312.5,3.0,0,"VIVIENDA,EXCLUSIVO,OPORTUNIDAD,APARTAMENTO","Oportunidad de inversión: pendiente de Posesión. INMUEBLE SIN POSESIÓN. No se puede visitar. Producto exclusivo para Profesionales Inmobiliarios. Fantástico apartamento de 80.0 m² en MADRID es ideal para quienes buscan comodidad y amplitud en una ubicación privilegiada. Con 56.05 m² útiles, esta vivienda ofrece un ampl",Entrevías,True,False,False,False,False,occupied_or_no_possession,https://www.idealista.com/inmueble/101600585/
"Piso en calle Ontanilla, Abrantes, Madrid",304500,103,2956.3106796116504,4.0,0,OPORTUNIDAD,"Oportunidad inmueble sin posesión, no se puede visitar. Propio para inversores o vecinos que conozcan el inmueble.Disponemos de una amplia cartera de inmuebles sin posesión en madrid y en toda españa.Propio, pequeño y gran inversor.Madrid es un municipio y una ciudad de españa. La localidad, con categoría histórica",Abrantes,True,False,False,False,False,occupied_or_no_possession,https://www.idealista.com/inmueble/107046913/
"Piso en calle de Rávena, Arcos, Madrid",300000,84,3571.4285714285716,3.0,0,OPORTUNIDAD,INMUEBLE NO VISITABLE… SE REQUIERE PAGO CON FONDOS PROPIOS DECLARADOS LA CESIÓN DE REMATE ES TU GRAN OPORTUNIDAD. Es el último paso de una subasta judicial donde el banco prefiere ceder la adjudicación a un tercero antes que sumarlo a su listado de inmuebles en su balance. Podrás comprar inmuebles al 60% de su valor y,Arcos,False,False,False,True,False,auction,https://www.idealista.com/inmueble/106895700/
"Piso en calle Emilio Raboso, San Diego, Madrid",52400,27,1940.7407407407406,1.0,0,"VIVIENDA,PISO,OPORTUNIDAD","Oportunidad sólo para inversores. El activo se encuentra ocupado por persona sin justo título. Debido al estado ocupacional del activo, no se pueden realizar visitas al mismo.Piso de segunda mano en venta en Madrid.Se trata de un piso de 28 m² distribuidos en varias estancias. La vivienda se sitúa en el núcleo de la po",San Diego,True,False,False,False,False,occupied_or_no_possession,https://www.idealista.com/inmueble/104891274/
"Piso en calle de José Arcones Gil, Pueblo Nuevo, Madrid",147200,96,1533.3333333333333,3.0,0,VIVIENDA,"IDEAL PARA INVERSORES: VENTA DE NUDA PROPIEDAD.Grupo Retiro gestiona la venta de la nuda propiedad de una vivienda valorada en 340.000 euros a cambio de un Anticipo de Capital de 80.000€ y una renta mensual de 425 €/mes durante 12 años. Los usufructuarios, hombre de 65 años y mujer de 66 años, continuarán utilizando",Pueblo Nuevo,False,True,False,False,False,bare_ownership_or_usufruct,https://www.idealista.com/inmueble/104003205/
"Piso en calle de la Puebla, Malasaña-Universidad, Madrid",375000,83,4518.0722891566265,3.0,0,"VIVIENDA,INMOBILIARIA,CASA,METRO,ESTUDIO","Agencia inmobiliaria de Madrid - Tecnocasa Consulting Estudio Tribunal Centro S. L. vende NUDA PROPIEDAD de magnifica vivienda en el centro de Madrid, a escasos metros de la famosa calle GRAN VÍA, en el corazón del icónico barrio de Malasaña.La propiedad es una persona de 91 años de edad.Se trata de una segunda pla",Universidad,False,True,False,False,False,bare_ownership_or_usufruct,https://www.idealista.com/inmueble/106343112/
"Dúplex en calle de Gallur, Los Cármenes, Madrid",112000,80,1400.0,3.0,0,"PISO,EXCLUSIVA,OPORTUNIDAD,CASA,INTERIOR","Inmueble sin posesión y sin acceso al interior. Las fotografías del interior y las características del activo, pueden no ajustarse al estado actual. ¿Deseas convertir la casa de tus sueños en una realidad?¡Esta es tu oportunidad!Les ofrecemos en exclusiva este piso en edificio residencial que puedes adquirir en pr",Los Cármenes,True,False,False,False,False,occupied_or_no_possession,https://www.idealista.com/inmueble/106410513/
"Piso en calle del Campo de la Paloma, Palomeras sureste, Madrid",136150,60,2269.1666666666665,2.0,0,OPORTUNIDAD,IMUEBLE NO VISITABLE… SE REQUIERE PAGO CON FONDOS PROPIOS DECLARADOS LA CESIÓN DE REMATE ES TU GRAN OPORTUNIDAD. Es el último paso de una subasta judicial donde el banco prefiere ceder la adjudicación a un tercero antes que sumarlo a su listado de inmuebles en su balance. Podrás comprar inmuebles al 60% de su valor y r,Palomeras Sureste,False,False,False,True,False,auction,https://www.idealista.com/inmueble/106717202/
"Piso en calle Tomelloso, Almendrales, Madrid",141100,82,1720.7317073170732,1.0,0,"PISO,OPORTUNIDAD","Oportunidad sólo para inversores. El activo se encuentra ocupado por persona sin justo título. Debido al estado ocupacional del activo, no se pueden realizar visitas al mismo.Piso de segunda mano en venta en Madrid.Construido en 1960, tiene una superficie de 82 m² distribuidos en diversas dependencias.Se localiza en la",Almendrales,True,False,False,False,False,occupied_or_no_possession,https://www.idealista.com/inmueble/104913438/
"Piso en calle Puebla de Sanabria, Villaverde Alto, Madrid",119700,110,1088.1818181818182,3.0,0,PISO,"¡Fantástica INVERSIÓN!Se vende la NUDA PROPIEDAD de este fantástico piso en Calle Puebla de Sanabria, Madrid.La actual propietaria, señora de 73 años, conservará el derecho de uso y disfrute de la propiedad de por vida. La propiedad tiene un valor de mercado de 232.000€ y se aplica un 48% de descuento sobre ese valor",Villaverde Alto - Casco Histórico de Villaverde,False,True,False,False,False,bare_ownership_or_usufruct,https://www.idealista.com/inmueble/106965725/
"Piso en calle de Ángel Múgica, Tres Olivos - Valverde, Madrid",230000,53,4339.622641509434,2.0,0,"VIVIENDA,METRO","**IDEAL INVERSORES** VIVIENDA ACTUALMENTE ALQUILADA. NO SE PUEDE VISITARAcogedora y luminosa vivienda en un entorno tranquilo rodeado de zonas verdes.A doscientos metros de la estación de metro Begoña (L10) y parada de autobús en la puertaCuarta planta sin ascensor, encontramos esta vivienda de 53 m2, distribuido",Valverde,False,False,False,False,True,tenant_or_rented,https://www.idealista.com/inmueble/106376880/
"Piso en calle de Valmojado, Aluche, Madrid",198000,73,2712.328767123288,2.0,0,,Esta propiedad se encuentra alquilada. No se puede visitar. No apta para compradores que requieran financiación hipotecaria. El comprador se subrogara al contrato de alquiler vigente y a las condiciones indicadas en el contrato de alquiler vigente.La información proporcionada referente a la distribución y estructura,Aluche,False,False,False,False,True,tenant_or_rented,https://www.idealista.com/inmueble/106568077/
"Piso en calle de Gregorio Ortiz, 13, Villaverde Alto, Madrid",70900,81,875.3086419753087,1.0,0,OPORTUNIDAD,"******Oportunidad sólo para inversores. El activo se encuentra ocupado sin título legal en vigor: se trata de un alquiler vencido. Debido al estado ocupacional del activo, no se pueden realizar visitas al mismo.El inmueble se transmite arrendado a tercero y con un posible derecho de éste a la adquisición preferente d",Villaverde Alto - Casco Histórico de Villaverde,True,False,False,False,False,occupied_or_no_possession,https://www.idealista.com/inmueble/107243733/
"Piso en calle de Albino Hernández Lázaro, 32, Villaverde Alto, Madrid",125000,58,2155.1724137931033,2.0,0,"VIVIENDA,INTERIOR","¡NO SE PUEDE VISITAR!INMUEBLE HABITADO Y SIN POSESIÓN. DESCONOCEMOS EL ESTADO INTERIOR.Vivienda situada en el distrito de Villaverde. Consta de distribuidor, cocina, baño, salón comedor y 2 habitaciones.No dude en contactar con nosotros para conseguir un inmueble por debajo de su precio de mercado.",Villaverde Alto - Casco Histórico de Villaverde,True,False,False,False,False,occupied_or_no_possession,https://www.idealista.com/inmueble/107205631/
"Piso en calle de Carabelos, 35, San Fermín, Madrid",107200,48,2233.3333333333335,3.0,0,"PISO,OPORTUNIDAD","NO TE COBRAMOS COMISION. Oportunidad sólo para inversores. El activo se encuentra ocupado por personas sin titulo en vigor, se trata de anteriores inquilinos que no pagas.Debido al estado ocupacional del activo, no se pueden realizar visitas al mismo.Piso de segunda mano en venta situado en Madrid capital, zona de U",San Fermín,True,False,False,False,False,occupied_or_no_possession,https://www.idealista.com/inmueble/107112475/
