zone_key,neighborhood_name,district_name,has_real_estate_data,price_estimate_available,coverage_status,total_listings,eligible_listings,excluded_listings,eligible_percentage,excluded_percentage,market_share_percentage,num_listings,price_eur_mean,price_eur_median,price_eur_q1,price_eur_q3,price_eur_iqr,price_eur_min,price_eur_max,price_m2_mean,price_m2_median,price_m2_q1,price_m2_q3,price_m2_iqr,price_m2_std,price_m2_relative_iqr_percentage,price_m2_median_ci_low,price_m2_median_ci_high,price_m2_median_ci_width,price_m2_median_ci_relative_width_percentage,price_m2_median_bootstrap_se,bootstrap_sample_size,bootstrap_iterations,bootstrap_confidence_level,bootstrap_status,area_m2_mean,area_m2_median,area_m2_q1,area_m2_q3,area_m2_iqr,area_m2_min,area_m2_max,rooms_mean,rooms_median,rooms_known_count,rooms_unknown_count,rooms_coverage_percentage,bathrooms_mean,bathrooms_median,bathrooms_known_count,bathrooms_unknown_count,bathrooms_coverage_percentage,elevator_ratio,elevator_percentage,elevator_known_count,elevator_unknown_count,elevator_coverage_percentage,exterior_ratio,exterior_percentage,exterior_known_count,exterior_unknown_count,exterior_coverage_percentage,sample_size_score,ci_precision_score,price_homogeneity_score,price_reliability_score,price_reliability_level,price_reliability_reason,market_scope,price_type,source_snapshot_date_status,registered_price_m2_total_2025,registered_price_m2_new_2025,registered_price_m2_used_2025,registered_index_madrid_total_2025,registered_index_madrid_new_2025,registered_index_madrid_used_2025,registered_index_type_total_2025,registered_index_type_new_2025,registered_index_type_used_2025,registered_price_available,registered_new_price_available,registered_used_price_available,reference_year,price_unit,price_statistic,housing_market_scope,source_publisher,source_origin,source_series_code,minimum_cases_to_publish_neighborhood,source_coverage_2025_percentage,kaggle_asking_price_available,kaggle_features_available,kaggle_sample_reliability_score,kaggle_sample_reliability_level,price_m2_for_recommender,price_m2_for_recommender_source,housing_data_availability_status,registered_minus_kaggle_eur_m2,registered_vs_kaggle_gap_percentage,registered_to_kaggle_price_ratio,destination_id,neighborhood_name_transit,district_name_transit,destination_name,service_date,evening_route_status,morning_route_status,morning_start_datetime,morning_end_datetime,morning_transit_modes,morning_routes_used,morning_agencies_used,morning_duration_minutes,morning_walk_time_minutes,morning_waiting_time_minutes,morning_walk_distance_meters,morning_number_of_transfers,evening_start_datetime,evening_end_datetime,evening_transit_modes,evening_routes_used,evening_agencies_used,evening_duration_minutes,evening_walk_time_minutes,evening_waiting_time_minutes,evening_walk_distance_meters,evening_number_of_transfers,commute_daily_minutes,commute_daily_walk_minutes,commute_daily_waiting_minutes,commute_daily_transfers,no_route_scenarios,route_status,route_available,route_missing_reason,usable_for_pareto_knn,model_readiness_status
MAD-011,Palacio,Centro,True,True,available,308,297,11,96.43,3.57,2.67,297,771118.19,540000.0,349000.0,886000.0,537000.0,150000.0,15000000.0,7003.76,6614.32,5789.47,7480.0,1690.53,2142.05,25.56,6462.96,6898.15,435.19,6.58,113.14,297,2000,0.95,calculated,104.48,90.0,50.0,140.0,90.0,25.0,666.0,2.32,2.0,280,17,94.28,1.68,2.0,59,238,19.87,0.7162,71.62,296,1,99.66,0.7306,73.06,297,0,100.0,94.44,91.27,74.21,88.12,high,La estimación presenta una estabilidad alta en comparación con el resto de barrios.,residential_sale,asking_price,unknown,6895.15,6421.28,6954.58,130.45,127.37,130.39,100,93.13,100.86,True,True,True,2025,EUR_per_m2,mean_declared_transaction_price,residential_sales,Ayuntamiento de Madrid,Colegio de Registradores de España,504020100060,15,97.7,True,True,88.12,high,6895.15,registered_transactions_2025,official_price_and_kaggle_features,280.8299999999999,4.245787926801242,1.0424578792680124,DEST_001,Palacio,Centro,Puerta del Sol,2026-07-29,no_route,no_route,,,,,,,,,,,,,,,,,,,,,,,,,2,no_route,False,no_hay_ruta_en_ningun_sentido,False,ruta_incompleta
MAD-011,Palacio,Centro,True,True,available,308,297,11,96.43,3.57,2.67,297,771118.19,540000.0,349000.0,886000.0,537000.0,150000.0,15000000.0,7003.76,6614.32,5789.47,7480.0,1690.53,2142.05,25.56,6462.96,6898.15,435.19,6.58,113.14,297,2000,0.95,calculated,104.48,90.0,50.0,140.0,90.0,25.0,666.0,2.32,2.0,280,17,94.28,1.68,2.0,59,238,19.87,0.7162,71.62,296,1,99.66,0.7306,73.06,297,0,100.0,94.44,91.27,74.21,88.12,high,La estimación presenta una estabilidad alta en comparación con el resto de barrios.,residential_sale,asking_price,unknown,6895.15,6421.28,6954.58,130.45,127.37,130.39,100,93.13,100.86,True,True,True,2025,EUR_per_m2,mean_declared_transaction_price,residential_sales,Ayuntamiento de Madrid,Colegio de Registradores de España,504020100060,15,97.7,True,True,88.12,high,6895.15,registered_transactions_2025,official_price_and_kaggle_features,280.8299999999999,4.245787926801242,1.0424578792680124,DEST_002,Palacio,Centro,Nuevos Ministerios,2026-07-29,success,success,2026-07-29T07:51:00+02:00,2026-07-29T08:51:33+02:00,BUS,C1,Información oficial: Consorcio Regional de Transportes de Madrid,60.55,10.633333333333333,13.0,707.85,1.0,2026-07-29T18:00:00+02:00,2026-07-29T18:51:57+02:00,BUS,147,Información oficial: Consorcio Regional de Transportes de Madrid,51.95,21.35,7.0,1545.31,0.0,112.5,31.98333333333333,20.0,1.0,0,complete_route,True,,True,usable
MAD-011,Palacio,Centro,True,True,available,308,297,11,96.43,3.57,2.67,297,771118.19,540000.0,349000.0,886000.0,537000.0,150000.0,15000000.0,7003.76,6614.32,5789.47,7480.0,1690.53,2142.05,25.56,6462.96,6898.15,435.19,6.58,113.14,297,2000,0.95,calculated,104.48,90.0,50.0,140.0,90.0,25.0,666.0,2.32,2.0,280,17,94.28,1.68,2.0,59,238,19.87,0.7162,71.62,296,1,99.66,0.7306,73.06,297,0,100.0,94.44,91.27,74.21,88.12,high,La estimación presenta una estabilidad alta en comparación con el resto de barrios.,residential_sale,asking_price,unknown,6895.15,6421.28,6954.58,130.45,127.37,130.39,100,93.13,100.86,True,True,True,2025,EUR_per_m2,mean_declared_transaction_price,residential_sales,Ayuntamiento de Madrid,Colegio de Registradores de España,504020100060,15,97.7,True,True,88.12,high,6895.15,registered_transactions_2025,official_price_and_kaggle_features,280.8299999999999,4.245787926801242,1.0424578792680124,DEST_003,Palacio,Centro,UC3M Campus de Leganés,2026-07-29,success,success,2026-07-29T07:38:00+02:00,2026-07-29T08:56:51+02:00,BUS,39|482,Información oficial: Consorcio Regional de Transportes de Madrid|Consorcio Regional de Transportes de Madrid,78.85,32.65,11.066666666666666,2306.94,1.0,2026-07-29T18:00:58+02:00,2026-07-29T19:23:49+02:00,BUS,493|138,Consorcio Regional de Transportes de Madrid|Información oficial: Consorcio Regional de Transportes de Madrid,82.85,17.266666666666666,12.0,1257.27,1.0,161.7,49.91666666666666,23.066666666666663,2.0,0,complete_route,True,,True,usable
MAD-012,Embajadores,Centro,True,True,available,366,349,17,95.36,4.64,3.14,349,415116.23,310000.0,198500.0,549000.0,350500.0,79900.0,2950000.0,5748.8,5566.67,4729.06,6666.67,1937.6,1553.56,34.81,5333.33,5714.29,380.95,6.84,109.9,349,2000,0.95,calculated,75.71,59.0,38.0,100.0,62.0,11.0,273.0,2.21,2.0,299,50,85.67,1.43,1.0,67,282,19.2,0.5318,53.18,346,3,99.14,0.5777,57.77,341,8,97.71,96.83,88.89,30.16,76.98,high,La estimación presenta una estabilidad alta en comparación con el resto de barrios.,residential_sale,asking_price,unknown,6054.75,6153.41,6044.57,114.55,122.06,113.33,100,101.63,99.83,True,True,True,2025,EUR_per_m2,mean_declared_transaction_price,residential_sales,Ayuntamiento de Madrid,Colegio de Registradores de España,504020100060,15,97.7,True,True,76.98,high,6054.75,registered_transactions_2025,official_price_and_kaggle_features,488.0799999999999,8.767898941377878,1.0876789894137788,DEST_001,Embajadores,Centro,Puerta del Sol,2026-07-29,no_route,no_route,,,,,,,,,,,,,,,,,,,,,,,,,2,no_route,False,no_hay_ruta_en_ningun_sentido,False,ruta_incompleta
MAD-012,Embajadores,Centro,True,True,available,366,349,17,95.36,4.64,3.14,349,415116.23,310000.0,198500.0,549000.0,350500.0,79900.0,2950000.0,5748.8,5566.67,4729.06,6666.67,1937.6,1553.56,34.81,5333.33,5714.29,380.95,6.84,109.9,349,2000,0.95,calculated,75.71,59.0,38.0,100.0,62.0,11.0,273.0,2.21,2.0,299,50,85.67,1.43,1.0,67,282,19.2,0.5318,53.18,346,3,99.14,0.5777,57.77,341,8,97.71,96.83,88.89,30.16,76.98,high,La estimación presenta una estabilidad alta en comparación con el resto de barrios.,residential_sale,asking_price,unknown,6054.75,6153.41,6044.57,114.55,122.06,113.33,100,101.63,99.83,True,True,True,2025,EUR_per_m2,mean_declared_transaction_price,residential_sales,Ayuntamiento de Madrid,Colegio de Registradores de España,504020100060,15,97.7,True,True,76.98,high,6054.75,registered_transactions_2025,official_price_and_kaggle_features,488.0799999999999,8.767898941377878,1.0876789894137788,DEST_002,Embajadores,Centro,Nuevos Ministerios,2026-07-29,success,success,2026-07-29T07:58:00+02:00,2026-07-29T08:49:26+02:00,BUS,27,Información oficial: Consorcio Regional de Transportes de Madrid,51.43333333333333,13.7,5.0,969.01,0.0,2026-07-29T18:00:00+02:00,2026-07-29T18:45:13+02:00,BUS,27,Información oficial: Consorcio Regional de Transportes de Madrid,45.21666666666667,8.633333333333333,7.0,616.35,0.0,96.65,22.33333333333333,12.0,0.0,0,complete_route,True,,True,usable
MAD-012,Embajadores,Centro,True,True,available,366,349,17,95.36,4.64,3.14,349,415116.23,310000.0,198500.0,549000.0,350500.0,79900.0,2950000.0,5748.8,5566.67,4729.06,6666.67,1937.6,1553.56,34.81,5333.33,5714.29,380.95,6.84,109.9,349,2000,0.95,calculated,75.71,59.0,38.0,100.0,62.0,11.0,273.0,2.21,2.0,299,50,85.67,1.43,1.0,67,282,19.2,0.5318,53.18,346,3,99.14,0.5777,57.77,341,8,97.71,96.83,88.89,30.16,76.98,high,La estimación presenta una estabilidad alta en comparación con el resto de barrios.,residential_sale,asking_price,unknown,6054.75,6153.41,6044.57,114.55,122.06,113.33,100,101.63,99.83,True,True,True,2025,EUR_per_m2,mean_declared_transaction_price,residential_sales,Ayuntamiento de Madrid,Colegio de Registradores de España,504020100060,15,97.7,True,True,76.98,high,6054.75,registered_transactions_2025,official_price_and_kaggle_features,488.0799999999999,8.767898941377878,1.0876789894137788,DEST_003,Embajadores,Centro,UC3M Campus de Leganés,2026-07-29,success,success,2026-07-29T07:46:00+02:00,2026-07-29T08:56:51+02:00,BUS,E1|482,Información oficial: Consorcio Regional de Transportes de Madrid|Consorcio Regional de Transportes de Madrid,70.85,14.05,12.1,1017.18,1.0,2026-07-29T18:00:58+02:00,2026-07-29T19:16:38+02:00,BUS,493|34,Consorcio Regional de Transportes de Madrid|Información oficial: Consorcio Regional de Transportes de Madrid,75.66666666666667,13.533333333333331,10.0,999.35,1.0,146.51666666666665,27.58333333333333,22.1,2.0,0,complete_route,True,,True,usable
MAD-013,Cortes,Centro,True,True,available,177,173,4,97.74,2.26,1.56,173,1137456.01,800000.0,550000.0,1589000.0,1039000.0,185000.0,5200000.0,8157.5,7755.56,6321.84,9900.0,3578.16,2517.31,46.14,7460.09,8309.52,849.43,10.95,222.32,173,2000,0.95,calculated,136.1,114.0,77.0,161.0,84.0,20.0,565.0,2.61,2.0,171,2,98.84,2.16,2.0,32,141,18.5,0.7457,74.57,173,0,100.0,0.8294,82.94,170,3,98.27,90.48,68.25,6.35,60.56,medium,La estimación presenta una estabilidad intermedia en comparación con el resto de barrios.,residential_sale,asking_price,unknown,7246.75,,7246.75,137.1,,135.87,100,,100.0,True,False,True,2025,EUR_per_m2,mean_declared_transaction_price,residential_sales,Ayuntamiento de Madrid,Colegio de Registradores de España,504020100060,15,97.7,True,True,60.56,medium,7246.75,registered_transactions_2025,official_price_and_kaggle_features,-508.8100000000004,-6.560583632903367,0.9343941636709664,DEST_001,Cortes,Centro,Puerta del Sol,2026-07-29,no_route,no_route,,,,,,,,,,,,,,,,,,,,,,,,,2,no_route,False,no_hay_ruta_en_ningun_sentido,False,ruta_incompleta
MAD-013,Cortes,Centro,True,True,available,177,173,4,97.74,2.26,1.56,173,1137456.01,800000.0,550000.0,1589000.0,1039000.0,185000.0,5200000.0,8157.5,7755.56,6321.84,9900.0,3578.16,2517.31,46.14,7460.09,8309.52,849.43,10.95,222.32,173,2000,0.95,calculated,136.1,114.0,77.0,161.0,84.0,20.0,565.0,2.61,2.0,171,2,98.84,2.16,2.0,32,141,18.5,0.7457,74.57,173,0,100.0,0.8294,82.94,170,3,98.27,90.48,68.25,6.35,60.56,medium,La estimación presenta una estabilidad intermedia en comparación con el resto de barrios.,residential_sale,asking_price,unknown,7246.75,,7246.75,137.1,,135.87,100,,100.0,True,False,True,2025,EUR_per_m2,mean_declared_transaction_price,residential_sales,Ayuntamiento de Madrid,Colegio de Registradores de España,504020100060,15,97.7,True,True,60.56,medium,7246.75,registered_transactions_2025,official_price_and_kaggle_features,-508.8100000000004,-6.560583632903367,0.9343941636709664,DEST_002,Cortes,Centro,Nuevos Ministerios,2026-07-29,success,success,2026-07-29T08:06:00+02:00,2026-07-29T08:49:21+02:00,BUS,14,Información oficial: Consorcio Regional de Transportes de Madrid,43.35,12.466666666666669,8.0,790.59,0.0,2026-07-29T18:00:00+02:00,2026-07-29T18:35:21+02:00,BUS,27,Información oficial: Consorcio Regional de Transportes de Madrid,35.35,6.766666666666667,7.0,492.28,0.0,78.7,19.23333333333333,15.0,0.0,0,complete_route,True,,True,usable
MAD-013,Cortes,Centro,True,True,available,177,173,4,97.74,2.26,1.56,173,1137456.01,800000.0,550000.0,1589000.0,1039000.0,185000.0,5200000.0,8157.5,7755.56,6321.84,9900.0,3578.16,2517.31,46.14,7460.09,8309.52,849.43,10.95,222.32,173,2000,0.95,calculated,136.1,114.0,77.0,161.0,84.0,20.0,565.0,2.61,2.0,171,2,98.84,2.16,2.0,32,141,18.5,0.7457,74.57,173,0,100.0,0.8294,82.94,170,3,98.27,90.48,68.25,6.35,60.56,medium,La estimación presenta una estabilidad intermedia en comparación con el resto de barrios.,residential_sale,asking_price,unknown,7246.75,,7246.75,137.1,,135.87,100,,100.0,True,False,True,2025,EUR_per_m2,mean_declared_transaction_price,residential_sales,Ayuntamiento de Madrid,Colegio de Registradores de España,504020100060,15,97.7,True,True,60.56,medium,7246.75,registered_transactions_2025,official_price_and_kaggle_features,-508.8100000000004,-6.560583632903367,0.9343941636709664,DEST_003,Cortes,Centro,UC3M Campus de Leganés,2026-07-29,success,success,2026-07-29T07:42:00+02:00,2026-07-29T08:56:51+02:00,BUS,E1|482,Información oficial: Consorcio Regional de Transportes de Madrid|Consorcio Regional de Transportes de Madrid,74.85,16.633333333333333,12.416666666666666,1194.67,1.0,2026-07-29T18:00:58+02:00,2026-07-29T19:21:38+02:00,BUS,480|E1,Consorcio Regional de Transportes de Madrid|Información oficial: Consorcio Regional de Transportes de Madrid,80.66666666666667,16.283333333333335,13.0,1177.08,1.0,155.51666666666665,32.91666666666667,25.416666666666664,2.0,0,complete_route,True,,True,usable
MAD-014,Justicia,Centro,True,True,available,277,273,4,98.56,1.44,2.46,273,1362072.53,1079000.0,750000.0,1800000.0,1050000.0,169000.0,4890000.0,9295.85,9076.92,7613.64,10714.29,3100.65,2497.12,34.16,8500.0,9318.18,818.18,9.01,244.53,273,2000,0.95,calculated,143.25,128.0,94.0,177.0,83.0,28.0,489.0,2.75,3.0,269,4,98.53,2.03,2.0,68,205,24.91,0.8498,84.98,273,0,100.0,0.8529,85.29,272,1,99.63,93.65,81.75,33.33,73.81,medium,La estimación presenta una estabilidad intermedia en comparación con el resto de barrios.,residential_sale,asking_price,unknown,9541.9,9505.61,9544.48,180.52,188.55,178.95,100,99.62,100.03,True,True,True,2025,EUR_per_m2,mean_declared_transaction_price,residential_sales,Ayuntamiento de Madrid,Colegio de Registradores de España,504020100060,15,97.7,True,True,73.81,medium,9541.9,registered_transactions_2025,official_price_and_kaggle_features,464.9799999999996,5.122662753444996,1.05122662753445,DEST_001,Justicia,Centro,Puerta del Sol,2026-07-29,no_route,no_route,,,,,,,,,,,,,,,,,,,,,,,,,2,no_route,False,no_hay_ruta_en_ningun_sentido,False,ruta_incompleta
MAD-014,Justicia,Centro,True,True,available,277,273,4,98.56,1.44,2.46,273,1362072.53,1079000.0,750000.0,1800000.0,1050000.0,169000.0,4890000.0,9295.85,9076.92,7613.64,10714.29,3100.65,2497.12,34.16,8500.0,9318.18,818.18,9.01,244.53,273,2000,0.95,calculated,143.25,128.0,94.0,177.0,83.0,28.0,489.0,2.75,3.0,269,4,98.53,2.03,2.0,68,205,24.91,0.8498,84.98,273,0,100.0,0.8529,85.29,272,1,99.63,93.65,81.75,33.33,73.81,medium,La estimación presenta una estabilidad intermedia en comparación con el resto de barrios.,residential_sale,asking_price,unknown,9541.9,9505.61,9544.48,180.52,188.55,178.95,100,99.62,100.03,True,True,True,2025,EUR_per_m2,mean_declared_transaction_price,residential_sales,Ayuntamiento de Madrid,Colegio de Registradores de España,504020100060,15,97.7,True,True,73.81,medium,9541.9,registered_transactions_2025,official_price_and_kaggle_features,464.9799999999996,5.122662753444996,1.05122662753445,DEST_002,Justicia,Centro,Nuevos Ministerios,2026-07-29,success,success,2026-07-29T08:22:00+02:00,2026-07-29T08:59:45+02:00,BUS,14,Información oficial: Consorcio Regional de Transportes de Madrid,37.75,12.983333333333333,8.0,762.46,0.0,2026-07-29T18:00:00+02:00,2026-07-29T18:31:51+02:00,BUS,27,Información oficial: Consorcio Regional de Transportes de Madrid,31.85,9.45,7.0,616.6600000000001,0.0,69.6,22.43333333333333,15.0,0.0,0,complete_route,True,,True,usable
MAD-014,Justicia,Centro,True,True,available,277,273,4,98.56,1.44,2.46,273,1362072.53,1079000.0,750000.0,1800000.0,1050000.0,169000.0,4890000.0,9295.85,9076.92,7613.64,10714.29,3100.65,2497.12,34.16,8500.0,9318.18,818.18,9.01,244.53,273,2000,0.95,calculated,143.25,128.0,94.0,177.0,83.0,28.0,489.0,2.75,3.0,269,4,98.53,2.03,2.0,68,205,24.91,0.8498,84.98,273,0,100.0,0.8529,85.29,272,1,99.63,93.65,81.75,33.33,73.81,medium,La estimación presenta una estabilidad intermedia en comparación con el resto de barrios.,residential_sale,asking_price,unknown,9541.9,9505.61,9544.48,180.52,188.55,178.95,100,99.62,100.03,True,True,True,2025,EUR_per_m2,mean_declared_transaction_price,residential_sales,Ayuntamiento de Madrid,Colegio de Registradores de España,504020100060,15,97.7,True,True,73.81,medium,9541.9,registered_transactions_2025,official_price_and_kaggle_features,464.9799999999996,5.122662753444996,1.05122662753445,DEST_003,Justicia,Centro,UC3M Campus de Leganés,2026-07-29,success,success,2026-07-29T07:36:00+02:00,2026-07-29T08:56:51+02:00,BUS,E1|482,Información oficial: Consorcio Regional de Transportes de Madrid|Consorcio Regional de Transportes de Madrid,80.85,15.233333333333333,12.833333333333334,1058.2,1.0,2026-07-29T18:00:58+02:00,2026-07-29T19:25:11+02:00,BUS,480|E1,Consorcio Regional de Transportes de Madrid|Información oficial: Consorcio Regional de Transportes de Madrid,84.21666666666667,15.483333333333333,13.0,1080.12,1.0,165.06666666666666,30.716666666666665,25.833333333333336,2.0,0,complete_route,True,,True,usable
MAD-015,Universidad,Centro,True,True,available,451,439,12,97.34,2.66,3.95,439,797022.99,690000.0,372000.0,1039000.0,667000.0,136000.0,3700000.0,7782.57,7571.43,6435.64,8923.24,2487.6,2291.9,32.86,7363.64,7720.76,357.12,4.72,82.75,439,2000,0.95,calculated,102.33,94.0,56.5,130.0,73.5,15.0,460.0,2.56,2.0,405,34,92.26,1.76,2.0,96,343,21.87,0.6819,68.19,437,2,99.54,0.7609,76.09,435,4,99.09,98.41,97.62,41.27,83.81,high,La estimación presenta una estabilidad alta en comparación con el resto de barrios.,residential_sale,asking_price,unknown,7135.43,6682.45,7149.96,134.99,132.55,134.06,100,93.65,100.2,True,True,True,2025,EUR_per_m2,mean_declared_transaction_price,residential_sales,Ayuntamiento de Madrid,Colegio de Registradores de España,504020100060,15,97.7,True,True,83.81,high,7135.43,registered_transactions_2025,official_price_and_kaggle_features,-436.0,-5.758489479530287,0.9424151052046972,DEST_001,Universidad,Centro,Puerta del Sol,2026-07-29,no_route,no_route,,,,,,,,,,,,,,,,,,,,,,,,,2,no_route,False,no_hay_ruta_en_ningun_sentido,False,ruta_incompleta
MAD-015,Universidad,Centro,True,True,available,451,439,12,97.34,2.66,3.95,439,797022.99,690000.0,372000.0,1039000.0,667000.0,136000.0,3700000.0,7782.57,7571.43,6435.64,8923.24,2487.6,2291.9,32.86,7363.64,7720.76,357.12,4.72,82.75,439,2000,0.95,calculated,102.33,94.0,56.5,130.0,73.5,15.0,460.0,2.56,2.0,405,34,92.26,1.76,2.0,96,343,21.87,0.6819,68.19,437,2,99.54,0.7609,76.09,435,4,99.09,98.41,97.62,41.27,83.81,high,La estimación presenta una estabilidad alta en comparación con el resto de barrios.,residential_sale,asking_price,unknown,7135.43,6682.45,7149.96,134.99,132.55,134.06,100,93.65,100.2,True,True,True,2025,EUR_per_m2,mean_declared_transaction_price,residential_sales,Ayuntamiento de Madrid,Colegio de Registradores de España,504020100060,15,97.7,True,True,83.81,high,7135.43,registered_transactions_2025,official_price_and_kaggle_features,-436.0,-5.758489479530287,0.9424151052046972,DEST_002,Universidad,Centro,Nuevos Ministerios,2026-07-29,success,success,2026-07-29T08:13:00+02:00,2026-07-29T08:47:59+02:00,BUS,147,Información oficial: Consorcio Regional de Transportes de Madrid,34.983333333333334,9.233333333333333,7.0,594.23,0.0,2026-07-29T18:00:00+02:00,2026-07-29T18:31:14+02:00,BUS,147,Información oficial: Consorcio Regional de Transportes de Madrid,31.23333333333333,4.283333333333333,7.0,264.86,0.0,66.21666666666667,13.516666666666666,14.0,0.0,0,complete_route,True,,True,usable
MAD-015,Universidad,Centro,True,True,available,451,439,12,97.34,2.66,3.95,439,797022.99,690000.0,372000.0,1039000.0,667000.0,136000.0,3700000.0,7782.57,7571.43,6435.64,8923.24,2487.6,2291.9,32.86,7363.64,7720.76,357.12,4.72,82.75,439,2000,0.95,calculated,102.33,94.0,56.5,130.0,73.5,15.0,460.0,2.56,2.0,405,34,92.26,1.76,2.0,96,343,21.87,0.6819,68.19,437,2,99.54,0.7609,76.09,435,4,99.09,98.41,97.62,41.27,83.81,high,La estimación presenta una estabilidad alta en comparación con el resto de barrios.,residential_sale,asking_price,unknown,7135.43,6682.45,7149.96,134.99,132.55,134.06,100,93.65,100.2,True,True,True,2025,EUR_per_m2,mean_declared_transaction_price,residential_sales,Ayuntamiento de Madrid,Colegio de Registradores de España,504020100060,15,97.7,True,True,83.81,high,7135.43,registered_transactions_2025,official_price_and_kaggle_features,-436.0,-5.758489479530287,0.9424151052046972,DEST_003,Universidad,Centro,UC3M Campus de Leganés,2026-07-29,success,success,2026-07-29T07:35:00+02:00,2026-07-29T08:56:51+02:00,BUS,39|482,Información oficial: Consorcio Regional de Transportes de Madrid|Consorcio Regional de Transportes de Madrid,81.85,30.65,11.95,2174.29,1.0,2026-07-29T18:00:58+02:00,2026-07-29T19:31:54+02:00,BUS,493|486|25,Consorcio Regional de Transportes de Madrid|Información oficial: Consorcio Regional de Transportes de Madrid,90.93333333333334,22.366666666666667,17.85,1727.24,2.0,172.78333333333333,53.016666666666666,29.8,3.0,0,complete_route,True,,True,usable
MAD-016,Sol,Centro,True,True,available,311,310,1,99.68,0.32,2.79,310,1019518.23,892000.0,678750.0,1119000.0,440250.0,260000.0,5500000.0,8139.55,8037.53,6580.04,9025.57,2445.52,2381.54,30.43,7811.88,8205.36,393.48,4.9,126.42,310,2000,0.95,calculated,127.0,112.0,85.0,142.75,57.75,30.0,560.0,2.7,2.0,302,8,97.42,2.05,2.0,93,217,30.0,0.6731,67.31,309,1,99.68,0.8706,87.06,309,1,99.68,96.03,96.83,53.97,85.83,high,La estimación presenta una estabilidad alta en comparación con el resto de barrios.,residential_sale,asking_price,unknown,7696.61,,7726.49,145.61,,144.86,100,,100.39,True,False,True,2025,EUR_per_m2,mean_declared_transaction_price,residential_sales,Ayuntamiento de Madrid,Colegio de Registradores de España,504020100060,15,97.7,True,True,85.83,high,7696.61,registered_transactions_2025,official_price_and_kaggle_features,-340.9200000000001,-4.241601586557065,0.9575839841344294,DEST_001,Sol,Centro,Puerta del Sol,2026-07-29,no_route,no_route,,,,,,,,,,,,,,,,,,,,,,,,,2,no_route,False,no_hay_ruta_en_ningun_sentido,False,ruta_incompleta
MAD-016,Sol,Centro,True,True,available,311,310,1,99.68,0.32,2.79,310,1019518.23,892000.0,678750.0,1119000.0,440250.0,260000.0,5500000.0,8139.55,8037.53,6580.04,9025.57,2445.52,2381.54,30.43,7811.88,8205.36,393.48,4.9,126.42,310,2000,0.95,calculated,127.0,112.0,85.0,142.75,57.75,30.0,560.0,2.7,2.0,302,8,97.42,2.05,2.0,93,217,30.0,0.6731,67.31,309,1,99.68,0.8706,87.06,309,1,99.68,96.03,96.83,53.97,85.83,high,La estimación presenta una estabilidad alta en comparación con el resto de barrios.,residential_sale,asking_price,unknown,7696.61,,7726.49,145.61,,144.86,100,,100.39,True,False,True,2025,EUR_per_m2,mean_declared_transaction_price,residential_sales,Ayuntamiento de Madrid,Colegio de Registradores de España,504020100060,15,97.7,True,True,85.83,high,7696.61,registered_transactions_2025,official_price_and_kaggle_features,-340.9200000000001,-4.241601586557065,0.9575839841344294,DEST_002,Sol,Centro,Nuevos Ministerios,2026-07-29,success,success,2026-07-29T08:08:00+02:00,2026-07-29T08:50:43+02:00,BUS,147,Información oficial: Consorcio Regional de Transportes de Madrid,42.71666666666667,13.05,7.0,954.04,0.0,2026-07-29T18:00:00+02:00,2026-07-29T18:37:55+02:00,BUS,150,Información oficial: Consorcio Regional de Transportes de Madrid,37.91666666666666,9.85,10.0,688.4200000000001,0.0,80.63333333333333,22.9,17.0,0.0,0,complete_route,True,,True,usable
MAD-016,Sol,Centro,True,True,available,311,310,1,99.68,0.32,2.79,310,1019518.23,892000.0,678750.0,1119000.0,440250.0,260000.0,5500000.0,8139.55,8037.53,6580.04,9025.57,2445.52,2381.54,30.43,7811.88,8205.36,393.48,4.9,126.42,310,2000,0.95,calculated,127.0,112.0,85.0,142.75,57.75,30.0,560.0,2.7,2.0,302,8,97.42,2.05,2.0,93,217,30.0,0.6731,67.31,309,1,99.68,0.8706,87.06,309,1,99.68,96.03,96.83,53.97,85.83,high,La estimación presenta una estabilidad alta en comparación con el resto de barrios.,residential_sale,asking_price,unknown,7696.61,,7726.49,145.61,,144.86,100,,100.39,True,False,True,2025,EUR_per_m2,mean_declared_transaction_price,residential_sales,Ayuntamiento de Madrid,Colegio de Registradores de España,504020100060,15,97.7,True,True,85.83,high,7696.61,registered_transactions_2025,official_price_and_kaggle_features,-340.9200000000001,-4.241601586557065,0.9575839841344294,DEST_003,Sol,Centro,UC3M Campus de Leganés,2026-07-29,success,success,2026-07-29T07:34:00+02:00,2026-07-29T08:56:51+02:00,BUS,27|E1|482,Información oficial: Consorcio Regional de Transportes de Madrid|Consorcio Regional de Transportes de Madrid,82.85,15.666666666666666,18.466666666666665,1118.1999999999998,2.0,2026-07-29T18:03:27+02:00,2026-07-29T19:21:19+02:00,BUS,485|484|35,Consorcio Regional de Transportes de Madrid|Información oficial: Consorcio Regional de Transportes de Madrid,77.86666666666666,10.916666666666666,13.483333333333333,812.07,2.0,160.71666666666664,26.58333333333333,31.95,4.0,0,complete_route,True,,True,usable
MAD-021,Imperial,Arganzuela,True,True,available,73,71,2,97.26,2.74,0.64,71,552415.49,515000.0,377000.0,699950.0,322950.0,168800.0,1257000.0,5807.42,5588.24,4756.76,6536.43,1779.68,1358.43,31.85,5443.04,5808.82,365.79,6.55,107.93,71,2000,0.95,calculated,96.25,107.0,62.5,128.0,65.5,37.0,190.0,2.62,3.0,71,0,100.0,1.82,2.0,11,60,15.49,0.8571,85.71,70,1,98.59,0.8,80.0,70,1,98.59,56.35,92.06,47.22,68.35,medium,La estimación presenta una estabilidad intermedia en comparación con el resto de barrios.,residential_sale,asking_price,unknown,5855.12,6010.51,5776.45,110.77,119.22,108.3,100,102.65,98.66,True,True,True,2025,EUR_per_m2,mean_declared_transaction_price,residential_sales,Ayuntamiento de Madrid,Colegio de Registradores de España,504020100060,15,97.7,True,True,68.35,medium,5855.12,registered_transactions_2025,official_price_and_kaggle_features,266.8800000000001,4.775743346742447,1.0477574334674244,DEST_001,Imperial,Arganzuela,Puerta del Sol,2026-07-29,success,success,2026-07-29T08:28:00+02:00,2026-07-29T08:59:15+02:00,BUS,17,Información oficial: Consorcio Regional de Transportes de Madrid,31.25,12.183333333333334,10.0,853.3699999999999,0.0,2026-07-29T18:00:00+02:00,2026-07-29T18:29:32+02:00,BUS,17,Información oficial: Consorcio Regional de Transportes de Madrid,29.53333333333333,11.7,10.0,845.0999999999999,0.0,60.78333333333333,23.883333333333333,20.0,0.0,0,complete_route,True,,True,usable
MAD-021,Imperial,Arganzuela,True,True,available,73,71,2,97.26,2.74,0.64,71,552415.49,515000.0,377000.0,699950.0,322950.0,168800.0,1257000.0,5807.42,5588.24,4756.76,6536.43,1779.68,1358.43,31.85,5443.04,5808.82,365.79,6.55,107.93,71,2000,0.95,calculated,96.25,107.0,62.5,128.0,65.5,37.0,190.0,2.62,3.0,71,0,100.0,1.82,2.0,11,60,15.49,0.8571,85.71,70,1,98.59,0.8,80.0,70,1,98.59,56.35,92.06,47.22,68.35,medium,La estimación presenta una estabilidad intermedia en comparación con el resto de barrios.,residential_sale,asking_price,unknown,5855.12,6010.51,5776.45,110.77,119.22,108.3,100,102.65,98.66,True,True,True,2025,EUR_per_m2,mean_declared_transaction_price,residential_sales,Ayuntamiento de Madrid,Colegio de Registradores de España,504020100060,15,97.7,True,True,68.35,medium,5855.12,registered_transactions_2025,official_price_and_kaggle_features,266.8800000000001,4.775743346742447,1.0477574334674244,DEST_002,Imperial,Arganzuela,Nuevos Ministerios,2026-07-29,success,success,2026-07-29T07:40:00+02:00,2026-07-29T08:43:33+02:00,BUS,C1,Información oficial: Consorcio Regional de Transportes de Madrid,63.55,9.416666666666666,13.0,647.75,1.0,2026-07-29T18:00:00+02:00,2026-07-29T19:04:35+02:00,BUS,27,Información oficial: Consorcio Regional de Transportes de Madrid,64.58333333333333,26.066666666666663,7.0,1741.52,0.0,128.13333333333333,35.48333333333333,20.0,1.0,0,complete_route,True,,True,usable
MAD-021,Imperial,Arganzuela,True,True,available,73,71,2,97.26,2.74,0.64,71,552415.49,515000.0,377000.0,699950.0,322950.0,168800.0,1257000.0,5807.42,5588.24,4756.76,6536.43,1779.68,1358.43,31.85,5443.04,5808.82,365.79,6.55,107.93,71,2000,0.95,calculated,96.25,107.0,62.5,128.0,65.5,37.0,190.0,2.62,3.0,71,0,100.0,1.82,2.0,11,60,15.49,0.8571,85.71,70,1,98.59,0.8,80.0,70,1,98.59,56.35,92.06,47.22,68.35,medium,La estimación presenta una estabilidad intermedia en comparación con el resto de barrios.,residential_sale,asking_price,unknown,5855.12,6010.51,5776.45,110.77,119.22,108.3,100,102.65,98.66,True,True,True,2025,EUR_per_m2,mean_declared_transaction_price,residential_sales,Ayuntamiento de Madrid,Colegio de Registradores de España,504020100060,15,97.7,True,True,68.35,medium,5855.12,registered_transactions_2025,official_price_and_kaggle_features,266.8800000000001,4.775743346742447,1.0477574334674244,DEST_003,Imperial,Arganzuela,UC3M Campus de Leganés,2026-07-29,success,success,2026-07-29T07:46:00+02:00,2026-07-29T08:56:51+02:00,BUS,34|482,Información oficial: Consorcio Regional de Transportes de Madrid|Consorcio Regional de Transportes de Madrid,70.85,15.05,10.55,1020.38,1.0,2026-07-29T18:00:58+02:00,2026-07-29T19:14:57+02:00,BUS,493|34,Consorcio Regional de Transportes de Madrid|Información oficial: Consorcio Regional de Transportes de Madrid,73.98333333333333,19.266666666666666,10.0,1346.08,1.0,144.83333333333331,34.31666666666666,20.55,2.0,0,complete_route,True,,True,usable
MAD-022,Acacias,Arganzuela,True,True,available,67,66,1,98.51,1.49,0.59,66,400937.86,399500.0,213500.0,490000.0,276500.0,108000.0,1000000.0,6121.14,6020.38,5282.58,7200.0,1917.42,1362.98,31.85,5357.14,6282.05,924.91,15.36,281.15,66,2000,0.95,calculated,71.56,63.0,35.0,86.25,51.25,12.0,280.0,2.25,2.0,52,14,78.79,1.75,2.0,12,54,18.18,0.7344,73.44,64,2,96.97,0.6562,65.62,64,2,96.97,50.79,45.24,47.22,47.68,low,La estimación debe interpretarse con precaución por el tamaño de la muestra o la variabilidad de los precios.,residential_sale,asking_price,unknown,5736.45,,5740.58,108.53,,107.63,100,,100.07,True,False,True,2025,EUR_per_m2,mean_declared_transaction_price,residential_sales,Ayuntamiento de Madrid,Colegio de Registradores de España,504020100060,15,97.7,True,True,47.68,low,5736.45,registered_transactions_2025,official_price_and_kaggle_features,-283.9300000000003,-4.716147485706887,0.9528385251429312,DEST_001,Acacias,Arganzuela,Puerta del Sol,2026-07-29,success,success,2026-07-29T08:26:00+02:00,2026-07-29T08:59:08+02:00,BUS,23,Información oficial: Consorcio Regional de Transportes de Madrid,33.13333333333333,19.35,7.0,1429.65,0.0,2026-07-29T18:00:00+02:00,2026-07-29T18:36:58+02:00,BUS,23,Información oficial: Consorcio Regional de Transportes de Madrid,36.96666666666667,20.133333333333333,9.0,1457.25,0.0,70.1,39.48333333333333,16.0,0.0,0,complete_route,True,,True,usable
MAD-022,Acacias,Arganzuela,True,True,available,67,66,1,98.51,1.49,0.59,66,400937.86,399500.0,213500.0,490000.0,276500.0,108000.0,1000000.0,6121.14,6020.38,5282.58,7200.0,1917.42,1362.98,31.85,5357.14,6282.05,924.91,15.36,281.15,66,2000,0.95,calculated,71.56,63.0,35.0,86.25,51.25,12.0,280.0,2.25,2.0,52,14,78.79,1.75,2.0,12,54,18.18,0.7344,73.44,64,2,96.97,0.6562,65.62,64,2,96.97,50.79,45.24,47.22,47.68,low,La estimación debe interpretarse con precaución por el tamaño de la muestra o la variabilidad de los precios.,residential_sale,asking_price,unknown,5736.45,,5740.58,108.53,,107.63,100,,100.07,True,False,True,2025,EUR_per_m2,mean_declared_transaction_price,residential_sales,Ayuntamiento de Madrid,Colegio de Registradores de España,504020100060,15,97.7,True,True,47.68,low,5736.45,registered_transactions_2025,official_price_and_kaggle_features,-283.9300000000003,-4.716147485706887,0.9528385251429312,DEST_002,Acacias,Arganzuela,Nuevos Ministerios,2026-07-29,success,success,2026-07-29T07:48:00+02:00,2026-07-29T08:49:42+02:00,BUS,27,Información oficial: Consorcio Regional de Transportes de Madrid,61.7,21.03333333333333,5.0,1426.73,0.0,2026-07-29T18:00:00+02:00,2026-07-29T18:55:01+02:00,BUS,27,Información oficial: Consorcio Regional de Transportes de Madrid,55.016666666666666,16.5,7.0,1087.27,0.0,116.71666666666668,37.53333333333333,12.0,0.0,0,complete_route,True,,True,usable
MAD-022,Acacias,Arganzuela,True,True,available,67,66,1,98.51,1.49,0.59,66,400937.86,399500.0,213500.0,490000.0,276500.0,108000.0,1000000.0,6121.14,6020.38,5282.58,7200.0,1917.42,1362.98,31.85,5357.14,6282.05,924.91,15.36,281.15,66,2000,0.95,calculated,71.56,63.0,35.0,86.25,51.25,12.0,280.0,2.25,2.0,52,14,78.79,1.75,2.0,12,54,18.18,0.7344,73.44,64,2,96.97,0.6562,65.62,64,2,96.97,50.79,45.24,47.22,47.68,low,La estimación debe interpretarse con precaución por el tamaño de la muestra o la variabilidad de los precios.,residential_sale,asking_price,unknown,5736.45,,5740.58,108.53,,107.63,100,,100.07,True,False,True,2025,EUR_per_m2,mean_declared_transaction_price,residential_sales,Ayuntamiento de Madrid,Colegio de Registradores de España,504020100060,15,97.7,True,True,47.68,low,5736.45,registered_transactions_2025,official_price_and_kaggle_features,-283.9300000000003,-4.716147485706887,0.9528385251429312,DEST_003,Acacias,Arganzuela,UC3M Campus de Leganés,2026-07-29,success,success,2026-07-29T07:49:00+02:00,2026-07-29T08:56:51+02:00,BUS,34|482,Información oficial: Consorcio Regional de Transportes de Madrid|Consorcio Regional de Transportes de Madrid,67.85,11.383333333333333,10.166666666666666,800.6899999999999,1.0,2026-07-29T18:00:58+02:00,2026-07-29T19:10:46+02:00,BUS,480,Consorcio Regional de Transportes de Madrid,69.8,35.93333333333333,0.0,2647.25,0.0,137.64999999999998,47.31666666666666,10.166666666666666,1.0,0,complete_route,True,,True,usable
MAD-023,Chopera,Arganzuela,True,True,available,35,34,1,97.14,2.86,0.31,34,420111.47,399950.0,332500.0,509000.0,176500.0,180000.0,749900.0,5168.28,5165.79,4795.05,5528.2,733.15,652.15,14.19,4865.02,5415.78,550.76,10.66,141.68,34,2000,0.95,calculated,80.97,79.0,63.25,94.0,30.75,35.0,139.0,2.47,2.0,34,0,100.0,1.29,1.0,7,27,20.59,1.0,100.0,34,0,100.0,0.8235,82.35,34,0,100.0,28.57,71.43,97.62,62.98,medium,La estimación presenta una estabilidad intermedia en comparación con el resto de barrios.,residential_sale,asking_price,unknown,5473.88,,5468.01,103.56,,102.52,100,,99.89,True,False,True,2025,EUR_per_m2,mean_declared_transaction_price,residential_sales,Ayuntamiento de Madrid,Colegio de Registradores de España,504020100060,15,97.7,True,True,62.98,medium,5473.88,registered_transactions_2025,official_price_and_kaggle_features,308.09000000000015,5.964044221696975,1.0596404422169698,DEST_001,Chopera,Arganzuela,Puerta del Sol,2026-07-29,success,success,2026-07-29T08:22:00+02:00,2026-07-29T08:59:16+02:00,BUS,6,Información oficial: Consorcio Regional de Transportes de Madrid,37.266666666666666,10.416666666666666,9.0,762.06,0.0,2026-07-29T18:00:00+02:00,2026-07-29T18:42:41+02:00,BUS,6,Información oficial: Consorcio Regional de Transportes de Madrid,42.68333333333333,16.316666666666666,9.0,1211.94,0.0,79.94999999999999,26.73333333333333,18.0,0.0,0,complete_route,True,,True,usable
MAD-023,Chopera,Arganzuela,True,True,available,35,34,1,97.14,2.86,0.31,34,420111.47,399950.0,332500.0,509000.0,176500.0,180000.0,749900.0,5168.28,5165.79,4795.05,5528.2,733.15,652.15,14.19,4865.02,5415.78,550.76,10.66,141.68,34,2000,0.95,calculated,80.97,79.0,63.25,94.0,30.75,35.0,139.0,2.47,2.0,34,0,100.0,1.29,1.0,7,27,20.59,1.0,100.0,34,0,100.0,0.8235,82.35,34,0,100.0,28.57,71.43,97.62,62.98,medium,La estimación presenta una estabilidad intermedia en comparación con el resto de barrios.,residential_sale,asking_price,unknown,5473.88,,5468.01,103.56,,102.52,100,,99.89,True,False,True,2025,EUR_per_m2,mean_declared_transaction_price,residential_sales,Ayuntamiento de Madrid,Colegio de Registradores de España,504020100060,15,97.7,True,True,62.98,medium,5473.88,registered_transactions_2025,official_price_and_kaggle_features,308.09000000000015,5.964044221696975,1.0596404422169698,DEST_002,Chopera,Arganzuela,Nuevos Ministerios,2026-07-29,success,success,2026-07-29T07:52:00+02:00,2026-07-29T08:51:43+02:00,BUS,45,Información oficial: Consorcio Regional de Transportes de Madrid,59.71666666666667,21.116666666666667,9.0,1458.52,0.0,2026-07-29T18:00:00+02:00,2026-07-29T18:58:31+02:00,BUS,27,Información oficial: Consorcio Regional de Transportes de Madrid,58.516666666666666,21.933333333333334,7.0,1594.95,0.0,118.23333333333332,43.05,16.0,0.0,0,complete_route,True,,True,usable
MAD-023,Chopera,Arganzuela,True,True,available,35,34,1,97.14,2.86,0.31,34,420111.47,399950.0,332500.0,509000.0,176500.0,180000.0,749900.0,5168.28,5165.79,4795.05,5528.2,733.15,652.15,14.19,4865.02,5415.78,550.76,10.66,141.68,34,2000,0.95,calculated,80.97,79.0,63.25,94.0,30.75,35.0,139.0,2.47,2.0,34,0,100.0,1.29,1.0,7,27,20.59,1.0,100.0,34,0,100.0,0.8235,82.35,34,0,100.0,28.57,71.43,97.62,62.98,medium,La estimación presenta una estabilidad intermedia en comparación con el resto de barrios.,residential_sale,asking_price,unknown,5473.88,,5468.01,103.56,,102.52,100,,99.89,True,False,True,2025,EUR_per_m2,mean_declared_transaction_price,residential_sales,Ayuntamiento de Madrid,Colegio de Registradores de España,504020100060,15,97.7,True,True,62.98,medium,5473.88,registered_transactions_2025,official_price_and_kaggle_features,308.09000000000015,5.964044221696975,1.0596404422169698,DEST_003,Chopera,Arganzuela,UC3M Campus de Leganés,2026-07-29,success,success,2026-07-29T07:45:05+02:00,2026-07-29T08:59:59+02:00,BUS,480,Consorcio Regional de Transportes de Madrid,74.9,32.78333333333333,0.0,2381.68,0.0,2026-07-29T18:00:58+02:00,2026-07-29T19:07:29+02:00,BUS,480|E1,Consorcio Regional de Transportes de Madrid|Información oficial: Consorcio Regional de Transportes de Madrid,66.51666666666667,10.833333333333334,13.0,773.2099999999999,1.0,141.41666666666669,43.61666666666667,13.0,1.0,0,complete_route,True,,True,usable
MAD-024,Legazpi,Arganzuela,True,True,available,41,39,2,95.12,4.88,0.35,39,625641.03,600000.0,565000.0,702500.0,137500.0,190000.0,1350000.0,5842.01,5404.41,4927.52,6219.58,1292.06,2504.33,23.91,5087.72,5934.07,846.35,15.66,210.07,39,2000,0.95,calculated,111.05,112.0,88.5,136.0,47.5,35.0,228.0,2.39,2.0,38,1,97.44,1.69,2.0,16,23,41.03,0.9474,94.74,38,1,97.44,0.9737,97.37,38,1,97.44,33.33,42.86,80.95,49.05,low,La estimación debe interpretarse con precaución por el tamaño de la muestra o la variabilidad de los precios.,residential_sale,asking_price,unknown,7113.37,9387.42,5888.88,134.58,186.2,110.41,100,131.97,82.79,True,True,True,2025,EUR_per_m2,mean_declared_transaction_price,residential_sales,Ayuntamiento de Madrid,Colegio de Registradores de España,504020100060,15,97.7,True,True,49.05,low,7113.37,registered_transactions_2025,official_price_and_kaggle_features,1708.96,31.621583114530544,1.3162158311453054,DEST_001,Legazpi,Arganzuela,Puerta del Sol,2026-07-29,success,success,2026-07-29T08:09:00+02:00,2026-07-29T08:59:32+02:00,BUS,6,Información oficial: Consorcio Regional de Transportes de Madrid,50.53333333333333,20.666666666666668,9.0,1486.24,0.0,2026-07-29T18:00:00+02:00,2026-07-29T18:52:40+02:00,BUS,45,Información oficial: Consorcio Regional de Transportes de Madrid,52.66666666666666,24.016666666666666,10.0,1740.9499999999998,0.0,103.2,44.68333333333334,19.0,0.0,0,complete_route,True,,True,usable
MAD-024,Legazpi,Arganzuela,True,True,available,41,39,2,95.12,4.88,0.35,39,625641.03,600000.0,565000.0,702500.0,137500.0,190000.0,1350000.0,5842.01,5404.41,4927.52,6219.58,1292.06,2504.33,23.91,5087.72,5934.07,846.35,15.66,210.07,39,2000,0.95,calculated,111.05,112.0,88.5,136.0,47.5,35.0,228.0,2.39,2.0,38,1,97.44,1.69,2.0,16,23,41.03,0.9474,94.74,38,1,97.44,0.9737,97.37,38,1,97.44,33.33,42.86,80.95,49.05,low,La estimación debe interpretarse con precaución por el tamaño de la muestra o la variabilidad de los precios.,residential_sale,asking_price,unknown,7113.37,9387.42,5888.88,134.58,186.2,110.41,100,131.97,82.79,True,True,True,2025,EUR_per_m2,mean_declared_transaction_price,residential_sales,Ayuntamiento de Madrid,Colegio de Registradores de España,504020100060,15,97.7,True,True,49.05,low,7113.37,registered_transactions_2025,official_price_and_kaggle_features,1708.96,31.621583114530544,1.3162158311453054,DEST_002,Legazpi,Arganzuela,Nuevos Ministerios,2026-07-29,success,success,2026-07-29T07:54:00+02:00,2026-07-29T08:59:01+02:00,BUS,45,Información oficial: Consorcio Regional de Transportes de Madrid,65.01666666666667,23.766666666666666,9.0,1708.82,0.0,2026-07-29T18:00:00+02:00,2026-07-29T19:08:18+02:00,BUS,19,Información oficial: Consorcio Regional de Transportes de Madrid,68.3,24.6,5.0,1755.66,0.0,133.31666666666666,48.36666666666667,14.0,0.0,0,complete_route,True,,True,usable
MAD-024,Legazpi,Arganzuela,True,True,available,41,39,2,95.12,4.88,0.35,39,625641.03,600000.0,565000.0,702500.0,137500.0,190000.0,1350000.0,5842.01,5404.41,4927.52,6219.58,1292.06,2504.33,23.91,5087.72,5934.07,846.35,15.66,210.07,39,2000,0.95,calculated,111.05,112.0,88.5,136.0,47.5,35.0,228.0,2.39,2.0,38,1,97.44,1.69,2.0,16,23,41.03,0.9474,94.74,38,1,97.44,0.9737,97.37,38,1,97.44,33.33,42.86,80.95,49.05,low,La estimación debe interpretarse con precaución por el tamaño de la muestra o la variabilidad de los precios.,residential_sale,asking_price,unknown,7113.37,9387.42,5888.88,134.58,186.2,110.41,100,131.97,82.79,True,True,True,2025,EUR_per_m2,mean_declared_transaction_price,residential_sales,Ayuntamiento de Madrid,Colegio de Registradores de España,504020100060,15,97.7,True,True,49.05,low,7113.37,registered_transactions_2025,official_price_and_kaggle_features,1708.96,31.621583114530544,1.3162158311453054,DEST_003,Legazpi,Arganzuela,UC3M Campus de Leganés,2026-07-29,success,success,2026-07-29T07:31:00+02:00,2026-07-29T08:56:51+02:00,BUS,47|484|482,Información oficial: Consorcio Regional de Transportes de Madrid|Consorcio Regional de Transportes de Madrid,85.85,14.366666666666667,25.25,1023.63,2.0,2026-07-29T18:04:55+02:00,2026-07-29T19:15:08+02:00,BUS,485|432|423,Consorcio Regional de Transportes de Madrid,70.21666666666667,14.2,14.866666666666667,1042.06,2.0,156.06666666666666,28.566666666666663,40.11666666666667,4.0,0,complete_route,True,,True,usable
MAD-025,Delicias,Arganzuela,True,True,available,68,60,8,88.24,11.76,0.54,60,399487.97,313495.0,214249.75,566250.0,352000.25,120000.0,1177000.0,5458.61,5319.93,4829.01,5879.25,1050.24,1024.64,19.74,5102.56,5535.71,433.15,8.14,104.22,60,2000,0.95,calculated,72.72,57.5,41.75,91.5,49.75,26.0,196.0,2.11,2.0,57,3,95.0,1.78,2.0,9,51,15.0,0.6949,69.49,59,1,98.33,0.5614,56.14,57,3,95.0,48.41,84.92,92.06,73.93,medium,La estimación presenta una estabilidad intermedia en comparación con el resto de barrios.,residential_sale,asking_price,unknown,5426.01,,5499.92,102.65,,103.12,100,,101.36,True,False,True,2025,EUR_per_m2,mean_declared_transaction_price,residential_sales,Ayuntamiento de Madrid,Colegio de Registradores de España,504020100060,15,97.7,True,True,73.93,medium,5426.01,registered_transactions_2025,official_price_and_kaggle_features,106.07999999999991,1.9940111993954797,1.0199401119939548,DEST_001,Delicias,Arganzuela,Puerta del Sol,2026-07-29,success,success,2026-07-29T08:19:00+02:00,2026-07-29T08:59:40+02:00,BUS,6,Información oficial: Consorcio Regional de Transportes de Madrid,40.66666666666666,21.016666666666666,9.0,1568.44,0.0,2026-07-29T18:00:00+02:00,2026-07-29T18:47:09+02:00,BUS,45,Información oficial: Consorcio Regional de Transportes de Madrid,47.15,24.15,10.0,1746.82,0.0,87.81666666666666,45.16666666666666,19.0,0.0,0,complete_route,True,,True,usable
MAD-025,Delicias,Arganzuela,True,True,available,68,60,8,88.24,11.76,0.54,60,399487.97,313495.0,214249.75,566250.0,352000.25,120000.0,1177000.0,5458.61,5319.93,4829.01,5879.25,1050.24,1024.64,19.74,5102.56,5535.71,433.15,8.14,104.22,60,2000,0.95,calculated,72.72,57.5,41.75,91.5,49.75,26.0,196.0,2.11,2.0,57,3,95.0,1.78,2.0,9,51,15.0,0.6949,69.49,59,1,98.33,0.5614,56.14,57,3,95.0,48.41,84.92,92.06,73.93,medium,La estimación presenta una estabilidad intermedia en comparación con el resto de barrios.,residential_sale,asking_price,unknown,5426.01,,5499.92,102.65,,103.12,100,,101.36,True,False,True,2025,EUR_per_m2,mean_declared_transaction_price,residential_sales,Ayuntamiento de Madrid,Colegio de Registradores de España,504020100060,15,97.7,True,True,73.93,medium,5426.01,registered_transactions_2025,official_price_and_kaggle_features,106.07999999999991,1.9940111993954797,1.0199401119939548,DEST_002,Delicias,Arganzuela,Nuevos Ministerios,2026-07-29,success,success,2026-07-29T07:48:00+02:00,2026-07-29T08:45:20+02:00,BUS,45,Información oficial: Consorcio Regional de Transportes de Madrid,57.333333333333336,20.25,9.0,1466.94,0.0,2026-07-29T18:00:00+02:00,2026-07-29T18:59:57+02:00,BUS,27,Información oficial: Consorcio Regional de Transportes de Madrid,59.95,26.133333333333333,7.0,1849.5,0.0,117.28333333333332,46.38333333333333,16.0,0.0,0,complete_route,True,,True,usable
MAD-025,Delicias,Arganzuela,True,True,available,68,60,8,88.24,11.76,0.54,60,399487.97,313495.0,214249.75,566250.0,352000.25,120000.0,1177000.0,5458.61,5319.93,4829.01,5879.25,1050.24,1024.64,19.74,5102.56,5535.71,433.15,8.14,104.22,60,2000,0.95,calculated,72.72,57.5,41.75,91.5,49.75,26.0,196.0,2.11,2.0,57,3,95.0,1.78,2.0,9,51,15.0,0.6949,69.49,59,1,98.33,0.5614,56.14,57,3,95.0,48.41,84.92,92.06,73.93,medium,La estimación presenta una estabilidad intermedia en comparación con el resto de barrios.,residential_sale,asking_price,unknown,5426.01,,5499.92,102.65,,103.12,100,,101.36,True,False,True,2025,EUR_per_m2,mean_declared_transaction_price,residential_sales,Ayuntamiento de Madrid,Colegio de Registradores de España,504020100060,15,97.7,True,True,73.93,medium,5426.01,registered_transactions_2025,official_price_and_kaggle_features,106.07999999999991,1.9940111993954797,1.0199401119939548,DEST_003,Delicias,Arganzuela,UC3M Campus de Leganés,2026-07-29,success,success,2026-07-29T07:32:00+02:00,2026-07-29T08:56:51+02:00,BUS,E1|482,Información oficial: Consorcio Regional de Transportes de Madrid|Consorcio Regional de Transportes de Madrid,84.85,27.55,12.6,1948.89,1.0,2026-07-29T18:04:55+02:00,2026-07-29T19:18:45+02:00,BUS,485|432|422,Consorcio Regional de Transportes de Madrid,73.83333333333333,17.183333333333334,13.583333333333334,1243.46,2.0,158.68333333333334,44.73333333333333,26.183333333333334,3.0,0,complete_route,True,,True,usable
MAD-026,Palos de la Frontera,Arganzuela,True,True,available,102,93,9,91.18,8.82,0.84,93,563333.33,469000.0,289000.0,724000.0,435000.0,168900.0,1521000.0,6030.55,5762.71,4851.47,6870.06,2018.59,1446.06,35.03,5555.56,6241.38,685.82,11.9,152.14,93,2000,0.95,calculated,94.43,85.0,55.0,127.0,72.0,26.0,232.0,2.26,2.0,91,2,97.85,1.31,1.0,26,67,27.96,0.8387,83.87,93,0,100.0,0.6522,65.22,92,1,98.92,71.83,63.49,27.38,57.38,medium,La estimación presenta una estabilidad intermedia en comparación con el resto de barrios.,residential_sale,asking_price,unknown,5784.65,6056.86,5679.48,109.44,120.14,106.49,100,104.71,98.18,True,True,True,2025,EUR_per_m2,mean_declared_transaction_price,residential_sales,Ayuntamiento de Madrid,Colegio de Registradores de España,504020100060,15,97.7,True,True,57.38,medium,5784.65,registered_transactions_2025,official_price_and_kaggle_features,21.9399999999996,0.3807236525870571,1.0038072365258706,DEST_001,Palos de la Frontera,Arganzuela,Puerta del Sol,2026-07-29,success,success,2026-07-29T08:31:00+02:00,2026-07-29T08:59:43+02:00,BUS,6,Información oficial: Consorcio Regional de Transportes de Madrid,28.716666666666665,9.066666666666666,9.0,625.45,0.0,2026-07-29T18:00:00+02:00,2026-07-29T18:35:16+02:00,BUS,6,Información oficial: Consorcio Regional de Transportes de Madrid,35.266666666666666,12.416666666666666,9.0,859.4599999999999,0.0,63.98333333333333,21.48333333333333,18.0,0.0,0,complete_route,True,,True,usable
MAD-026,Palos de la Frontera,Arganzuela,True,True,available,102,93,9,91.18,8.82,0.84,93,563333.33,469000.0,289000.0,724000.0,435000.0,168900.0,1521000.0,6030.55,5762.71,4851.47,6870.06,2018.59,1446.06,35.03,5555.56,6241.38,685.82,11.9,152.14,93,2000,0.95,calculated,94.43,85.0,55.0,127.0,72.0,26.0,232.0,2.26,2.0,91,2,97.85,1.31,1.0,26,67,27.96,0.8387,83.87,93,0,100.0,0.6522,65.22,92,1,98.92,71.83,63.49,27.38,57.38,medium,La estimación presenta una estabilidad intermedia en comparación con el resto de barrios.,residential_sale,asking_price,unknown,5784.65,6056.86,5679.48,109.44,120.14,106.49,100,104.71,98.18,True,True,True,2025,EUR_per_m2,mean_declared_transaction_price,residential_sales,Ayuntamiento de Madrid,Colegio de Registradores de España,504020100060,15,97.7,True,True,57.38,medium,5784.65,registered_transactions_2025,official_price_and_kaggle_features,21.9399999999996,0.3807236525870571,1.0038072365258706,DEST_002,Palos de la Frontera,Arganzuela,Nuevos Ministerios,2026-07-29,success,success,2026-07-29T08:02:00+02:00,2026-07-29T08:45:39+02:00,BUS,27,Información oficial: Consorcio Regional de Transportes de Madrid,43.65,9.516666666666667,5.0,666.35,0.0,2026-07-29T18:00:00+02:00,2026-07-29T18:45:23+02:00,BUS,27,Información oficial: Consorcio Regional de Transportes de Madrid,45.38333333333333,11.566666666666666,7.0,770.76,0.0,89.03333333333333,21.083333333333336,12.0,0.0,0,complete_route,True,,True,usable
MAD-026,Palos de la Frontera,Arganzuela,True,True,available,102,93,9,91.18,8.82,0.84,93,563333.33,469000.0,289000.0,724000.0,435000.0,168900.0,1521000.0,6030.55,5762.71,4851.47,6870.06,2018.59,1446.06,35.03,5555.56,6241.38,685.82,11.9,152.14,93,2000,0.95,calculated,94.43,85.0,55.0,127.0,72.0,26.0,232.0,2.26,2.0,91,2,97.85,1.31,1.0,26,67,27.96,0.8387,83.87,93,0,100.0,0.6522,65.22,92,1,98.92,71.83,63.49,27.38,57.38,medium,La estimación presenta una estabilidad intermedia en comparación con el resto de barrios.,residential_sale,asking_price,unknown,5784.65,6056.86,5679.48,109.44,120.14,106.49,100,104.71,98.18,True,True,True,2025,EUR_per_m2,mean_declared_transaction_price,residential_sales,Ayuntamiento de Madrid,Colegio de Registradores de España,504020100060,15,97.7,True,True,57.38,medium,5784.65,registered_transactions_2025,official_price_and_kaggle_features,21.9399999999996,0.3807236525870571,1.0038072365258706,DEST_003,Palos de la Frontera,Arganzuela,UC3M Campus de Leganés,2026-07-29,success,success,2026-07-29T07:47:00+02:00,2026-07-29T08:56:51+02:00,BUS,E1|482,Información oficial: Consorcio Regional de Transportes de Madrid|Consorcio Regional de Transportes de Madrid,69.85,12.983333333333333,12.166666666666666,870.14,1.0,2026-07-29T18:00:58+02:00,2026-07-29T19:07:53+02:00,BUS,480|E1,Consorcio Regional de Transportes de Madrid|Información oficial: Consorcio Regional de Transportes de Madrid,66.91666666666667,6.433333333333334,13.0,416.95,1.0,136.76666666666665,19.416666666666664,25.166666666666664,2.0,0,complete_route,True,,True,usable
MAD-027,Atocha,Arganzuela,False,False,no_listings,0,0,0,,,0.0,0,,,,,,,,,,,,,,,,,,,,0,2000,0.95,no_data,,,,,,,,,,0,0,,,,0,0,,,,0,0,,,,0,0,,,,,,no_data,No hay anuncios elegibles para calcular indicadores inmobiliarios.,residential_sale,asking_price,unknown,6810.36,6828.78,,128.84,135.45,,100,2.56,,True,True,False,2025,EUR_per_m2,mean_declared_transaction_price,residential_sales,Ayuntamiento de Madrid,Colegio de Registradores de España,504020100060,15,97.7,False,False,,no_data,6810.36,registered_transactions_2025,official_price_only,,,,DEST_001,Atocha,Arganzuela,Puerta del Sol,2026-07-29,success,success,2026-07-29T08:17:00+02:00,2026-07-29T08:59:35+02:00,BUS,32,Información oficial: Consorcio Regional de Transportes de Madrid,42.583333333333336,21.566666666666663,9.0,1545.41,0.0,2026-07-29T18:00:00+02:00,2026-07-29T18:47:05+02:00,BUS,32,Información oficial: Consorcio Regional de Transportes de Madrid,47.083333333333336,27.08333333333333,8.0,1960.61,0.0,89.66666666666667,48.64999999999999,17.0,0.0,0,complete_route,True,,True,usable
MAD-027,Atocha,Arganzuela,False,False,no_listings,0,0,0,,,0.0,0,,,,,,,,,,,,,,,,,,,,0,2000,0.95,no_data,,,,,,,,,,0,0,,,,0,0,,,,0,0,,,,0,0,,,,,,no_data,No hay anuncios elegibles para calcular indicadores inmobiliarios.,residential_sale,asking_price,unknown,6810.36,6828.78,,128.84,135.45,,100,2.56,,True,True,False,2025,EUR_per_m2,mean_declared_transaction_price,residential_sales,Ayuntamiento de Madrid,Colegio de Registradores de España,504020100060,15,97.7,False,False,,no_data,6810.36,registered_transactions_2025,official_price_only,,,,DEST_002,Atocha,Arganzuela,Nuevos Ministerios,2026-07-29,success,success,2026-07-29T07:55:00+02:00,2026-07-29T08:56:15+02:00,BUS,14,Información oficial: Consorcio Regional de Transportes de Madrid,61.25,19.366666666666667,8.0,1286.47,0.0,2026-07-29T18:00:00+02:00,2026-07-29T18:59:33+02:00,BUS,14,Información oficial: Consorcio Regional de Transportes de Madrid,59.55,20.25,10.0,1452.64,0.0,120.8,39.61666666666667,18.0,0.0,0,complete_route,True,,True,usable
MAD-027,Atocha,Arganzuela,False,False,no_listings,0,0,0,,,0.0,0,,,,,,,,,,,,,,,,,,,,0,2000,0.95,no_data,,,,,,,,,,0,0,,,,0,0,,,,0,0,,,,0,0,,,,,,no_data,No hay anuncios elegibles para calcular indicadores inmobiliarios.,residential_sale,asking_price,unknown,6810.36,6828.78,,128.84,135.45,,100,2.56,,True,True,False,2025,EUR_per_m2,mean_declared_transaction_price,residential_sales,Ayuntamiento de Madrid,Colegio de Registradores de España,504020100060,15,97.7,False,False,,no_data,6810.36,registered_transactions_2025,official_price_only,,,,DEST_003,Atocha,Arganzuela,UC3M Campus de Leganés,2026-07-29,success,success,2026-07-29T07:31:00+02:00,2026-07-29T08:56:51+02:00,BUS,102|E1|482,Información oficial: Consorcio Regional de Transportes de Madrid|Consorcio Regional de Transportes de Madrid,85.85,11.483333333333333,21.25,753.8299999999999,2.0,2026-07-29T18:04:55+02:00,2026-07-29T19:18:38+02:00,BUS,485|432|423,Consorcio Regional de Transportes de Madrid,73.71666666666667,15.066666666666666,14.866666666666667,1068.0,2.0,159.56666666666666,26.55,36.11666666666667,4.0,0,complete_route,True,,True,usable
MAD-031,Pacífico,Retiro,True,True,available,76,72,4,94.74,5.26,0.65,72,520761.11,484500.0,375000.0,640000.0,265000.0,190000.0,990000.0,5875.49,5921.27,5090.0,6900.0,1810.0,1346.57,30.57,5486.11,6115.88,629.77,10.64,170.18,72,2000,0.95,calculated,94.0,90.0,63.75,111.25,47.5,39.0,237.0,2.47,2.0,72,0,100.0,1.73,2.0,11,61,15.28,0.8889,88.89,72,0,100.0,0.7639,76.39,72,0,100.0,57.54,72.22,53.17,62.32,medium,La estimación presenta una estabilidad intermedia en comparación con el resto de barrios.,residential_sale,asking_price,unknown,6286.22,,6287.24,118.93,,117.88,100,,100.02,True,False,True,2025,EUR_per_m2,mean_declared_transaction_price,residential_sales,Ayuntamiento de Madrid,Colegio de Registradores de España,504020100060,15,97.7,True,True,62.32,medium,6286.22,registered_transactions_2025,official_price_and_kaggle_features,364.9499999999998,6.163373735701966,1.0616337373570195,DEST_001,Pacífico,Retiro,Puerta del Sol,2026-07-29,success,success,2026-07-29T08:21:00+02:00,2026-07-29T08:54:34+02:00,BUS,26,Información oficial: Consorcio Regional de Transportes de Madrid,33.56666666666667,11.366666666666667,9.0,805.6500000000001,0.0,2026-07-29T18:00:00+02:00,2026-07-29T18:37:53+02:00,BUS,37,Información oficial: Consorcio Regional de Transportes de Madrid,37.88333333333333,12.9,11.0,911.73,0.0,71.45,24.266666666666666,20.0,0.0,0,complete_route,True,,True,usable
MAD-031,Pacífico,Retiro,True,True,available,76,72,4,94.74,5.26,0.65,72,520761.11,484500.0,375000.0,640000.0,265000.0,190000.0,990000.0,5875.49,5921.27,5090.0,6900.0,1810.0,1346.57,30.57,5486.11,6115.88,629.77,10.64,170.18,72,2000,0.95,calculated,94.0,90.0,63.75,111.25,47.5,39.0,237.0,2.47,2.0,72,0,100.0,1.73,2.0,11,61,15.28,0.8889,88.89,72,0,100.0,0.7639,76.39,72,0,100.0,57.54,72.22,53.17,62.32,medium,La estimación presenta una estabilidad intermedia en comparación con el resto de barrios.,residential_sale,asking_price,unknown,6286.22,,6287.24,118.93,,117.88,100,,100.02,True,False,True,2025,EUR_per_m2,mean_declared_transaction_price,residential_sales,Ayuntamiento de Madrid,Colegio de Registradores de España,504020100060,15,97.7,True,True,62.32,medium,6286.22,registered_transactions_2025,official_price_and_kaggle_features,364.9499999999998,6.163373735701966,1.0616337373570195,DEST_002,Pacífico,Retiro,Nuevos Ministerios,2026-07-29,success,success,2026-07-29T07:58:00+02:00,2026-07-29T08:49:03+02:00,BUS,14,Información oficial: Consorcio Regional de Transportes de Madrid,51.05,9.166666666666666,8.0,546.71,0.0,2026-07-29T18:00:00+02:00,2026-07-29T18:53:06+02:00,BUS,14,Información oficial: Consorcio Regional de Transportes de Madrid,53.1,10.75,10.0,731.87,0.0,104.15,19.916666666666664,18.0,0.0,0,complete_route,True,,True,usable
MAD-031,Pacífico,Retiro,True,True,available,76,72,4,94.74,5.26,0.65,72,520761.11,484500.0,375000.0,640000.0,265000.0,190000.0,990000.0,5875.49,5921.27,5090.0,6900.0,1810.0,1346.57,30.57,5486.11,6115.88,629.77,10.64,170.18,72,2000,0.95,calculated,94.0,90.0,63.75,111.25,47.5,39.0,237.0,2.47,2.0,72,0,100.0,1.73,2.0,11,61,15.28,0.8889,88.89,72,0,100.0,0.7639,76.39,72,0,100.0,57.54,72.22,53.17,62.32,medium,La estimación presenta una estabilidad intermedia en comparación con el resto de barrios.,residential_sale,asking_price,unknown,6286.22,,6287.24,118.93,,117.88,100,,100.02,True,False,True,2025,EUR_per_m2,mean_declared_transaction_price,residential_sales,Ayuntamiento de Madrid,Colegio de Registradores de España,504020100060,15,97.7,True,True,62.32,medium,6286.22,registered_transactions_2025,official_price_and_kaggle_features,364.9499999999998,6.163373735701966,1.0616337373570195,DEST_003,Pacífico,Retiro,UC3M Campus de Leganés,2026-07-29,success,success,2026-07-29T07:36:00+02:00,2026-07-29T08:56:51+02:00,BUS,C1|E1|482,Información oficial: Consorcio Regional de Transportes de Madrid|Consorcio Regional de Transportes de Madrid,80.85,9.8,19.53333333333333,644.5400000000001,2.0,2026-07-29T18:04:55+02:00,2026-07-29T19:27:29+02:00,BUS,485|432|423,Consorcio Regional de Transportes de Madrid,82.56666666666666,23.916666666666668,14.866666666666667,1731.46,2.0,163.41666666666666,33.71666666666667,34.4,4.0,0,complete_route,True,,True,usable
MAD-032,Adelfas,Retiro,True,True,available,43,41,2,95.35,4.65,0.37,41,587919.27,575000.0,420000.0,715000.0,295000.0,145000.0,1250000.0,5857.71,5566.67,5133.33,6363.64,1230.3,1418.72,22.1,5466.67,5888.16,421.49,7.57,132.47,41,2000,0.95,calculated,101.61,105.0,76.0,123.0,47.0,40.0,182.0,2.62,3.0,40,1,97.56,1.67,2.0,15,26,36.59,0.9268,92.68,41,0,100.0,0.878,87.8,41,0,100.0,37.3,88.1,85.71,69.72,medium,La estimación presenta una estabilidad intermedia en comparación con el resto de barrios.,residential_sale,asking_price,unknown,5741.86,,5741.25,108.63,,107.64,100,,99.99,True,False,True,2025,EUR_per_m2,mean_declared_transaction_price,residential_sales,Ayuntamiento de Madrid,Colegio de Registradores de España,504020100060,15,97.7,True,True,69.72,medium,5741.86,registered_transactions_2025,official_price_and_kaggle_features,175.1899999999996,3.1471238639976797,1.0314712386399767,DEST_001,Adelfas,Retiro,Puerta del Sol,2026-07-29,success,success,2026-07-29T08:17:00+02:00,2026-07-29T08:59:40+02:00,BUS,32,Información oficial: Consorcio Regional de Transportes de Madrid,42.66666666666666,21.65,9.0,1568.21,0.0,2026-07-29T18:00:00+02:00,2026-07-29T18:44:52+02:00,BUS,37,Información oficial: Consorcio Regional de Transportes de Madrid,44.86666666666667,15.616666666666667,11.0,1108.26,0.0,87.53333333333333,37.266666666666666,20.0,0.0,0,complete_route,True,,True,usable
MAD-032,Adelfas,Retiro,True,True,available,43,41,2,95.35,4.65,0.37,41,587919.27,575000.0,420000.0,715000.0,295000.0,145000.0,1250000.0,5857.71,5566.67,5133.33,6363.64,1230.3,1418.72,22.1,5466.67,5888.16,421.49,7.57,132.47,41,2000,0.95,calculated,101.61,105.0,76.0,123.0,47.0,40.0,182.0,2.62,3.0,40,1,97.56,1.67,2.0,15,26,36.59,0.9268,92.68,41,0,100.0,0.878,87.8,41,0,100.0,37.3,88.1,85.71,69.72,medium,La estimación presenta una estabilidad intermedia en comparación con el resto de barrios.,residential_sale,asking_price,unknown,5741.86,,5741.25,108.63,,107.64,100,,99.99,True,False,True,2025,EUR_per_m2,mean_declared_transaction_price,residential_sales,Ayuntamiento de Madrid,Colegio de Registradores de España,504020100060,15,97.7,True,True,69.72,medium,5741.86,registered_transactions_2025,official_price_and_kaggle_features,175.1899999999996,3.1471238639976797,1.0314712386399767,DEST_002,Adelfas,Retiro,Nuevos Ministerios,2026-07-29,success,success,2026-07-29T07:59:00+02:00,2026-07-29T08:59:13+02:00,BUS,56|C2,Información oficial: Consorcio Regional de Transportes de Madrid,60.21666666666667,3.55,16.0,255.26,1.0,2026-07-29T18:00:00+02:00,2026-07-29T19:00:20+02:00,BUS,14,Información oficial: Consorcio Regional de Transportes de Madrid,60.333333333333336,11.2,10.0,778.08,0.0,120.55,14.75,26.0,1.0,0,complete_route,True,,True,usable
MAD-032,Adelfas,Retiro,True,True,available,43,41,2,95.35,4.65,0.37,41,587919.27,575000.0,420000.0,715000.0,295000.0,145000.0,1250000.0,5857.71,5566.67,5133.33,6363.64,1230.3,1418.72,22.1,5466.67,5888.16,421.49,7.57,132.47,41,2000,0.95,calculated,101.61,105.0,76.0,123.0,47.0,40.0,182.0,2.62,3.0,40,1,97.56,1.67,2.0,15,26,36.59,0.9268,92.68,41,0,100.0,0.878,87.8,41,0,100.0,37.3,88.1,85.71,69.72,medium,La estimación presenta una estabilidad intermedia en comparación con el resto de barrios.,residential_sale,asking_price,unknown,5741.86,,5741.25,108.63,,107.64,100,,99.99,True,False,True,2025,EUR_per_m2,mean_declared_transaction_price,residential_sales,Ayuntamiento de Madrid,Colegio de Registradores de España,504020100060,15,97.7,True,True,69.72,medium,5741.86,registered_transactions_2025,official_price_and_kaggle_features,175.1899999999996,3.1471238639976797,1.0314712386399767,DEST_003,Adelfas,Retiro,UC3M Campus de Leganés,2026-07-29,success,success,2026-07-29T07:26:00+02:00,2026-07-29T08:56:51+02:00,BUS,C1|E1|482,Información oficial: Consorcio Regional de Transportes de Madrid|Consorcio Regional de Transportes de Madrid,90.85,20.08333333333333,19.25,1407.1,2.0,2026-07-29T18:04:55+02:00,2026-07-29T19:24:31+02:00,BUS,485|432|423,Consorcio Regional de Transportes de Madrid,79.6,20.95,14.866666666666667,1513.55,2.0,170.45,41.03333333333333,34.11666666666667,4.0,0,complete_route,True,,True,usable
MAD-033,Estrella,Retiro,True,True,available,31,30,1,96.77,3.23,0.27,30,773300.0,699000.0,575000.0,868750.0,293750.0,261000.0,1700000.0,6571.03,6134.37,5410.96,6541.67,1130.71,1971.46,18.43,5617.98,6472.77,854.79,13.93,206.73,30,2000,0.95,calculated,119.73,114.0,90.25,146.0,55.75,42.0,199.0,3.07,3.0,29,1,96.67,1.86,2.0,7,23,23.33,0.9333,93.33,30,0,100.0,0.9667,96.67,30,0,100.0,25.0,51.59,93.65,52.8,medium,La estimación presenta una estabilidad intermedia en comparación con el resto de barrios.,residential_sale,asking_price,unknown,6590.79,,6593.42,124.69,,123.62,100,,100.04,True,False,True,2025,EUR_per_m2,mean_declared_transaction_price,residential_sales,Ayuntamiento de Madrid,Colegio de Registradores de España,504020100060,15,97.7,True,True,52.8,medium,6590.79,registered_transactions_2025,official_price_and_kaggle_features,456.4200000000001,7.44037285002372,1.0744037285002372,DEST_001,Estrella,Retiro,Puerta del Sol,2026-07-29,success,success,2026-07-29T08:12:00+02:00,2026-07-29T08:58:51+02:00,BUS,32,Información oficial: Consorcio Regional de Transportes de Madrid,46.85,14.066666666666666,9.0,1021.53,0.0,2026-07-29T18:00:00+02:00,2026-07-29T18:46:38+02:00,BUS,20,Información oficial: Consorcio Regional de Transportes de Madrid,46.63333333333333,17.75,9.0,1248.61,0.0,93.48333333333332,31.816666666666663,18.0,0.0,0,complete_route,True,,True,usable
MAD-033,Estrella,Retiro,True,True,available,31,30,1,96.77,3.23,0.27,30,773300.0,699000.0,575000.0,868750.0,293750.0,261000.0,1700000.0,6571.03,6134.37,5410.96,6541.67,1130.71,1971.46,18.43,5617.98,6472.77,854.79,13.93,206.73,30,2000,0.95,calculated,119.73,114.0,90.25,146.0,55.75,42.0,199.0,3.07,3.0,29,1,96.67,1.86,2.0,7,23,23.33,0.9333,93.33,30,0,100.0,0.9667,96.67,30,0,100.0,25.0,51.59,93.65,52.8,medium,La estimación presenta una estabilidad intermedia en comparación con el resto de barrios.,residential_sale,asking_price,unknown,6590.79,,6593.42,124.69,,123.62,100,,100.04,True,False,True,2025,EUR_per_m2,mean_declared_transaction_price,residential_sales,Ayuntamiento de Madrid,Colegio de Registradores de España,504020100060,15,97.7,True,True,52.8,medium,6590.79,registered_transactions_2025,official_price_and_kaggle_features,456.4200000000001,7.44037285002372,1.0744037285002372,DEST_002,Estrella,Retiro,Nuevos Ministerios,2026-07-29,success,success,2026-07-29T08:01:00+02:00,2026-07-29T08:55:09+02:00,BUS,143|C2,Información oficial: Consorcio Regional de Transportes de Madrid,54.15,9.2,16.0,634.4499999999999,1.0,2026-07-29T18:00:00+02:00,2026-07-29T18:56:48+02:00,BUS,C1|56,Información oficial: Consorcio Regional de Transportes de Madrid,56.8,11.016666666666667,15.0,736.3,1.0,110.95,20.21666666666667,31.0,2.0,0,complete_route,True,,True,usable
MAD-033,Estrella,Retiro,True,True,available,31,30,1,96.77,3.23,0.27,30,773300.0,699000.0,575000.0,868750.0,293750.0,261000.0,1700000.0,6571.03,6134.37,5410.96,6541.67,1130.71,1971.46,18.43,5617.98,6472.77,854.79,13.93,206.73,30,2000,0.95,calculated,119.73,114.0,90.25,146.0,55.75,42.0,199.0,3.07,3.0,29,1,96.67,1.86,2.0,7,23,23.33,0.9333,93.33,30,0,100.0,0.9667,96.67,30,0,100.0,25.0,51.59,93.65,52.8,medium,La estimación presenta una estabilidad intermedia en comparación con el resto de barrios.,residential_sale,asking_price,unknown,6590.79,,6593.42,124.69,,123.62,100,,100.04,True,False,True,2025,EUR_per_m2,mean_declared_transaction_price,residential_sales,Ayuntamiento de Madrid,Colegio de Registradores de España,504020100060,15,97.7,True,True,52.8,medium,6590.79,registered_transactions_2025,official_price_and_kaggle_features,456.4200000000001,7.44037285002372,1.0744037285002372,DEST_003,Estrella,Retiro,UC3M Campus de Leganés,2026-07-29,success,success,2026-07-29T07:18:00+02:00,2026-07-29T08:56:51+02:00,BUS,32|E1|482,Información oficial: Consorcio Regional de Transportes de Madrid|Consorcio Regional de Transportes de Madrid,98.85,12.8,24.23333333333333,882.1500000000001,2.0,2026-07-29T18:00:58+02:00,2026-07-29T19:48:26+02:00,BUS,480|E1|C2,Consorcio Regional de Transportes de Madrid|Información oficial: Consorcio Regional de Transportes de Madrid,107.46666666666668,23.866666666666667,22.0,1647.47,2.0,206.31666666666663,36.66666666666667,46.23333333333333,4.0,0,complete_route,True,,True,usable
MAD-034,Ibiza,Retiro,True,True,available,209,208,1,99.52,0.48,1.87,208,1185532.21,1149000.0,823500.0,1496250.0,672750.0,317000.0,4100000.0,9553.97,9401.79,8236.54,10721.88,2485.35,2309.45,26.43,9107.14,9655.46,548.32,5.83,189.51,208,2000,0.95,calculated,122.99,119.0,96.75,133.0,36.25,35.0,369.0,2.66,3.0,207,1,99.52,2.0,2.0,74,134,35.58,0.976,97.6,208,0,100.0,0.6117,61.17,206,2,99.04,92.06,93.65,70.63,87.34,high,La estimación presenta una estabilidad alta en comparación con el resto de barrios.,residential_sale,asking_price,unknown,9264.05,,9264.05,175.27,,173.69,100,,100.0,True,False,True,2025,EUR_per_m2,mean_declared_transaction_price,residential_sales,Ayuntamiento de Madrid,Colegio de Registradores de España,504020100060,15,97.7,True,True,87.34,high,9264.05,registered_transactions_2025,official_price_and_kaggle_features,-137.7400000000016,-1.4650401678829412,0.9853495983211706,DEST_001,Ibiza,Retiro,Puerta del Sol,2026-07-29,success,success,2026-07-29T08:19:00+02:00,2026-07-29T08:52:20+02:00,BUS,20,Información oficial: Consorcio Regional de Transportes de Madrid,33.333333333333336,14.666666666666666,9.0,1055.4,0.0,2026-07-29T18:00:00+02:00,2026-07-29T18:35:09+02:00,BUS,20,Información oficial: Consorcio Regional de Transportes de Madrid,35.15,16.683333333333334,9.0,1220.2,0.0,68.48333333333333,31.35,18.0,0.0,0,complete_route,True,,True,usable
MAD-034,Ibiza,Retiro,True,True,available,209,208,1,99.52,0.48,1.87,208,1185532.21,1149000.0,823500.0,1496250.0,672750.0,317000.0,4100000.0,9553.97,9401.79,8236.54,10721.88,2485.35,2309.45,26.43,9107.14,9655.46,548.32,5.83,189.51,208,2000,0.95,calculated,122.99,119.0,96.75,133.0,36.25,35.0,369.0,2.66,3.0,207,1,99.52,2.0,2.0,74,134,35.58,0.976,97.6,208,0,100.0,0.6117,61.17,206,2,99.04,92.06,93.65,70.63,87.34,high,La estimación presenta una estabilidad alta en comparación con el resto de barrios.,residential_sale,asking_price,unknown,9264.05,,9264.05,175.27,,173.69,100,,100.0,True,False,True,2025,EUR_per_m2,mean_declared_transaction_price,residential_sales,Ayuntamiento de Madrid,Colegio de Registradores de España,504020100060,15,97.7,True,True,87.34,high,9264.05,registered_transactions_2025,official_price_and_kaggle_features,-137.7400000000016,-1.4650401678829412,0.9853495983211706,DEST_002,Ibiza,Retiro,Nuevos Ministerios,2026-07-29,success,success,2026-07-29T08:07:00+02:00,2026-07-29T08:45:14+02:00,BUS,C2,Información oficial: Consorcio Regional de Transportes de Madrid,38.23333333333333,6.316666666666666,5.0,462.18,0.0,2026-07-29T18:00:00+02:00,2026-07-29T18:42:59+02:00,BUS,C1,Información oficial: Consorcio Regional de Transportes de Madrid,42.98333333333333,8.083333333333334,6.0,552.76,0.0,81.21666666666665,14.4,11.0,0.0,0,complete_route,True,,True,usable
MAD-034,Ibiza,Retiro,True,True,available,209,208,1,99.52,0.48,1.87,208,1185532.21,1149000.0,823500.0,1496250.0,672750.0,317000.0,4100000.0,9553.97,9401.79,8236.54,10721.88,2485.35,2309.45,26.43,9107.14,9655.46,548.32,5.83,189.51,208,2000,0.95,calculated,122.99,119.0,96.75,133.0,36.25,35.0,369.0,2.66,3.0,207,1,99.52,2.0,2.0,74,134,35.58,0.976,97.6,208,0,100.0,0.6117,61.17,206,2,99.04,92.06,93.65,70.63,87.34,high,La estimación presenta una estabilidad alta en comparación con el resto de barrios.,residential_sale,asking_price,unknown,9264.05,,9264.05,175.27,,173.69,100,,100.0,True,False,True,2025,EUR_per_m2,mean_declared_transaction_price,residential_sales,Ayuntamiento de Madrid,Colegio de Registradores de España,504020100060,15,97.7,True,True,87.34,high,9264.05,registered_transactions_2025,official_price_and_kaggle_features,-137.7400000000016,-1.4650401678829412,0.9853495983211706,DEST_003,Ibiza,Retiro,UC3M Campus de Leganés,2026-07-29,success,success,2026-07-29T07:25:00+02:00,2026-07-29T08:56:51+02:00,BUS,C1|E1|482,Información oficial: Consorcio Regional de Transportes de Madrid|Consorcio Regional de Transportes de Madrid,91.85,9.883333333333333,19.383333333333333,656.9699999999999,2.0,2026-07-29T18:00:58+02:00,2026-07-29T19:39:32+02:00,BUS,480|E1,Consorcio Regional de Transportes de Madrid|Información oficial: Consorcio Regional de Transportes de Madrid,98.56666666666666,29.83333333333333,13.0,2190.51,1.0,190.41666666666663,39.71666666666666,32.38333333333333,3.0,0,complete_route,True,,True,usable
MAD-035,Los Jerónimos,Retiro,True,True,available,96,95,1,98.96,1.04,0.86,95,2818588.42,2500000.0,1200000.0,3500000.0,2300000.0,375000.0,18000000.0,11810.95,11687.5,9677.42,13123.83,3446.41,4323.51,29.49,11013.22,12291.67,1278.45,10.94,376.62,95,2000,0.95,calculated,217.62,206.0,124.0,260.0,136.0,54.0,635.0,3.11,3.0,95,0,100.0,1.44,1.0,18,77,18.95,0.9684,96.84,95,0,100.0,0.8404,84.04,94,1,98.95,73.02,69.05,60.32,68.25,medium,La estimación presenta una estabilidad intermedia en comparación con el resto de barrios.,residential_sale,asking_price,unknown,9950.49,,9950.49,188.25,,186.56,100,,100.0,True,False,True,2025,EUR_per_m2,mean_declared_transaction_price,residential_sales,Ayuntamiento de Madrid,Colegio de Registradores de España,504020100060,15,97.7,True,True,68.25,medium,9950.49,registered_transactions_2025,official_price_and_kaggle_features,-1737.0100000000002,-14.862117647058826,0.8513788235294117,DEST_001,Los Jerónimos,Retiro,Puerta del Sol,2026-07-29,no_route,no_route,,,,,,,,,,,,,,,,,,,,,,,,,2,no_route,False,no_hay_ruta_en_ningun_sentido,False,ruta_incompleta
MAD-035,Los Jerónimos,Retiro,True,True,available,96,95,1,98.96,1.04,0.86,95,2818588.42,2500000.0,1200000.0,3500000.0,2300000.0,375000.0,18000000.0,11810.95,11687.5,9677.42,13123.83,3446.41,4323.51,29.49,11013.22,12291.67,1278.45,10.94,376.62,95,2000,0.95,calculated,217.62,206.0,124.0,260.0,136.0,54.0,635.0,3.11,3.0,95,0,100.0,1.44,1.0,18,77,18.95,0.9684,96.84,95,0,100.0,0.8404,84.04,94,1,98.95,73.02,69.05,60.32,68.25,medium,La estimación presenta una estabilidad intermedia en comparación con el resto de barrios.,residential_sale,asking_price,unknown,9950.49,,9950.49,188.25,,186.56,100,,100.0,True,False,True,2025,EUR_per_m2,mean_declared_transaction_price,residential_sales,Ayuntamiento de Madrid,Colegio de Registradores de España,504020100060,15,97.7,True,True,68.25,medium,9950.49,registered_transactions_2025,official_price_and_kaggle_features,-1737.0100000000002,-14.862117647058826,0.8513788235294117,DEST_002,Los Jerónimos,Retiro,Nuevos Ministerios,2026-07-29,success,success,2026-07-29T08:06:00+02:00,2026-07-29T08:54:35+02:00,BUS,14,Información oficial: Consorcio Regional de Transportes de Madrid,48.583333333333336,15.916666666666666,8.0,1037.24,0.0,2026-07-29T18:00:00+02:00,2026-07-29T18:43:41+02:00,BUS,19,Información oficial: Consorcio Regional de Transportes de Madrid,43.68333333333333,17.7,5.0,1240.5,0.0,92.26666666666668,33.61666666666667,13.0,0.0,0,complete_route,True,,True,usable
MAD-035,Los Jerónimos,Retiro,True,True,available,96,95,1,98.96,1.04,0.86,95,2818588.42,2500000.0,1200000.0,3500000.0,2300000.0,375000.0,18000000.0,11810.95,11687.5,9677.42,13123.83,3446.41,4323.51,29.49,11013.22,12291.67,1278.45,10.94,376.62,95,2000,0.95,calculated,217.62,206.0,124.0,260.0,136.0,54.0,635.0,3.11,3.0,95,0,100.0,1.44,1.0,18,77,18.95,0.9684,96.84,95,0,100.0,0.8404,84.04,94,1,98.95,73.02,69.05,60.32,68.25,medium,La estimación presenta una estabilidad intermedia en comparación con el resto de barrios.,residential_sale,asking_price,unknown,9950.49,,9950.49,188.25,,186.56,100,,100.0,True,False,True,2025,EUR_per_m2,mean_declared_transaction_price,residential_sales,Ayuntamiento de Madrid,Colegio de Registradores de España,504020100060,15,97.7,True,True,68.25,medium,9950.49,registered_transactions_2025,official_price_and_kaggle_features,-1737.0100000000002,-14.862117647058826,0.8513788235294117,DEST_003,Los Jerónimos,Retiro,UC3M Campus de Leganés,2026-07-29,success,success,2026-07-29T07:39:00+02:00,2026-07-29T08:56:51+02:00,BUS,E1|482,Información oficial: Consorcio Regional de Transportes de Madrid|Consorcio Regional de Transportes de Madrid,77.85,19.55,12.5,1380.4699999999998,1.0,2026-07-29T18:00:58+02:00,2026-07-29T19:23:35+02:00,BUS,480|E1,Consorcio Regional de Transportes de Madrid|Información oficial: Consorcio Regional de Transportes de Madrid,82.61666666666666,18.23333333333333,13.0,1301.35,1.0,160.46666666666664,37.78333333333333,25.5,2.0,0,complete_route,True,,True,usable
MAD-036,Niño Jesús,Retiro,True,True,available,53,52,1,98.11,1.89,0.47,52,1186375.67,1097500.0,653750.0,1597500.0,943750.0,260000.0,2400000.0,7274.54,7299.95,6352.24,8217.75,1865.51,1461.48,25.56,6603.38,7940.67,1337.29,18.32,307.76,52,2000,0.95,calculated,166.25,168.0,88.0,229.0,141.0,42.0,469.0,3.58,3.5,52,0,100.0,1.79,2.0,14,38,26.92,0.9787,97.87,47,5,90.38,0.766,76.6,47,5,90.38,45.24,34.92,74.21,48.35,low,La estimación debe interpretarse con precaución por el tamaño de la muestra o la variabilidad de los precios.,residential_sale,asking_price,unknown,7639.04,,7639.04,144.52,,143.23,100,,100.0,True,False,True,2025,EUR_per_m2,mean_declared_transaction_price,residential_sales,Ayuntamiento de Madrid,Colegio de Registradores de España,504020100060,15,97.7,True,True,48.35,low,7639.04,registered_transactions_2025,official_price_and_kaggle_features,339.09000000000015,4.645100308906228,1.0464510030890624,DEST_001,Niño Jesús,Retiro,Puerta del Sol,2026-07-29,success,success,2026-07-29T08:19:00+02:00,2026-07-29T08:55:50+02:00,BUS,20,Información oficial: Consorcio Regional de Transportes de Madrid,36.833333333333336,10.683333333333334,9.0,778.15,0.0,2026-07-29T18:00:00+02:00,2026-07-29T18:37:43+02:00,BUS,20,Información oficial: Consorcio Regional de Transportes de Madrid,37.71666666666667,13.6,9.0,969.45,0.0,74.55000000000001,24.28333333333333,18.0,0.0,0,complete_route,True,,True,usable
MAD-036,Niño Jesús,Retiro,True,True,available,53,52,1,98.11,1.89,0.47,52,1186375.67,1097500.0,653750.0,1597500.0,943750.0,260000.0,2400000.0,7274.54,7299.95,6352.24,8217.75,1865.51,1461.48,25.56,6603.38,7940.67,1337.29,18.32,307.76,52,2000,0.95,calculated,166.25,168.0,88.0,229.0,141.0,42.0,469.0,3.58,3.5,52,0,100.0,1.79,2.0,14,38,26.92,0.9787,97.87,47,5,90.38,0.766,76.6,47,5,90.38,45.24,34.92,74.21,48.35,low,La estimación debe interpretarse con precaución por el tamaño de la muestra o la variabilidad de los precios.,residential_sale,asking_price,unknown,7639.04,,7639.04,144.52,,143.23,100,,100.0,True,False,True,2025,EUR_per_m2,mean_declared_transaction_price,residential_sales,Ayuntamiento de Madrid,Colegio de Registradores de España,504020100060,15,97.7,True,True,48.35,low,7639.04,registered_transactions_2025,official_price_and_kaggle_features,339.09000000000015,4.645100308906228,1.0464510030890624,DEST_002,Niño Jesús,Retiro,Nuevos Ministerios,2026-07-29,success,success,2026-07-29T08:03:00+02:00,2026-07-29T08:48:14+02:00,BUS,C2,Información oficial: Consorcio Regional de Transportes de Madrid,45.23333333333333,5.883333333333334,5.0,402.01,0.0,2026-07-29T18:00:00+02:00,2026-07-29T18:51:46+02:00,BUS,C1,Información oficial: Consorcio Regional de Transportes de Madrid,51.766666666666666,8.083333333333334,6.0,543.54,0.0,97.0,13.966666666666669,11.0,0.0,0,complete_route,True,,True,usable
MAD-036,Niño Jesús,Retiro,True,True,available,53,52,1,98.11,1.89,0.47,52,1186375.67,1097500.0,653750.0,1597500.0,943750.0,260000.0,2400000.0,7274.54,7299.95,6352.24,8217.75,1865.51,1461.48,25.56,6603.38,7940.67,1337.29,18.32,307.76,52,2000,0.95,calculated,166.25,168.0,88.0,229.0,141.0,42.0,469.0,3.58,3.5,52,0,100.0,1.79,2.0,14,38,26.92,0.9787,97.87,47,5,90.38,0.766,76.6,47,5,90.38,45.24,34.92,74.21,48.35,low,La estimación debe interpretarse con precaución por el tamaño de la muestra o la variabilidad de los precios.,residential_sale,asking_price,unknown,7639.04,,7639.04,144.52,,143.23,100,,100.0,True,False,True,2025,EUR_per_m2,mean_declared_transaction_price,residential_sales,Ayuntamiento de Madrid,Colegio de Registradores de España,504020100060,15,97.7,True,True,48.35,low,7639.04,registered_transactions_2025,official_price_and_kaggle_features,339.09000000000015,4.645100308906228,1.0464510030890624,DEST_003,Niño Jesús,Retiro,UC3M Campus de Leganés,2026-07-29,success,success,2026-07-29T07:30:00+02:00,2026-07-29T08:56:51+02:00,BUS,C1|E1|482,Información oficial: Consorcio Regional de Transportes de Madrid|Consorcio Regional de Transportes de Madrid,86.85,10.766666666666667,19.633333333333333,720.21,2.0,2026-07-29T18:00:58+02:00,2026-07-29T19:35:25+02:00,BUS,480|E1|C2,Consorcio Regional de Transportes de Madrid|Información oficial: Consorcio Regional de Transportes de Madrid,94.45,10.85,22.0,702.6600000000001,2.0,181.3,21.616666666666667,41.63333333333333,4.0,0,complete_route,True,,True,usable
MAD-041,Recoletos,Salamanca,True,True,available,467,465,2,99.57,0.43,4.19,465,2967388.35,2350000.0,1400000.0,3850000.0,2450000.0,410000.0,13000000.0,13866.43,13409.89,11363.64,15870.31,4506.67,3683.52,33.61,13060.69,13809.52,748.84,5.58,206.71,465,2000,0.95,calculated,205.51,170.0,120.0,270.0,150.0,35.0,712.0,2.97,3.0,462,3,99.35,2.25,2.0,96,369,20.65,0.9333,93.33,465,0,100.0,0.7322,73.22,463,2,99.57,99.21,96.03,36.51,82.26,high,La estimación presenta una estabilidad alta en comparación con el resto de barrios.,residential_sale,asking_price,unknown,14108.83,,14032.44,266.92,,263.1,100,,99.46,True,False,True,2025,EUR_per_m2,mean_declared_transaction_price,residential_sales,Ayuntamiento de Madrid,Colegio de Registradores de España,504020100060,15,97.7,True,True,82.26,high,14108.83,registered_transactions_2025,official_price_and_kaggle_features,698.9400000000005,5.212123291093369,1.0521212329109335,DEST_001,Recoletos,Salamanca,Puerta del Sol,2026-07-29,success,success,2026-07-29T08:31:00+02:00,2026-07-29T08:58:12+02:00,BUS,9,Información oficial: Consorcio Regional de Transportes de Madrid,27.2,12.7,7.0,881.71,0.0,2026-07-29T18:00:00+02:00,2026-07-29T18:29:10+02:00,BUS,20,Información oficial: Consorcio Regional de Transportes de Madrid,29.166666666666668,14.733333333333333,9.0,1100.69,0.0,56.36666666666667,27.43333333333333,16.0,0.0,0,complete_route,True,,True,usable
MAD-041,Recoletos,Salamanca,True,True,available,467,465,2,99.57,0.43,4.19,465,2967388.35,2350000.0,1400000.0,3850000.0,2450000.0,410000.0,13000000.0,13866.43,13409.89,11363.64,15870.31,4506.67,3683.52,33.61,13060.69,13809.52,748.84,5.58,206.71,465,2000,0.95,calculated,205.51,170.0,120.0,270.0,150.0,35.0,712.0,2.97,3.0,462,3,99.35,2.25,2.0,96,369,20.65,0.9333,93.33,465,0,100.0,0.7322,73.22,463,2,99.57,99.21,96.03,36.51,82.26,high,La estimación presenta una estabilidad alta en comparación con el resto de barrios.,residential_sale,asking_price,unknown,14108.83,,14032.44,266.92,,263.1,100,,99.46,True,False,True,2025,EUR_per_m2,mean_declared_transaction_price,residential_sales,Ayuntamiento de Madrid,Colegio de Registradores de España,504020100060,15,97.7,True,True,82.26,high,14108.83,registered_transactions_2025,official_price_and_kaggle_features,698.9400000000005,5.212123291093369,1.0521212329109335,DEST_002,Recoletos,Salamanca,Nuevos Ministerios,2026-07-29,success,success,2026-07-29T08:18:00+02:00,2026-07-29T08:53:47+02:00,BUS,14,Información oficial: Consorcio Regional de Transportes de Madrid,35.78333333333333,11.016666666666667,8.0,681.34,0.0,2026-07-29T18:00:00+02:00,2026-07-29T18:32:21+02:00,BUS,27,Información oficial: Consorcio Regional de Transportes de Madrid,32.35,9.95,7.0,615.38,0.0,68.13333333333333,20.96666666666667,15.0,0.0,0,complete_route,True,,True,usable
MAD-041,Recoletos,Salamanca,True,True,available,467,465,2,99.57,0.43,4.19,465,2967388.35,2350000.0,1400000.0,3850000.0,2450000.0,410000.0,13000000.0,13866.43,13409.89,11363.64,15870.31,4506.67,3683.52,33.61,13060.69,13809.52,748.84,5.58,206.71,465,2000,0.95,calculated,205.51,170.0,120.0,270.0,150.0,35.0,712.0,2.97,3.0,462,3,99.35,2.25,2.0,96,369,20.65,0.9333,93.33,465,0,100.0,0.7322,73.22,463,2,99.57,99.21,96.03,36.51,82.26,high,La estimación presenta una estabilidad alta en comparación con el resto de barrios.,residential_sale,asking_price,unknown,14108.83,,14032.44,266.92,,263.1,100,,99.46,True,False,True,2025,EUR_per_m2,mean_declared_transaction_price,residential_sales,Ayuntamiento de Madrid,Colegio de Registradores de España,504020100060,15,97.7,True,True,82.26,high,14108.83,registered_transactions_2025,official_price_and_kaggle_features,698.9400000000005,5.212123291093369,1.0521212329109335,DEST_003,Recoletos,Salamanca,UC3M Campus de Leganés,2026-07-29,success,success,2026-07-29T07:33:00+02:00,2026-07-29T08:56:51+02:00,BUS,27|E1|482,Información oficial: Consorcio Regional de Transportes de Madrid|Consorcio Regional de Transportes de Madrid,83.85,11.433333333333334,18.616666666666667,721.17,2.0,2026-07-29T18:00:58+02:00,2026-07-29T19:29:42+02:00,BUS,480|E1,Consorcio Regional de Transportes de Madrid|Información oficial: Consorcio Regional de Transportes de Madrid,88.73333333333333,20.0,13.0,1477.0,1.0,172.58333333333331,31.433333333333334,31.616666666666667,3.0,0,complete_route,True,,True,usable
MAD-042,Goya,Salamanca,True,True,available,612,601,11,98.2,1.8,5.41,601,1539194.84,1420000.0,1050000.0,1795000.0,745000.0,170000.0,7950000.0,10451.81,10420.73,8898.31,11694.92,2796.61,2383.2,26.84,10216.59,10531.91,315.33,3.03,87.01,601,2000,0.95,calculated,148.15,137.0,97.0,170.0,73.0,22.0,720.0,2.78,3.0,601,0,100.0,2.17,2.0,180,421,29.95,0.9617,96.17,600,1,99.83,0.8483,84.83,600,1,99.83,100.0,99.21,68.25,91.75,high,La estimación presenta una estabilidad alta en comparación con el resto de barrios.,residential_sale,asking_price,unknown,9638.66,,9634.29,182.35,,180.63,100,,99.95,True,False,True,2025,EUR_per_m2,mean_declared_transaction_price,residential_sales,Ayuntamiento de Madrid,Colegio de Registradores de España,504020100060,15,97.7,True,True,91.75,high,9638.66,registered_transactions_2025,official_price_and_kaggle_features,-782.0699999999997,-7.504944471260648,0.9249505552873936,DEST_001,Goya,Salamanca,Puerta del Sol,2026-07-29,success,success,2026-07-29T08:17:00+02:00,2026-07-29T08:51:17+02:00,BUS,53,Información oficial: Consorcio Regional de Transportes de Madrid,34.28333333333333,9.133333333333333,10.0,627.79,0.0,2026-07-29T18:00:00+02:00,2026-07-29T18:31:16+02:00,BUS,146,Información oficial: Consorcio Regional de Transportes de Madrid,31.266666666666666,6.766666666666667,9.0,505.96,0.0,65.55,15.9,19.0,0.0,0,complete_route,True,,True,usable
MAD-042,Goya,Salamanca,True,True,available,612,601,11,98.2,1.8,5.41,601,1539194.84,1420000.0,1050000.0,1795000.0,745000.0,170000.0,7950000.0,10451.81,10420.73,8898.31,11694.92,2796.61,2383.2,26.84,10216.59,10531.91,315.33,3.03,87.01,601,2000,0.95,calculated,148.15,137.0,97.0,170.0,73.0,22.0,720.0,2.78,3.0,601,0,100.0,2.17,2.0,180,421,29.95,0.9617,96.17,600,1,99.83,0.8483,84.83,600,1,99.83,100.0,99.21,68.25,91.75,high,La estimación presenta una estabilidad alta en comparación con el resto de barrios.,residential_sale,asking_price,unknown,9638.66,,9634.29,182.35,,180.63,100,,99.95,True,False,True,2025,EUR_per_m2,mean_declared_transaction_price,residential_sales,Ayuntamiento de Madrid,Colegio de Registradores de España,504020100060,15,97.7,True,True,91.75,high,9638.66,registered_transactions_2025,official_price_and_kaggle_features,-782.0699999999997,-7.504944471260648,0.9249505552873936,DEST_002,Goya,Salamanca,Nuevos Ministerios,2026-07-29,success,success,2026-07-29T08:17:00+02:00,2026-07-29T08:51:38+02:00,BUS,C2,Información oficial: Consorcio Regional de Transportes de Madrid,34.63333333333333,5.65,5.0,388.32,0.0,2026-07-29T18:00:00+02:00,2026-07-29T18:34:40+02:00,BUS,C1,Información oficial: Consorcio Regional de Transportes de Madrid,34.666666666666664,4.466666666666667,6.0,273.79,0.0,69.3,10.116666666666667,11.0,0.0,0,complete_route,True,,True,usable
MAD-042,Goya,Salamanca,True,True,available,612,601,11,98.2,1.8,5.41,601,1539194.84,1420000.0,1050000.0,1795000.0,745000.0,170000.0,7950000.0,10451.81,10420.73,8898.31,11694.92,2796.61,2383.2,26.84,10216.59,10531.91,315.33,3.03,87.01,601,2000,0.95,calculated,148.15,137.0,97.0,170.0,73.0,22.0,720.0,2.78,3.0,601,0,100.0,2.17,2.0,180,421,29.95,0.9617,96.17,600,1,99.83,0.8483,84.83,600,1,99.83,100.0,99.21,68.25,91.75,high,La estimación presenta una estabilidad alta en comparación con el resto de barrios.,residential_sale,asking_price,unknown,9638.66,,9634.29,182.35,,180.63,100,,99.95,True,False,True,2025,EUR_per_m2,mean_declared_transaction_price,residential_sales,Ayuntamiento de Madrid,Colegio de Registradores de España,504020100060,15,97.7,True,True,91.75,high,9638.66,registered_transactions_2025,official_price_and_kaggle_features,-782.0699999999997,-7.504944471260648,0.9249505552873936,DEST_003,Goya,Salamanca,UC3M Campus de Leganés,2026-07-29,success,success,2026-07-29T07:22:00+02:00,2026-07-29T08:56:51+02:00,BUS,C1|E1|482,Información oficial: Consorcio Regional de Transportes de Madrid|Consorcio Regional de Transportes de Madrid,94.85,7.15,19.48333333333333,450.46,2.0,2026-07-29T18:00:58+02:00,2026-07-29T19:36:05+02:00,BUS,480|E1|146,Consorcio Regional de Transportes de Madrid|Información oficial: Consorcio Regional de Transportes de Madrid,95.11666666666666,6.533333333333333,23.0,395.51,2.0,189.96666666666664,13.683333333333334,42.48333333333333,4.0,0,complete_route,True,,True,usable
MAD-043,Fuente del Berro,Salamanca,True,True,available,105,101,4,96.19,3.81,0.91,101,835510.89,565000.0,357900.0,949800.0,591900.0,185000.0,2750000.0,7076.58,6830.0,5643.56,8080.81,2437.24,1908.45,35.68,6571.43,7186.05,614.62,9.0,185.31,101,2000,0.95,calculated,112.59,90.0,60.0,133.0,73.0,25.0,297.0,2.48,2.0,96,5,95.05,1.26,1.0,19,82,18.81,0.8791,87.91,91,10,90.1,0.7582,75.82,91,10,90.1,76.19,82.54,23.81,65.63,medium,La estimación presenta una estabilidad intermedia en comparación con el resto de barrios.,residential_sale,asking_price,unknown,7598.53,,7593.89,143.76,,142.38,100,,99.94,True,False,True,2025,EUR_per_m2,mean_declared_transaction_price,residential_sales,Ayuntamiento de Madrid,Colegio de Registradores de España,504020100060,15,97.7,True,True,65.63,medium,7598.53,registered_transactions_2025,official_price_and_kaggle_features,768.5299999999997,11.25226939970717,1.1125226939970716,DEST_001,Fuente del Berro,Salamanca,Puerta del Sol,2026-07-29,success,success,2026-07-29T08:09:00+02:00,2026-07-29T08:57:17+02:00,BUS,146,Información oficial: Consorcio Regional de Transportes de Madrid,48.28333333333333,17.7,10.0,1324.5300000000002,0.0,2026-07-29T18:00:00+02:00,2026-07-29T18:46:50+02:00,BUS,146,Información oficial: Consorcio Regional de Transportes de Madrid,46.833333333333336,17.283333333333335,9.0,1327.23,0.0,95.11666666666667,34.983333333333334,19.0,0.0,0,complete_route,True,,True,usable
MAD-043,Fuente del Berro,Salamanca,True,True,available,105,101,4,96.19,3.81,0.91,101,835510.89,565000.0,357900.0,949800.0,591900.0,185000.0,2750000.0,7076.58,6830.0,5643.56,8080.81,2437.24,1908.45,35.68,6571.43,7186.05,614.62,9.0,185.31,101,2000,0.95,calculated,112.59,90.0,60.0,133.0,73.0,25.0,297.0,2.48,2.0,96,5,95.05,1.26,1.0,19,82,18.81,0.8791,87.91,91,10,90.1,0.7582,75.82,91,10,90.1,76.19,82.54,23.81,65.63,medium,La estimación presenta una estabilidad intermedia en comparación con el resto de barrios.,residential_sale,asking_price,unknown,7598.53,,7593.89,143.76,,142.38,100,,99.94,True,False,True,2025,EUR_per_m2,mean_declared_transaction_price,residential_sales,Ayuntamiento de Madrid,Colegio de Registradores de España,504020100060,15,97.7,True,True,65.63,medium,7598.53,registered_transactions_2025,official_price_and_kaggle_features,768.5299999999997,11.25226939970717,1.1125226939970716,DEST_002,Fuente del Berro,Salamanca,Nuevos Ministerios,2026-07-29,success,success,2026-07-29T08:08:00+02:00,2026-07-29T08:43:17+02:00,BUS,C2,Información oficial: Consorcio Regional de Transportes de Madrid,35.28333333333333,11.6,5.0,843.75,0.0,2026-07-29T18:00:00+02:00,2026-07-29T18:38:49+02:00,BUS,C1,Información oficial: Consorcio Regional de Transportes de Madrid,38.81666666666667,13.6,6.0,961.24,0.0,74.1,25.2,11.0,0.0,0,complete_route,True,,True,usable
MAD-043,Fuente del Berro,Salamanca,True,True,available,105,101,4,96.19,3.81,0.91,101,835510.89,565000.0,357900.0,949800.0,591900.0,185000.0,2750000.0,7076.58,6830.0,5643.56,8080.81,2437.24,1908.45,35.68,6571.43,7186.05,614.62,9.0,185.31,101,2000,0.95,calculated,112.59,90.0,60.0,133.0,73.0,25.0,297.0,2.48,2.0,96,5,95.05,1.26,1.0,19,82,18.81,0.8791,87.91,91,10,90.1,0.7582,75.82,91,10,90.1,76.19,82.54,23.81,65.63,medium,La estimación presenta una estabilidad intermedia en comparación con el resto de barrios.,residential_sale,asking_price,unknown,7598.53,,7593.89,143.76,,142.38,100,,99.94,True,False,True,2025,EUR_per_m2,mean_declared_transaction_price,residential_sales,Ayuntamiento de Madrid,Colegio de Registradores de España,504020100060,15,97.7,True,True,65.63,medium,7598.53,registered_transactions_2025,official_price_and_kaggle_features,768.5299999999997,11.25226939970717,1.1125226939970716,DEST_003,Fuente del Berro,Salamanca,UC3M Campus de Leganés,2026-07-29,success,success,2026-07-29T07:10:00+02:00,2026-07-29T08:56:51+02:00,BUS,C1|E1|482,Información oficial: Consorcio Regional de Transportes de Madrid|Consorcio Regional de Transportes de Madrid,106.85,16.933333333333334,19.016666666666666,1194.5300000000002,2.0,2026-07-29T18:00:58+02:00,2026-07-29T19:49:01+02:00,BUS,480|E1|203,Consorcio Regional de Transportes de Madrid|Información oficial: Consorcio Regional de Transportes de Madrid,108.05,18.1,30.0,1340.18,2.0,214.9,35.03333333333333,49.016666666666666,4.0,0,complete_route,True,,True,usable
MAD-044,Guindalera,Salamanca,True,True,available,115,113,2,98.26,1.74,1.02,113,751325.66,635000.0,440000.0,930000.0,490000.0,179000.0,1950000.0,6810.56,6587.3,5708.33,7800.0,2091.67,1786.13,31.75,6267.61,7000.12,732.51,11.12,218.62,113,2000,0.95,calculated,116.99,97.0,66.0,160.0,94.0,20.0,340.0,2.53,3.0,109,4,96.46,1.93,2.0,27,86,23.89,0.8818,88.18,110,3,97.35,0.8929,89.29,112,1,99.12,80.95,67.46,48.41,67.42,medium,La estimación presenta una estabilidad intermedia en comparación con el resto de barrios.,residential_sale,asking_price,unknown,6722.25,8817.69,6651.67,127.18,174.9,124.71,100,131.17,98.95,True,True,True,2025,EUR_per_m2,mean_declared_transaction_price,residential_sales,Ayuntamiento de Madrid,Colegio de Registradores de España,504020100060,15,97.7,True,True,67.42,medium,6722.25,registered_transactions_2025,official_price_and_kaggle_features,134.94999999999982,2.048639047864828,1.0204863904786483,DEST_001,Guindalera,Salamanca,Puerta del Sol,2026-07-29,success,success,2026-07-29T07:59:00+02:00,2026-07-29T08:47:53+02:00,BUS,53,Información oficial: Consorcio Regional de Transportes de Madrid,48.88333333333333,15.016666666666667,10.0,1113.59,0.0,2026-07-29T18:00:00+02:00,2026-07-29T18:51:10+02:00,BUS,146,Información oficial: Consorcio Regional de Transportes de Madrid,51.16666666666666,19.666666666666668,9.0,1411.48,0.0,100.04999999999998,34.68333333333334,19.0,0.0,0,complete_route,True,,True,usable
MAD-044,Guindalera,Salamanca,True,True,available,115,113,2,98.26,1.74,1.02,113,751325.66,635000.0,440000.0,930000.0,490000.0,179000.0,1950000.0,6810.56,6587.3,5708.33,7800.0,2091.67,1786.13,31.75,6267.61,7000.12,732.51,11.12,218.62,113,2000,0.95,calculated,116.99,97.0,66.0,160.0,94.0,20.0,340.0,2.53,3.0,109,4,96.46,1.93,2.0,27,86,23.89,0.8818,88.18,110,3,97.35,0.8929,89.29,112,1,99.12,80.95,67.46,48.41,67.42,medium,La estimación presenta una estabilidad intermedia en comparación con el resto de barrios.,residential_sale,asking_price,unknown,6722.25,8817.69,6651.67,127.18,174.9,124.71,100,131.17,98.95,True,True,True,2025,EUR_per_m2,mean_declared_transaction_price,residential_sales,Ayuntamiento de Madrid,Colegio de Registradores de España,504020100060,15,97.7,True,True,67.42,medium,6722.25,registered_transactions_2025,official_price_and_kaggle_features,134.94999999999982,2.048639047864828,1.0204863904786483,DEST_002,Guindalera,Salamanca,Nuevos Ministerios,2026-07-29,success,success,2026-07-29T08:25:00+02:00,2026-07-29T08:52:31+02:00,BUS,C2,Información oficial: Consorcio Regional de Transportes de Madrid,27.516666666666666,9.366666666666667,5.0,709.1899999999999,0.0,2026-07-29T18:00:00+02:00,2026-07-29T18:30:40+02:00,BUS,C1,Información oficial: Consorcio Regional de Transportes de Madrid,30.666666666666668,10.616666666666667,6.0,798.35,0.0,58.18333333333334,19.98333333333333,11.0,0.0,0,complete_route,True,,True,usable
MAD-044,Guindalera,Salamanca,True,True,available,115,113,2,98.26,1.74,1.02,113,751325.66,635000.0,440000.0,930000.0,490000.0,179000.0,1950000.0,6810.56,6587.3,5708.33,7800.0,2091.67,1786.13,31.75,6267.61,7000.12,732.51,11.12,218.62,113,2000,0.95,calculated,116.99,97.0,66.0,160.0,94.0,20.0,340.0,2.53,3.0,109,4,96.46,1.93,2.0,27,86,23.89,0.8818,88.18,110,3,97.35,0.8929,89.29,112,1,99.12,80.95,67.46,48.41,67.42,medium,La estimación presenta una estabilidad intermedia en comparación con el resto de barrios.,residential_sale,asking_price,unknown,6722.25,8817.69,6651.67,127.18,174.9,124.71,100,131.17,98.95,True,True,True,2025,EUR_per_m2,mean_declared_transaction_price,residential_sales,Ayuntamiento de Madrid,Colegio de Registradores de España,504020100060,15,97.7,True,True,67.42,medium,6722.25,registered_transactions_2025,official_price_and_kaggle_features,134.94999999999982,2.048639047864828,1.0204863904786483,DEST_003,Guindalera,Salamanca,UC3M Campus de Leganés,2026-07-29,success,success,2026-07-29T07:09:00+02:00,2026-07-29T08:56:51+02:00,BUS,27|E1|482,Información oficial: Consorcio Regional de Transportes de Madrid|Consorcio Regional de Transportes de Madrid,107.85,30.35,18.666666666666668,2220.48,2.0,2026-07-29T18:00:58+02:00,2026-07-29T19:55:09+02:00,BUS,480|E1|146,Consorcio Regional de Transportes de Madrid|Información oficial: Consorcio Regional de Transportes de Madrid,114.18333333333334,19.433333333333334,23.0,1301.03,2.0,222.03333333333333,49.78333333333333,41.66666666666667,4.0,0,complete_route,True,,True,usable
MAD-045,Lista,Salamanca,True,True,available,304,303,1,99.67,0.33,2.73,303,1514144.38,1399000.0,877000.0,1909000.0,1032000.0,250000.0,13090000.0,10402.25,10499.23,8890.55,11658.33,2767.78,2254.39,26.36,10092.78,10679.39,586.61,5.59,180.12,303,2000,0.95,calculated,143.88,131.0,97.0,184.5,87.5,40.0,605.0,2.71,3.0,303,0,100.0,2.14,2.0,93,210,30.69,0.9538,95.38,303,0,100.0,0.7525,75.25,303,0,100.0,95.24,95.24,72.22,89.48,high,La estimación presenta una estabilidad alta en comparación con el resto de barrios.,residential_sale,asking_price,unknown,10066.56,,10045.62,190.45,,188.35,100,,99.79,True,False,True,2025,EUR_per_m2,mean_declared_transaction_price,residential_sales,Ayuntamiento de Madrid,Colegio de Registradores de España,504020100060,15,97.7,True,True,89.48,high,10066.56,registered_transactions_2025,official_price_and_kaggle_features,-432.6700000000001,-4.120968871050545,0.9587903112894944,DEST_001,Lista,Salamanca,Puerta del Sol,2026-07-29,success,success,2026-07-29T08:10:00+02:00,2026-07-29T08:51:18+02:00,BUS,52,Información oficial: Consorcio Regional de Transportes de Madrid,41.3,11.95,11.0,848.62,0.0,2026-07-29T18:00:00+02:00,2026-07-29T18:44:41+02:00,BUS,52,Información oficial: Consorcio Regional de Transportes de Madrid,44.68333333333333,17.016666666666666,10.0,1258.02,0.0,85.98333333333332,28.966666666666665,21.0,0.0,0,complete_route,True,,True,usable
MAD-045,Lista,Salamanca,True,True,available,304,303,1,99.67,0.33,2.73,303,1514144.38,1399000.0,877000.0,1909000.0,1032000.0,250000.0,13090000.0,10402.25,10499.23,8890.55,11658.33,2767.78,2254.39,26.36,10092.78,10679.39,586.61,5.59,180.12,303,2000,0.95,calculated,143.88,131.0,97.0,184.5,87.5,40.0,605.0,2.71,3.0,303,0,100.0,2.14,2.0,93,210,30.69,0.9538,95.38,303,0,100.0,0.7525,75.25,303,0,100.0,95.24,95.24,72.22,89.48,high,La estimación presenta una estabilidad alta en comparación con el resto de barrios.,residential_sale,asking_price,unknown,10066.56,,10045.62,190.45,,188.35,100,,99.79,True,False,True,2025,EUR_per_m2,mean_declared_transaction_price,residential_sales,Ayuntamiento de Madrid,Colegio de Registradores de España,504020100060,15,97.7,True,True,89.48,high,10066.56,registered_transactions_2025,official_price_and_kaggle_features,-432.6700000000001,-4.120968871050545,0.9587903112894944,DEST_002,Lista,Salamanca,Nuevos Ministerios,2026-07-29,success,success,2026-07-29T08:28:00+02:00,2026-07-29T08:52:53+02:00,BUS,C2,Información oficial: Consorcio Regional de Transportes de Madrid,24.883333333333333,6.733333333333333,5.0,408.54,0.0,2026-07-29T18:00:00+02:00,2026-07-29T18:27:10+02:00,BUS,C1,Información oficial: Consorcio Regional de Transportes de Madrid,27.166666666666668,7.116666666666666,6.0,457.92,0.0,52.05,13.85,11.0,0.0,0,complete_route,True,,True,usable
MAD-045,Lista,Salamanca,True,True,available,304,303,1,99.67,0.33,2.73,303,1514144.38,1399000.0,877000.0,1909000.0,1032000.0,250000.0,13090000.0,10402.25,10499.23,8890.55,11658.33,2767.78,2254.39,26.36,10092.78,10679.39,586.61,5.59,180.12,303,2000,0.95,calculated,143.88,131.0,97.0,184.5,87.5,40.0,605.0,2.71,3.0,303,0,100.0,2.14,2.0,93,210,30.69,0.9538,95.38,303,0,100.0,0.7525,75.25,303,0,100.0,95.24,95.24,72.22,89.48,high,La estimación presenta una estabilidad alta en comparación con el resto de barrios.,residential_sale,asking_price,unknown,10066.56,,10045.62,190.45,,188.35,100,,99.79,True,False,True,2025,EUR_per_m2,mean_declared_transaction_price,residential_sales,Ayuntamiento de Madrid,Colegio de Registradores de España,504020100060,15,97.7,True,True,89.48,high,10066.56,registered_transactions_2025,official_price_and_kaggle_features,-432.6700000000001,-4.120968871050545,0.9587903112894944,DEST_003,Lista,Salamanca,UC3M Campus de Leganés,2026-07-29,success,success,2026-07-29T07:19:00+02:00,2026-07-29T08:56:51+02:00,BUS,27|E1|482,Información oficial: Consorcio Regional de Transportes de Madrid|Consorcio Regional de Transportes de Madrid,97.85,20.616666666666667,18.4,1469.71,2.0,2026-07-29T18:00:58+02:00,2026-07-29T19:46:05+02:00,BUS,480|E1|19,Consorcio Regional de Transportes de Madrid|Información oficial: Consorcio Regional de Transportes de Madrid,105.11666666666666,15.5,20.0,1122.81,2.0,202.96666666666664,36.11666666666667,38.4,4.0,0,complete_route,True,,True,usable
MAD-046,Castellana,Salamanca,True,True,available,415,412,3,99.28,0.72,3.71,412,2468639.56,1937500.0,1329000.0,3183750.0,1854750.0,370000.0,12500000.0,11347.44,10547.62,9207.71,12741.73,3534.01,3018.38,33.51,10200.0,11000.0,800.0,7.58,184.88,412,2000,0.95,calculated,211.81,178.5,124.0,281.75,157.75,39.0,730.0,3.21,3.0,410,2,99.51,2.53,2.0,107,305,25.97,0.9733,97.33,412,0,100.0,0.7956,79.56,411,1,99.76,97.62,87.3,37.3,78.41,high,La estimación presenta una estabilidad alta en comparación con el resto de barrios.,residential_sale,asking_price,unknown,11685.39,,11738.98,221.07,,220.1,100,,100.46,True,False,True,2025,EUR_per_m2,mean_declared_transaction_price,residential_sales,Ayuntamiento de Madrid,Colegio de Registradores de España,504020100060,15,97.7,True,True,78.41,high,11685.39,registered_transactions_2025,official_price_and_kaggle_features,1137.7699999999986,10.786983224651614,1.107869832246516,DEST_001,Castellana,Salamanca,Puerta del Sol,2026-07-29,success,success,2026-07-29T08:19:00+02:00,2026-07-29T08:53:13+02:00,BUS,9,Información oficial: Consorcio Regional de Transportes de Madrid,34.21666666666667,13.1,7.0,923.55,0.0,2026-07-29T18:00:00+02:00,2026-07-29T18:35:26+02:00,BUS,51,Información oficial: Consorcio Regional de Transportes de Madrid,35.43333333333333,8.116666666666667,10.0,572.75,0.0,69.65,21.21666666666667,17.0,0.0,0,complete_route,True,,True,usable
MAD-046,Castellana,Salamanca,True,True,available,415,412,3,99.28,0.72,3.71,412,2468639.56,1937500.0,1329000.0,3183750.0,1854750.0,370000.0,12500000.0,11347.44,10547.62,9207.71,12741.73,3534.01,3018.38,33.51,10200.0,11000.0,800.0,7.58,184.88,412,2000,0.95,calculated,211.81,178.5,124.0,281.75,157.75,39.0,730.0,3.21,3.0,410,2,99.51,2.53,2.0,107,305,25.97,0.9733,97.33,412,0,100.0,0.7956,79.56,411,1,99.76,97.62,87.3,37.3,78.41,high,La estimación presenta una estabilidad alta en comparación con el resto de barrios.,residential_sale,asking_price,unknown,11685.39,,11738.98,221.07,,220.1,100,,100.46,True,False,True,2025,EUR_per_m2,mean_declared_transaction_price,residential_sales,Ayuntamiento de Madrid,Colegio de Registradores de España,504020100060,15,97.7,True,True,78.41,high,11685.39,registered_transactions_2025,official_price_and_kaggle_features,1137.7699999999986,10.786983224651614,1.107869832246516,DEST_002,Castellana,Salamanca,Nuevos Ministerios,2026-07-29,success,success,2026-07-29T08:30:00+02:00,2026-07-29T08:59:00+02:00,BUS,19|C2,Información oficial: Consorcio Regional de Transportes de Madrid,29.0,3.9,13.0,265.14,1.0,2026-07-29T18:00:00+02:00,2026-07-29T18:26:17+02:00,BUS,27,Información oficial: Consorcio Regional de Transportes de Madrid,26.28333333333333,10.016666666666667,7.0,672.25,0.0,55.28333333333333,13.916666666666668,20.0,1.0,0,complete_route,True,,True,usable
MAD-046,Castellana,Salamanca,True,True,available,415,412,3,99.28,0.72,3.71,412,2468639.56,1937500.0,1329000.0,3183750.0,1854750.0,370000.0,12500000.0,11347.44,10547.62,9207.71,12741.73,3534.01,3018.38,33.51,10200.0,11000.0,800.0,7.58,184.88,412,2000,0.95,calculated,211.81,178.5,124.0,281.75,157.75,39.0,730.0,3.21,3.0,410,2,99.51,2.53,2.0,107,305,25.97,0.9733,97.33,412,0,100.0,0.7956,79.56,411,1,99.76,97.62,87.3,37.3,78.41,high,La estimación presenta una estabilidad alta en comparación con el resto de barrios.,residential_sale,asking_price,unknown,11685.39,,11738.98,221.07,,220.1,100,,100.46,True,False,True,2025,EUR_per_m2,mean_declared_transaction_price,residential_sales,Ayuntamiento de Madrid,Colegio de Registradores de España,504020100060,15,97.7,True,True,78.41,high,11685.39,registered_transactions_2025,official_price_and_kaggle_features,1137.7699999999986,10.786983224651614,1.107869832246516,DEST_003,Castellana,Salamanca,UC3M Campus de Leganés,2026-07-29,success,success,2026-07-29T07:28:00+02:00,2026-07-29T08:56:51+02:00,BUS,27|E1|482,Información oficial: Consorcio Regional de Transportes de Madrid|Consorcio Regional de Transportes de Madrid,88.85,11.5,18.516666666666666,778.04,2.0,2026-07-29T18:00:58+02:00,2026-07-29T19:36:30+02:00,BUS,480|E1|19,Consorcio Regional de Transportes de Madrid|Información oficial: Consorcio Regional de Transportes de Madrid,95.53333333333332,5.916666666666667,20.0,399.76,2.0,184.38333333333333,17.416666666666668,38.516666666666666,4.0,0,complete_route,True,,True,usable
MAD-051,El Viso,Chamartín,True,True,available,199,197,2,98.99,1.01,1.77,197,2644817.11,1890000.0,1300000.0,3200000.0,1900000.0,320000.0,23000000.0,9189.33,8600.0,7173.91,10106.38,2932.47,3263.68,34.1,8076.92,8984.38,907.45,10.55,232.33,197,2000,0.95,calculated,277.93,260.0,148.0,321.0,173.0,40.0,1000.0,4.1,4.0,195,2,98.98,2.7,2.0,40,157,20.3,0.9477,94.77,172,25,87.31,0.9368,93.68,174,23,88.32,91.27,73.81,34.13,70.0,medium,La estimación presenta una estabilidad intermedia en comparación con el resto de barrios.,residential_sale,asking_price,unknown,9382.09,,9382.09,177.5,,175.91,100,,100.0,True,False,True,2025,EUR_per_m2,mean_declared_transaction_price,residential_sales,Ayuntamiento de Madrid,Colegio de Registradores de España,504020100060,15,97.7,True,True,70.0,medium,9382.09,registered_transactions_2025,official_price_and_kaggle_features,782.0900000000001,9.094069767441862,1.0909406976744187,DEST_001,El Viso,Chamartín,Puerta del Sol,2026-07-29,success,success,2026-07-29T08:11:00+02:00,2026-07-29T08:55:03+02:00,BUS,51,Información oficial: Consorcio Regional de Transportes de Madrid,44.05,10.316666666666666,11.0,681.89,0.0,2026-07-29T18:00:00+02:00,2026-07-29T18:45:43+02:00,BUS,150,Información oficial: Consorcio Regional de Transportes de Madrid,45.71666666666667,16.533333333333335,10.0,1179.71,0.0,89.76666666666667,26.85,21.0,0.0,0,complete_route,True,,True,usable
MAD-051,El Viso,Chamartín,True,True,available,199,197,2,98.99,1.01,1.77,197,2644817.11,1890000.0,1300000.0,3200000.0,1900000.0,320000.0,23000000.0,9189.33,8600.0,7173.91,10106.38,2932.47,3263.68,34.1,8076.92,8984.38,907.45,10.55,232.33,197,2000,0.95,calculated,277.93,260.0,148.0,321.0,173.0,40.0,1000.0,4.1,4.0,195,2,98.98,2.7,2.0,40,157,20.3,0.9477,94.77,172,25,87.31,0.9368,93.68,174,23,88.32,91.27,73.81,34.13,70.0,medium,La estimación presenta una estabilidad intermedia en comparación con el resto de barrios.,residential_sale,asking_price,unknown,9382.09,,9382.09,177.5,,175.91,100,,100.0,True,False,True,2025,EUR_per_m2,mean_declared_transaction_price,residential_sales,Ayuntamiento de Madrid,Colegio de Registradores de España,504020100060,15,97.7,True,True,70.0,medium,9382.09,registered_transactions_2025,official_price_and_kaggle_features,782.0900000000001,9.094069767441862,1.0909406976744187,DEST_002,El Viso,Chamartín,Nuevos Ministerios,2026-07-29,no_route,no_route,,,,,,,,,,,,,,,,,,,,,,,,,2,no_route,False,no_hay_ruta_en_ningun_sentido,False,ruta_incompleta
MAD-051,El Viso,Chamartín,True,True,available,199,197,2,98.99,1.01,1.77,197,2644817.11,1890000.0,1300000.0,3200000.0,1900000.0,320000.0,23000000.0,9189.33,8600.0,7173.91,10106.38,2932.47,3263.68,34.1,8076.92,8984.38,907.45,10.55,232.33,197,2000,0.95,calculated,277.93,260.0,148.0,321.0,173.0,40.0,1000.0,4.1,4.0,195,2,98.98,2.7,2.0,40,157,20.3,0.9477,94.77,172,25,87.31,0.9368,93.68,174,23,88.32,91.27,73.81,34.13,70.0,medium,La estimación presenta una estabilidad intermedia en comparación con el resto de barrios.,residential_sale,asking_price,unknown,9382.09,,9382.09,177.5,,175.91,100,,100.0,True,False,True,2025,EUR_per_m2,mean_declared_transaction_price,residential_sales,Ayuntamiento de Madrid,Colegio de Registradores de España,504020100060,15,97.7,True,True,70.0,medium,9382.09,registered_transactions_2025,official_price_and_kaggle_features,782.0900000000001,9.094069767441862,1.0909406976744187,DEST_003,El Viso,Chamartín,UC3M Campus de Leganés,2026-07-29,success,success,2026-07-29T07:27:00+02:00,2026-07-29T08:56:51+02:00,BUS,19|E1|482,Información oficial: Consorcio Regional de Transportes de Madrid|Consorcio Regional de Transportes de Madrid,89.85,12.716666666666669,20.55,843.9300000000001,2.0,2026-07-29T18:00:58+02:00,2026-07-29T19:46:54+02:00,BUS,480|E1|19,Consorcio Regional de Transportes de Madrid|Información oficial: Consorcio Regional de Transportes de Madrid,105.93333333333334,7.75,20.0,543.1800000000001,2.0,195.78333333333333,20.46666666666667,40.55,4.0,0,complete_route,True,,True,usable
MAD-052,Prosperidad,Chamartín,True,True,available,92,91,1,98.91,1.09,0.82,91,698096.65,585000.0,412500.0,832000.0,419500.0,159995.0,3800000.0,6146.62,6000.0,5193.06,7151.67,1958.61,1391.7,32.64,5833.33,6400.0,566.67,9.44,177.34,91,2000,0.95,calculated,112.3,96.0,70.0,136.5,66.5,20.0,442.0,2.63,3.0,90,1,98.9,1.42,1.0,19,72,20.88,0.8462,84.62,91,0,100.0,0.8352,83.52,91,0,100.0,69.84,80.16,42.86,67.22,medium,La estimación presenta una estabilidad intermedia en comparación con el resto de barrios.,residential_sale,asking_price,unknown,6448.55,7258.0,6381.77,122.0,143.97,119.65,100,112.55,98.96,True,True,True,2025,EUR_per_m2,mean_declared_transaction_price,residential_sales,Ayuntamiento de Madrid,Colegio de Registradores de España,504020100060,15,97.7,True,True,67.22,medium,6448.55,registered_transactions_2025,official_price_and_kaggle_features,448.5500000000002,7.475833333333336,1.0747583333333333,DEST_001,Prosperidad,Chamartín,Puerta del Sol,2026-07-29,success,success,2026-07-29T07:57:00+02:00,2026-07-29T08:45:27+02:00,BUS,9,Información oficial: Consorcio Regional de Transportes de Madrid,48.45,14.416666666666666,7.0,1061.53,0.0,2026-07-29T18:00:00+02:00,2026-07-29T18:53:31+02:00,BUS,9,Información oficial: Consorcio Regional de Transportes de Madrid,53.516666666666666,16.466666666666665,9.0,1216.2,0.0,101.96666666666668,30.883333333333333,16.0,0.0,0,complete_route,True,,True,usable
MAD-052,Prosperidad,Chamartín,True,True,available,92,91,1,98.91,1.09,0.82,91,698096.65,585000.0,412500.0,832000.0,419500.0,159995.0,3800000.0,6146.62,6000.0,5193.06,7151.67,1958.61,1391.7,32.64,5833.33,6400.0,566.67,9.44,177.34,91,2000,0.95,calculated,112.3,96.0,70.0,136.5,66.5,20.0,442.0,2.63,3.0,90,1,98.9,1.42,1.0,19,72,20.88,0.8462,84.62,91,0,100.0,0.8352,83.52,91,0,100.0,69.84,80.16,42.86,67.22,medium,La estimación presenta una estabilidad intermedia en comparación con el resto de barrios.,residential_sale,asking_price,unknown,6448.55,7258.0,6381.77,122.0,143.97,119.65,100,112.55,98.96,True,True,True,2025,EUR_per_m2,mean_declared_transaction_price,residential_sales,Ayuntamiento de Madrid,Colegio de Registradores de España,504020100060,15,97.7,True,True,67.22,medium,6448.55,registered_transactions_2025,official_price_and_kaggle_features,448.5500000000002,7.475833333333336,1.0747583333333333,DEST_002,Prosperidad,Chamartín,Nuevos Ministerios,2026-07-29,success,success,2026-07-29T08:25:52+02:00,2026-07-29T08:57:44+02:00,BUS,223|C2,Consorcio Regional de Transportes de Madrid|Información oficial: Consorcio Regional de Transportes de Madrid,31.866666666666667,11.333333333333334,8.0,780.22,1.0,2026-07-29T18:00:00+02:00,2026-07-29T18:38:41+02:00,BUS,C1,Información oficial: Consorcio Regional de Transportes de Madrid,38.68333333333333,24.98333333333333,6.0,1788.7800000000002,0.0,70.55,36.31666666666666,14.0,1.0,0,complete_route,True,,True,usable
MAD-052,Prosperidad,Chamartín,True,True,available,92,91,1,98.91,1.09,0.82,91,698096.65,585000.0,412500.0,832000.0,419500.0,159995.0,3800000.0,6146.62,6000.0,5193.06,7151.67,1958.61,1391.7,32.64,5833.33,6400.0,566.67,9.44,177.34,91,2000,0.95,calculated,112.3,96.0,70.0,136.5,66.5,20.0,442.0,2.63,3.0,90,1,98.9,1.42,1.0,19,72,20.88,0.8462,84.62,91,0,100.0,0.8352,83.52,91,0,100.0,69.84,80.16,42.86,67.22,medium,La estimación presenta una estabilidad intermedia en comparación con el resto de barrios.,residential_sale,asking_price,unknown,6448.55,7258.0,6381.77,122.0,143.97,119.65,100,112.55,98.96,True,True,True,2025,EUR_per_m2,mean_declared_transaction_price,residential_sales,Ayuntamiento de Madrid,Colegio de Registradores de España,504020100060,15,97.7,True,True,67.22,medium,6448.55,registered_transactions_2025,official_price_and_kaggle_features,448.5500000000002,7.475833333333336,1.0747583333333333,DEST_003,Prosperidad,Chamartín,UC3M Campus de Leganés,2026-07-29,success,success,2026-07-29T07:09:00+02:00,2026-07-29T08:56:51+02:00,BUS,19|E1|482,Información oficial: Consorcio Regional de Transportes de Madrid|Consorcio Regional de Transportes de Madrid,107.85,27.73333333333333,20.73333333333333,2047.12,2.0,2026-07-29T18:00:58+02:00,2026-07-29T19:59:56+02:00,BUS,480|E1|9,Consorcio Regional de Transportes de Madrid|Información oficial: Consorcio Regional de Transportes de Madrid,118.96666666666668,12.716666666666669,24.0,868.45,2.0,226.81666666666663,40.45,44.73333333333333,4.0,0,complete_route,True,,True,usable
MAD-053,Ciudad Jardín,Chamartín,True,True,available,80,77,3,96.25,3.75,0.69,77,1163037.38,825000.0,520000.0,1750000.0,1230000.0,229900.0,3950000.0,7510.78,7352.94,6076.39,8250.0,2173.61,2164.2,29.56,6803.03,7685.19,882.15,12.0,227.84,77,2000,0.95,calculated,153.01,121.0,79.0,209.0,130.0,40.0,465.0,3.19,3.0,67,10,87.01,2.4,2.0,15,62,19.48,0.8772,87.72,57,20,74.03,0.8644,86.44,59,18,76.62,62.7,61.9,59.52,61.59,medium,La estimación presenta una estabilidad intermedia en comparación con el resto de barrios.,residential_sale,asking_price,unknown,7558.9,,7558.9,143.01,,141.72,100,,100.0,True,False,True,2025,EUR_per_m2,mean_declared_transaction_price,residential_sales,Ayuntamiento de Madrid,Colegio de Registradores de España,504020100060,15,97.7,True,True,61.59,medium,7558.9,registered_transactions_2025,official_price_and_kaggle_features,205.96000000000004,2.8010564481690325,1.0280105644816904,DEST_001,Ciudad Jardín,Chamartín,Puerta del Sol,2026-07-29,success,success,2026-07-29T08:01:00+02:00,2026-07-29T08:45:36+02:00,BUS,9,Información oficial: Consorcio Regional de Transportes de Madrid,44.6,13.1,7.0,954.21,0.0,2026-07-29T18:00:00+02:00,2026-07-29T18:50:42+02:00,BUS,9,Información oficial: Consorcio Regional de Transportes de Madrid,50.7,15.2,9.0,1116.29,0.0,95.3,28.3,16.0,0.0,0,complete_route,True,,True,usable
MAD-053,Ciudad Jardín,Chamartín,True,True,available,80,77,3,96.25,3.75,0.69,77,1163037.38,825000.0,520000.0,1750000.0,1230000.0,229900.0,3950000.0,7510.78,7352.94,6076.39,8250.0,2173.61,2164.2,29.56,6803.03,7685.19,882.15,12.0,227.84,77,2000,0.95,calculated,153.01,121.0,79.0,209.0,130.0,40.0,465.0,3.19,3.0,67,10,87.01,2.4,2.0,15,62,19.48,0.8772,87.72,57,20,74.03,0.8644,86.44,59,18,76.62,62.7,61.9,59.52,61.59,medium,La estimación presenta una estabilidad intermedia en comparación con el resto de barrios.,residential_sale,asking_price,unknown,7558.9,,7558.9,143.01,,141.72,100,,100.0,True,False,True,2025,EUR_per_m2,mean_declared_transaction_price,residential_sales,Ayuntamiento de Madrid,Colegio de Registradores de España,504020100060,15,97.7,True,True,61.59,medium,7558.9,registered_transactions_2025,official_price_and_kaggle_features,205.96000000000004,2.8010564481690325,1.0280105644816904,DEST_002,Ciudad Jardín,Chamartín,Nuevos Ministerios,2026-07-29,no_route,no_route,,,,,,,,,,,,,,,,,,,,,,,,,2,no_route,False,no_hay_ruta_en_ningun_sentido,False,ruta_incompleta
MAD-053,Ciudad Jardín,Chamartín,True,True,available,80,77,3,96.25,3.75,0.69,77,1163037.38,825000.0,520000.0,1750000.0,1230000.0,229900.0,3950000.0,7510.78,7352.94,6076.39,8250.0,2173.61,2164.2,29.56,6803.03,7685.19,882.15,12.0,227.84,77,2000,0.95,calculated,153.01,121.0,79.0,209.0,130.0,40.0,465.0,3.19,3.0,67,10,87.01,2.4,2.0,15,62,19.48,0.8772,87.72,57,20,74.03,0.8644,86.44,59,18,76.62,62.7,61.9,59.52,61.59,medium,La estimación presenta una estabilidad intermedia en comparación con el resto de barrios.,residential_sale,asking_price,unknown,7558.9,,7558.9,143.01,,141.72,100,,100.0,True,False,True,2025,EUR_per_m2,mean_declared_transaction_price,residential_sales,Ayuntamiento de Madrid,Colegio de Registradores de España,504020100060,15,97.7,True,True,61.59,medium,7558.9,registered_transactions_2025,official_price_and_kaggle_features,205.96000000000004,2.8010564481690325,1.0280105644816904,DEST_003,Ciudad Jardín,Chamartín,UC3M Campus de Leganés,2026-07-29,success,success,2026-07-29T07:20:00+02:00,2026-07-29T08:56:51+02:00,BUS,19|E1|482,Información oficial: Consorcio Regional de Transportes de Madrid|Consorcio Regional de Transportes de Madrid,96.85,17.316666666666666,20.15,1246.2199999999998,2.0,2026-07-29T18:00:58+02:00,2026-07-29T19:52:37+02:00,BUS,480|E1|19,Consorcio Regional de Transportes de Madrid|Información oficial: Consorcio Regional de Transportes de Madrid,111.65,11.166666666666666,20.0,812.71,2.0,208.5,28.48333333333333,40.15,4.0,0,complete_route,True,,True,usable
MAD-054,Hispanoamérica,Chamartín,True,True,available,139,137,2,98.56,1.44,1.23,137,1705314.76,1350000.0,795000.0,2100000.0,1305000.0,220000.0,4800000.0,7496.92,7344.86,6602.94,8240.0,1637.06,1776.98,22.29,6970.51,7586.21,615.7,8.38,162.51,137,2000,0.95,calculated,228.35,186.0,113.0,335.0,222.0,40.0,630.0,3.6,4.0,136,1,99.27,1.98,1.0,41,96,29.93,0.973,97.3,111,26,81.02,0.9292,92.92,113,24,82.48,86.51,83.33,84.92,84.84,high,La estimación presenta una estabilidad alta en comparación con el resto de barrios.,residential_sale,asking_price,unknown,7860.68,,7877.42,148.72,,147.69,100,,100.21,True,False,True,2025,EUR_per_m2,mean_declared_transaction_price,residential_sales,Ayuntamiento de Madrid,Colegio de Registradores de España,504020100060,15,97.7,True,True,84.84,high,7860.68,registered_transactions_2025,official_price_and_kaggle_features,515.8200000000006,7.022870415501462,1.0702287041550147,DEST_001,Hispanoamérica,Chamartín,Puerta del Sol,2026-07-29,success,success,2026-07-29T07:57:00+02:00,2026-07-29T08:49:16+02:00,BUS,51,Información oficial: Consorcio Regional de Transportes de Madrid,52.266666666666666,8.716666666666667,11.0,573.92,0.0,2026-07-29T18:00:00+02:00,2026-07-29T18:53:06+02:00,BUS,51,Información oficial: Consorcio Regional de Transportes de Madrid,53.1,6.233333333333333,10.0,449.23,0.0,105.36666666666667,14.95,21.0,0.0,0,complete_route,True,,True,usable
MAD-054,Hispanoamérica,Chamartín,True,True,available,139,137,2,98.56,1.44,1.23,137,1705314.76,1350000.0,795000.0,2100000.0,1305000.0,220000.0,4800000.0,7496.92,7344.86,6602.94,8240.0,1637.06,1776.98,22.29,6970.51,7586.21,615.7,8.38,162.51,137,2000,0.95,calculated,228.35,186.0,113.0,335.0,222.0,40.0,630.0,3.6,4.0,136,1,99.27,1.98,1.0,41,96,29.93,0.973,97.3,111,26,81.02,0.9292,92.92,113,24,82.48,86.51,83.33,84.92,84.84,high,La estimación presenta una estabilidad alta en comparación con el resto de barrios.,residential_sale,asking_price,unknown,7860.68,,7877.42,148.72,,147.69,100,,100.21,True,False,True,2025,EUR_per_m2,mean_declared_transaction_price,residential_sales,Ayuntamiento de Madrid,Colegio de Registradores de España,504020100060,15,97.7,True,True,84.84,high,7860.68,registered_transactions_2025,official_price_and_kaggle_features,515.8200000000006,7.022870415501462,1.0702287041550147,DEST_002,Hispanoamérica,Chamartín,Nuevos Ministerios,2026-07-29,success,success,2026-07-29T08:31:00+02:00,2026-07-29T08:59:31+02:00,BUS,14,Información oficial: Consorcio Regional de Transportes de Madrid,28.516666666666666,11.083333333333334,8.0,724.1600000000001,0.0,2026-07-29T18:00:00+02:00,2026-07-29T18:29:57+02:00,BUS,7,Información oficial: Consorcio Regional de Transportes de Madrid,29.95,4.616666666666666,13.0,322.45,0.0,58.46666666666667,15.7,21.0,0.0,0,complete_route,True,,True,usable
MAD-054,Hispanoamérica,Chamartín,True,True,available,139,137,2,98.56,1.44,1.23,137,1705314.76,1350000.0,795000.0,2100000.0,1305000.0,220000.0,4800000.0,7496.92,7344.86,6602.94,8240.0,1637.06,1776.98,22.29,6970.51,7586.21,615.7,8.38,162.51,137,2000,0.95,calculated,228.35,186.0,113.0,335.0,222.0,40.0,630.0,3.6,4.0,136,1,99.27,1.98,1.0,41,96,29.93,0.973,97.3,111,26,81.02,0.9292,92.92,113,24,82.48,86.51,83.33,84.92,84.84,high,La estimación presenta una estabilidad alta en comparación con el resto de barrios.,residential_sale,asking_price,unknown,7860.68,,7877.42,148.72,,147.69,100,,100.21,True,False,True,2025,EUR_per_m2,mean_declared_transaction_price,residential_sales,Ayuntamiento de Madrid,Colegio de Registradores de España,504020100060,15,97.7,True,True,84.84,high,7860.68,registered_transactions_2025,official_price_and_kaggle_features,515.8200000000006,7.022870415501462,1.0702287041550147,DEST_003,Hispanoamérica,Chamartín,UC3M Campus de Leganés,2026-07-29,success,success,2026-07-29T07:16:00+02:00,2026-07-29T08:56:51+02:00,BUS,19|E1|482,Información oficial: Consorcio Regional de Transportes de Madrid|Consorcio Regional de Transportes de Madrid,100.85,21.15,20.316666666666663,1533.12,2.0,2026-07-29T18:00:58+02:00,2026-07-29T19:56:27+02:00,BUS,480|E1|19,Consorcio Regional de Transportes de Madrid|Información oficial: Consorcio Regional de Transportes de Madrid,115.48333333333332,15.0,20.0,1099.61,2.0,216.3333333333333,36.15,40.31666666666666,4.0,0,complete_route,True,,True,usable
MAD-055,Nueva España,Chamartín,True,True,available,129,127,2,98.45,1.55,1.14,127,2246310.24,2290000.0,1125000.0,2950000.0,1825000.0,450000.0,5500000.0,7908.12,7660.0,6956.53,8841.83,1885.3,1605.69,24.61,7364.92,7880.43,515.52,6.73,144.63,127,2000,0.95,calculated,294.75,282.0,148.5,407.5,259.0,41.0,795.0,3.94,4.0,126,1,99.21,2.23,2.0,26,101,20.47,0.989,98.9,91,36,71.65,0.9333,93.33,90,37,70.87,84.13,90.48,78.57,85.28,high,La estimación presenta una estabilidad alta en comparación con el resto de barrios.,residential_sale,asking_price,unknown,8183.21,,8198.09,154.82,,153.71,100,,100.18,True,False,True,2025,EUR_per_m2,mean_declared_transaction_price,residential_sales,Ayuntamiento de Madrid,Colegio de Registradores de España,504020100060,15,97.7,True,True,85.28,high,8183.21,registered_transactions_2025,official_price_and_kaggle_features,523.21,6.830417754569192,1.0683041775456918,DEST_001,Nueva España,Chamartín,Puerta del Sol,2026-07-29,success,success,2026-07-29T07:52:00+02:00,2026-07-29T08:46:29+02:00,BUS,150,Información oficial: Consorcio Regional de Transportes de Madrid,54.48333333333333,12.466666666666669,10.0,910.61,0.0,2026-07-29T18:00:00+02:00,2026-07-29T18:59:36+02:00,BUS,14,Información oficial: Consorcio Regional de Transportes de Madrid,59.6,18.95,10.0,1381.62,0.0,114.08333333333331,31.416666666666668,20.0,0.0,0,complete_route,True,,True,usable
MAD-055,Nueva España,Chamartín,True,True,available,129,127,2,98.45,1.55,1.14,127,2246310.24,2290000.0,1125000.0,2950000.0,1825000.0,450000.0,5500000.0,7908.12,7660.0,6956.53,8841.83,1885.3,1605.69,24.61,7364.92,7880.43,515.52,6.73,144.63,127,2000,0.95,calculated,294.75,282.0,148.5,407.5,259.0,41.0,795.0,3.94,4.0,126,1,99.21,2.23,2.0,26,101,20.47,0.989,98.9,91,36,71.65,0.9333,93.33,90,37,70.87,84.13,90.48,78.57,85.28,high,La estimación presenta una estabilidad alta en comparación con el resto de barrios.,residential_sale,asking_price,unknown,8183.21,,8198.09,154.82,,153.71,100,,100.18,True,False,True,2025,EUR_per_m2,mean_declared_transaction_price,residential_sales,Ayuntamiento de Madrid,Colegio de Registradores de España,504020100060,15,97.7,True,True,85.28,high,8183.21,registered_transactions_2025,official_price_and_kaggle_features,523.21,6.830417754569192,1.0683041775456918,DEST_002,Nueva España,Chamartín,Nuevos Ministerios,2026-07-29,success,success,2026-07-29T08:23:00+02:00,2026-07-29T08:52:27+02:00,BUS,14,Información oficial: Consorcio Regional de Transportes de Madrid,29.45,6.7,8.0,483.61,0.0,2026-07-29T18:00:00+02:00,2026-07-29T18:30:54+02:00,BUS,14,Información oficial: Consorcio Regional de Transportes de Madrid,30.9,8.983333333333333,10.0,578.87,0.0,60.35,15.683333333333334,18.0,0.0,0,complete_route,True,,True,usable
MAD-055,Nueva España,Chamartín,True,True,available,129,127,2,98.45,1.55,1.14,127,2246310.24,2290000.0,1125000.0,2950000.0,1825000.0,450000.0,5500000.0,7908.12,7660.0,6956.53,8841.83,1885.3,1605.69,24.61,7364.92,7880.43,515.52,6.73,144.63,127,2000,0.95,calculated,294.75,282.0,148.5,407.5,259.0,41.0,795.0,3.94,4.0,126,1,99.21,2.23,2.0,26,101,20.47,0.989,98.9,91,36,71.65,0.9333,93.33,90,37,70.87,84.13,90.48,78.57,85.28,high,La estimación presenta una estabilidad alta en comparación con el resto de barrios.,residential_sale,asking_price,unknown,8183.21,,8198.09,154.82,,153.71,100,,100.18,True,False,True,2025,EUR_per_m2,mean_declared_transaction_price,residential_sales,Ayuntamiento de Madrid,Colegio de Registradores de España,504020100060,15,97.7,True,True,85.28,high,8183.21,registered_transactions_2025,official_price_and_kaggle_features,523.21,6.830417754569192,1.0683041775456918,DEST_003,Nueva España,Chamartín,UC3M Campus de Leganés,2026-07-29,success,success,2026-07-29T07:06:00+02:00,2026-07-29T08:56:51+02:00,BUS,14|E1|482,Información oficial: Consorcio Regional de Transportes de Madrid|Consorcio Regional de Transportes de Madrid,110.85,8.183333333333334,21.383333333333333,589.4,2.0,2026-07-29T18:00:58+02:00,2026-07-29T20:01:46+02:00,BUS,480|E1|14,Consorcio Regional de Transportes de Madrid|Información oficial: Consorcio Regional de Transportes de Madrid,120.8,9.416666666666666,25.0,655.4200000000001,2.0,231.65,17.6,46.38333333333333,4.0,0,complete_route,True,,True,usable
MAD-056,Castilla,Chamartín,True,True,available,67,65,2,97.01,2.99,0.59,65,738969.23,649000.0,380000.0,990000.0,610000.0,249000.0,2610000.0,6796.28,6704.04,5402.17,7800.0,2397.83,1549.95,35.77,6384.62,7200.0,815.38,12.16,217.68,65,2000,0.95,calculated,111.65,111.0,60.0,157.0,97.0,37.0,247.0,2.71,3.0,63,2,96.92,1.48,1.0,25,40,38.46,0.9206,92.06,63,2,96.92,0.873,87.3,63,2,96.92,50.0,60.32,22.22,47.18,low,La estimación debe interpretarse con precaución por el tamaño de la muestra o la variabilidad de los precios.,residential_sale,asking_price,unknown,5913.07,,5889.4,111.87,,110.42,100,,99.6,True,False,True,2025,EUR_per_m2,mean_declared_transaction_price,residential_sales,Ayuntamiento de Madrid,Colegio de Registradores de España,504020100060,15,97.7,True,True,47.18,low,5913.07,registered_transactions_2025,official_price_and_kaggle_features,-790.9700000000003,-11.798408124056545,0.8820159187594345,DEST_001,Castilla,Chamartín,Puerta del Sol,2026-07-29,success,success,2026-07-29T07:50:00+02:00,2026-07-29T08:58:55+02:00,BUS,150,Información oficial: Consorcio Regional de Transportes de Madrid,68.91666666666667,30.5,10.0,2249.53,0.0,2026-07-29T18:00:00+02:00,2026-07-29T19:10:47+02:00,BUS,27,Información oficial: Consorcio Regional de Transportes de Madrid,70.78333333333333,33.3,7.0,2406.3,0.0,139.7,63.8,17.0,0.0,0,complete_route,True,,True,usable
MAD-056,Castilla,Chamartín,True,True,available,67,65,2,97.01,2.99,0.59,65,738969.23,649000.0,380000.0,990000.0,610000.0,249000.0,2610000.0,6796.28,6704.04,5402.17,7800.0,2397.83,1549.95,35.77,6384.62,7200.0,815.38,12.16,217.68,65,2000,0.95,calculated,111.65,111.0,60.0,157.0,97.0,37.0,247.0,2.71,3.0,63,2,96.92,1.48,1.0,25,40,38.46,0.9206,92.06,63,2,96.92,0.873,87.3,63,2,96.92,50.0,60.32,22.22,47.18,low,La estimación debe interpretarse con precaución por el tamaño de la muestra o la variabilidad de los precios.,residential_sale,asking_price,unknown,5913.07,,5889.4,111.87,,110.42,100,,99.6,True,False,True,2025,EUR_per_m2,mean_declared_transaction_price,residential_sales,Ayuntamiento de Madrid,Colegio de Registradores de España,504020100060,15,97.7,True,True,47.18,low,5913.07,registered_transactions_2025,official_price_and_kaggle_features,-790.9700000000003,-11.798408124056545,0.8820159187594345,DEST_002,Castilla,Chamartín,Nuevos Ministerios,2026-07-29,success,success,2026-07-29T08:17:00+02:00,2026-07-29T08:54:58+02:00,BUS,27,Información oficial: Consorcio Regional de Transportes de Madrid,37.96666666666667,20.9,5.0,1497.01,0.0,2026-07-29T18:00:00+02:00,2026-07-29T18:38:24+02:00,BUS,S10,Información oficial: Consorcio Regional de Transportes de Madrid,38.4,22.966666666666665,3.0,1644.18,0.0,76.36666666666667,43.86666666666666,8.0,0.0,0,complete_route,True,,True,usable
MAD-056,Castilla,Chamartín,True,True,available,67,65,2,97.01,2.99,0.59,65,738969.23,649000.0,380000.0,990000.0,610000.0,249000.0,2610000.0,6796.28,6704.04,5402.17,7800.0,2397.83,1549.95,35.77,6384.62,7200.0,815.38,12.16,217.68,65,2000,0.95,calculated,111.65,111.0,60.0,157.0,97.0,37.0,247.0,2.71,3.0,63,2,96.92,1.48,1.0,25,40,38.46,0.9206,92.06,63,2,96.92,0.873,87.3,63,2,96.92,50.0,60.32,22.22,47.18,low,La estimación debe interpretarse con precaución por el tamaño de la muestra o la variabilidad de los precios.,residential_sale,asking_price,unknown,5913.07,,5889.4,111.87,,110.42,100,,99.6,True,False,True,2025,EUR_per_m2,mean_declared_transaction_price,residential_sales,Ayuntamiento de Madrid,Colegio de Registradores de España,504020100060,15,97.7,True,True,47.18,low,5913.07,registered_transactions_2025,official_price_and_kaggle_features,-790.9700000000003,-11.798408124056545,0.8820159187594345,DEST_003,Castilla,Chamartín,UC3M Campus de Leganés,2026-07-29,success,success,2026-07-29T06:59:46+02:00,2026-07-29T08:56:51+02:00,BUS,171|27|E1|482,Consorcio Regional de Transportes de Madrid|Información oficial: Consorcio Regional de Transportes de Madrid,117.08333333333331,13.183333333333334,24.1,941.98,3.0,2026-07-29T18:00:58+02:00,2026-07-29T20:12:47+02:00,BUS,480|E1|27,Consorcio Regional de Transportes de Madrid|Información oficial: Consorcio Regional de Transportes de Madrid,131.81666666666666,22.53333333333333,22.0,1624.72,2.0,248.9,35.71666666666667,46.1,5.0,0,complete_route,True,,True,usable
MAD-061,Bellas Vistas,Tetuán,True,True,available,105,102,3,97.14,2.86,0.92,102,407470.31,312000.0,210000.0,425000.0,215000.0,105000.0,1950000.0,5077.08,4994.73,4270.81,5765.56,1494.75,1393.44,29.93,4848.39,5169.47,321.08,6.43,88.66,102,2000,0.95,calculated,83.93,60.5,44.25,97.75,53.5,29.0,490.0,2.27,2.0,95,7,93.14,1.2,1.0,20,82,19.61,0.6566,65.66,99,3,97.06,0.6768,67.68,99,3,97.06,76.98,92.86,57.14,78.37,high,La estimación presenta una estabilidad alta en comparación con el resto de barrios.,residential_sale,asking_price,unknown,5223.92,5760.0,5072.68,98.83,114.25,95.11,100,110.26,97.1,True,True,True,2025,EUR_per_m2,mean_declared_transaction_price,residential_sales,Ayuntamiento de Madrid,Colegio de Registradores de España,504020100060,15,97.7,True,True,78.37,high,5223.92,registered_transactions_2025,official_price_and_kaggle_features,229.1900000000005,4.588636422789631,1.0458863642278964,DEST_001,Bellas Vistas,Tetuán,Puerta del Sol,2026-07-29,success,success,2026-07-29T08:00:00+02:00,2026-07-29T08:52:29+02:00,BUS,3,Información oficial: Consorcio Regional de Transportes de Madrid,52.48333333333333,18.133333333333333,10.0,1312.47,0.0,2026-07-29T18:00:00+02:00,2026-07-29T18:50:22+02:00,BUS,3,Información oficial: Consorcio Regional de Transportes de Madrid,50.36666666666667,15.4,10.0,1103.81,0.0,102.85,33.53333333333333,20.0,0.0,0,complete_route,True,,True,usable
MAD-061,Bellas Vistas,Tetuán,True,True,available,105,102,3,97.14,2.86,0.92,102,407470.31,312000.0,210000.0,425000.0,215000.0,105000.0,1950000.0,5077.08,4994.73,4270.81,5765.56,1494.75,1393.44,29.93,4848.39,5169.47,321.08,6.43,88.66,102,2000,0.95,calculated,83.93,60.5,44.25,97.75,53.5,29.0,490.0,2.27,2.0,95,7,93.14,1.2,1.0,20,82,19.61,0.6566,65.66,99,3,97.06,0.6768,67.68,99,3,97.06,76.98,92.86,57.14,78.37,high,La estimación presenta una estabilidad alta en comparación con el resto de barrios.,residential_sale,asking_price,unknown,5223.92,5760.0,5072.68,98.83,114.25,95.11,100,110.26,97.1,True,True,True,2025,EUR_per_m2,mean_declared_transaction_price,residential_sales,Ayuntamiento de Madrid,Colegio de Registradores de España,504020100060,15,97.7,True,True,78.37,high,5223.92,registered_transactions_2025,official_price_and_kaggle_features,229.1900000000005,4.588636422789631,1.0458863642278964,DEST_002,Bellas Vistas,Tetuán,Nuevos Ministerios,2026-07-29,success,success,2026-07-29T07:42:00+02:00,2026-07-29T08:06:45+02:00,BUS,C1,Información oficial: Consorcio Regional de Transportes de Madrid,24.75,14.7,5.0,1045.95,0.0,2026-07-29T18:00:00+02:00,2026-07-29T18:25:03+02:00,BUS,C2,Información oficial: Consorcio Regional de Transportes de Madrid,25.05,13.416666666666666,6.0,967.4,0.0,49.8,28.116666666666667,11.0,0.0,0,complete_route,True,,True,usable
MAD-061,Bellas Vistas,Tetuán,True,True,available,105,102,3,97.14,2.86,0.92,102,407470.31,312000.0,210000.0,425000.0,215000.0,105000.0,1950000.0,5077.08,4994.73,4270.81,5765.56,1494.75,1393.44,29.93,4848.39,5169.47,321.08,6.43,88.66,102,2000,0.95,calculated,83.93,60.5,44.25,97.75,53.5,29.0,490.0,2.27,2.0,95,7,93.14,1.2,1.0,20,82,19.61,0.6566,65.66,99,3,97.06,0.6768,67.68,99,3,97.06,76.98,92.86,57.14,78.37,high,La estimación presenta una estabilidad alta en comparación con el resto de barrios.,residential_sale,asking_price,unknown,5223.92,5760.0,5072.68,98.83,114.25,95.11,100,110.26,97.1,True,True,True,2025,EUR_per_m2,mean_declared_transaction_price,residential_sales,Ayuntamiento de Madrid,Colegio de Registradores de España,504020100060,15,97.7,True,True,78.37,high,5223.92,registered_transactions_2025,official_price_and_kaggle_features,229.1900000000005,4.588636422789631,1.0458863642278964,DEST_003,Bellas Vistas,Tetuán,UC3M Campus de Leganés,2026-07-29,success,success,2026-07-29T07:04:00+02:00,2026-07-29T08:56:51+02:00,BUS,27|E1|482,Información oficial: Consorcio Regional de Transportes de Madrid|Consorcio Regional de Transportes de Madrid,112.85,25.55,18.2,1849.32,2.0,2026-07-29T18:00:58+02:00,2026-07-29T20:01:41+02:00,BUS,480|E1|45,Consorcio Regional de Transportes de Madrid|Información oficial: Consorcio Regional de Transportes de Madrid,120.71666666666668,13.783333333333331,25.0,972.73,2.0,233.56666666666663,39.33333333333333,43.2,4.0,0,complete_route,True,,True,usable
MAD-062,Cuatro Caminos,Tetuán,True,True,available,162,154,8,95.06,4.94,1.39,154,821807.01,702500.0,450000.0,1096750.0,646750.0,145000.0,2875000.0,6327.73,6214.17,5483.82,6810.06,1326.25,1506.78,21.34,5983.87,6405.24,421.37,6.78,103.37,154,2000,0.95,calculated,131.15,118.0,70.0,178.75,108.75,25.0,434.0,2.91,3.0,150,4,97.4,1.88,2.0,41,113,26.62,0.8442,84.42,154,0,100.0,0.8117,81.17,154,0,100.0,88.89,89.68,88.1,89.01,high,La estimación presenta una estabilidad alta en comparación con el resto de barrios.,residential_sale,asking_price,unknown,6496.82,,6513.79,122.91,,122.13,100,,100.26,True,False,True,2025,EUR_per_m2,mean_declared_transaction_price,residential_sales,Ayuntamiento de Madrid,Colegio de Registradores de España,504020100060,15,97.7,True,True,89.01,high,6496.82,registered_transactions_2025,official_price_and_kaggle_features,282.64999999999964,4.548475500348392,1.0454847550034838,DEST_001,Cuatro Caminos,Tetuán,Puerta del Sol,2026-07-29,success,success,2026-07-29T08:03:00+02:00,2026-07-29T08:44:18+02:00,BUS,147,Información oficial: Consorcio Regional de Transportes de Madrid,41.3,16.45,8.0,1168.11,0.0,2026-07-29T18:00:00+02:00,2026-07-29T18:50:55+02:00,BUS,150,Información oficial: Consorcio Regional de Transportes de Madrid,50.91666666666666,16.733333333333334,10.0,1124.53,0.0,92.21666666666664,33.18333333333334,18.0,0.0,0,complete_route,True,,True,usable
MAD-062,Cuatro Caminos,Tetuán,True,True,available,162,154,8,95.06,4.94,1.39,154,821807.01,702500.0,450000.0,1096750.0,646750.0,145000.0,2875000.0,6327.73,6214.17,5483.82,6810.06,1326.25,1506.78,21.34,5983.87,6405.24,421.37,6.78,103.37,154,2000,0.95,calculated,131.15,118.0,70.0,178.75,108.75,25.0,434.0,2.91,3.0,150,4,97.4,1.88,2.0,41,113,26.62,0.8442,84.42,154,0,100.0,0.8117,81.17,154,0,100.0,88.89,89.68,88.1,89.01,high,La estimación presenta una estabilidad alta en comparación con el resto de barrios.,residential_sale,asking_price,unknown,6496.82,,6513.79,122.91,,122.13,100,,100.26,True,False,True,2025,EUR_per_m2,mean_declared_transaction_price,residential_sales,Ayuntamiento de Madrid,Colegio de Registradores de España,504020100060,15,97.7,True,True,89.01,high,6496.82,registered_transactions_2025,official_price_and_kaggle_features,282.64999999999964,4.548475500348392,1.0454847550034838,DEST_002,Cuatro Caminos,Tetuán,Nuevos Ministerios,2026-07-29,no_route,no_route,,,,,,,,,,,,,,,,,,,,,,,,,2,no_route,False,no_hay_ruta_en_ningun_sentido,False,ruta_incompleta
MAD-062,Cuatro Caminos,Tetuán,True,True,available,162,154,8,95.06,4.94,1.39,154,821807.01,702500.0,450000.0,1096750.0,646750.0,145000.0,2875000.0,6327.73,6214.17,5483.82,6810.06,1326.25,1506.78,21.34,5983.87,6405.24,421.37,6.78,103.37,154,2000,0.95,calculated,131.15,118.0,70.0,178.75,108.75,25.0,434.0,2.91,3.0,150,4,97.4,1.88,2.0,41,113,26.62,0.8442,84.42,154,0,100.0,0.8117,81.17,154,0,100.0,88.89,89.68,88.1,89.01,high,La estimación presenta una estabilidad alta en comparación con el resto de barrios.,residential_sale,asking_price,unknown,6496.82,,6513.79,122.91,,122.13,100,,100.26,True,False,True,2025,EUR_per_m2,mean_declared_transaction_price,residential_sales,Ayuntamiento de Madrid,Colegio de Registradores de España,504020100060,15,97.7,True,True,89.01,high,6496.82,registered_transactions_2025,official_price_and_kaggle_features,282.64999999999964,4.548475500348392,1.0454847550034838,DEST_003,Cuatro Caminos,Tetuán,UC3M Campus de Leganés,2026-07-29,success,success,2026-07-29T07:18:00+02:00,2026-07-29T08:56:51+02:00,BUS,27|E1|482,Información oficial: Consorcio Regional de Transportes de Madrid|Consorcio Regional de Transportes de Madrid,98.85,11.566666666666666,18.183333333333334,766.6,2.0,2026-07-29T18:00:58+02:00,2026-07-29T19:53:40+02:00,BUS,480|E1|27,Consorcio Regional de Transportes de Madrid|Información oficial: Consorcio Regional de Transportes de Madrid,112.7,12.766666666666667,22.0,833.38,2.0,211.55,24.333333333333336,40.18333333333334,4.0,0,complete_route,True,,True,usable
MAD-063,Castillejos,Tetuán,True,True,available,91,87,4,95.6,4.4,0.78,87,951251.71,850000.0,482500.0,1334500.0,852000.0,169000.0,3800000.0,6608.72,6450.0,5450.27,7700.0,2249.73,1603.55,34.88,6041.67,6944.44,902.78,14.0,233.49,87,2000,0.95,calculated,149.33,134.0,69.0,225.0,156.0,30.0,400.0,2.93,3.0,85,2,97.7,2.15,2.0,13,74,14.94,0.8953,89.53,86,1,98.85,0.907,90.7,86,1,98.85,67.46,50.79,28.57,51.07,medium,La estimación presenta una estabilidad intermedia en comparación con el resto de barrios.,residential_sale,asking_price,unknown,6438.0,6465.61,6435.73,121.8,128.25,120.66,100,100.43,99.96,True,True,True,2025,EUR_per_m2,mean_declared_transaction_price,residential_sales,Ayuntamiento de Madrid,Colegio de Registradores de España,504020100060,15,97.7,True,True,51.07,medium,6438.0,registered_transactions_2025,official_price_and_kaggle_features,-12.0,-0.1860465116279069,0.998139534883721,DEST_001,Castillejos,Tetuán,Puerta del Sol,2026-07-29,success,success,2026-07-29T08:00:00+02:00,2026-07-29T08:44:42+02:00,BUS,147,Información oficial: Consorcio Regional de Transportes de Madrid,44.7,15.716666666666669,8.0,1141.49,0.0,2026-07-29T18:00:00+02:00,2026-07-29T18:56:15+02:00,BUS,27,Información oficial: Consorcio Regional de Transportes de Madrid,56.25,23.016666666666666,7.0,1572.0,0.0,100.95,38.73333333333333,15.0,0.0,0,complete_route,True,,True,usable
MAD-063,Castillejos,Tetuán,True,True,available,91,87,4,95.6,4.4,0.78,87,951251.71,850000.0,482500.0,1334500.0,852000.0,169000.0,3800000.0,6608.72,6450.0,5450.27,7700.0,2249.73,1603.55,34.88,6041.67,6944.44,902.78,14.0,233.49,87,2000,0.95,calculated,149.33,134.0,69.0,225.0,156.0,30.0,400.0,2.93,3.0,85,2,97.7,2.15,2.0,13,74,14.94,0.8953,89.53,86,1,98.85,0.907,90.7,86,1,98.85,67.46,50.79,28.57,51.07,medium,La estimación presenta una estabilidad intermedia en comparación con el resto de barrios.,residential_sale,asking_price,unknown,6438.0,6465.61,6435.73,121.8,128.25,120.66,100,100.43,99.96,True,True,True,2025,EUR_per_m2,mean_declared_transaction_price,residential_sales,Ayuntamiento de Madrid,Colegio de Registradores de España,504020100060,15,97.7,True,True,51.07,medium,6438.0,registered_transactions_2025,official_price_and_kaggle_features,-12.0,-0.1860465116279069,0.998139534883721,DEST_002,Castillejos,Tetuán,Nuevos Ministerios,2026-07-29,success,success,2026-07-29T08:35:00+02:00,2026-07-29T08:58:27+02:00,BUS,27,Información oficial: Consorcio Regional de Transportes de Madrid,23.45,9.35,5.0,634.19,0.0,2026-07-29T18:00:00+02:00,2026-07-29T18:23:10+02:00,BUS,S10,Información oficial: Consorcio Regional de Transportes de Madrid,23.166666666666668,11.0,3.0,690.41,0.0,46.61666666666667,20.35,8.0,0.0,0,complete_route,True,,True,usable
MAD-063,Castillejos,Tetuán,True,True,available,91,87,4,95.6,4.4,0.78,87,951251.71,850000.0,482500.0,1334500.0,852000.0,169000.0,3800000.0,6608.72,6450.0,5450.27,7700.0,2249.73,1603.55,34.88,6041.67,6944.44,902.78,14.0,233.49,87,2000,0.95,calculated,149.33,134.0,69.0,225.0,156.0,30.0,400.0,2.93,3.0,85,2,97.7,2.15,2.0,13,74,14.94,0.8953,89.53,86,1,98.85,0.907,90.7,86,1,98.85,67.46,50.79,28.57,51.07,medium,La estimación presenta una estabilidad intermedia en comparación con el resto de barrios.,residential_sale,asking_price,unknown,6438.0,6465.61,6435.73,121.8,128.25,120.66,100,100.43,99.96,True,True,True,2025,EUR_per_m2,mean_declared_transaction_price,residential_sales,Ayuntamiento de Madrid,Colegio de Registradores de España,504020100060,15,97.7,True,True,51.07,medium,6438.0,registered_transactions_2025,official_price_and_kaggle_features,-12.0,-0.1860465116279069,0.998139534883721,DEST_003,Castillejos,Tetuán,UC3M Campus de Leganés,2026-07-29,success,success,2026-07-29T07:14:00+02:00,2026-07-29T08:56:51+02:00,BUS,27|E1|482,Información oficial: Consorcio Regional de Transportes de Madrid|Consorcio Regional de Transportes de Madrid,102.85,11.566666666666666,18.53333333333333,790.0,2.0,2026-07-29T18:00:58+02:00,2026-07-29T19:58:15+02:00,BUS,480|E1|27,Consorcio Regional de Transportes de Madrid|Información oficial: Consorcio Regional de Transportes de Madrid,117.28333333333332,12.25,22.0,790.42,2.0,220.13333333333333,23.816666666666663,40.53333333333333,4.0,0,complete_route,True,,True,usable
MAD-064,Almenara,Tetuán,True,True,available,40,38,2,95.0,5.0,0.34,38,541997.37,402000.0,349000.0,637250.0,288250.0,175000.0,1470000.0,5131.16,4896.6,4192.07,5999.45,1807.37,1286.79,36.91,4385.96,5491.45,1105.48,22.58,279.99,38,2000,0.95,calculated,103.16,90.0,64.25,120.0,55.75,41.0,262.0,2.66,3.0,35,3,92.11,1.5,1.0,12,26,31.58,0.5405,54.05,37,1,97.37,0.9474,94.74,38,0,100.0,32.14,18.25,18.25,23.12,low,La estimación debe interpretarse con precaución por el tamaño de la muestra o la variabilidad de los precios.,residential_sale,asking_price,unknown,4987.49,4999.45,4979.52,94.36,99.17,93.36,100,100.24,99.84,True,True,True,2025,EUR_per_m2,mean_declared_transaction_price,residential_sales,Ayuntamiento de Madrid,Colegio de Registradores de España,504020100060,15,97.7,True,True,23.12,low,4987.49,registered_transactions_2025,official_price_and_kaggle_features,90.88999999999942,1.8561859249274888,1.018561859249275,DEST_001,Almenara,Tetuán,Puerta del Sol,2026-07-29,success,success,2026-07-29T07:54:00+02:00,2026-07-29T08:41:22+02:00,BUS,147,Información oficial: Consorcio Regional de Transportes de Madrid,47.36666666666667,16.283333333333335,8.0,1210.59,0.0,2026-07-29T18:00:00+02:00,2026-07-29T19:00:46+02:00,BUS,27,Información oficial: Consorcio Regional de Transportes de Madrid,60.766666666666666,23.28333333333333,7.0,1667.36,0.0,108.13333333333333,39.56666666666666,15.0,0.0,0,complete_route,True,,True,usable
MAD-064,Almenara,Tetuán,True,True,available,40,38,2,95.0,5.0,0.34,38,541997.37,402000.0,349000.0,637250.0,288250.0,175000.0,1470000.0,5131.16,4896.6,4192.07,5999.45,1807.37,1286.79,36.91,4385.96,5491.45,1105.48,22.58,279.99,38,2000,0.95,calculated,103.16,90.0,64.25,120.0,55.75,41.0,262.0,2.66,3.0,35,3,92.11,1.5,1.0,12,26,31.58,0.5405,54.05,37,1,97.37,0.9474,94.74,38,0,100.0,32.14,18.25,18.25,23.12,low,La estimación debe interpretarse con precaución por el tamaño de la muestra o la variabilidad de los precios.,residential_sale,asking_price,unknown,4987.49,4999.45,4979.52,94.36,99.17,93.36,100,100.24,99.84,True,True,True,2025,EUR_per_m2,mean_declared_transaction_price,residential_sales,Ayuntamiento de Madrid,Colegio de Registradores de España,504020100060,15,97.7,True,True,23.12,low,4987.49,registered_transactions_2025,official_price_and_kaggle_features,90.88999999999942,1.8561859249274888,1.018561859249275,DEST_002,Almenara,Tetuán,Nuevos Ministerios,2026-07-29,success,success,2026-07-29T08:23:00+02:00,2026-07-29T08:50:57+02:00,BUS,27,Información oficial: Consorcio Regional de Transportes de Madrid,27.95,10.883333333333333,5.0,758.07,0.0,2026-07-29T18:00:00+02:00,2026-07-29T18:30:36+02:00,BUS,S10,Información oficial: Consorcio Regional de Transportes de Madrid,30.6,15.166666666666666,3.0,1033.47,0.0,58.55,26.05,8.0,0.0,0,complete_route,True,,True,usable
MAD-064,Almenara,Tetuán,True,True,available,40,38,2,95.0,5.0,0.34,38,541997.37,402000.0,349000.0,637250.0,288250.0,175000.0,1470000.0,5131.16,4896.6,4192.07,5999.45,1807.37,1286.79,36.91,4385.96,5491.45,1105.48,22.58,279.99,38,2000,0.95,calculated,103.16,90.0,64.25,120.0,55.75,41.0,262.0,2.66,3.0,35,3,92.11,1.5,1.0,12,26,31.58,0.5405,54.05,37,1,97.37,0.9474,94.74,38,0,100.0,32.14,18.25,18.25,23.12,low,La estimación debe interpretarse con precaución por el tamaño de la muestra o la variabilidad de los precios.,residential_sale,asking_price,unknown,4987.49,4999.45,4979.52,94.36,99.17,93.36,100,100.24,99.84,True,True,True,2025,EUR_per_m2,mean_declared_transaction_price,residential_sales,Ayuntamiento de Madrid,Colegio de Registradores de España,504020100060,15,97.7,True,True,23.12,low,4987.49,registered_transactions_2025,official_price_and_kaggle_features,90.88999999999942,1.8561859249274888,1.018561859249275,DEST_003,Almenara,Tetuán,UC3M Campus de Leganés,2026-07-29,success,success,2026-07-29T07:09:00+02:00,2026-07-29T08:56:51+02:00,BUS,27|E1|482,Información oficial: Consorcio Regional de Transportes de Madrid|Consorcio Regional de Transportes de Madrid,107.85,12.366666666666667,18.15,863.86,2.0,2026-07-29T18:00:58+02:00,2026-07-29T20:02:46+02:00,BUS,480|E1|27,Consorcio Regional de Transportes de Madrid|Información oficial: Consorcio Regional de Transportes de Madrid,121.8,12.516666666666667,22.0,885.78,2.0,229.65,24.883333333333333,40.15,4.0,0,complete_route,True,,True,usable
MAD-065,Valdeacederas,Tetuán,True,True,available,114,98,16,85.96,14.04,0.88,98,354073.46,339000.0,248500.0,427250.0,178750.0,125500.0,1075000.0,4917.85,4791.9,4135.71,5673.08,1537.36,1281.16,32.08,4561.4,5105.89,544.48,11.36,153.03,98,2000,0.95,calculated,73.9,70.0,53.25,90.0,36.75,30.0,158.0,2.06,2.0,86,12,87.76,1.35,1.0,17,81,17.35,0.617,61.7,94,4,95.92,0.9457,94.57,92,6,93.88,74.6,66.67,46.03,64.29,medium,La estimación presenta una estabilidad intermedia en comparación con el resto de barrios.,residential_sale,asking_price,unknown,5274.19,5295.19,5255.17,99.78,105.03,98.53,100,100.4,99.64,True,True,True,2025,EUR_per_m2,mean_declared_transaction_price,residential_sales,Ayuntamiento de Madrid,Colegio de Registradores de España,504020100060,15,97.7,True,True,64.29,medium,5274.19,registered_transactions_2025,official_price_and_kaggle_features,482.29,10.06469250193034,1.1006469250193034,DEST_001,Valdeacederas,Tetuán,Puerta del Sol,2026-07-29,success,success,2026-07-29T07:45:00+02:00,2026-07-29T08:51:21+02:00,BUS,27,Información oficial: Consorcio Regional de Transportes de Madrid,66.35,32.56666666666667,5.0,2384.95,0.0,2026-07-29T18:00:00+02:00,2026-07-29T19:08:43+02:00,BUS,44,Información oficial: Consorcio Regional de Transportes de Madrid,68.71666666666667,16.65,13.0,1208.92,0.0,135.06666666666666,49.21666666666667,18.0,0.0,0,complete_route,True,,True,usable
MAD-065,Valdeacederas,Tetuán,True,True,available,114,98,16,85.96,14.04,0.88,98,354073.46,339000.0,248500.0,427250.0,178750.0,125500.0,1075000.0,4917.85,4791.9,4135.71,5673.08,1537.36,1281.16,32.08,4561.4,5105.89,544.48,11.36,153.03,98,2000,0.95,calculated,73.9,70.0,53.25,90.0,36.75,30.0,158.0,2.06,2.0,86,12,87.76,1.35,1.0,17,81,17.35,0.617,61.7,94,4,95.92,0.9457,94.57,92,6,93.88,74.6,66.67,46.03,64.29,medium,La estimación presenta una estabilidad intermedia en comparación con el resto de barrios.,residential_sale,asking_price,unknown,5274.19,5295.19,5255.17,99.78,105.03,98.53,100,100.4,99.64,True,True,True,2025,EUR_per_m2,mean_declared_transaction_price,residential_sales,Ayuntamiento de Madrid,Colegio de Registradores de España,504020100060,15,97.7,True,True,64.29,medium,5274.19,registered_transactions_2025,official_price_and_kaggle_features,482.29,10.06469250193034,1.1006469250193034,DEST_002,Valdeacederas,Tetuán,Nuevos Ministerios,2026-07-29,success,success,2026-07-29T08:17:00+02:00,2026-07-29T08:51:44+02:00,BUS,49|27,Información oficial: Consorcio Regional de Transportes de Madrid,34.733333333333334,4.633333333333334,14.0,266.5,1.0,2026-07-29T18:00:00+02:00,2026-07-29T18:38:34+02:00,BUS,S10,Información oficial: Consorcio Regional de Transportes de Madrid,38.56666666666667,23.133333333333333,3.0,1592.0700000000002,0.0,73.30000000000001,27.766666666666666,17.0,1.0,0,complete_route,True,,True,usable
MAD-065,Valdeacederas,Tetuán,True,True,available,114,98,16,85.96,14.04,0.88,98,354073.46,339000.0,248500.0,427250.0,178750.0,125500.0,1075000.0,4917.85,4791.9,4135.71,5673.08,1537.36,1281.16,32.08,4561.4,5105.89,544.48,11.36,153.03,98,2000,0.95,calculated,73.9,70.0,53.25,90.0,36.75,30.0,158.0,2.06,2.0,86,12,87.76,1.35,1.0,17,81,17.35,0.617,61.7,94,4,95.92,0.9457,94.57,92,6,93.88,74.6,66.67,46.03,64.29,medium,La estimación presenta una estabilidad intermedia en comparación con el resto de barrios.,residential_sale,asking_price,unknown,5274.19,5295.19,5255.17,99.78,105.03,98.53,100,100.4,99.64,True,True,True,2025,EUR_per_m2,mean_declared_transaction_price,residential_sales,Ayuntamiento de Madrid,Colegio de Registradores de España,504020100060,15,97.7,True,True,64.29,medium,5274.19,registered_transactions_2025,official_price_and_kaggle_features,482.29,10.06469250193034,1.1006469250193034,DEST_003,Valdeacederas,Tetuán,UC3M Campus de Leganés,2026-07-29,success,success,2026-07-29T07:02:00+02:00,2026-07-29T08:56:51+02:00,BUS,49|27|E1|482,Información oficial: Consorcio Regional de Transportes de Madrid|Consorcio Regional de Transportes de Madrid,114.85,6.116666666666666,27.266666666666666,372.29,3.0,2026-07-29T18:00:58+02:00,2026-07-29T20:13:08+02:00,BUS,480|E1|27,Consorcio Regional de Transportes de Madrid|Información oficial: Consorcio Regional de Transportes de Madrid,132.16666666666666,23.916666666666668,22.0,1680.0400000000002,2.0,247.01666666666665,30.03333333333333,49.266666666666666,5.0,0,complete_route,True,,True,usable
MAD-066,Berruguete,Tetuán,True,True,available,84,78,6,92.86,7.14,0.7,78,345826.13,292500.0,225750.0,450000.0,224250.0,82000.0,1200000.0,4685.22,4679.14,4006.25,5318.0,1311.75,1090.42,28.03,4411.76,4876.56,464.8,9.93,125.78,78,2000,0.95,calculated,78.51,71.5,46.0,90.75,44.75,23.0,450.0,2.1,2.0,72,6,92.31,1.52,2.0,23,55,29.49,0.5065,50.65,77,1,98.72,0.8158,81.58,76,2,97.44,63.49,76.98,66.67,69.68,medium,La estimación presenta una estabilidad intermedia en comparación con el resto de barrios.,residential_sale,asking_price,unknown,4789.99,4725.66,4812.94,90.62,93.74,90.24,100,98.66,100.48,True,True,True,2025,EUR_per_m2,mean_declared_transaction_price,residential_sales,Ayuntamiento de Madrid,Colegio de Registradores de España,504020100060,15,97.7,True,True,69.68,medium,4789.99,registered_transactions_2025,official_price_and_kaggle_features,110.84999999999944,2.369025077257775,1.0236902507725778,DEST_001,Berruguete,Tetuán,Puerta del Sol,2026-07-29,success,success,2026-07-29T07:56:00+02:00,2026-07-29T08:52:34+02:00,BUS,3,Información oficial: Consorcio Regional de Transportes de Madrid,56.56666666666667,18.7,10.0,1343.58,0.0,2026-07-29T18:00:00+02:00,2026-07-29T18:57:25+02:00,BUS,3,Información oficial: Consorcio Regional de Transportes de Madrid,57.41666666666666,21.066666666666663,10.0,1497.61,0.0,113.98333333333332,39.766666666666666,20.0,0.0,0,complete_route,True,,True,usable
MAD-066,Berruguete,Tetuán,True,True,available,84,78,6,92.86,7.14,0.7,78,345826.13,292500.0,225750.0,450000.0,224250.0,82000.0,1200000.0,4685.22,4679.14,4006.25,5318.0,1311.75,1090.42,28.03,4411.76,4876.56,464.8,9.93,125.78,78,2000,0.95,calculated,78.51,71.5,46.0,90.75,44.75,23.0,450.0,2.1,2.0,72,6,92.31,1.52,2.0,23,55,29.49,0.5065,50.65,77,1,98.72,0.8158,81.58,76,2,97.44,63.49,76.98,66.67,69.68,medium,La estimación presenta una estabilidad intermedia en comparación con el resto de barrios.,residential_sale,asking_price,unknown,4789.99,4725.66,4812.94,90.62,93.74,90.24,100,98.66,100.48,True,True,True,2025,EUR_per_m2,mean_declared_transaction_price,residential_sales,Ayuntamiento de Madrid,Colegio de Registradores de España,504020100060,15,97.7,True,True,69.68,medium,4789.99,registered_transactions_2025,official_price_and_kaggle_features,110.84999999999944,2.369025077257775,1.0236902507725778,DEST_002,Berruguete,Tetuán,Nuevos Ministerios,2026-07-29,success,success,2026-07-29T08:28:00+02:00,2026-07-29T08:59:08+02:00,BUS,126,Información oficial: Consorcio Regional de Transportes de Madrid,31.133333333333333,8.333333333333334,10.0,600.85,0.0,2026-07-29T18:00:00+02:00,2026-07-29T18:32:13+02:00,BUS,126,Información oficial: Consorcio Regional de Transportes de Madrid,32.21666666666667,6.716666666666667,12.0,481.37,0.0,63.35,15.05,22.0,0.0,0,complete_route,True,,True,usable
MAD-066,Berruguete,Tetuán,True,True,available,84,78,6,92.86,7.14,0.7,78,345826.13,292500.0,225750.0,450000.0,224250.0,82000.0,1200000.0,4685.22,4679.14,4006.25,5318.0,1311.75,1090.42,28.03,4411.76,4876.56,464.8,9.93,125.78,78,2000,0.95,calculated,78.51,71.5,46.0,90.75,44.75,23.0,450.0,2.1,2.0,72,6,92.31,1.52,2.0,23,55,29.49,0.5065,50.65,77,1,98.72,0.8158,81.58,76,2,97.44,63.49,76.98,66.67,69.68,medium,La estimación presenta una estabilidad intermedia en comparación con el resto de barrios.,residential_sale,asking_price,unknown,4789.99,4725.66,4812.94,90.62,93.74,90.24,100,98.66,100.48,True,True,True,2025,EUR_per_m2,mean_declared_transaction_price,residential_sales,Ayuntamiento de Madrid,Colegio de Registradores de España,504020100060,15,97.7,True,True,69.68,medium,4789.99,registered_transactions_2025,official_price_and_kaggle_features,110.84999999999944,2.369025077257775,1.0236902507725778,DEST_003,Berruguete,Tetuán,UC3M Campus de Leganés,2026-07-29,success,success,2026-07-29T07:02:00+02:00,2026-07-29T08:56:51+02:00,BUS,27|E1|482,Información oficial: Consorcio Regional de Transportes de Madrid|Consorcio Regional de Transportes de Madrid,114.85,25.0,18.016666666666666,1704.92,2.0,2026-07-29T18:00:58+02:00,2026-07-29T20:09:08+02:00,BUS,480|E1|27,Consorcio Regional de Transportes de Madrid|Información oficial: Consorcio Regional de Transportes de Madrid,128.16666666666666,25.683333333333334,22.0,1750.5500000000002,2.0,243.01666666666665,50.68333333333334,40.016666666666666,4.0,0,complete_route,True,,True,usable
MAD-071,Gaztambide,Chamberí,True,True,available,100,93,7,93.0,7.0,0.84,93,961644.09,870000.0,650000.0,1300000.0,650000.0,245000.0,2557000.0,6998.4,6956.52,5378.15,7935.48,2557.33,1973.29,36.76,6382.98,7643.31,1260.33,18.12,412.09,93,2000,0.95,calculated,145.68,135.0,92.0,188.0,96.0,30.0,317.0,3.36,3.0,89,4,95.7,2.4,2.0,25,68,26.88,0.9462,94.62,93,0,100.0,0.8043,80.43,92,1,98.92,71.83,35.71,19.05,44.19,low,La estimación debe interpretarse con precaución por el tamaño de la muestra o la variabilidad de los precios.,residential_sale,asking_price,unknown,7413.6,7431.02,7412.01,140.26,147.4,138.97,100,100.23,99.98,True,True,True,2025,EUR_per_m2,mean_declared_transaction_price,residential_sales,Ayuntamiento de Madrid,Colegio de Registradores de España,504020100060,15,97.7,True,True,44.19,low,7413.6,registered_transactions_2025,official_price_and_kaggle_features,457.0799999999999,6.570526642631659,1.065705266426317,DEST_001,Gaztambide,Chamberí,Puerta del Sol,2026-07-29,success,success,2026-07-29T08:22:00+02:00,2026-07-29T08:56:35+02:00,BUS,2,Información oficial: Consorcio Regional de Transportes de Madrid,34.583333333333336,10.966666666666669,9.0,801.53,0.0,2026-07-29T18:00:00+02:00,2026-07-29T18:30:52+02:00,BUS,133,Información oficial: Consorcio Regional de Transportes de Madrid,30.866666666666667,18.08333333333333,8.0,1294.4499999999998,0.0,65.45,29.05,17.0,0.0,0,complete_route,True,,True,usable
MAD-071,Gaztambide,Chamberí,True,True,available,100,93,7,93.0,7.0,0.84,93,961644.09,870000.0,650000.0,1300000.0,650000.0,245000.0,2557000.0,6998.4,6956.52,5378.15,7935.48,2557.33,1973.29,36.76,6382.98,7643.31,1260.33,18.12,412.09,93,2000,0.95,calculated,145.68,135.0,92.0,188.0,96.0,30.0,317.0,3.36,3.0,89,4,95.7,2.4,2.0,25,68,26.88,0.9462,94.62,93,0,100.0,0.8043,80.43,92,1,98.92,71.83,35.71,19.05,44.19,low,La estimación debe interpretarse con precaución por el tamaño de la muestra o la variabilidad de los precios.,residential_sale,asking_price,unknown,7413.6,7431.02,7412.01,140.26,147.4,138.97,100,100.23,99.98,True,True,True,2025,EUR_per_m2,mean_declared_transaction_price,residential_sales,Ayuntamiento de Madrid,Colegio de Registradores de España,504020100060,15,97.7,True,True,44.19,low,7413.6,registered_transactions_2025,official_price_and_kaggle_features,457.0799999999999,6.570526642631659,1.065705266426317,DEST_002,Gaztambide,Chamberí,Nuevos Ministerios,2026-07-29,success,success,2026-07-29T08:17:00+02:00,2026-07-29T08:58:02+02:00,BUS,C1,Información oficial: Consorcio Regional de Transportes de Madrid,41.03333333333333,7.966666666666667,13.0,546.76,1.0,2026-07-29T18:00:00+02:00,2026-07-29T18:44:01+02:00,BUS,147,Información oficial: Consorcio Regional de Transportes de Madrid,44.016666666666666,19.98333333333333,7.0,1446.1,0.0,85.05,27.95,20.0,1.0,0,complete_route,True,,True,usable
MAD-071,Gaztambide,Chamberí,True,True,available,100,93,7,93.0,7.0,0.84,93,961644.09,870000.0,650000.0,1300000.0,650000.0,245000.0,2557000.0,6998.4,6956.52,5378.15,7935.48,2557.33,1973.29,36.76,6382.98,7643.31,1260.33,18.12,412.09,93,2000,0.95,calculated,145.68,135.0,92.0,188.0,96.0,30.0,317.0,3.36,3.0,89,4,95.7,2.4,2.0,25,68,26.88,0.9462,94.62,93,0,100.0,0.8043,80.43,92,1,98.92,71.83,35.71,19.05,44.19,low,La estimación debe interpretarse con precaución por el tamaño de la muestra o la variabilidad de los precios.,residential_sale,asking_price,unknown,7413.6,7431.02,7412.01,140.26,147.4,138.97,100,100.23,99.98,True,True,True,2025,EUR_per_m2,mean_declared_transaction_price,residential_sales,Ayuntamiento de Madrid,Colegio de Registradores de España,504020100060,15,97.7,True,True,44.19,low,7413.6,registered_transactions_2025,official_price_and_kaggle_features,457.0799999999999,6.570526642631659,1.065705266426317,DEST_003,Gaztambide,Chamberí,UC3M Campus de Leganés,2026-07-29,success,success,2026-07-29T07:23:00+02:00,2026-07-29T08:56:51+02:00,BUS,C2|39|482,Información oficial: Consorcio Regional de Transportes de Madrid|Consorcio Regional de Transportes de Madrid,93.85,28.4,18.85,1994.2,2.0,2026-07-29T18:00:58+02:00,2026-07-29T19:36:06+02:00,BUS,493|138,Consorcio Regional de Transportes de Madrid|Información oficial: Consorcio Regional de Transportes de Madrid,95.13333333333334,14.466666666666669,12.0,1038.23,1.0,188.98333333333332,42.86666666666667,30.85,3.0,0,complete_route,True,,True,usable
MAD-072,Arapiles,Chamberí,True,True,available,75,72,3,96.0,4.0,0.65,72,833352.76,698500.0,427500.0,1056175.0,628675.0,199000.0,2500000.0,7640.48,7179.38,6258.62,8643.94,2385.32,2102.53,33.22,6968.54,8095.24,1126.7,15.69,315.49,72,2000,0.95,calculated,112.86,93.0,61.5,125.5,64.0,24.0,399.0,3.21,3.0,67,5,93.06,1.68,1.5,22,50,30.56,0.9028,90.28,72,0,100.0,0.7,70.0,70,2,97.22,57.54,42.06,38.89,46.69,low,La estimación debe interpretarse con precaución por el tamaño de la muestra o la variabilidad de los precios.,residential_sale,asking_price,unknown,7591.52,,7594.89,143.62,,142.4,100,,100.04,True,False,True,2025,EUR_per_m2,mean_declared_transaction_price,residential_sales,Ayuntamiento de Madrid,Colegio de Registradores de España,504020100060,15,97.7,True,True,46.69,low,7591.52,registered_transactions_2025,official_price_and_kaggle_features,412.1400000000003,5.7406071276349815,1.0574060712763498,DEST_001,Arapiles,Chamberí,Puerta del Sol,2026-07-29,success,success,2026-07-29T08:25:00+02:00,2026-07-29T08:59:41+02:00,BUS,147,Información oficial: Consorcio Regional de Transportes de Madrid,34.68333333333333,19.23333333333333,8.0,1409.16,0.0,2026-07-29T18:00:00+02:00,2026-07-29T18:35:09+02:00,BUS,147,Información oficial: Consorcio Regional de Transportes de Madrid,35.15,19.933333333333334,8.0,1429.13,0.0,69.83333333333333,39.16666666666666,16.0,0.0,0,complete_route,True,,True,usable
MAD-072,Arapiles,Chamberí,True,True,available,75,72,3,96.0,4.0,0.65,72,833352.76,698500.0,427500.0,1056175.0,628675.0,199000.0,2500000.0,7640.48,7179.38,6258.62,8643.94,2385.32,2102.53,33.22,6968.54,8095.24,1126.7,15.69,315.49,72,2000,0.95,calculated,112.86,93.0,61.5,125.5,64.0,24.0,399.0,3.21,3.0,67,5,93.06,1.68,1.5,22,50,30.56,0.9028,90.28,72,0,100.0,0.7,70.0,70,2,97.22,57.54,42.06,38.89,46.69,low,La estimación debe interpretarse con precaución por el tamaño de la muestra o la variabilidad de los precios.,residential_sale,asking_price,unknown,7591.52,,7594.89,143.62,,142.4,100,,100.04,True,False,True,2025,EUR_per_m2,mean_declared_transaction_price,residential_sales,Ayuntamiento de Madrid,Colegio de Registradores de España,504020100060,15,97.7,True,True,46.69,low,7591.52,registered_transactions_2025,official_price_and_kaggle_features,412.1400000000003,5.7406071276349815,1.0574060712763498,DEST_002,Arapiles,Chamberí,Nuevos Ministerios,2026-07-29,success,success,2026-07-29T08:19:00+02:00,2026-07-29T08:59:38+02:00,BUS,147,Información oficial: Consorcio Regional de Transportes de Madrid,40.63333333333333,20.916666666666668,7.0,1464.46,0.0,2026-07-29T18:00:00+02:00,2026-07-29T18:35:00+02:00,BUS,149,Información oficial: Consorcio Regional de Transportes de Madrid,35.0,10.75,11.0,750.03,0.0,75.63333333333333,31.666666666666668,18.0,0.0,0,complete_route,True,,True,usable
MAD-072,Arapiles,Chamberí,True,True,available,75,72,3,96.0,4.0,0.65,72,833352.76,698500.0,427500.0,1056175.0,628675.0,199000.0,2500000.0,7640.48,7179.38,6258.62,8643.94,2385.32,2102.53,33.22,6968.54,8095.24,1126.7,15.69,315.49,72,2000,0.95,calculated,112.86,93.0,61.5,125.5,64.0,24.0,399.0,3.21,3.0,67,5,93.06,1.68,1.5,22,50,30.56,0.9028,90.28,72,0,100.0,0.7,70.0,70,2,97.22,57.54,42.06,38.89,46.69,low,La estimación debe interpretarse con precaución por el tamaño de la muestra o la variabilidad de los precios.,residential_sale,asking_price,unknown,7591.52,,7594.89,143.62,,142.4,100,,100.04,True,False,True,2025,EUR_per_m2,mean_declared_transaction_price,residential_sales,Ayuntamiento de Madrid,Colegio de Registradores de España,504020100060,15,97.7,True,True,46.69,low,7591.52,registered_transactions_2025,official_price_and_kaggle_features,412.1400000000003,5.7406071276349815,1.0574060712763498,DEST_003,Arapiles,Chamberí,UC3M Campus de Leganés,2026-07-29,success,success,2026-07-29T07:25:00+02:00,2026-07-29T08:56:51+02:00,BUS,39|482,Información oficial: Consorcio Regional de Transportes de Madrid|Consorcio Regional de Transportes de Madrid,91.85,41.56666666666667,11.033333333333331,2979.35,1.0,2026-07-29T18:00:58+02:00,2026-07-29T19:42:23+02:00,BUS,493|486|25,Consorcio Regional de Transportes de Madrid|Información oficial: Consorcio Regional de Transportes de Madrid,101.41666666666669,34.666666666666664,16.033333333333335,2583.1800000000003,2.0,193.26666666666668,76.23333333333333,27.066666666666663,3.0,0,complete_route,True,,True,usable
MAD-073,Trafalgar,Chamberí,True,True,available,172,166,6,96.51,3.49,1.49,166,1134079.52,1075000.0,635000.0,1625000.0,990000.0,160000.0,3300000.0,9139.35,9135.14,7628.56,10734.13,3105.57,2263.44,34.0,8823.53,9198.72,375.19,4.11,110.27,166,2000,0.95,calculated,124.13,104.5,78.0,161.75,83.75,17.0,429.0,2.66,3.0,155,11,93.37,2.0,2.0,29,137,17.47,0.9096,90.96,166,0,100.0,0.7866,78.66,164,2,98.8,89.68,98.41,34.92,79.48,high,La estimación presenta una estabilidad alta en comparación con el resto de barrios.,residential_sale,asking_price,unknown,8568.41,8346.91,8594.59,162.1,165.57,161.14,100,97.41,100.31,True,True,True,2025,EUR_per_m2,mean_declared_transaction_price,residential_sales,Ayuntamiento de Madrid,Colegio de Registradores de España,504020100060,15,97.7,True,True,79.48,high,8568.41,registered_transactions_2025,official_price_and_kaggle_features,-566.7299999999996,-6.20384580860282,0.937961541913972,DEST_001,Trafalgar,Chamberí,Puerta del Sol,2026-07-29,success,success,2026-07-29T08:28:00+02:00,2026-07-29T08:59:04+02:00,BUS,147,Información oficial: Consorcio Regional de Transportes de Madrid,31.066666666666663,13.0,8.0,958.06,0.0,2026-07-29T18:00:00+02:00,2026-07-29T18:31:37+02:00,BUS,147,Información oficial: Consorcio Regional de Transportes de Madrid,31.616666666666667,12.783333333333331,8.0,942.96,0.0,62.68333333333333,25.78333333333333,16.0,0.0,0,complete_route,True,,True,usable
MAD-073,Trafalgar,Chamberí,True,True,available,172,166,6,96.51,3.49,1.49,166,1134079.52,1075000.0,635000.0,1625000.0,990000.0,160000.0,3300000.0,9139.35,9135.14,7628.56,10734.13,3105.57,2263.44,34.0,8823.53,9198.72,375.19,4.11,110.27,166,2000,0.95,calculated,124.13,104.5,78.0,161.75,83.75,17.0,429.0,2.66,3.0,155,11,93.37,2.0,2.0,29,137,17.47,0.9096,90.96,166,0,100.0,0.7866,78.66,164,2,98.8,89.68,98.41,34.92,79.48,high,La estimación presenta una estabilidad alta en comparación con el resto de barrios.,residential_sale,asking_price,unknown,8568.41,8346.91,8594.59,162.1,165.57,161.14,100,97.41,100.31,True,True,True,2025,EUR_per_m2,mean_declared_transaction_price,residential_sales,Ayuntamiento de Madrid,Colegio de Registradores de España,504020100060,15,97.7,True,True,79.48,high,8568.41,registered_transactions_2025,official_price_and_kaggle_features,-566.7299999999996,-6.20384580860282,0.937961541913972,DEST_002,Trafalgar,Chamberí,Nuevos Ministerios,2026-07-29,success,success,2026-07-29T08:30:00+02:00,2026-07-29T08:59:33+02:00,BUS,147,Información oficial: Consorcio Regional de Transportes de Madrid,29.55,7.883333333333334,7.0,499.32,0.0,2026-07-29T18:00:00+02:00,2026-07-29T18:27:10+02:00,BUS,147,Información oficial: Consorcio Regional de Transportes de Madrid,27.166666666666668,6.633333333333334,7.0,450.76,0.0,56.71666666666667,14.516666666666667,14.0,0.0,0,complete_route,True,,True,usable
MAD-073,Trafalgar,Chamberí,True,True,available,172,166,6,96.51,3.49,1.49,166,1134079.52,1075000.0,635000.0,1625000.0,990000.0,160000.0,3300000.0,9139.35,9135.14,7628.56,10734.13,3105.57,2263.44,34.0,8823.53,9198.72,375.19,4.11,110.27,166,2000,0.95,calculated,124.13,104.5,78.0,161.75,83.75,17.0,429.0,2.66,3.0,155,11,93.37,2.0,2.0,29,137,17.47,0.9096,90.96,166,0,100.0,0.7866,78.66,164,2,98.8,89.68,98.41,34.92,79.48,high,La estimación presenta una estabilidad alta en comparación con el resto de barrios.,residential_sale,asking_price,unknown,8568.41,8346.91,8594.59,162.1,165.57,161.14,100,97.41,100.31,True,True,True,2025,EUR_per_m2,mean_declared_transaction_price,residential_sales,Ayuntamiento de Madrid,Colegio de Registradores de España,504020100060,15,97.7,True,True,79.48,high,8568.41,registered_transactions_2025,official_price_and_kaggle_features,-566.7299999999996,-6.20384580860282,0.937961541913972,DEST_003,Trafalgar,Chamberí,UC3M Campus de Leganés,2026-07-29,success,success,2026-07-29T07:20:00+02:00,2026-07-29T08:56:51+02:00,BUS,27|E1|482,Información oficial: Consorcio Regional de Transportes de Madrid|Consorcio Regional de Transportes de Madrid,96.85,21.45,18.666666666666668,1534.2199999999998,2.0,2026-07-29T18:00:58+02:00,2026-07-29T19:42:15+02:00,BUS,480|E1,Consorcio Regional de Transportes de Madrid|Información oficial: Consorcio Regional de Transportes de Madrid,101.28333333333332,32.55,13.0,2339.73,1.0,198.13333333333333,54.0,31.666666666666668,3.0,0,complete_route,True,,True,usable
MAD-074,Almagro,Chamberí,True,True,available,229,226,3,98.69,1.31,2.03,226,2626267.62,2300000.0,1210000.0,3400000.0,2190000.0,230000.0,12500000.0,11043.47,10604.45,9305.92,12331.4,3025.47,2613.8,28.53,10409.06,11221.95,812.88,7.67,186.44,226,2000,0.95,calculated,233.98,206.5,103.25,317.5,214.25,26.0,750.0,3.35,3.0,222,4,98.23,2.56,2.0,43,183,19.03,0.9867,98.67,226,0,100.0,0.8622,86.22,225,1,99.56,92.86,86.51,64.29,83.17,high,La estimación presenta una estabilidad alta en comparación con el resto de barrios.,residential_sale,asking_price,unknown,10795.41,11150.17,10761.97,204.24,221.17,201.78,100,103.29,99.69,True,True,True,2025,EUR_per_m2,mean_declared_transaction_price,residential_sales,Ayuntamiento de Madrid,Colegio de Registradores de España,504020100060,15,97.7,True,True,83.17,high,10795.41,registered_transactions_2025,official_price_and_kaggle_features,190.95999999999916,1.8007534572750037,1.01800753457275,DEST_001,Almagro,Chamberí,Puerta del Sol,2026-07-29,success,success,2026-07-29T08:27:00+02:00,2026-07-29T08:59:48+02:00,BUS,147,Información oficial: Consorcio Regional de Transportes de Madrid,32.8,11.3,8.0,828.44,0.0,2026-07-29T18:00:00+02:00,2026-07-29T18:32:41+02:00,BUS,147,Información oficial: Consorcio Regional de Transportes de Madrid,32.68333333333333,10.483333333333333,8.0,780.3,0.0,65.48333333333332,21.78333333333333,16.0,0.0,0,complete_route,True,,True,usable
MAD-074,Almagro,Chamberí,True,True,available,229,226,3,98.69,1.31,2.03,226,2626267.62,2300000.0,1210000.0,3400000.0,2190000.0,230000.0,12500000.0,11043.47,10604.45,9305.92,12331.4,3025.47,2613.8,28.53,10409.06,11221.95,812.88,7.67,186.44,226,2000,0.95,calculated,233.98,206.5,103.25,317.5,214.25,26.0,750.0,3.35,3.0,222,4,98.23,2.56,2.0,43,183,19.03,0.9867,98.67,226,0,100.0,0.8622,86.22,225,1,99.56,92.86,86.51,64.29,83.17,high,La estimación presenta una estabilidad alta en comparación con el resto de barrios.,residential_sale,asking_price,unknown,10795.41,11150.17,10761.97,204.24,221.17,201.78,100,103.29,99.69,True,True,True,2025,EUR_per_m2,mean_declared_transaction_price,residential_sales,Ayuntamiento de Madrid,Colegio de Registradores de España,504020100060,15,97.7,True,True,83.17,high,10795.41,registered_transactions_2025,official_price_and_kaggle_features,190.95999999999916,1.8007534572750037,1.01800753457275,DEST_002,Almagro,Chamberí,Nuevos Ministerios,2026-07-29,success,success,2026-07-29T08:35:00+02:00,2026-07-29T08:59:11+02:00,BUS,147,Información oficial: Consorcio Regional de Transportes de Madrid,24.183333333333334,8.566666666666666,7.0,616.82,0.0,2026-07-29T18:00:00+02:00,2026-07-29T18:20:47+02:00,BUS,147,Información oficial: Consorcio Regional de Transportes de Madrid,20.78333333333333,5.383333333333334,7.0,375.16,0.0,44.96666666666667,13.95,14.0,0.0,0,complete_route,True,,True,usable
MAD-074,Almagro,Chamberí,True,True,available,229,226,3,98.69,1.31,2.03,226,2626267.62,2300000.0,1210000.0,3400000.0,2190000.0,230000.0,12500000.0,11043.47,10604.45,9305.92,12331.4,3025.47,2613.8,28.53,10409.06,11221.95,812.88,7.67,186.44,226,2000,0.95,calculated,233.98,206.5,103.25,317.5,214.25,26.0,750.0,3.35,3.0,222,4,98.23,2.56,2.0,43,183,19.03,0.9867,98.67,226,0,100.0,0.8622,86.22,225,1,99.56,92.86,86.51,64.29,83.17,high,La estimación presenta una estabilidad alta en comparación con el resto de barrios.,residential_sale,asking_price,unknown,10795.41,11150.17,10761.97,204.24,221.17,201.78,100,103.29,99.69,True,True,True,2025,EUR_per_m2,mean_declared_transaction_price,residential_sales,Ayuntamiento de Madrid,Colegio de Registradores de España,504020100060,15,97.7,True,True,83.17,high,10795.41,registered_transactions_2025,official_price_and_kaggle_features,190.95999999999916,1.8007534572750037,1.01800753457275,DEST_003,Almagro,Chamberí,UC3M Campus de Leganés,2026-07-29,success,success,2026-07-29T07:30:00+02:00,2026-07-29T08:56:51+02:00,BUS,27|E1|482,Información oficial: Consorcio Regional de Transportes de Madrid|Consorcio Regional de Transportes de Madrid,86.85,9.966666666666669,18.05,701.2800000000001,2.0,2026-07-29T18:00:58+02:00,2026-07-29T19:40:12+02:00,BUS,480|E1,Consorcio Regional de Transportes de Madrid|Información oficial: Consorcio Regional de Transportes de Madrid,99.23333333333332,30.5,13.0,2203.24,1.0,186.0833333333333,40.46666666666667,31.05,3.0,0,complete_route,True,,True,usable
MAD-075,Ríos Rosas,Chamberí,True,True,available,125,123,2,98.4,1.6,1.11,123,1105656.34,850000.0,527000.0,1485000.0,958000.0,177000.0,5325000.0,8473.51,8283.58,6843.11,9551.15,2708.04,2299.05,32.69,7874.89,8833.33,958.45,11.57,262.51,123,2000,0.95,calculated,130.37,120.0,60.0,161.0,101.0,20.0,596.0,2.74,3.0,117,6,95.12,1.84,2.0,25,98,20.33,0.9593,95.93,123,0,100.0,0.6803,68.03,122,1,99.19,82.54,65.08,42.06,65.44,medium,La estimación presenta una estabilidad intermedia en comparación con el resto de barrios.,residential_sale,asking_price,unknown,7915.16,7735.63,7927.52,149.75,153.44,148.63,100,97.73,100.16,True,True,True,2025,EUR_per_m2,mean_declared_transaction_price,residential_sales,Ayuntamiento de Madrid,Colegio de Registradores de España,504020100060,15,97.7,True,True,65.44,medium,7915.16,registered_transactions_2025,official_price_and_kaggle_features,-368.4200000000001,-4.447593914708376,0.9555240608529162,DEST_001,Ríos Rosas,Chamberí,Puerta del Sol,2026-07-29,success,success,2026-07-29T08:14:00+02:00,2026-07-29T08:56:34+02:00,BUS,45,Información oficial: Consorcio Regional de Transportes de Madrid,42.56666666666667,12.166666666666666,9.0,861.6600000000001,0.0,2026-07-29T18:00:00+02:00,2026-07-29T18:42:26+02:00,BUS,3,Información oficial: Consorcio Regional de Transportes de Madrid,42.43333333333333,15.3,10.0,1104.68,0.0,85.0,27.46666666666667,19.0,0.0,0,complete_route,True,,True,usable
MAD-075,Ríos Rosas,Chamberí,True,True,available,125,123,2,98.4,1.6,1.11,123,1105656.34,850000.0,527000.0,1485000.0,958000.0,177000.0,5325000.0,8473.51,8283.58,6843.11,9551.15,2708.04,2299.05,32.69,7874.89,8833.33,958.45,11.57,262.51,123,2000,0.95,calculated,130.37,120.0,60.0,161.0,101.0,20.0,596.0,2.74,3.0,117,6,95.12,1.84,2.0,25,98,20.33,0.9593,95.93,123,0,100.0,0.6803,68.03,122,1,99.19,82.54,65.08,42.06,65.44,medium,La estimación presenta una estabilidad intermedia en comparación con el resto de barrios.,residential_sale,asking_price,unknown,7915.16,7735.63,7927.52,149.75,153.44,148.63,100,97.73,100.16,True,True,True,2025,EUR_per_m2,mean_declared_transaction_price,residential_sales,Ayuntamiento de Madrid,Colegio de Registradores de España,504020100060,15,97.7,True,True,65.44,medium,7915.16,registered_transactions_2025,official_price_and_kaggle_features,-368.4200000000001,-4.447593914708376,0.9555240608529162,DEST_002,Ríos Rosas,Chamberí,Nuevos Ministerios,2026-07-29,no_route,no_route,,,,,,,,,,,,,,,,,,,,,,,,,2,no_route,False,no_hay_ruta_en_ningun_sentido,False,ruta_incompleta
MAD-075,Ríos Rosas,Chamberí,True,True,available,125,123,2,98.4,1.6,1.11,123,1105656.34,850000.0,527000.0,1485000.0,958000.0,177000.0,5325000.0,8473.51,8283.58,6843.11,9551.15,2708.04,2299.05,32.69,7874.89,8833.33,958.45,11.57,262.51,123,2000,0.95,calculated,130.37,120.0,60.0,161.0,101.0,20.0,596.0,2.74,3.0,117,6,95.12,1.84,2.0,25,98,20.33,0.9593,95.93,123,0,100.0,0.6803,68.03,122,1,99.19,82.54,65.08,42.06,65.44,medium,La estimación presenta una estabilidad intermedia en comparación con el resto de barrios.,residential_sale,asking_price,unknown,7915.16,7735.63,7927.52,149.75,153.44,148.63,100,97.73,100.16,True,True,True,2025,EUR_per_m2,mean_declared_transaction_price,residential_sales,Ayuntamiento de Madrid,Colegio de Registradores de España,504020100060,15,97.7,True,True,65.44,medium,7915.16,registered_transactions_2025,official_price_and_kaggle_features,-368.4200000000001,-4.447593914708376,0.9555240608529162,DEST_003,Ríos Rosas,Chamberí,UC3M Campus de Leganés,2026-07-29,success,success,2026-07-29T07:22:00+02:00,2026-07-29T08:56:51+02:00,BUS,27|E1|482,Información oficial: Consorcio Regional de Transportes de Madrid|Consorcio Regional de Transportes de Madrid,94.85,12.783333333333331,18.633333333333333,906.09,2.0,2026-07-29T18:00:58+02:00,2026-07-29T19:48:00+02:00,BUS,480|E1|27,Consorcio Regional de Transportes de Madrid|Información oficial: Consorcio Regional de Transportes de Madrid,107.03333333333332,13.6,22.0,958.17,2.0,201.88333333333333,26.383333333333333,40.63333333333333,4.0,0,complete_route,True,,True,usable
MAD-076,Vallehermoso,Chamberí,True,True,available,95,91,4,95.79,4.21,0.82,91,1168750.88,1070000.0,943500.0,1397500.0,454000.0,260000.0,2700000.0,6972.68,7061.07,6030.15,7578.39,1548.24,1256.41,21.93,6726.11,7429.91,703.8,9.97,211.59,91,2000,0.95,calculated,172.91,158.0,131.5,198.0,66.5,31.0,525.0,3.35,3.0,89,2,97.8,2.38,2.0,29,62,31.87,0.989,98.9,91,0,100.0,0.8452,84.52,84,7,92.31,69.84,75.4,87.3,76.43,high,La estimación presenta una estabilidad alta en comparación con el resto de barrios.,residential_sale,asking_price,unknown,6752.36,,6788.94,127.75,,127.29,100,,100.54,True,False,True,2025,EUR_per_m2,mean_declared_transaction_price,residential_sales,Ayuntamiento de Madrid,Colegio de Registradores de España,504020100060,15,97.7,True,True,76.43,high,6752.36,registered_transactions_2025,official_price_and_kaggle_features,-308.71000000000004,-4.372000277578328,0.9562799972242167,DEST_001,Vallehermoso,Chamberí,Puerta del Sol,2026-07-29,success,success,2026-07-29T08:11:00+02:00,2026-07-29T08:51:05+02:00,BUS,2,Información oficial: Consorcio Regional de Transportes de Madrid,40.083333333333336,9.666666666666666,9.0,677.0699999999999,0.0,2026-07-29T18:00:00+02:00,2026-07-29T18:43:38+02:00,BUS,44,Información oficial: Consorcio Regional de Transportes de Madrid,43.63333333333333,12.033333333333331,13.0,870.64,0.0,83.71666666666667,21.7,22.0,0.0,0,complete_route,True,,True,usable
MAD-076,Vallehermoso,Chamberí,True,True,available,95,91,4,95.79,4.21,0.82,91,1168750.88,1070000.0,943500.0,1397500.0,454000.0,260000.0,2700000.0,6972.68,7061.07,6030.15,7578.39,1548.24,1256.41,21.93,6726.11,7429.91,703.8,9.97,211.59,91,2000,0.95,calculated,172.91,158.0,131.5,198.0,66.5,31.0,525.0,3.35,3.0,89,2,97.8,2.38,2.0,29,62,31.87,0.989,98.9,91,0,100.0,0.8452,84.52,84,7,92.31,69.84,75.4,87.3,76.43,high,La estimación presenta una estabilidad alta en comparación con el resto de barrios.,residential_sale,asking_price,unknown,6752.36,,6788.94,127.75,,127.29,100,,100.54,True,False,True,2025,EUR_per_m2,mean_declared_transaction_price,residential_sales,Ayuntamiento de Madrid,Colegio de Registradores de España,504020100060,15,97.7,True,True,76.43,high,6752.36,registered_transactions_2025,official_price_and_kaggle_features,-308.71000000000004,-4.372000277578328,0.9562799972242167,DEST_002,Vallehermoso,Chamberí,Nuevos Ministerios,2026-07-29,success,success,2026-07-29T07:38:00+02:00,2026-07-29T08:06:24+02:00,BUS,C1,Información oficial: Consorcio Regional de Transportes de Madrid,28.4,18.35,5.0,1222.97,0.0,2026-07-29T18:00:00+02:00,2026-07-29T18:28:54+02:00,BUS,C2,Información oficial: Consorcio Regional de Transportes de Madrid,28.9,17.266666666666666,6.0,1149.47,0.0,57.3,35.61666666666667,11.0,0.0,0,complete_route,True,,True,usable
MAD-076,Vallehermoso,Chamberí,True,True,available,95,91,4,95.79,4.21,0.82,91,1168750.88,1070000.0,943500.0,1397500.0,454000.0,260000.0,2700000.0,6972.68,7061.07,6030.15,7578.39,1548.24,1256.41,21.93,6726.11,7429.91,703.8,9.97,211.59,91,2000,0.95,calculated,172.91,158.0,131.5,198.0,66.5,31.0,525.0,3.35,3.0,89,2,97.8,2.38,2.0,29,62,31.87,0.989,98.9,91,0,100.0,0.8452,84.52,84,7,92.31,69.84,75.4,87.3,76.43,high,La estimación presenta una estabilidad alta en comparación con el resto de barrios.,residential_sale,asking_price,unknown,6752.36,,6788.94,127.75,,127.29,100,,100.54,True,False,True,2025,EUR_per_m2,mean_declared_transaction_price,residential_sales,Ayuntamiento de Madrid,Colegio de Registradores de España,504020100060,15,97.7,True,True,76.43,high,6752.36,registered_transactions_2025,official_price_and_kaggle_features,-308.71000000000004,-4.372000277578328,0.9562799972242167,DEST_003,Vallehermoso,Chamberí,UC3M Campus de Leganés,2026-07-29,success,success,2026-07-29T07:12:00+02:00,2026-07-29T08:56:51+02:00,BUS,C2|39|482,Información oficial: Consorcio Regional de Transportes de Madrid|Consorcio Regional de Transportes de Madrid,104.85,35.31666666666667,18.716666666666665,2517.68,2.0,2026-07-29T18:00:58+02:00,2026-07-29T19:46:15+02:00,BUS,493|138,Consorcio Regional de Transportes de Madrid|Información oficial: Consorcio Regional de Transportes de Madrid,105.28333333333332,21.1,12.0,1531.4899999999998,1.0,210.13333333333333,56.41666666666667,30.716666666666665,3.0,0,complete_route,True,,True,usable
MAD-081,El Pardo,Fuencarral - El Pardo,True,True,available,5,5,0,100.0,0.0,0.05,5,411800.0,360000.0,279000.0,360000.0,81000.0,245000.0,815000.0,3712.66,3711.34,3500.0,3711.34,211.34,402.25,5.69,3282.35,4358.29,1075.94,28.99,208.06,5,2000,0.95,calculated,107.2,97.0,85.0,97.0,12.0,70.0,187.0,2.6,2.0,5,0,100.0,1.5,1.5,2,3,40.0,0.0,0.0,4,1,80.0,1.0,100.0,4,1,80.0,0.79,9.52,99.21,28.89,low,"El intervalo se ha calculado, pero el número de anuncios sigue siendo reducido.",residential_sale,asking_price,unknown,3704.98,,3704.98,70.09,,69.47,100,,1.31,True,False,True,2025,EUR_per_m2,mean_declared_transaction_price,residential_sales,Ayuntamiento de Madrid,Colegio de Registradores de España,504020100060,15,97.7,True,True,28.89,low,3704.98,registered_transactions_2025,official_price_and_kaggle_features,-6.360000000000127,-0.171366676187041,0.9982863332381297,DEST_001,El Pardo,Fuencarral - El Pardo,Puerta del Sol,2026-07-29,no_route,no_route,,,,,,,,,,,,,,,,,,,,,,,,,2,no_route,False,no_hay_ruta_en_ningun_sentido,False,ruta_incompleta
MAD-081,El Pardo,Fuencarral - El Pardo,True,True,available,5,5,0,100.0,0.0,0.05,5,411800.0,360000.0,279000.0,360000.0,81000.0,245000.0,815000.0,3712.66,3711.34,3500.0,3711.34,211.34,402.25,5.69,3282.35,4358.29,1075.94,28.99,208.06,5,2000,0.95,calculated,107.2,97.0,85.0,97.0,12.0,70.0,187.0,2.6,2.0,5,0,100.0,1.5,1.5,2,3,40.0,0.0,0.0,4,1,80.0,1.0,100.0,4,1,80.0,0.79,9.52,99.21,28.89,low,"El intervalo se ha calculado, pero el número de anuncios sigue siendo reducido.",residential_sale,asking_price,unknown,3704.98,,3704.98,70.09,,69.47,100,,1.31,True,False,True,2025,EUR_per_m2,mean_declared_transaction_price,residential_sales,Ayuntamiento de Madrid,Colegio de Registradores de España,504020100060,15,97.7,True,True,28.89,low,3704.98,registered_transactions_2025,official_price_and_kaggle_features,-6.360000000000127,-0.171366676187041,0.9982863332381297,DEST_002,El Pardo,Fuencarral - El Pardo,Nuevos Ministerios,2026-07-29,no_route,no_route,,,,,,,,,,,,,,,,,,,,,,,,,2,no_route,False,no_hay_ruta_en_ningun_sentido,False,ruta_incompleta
MAD-081,El Pardo,Fuencarral - El Pardo,True,True,available,5,5,0,100.0,0.0,0.05,5,411800.0,360000.0,279000.0,360000.0,81000.0,245000.0,815000.0,3712.66,3711.34,3500.0,3711.34,211.34,402.25,5.69,3282.35,4358.29,1075.94,28.99,208.06,5,2000,0.95,calculated,107.2,97.0,85.0,97.0,12.0,70.0,187.0,2.6,2.0,5,0,100.0,1.5,1.5,2,3,40.0,0.0,0.0,4,1,80.0,1.0,100.0,4,1,80.0,0.79,9.52,99.21,28.89,low,"El intervalo se ha calculado, pero el número de anuncios sigue siendo reducido.",residential_sale,asking_price,unknown,3704.98,,3704.98,70.09,,69.47,100,,1.31,True,False,True,2025,EUR_per_m2,mean_declared_transaction_price,residential_sales,Ayuntamiento de Madrid,Colegio de Registradores de España,504020100060,15,97.7,True,True,28.89,low,3704.98,registered_transactions_2025,official_price_and_kaggle_features,-6.360000000000127,-0.171366676187041,0.9982863332381297,DEST_003,El Pardo,Fuencarral - El Pardo,UC3M Campus de Leganés,2026-07-29,no_route,no_route,,,,,,,,,,,,,,,,,,,,,,,,,2,no_route,False,no_hay_ruta_en_ningun_sentido,False,ruta_incompleta
MAD-082,Fuentelarreina,Fuencarral - El Pardo,True,True,available,21,21,0,100.0,0.0,0.19,21,2083380.95,1970000.0,1065000.0,2900000.0,1835000.0,940000.0,4300000.0,3909.33,3929.54,3333.33,4638.1,1304.76,870.72,33.2,3405.22,4638.1,1232.87,31.37,295.89,21,2000,0.95,calculated,580.52,738.0,229.0,860.0,631.0,195.0,963.0,5.67,6.0,21,0,100.0,3.57,3.0,7,14,33.33,1.0,100.0,9,12,42.86,0.8889,88.89,9,12,42.86,13.89,6.35,39.68,17.32,low,La estimación debe interpretarse con precaución por el tamaño de la muestra o la variabilidad de los precios.,residential_sale,asking_price,unknown,5341.25,,5341.25,101.05,,100.14,100,,100.0,True,False,True,2025,EUR_per_m2,mean_declared_transaction_price,residential_sales,Ayuntamiento de Madrid,Colegio de Registradores de España,504020100060,15,97.7,True,True,17.32,low,5341.25,registered_transactions_2025,official_price_and_kaggle_features,1411.71,35.92557907541341,1.359255790754134,DEST_001,Fuentelarreina,Fuencarral - El Pardo,Puerta del Sol,2026-07-29,success,success,2026-07-29T07:54:00+02:00,2026-07-29T08:50:07+02:00,BUS,133,Información oficial: Consorcio Regional de Transportes de Madrid,56.11666666666667,18.15,7.0,1400.23,0.0,2026-07-29T18:00:00+02:00,2026-07-29T18:58:58+02:00,BUS,133,Información oficial: Consorcio Regional de Transportes de Madrid,58.96666666666667,16.966666666666665,8.0,1259.48,0.0,115.08333333333334,35.11666666666666,15.0,0.0,0,complete_route,True,,True,usable
MAD-082,Fuentelarreina,Fuencarral - El Pardo,True,True,available,21,21,0,100.0,0.0,0.19,21,2083380.95,1970000.0,1065000.0,2900000.0,1835000.0,940000.0,4300000.0,3909.33,3929.54,3333.33,4638.1,1304.76,870.72,33.2,3405.22,4638.1,1232.87,31.37,295.89,21,2000,0.95,calculated,580.52,738.0,229.0,860.0,631.0,195.0,963.0,5.67,6.0,21,0,100.0,3.57,3.0,7,14,33.33,1.0,100.0,9,12,42.86,0.8889,88.89,9,12,42.86,13.89,6.35,39.68,17.32,low,La estimación debe interpretarse con precaución por el tamaño de la muestra o la variabilidad de los precios.,residential_sale,asking_price,unknown,5341.25,,5341.25,101.05,,100.14,100,,100.0,True,False,True,2025,EUR_per_m2,mean_declared_transaction_price,residential_sales,Ayuntamiento de Madrid,Colegio de Registradores de España,504020100060,15,97.7,True,True,17.32,low,5341.25,registered_transactions_2025,official_price_and_kaggle_features,1411.71,35.92557907541341,1.359255790754134,DEST_002,Fuentelarreina,Fuencarral - El Pardo,Nuevos Ministerios,2026-07-29,success,success,2026-07-29T08:02:10+02:00,2026-07-29T08:57:49+02:00,BUS,815|147,Consorcio Regional de Transportes de Madrid|Información oficial: Consorcio Regional de Transportes de Madrid,55.65,9.116666666666667,9.0,647.0400000000001,1.0,2026-07-29T18:00:00+02:00,2026-07-29T19:11:52+02:00,BUS,64|82,Información oficial: Consorcio Regional de Transportes de Madrid,71.86666666666666,21.5,23.0,1662.59,1.0,127.51666666666664,30.616666666666667,32.0,2.0,0,complete_route,True,,True,usable
MAD-082,Fuentelarreina,Fuencarral - El Pardo,True,True,available,21,21,0,100.0,0.0,0.19,21,2083380.95,1970000.0,1065000.0,2900000.0,1835000.0,940000.0,4300000.0,3909.33,3929.54,3333.33,4638.1,1304.76,870.72,33.2,3405.22,4638.1,1232.87,31.37,295.89,21,2000,0.95,calculated,580.52,738.0,229.0,860.0,631.0,195.0,963.0,5.67,6.0,21,0,100.0,3.57,3.0,7,14,33.33,1.0,100.0,9,12,42.86,0.8889,88.89,9,12,42.86,13.89,6.35,39.68,17.32,low,La estimación debe interpretarse con precaución por el tamaño de la muestra o la variabilidad de los precios.,residential_sale,asking_price,unknown,5341.25,,5341.25,101.05,,100.14,100,,100.0,True,False,True,2025,EUR_per_m2,mean_declared_transaction_price,residential_sales,Ayuntamiento de Madrid,Colegio de Registradores de España,504020100060,15,97.7,True,True,17.32,low,5341.25,registered_transactions_2025,official_price_and_kaggle_features,1411.71,35.92557907541341,1.359255790754134,DEST_003,Fuentelarreina,Fuencarral - El Pardo,UC3M Campus de Leganés,2026-07-29,success,success,2026-07-29T06:56:00+02:00,2026-07-29T08:56:51+02:00,BUS,133|39|482,Información oficial: Consorcio Regional de Transportes de Madrid|Consorcio Regional de Transportes de Madrid,120.85,34.016666666666666,21.4,2451.31,2.0,2026-07-29T18:00:58+02:00,2026-07-29T20:12:22+02:00,BUS,493|138|133,Consorcio Regional de Transportes de Madrid|Información oficial: Consorcio Regional de Transportes de Madrid,131.4,15.433333333333334,23.0,1187.49,2.0,252.25,49.45,44.4,4.0,0,complete_route,True,,True,usable
MAD-083,Peñagrande,Fuencarral - El Pardo,True,True,available,137,136,1,99.27,0.73,1.22,136,993651.47,862500.0,621500.0,1409500.0,788000.0,130000.0,3500000.0,5636.14,5459.21,3823.01,7521.51,3698.5,2136.35,67.75,4753.36,6059.24,1305.88,23.92,328.9,136,2000,0.95,calculated,225.07,127.0,92.0,396.75,304.75,20.0,1095.0,3.51,3.0,133,3,97.79,2.29,2.0,24,112,17.65,0.9326,93.26,89,47,65.44,0.8778,87.78,90,46,66.18,85.71,16.67,0.79,36.87,low,La estimación debe interpretarse con precaución por el tamaño de la muestra o la variabilidad de los precios.,residential_sale,asking_price,unknown,5467.26,6732.75,5163.55,103.43,133.55,96.81,100,123.15,94.44,True,True,True,2025,EUR_per_m2,mean_declared_transaction_price,residential_sales,Ayuntamiento de Madrid,Colegio de Registradores de España,504020100060,15,97.7,True,True,36.87,low,5467.26,registered_transactions_2025,official_price_and_kaggle_features,8.050000000000182,0.1474572328230674,1.0014745723282308,DEST_001,Peñagrande,Fuencarral - El Pardo,Puerta del Sol,2026-07-29,success,success,2026-07-29T07:52:00+02:00,2026-07-29T08:50:37+02:00,BUS,133,Información oficial: Consorcio Regional de Transportes de Madrid,58.61666666666667,18.5,7.0,1356.84,0.0,2026-07-29T18:00:00+02:00,2026-07-29T18:58:39+02:00,BUS,133,Información oficial: Consorcio Regional de Transportes de Madrid,58.65,12.5,8.0,880.75,0.0,117.26666666666668,31.0,15.0,0.0,0,complete_route,True,,True,usable
MAD-083,Peñagrande,Fuencarral - El Pardo,True,True,available,137,136,1,99.27,0.73,1.22,136,993651.47,862500.0,621500.0,1409500.0,788000.0,130000.0,3500000.0,5636.14,5459.21,3823.01,7521.51,3698.5,2136.35,67.75,4753.36,6059.24,1305.88,23.92,328.9,136,2000,0.95,calculated,225.07,127.0,92.0,396.75,304.75,20.0,1095.0,3.51,3.0,133,3,97.79,2.29,2.0,24,112,17.65,0.9326,93.26,89,47,65.44,0.8778,87.78,90,46,66.18,85.71,16.67,0.79,36.87,low,La estimación debe interpretarse con precaución por el tamaño de la muestra o la variabilidad de los precios.,residential_sale,asking_price,unknown,5467.26,6732.75,5163.55,103.43,133.55,96.81,100,123.15,94.44,True,True,True,2025,EUR_per_m2,mean_declared_transaction_price,residential_sales,Ayuntamiento de Madrid,Colegio de Registradores de España,504020100060,15,97.7,True,True,36.87,low,5467.26,registered_transactions_2025,official_price_and_kaggle_features,8.050000000000182,0.1474572328230674,1.0014745723282308,DEST_002,Peñagrande,Fuencarral - El Pardo,Nuevos Ministerios,2026-07-29,success,success,2026-07-29T08:09:38+02:00,2026-07-29T08:57:49+02:00,BUS,815|147,Consorcio Regional de Transportes de Madrid|Información oficial: Consorcio Regional de Transportes de Madrid,48.18333333333333,4.933333333333334,9.0,315.58,1.0,2026-07-29T18:00:00+02:00,2026-07-29T18:59:43+02:00,BUS,147,Información oficial: Consorcio Regional de Transportes de Madrid,59.71666666666667,20.633333333333333,7.0,1504.04,0.0,107.9,25.566666666666663,16.0,1.0,0,complete_route,True,,True,usable
MAD-083,Peñagrande,Fuencarral - El Pardo,True,True,available,137,136,1,99.27,0.73,1.22,136,993651.47,862500.0,621500.0,1409500.0,788000.0,130000.0,3500000.0,5636.14,5459.21,3823.01,7521.51,3698.5,2136.35,67.75,4753.36,6059.24,1305.88,23.92,328.9,136,2000,0.95,calculated,225.07,127.0,92.0,396.75,304.75,20.0,1095.0,3.51,3.0,133,3,97.79,2.29,2.0,24,112,17.65,0.9326,93.26,89,47,65.44,0.8778,87.78,90,46,66.18,85.71,16.67,0.79,36.87,low,La estimación debe interpretarse con precaución por el tamaño de la muestra o la variabilidad de los precios.,residential_sale,asking_price,unknown,5467.26,6732.75,5163.55,103.43,133.55,96.81,100,123.15,94.44,True,True,True,2025,EUR_per_m2,mean_declared_transaction_price,residential_sales,Ayuntamiento de Madrid,Colegio de Registradores de España,504020100060,15,97.7,True,True,36.87,low,5467.26,registered_transactions_2025,official_price_and_kaggle_features,8.050000000000182,0.1474572328230674,1.0014745723282308,DEST_003,Peñagrande,Fuencarral - El Pardo,UC3M Campus de Leganés,2026-07-29,success,success,2026-07-29T06:54:00+02:00,2026-07-29T08:56:51+02:00,BUS,133|39|482,Información oficial: Consorcio Regional de Transportes de Madrid|Consorcio Regional de Transportes de Madrid,122.85,34.36666666666667,21.1,2407.92,2.0,2026-07-29T18:00:58+02:00,2026-07-29T20:11:50+02:00,BUS,493|138|133,Consorcio Regional de Transportes de Madrid|Información oficial: Consorcio Regional de Transportes de Madrid,130.86666666666667,10.966666666666669,23.0,808.76,2.0,253.71666666666667,45.333333333333336,44.1,4.0,0,complete_route,True,,True,usable
MAD-084,Pilar,Fuencarral - El Pardo,True,True,available,38,34,4,89.47,10.53,0.31,34,389311.76,319500.0,249750.0,515000.0,265250.0,126800.0,850000.0,4742.18,4887.32,4109.61,5250.0,1140.39,1043.87,23.33,4430.56,5028.99,598.43,12.24,180.05,34,2000,0.95,calculated,83.18,61.5,55.25,112.5,57.25,40.0,214.0,2.59,2.0,34,0,100.0,1.67,1.5,12,22,35.29,0.8235,82.35,34,0,100.0,1.0,100.0,32,2,94.12,28.57,59.52,82.54,54.44,medium,La estimación presenta una estabilidad intermedia en comparación con el resto de barrios.,residential_sale,asking_price,unknown,5064.58,5086.99,5054.77,95.82,100.9,94.77,100,100.44,99.81,True,True,True,2025,EUR_per_m2,mean_declared_transaction_price,residential_sales,Ayuntamiento de Madrid,Colegio de Registradores de España,504020100060,15,97.7,True,True,54.44,medium,5064.58,registered_transactions_2025,official_price_and_kaggle_features,177.26000000000022,3.626936644214011,1.03626936644214,DEST_001,Pilar,Fuencarral - El Pardo,Puerta del Sol,2026-07-29,success,success,2026-07-29T07:47:00+02:00,2026-07-29T08:44:22+02:00,BUS,147,Información oficial: Consorcio Regional de Transportes de Madrid,57.36666666666667,14.066666666666666,8.0,998.47,0.0,2026-07-29T18:00:00+02:00,2026-07-29T19:13:45+02:00,BUS,133,Información oficial: Consorcio Regional de Transportes de Madrid,73.75,22.383333333333333,8.0,1576.01,0.0,131.11666666666667,36.45,16.0,0.0,0,complete_route,True,,True,usable
MAD-084,Pilar,Fuencarral - El Pardo,True,True,available,38,34,4,89.47,10.53,0.31,34,389311.76,319500.0,249750.0,515000.0,265250.0,126800.0,850000.0,4742.18,4887.32,4109.61,5250.0,1140.39,1043.87,23.33,4430.56,5028.99,598.43,12.24,180.05,34,2000,0.95,calculated,83.18,61.5,55.25,112.5,57.25,40.0,214.0,2.59,2.0,34,0,100.0,1.67,1.5,12,22,35.29,0.8235,82.35,34,0,100.0,1.0,100.0,32,2,94.12,28.57,59.52,82.54,54.44,medium,La estimación presenta una estabilidad intermedia en comparación con el resto de barrios.,residential_sale,asking_price,unknown,5064.58,5086.99,5054.77,95.82,100.9,94.77,100,100.44,99.81,True,True,True,2025,EUR_per_m2,mean_declared_transaction_price,residential_sales,Ayuntamiento de Madrid,Colegio de Registradores de España,504020100060,15,97.7,True,True,54.44,medium,5064.58,registered_transactions_2025,official_price_and_kaggle_features,177.26000000000022,3.626936644214011,1.03626936644214,DEST_002,Pilar,Fuencarral - El Pardo,Nuevos Ministerios,2026-07-29,success,success,2026-07-29T08:15:34+02:00,2026-07-29T08:55:09+02:00,BUS,712|147,Consorcio Regional de Transportes de Madrid|Información oficial: Consorcio Regional de Transportes de Madrid,39.583333333333336,14.65,9.0,1024.2,1.0,2026-07-29T18:00:00+02:00,2026-07-29T18:44:09+02:00,BUS,147,Información oficial: Consorcio Regional de Transportes de Madrid,44.15,9.4,7.0,586.23,0.0,83.73333333333333,24.05,16.0,1.0,0,complete_route,True,,True,usable
MAD-084,Pilar,Fuencarral - El Pardo,True,True,available,38,34,4,89.47,10.53,0.31,34,389311.76,319500.0,249750.0,515000.0,265250.0,126800.0,850000.0,4742.18,4887.32,4109.61,5250.0,1140.39,1043.87,23.33,4430.56,5028.99,598.43,12.24,180.05,34,2000,0.95,calculated,83.18,61.5,55.25,112.5,57.25,40.0,214.0,2.59,2.0,34,0,100.0,1.67,1.5,12,22,35.29,0.8235,82.35,34,0,100.0,1.0,100.0,32,2,94.12,28.57,59.52,82.54,54.44,medium,La estimación presenta una estabilidad intermedia en comparación con el resto de barrios.,residential_sale,asking_price,unknown,5064.58,5086.99,5054.77,95.82,100.9,94.77,100,100.44,99.81,True,True,True,2025,EUR_per_m2,mean_declared_transaction_price,residential_sales,Ayuntamiento de Madrid,Colegio de Registradores de España,504020100060,15,97.7,True,True,54.44,medium,5064.58,registered_transactions_2025,official_price_and_kaggle_features,177.26000000000022,3.626936644214011,1.03626936644214,DEST_003,Pilar,Fuencarral - El Pardo,UC3M Campus de Leganés,2026-07-29,success,success,2026-07-29T06:55:55+02:00,2026-07-29T08:56:51+02:00,BUS,712|27|E1|482,Consorcio Regional de Transportes de Madrid|Información oficial: Consorcio Regional de Transportes de Madrid,120.93333333333334,19.116666666666667,22.133333333333333,1267.4,3.0,2026-07-29T18:00:58+02:00,2026-07-29T20:26:42+02:00,BUS,493|138|133,Consorcio Regional de Transportes de Madrid|Información oficial: Consorcio Regional de Transportes de Madrid,145.73333333333332,20.85,23.0,1504.02,2.0,266.66666666666663,39.96666666666667,45.13333333333333,5.0,0,complete_route,True,,True,usable
MAD-085,La Paz,Fuencarral - El Pardo,True,True,available,39,36,3,92.31,7.69,0.32,36,641858.33,649950.0,528750.0,775750.0,247000.0,230000.0,1050000.0,5284.82,5364.58,4363.78,5862.46,1498.68,974.71,27.94,5034.97,5750.0,715.03,13.33,155.97,36,2000,0.95,calculated,124.97,128.5,95.0,151.25,56.25,40.0,242.0,3.14,3.0,35,1,97.22,1.75,2.0,16,20,44.44,0.9444,94.44,36,0,100.0,0.9714,97.14,35,1,97.22,30.16,54.76,67.46,49.33,low,La estimación debe interpretarse con precaución por el tamaño de la muestra o la variabilidad de los precios.,residential_sale,asking_price,unknown,5106.44,4970.77,5141.7,96.61,98.6,96.4,100,97.34,100.69,True,True,True,2025,EUR_per_m2,mean_declared_transaction_price,residential_sales,Ayuntamiento de Madrid,Colegio de Registradores de España,504020100060,15,97.7,True,True,49.33,low,5106.44,registered_transactions_2025,official_price_and_kaggle_features,-258.1400000000003,-4.81193308702639,0.951880669129736,DEST_001,La Paz,Fuencarral - El Pardo,Puerta del Sol,2026-07-29,success,success,2026-07-29T07:49:08+02:00,2026-07-29T08:44:59+02:00,BUS,159|147,Consorcio Regional de Transportes de Madrid|Información oficial: Consorcio Regional de Transportes de Madrid,55.85,18.466666666666665,10.0,1391.13,1.0,2026-07-29T18:05:00+02:00,2026-07-29T19:18:33+02:00,BUS,27|171,Información oficial: Consorcio Regional de Transportes de Madrid|Consorcio Regional de Transportes de Madrid,73.55,33.88333333333333,9.183333333333334,2421.19,1.0,129.4,52.35,19.183333333333334,2.0,0,complete_route,True,,True,usable
MAD-085,La Paz,Fuencarral - El Pardo,True,True,available,39,36,3,92.31,7.69,0.32,36,641858.33,649950.0,528750.0,775750.0,247000.0,230000.0,1050000.0,5284.82,5364.58,4363.78,5862.46,1498.68,974.71,27.94,5034.97,5750.0,715.03,13.33,155.97,36,2000,0.95,calculated,124.97,128.5,95.0,151.25,56.25,40.0,242.0,3.14,3.0,35,1,97.22,1.75,2.0,16,20,44.44,0.9444,94.44,36,0,100.0,0.9714,97.14,35,1,97.22,30.16,54.76,67.46,49.33,low,La estimación debe interpretarse con precaución por el tamaño de la muestra o la variabilidad de los precios.,residential_sale,asking_price,unknown,5106.44,4970.77,5141.7,96.61,98.6,96.4,100,97.34,100.69,True,True,True,2025,EUR_per_m2,mean_declared_transaction_price,residential_sales,Ayuntamiento de Madrid,Colegio de Registradores de España,504020100060,15,97.7,True,True,49.33,low,5106.44,registered_transactions_2025,official_price_and_kaggle_features,-258.1400000000003,-4.81193308702639,0.951880669129736,DEST_002,La Paz,Fuencarral - El Pardo,Nuevos Ministerios,2026-07-29,success,success,2026-07-29T08:19:08+02:00,2026-07-29T08:57:47+02:00,BUS,159|147,Consorcio Regional de Transportes de Madrid|Información oficial: Consorcio Regional de Transportes de Madrid,38.65,12.1,9.0,883.83,1.0,2026-07-29T18:00:00+02:00,2026-07-29T18:46:08+02:00,BUS,147,Información oficial: Consorcio Regional de Transportes de Madrid,46.13333333333333,21.266666666666666,7.0,1482.81,0.0,84.78333333333333,33.36666666666667,16.0,1.0,0,complete_route,True,,True,usable
MAD-085,La Paz,Fuencarral - El Pardo,True,True,available,39,36,3,92.31,7.69,0.32,36,641858.33,649950.0,528750.0,775750.0,247000.0,230000.0,1050000.0,5284.82,5364.58,4363.78,5862.46,1498.68,974.71,27.94,5034.97,5750.0,715.03,13.33,155.97,36,2000,0.95,calculated,124.97,128.5,95.0,151.25,56.25,40.0,242.0,3.14,3.0,35,1,97.22,1.75,2.0,16,20,44.44,0.9444,94.44,36,0,100.0,0.9714,97.14,35,1,97.22,30.16,54.76,67.46,49.33,low,La estimación debe interpretarse con precaución por el tamaño de la muestra o la variabilidad de los precios.,residential_sale,asking_price,unknown,5106.44,4970.77,5141.7,96.61,98.6,96.4,100,97.34,100.69,True,True,True,2025,EUR_per_m2,mean_declared_transaction_price,residential_sales,Ayuntamiento de Madrid,Colegio de Registradores de España,504020100060,15,97.7,True,True,49.33,low,5106.44,registered_transactions_2025,official_price_and_kaggle_features,-258.1400000000003,-4.81193308702639,0.951880669129736,DEST_003,La Paz,Fuencarral - El Pardo,UC3M Campus de Leganés,2026-07-29,success,success,2026-07-29T06:48:50+02:00,2026-07-29T08:56:51+02:00,BUS,712|27|E1|482,Consorcio Regional de Transportes de Madrid|Información oficial: Consorcio Regional de Transportes de Madrid,128.01666666666668,26.2,22.133333333333333,1846.34,3.0,2026-07-29T18:00:58+02:00,2026-07-29T20:24:57+02:00,BUS,480|E1|27|67,Consorcio Regional de Transportes de Madrid|Información oficial: Consorcio Regional de Transportes de Madrid,143.98333333333332,7.3,37.0,518.0,3.0,272.0,33.5,59.13333333333333,6.0,0,complete_route,True,,True,usable
MAD-086,Valverde,Fuencarral - El Pardo,True,True,available,89,85,4,95.51,4.49,0.77,85,598181.18,450000.0,330000.0,700000.0,370000.0,84000.0,1975000.0,4834.15,4821.43,3920.45,5333.33,1412.88,1482.0,29.3,4451.61,4970.76,519.15,10.77,149.79,85,2000,0.95,calculated,134.01,95.0,73.0,156.0,83.0,27.0,710.0,2.7,3.0,83,2,97.65,1.54,2.0,26,59,30.59,0.7534,75.34,73,12,85.88,0.9589,95.89,73,12,85.88,66.27,69.84,61.11,66.41,medium,La estimación presenta una estabilidad intermedia en comparación con el resto de barrios.,residential_sale,asking_price,unknown,4878.72,5192.64,4802.08,92.3,103.0,90.03,100,106.43,98.43,True,True,True,2025,EUR_per_m2,mean_declared_transaction_price,residential_sales,Ayuntamiento de Madrid,Colegio de Registradores de España,504020100060,15,97.7,True,True,66.41,medium,4878.72,registered_transactions_2025,official_price_and_kaggle_features,57.28999999999997,1.1882366849669073,1.011882366849669,DEST_001,Valverde,Fuencarral - El Pardo,Puerta del Sol,2026-07-29,success,success,2026-07-29T07:35:37+02:00,2026-07-29T08:59:21+02:00,BUS,183|27,Consorcio Regional de Transportes de Madrid|Información oficial: Consorcio Regional de Transportes de Madrid,83.73333333333333,38.21666666666667,7.0,2698.52,1.0,2026-07-29T18:05:00+02:00,2026-07-29T19:19:24+02:00,BUS,27|171,Información oficial: Consorcio Regional de Transportes de Madrid|Consorcio Regional de Transportes de Madrid,74.4,34.733333333333334,9.183333333333334,2617.0,1.0,158.13333333333333,72.95,16.183333333333334,2.0,0,complete_route,True,,True,usable
MAD-086,Valverde,Fuencarral - El Pardo,True,True,available,89,85,4,95.51,4.49,0.77,85,598181.18,450000.0,330000.0,700000.0,370000.0,84000.0,1975000.0,4834.15,4821.43,3920.45,5333.33,1412.88,1482.0,29.3,4451.61,4970.76,519.15,10.77,149.79,85,2000,0.95,calculated,134.01,95.0,73.0,156.0,83.0,27.0,710.0,2.7,3.0,83,2,97.65,1.54,2.0,26,59,30.59,0.7534,75.34,73,12,85.88,0.9589,95.89,73,12,85.88,66.27,69.84,61.11,66.41,medium,La estimación presenta una estabilidad intermedia en comparación con el resto de barrios.,residential_sale,asking_price,unknown,4878.72,5192.64,4802.08,92.3,103.0,90.03,100,106.43,98.43,True,True,True,2025,EUR_per_m2,mean_declared_transaction_price,residential_sales,Ayuntamiento de Madrid,Colegio de Registradores de España,504020100060,15,97.7,True,True,66.41,medium,4878.72,registered_transactions_2025,official_price_and_kaggle_features,57.28999999999997,1.1882366849669073,1.011882366849669,DEST_002,Valverde,Fuencarral - El Pardo,Nuevos Ministerios,2026-07-29,success,success,2026-07-29T08:04:44+02:00,2026-07-29T08:55:48+02:00,BUS,161|147,Consorcio Regional de Transportes de Madrid|Información oficial: Consorcio Regional de Transportes de Madrid,51.06666666666667,22.566666666666663,9.0,1720.72,1.0,2026-07-29T18:04:00+02:00,2026-07-29T18:53:22+02:00,BUS,S10|182,Información oficial: Consorcio Regional de Transportes de Madrid|Consorcio Regional de Transportes de Madrid,49.36666666666667,27.566666666666663,5.4,1949.56,1.0,100.43333333333334,50.133333333333326,14.4,2.0,0,complete_route,True,,True,usable
MAD-086,Valverde,Fuencarral - El Pardo,True,True,available,89,85,4,95.51,4.49,0.77,85,598181.18,450000.0,330000.0,700000.0,370000.0,84000.0,1975000.0,4834.15,4821.43,3920.45,5333.33,1412.88,1482.0,29.3,4451.61,4970.76,519.15,10.77,149.79,85,2000,0.95,calculated,134.01,95.0,73.0,156.0,83.0,27.0,710.0,2.7,3.0,83,2,97.65,1.54,2.0,26,59,30.59,0.7534,75.34,73,12,85.88,0.9589,95.89,73,12,85.88,66.27,69.84,61.11,66.41,medium,La estimación presenta una estabilidad intermedia en comparación con el resto de barrios.,residential_sale,asking_price,unknown,4878.72,5192.64,4802.08,92.3,103.0,90.03,100,106.43,98.43,True,True,True,2025,EUR_per_m2,mean_declared_transaction_price,residential_sales,Ayuntamiento de Madrid,Colegio de Registradores de España,504020100060,15,97.7,True,True,66.41,medium,4878.72,registered_transactions_2025,official_price_and_kaggle_features,57.28999999999997,1.1882366849669073,1.011882366849669,DEST_003,Valverde,Fuencarral - El Pardo,UC3M Campus de Leganés,2026-07-29,success,success,2026-07-29T06:43:33+02:00,2026-07-29T08:56:51+02:00,BUS,171|27|E1|482,Consorcio Regional de Transportes de Madrid|Información oficial: Consorcio Regional de Transportes de Madrid,133.3,23.45,24.1,1806.82,3.0,2026-07-29T18:03:27+02:00,2026-07-29T20:19:24+02:00,BUS,485|E1|27|171,Consorcio Regional de Transportes de Madrid|Información oficial: Consorcio Regional de Transportes de Madrid,135.95,27.05,26.75,2111.99,3.0,269.25,50.5,50.85,6.0,0,complete_route,True,,True,usable
MAD-087,Mirasierra,Fuencarral - El Pardo,True,True,available,50,50,0,100.0,0.0,0.45,50,1354890.0,1313500.0,835000.0,1770625.0,935625.0,460000.0,2850000.0,5904.18,5997.4,4912.95,6501.85,1588.89,1410.12,26.49,5531.48,6172.25,640.77,10.68,183.13,50,2000,0.95,calculated,251.84,209.0,136.25,339.5,203.25,70.0,727.0,4.0,4.0,50,0,100.0,2.33,2.0,18,32,36.0,1.0,100.0,38,12,76.0,1.0,100.0,38,12,76.0,43.25,70.63,69.84,60.85,medium,La estimación presenta una estabilidad intermedia en comparación con el resto de barrios.,residential_sale,asking_price,unknown,6402.83,6327.05,6504.26,121.13,125.5,121.95,100,98.82,101.58,True,True,True,2025,EUR_per_m2,mean_declared_transaction_price,residential_sales,Ayuntamiento de Madrid,Colegio de Registradores de España,504020100060,15,97.7,True,True,60.85,medium,6402.83,registered_transactions_2025,official_price_and_kaggle_features,405.4300000000003,6.76009604161804,1.0676009604161805,DEST_001,Mirasierra,Fuencarral - El Pardo,Puerta del Sol,2026-07-29,success,success,2026-07-29T07:35:00+02:00,2026-07-29T08:55:38+02:00,BUS,133,Información oficial: Consorcio Regional de Transportes de Madrid,80.63333333333334,22.9,7.0,1794.82,0.0,2026-07-29T18:00:00+02:00,2026-07-29T19:28:31+02:00,BUS,133,Información oficial: Consorcio Regional de Transportes de Madrid,88.51666666666667,22.683333333333334,8.0,1729.9699999999998,0.0,169.15,45.58333333333333,15.0,0.0,0,complete_route,True,,True,usable
MAD-087,Mirasierra,Fuencarral - El Pardo,True,True,available,50,50,0,100.0,0.0,0.45,50,1354890.0,1313500.0,835000.0,1770625.0,935625.0,460000.0,2850000.0,5904.18,5997.4,4912.95,6501.85,1588.89,1410.12,26.49,5531.48,6172.25,640.77,10.68,183.13,50,2000,0.95,calculated,251.84,209.0,136.25,339.5,203.25,70.0,727.0,4.0,4.0,50,0,100.0,2.33,2.0,18,32,36.0,1.0,100.0,38,12,76.0,1.0,100.0,38,12,76.0,43.25,70.63,69.84,60.85,medium,La estimación presenta una estabilidad intermedia en comparación con el resto de barrios.,residential_sale,asking_price,unknown,6402.83,6327.05,6504.26,121.13,125.5,121.95,100,98.82,101.58,True,True,True,2025,EUR_per_m2,mean_declared_transaction_price,residential_sales,Ayuntamiento de Madrid,Colegio de Registradores de España,504020100060,15,97.7,True,True,60.85,medium,6402.83,registered_transactions_2025,official_price_and_kaggle_features,405.4300000000003,6.76009604161804,1.0676009604161805,DEST_002,Mirasierra,Fuencarral - El Pardo,Nuevos Ministerios,2026-07-29,success,success,2026-07-29T07:59:59+02:00,2026-07-29T08:55:09+02:00,BUS,712|147,Consorcio Regional de Transportes de Madrid|Información oficial: Consorcio Regional de Transportes de Madrid,55.16666666666666,26.65,9.0,2041.75,1.0,2026-07-29T18:04:00+02:00,2026-07-29T19:09:38+02:00,BUS,S10|717,Información oficial: Consorcio Regional de Transportes de Madrid|Consorcio Regional de Transportes de Madrid,65.63333333333334,42.91666666666666,5.033333333333333,3115.28,1.0,120.8,69.56666666666666,14.033333333333331,2.0,0,complete_route,True,,True,usable
MAD-087,Mirasierra,Fuencarral - El Pardo,True,True,available,50,50,0,100.0,0.0,0.45,50,1354890.0,1313500.0,835000.0,1770625.0,935625.0,460000.0,2850000.0,5904.18,5997.4,4912.95,6501.85,1588.89,1410.12,26.49,5531.48,6172.25,640.77,10.68,183.13,50,2000,0.95,calculated,251.84,209.0,136.25,339.5,203.25,70.0,727.0,4.0,4.0,50,0,100.0,2.33,2.0,18,32,36.0,1.0,100.0,38,12,76.0,1.0,100.0,38,12,76.0,43.25,70.63,69.84,60.85,medium,La estimación presenta una estabilidad intermedia en comparación con el resto de barrios.,residential_sale,asking_price,unknown,6402.83,6327.05,6504.26,121.13,125.5,121.95,100,98.82,101.58,True,True,True,2025,EUR_per_m2,mean_declared_transaction_price,residential_sales,Ayuntamiento de Madrid,Colegio de Registradores de España,504020100060,15,97.7,True,True,60.85,medium,6402.83,registered_transactions_2025,official_price_and_kaggle_features,405.4300000000003,6.76009604161804,1.0676009604161805,DEST_003,Mirasierra,Fuencarral - El Pardo,UC3M Campus de Leganés,2026-07-29,success,success,2026-07-29T06:39:28+02:00,2026-07-29T08:56:51+02:00,BUS,712|27|E1|482,Consorcio Regional de Transportes de Madrid|Información oficial: Consorcio Regional de Transportes de Madrid,137.38333333333333,31.116666666666667,22.133333333333333,2284.95,3.0,2026-07-29T18:00:58+02:00,2026-07-29T20:40:43+02:00,BUS,493|138|133,Consorcio Regional de Transportes de Madrid|Información oficial: Consorcio Regional de Transportes de Madrid,159.75,21.15,23.0,1657.98,2.0,297.1333333333333,52.266666666666666,45.13333333333333,5.0,0,complete_route,True,,True,usable
MAD-088,El Goloso,Fuencarral - El Pardo,True,True,available,12,12,0,100.0,0.0,0.11,12,816500.0,707000.0,643750.0,902500.0,258750.0,540000.0,1450000.0,5801.34,5527.15,4908.19,6284.84,1376.65,1772.15,24.91,4901.13,6307.54,1406.41,25.45,366.38,12,2000,0.95,calculated,157.42,124.0,99.75,164.25,64.5,82.0,380.0,3.17,3.0,12,0,100.0,1.83,2.0,6,6,50.0,1.0,100.0,9,3,75.0,1.0,100.0,9,3,75.0,3.57,13.49,76.19,25.69,low,"El intervalo se ha calculado, pero el número de anuncios sigue siendo reducido.",residential_sale,asking_price,unknown,7247.17,6957.66,7479.91,137.11,138.01,140.24,100,96.01,103.21,True,True,True,2025,EUR_per_m2,mean_declared_transaction_price,residential_sales,Ayuntamiento de Madrid,Colegio de Registradores de España,504020100060,15,97.7,True,True,25.69,low,7247.17,registered_transactions_2025,official_price_and_kaggle_features,1720.0200000000004,31.11947386989679,1.311194738698968,DEST_001,El Goloso,Fuencarral - El Pardo,Puerta del Sol,2026-07-29,success,success,2026-07-29T07:36:52+02:00,2026-07-29T08:59:43+02:00,BUS,713|27,Consorcio Regional de Transportes de Madrid|Información oficial: Consorcio Regional de Transportes de Madrid,82.85,32.233333333333334,7.0,2317.64,1.0,2026-07-29T18:00:00+02:00,2026-07-29T19:15:46+02:00,BUS,27|714,Información oficial: Consorcio Regional de Transportes de Madrid|Consorcio Regional de Transportes de Madrid,75.76666666666667,23.516666666666666,9.183333333333334,1714.23,1.0,158.61666666666667,55.75,16.183333333333334,2.0,0,complete_route,True,,True,usable
MAD-088,El Goloso,Fuencarral - El Pardo,True,True,available,12,12,0,100.0,0.0,0.11,12,816500.0,707000.0,643750.0,902500.0,258750.0,540000.0,1450000.0,5801.34,5527.15,4908.19,6284.84,1376.65,1772.15,24.91,4901.13,6307.54,1406.41,25.45,366.38,12,2000,0.95,calculated,157.42,124.0,99.75,164.25,64.5,82.0,380.0,3.17,3.0,12,0,100.0,1.83,2.0,6,6,50.0,1.0,100.0,9,3,75.0,1.0,100.0,9,3,75.0,3.57,13.49,76.19,25.69,low,"El intervalo se ha calculado, pero el número de anuncios sigue siendo reducido.",residential_sale,asking_price,unknown,7247.17,6957.66,7479.91,137.11,138.01,140.24,100,96.01,103.21,True,True,True,2025,EUR_per_m2,mean_declared_transaction_price,residential_sales,Ayuntamiento de Madrid,Colegio de Registradores de España,504020100060,15,97.7,True,True,25.69,low,7247.17,registered_transactions_2025,official_price_and_kaggle_features,1720.0200000000004,31.11947386989679,1.311194738698968,DEST_002,El Goloso,Fuencarral - El Pardo,Nuevos Ministerios,2026-07-29,success,success,2026-07-29T08:11:38+02:00,2026-07-29T09:00:00+02:00,BUS,714|27,Consorcio Regional de Transportes de Madrid|Información oficial: Consorcio Regional de Transportes de Madrid,48.36666666666667,11.116666666666667,7.0,804.94,1.0,2026-07-29T18:04:00+02:00,2026-07-29T18:48:57+02:00,BUS,S10|876,Información oficial: Consorcio Regional de Transportes de Madrid|Consorcio Regional de Transportes de Madrid,44.95,16.683333333333334,5.516666666666667,1199.39,1.0,93.31666666666666,27.8,12.516666666666666,2.0,0,complete_route,True,,True,usable
MAD-088,El Goloso,Fuencarral - El Pardo,True,True,available,12,12,0,100.0,0.0,0.11,12,816500.0,707000.0,643750.0,902500.0,258750.0,540000.0,1450000.0,5801.34,5527.15,4908.19,6284.84,1376.65,1772.15,24.91,4901.13,6307.54,1406.41,25.45,366.38,12,2000,0.95,calculated,157.42,124.0,99.75,164.25,64.5,82.0,380.0,3.17,3.0,12,0,100.0,1.83,2.0,6,6,50.0,1.0,100.0,9,3,75.0,1.0,100.0,9,3,75.0,3.57,13.49,76.19,25.69,low,"El intervalo se ha calculado, pero el número de anuncios sigue siendo reducido.",residential_sale,asking_price,unknown,7247.17,6957.66,7479.91,137.11,138.01,140.24,100,96.01,103.21,True,True,True,2025,EUR_per_m2,mean_declared_transaction_price,residential_sales,Ayuntamiento de Madrid,Colegio de Registradores de España,504020100060,15,97.7,True,True,25.69,low,7247.17,registered_transactions_2025,official_price_and_kaggle_features,1720.0200000000004,31.11947386989679,1.311194738698968,DEST_003,El Goloso,Fuencarral - El Pardo,UC3M Campus de Leganés,2026-07-29,success,success,2026-07-29T06:39:36+02:00,2026-07-29T08:56:51+02:00,BUS,712|27|E1|482,Consorcio Regional de Transportes de Madrid|Información oficial: Consorcio Regional de Transportes de Madrid,137.25,23.55,22.133333333333333,1679.0499999999995,3.0,2026-07-29T18:03:27+02:00,2026-07-29T20:29:04+02:00,BUS,485|E1|27|712,Consorcio Regional de Transportes de Madrid|Información oficial: Consorcio Regional de Transportes de Madrid,145.61666666666667,18.65,30.03333333333333,1319.96,3.0,282.8666666666667,42.2,52.16666666666666,6.0,0,complete_route,True,,True,usable
MAD-091,Casa de Campo,Moncloa - Aravaca,True,True,available,24,24,0,100.0,0.0,0.22,24,817666.67,625000.0,390000.0,905000.0,515000.0,295000.0,3900000.0,5155.38,4844.96,4175.85,5899.9,1724.05,1539.96,35.58,4436.62,5779.93,1343.31,27.73,389.88,24,2000,0.95,calculated,190.25,119.0,76.25,186.5,110.25,42.0,1139.0,3.88,3.0,24,0,100.0,1.8,1.0,5,19,20.83,1.0,100.0,17,7,70.83,0.9412,94.12,17,7,70.83,19.44,10.32,25.4,17.28,low,La estimación debe interpretarse con precaución por el tamaño de la muestra o la variabilidad de los precios.,residential_sale,asking_price,unknown,5378.62,5646.52,5294.9,101.76,112.0,99.27,100,104.98,98.44,True,True,True,2025,EUR_per_m2,mean_declared_transaction_price,residential_sales,Ayuntamiento de Madrid,Colegio de Registradores de España,504020100060,15,97.7,True,True,17.28,low,5378.62,registered_transactions_2025,official_price_and_kaggle_features,533.6599999999999,11.014745219774772,1.1101474521977477,DEST_001,Casa de Campo,Moncloa - Aravaca,Puerta del Sol,2026-07-29,success,success,2026-07-29T07:59:00+02:00,2026-07-29T08:55:01+02:00,BUS,31,Información oficial: Consorcio Regional de Transportes de Madrid,56.016666666666666,39.25,7.0,2920.44,0.0,2026-07-29T18:00:00+02:00,2026-07-29T18:56:32+02:00,BUS,31,Información oficial: Consorcio Regional de Transportes de Madrid,56.53333333333333,37.7,8.0,2843.86,0.0,112.55,76.95,15.0,0.0,0,complete_route,True,,True,usable
MAD-091,Casa de Campo,Moncloa - Aravaca,True,True,available,24,24,0,100.0,0.0,0.22,24,817666.67,625000.0,390000.0,905000.0,515000.0,295000.0,3900000.0,5155.38,4844.96,4175.85,5899.9,1724.05,1539.96,35.58,4436.62,5779.93,1343.31,27.73,389.88,24,2000,0.95,calculated,190.25,119.0,76.25,186.5,110.25,42.0,1139.0,3.88,3.0,24,0,100.0,1.8,1.0,5,19,20.83,1.0,100.0,17,7,70.83,0.9412,94.12,17,7,70.83,19.44,10.32,25.4,17.28,low,La estimación debe interpretarse con precaución por el tamaño de la muestra o la variabilidad de los precios.,residential_sale,asking_price,unknown,5378.62,5646.52,5294.9,101.76,112.0,99.27,100,104.98,98.44,True,True,True,2025,EUR_per_m2,mean_declared_transaction_price,residential_sales,Ayuntamiento de Madrid,Colegio de Registradores de España,504020100060,15,97.7,True,True,17.28,low,5378.62,registered_transactions_2025,official_price_and_kaggle_features,533.6599999999999,11.014745219774772,1.1101474521977477,DEST_002,Casa de Campo,Moncloa - Aravaca,Nuevos Ministerios,2026-07-29,success,success,2026-07-29T07:30:00+02:00,2026-07-29T08:56:43+02:00,BUS,C1,Información oficial: Consorcio Regional de Transportes de Madrid,86.71666666666667,39.43333333333333,13.0,2968.57,1.0,2026-07-29T18:00:00+02:00,2026-07-29T19:27:27+02:00,BUS,147|39,Información oficial: Consorcio Regional de Transportes de Madrid,87.45,37.38333333333333,19.0,2808.01,1.0,174.16666666666669,76.81666666666666,32.0,2.0,0,complete_route,True,,True,usable
MAD-091,Casa de Campo,Moncloa - Aravaca,True,True,available,24,24,0,100.0,0.0,0.22,24,817666.67,625000.0,390000.0,905000.0,515000.0,295000.0,3900000.0,5155.38,4844.96,4175.85,5899.9,1724.05,1539.96,35.58,4436.62,5779.93,1343.31,27.73,389.88,24,2000,0.95,calculated,190.25,119.0,76.25,186.5,110.25,42.0,1139.0,3.88,3.0,24,0,100.0,1.8,1.0,5,19,20.83,1.0,100.0,17,7,70.83,0.9412,94.12,17,7,70.83,19.44,10.32,25.4,17.28,low,La estimación debe interpretarse con precaución por el tamaño de la muestra o la variabilidad de los precios.,residential_sale,asking_price,unknown,5378.62,5646.52,5294.9,101.76,112.0,99.27,100,104.98,98.44,True,True,True,2025,EUR_per_m2,mean_declared_transaction_price,residential_sales,Ayuntamiento de Madrid,Colegio de Registradores de España,504020100060,15,97.7,True,True,17.28,low,5378.62,registered_transactions_2025,official_price_and_kaggle_features,533.6599999999999,11.014745219774772,1.1101474521977477,DEST_003,Casa de Campo,Moncloa - Aravaca,UC3M Campus de Leganés,2026-07-29,success,success,2026-07-29T07:18:00+02:00,2026-07-29T08:56:51+02:00,BUS,39|482,Información oficial: Consorcio Regional de Transportes de Madrid|Consorcio Regional de Transportes de Madrid,98.85,53.66666666666666,11.666666666666666,3973.77,1.0,2026-07-29T18:00:58+02:00,2026-07-29T19:44:31+02:00,BUS,493|138,Consorcio Regional de Transportes de Madrid|Información oficial: Consorcio Regional de Transportes de Madrid,103.55,41.45,12.0,3126.37,1.0,202.4,95.11666666666666,23.666666666666664,2.0,0,complete_route,True,,True,usable
MAD-092,Argüelles,Moncloa - Aravaca,True,True,available,154,150,4,97.4,2.6,1.35,150,1125741.65,850000.0,500250.0,1450000.0,949750.0,150000.0,4000000.0,7345.86,6955.88,6183.24,8270.21,2086.97,1835.49,30.0,6730.77,7401.92,671.15,9.65,170.06,150,2000,0.95,calculated,157.93,131.5,64.0,187.75,123.75,25.0,784.0,3.03,3.0,148,2,98.67,1.86,2.0,49,101,32.67,0.9067,90.67,150,0,100.0,0.8121,81.21,149,1,99.33,88.1,78.57,55.56,76.15,high,La estimación presenta una estabilidad alta en comparación con el resto de barrios.,residential_sale,asking_price,unknown,7554.87,8220.88,7268.41,142.93,163.07,136.28,100,108.82,96.21,True,True,True,2025,EUR_per_m2,mean_declared_transaction_price,residential_sales,Ayuntamiento de Madrid,Colegio de Registradores de España,504020100060,15,97.7,True,True,76.15,high,7554.87,registered_transactions_2025,official_price_and_kaggle_features,598.9899999999998,8.611275640177803,1.086112756401778,DEST_001,Argüelles,Moncloa - Aravaca,Puerta del Sol,2026-07-29,no_route,success,2026-07-29T08:32:00+02:00,2026-07-29T08:58:12+02:00,BUS,133,Información oficial: Consorcio Regional de Transportes de Madrid,26.2,15.766666666666667,7.0,1208.2,0.0,,,,,,,,,,,,,,,1,partial_route,False,falta_una_de_las_dos_rutas,False,ruta_incompleta
MAD-092,Argüelles,Moncloa - Aravaca,True,True,available,154,150,4,97.4,2.6,1.35,150,1125741.65,850000.0,500250.0,1450000.0,949750.0,150000.0,4000000.0,7345.86,6955.88,6183.24,8270.21,2086.97,1835.49,30.0,6730.77,7401.92,671.15,9.65,170.06,150,2000,0.95,calculated,157.93,131.5,64.0,187.75,123.75,25.0,784.0,3.03,3.0,148,2,98.67,1.86,2.0,49,101,32.67,0.9067,90.67,150,0,100.0,0.8121,81.21,149,1,99.33,88.1,78.57,55.56,76.15,high,La estimación presenta una estabilidad alta en comparación con el resto de barrios.,residential_sale,asking_price,unknown,7554.87,8220.88,7268.41,142.93,163.07,136.28,100,108.82,96.21,True,True,True,2025,EUR_per_m2,mean_declared_transaction_price,residential_sales,Ayuntamiento de Madrid,Colegio de Registradores de España,504020100060,15,97.7,True,True,76.15,high,7554.87,registered_transactions_2025,official_price_and_kaggle_features,598.9899999999998,8.611275640177803,1.086112756401778,DEST_002,Argüelles,Moncloa - Aravaca,Nuevos Ministerios,2026-07-29,success,success,2026-07-29T08:04:00+02:00,2026-07-29T08:50:04+02:00,BUS,C1,Información oficial: Consorcio Regional de Transportes de Madrid,46.06666666666667,8.816666666666666,13.0,597.5600000000001,1.0,2026-07-29T18:00:00+02:00,2026-07-29T18:42:20+02:00,BUS,147,Información oficial: Consorcio Regional de Transportes de Madrid,42.333333333333336,18.3,7.0,1260.93,0.0,88.4,27.116666666666667,20.0,1.0,0,complete_route,True,,True,usable
MAD-092,Argüelles,Moncloa - Aravaca,True,True,available,154,150,4,97.4,2.6,1.35,150,1125741.65,850000.0,500250.0,1450000.0,949750.0,150000.0,4000000.0,7345.86,6955.88,6183.24,8270.21,2086.97,1835.49,30.0,6730.77,7401.92,671.15,9.65,170.06,150,2000,0.95,calculated,157.93,131.5,64.0,187.75,123.75,25.0,784.0,3.03,3.0,148,2,98.67,1.86,2.0,49,101,32.67,0.9067,90.67,150,0,100.0,0.8121,81.21,149,1,99.33,88.1,78.57,55.56,76.15,high,La estimación presenta una estabilidad alta en comparación con el resto de barrios.,residential_sale,asking_price,unknown,7554.87,8220.88,7268.41,142.93,163.07,136.28,100,108.82,96.21,True,True,True,2025,EUR_per_m2,mean_declared_transaction_price,residential_sales,Ayuntamiento de Madrid,Colegio de Registradores de España,504020100060,15,97.7,True,True,76.15,high,7554.87,registered_transactions_2025,official_price_and_kaggle_features,598.9899999999998,8.611275640177803,1.086112756401778,DEST_003,Argüelles,Moncloa - Aravaca,UC3M Campus de Leganés,2026-07-29,success,success,2026-07-29T07:33:00+02:00,2026-07-29T08:56:51+02:00,BUS,39|482,Información oficial: Consorcio Regional de Transportes de Madrid|Consorcio Regional de Transportes de Madrid,83.85,33.833333333333336,11.566666666666666,2498.16,1.0,2026-07-29T18:00:58+02:00,2026-07-29T19:33:00+02:00,BUS,493|138,Consorcio Regional de Transportes de Madrid|Información oficial: Consorcio Regional de Transportes de Madrid,92.03333333333332,15.033333333333331,12.0,1086.06,1.0,175.88333333333333,48.86666666666667,23.566666666666663,2.0,0,complete_route,True,,True,usable
MAD-093,Ciudad Universitaria,Moncloa - Aravaca,True,True,available,86,85,1,98.84,1.16,0.77,85,1644875.35,1250000.0,638000.0,2250000.0,1612000.0,239900.0,8250000.0,5432.08,5234.9,4229.61,6125.0,1895.39,2485.16,36.21,4411.76,5447.06,1035.29,19.78,288.53,85,2000,0.95,calculated,360.93,251.0,99.0,510.0,411.0,53.0,3015.0,4.29,5.0,85,0,100.0,2.0,2.0,17,68,20.0,0.8936,89.36,47,38,55.29,0.9388,93.88,49,36,57.65,66.27,28.57,20.63,39.78,low,La estimación debe interpretarse con precaución por el tamaño de la muestra o la variabilidad de los precios.,residential_sale,asking_price,unknown,5822.75,5624.2,5871.13,110.16,111.56,110.08,100,96.59,100.83,True,True,True,2025,EUR_per_m2,mean_declared_transaction_price,residential_sales,Ayuntamiento de Madrid,Colegio de Registradores de España,504020100060,15,97.7,True,True,39.78,low,5822.75,registered_transactions_2025,official_price_and_kaggle_features,587.8500000000004,11.229440868020408,1.112294408680204,DEST_001,Ciudad Universitaria,Moncloa - Aravaca,Puerta del Sol,2026-07-29,success,success,2026-07-29T07:54:00+02:00,2026-07-29T08:53:30+02:00,BUS,82|133,Información oficial: Consorcio Regional de Transportes de Madrid,59.5,22.45,18.0,1715.9299999999998,1.0,2026-07-29T18:00:00+02:00,2026-07-29T18:59:50+02:00,BUS,133,Información oficial: Consorcio Regional de Transportes de Madrid,59.833333333333336,35.766666666666666,8.0,2701.33,0.0,119.33333333333334,58.21666666666667,26.0,1.0,0,complete_route,True,,True,usable
MAD-093,Ciudad Universitaria,Moncloa - Aravaca,True,True,available,86,85,1,98.84,1.16,0.77,85,1644875.35,1250000.0,638000.0,2250000.0,1612000.0,239900.0,8250000.0,5432.08,5234.9,4229.61,6125.0,1895.39,2485.16,36.21,4411.76,5447.06,1035.29,19.78,288.53,85,2000,0.95,calculated,360.93,251.0,99.0,510.0,411.0,53.0,3015.0,4.29,5.0,85,0,100.0,2.0,2.0,17,68,20.0,0.8936,89.36,47,38,55.29,0.9388,93.88,49,36,57.65,66.27,28.57,20.63,39.78,low,La estimación debe interpretarse con precaución por el tamaño de la muestra o la variabilidad de los precios.,residential_sale,asking_price,unknown,5822.75,5624.2,5871.13,110.16,111.56,110.08,100,96.59,100.83,True,True,True,2025,EUR_per_m2,mean_declared_transaction_price,residential_sales,Ayuntamiento de Madrid,Colegio de Registradores de España,504020100060,15,97.7,True,True,39.78,low,5822.75,registered_transactions_2025,official_price_and_kaggle_features,587.8500000000004,11.229440868020408,1.112294408680204,DEST_002,Ciudad Universitaria,Moncloa - Aravaca,Nuevos Ministerios,2026-07-29,success,success,2026-07-29T07:53:00+02:00,2026-07-29T08:56:43+02:00,BUS,126,Información oficial: Consorcio Regional de Transportes de Madrid,63.71666666666667,26.433333333333334,10.0,2003.81,0.0,2026-07-29T18:00:00+02:00,2026-07-29T18:59:18+02:00,BUS,F,Información oficial: Consorcio Regional de Transportes de Madrid,59.3,33.93333333333333,13.0,2489.23,0.0,123.01666666666668,60.36666666666666,23.0,0.0,0,complete_route,True,,True,usable
MAD-093,Ciudad Universitaria,Moncloa - Aravaca,True,True,available,86,85,1,98.84,1.16,0.77,85,1644875.35,1250000.0,638000.0,2250000.0,1612000.0,239900.0,8250000.0,5432.08,5234.9,4229.61,6125.0,1895.39,2485.16,36.21,4411.76,5447.06,1035.29,19.78,288.53,85,2000,0.95,calculated,360.93,251.0,99.0,510.0,411.0,53.0,3015.0,4.29,5.0,85,0,100.0,2.0,2.0,17,68,20.0,0.8936,89.36,47,38,55.29,0.9388,93.88,49,36,57.65,66.27,28.57,20.63,39.78,low,La estimación debe interpretarse con precaución por el tamaño de la muestra o la variabilidad de los precios.,residential_sale,asking_price,unknown,5822.75,5624.2,5871.13,110.16,111.56,110.08,100,96.59,100.83,True,True,True,2025,EUR_per_m2,mean_declared_transaction_price,residential_sales,Ayuntamiento de Madrid,Colegio de Registradores de España,504020100060,15,97.7,True,True,39.78,low,5822.75,registered_transactions_2025,official_price_and_kaggle_features,587.8500000000004,11.229440868020408,1.112294408680204,DEST_003,Ciudad Universitaria,Moncloa - Aravaca,UC3M Campus de Leganés,2026-07-29,success,success,2026-07-29T06:49:00+02:00,2026-07-29T08:56:51+02:00,BUS,133|39|482,Información oficial: Consorcio Regional de Transportes de Madrid|Consorcio Regional de Transportes de Madrid,127.85,56.43333333333333,21.45,4160.24,2.0,2026-07-29T18:11:02+02:00,2026-07-29T20:06:48+02:00,BUS,482|561|560|656|629,Consorcio Regional de Transportes de Madrid,115.76666666666668,31.65,17.75,2425.55,4.0,243.61666666666667,88.08333333333333,39.2,6.0,0,complete_route,True,,True,usable
MAD-094,Valdezarza,Moncloa - Aravaca,True,True,available,30,28,2,93.33,6.67,0.25,28,510571.64,432400.0,313000.0,680000.0,367000.0,195000.0,925000.0,5331.77,5128.05,4322.15,5676.69,1354.54,1654.85,26.41,4485.87,5461.13,975.26,19.02,290.87,28,2000,0.95,calculated,95.89,77.0,71.5,111.25,39.75,50.0,289.0,2.64,3.0,28,0,100.0,1.4,1.0,10,18,35.71,0.75,75.0,24,4,85.71,1.0,100.0,24,4,85.71,23.02,32.94,71.43,39.09,low,La estimación debe interpretarse con precaución por el tamaño de la muestra o la variabilidad de los precios.,residential_sale,asking_price,unknown,4484.04,,4492.18,84.83,,84.22,100,,100.18,True,False,True,2025,EUR_per_m2,mean_declared_transaction_price,residential_sales,Ayuntamiento de Madrid,Colegio de Registradores de España,504020100060,15,97.7,True,True,39.09,low,4484.04,registered_transactions_2025,official_price_and_kaggle_features,-644.0100000000002,-12.558574896890637,0.8744142510310936,DEST_001,Valdezarza,Moncloa - Aravaca,Puerta del Sol,2026-07-29,success,success,2026-07-29T07:41:33+02:00,2026-07-29T08:55:04+02:00,BUS,44,Información oficial: Consorcio Regional de Transportes de Madrid,73.51666666666667,23.5,10.0,1775.92,0.0,2026-07-29T18:00:00+02:00,2026-07-29T19:06:54+02:00,BUS,133|82,Información oficial: Consorcio Regional de Transportes de Madrid,66.9,24.383333333333333,20.0,1714.9499999999998,1.0,140.41666666666669,47.88333333333333,30.0,1.0,0,complete_route,True,,True,usable
MAD-094,Valdezarza,Moncloa - Aravaca,True,True,available,30,28,2,93.33,6.67,0.25,28,510571.64,432400.0,313000.0,680000.0,367000.0,195000.0,925000.0,5331.77,5128.05,4322.15,5676.69,1354.54,1654.85,26.41,4485.87,5461.13,975.26,19.02,290.87,28,2000,0.95,calculated,95.89,77.0,71.5,111.25,39.75,50.0,289.0,2.64,3.0,28,0,100.0,1.4,1.0,10,18,35.71,0.75,75.0,24,4,85.71,1.0,100.0,24,4,85.71,23.02,32.94,71.43,39.09,low,La estimación debe interpretarse con precaución por el tamaño de la muestra o la variabilidad de los precios.,residential_sale,asking_price,unknown,4484.04,,4492.18,84.83,,84.22,100,,100.18,True,False,True,2025,EUR_per_m2,mean_declared_transaction_price,residential_sales,Ayuntamiento de Madrid,Colegio de Registradores de España,504020100060,15,97.7,True,True,39.09,low,4484.04,registered_transactions_2025,official_price_and_kaggle_features,-644.0100000000002,-12.558574896890637,0.8744142510310936,DEST_002,Valdezarza,Moncloa - Aravaca,Nuevos Ministerios,2026-07-29,success,success,2026-07-29T08:10:00+02:00,2026-07-29T08:53:15+02:00,BUS,126,Información oficial: Consorcio Regional de Transportes de Madrid,43.25,7.45,10.0,529.27,0.0,2026-07-29T18:00:00+02:00,2026-07-29T18:43:17+02:00,BUS,126,Información oficial: Consorcio Regional de Transportes de Madrid,43.28333333333333,7.15,12.0,495.88,0.0,86.53333333333333,14.6,22.0,0.0,0,complete_route,True,,True,usable
MAD-094,Valdezarza,Moncloa - Aravaca,True,True,available,30,28,2,93.33,6.67,0.25,28,510571.64,432400.0,313000.0,680000.0,367000.0,195000.0,925000.0,5331.77,5128.05,4322.15,5676.69,1354.54,1654.85,26.41,4485.87,5461.13,975.26,19.02,290.87,28,2000,0.95,calculated,95.89,77.0,71.5,111.25,39.75,50.0,289.0,2.64,3.0,28,0,100.0,1.4,1.0,10,18,35.71,0.75,75.0,24,4,85.71,1.0,100.0,24,4,85.71,23.02,32.94,71.43,39.09,low,La estimación debe interpretarse con precaución por el tamaño de la muestra o la variabilidad de los precios.,residential_sale,asking_price,unknown,4484.04,,4492.18,84.83,,84.22,100,,100.18,True,False,True,2025,EUR_per_m2,mean_declared_transaction_price,residential_sales,Ayuntamiento de Madrid,Colegio de Registradores de España,504020100060,15,97.7,True,True,39.09,low,4484.04,registered_transactions_2025,official_price_and_kaggle_features,-644.0100000000002,-12.558574896890637,0.8744142510310936,DEST_003,Valdezarza,Moncloa - Aravaca,UC3M Campus de Leganés,2026-07-29,success,success,2026-07-29T06:51:00+02:00,2026-07-29T08:56:51+02:00,BUS,126|27|E1|482,Información oficial: Consorcio Regional de Transportes de Madrid|Consorcio Regional de Transportes de Madrid,125.85,9.066666666666666,32.5,627.83,3.0,2026-07-29T18:00:58+02:00,2026-07-29T20:13:56+02:00,BUS,493|138|82,Consorcio Regional de Transportes de Madrid|Información oficial: Consorcio Regional de Transportes de Madrid,132.96666666666667,20.216666666666665,24.0,1482.94,2.0,258.81666666666666,29.28333333333333,56.5,5.0,0,complete_route,True,,True,usable
MAD-095,Valdemarín,Moncloa - Aravaca,True,True,available,89,89,0,100.0,0.0,0.8,89,1839884.4,1450000.0,750000.0,2500000.0,1750000.0,349000.0,6950000.0,5644.56,5948.28,4367.65,6486.49,2118.84,1514.25,35.62,5000.0,6258.86,1258.86,21.16,348.93,89,2000,0.95,calculated,377.28,313.0,121.0,577.0,456.0,54.0,1250.0,4.62,4.0,89,0,100.0,2.93,2.0,15,74,16.85,1.0,100.0,53,36,59.55,0.9636,96.36,55,34,61.8,68.25,22.22,24.6,38.93,low,La estimación debe interpretarse con precaución por el tamaño de la muestra o la variabilidad de los precios.,residential_sale,asking_price,unknown,6710.42,,6791.61,126.95,,127.34,100,,101.21,True,False,True,2025,EUR_per_m2,mean_declared_transaction_price,residential_sales,Ayuntamiento de Madrid,Colegio de Registradores de España,504020100060,15,97.7,True,True,38.93,low,6710.42,registered_transactions_2025,official_price_and_kaggle_features,762.1400000000003,12.8127794925592,1.128127794925592,DEST_001,Valdemarín,Moncloa - Aravaca,Puerta del Sol,2026-07-29,success,success,2026-07-29T08:05:18+02:00,2026-07-29T08:57:52+02:00,BUS,625|133,Consorcio Regional de Transportes de Madrid|Información oficial: Consorcio Regional de Transportes de Madrid,52.56666666666667,30.55,9.0,2335.89,1.0,2026-07-29T18:00:00+02:00,2026-07-29T19:06:02+02:00,BUS,133|624|162,Información oficial: Consorcio Regional de Transportes de Madrid|Consorcio Regional de Transportes de Madrid,66.03333333333333,18.383333333333333,24.9,1359.4699999999998,2.0,118.6,48.93333333333334,33.9,3.0,0,complete_route,True,,True,usable
MAD-095,Valdemarín,Moncloa - Aravaca,True,True,available,89,89,0,100.0,0.0,0.8,89,1839884.4,1450000.0,750000.0,2500000.0,1750000.0,349000.0,6950000.0,5644.56,5948.28,4367.65,6486.49,2118.84,1514.25,35.62,5000.0,6258.86,1258.86,21.16,348.93,89,2000,0.95,calculated,377.28,313.0,121.0,577.0,456.0,54.0,1250.0,4.62,4.0,89,0,100.0,2.93,2.0,15,74,16.85,1.0,100.0,53,36,59.55,0.9636,96.36,55,34,61.8,68.25,22.22,24.6,38.93,low,La estimación debe interpretarse con precaución por el tamaño de la muestra o la variabilidad de los precios.,residential_sale,asking_price,unknown,6710.42,,6791.61,126.95,,127.34,100,,101.21,True,False,True,2025,EUR_per_m2,mean_declared_transaction_price,residential_sales,Ayuntamiento de Madrid,Colegio de Registradores de España,504020100060,15,97.7,True,True,38.93,low,6710.42,registered_transactions_2025,official_price_and_kaggle_features,762.1400000000003,12.8127794925592,1.128127794925592,DEST_002,Valdemarín,Moncloa - Aravaca,Nuevos Ministerios,2026-07-29,success,success,2026-07-29T07:42:39+02:00,2026-07-29T08:49:11+02:00,BUS,625|C1,Consorcio Regional de Transportes de Madrid|Información oficial: Consorcio Regional de Transportes de Madrid,66.53333333333333,23.966666666666665,15.0,1766.83,2.0,2026-07-29T18:00:00+02:00,2026-07-29T19:21:40+02:00,BUS,C2|661|162,Información oficial: Consorcio Regional de Transportes de Madrid|Consorcio Regional de Transportes de Madrid,81.66666666666667,24.35,22.266666666666666,1729.62,2.0,148.2,48.31666666666666,37.266666666666666,4.0,0,complete_route,True,,True,usable
MAD-095,Valdemarín,Moncloa - Aravaca,True,True,available,89,89,0,100.0,0.0,0.8,89,1839884.4,1450000.0,750000.0,2500000.0,1750000.0,349000.0,6950000.0,5644.56,5948.28,4367.65,6486.49,2118.84,1514.25,35.62,5000.0,6258.86,1258.86,21.16,348.93,89,2000,0.95,calculated,377.28,313.0,121.0,577.0,456.0,54.0,1250.0,4.62,4.0,89,0,100.0,2.93,2.0,15,74,16.85,1.0,100.0,53,36,59.55,0.9636,96.36,55,34,61.8,68.25,22.22,24.6,38.93,low,La estimación debe interpretarse con precaución por el tamaño de la muestra o la variabilidad de los precios.,residential_sale,asking_price,unknown,6710.42,,6791.61,126.95,,127.34,100,,101.21,True,False,True,2025,EUR_per_m2,mean_declared_transaction_price,residential_sales,Ayuntamiento de Madrid,Colegio de Registradores de España,504020100060,15,97.7,True,True,38.93,low,6710.42,registered_transactions_2025,official_price_and_kaggle_features,762.1400000000003,12.8127794925592,1.128127794925592,DEST_003,Valdemarín,Moncloa - Aravaca,UC3M Campus de Leganés,2026-07-29,success,success,2026-07-29T07:20:00+02:00,2026-07-29T08:56:51+02:00,BUS|TRAM,161|ML2|574|482,Información oficial: Consorcio Regional de Transportes de Madrid|Consorcio Regional de Transportes de Madrid,96.85,10.966666666666669,22.883333333333333,717.15,3.0,2026-07-29T18:11:02+02:00,2026-07-29T19:40:20+02:00,BUS,482|561|560|656,Consorcio Regional de Transportes de Madrid,89.3,15.083333333333334,15.266666666666667,1184.0,3.0,186.15,26.050000000000004,38.15,6.0,0,complete_route,True,,True,usable
MAD-096,El Plantío,Moncloa - Aravaca,True,True,available,80,74,6,92.5,7.5,0.67,74,3123601.7,2900000.0,2450000.0,3450000.0,1000000.0,762000.0,9000000.0,3768.64,3580.19,2552.39,4994.05,2441.66,1413.12,68.2,3180.0,4083.33,903.33,25.23,240.91,74,2000,0.95,calculated,888.91,785.0,561.25,1136.25,575.0,205.0,2500.0,5.96,6.0,74,0,100.0,4.09,3.0,11,63,14.86,1.0,100.0,1,73,1.35,0.7143,71.43,7,67,9.46,59.13,15.08,0.0,26.73,low,La estimación debe interpretarse con precaución por el tamaño de la muestra o la variabilidad de los precios.,residential_sale,asking_price,unknown,5946.59,,6044.92,112.5,,113.34,100,,101.65,True,False,True,2025,EUR_per_m2,mean_declared_transaction_price,residential_sales,Ayuntamiento de Madrid,Colegio de Registradores de España,504020100060,15,97.7,True,True,26.73,low,5946.59,registered_transactions_2025,official_price_and_kaggle_features,2366.4,66.09705071518552,1.660970507151855,DEST_001,El Plantío,Moncloa - Aravaca,Puerta del Sol,2026-07-29,success,success,2026-07-29T07:56:00+02:00,2026-07-29T08:57:52+02:00,BUS,162|625|133,Información oficial: Consorcio Regional de Transportes de Madrid|Consorcio Regional de Transportes de Madrid,61.86666666666667,15.1,21.7,1125.0,2.0,2026-07-29T18:00:00+02:00,2026-07-29T18:55:44+02:00,BUS,133|624|652,Información oficial: Consorcio Regional de Transportes de Madrid|Consorcio Regional de Transportes de Madrid,55.73333333333333,19.216666666666665,15.633333333333333,1418.6899999999998,2.0,117.6,34.31666666666666,37.33333333333333,4.0,0,complete_route,True,,True,usable
MAD-096,El Plantío,Moncloa - Aravaca,True,True,available,80,74,6,92.5,7.5,0.67,74,3123601.7,2900000.0,2450000.0,3450000.0,1000000.0,762000.0,9000000.0,3768.64,3580.19,2552.39,4994.05,2441.66,1413.12,68.2,3180.0,4083.33,903.33,25.23,240.91,74,2000,0.95,calculated,888.91,785.0,561.25,1136.25,575.0,205.0,2500.0,5.96,6.0,74,0,100.0,4.09,3.0,11,63,14.86,1.0,100.0,1,73,1.35,0.7143,71.43,7,67,9.46,59.13,15.08,0.0,26.73,low,La estimación debe interpretarse con precaución por el tamaño de la muestra o la variabilidad de los precios.,residential_sale,asking_price,unknown,5946.59,,6044.92,112.5,,113.34,100,,101.65,True,False,True,2025,EUR_per_m2,mean_declared_transaction_price,residential_sales,Ayuntamiento de Madrid,Colegio de Registradores de España,504020100060,15,97.7,True,True,26.73,low,5946.59,registered_transactions_2025,official_price_and_kaggle_features,2366.4,66.09705071518552,1.660970507151855,DEST_002,El Plantío,Moncloa - Aravaca,Nuevos Ministerios,2026-07-29,success,success,2026-07-29T07:34:00+02:00,2026-07-29T08:56:42+02:00,BUS,162|C1,Información oficial: Consorcio Regional de Transportes de Madrid,82.7,20.1,17.0,1379.96,1.0,2026-07-29T18:00:00+02:00,2026-07-29T19:12:29+02:00,BUS,C2|661|651,Información oficial: Consorcio Regional de Transportes de Madrid|Consorcio Regional de Transportes de Madrid,72.48333333333333,25.183333333333334,11.016666666666667,1788.84,2.0,155.18333333333334,45.28333333333333,28.016666666666666,3.0,0,complete_route,True,,True,usable
MAD-096,El Plantío,Moncloa - Aravaca,True,True,available,80,74,6,92.5,7.5,0.67,74,3123601.7,2900000.0,2450000.0,3450000.0,1000000.0,762000.0,9000000.0,3768.64,3580.19,2552.39,4994.05,2441.66,1413.12,68.2,3180.0,4083.33,903.33,25.23,240.91,74,2000,0.95,calculated,888.91,785.0,561.25,1136.25,575.0,205.0,2500.0,5.96,6.0,74,0,100.0,4.09,3.0,11,63,14.86,1.0,100.0,1,73,1.35,0.7143,71.43,7,67,9.46,59.13,15.08,0.0,26.73,low,La estimación debe interpretarse con precaución por el tamaño de la muestra o la variabilidad de los precios.,residential_sale,asking_price,unknown,5946.59,,6044.92,112.5,,113.34,100,,101.65,True,False,True,2025,EUR_per_m2,mean_declared_transaction_price,residential_sales,Ayuntamiento de Madrid,Colegio de Registradores de España,504020100060,15,97.7,True,True,26.73,low,5946.59,registered_transactions_2025,official_price_and_kaggle_features,2366.4,66.09705071518552,1.660970507151855,DEST_003,El Plantío,Moncloa - Aravaca,UC3M Campus de Leganés,2026-07-29,success,success,2026-07-29T07:01:55+02:00,2026-07-29T08:49:27+02:00,BUS,563|485,Consorcio Regional de Transportes de Madrid,107.53333333333332,18.95,5.0,1471.56,1.0,2026-07-29T18:11:02+02:00,2026-07-29T19:46:09+02:00,BUS,482|561|654,Consorcio Regional de Transportes de Madrid,95.11666666666666,2.566666666666667,8.2,190.9,2.0,202.65,21.516666666666666,13.2,3.0,0,complete_route,True,,True,usable
MAD-097,Aravaca,Moncloa - Aravaca,True,True,available,117,114,3,97.44,2.56,1.03,114,1692030.55,1474500.0,1101250.0,1980000.0,878750.0,230000.0,5350000.0,5304.37,4889.17,4060.32,6146.67,2086.35,1803.98,42.67,4516.13,5345.65,829.52,16.97,221.21,114,2000,0.95,calculated,363.32,258.5,200.0,472.5,272.5,42.0,1240.0,4.69,4.0,114,0,100.0,3.16,2.0,19,95,16.67,0.9474,94.74,57,57,50.0,0.9492,94.92,59,55,51.75,81.75,36.51,11.11,45.99,low,La estimación debe interpretarse con precaución por el tamaño de la muestra o la variabilidad de los precios.,residential_sale,asking_price,unknown,5644.82,5855.11,5602.76,106.79,116.14,105.05,100,103.73,99.25,True,True,True,2025,EUR_per_m2,mean_declared_transaction_price,residential_sales,Ayuntamiento de Madrid,Colegio de Registradores de España,504020100060,15,97.7,True,True,45.99,low,5644.82,registered_transactions_2025,official_price_and_kaggle_features,755.6499999999996,15.45558857638412,1.1545558857638412,DEST_001,Aravaca,Moncloa - Aravaca,Puerta del Sol,2026-07-29,success,success,2026-07-29T08:07:07+02:00,2026-07-29T08:58:21+02:00,BUS,657|643|133,Consorcio Regional de Transportes de Madrid|Información oficial: Consorcio Regional de Transportes de Madrid,51.23333333333333,20.766666666666666,11.683333333333334,1586.89,2.0,2026-07-29T18:00:00+02:00,2026-07-29T19:13:03+02:00,BUS,133|160,Información oficial: Consorcio Regional de Transportes de Madrid,73.05,15.883333333333333,27.0,1166.46,1.0,124.28333333333332,36.65,38.68333333333334,3.0,0,complete_route,True,,True,usable
MAD-097,Aravaca,Moncloa - Aravaca,True,True,available,117,114,3,97.44,2.56,1.03,114,1692030.55,1474500.0,1101250.0,1980000.0,878750.0,230000.0,5350000.0,5304.37,4889.17,4060.32,6146.67,2086.35,1803.98,42.67,4516.13,5345.65,829.52,16.97,221.21,114,2000,0.95,calculated,363.32,258.5,200.0,472.5,272.5,42.0,1240.0,4.69,4.0,114,0,100.0,3.16,2.0,19,95,16.67,0.9474,94.74,57,57,50.0,0.9492,94.92,59,55,51.75,81.75,36.51,11.11,45.99,low,La estimación debe interpretarse con precaución por el tamaño de la muestra o la variabilidad de los precios.,residential_sale,asking_price,unknown,5644.82,5855.11,5602.76,106.79,116.14,105.05,100,103.73,99.25,True,True,True,2025,EUR_per_m2,mean_declared_transaction_price,residential_sales,Ayuntamiento de Madrid,Colegio de Registradores de España,504020100060,15,97.7,True,True,45.99,low,5644.82,registered_transactions_2025,official_price_and_kaggle_features,755.6499999999996,15.45558857638412,1.1545558857638412,DEST_002,Aravaca,Moncloa - Aravaca,Nuevos Ministerios,2026-07-29,success,success,2026-07-29T07:47:07+02:00,2026-07-29T08:57:38+02:00,BUS,657|C1,Consorcio Regional de Transportes de Madrid|Información oficial: Consorcio Regional de Transportes de Madrid,70.51666666666667,13.116666666666667,15.0,945.31,2.0,2026-07-29T18:04:00+02:00,2026-07-29T19:18:09+02:00,BUS,C2|658,Información oficial: Consorcio Regional de Transportes de Madrid|Consorcio Regional de Transportes de Madrid,74.15,11.333333333333334,16.05,843.53,2.0,144.66666666666669,24.450000000000003,31.05,4.0,0,complete_route,True,,True,usable
MAD-097,Aravaca,Moncloa - Aravaca,True,True,available,117,114,3,97.44,2.56,1.03,114,1692030.55,1474500.0,1101250.0,1980000.0,878750.0,230000.0,5350000.0,5304.37,4889.17,4060.32,6146.67,2086.35,1803.98,42.67,4516.13,5345.65,829.52,16.97,221.21,114,2000,0.95,calculated,363.32,258.5,200.0,472.5,272.5,42.0,1240.0,4.69,4.0,114,0,100.0,3.16,2.0,19,95,16.67,0.9474,94.74,57,57,50.0,0.9492,94.92,59,55,51.75,81.75,36.51,11.11,45.99,low,La estimación debe interpretarse con precaución por el tamaño de la muestra o la variabilidad de los precios.,residential_sale,asking_price,unknown,5644.82,5855.11,5602.76,106.79,116.14,105.05,100,103.73,99.25,True,True,True,2025,EUR_per_m2,mean_declared_transaction_price,residential_sales,Ayuntamiento de Madrid,Colegio de Registradores de España,504020100060,15,97.7,True,True,45.99,low,5644.82,registered_transactions_2025,official_price_and_kaggle_features,755.6499999999996,15.45558857638412,1.1545558857638412,DEST_003,Aravaca,Moncloa - Aravaca,UC3M Campus de Leganés,2026-07-29,success,success,2026-07-29T07:27:31+02:00,2026-07-29T08:56:51+02:00,TRAM|BUS,ML2|574|482,Consorcio Regional de Transportes de Madrid,89.33333333333333,26.98333333333333,11.116666666666667,1901.26,2.0,2026-07-29T18:11:02+02:00,2026-07-29T19:31:03+02:00,BUS,482|561|658,Consorcio Regional de Transportes de Madrid,80.01666666666667,6.466666666666667,10.25,470.97,2.0,169.35,33.45,21.366666666666667,4.0,0,complete_route,True,,True,usable
MAD-101,Los Cármenes,Latina,True,True,available,34,24,10,70.59,29.41,0.22,24,311962.5,293000.0,170000.0,450500.0,280500.0,85000.0,590000.0,3546.49,3443.13,2720.83,4237.29,1516.45,1259.95,44.04,2777.78,4064.81,1287.04,37.38,397.65,24,2000,0.95,calculated,91.96,80.5,73.0,99.25,26.25,26.0,220.0,3.27,3.0,22,2,91.67,2.33,3.0,3,21,12.5,0.619,61.9,21,3,87.5,0.9,90.0,20,4,83.33,19.44,3.17,9.52,10.46,low,La estimación debe interpretarse con precaución por el tamaño de la muestra o la variabilidad de los precios.,residential_sale,asking_price,unknown,3502.59,3570.2,3486.71,66.27,70.82,65.37,100,101.93,99.55,True,True,True,2025,EUR_per_m2,mean_declared_transaction_price,residential_sales,Ayuntamiento de Madrid,Colegio de Registradores de España,504020100060,15,97.7,True,True,10.46,low,3502.59,registered_transactions_2025,official_price_and_kaggle_features,59.46000000000004,1.7269170783560317,1.0172691707835604,DEST_001,Los Cármenes,Latina,Puerta del Sol,2026-07-29,success,success,2026-07-29T08:07:00+02:00,2026-07-29T08:53:11+02:00,BUS,17,Información oficial: Consorcio Regional de Transportes de Madrid,46.18333333333333,14.6,10.0,1047.64,0.0,2026-07-29T18:00:00+02:00,2026-07-29T18:46:29+02:00,BUS,17,Información oficial: Consorcio Regional de Transportes de Madrid,46.48333333333333,15.083333333333334,10.0,1096.63,0.0,92.66666666666666,29.683333333333334,20.0,0.0,0,complete_route,True,,True,usable
MAD-101,Los Cármenes,Latina,True,True,available,34,24,10,70.59,29.41,0.22,24,311962.5,293000.0,170000.0,450500.0,280500.0,85000.0,590000.0,3546.49,3443.13,2720.83,4237.29,1516.45,1259.95,44.04,2777.78,4064.81,1287.04,37.38,397.65,24,2000,0.95,calculated,91.96,80.5,73.0,99.25,26.25,26.0,220.0,3.27,3.0,22,2,91.67,2.33,3.0,3,21,12.5,0.619,61.9,21,3,87.5,0.9,90.0,20,4,83.33,19.44,3.17,9.52,10.46,low,La estimación debe interpretarse con precaución por el tamaño de la muestra o la variabilidad de los precios.,residential_sale,asking_price,unknown,3502.59,3570.2,3486.71,66.27,70.82,65.37,100,101.93,99.55,True,True,True,2025,EUR_per_m2,mean_declared_transaction_price,residential_sales,Ayuntamiento de Madrid,Colegio de Registradores de España,504020100060,15,97.7,True,True,10.46,low,3502.59,registered_transactions_2025,official_price_and_kaggle_features,59.46000000000004,1.7269170783560317,1.0172691707835604,DEST_002,Los Cármenes,Latina,Nuevos Ministerios,2026-07-29,success,success,2026-07-29T07:39:00+02:00,2026-07-29T08:59:40+02:00,BUS,25|147,Información oficial: Consorcio Regional de Transportes de Madrid,80.66666666666667,16.283333333333335,18.0,1071.5700000000002,1.0,2026-07-29T18:00:00+02:00,2026-07-29T19:16:48+02:00,BUS,147|39,Información oficial: Consorcio Regional de Transportes de Madrid,76.8,17.916666666666668,19.0,1326.5,1.0,157.46666666666667,34.2,37.0,2.0,0,complete_route,True,,True,usable
MAD-101,Los Cármenes,Latina,True,True,available,34,24,10,70.59,29.41,0.22,24,311962.5,293000.0,170000.0,450500.0,280500.0,85000.0,590000.0,3546.49,3443.13,2720.83,4237.29,1516.45,1259.95,44.04,2777.78,4064.81,1287.04,37.38,397.65,24,2000,0.95,calculated,91.96,80.5,73.0,99.25,26.25,26.0,220.0,3.27,3.0,22,2,91.67,2.33,3.0,3,21,12.5,0.619,61.9,21,3,87.5,0.9,90.0,20,4,83.33,19.44,3.17,9.52,10.46,low,La estimación debe interpretarse con precaución por el tamaño de la muestra o la variabilidad de los precios.,residential_sale,asking_price,unknown,3502.59,3570.2,3486.71,66.27,70.82,65.37,100,101.93,99.55,True,True,True,2025,EUR_per_m2,mean_declared_transaction_price,residential_sales,Ayuntamiento de Madrid,Colegio de Registradores de España,504020100060,15,97.7,True,True,10.46,low,3502.59,registered_transactions_2025,official_price_and_kaggle_features,59.46000000000004,1.7269170783560317,1.0172691707835604,DEST_003,Los Cármenes,Latina,UC3M Campus de Leganés,2026-07-29,success,success,2026-07-29T07:55:50+02:00,2026-07-29T08:47:11+02:00,BUS,486|491,Consorcio Regional de Transportes de Madrid,51.35,26.75,3.966666666666667,2066.7200000000003,1.0,2026-07-29T18:00:58+02:00,2026-07-29T19:00:18+02:00,BUS,493|486,Consorcio Regional de Transportes de Madrid,59.333333333333336,29.8,5.033333333333333,2298.45,1.0,110.68333333333334,56.55,9.0,2.0,0,complete_route,True,,True,usable
MAD-102,Puerta del Ángel,Latina,True,True,available,90,79,11,87.78,12.22,0.71,79,370137.91,305000.0,230000.0,414500.0,184500.0,124000.0,1750000.0,4089.66,3829.79,3315.64,4631.7,1316.06,1148.32,34.36,3571.43,4117.65,546.22,14.26,165.85,79,2000,0.95,calculated,93.92,80.0,65.5,101.0,35.5,28.0,596.0,2.66,3.0,76,3,96.2,1.48,1.0,21,58,26.58,0.4189,41.89,74,5,93.67,0.8889,88.89,72,7,91.14,64.29,50.0,32.54,50.63,medium,La estimación presenta una estabilidad intermedia en comparación con el resto de barrios.,residential_sale,asking_price,unknown,4033.3,3894.92,4070.22,76.31,77.26,76.31,100,96.57,100.92,True,True,True,2025,EUR_per_m2,mean_declared_transaction_price,residential_sales,Ayuntamiento de Madrid,Colegio de Registradores de España,504020100060,15,97.7,True,True,50.63,medium,4033.3,registered_transactions_2025,official_price_and_kaggle_features,203.51000000000025,5.313868384428395,1.053138683844284,DEST_001,Puerta del Ángel,Latina,Puerta del Sol,2026-07-29,success,success,2026-07-29T08:20:00+02:00,2026-07-29T08:52:04+02:00,BUS,31,Información oficial: Consorcio Regional de Transportes de Madrid,32.06666666666667,13.416666666666666,7.0,945.76,0.0,2026-07-29T18:00:00+02:00,2026-07-29T18:33:04+02:00,BUS,31,Información oficial: Consorcio Regional de Transportes de Madrid,33.06666666666667,12.466666666666669,8.0,901.5,0.0,65.13333333333334,25.883333333333333,15.0,0.0,0,complete_route,True,,True,usable
MAD-102,Puerta del Ángel,Latina,True,True,available,90,79,11,87.78,12.22,0.71,79,370137.91,305000.0,230000.0,414500.0,184500.0,124000.0,1750000.0,4089.66,3829.79,3315.64,4631.7,1316.06,1148.32,34.36,3571.43,4117.65,546.22,14.26,165.85,79,2000,0.95,calculated,93.92,80.0,65.5,101.0,35.5,28.0,596.0,2.66,3.0,76,3,96.2,1.48,1.0,21,58,26.58,0.4189,41.89,74,5,93.67,0.8889,88.89,72,7,91.14,64.29,50.0,32.54,50.63,medium,La estimación presenta una estabilidad intermedia en comparación con el resto de barrios.,residential_sale,asking_price,unknown,4033.3,3894.92,4070.22,76.31,77.26,76.31,100,96.57,100.92,True,True,True,2025,EUR_per_m2,mean_declared_transaction_price,residential_sales,Ayuntamiento de Madrid,Colegio de Registradores de España,504020100060,15,97.7,True,True,50.63,medium,4033.3,registered_transactions_2025,official_price_and_kaggle_features,203.51000000000025,5.313868384428395,1.053138683844284,DEST_002,Puerta del Ángel,Latina,Nuevos Ministerios,2026-07-29,success,success,2026-07-29T07:53:00+02:00,2026-07-29T09:00:00+02:00,BUS,39|147,Información oficial: Consorcio Regional de Transportes de Madrid,67.0,14.233333333333333,18.0,940.84,1.0,2026-07-29T18:00:00+02:00,2026-07-29T19:03:30+02:00,BUS,147|39,Información oficial: Consorcio Regional de Transportes de Madrid,63.5,12.15,19.0,865.6500000000001,1.0,130.5,26.383333333333333,37.0,2.0,0,complete_route,True,,True,usable
MAD-102,Puerta del Ángel,Latina,True,True,available,90,79,11,87.78,12.22,0.71,79,370137.91,305000.0,230000.0,414500.0,184500.0,124000.0,1750000.0,4089.66,3829.79,3315.64,4631.7,1316.06,1148.32,34.36,3571.43,4117.65,546.22,14.26,165.85,79,2000,0.95,calculated,93.92,80.0,65.5,101.0,35.5,28.0,596.0,2.66,3.0,76,3,96.2,1.48,1.0,21,58,26.58,0.4189,41.89,74,5,93.67,0.8889,88.89,72,7,91.14,64.29,50.0,32.54,50.63,medium,La estimación presenta una estabilidad intermedia en comparación con el resto de barrios.,residential_sale,asking_price,unknown,4033.3,3894.92,4070.22,76.31,77.26,76.31,100,96.57,100.92,True,True,True,2025,EUR_per_m2,mean_declared_transaction_price,residential_sales,Ayuntamiento de Madrid,Colegio de Registradores de España,504020100060,15,97.7,True,True,50.63,medium,4033.3,registered_transactions_2025,official_price_and_kaggle_features,203.51000000000025,5.313868384428395,1.053138683844284,DEST_003,Puerta del Ángel,Latina,UC3M Campus de Leganés,2026-07-29,success,success,2026-07-29T07:44:00+02:00,2026-07-29T08:56:51+02:00,BUS,138|482,Información oficial: Consorcio Regional de Transportes de Madrid|Consorcio Regional de Transportes de Madrid,72.85,12.916666666666666,12.983333333333333,922.9,1.0,2026-07-29T18:00:58+02:00,2026-07-29T19:15:18+02:00,BUS,493|486,Consorcio Regional de Transportes de Madrid,74.33333333333333,44.8,5.033333333333333,3436.31,1.0,147.18333333333334,57.71666666666666,18.016666666666666,2.0,0,complete_route,True,,True,usable
MAD-103,Lucero,Latina,True,True,available,54,45,9,83.33,16.67,0.41,45,306162.91,279482.0,205000.0,360000.0,155000.0,125000.0,750000.0,3874.62,3666.67,3040.82,4285.71,1244.9,1366.62,33.95,3260.87,4054.05,793.18,21.63,217.61,45,2000,0.95,calculated,81.98,77.0,63.0,85.0,22.0,30.0,230.0,2.77,3.0,43,2,95.56,1.55,1.0,11,34,24.44,0.5227,52.27,44,1,97.78,0.9756,97.56,41,4,91.11,38.89,21.43,35.71,31.11,low,La estimación debe interpretarse con precaución por el tamaño de la muestra o la variabilidad de los precios.,residential_sale,asking_price,unknown,3310.43,3719.24,3258.35,62.63,73.77,61.09,100,112.35,98.43,True,True,True,2025,EUR_per_m2,mean_declared_transaction_price,residential_sales,Ayuntamiento de Madrid,Colegio de Registradores de España,504020100060,15,97.7,True,True,31.11,low,3310.43,registered_transactions_2025,official_price_and_kaggle_features,-356.24000000000024,-9.715627531247703,0.9028437246875228,DEST_001,Lucero,Latina,Puerta del Sol,2026-07-29,success,success,2026-07-29T08:06:00+02:00,2026-07-29T08:55:40+02:00,BUS,65,Información oficial: Consorcio Regional de Transportes de Madrid,49.66666666666666,13.916666666666666,14.0,1010.54,0.0,2026-07-29T18:00:00+02:00,2026-07-29T18:46:26+02:00,BUS,31,Información oficial: Consorcio Regional de Transportes de Madrid,46.43333333333333,16.966666666666665,8.0,1250.05,0.0,96.1,30.883333333333333,22.0,0.0,0,complete_route,True,,True,usable
MAD-103,Lucero,Latina,True,True,available,54,45,9,83.33,16.67,0.41,45,306162.91,279482.0,205000.0,360000.0,155000.0,125000.0,750000.0,3874.62,3666.67,3040.82,4285.71,1244.9,1366.62,33.95,3260.87,4054.05,793.18,21.63,217.61,45,2000,0.95,calculated,81.98,77.0,63.0,85.0,22.0,30.0,230.0,2.77,3.0,43,2,95.56,1.55,1.0,11,34,24.44,0.5227,52.27,44,1,97.78,0.9756,97.56,41,4,91.11,38.89,21.43,35.71,31.11,low,La estimación debe interpretarse con precaución por el tamaño de la muestra o la variabilidad de los precios.,residential_sale,asking_price,unknown,3310.43,3719.24,3258.35,62.63,73.77,61.09,100,112.35,98.43,True,True,True,2025,EUR_per_m2,mean_declared_transaction_price,residential_sales,Ayuntamiento de Madrid,Colegio de Registradores de España,504020100060,15,97.7,True,True,31.11,low,3310.43,registered_transactions_2025,official_price_and_kaggle_features,-356.24000000000024,-9.715627531247703,0.9028437246875228,DEST_002,Lucero,Latina,Nuevos Ministerios,2026-07-29,success,success,2026-07-29T07:39:00+02:00,2026-07-29T08:59:46+02:00,BUS,39|147,Información oficial: Consorcio Regional de Transportes de Madrid,80.76666666666667,20.78333333333333,18.0,1385.25,1.0,2026-07-29T18:00:00+02:00,2026-07-29T19:16:08+02:00,BUS,147|39,Información oficial: Consorcio Regional de Transportes de Madrid,76.13333333333334,12.833333333333334,19.0,898.26,1.0,156.9,33.61666666666667,37.0,2.0,0,complete_route,True,,True,usable
MAD-103,Lucero,Latina,True,True,available,54,45,9,83.33,16.67,0.41,45,306162.91,279482.0,205000.0,360000.0,155000.0,125000.0,750000.0,3874.62,3666.67,3040.82,4285.71,1244.9,1366.62,33.95,3260.87,4054.05,793.18,21.63,217.61,45,2000,0.95,calculated,81.98,77.0,63.0,85.0,22.0,30.0,230.0,2.77,3.0,43,2,95.56,1.55,1.0,11,34,24.44,0.5227,52.27,44,1,97.78,0.9756,97.56,41,4,91.11,38.89,21.43,35.71,31.11,low,La estimación debe interpretarse con precaución por el tamaño de la muestra o la variabilidad de los precios.,residential_sale,asking_price,unknown,3310.43,3719.24,3258.35,62.63,73.77,61.09,100,112.35,98.43,True,True,True,2025,EUR_per_m2,mean_declared_transaction_price,residential_sales,Ayuntamiento de Madrid,Colegio de Registradores de España,504020100060,15,97.7,True,True,31.11,low,3310.43,registered_transactions_2025,official_price_and_kaggle_features,-356.24000000000024,-9.715627531247703,0.9028437246875228,DEST_003,Lucero,Latina,UC3M Campus de Leganés,2026-07-29,success,success,2026-07-29T08:02:00+02:00,2026-07-29T08:56:51+02:00,BUS,138|482,Información oficial: Consorcio Regional de Transportes de Madrid|Consorcio Regional de Transportes de Madrid,54.85,5.583333333333333,12.116666666666667,364.5,1.0,2026-07-29T18:00:58+02:00,2026-07-29T18:58:48+02:00,BUS,493|138,Consorcio Regional de Transportes de Madrid|Información oficial: Consorcio Regional de Transportes de Madrid,57.833333333333336,11.15,12.0,794.1399999999999,1.0,112.68333333333334,16.733333333333334,24.116666666666667,2.0,0,complete_route,True,,True,usable
MAD-104,Aluche,Latina,True,True,available,88,68,20,77.27,22.73,0.61,68,293437.29,269500.0,215000.0,352499.75,137499.75,125200.0,595000.0,3342.77,3368.8,2974.06,3804.45,830.39,691.15,24.65,3180.55,3666.67,486.12,14.43,118.05,68,2000,0.95,calculated,90.5,80.0,70.0,98.5,28.5,42.0,265.0,2.85,3.0,68,0,100.0,1.38,1.0,13,55,19.12,0.7313,73.13,67,1,98.53,0.9375,93.75,64,4,94.12,53.17,49.21,77.78,57.74,medium,La estimación presenta una estabilidad intermedia en comparación con el resto de barrios.,residential_sale,asking_price,unknown,3360.3,3209.44,3376.52,63.57,63.66,63.31,100,95.51,100.48,True,True,True,2025,EUR_per_m2,mean_declared_transaction_price,residential_sales,Ayuntamiento de Madrid,Colegio de Registradores de España,504020100060,15,97.7,True,True,57.74,medium,3360.3,registered_transactions_2025,official_price_and_kaggle_features,-8.5,-0.2523153645214913,0.9974768463547852,DEST_001,Aluche,Latina,Puerta del Sol,2026-07-29,success,success,2026-07-29T08:06:00+02:00,2026-07-29T08:59:26+02:00,BUS,31,Información oficial: Consorcio Regional de Transportes de Madrid,53.43333333333333,15.25,7.0,1089.86,0.0,2026-07-29T18:00:00+02:00,2026-07-29T18:53:36+02:00,BUS,31,Información oficial: Consorcio Regional de Transportes de Madrid,53.6,12.65,8.0,943.37,0.0,107.03333333333332,27.9,15.0,0.0,0,complete_route,True,,True,usable
MAD-104,Aluche,Latina,True,True,available,88,68,20,77.27,22.73,0.61,68,293437.29,269500.0,215000.0,352499.75,137499.75,125200.0,595000.0,3342.77,3368.8,2974.06,3804.45,830.39,691.15,24.65,3180.55,3666.67,486.12,14.43,118.05,68,2000,0.95,calculated,90.5,80.0,70.0,98.5,28.5,42.0,265.0,2.85,3.0,68,0,100.0,1.38,1.0,13,55,19.12,0.7313,73.13,67,1,98.53,0.9375,93.75,64,4,94.12,53.17,49.21,77.78,57.74,medium,La estimación presenta una estabilidad intermedia en comparación con el resto de barrios.,residential_sale,asking_price,unknown,3360.3,3209.44,3376.52,63.57,63.66,63.31,100,95.51,100.48,True,True,True,2025,EUR_per_m2,mean_declared_transaction_price,residential_sales,Ayuntamiento de Madrid,Colegio de Registradores de España,504020100060,15,97.7,True,True,57.74,medium,3360.3,registered_transactions_2025,official_price_and_kaggle_features,-8.5,-0.2523153645214913,0.9974768463547852,DEST_002,Aluche,Latina,Nuevos Ministerios,2026-07-29,success,success,2026-07-29T07:34:00+02:00,2026-07-29T08:59:19+02:00,BUS,39|147,Información oficial: Consorcio Regional de Transportes de Madrid,85.31666666666666,17.833333333333332,18.0,1230.3200000000002,1.0,2026-07-29T18:00:00+02:00,2026-07-29T19:20:48+02:00,BUS,147|39,Información oficial: Consorcio Regional de Transportes de Madrid,80.8,16.166666666666668,19.0,1155.0500000000002,1.0,166.11666666666667,34.0,37.0,2.0,0,complete_route,True,,True,usable
MAD-104,Aluche,Latina,True,True,available,88,68,20,77.27,22.73,0.61,68,293437.29,269500.0,215000.0,352499.75,137499.75,125200.0,595000.0,3342.77,3368.8,2974.06,3804.45,830.39,691.15,24.65,3180.55,3666.67,486.12,14.43,118.05,68,2000,0.95,calculated,90.5,80.0,70.0,98.5,28.5,42.0,265.0,2.85,3.0,68,0,100.0,1.38,1.0,13,55,19.12,0.7313,73.13,67,1,98.53,0.9375,93.75,64,4,94.12,53.17,49.21,77.78,57.74,medium,La estimación presenta una estabilidad intermedia en comparación con el resto de barrios.,residential_sale,asking_price,unknown,3360.3,3209.44,3376.52,63.57,63.66,63.31,100,95.51,100.48,True,True,True,2025,EUR_per_m2,mean_declared_transaction_price,residential_sales,Ayuntamiento de Madrid,Colegio de Registradores de España,504020100060,15,97.7,True,True,57.74,medium,3360.3,registered_transactions_2025,official_price_and_kaggle_features,-8.5,-0.2523153645214913,0.9974768463547852,DEST_003,Aluche,Latina,UC3M Campus de Leganés,2026-07-29,success,success,2026-07-29T08:13:56+02:00,2026-07-29T08:56:51+02:00,BUS,482,Consorcio Regional de Transportes de Madrid,42.91666666666666,16.933333333333334,0.0,1269.0300000000002,0.0,2026-07-29T18:00:58+02:00,2026-07-29T18:47:04+02:00,BUS,493,Consorcio Regional de Transportes de Madrid,46.1,22.216666666666665,0.0,1675.04,0.0,89.01666666666665,39.15,0.0,0.0,0,complete_route,True,,True,usable
MAD-105,Campamento,Latina,True,True,available,19,17,2,89.47,10.53,0.15,17,313275.88,268000.0,199990.0,350000.0,150010.0,108300.0,710000.0,3311.09,3487.5,3160.38,3722.22,561.84,645.7,16.11,3160.38,3722.22,561.84,16.11,153.89,17,2000,0.95,calculated,93.0,80.0,60.0,98.0,38.0,53.0,196.0,2.65,3.0,17,0,100.0,1.88,2.0,8,9,47.06,0.6,60.0,15,2,88.24,1.0,100.0,14,3,82.35,7.14,38.89,95.24,41.87,low,La estimación debe interpretarse con precaución por el tamaño de la muestra o la variabilidad de los precios.,residential_sale,asking_price,unknown,3295.84,2607.11,3387.35,62.35,51.71,63.51,100,79.1,102.78,True,True,True,2025,EUR_per_m2,mean_declared_transaction_price,residential_sales,Ayuntamiento de Madrid,Colegio de Registradores de España,504020100060,15,97.7,True,True,41.87,low,3295.84,registered_transactions_2025,official_price_and_kaggle_features,-191.65999999999983,-5.4956272401433655,0.9450437275985664,DEST_001,Campamento,Latina,Puerta del Sol,2026-07-29,success,no_route,,,,,,,,,,,2026-07-29T18:00:00+02:00,2026-07-29T19:44:41+02:00,BUS,39,Información oficial: Consorcio Regional de Transportes de Madrid,104.68333333333334,55.266666666666666,10.0,4336.04,0.0,,,,,1,partial_route,False,falta_una_de_las_dos_rutas,False,ruta_incompleta
MAD-105,Campamento,Latina,True,True,available,19,17,2,89.47,10.53,0.15,17,313275.88,268000.0,199990.0,350000.0,150010.0,108300.0,710000.0,3311.09,3487.5,3160.38,3722.22,561.84,645.7,16.11,3160.38,3722.22,561.84,16.11,153.89,17,2000,0.95,calculated,93.0,80.0,60.0,98.0,38.0,53.0,196.0,2.65,3.0,17,0,100.0,1.88,2.0,8,9,47.06,0.6,60.0,15,2,88.24,1.0,100.0,14,3,82.35,7.14,38.89,95.24,41.87,low,La estimación debe interpretarse con precaución por el tamaño de la muestra o la variabilidad de los precios.,residential_sale,asking_price,unknown,3295.84,2607.11,3387.35,62.35,51.71,63.51,100,79.1,102.78,True,True,True,2025,EUR_per_m2,mean_declared_transaction_price,residential_sales,Ayuntamiento de Madrid,Colegio de Registradores de España,504020100060,15,97.7,True,True,41.87,low,3295.84,registered_transactions_2025,official_price_and_kaggle_features,-191.65999999999983,-5.4956272401433655,0.9450437275985664,DEST_002,Campamento,Latina,Nuevos Ministerios,2026-07-29,success,success,2026-07-29T06:55:28+02:00,2026-07-29T08:50:06+02:00,BUS,573|C1,Consorcio Regional de Transportes de Madrid|Información oficial: Consorcio Regional de Transportes de Madrid,114.63333333333334,49.5,15.0,3784.55,2.0,2026-07-29T18:00:00+02:00,2026-07-29T20:05:54+02:00,BUS,147|39,Información oficial: Consorcio Regional de Transportes de Madrid,125.9,44.91666666666666,19.0,3502.13,1.0,240.53333333333336,94.41666666666666,34.0,3.0,0,complete_route,True,,True,usable
MAD-105,Campamento,Latina,True,True,available,19,17,2,89.47,10.53,0.15,17,313275.88,268000.0,199990.0,350000.0,150010.0,108300.0,710000.0,3311.09,3487.5,3160.38,3722.22,561.84,645.7,16.11,3160.38,3722.22,561.84,16.11,153.89,17,2000,0.95,calculated,93.0,80.0,60.0,98.0,38.0,53.0,196.0,2.65,3.0,17,0,100.0,1.88,2.0,8,9,47.06,0.6,60.0,15,2,88.24,1.0,100.0,14,3,82.35,7.14,38.89,95.24,41.87,low,La estimación debe interpretarse con precaución por el tamaño de la muestra o la variabilidad de los precios.,residential_sale,asking_price,unknown,3295.84,2607.11,3387.35,62.35,51.71,63.51,100,79.1,102.78,True,True,True,2025,EUR_per_m2,mean_declared_transaction_price,residential_sales,Ayuntamiento de Madrid,Colegio de Registradores de España,504020100060,15,97.7,True,True,41.87,low,3295.84,registered_transactions_2025,official_price_and_kaggle_features,-191.65999999999983,-5.4956272401433655,0.9450437275985664,DEST_003,Campamento,Latina,UC3M Campus de Leganés,2026-07-29,success,success,2026-07-29T07:39:20+02:00,2026-07-29T08:46:45+02:00,BUS,511|450,Consorcio Regional de Transportes de Madrid,67.41666666666667,25.4,5.916666666666667,2014.41,1.0,2026-07-29T18:11:02+02:00,2026-07-29T19:30:07+02:00,BUS,482|561|560,Consorcio Regional de Transportes de Madrid,79.08333333333333,27.133333333333333,8.883333333333333,2104.33,2.0,146.5,52.53333333333333,14.8,3.0,0,complete_route,True,,True,usable
MAD-106,Cuatro Vientos,Latina,True,True,available,15,15,0,100.0,0.0,0.14,15,393160.0,414000.0,305000.0,431750.0,126750.0,225000.0,550000.0,3429.33,3479.34,3149.6,3643.8,494.2,582.09,14.2,3072.63,3616.67,544.04,15.64,118.52,15,2000,0.95,calculated,115.47,117.0,104.5,121.0,16.5,70.0,179.0,2.36,3.0,14,1,93.33,,,0,15,0.0,1.0,100.0,15,0,100.0,1.0,100.0,15,0,100.0,4.76,43.65,96.83,43.33,low,La estimación debe interpretarse con precaución por el tamaño de la muestra o la variabilidad de los precios.,residential_sale,asking_price,unknown,4673.53,4905.69,4320.01,88.42,97.31,81.0,100,104.97,92.44,True,True,True,2025,EUR_per_m2,mean_declared_transaction_price,residential_sales,Ayuntamiento de Madrid,Colegio de Registradores de España,504020100060,15,97.7,True,True,43.33,low,4673.53,registered_transactions_2025,official_price_and_kaggle_features,1194.1899999999996,34.32231400208084,1.3432231400208083,DEST_001,Cuatro Vientos,Latina,Puerta del Sol,2026-07-29,success,success,2026-07-29T07:30:07+02:00,2026-07-29T08:56:47+02:00,BUS,487|17,Consorcio Regional de Transportes de Madrid|Información oficial: Consorcio Regional de Transportes de Madrid,86.66666666666667,23.516666666666666,12.0,1799.33,1.0,2026-07-29T18:09:00+02:00,2026-07-29T19:26:48+02:00,BUS,17|486,Información oficial: Consorcio Regional de Transportes de Madrid|Consorcio Regional de Transportes de Madrid,77.8,23.25,12.333333333333334,1779.25,1.0,164.46666666666667,46.766666666666666,24.333333333333336,2.0,0,complete_route,True,,True,usable
MAD-106,Cuatro Vientos,Latina,True,True,available,15,15,0,100.0,0.0,0.14,15,393160.0,414000.0,305000.0,431750.0,126750.0,225000.0,550000.0,3429.33,3479.34,3149.6,3643.8,494.2,582.09,14.2,3072.63,3616.67,544.04,15.64,118.52,15,2000,0.95,calculated,115.47,117.0,104.5,121.0,16.5,70.0,179.0,2.36,3.0,14,1,93.33,,,0,15,0.0,1.0,100.0,15,0,100.0,1.0,100.0,15,0,100.0,4.76,43.65,96.83,43.33,low,La estimación debe interpretarse con precaución por el tamaño de la muestra o la variabilidad de los precios.,residential_sale,asking_price,unknown,4673.53,4905.69,4320.01,88.42,97.31,81.0,100,104.97,92.44,True,True,True,2025,EUR_per_m2,mean_declared_transaction_price,residential_sales,Ayuntamiento de Madrid,Colegio de Registradores de España,504020100060,15,97.7,True,True,43.33,low,4673.53,registered_transactions_2025,official_price_and_kaggle_features,1194.1899999999996,34.32231400208084,1.3432231400208083,DEST_002,Cuatro Vientos,Latina,Nuevos Ministerios,2026-07-29,success,success,2026-07-29T06:58:20+02:00,2026-07-29T08:58:56+02:00,BUS,483|34|14,Consorcio Regional de Transportes de Madrid|Información oficial: Consorcio Regional de Transportes de Madrid,120.6,21.183333333333334,20.0,1546.28,2.0,2026-07-29T18:01:00+02:00,2026-07-29T19:46:48+02:00,BUS,27|34|486,Información oficial: Consorcio Regional de Transportes de Madrid|Consorcio Regional de Transportes de Madrid,105.8,18.98333333333333,19.23333333333333,1421.9499999999998,2.0,226.4,40.16666666666666,39.23333333333333,4.0,0,complete_route,True,,True,usable
MAD-106,Cuatro Vientos,Latina,True,True,available,15,15,0,100.0,0.0,0.14,15,393160.0,414000.0,305000.0,431750.0,126750.0,225000.0,550000.0,3429.33,3479.34,3149.6,3643.8,494.2,582.09,14.2,3072.63,3616.67,544.04,15.64,118.52,15,2000,0.95,calculated,115.47,117.0,104.5,121.0,16.5,70.0,179.0,2.36,3.0,14,1,93.33,,,0,15,0.0,1.0,100.0,15,0,100.0,1.0,100.0,15,0,100.0,4.76,43.65,96.83,43.33,low,La estimación debe interpretarse con precaución por el tamaño de la muestra o la variabilidad de los precios.,residential_sale,asking_price,unknown,4673.53,4905.69,4320.01,88.42,97.31,81.0,100,104.97,92.44,True,True,True,2025,EUR_per_m2,mean_declared_transaction_price,residential_sales,Ayuntamiento de Madrid,Colegio de Registradores de España,504020100060,15,97.7,True,True,43.33,low,4673.53,registered_transactions_2025,official_price_and_kaggle_features,1194.1899999999996,34.32231400208084,1.3432231400208083,DEST_003,Cuatro Vientos,Latina,UC3M Campus de Leganés,2026-07-29,success,success,2026-07-29T08:14:44+02:00,2026-07-29T08:58:15+02:00,BUS,486|1,Consorcio Regional de Transportes de Madrid,43.516666666666666,23.716666666666665,4.933333333333334,1855.05,1.0,2026-07-29T18:02:56+02:00,2026-07-29T18:42:40+02:00,BUS,483,Consorcio Regional de Transportes de Madrid,39.73333333333333,21.933333333333334,0.0,1722.29,0.0,83.25,45.65,4.933333333333334,1.0,0,complete_route,True,,True,usable
MAD-107,Águilas,Latina,True,True,available,31,31,0,100.0,0.0,0.28,31,280974.19,240000.0,205500.0,331000.0,125500.0,146000.0,685000.0,3259.02,3200.0,2832.29,3618.72,786.43,561.26,24.58,2981.82,3382.35,400.53,12.52,114.21,31,2000,0.95,calculated,86.03,78.0,68.0,105.5,37.5,41.0,160.0,2.84,3.0,31,0,100.0,1.56,2.0,9,22,29.03,0.7419,74.19,31,0,100.0,0.9333,93.33,30,1,96.77,26.19,57.14,79.37,51.87,medium,La estimación presenta una estabilidad intermedia en comparación con el resto de barrios.,residential_sale,asking_price,unknown,3231.64,3334.33,3216.08,61.14,66.14,60.3,100,103.18,99.52,True,True,True,2025,EUR_per_m2,mean_declared_transaction_price,residential_sales,Ayuntamiento de Madrid,Colegio de Registradores de España,504020100060,15,97.7,True,True,51.87,medium,3231.64,registered_transactions_2025,official_price_and_kaggle_features,31.639999999999876,0.988749999999996,1.0098875,DEST_001,Águilas,Latina,Puerta del Sol,2026-07-29,success,success,2026-07-29T07:47:00+02:00,2026-07-29T08:59:51+02:00,BUS,17,Información oficial: Consorcio Regional de Transportes de Madrid,72.85,16.633333333333333,10.0,1224.35,0.0,2026-07-29T18:00:00+02:00,2026-07-29T19:12:10+02:00,BUS,17,Información oficial: Consorcio Regional de Transportes de Madrid,72.16666666666667,18.08333333333333,10.0,1322.4699999999998,0.0,145.01666666666665,34.71666666666666,20.0,0.0,0,complete_route,True,,True,usable
MAD-107,Águilas,Latina,True,True,available,31,31,0,100.0,0.0,0.28,31,280974.19,240000.0,205500.0,331000.0,125500.0,146000.0,685000.0,3259.02,3200.0,2832.29,3618.72,786.43,561.26,24.58,2981.82,3382.35,400.53,12.52,114.21,31,2000,0.95,calculated,86.03,78.0,68.0,105.5,37.5,41.0,160.0,2.84,3.0,31,0,100.0,1.56,2.0,9,22,29.03,0.7419,74.19,31,0,100.0,0.9333,93.33,30,1,96.77,26.19,57.14,79.37,51.87,medium,La estimación presenta una estabilidad intermedia en comparación con el resto de barrios.,residential_sale,asking_price,unknown,3231.64,3334.33,3216.08,61.14,66.14,60.3,100,103.18,99.52,True,True,True,2025,EUR_per_m2,mean_declared_transaction_price,residential_sales,Ayuntamiento de Madrid,Colegio de Registradores de España,504020100060,15,97.7,True,True,51.87,medium,3231.64,registered_transactions_2025,official_price_and_kaggle_features,31.639999999999876,0.988749999999996,1.0098875,DEST_002,Águilas,Latina,Nuevos Ministerios,2026-07-29,success,success,2026-07-29T07:11:20+02:00,2026-07-29T08:57:49+02:00,BUS,483|492|34|27,Consorcio Regional de Transportes de Madrid|Información oficial: Consorcio Regional de Transportes de Madrid,106.48333333333332,16.716666666666665,19.0,1200.51,3.0,2026-07-29T18:00:00+02:00,2026-07-29T19:41:03+02:00,BUS,147|138,Información oficial: Consorcio Regional de Transportes de Madrid,101.05,20.416666666666668,19.0,1452.85,1.0,207.5333333333333,37.13333333333333,38.0,4.0,0,complete_route,True,,True,usable
MAD-107,Águilas,Latina,True,True,available,31,31,0,100.0,0.0,0.28,31,280974.19,240000.0,205500.0,331000.0,125500.0,146000.0,685000.0,3259.02,3200.0,2832.29,3618.72,786.43,561.26,24.58,2981.82,3382.35,400.53,12.52,114.21,31,2000,0.95,calculated,86.03,78.0,68.0,105.5,37.5,41.0,160.0,2.84,3.0,31,0,100.0,1.56,2.0,9,22,29.03,0.7419,74.19,31,0,100.0,0.9333,93.33,30,1,96.77,26.19,57.14,79.37,51.87,medium,La estimación presenta una estabilidad intermedia en comparación con el resto de barrios.,residential_sale,asking_price,unknown,3231.64,3334.33,3216.08,61.14,66.14,60.3,100,103.18,99.52,True,True,True,2025,EUR_per_m2,mean_declared_transaction_price,residential_sales,Ayuntamiento de Madrid,Colegio de Registradores de España,504020100060,15,97.7,True,True,51.87,medium,3231.64,registered_transactions_2025,official_price_and_kaggle_features,31.639999999999876,0.988749999999996,1.0098875,DEST_003,Águilas,Latina,UC3M Campus de Leganés,2026-07-29,success,success,2026-07-29T08:15:20+02:00,2026-07-29T08:53:20+02:00,BUS,483|493,Consorcio Regional de Transportes de Madrid,38.0,15.433333333333334,2.0,1169.8,1.0,2026-07-29T18:02:56+02:00,2026-07-29T18:41:32+02:00,BUS,483,Consorcio Regional de Transportes de Madrid,38.6,14.866666666666667,0.0,1131.66,0.0,76.6,30.3,2.0,1.0,0,complete_route,True,,True,usable
MAD-111,Comillas,Carabanchel,True,True,available,55,46,9,83.64,16.36,0.41,46,316282.39,320000.0,246250.0,356750.0,110500.0,87500.0,600000.0,3531.18,3463.44,3000.0,4237.64,1237.64,993.62,35.73,3176.47,3680.56,504.08,14.55,119.42,46,2000,0.95,calculated,91.61,90.0,71.0,104.0,33.0,31.0,205.0,2.54,2.5,46,0,100.0,1.5,1.0,16,30,34.78,0.4667,46.67,45,1,97.83,0.8837,88.37,43,3,93.48,39.68,47.62,23.02,38.69,low,La estimación debe interpretarse con precaución por el tamaño de la muestra o la variabilidad de los precios.,residential_sale,asking_price,unknown,4105.51,3972.85,4116.68,77.67,78.8,77.18,100,96.77,100.27,True,True,True,2025,EUR_per_m2,mean_declared_transaction_price,residential_sales,Ayuntamiento de Madrid,Colegio de Registradores de España,504020100060,15,97.7,True,True,38.69,low,4105.51,registered_transactions_2025,official_price_and_kaggle_features,642.0700000000002,18.53850507010372,1.185385050701037,DEST_001,Comillas,Carabanchel,Puerta del Sol,2026-07-29,success,success,2026-07-29T08:21:00+02:00,2026-07-29T08:58:38+02:00,BUS,23,Información oficial: Consorcio Regional de Transportes de Madrid,37.63333333333333,13.15,7.0,975.41,0.0,2026-07-29T18:00:00+02:00,2026-07-29T18:40:27+02:00,BUS,23,Información oficial: Consorcio Regional de Transportes de Madrid,40.45,15.2,9.0,1117.28,0.0,78.08333333333334,28.35,16.0,0.0,0,complete_route,True,,True,usable
MAD-111,Comillas,Carabanchel,True,True,available,55,46,9,83.64,16.36,0.41,46,316282.39,320000.0,246250.0,356750.0,110500.0,87500.0,600000.0,3531.18,3463.44,3000.0,4237.64,1237.64,993.62,35.73,3176.47,3680.56,504.08,14.55,119.42,46,2000,0.95,calculated,91.61,90.0,71.0,104.0,33.0,31.0,205.0,2.54,2.5,46,0,100.0,1.5,1.0,16,30,34.78,0.4667,46.67,45,1,97.83,0.8837,88.37,43,3,93.48,39.68,47.62,23.02,38.69,low,La estimación debe interpretarse con precaución por el tamaño de la muestra o la variabilidad de los precios.,residential_sale,asking_price,unknown,4105.51,3972.85,4116.68,77.67,78.8,77.18,100,96.77,100.27,True,True,True,2025,EUR_per_m2,mean_declared_transaction_price,residential_sales,Ayuntamiento de Madrid,Colegio de Registradores de España,504020100060,15,97.7,True,True,38.69,low,4105.51,registered_transactions_2025,official_price_and_kaggle_features,642.0700000000002,18.53850507010372,1.185385050701037,DEST_002,Comillas,Carabanchel,Nuevos Ministerios,2026-07-29,success,success,2026-07-29T07:45:00+02:00,2026-07-29T08:59:48+02:00,BUS,34|27,Información oficial: Consorcio Regional de Transportes de Madrid,74.8,17.383333333333333,15.0,1291.95,1.0,2026-07-29T18:00:00+02:00,2026-07-29T19:06:42+02:00,BUS,27|E1,Información oficial: Consorcio Regional de Transportes de Madrid,66.7,8.083333333333334,20.0,582.41,1.0,141.5,25.46666666666667,35.0,2.0,0,complete_route,True,,True,usable
MAD-111,Comillas,Carabanchel,True,True,available,55,46,9,83.64,16.36,0.41,46,316282.39,320000.0,246250.0,356750.0,110500.0,87500.0,600000.0,3531.18,3463.44,3000.0,4237.64,1237.64,993.62,35.73,3176.47,3680.56,504.08,14.55,119.42,46,2000,0.95,calculated,91.61,90.0,71.0,104.0,33.0,31.0,205.0,2.54,2.5,46,0,100.0,1.5,1.0,16,30,34.78,0.4667,46.67,45,1,97.83,0.8837,88.37,43,3,93.48,39.68,47.62,23.02,38.69,low,La estimación debe interpretarse con precaución por el tamaño de la muestra o la variabilidad de los precios.,residential_sale,asking_price,unknown,4105.51,3972.85,4116.68,77.67,78.8,77.18,100,96.77,100.27,True,True,True,2025,EUR_per_m2,mean_declared_transaction_price,residential_sales,Ayuntamiento de Madrid,Colegio de Registradores de España,504020100060,15,97.7,True,True,38.69,low,4105.51,registered_transactions_2025,official_price_and_kaggle_features,642.0700000000002,18.53850507010372,1.185385050701037,DEST_003,Comillas,Carabanchel,UC3M Campus de Leganés,2026-07-29,success,success,2026-07-29T08:00:00+02:00,2026-07-29T08:56:51+02:00,BUS,E1|482,Información oficial: Consorcio Regional de Transportes de Madrid|Consorcio Regional de Transportes de Madrid,56.85,9.566666666666666,12.016666666666667,688.1999999999999,1.0,2026-07-29T18:00:58+02:00,2026-07-29T18:54:30+02:00,BUS,480,Consorcio Regional de Transportes de Madrid,53.53333333333333,19.666666666666668,0.0,1358.53,0.0,110.38333333333333,29.23333333333333,12.016666666666667,1.0,0,complete_route,True,,True,usable
MAD-112,Opañel,Carabanchel,True,True,available,73,63,10,86.3,13.7,0.57,63,288376.03,292000.0,219000.0,313500.0,94500.0,156000.0,543800.0,3497.65,3586.96,2980.56,3885.55,905.0,755.55,25.23,3380.28,3737.5,357.22,9.96,98.21,63,2000,0.95,calculated,86.06,79.0,68.5,89.0,20.5,43.0,314.0,2.67,3.0,61,2,96.83,1.75,1.0,12,51,19.05,0.5079,50.79,63,0,100.0,0.9508,95.08,61,2,96.83,49.21,76.19,75.4,66.55,medium,La estimación presenta una estabilidad intermedia en comparación con el resto de barrios.,residential_sale,asking_price,unknown,3500.89,3794.8,3469.85,66.23,75.27,65.06,100,108.4,99.11,True,True,True,2025,EUR_per_m2,mean_declared_transaction_price,residential_sales,Ayuntamiento de Madrid,Colegio de Registradores de España,504020100060,15,97.7,True,True,66.55,medium,3500.89,registered_transactions_2025,official_price_and_kaggle_features,-86.07000000000016,-2.3995249459152084,0.976004750540848,DEST_001,Opañel,Carabanchel,Puerta del Sol,2026-07-29,success,success,2026-07-29T08:17:00+02:00,2026-07-29T08:59:33+02:00,BUS,23,Información oficial: Consorcio Regional de Transportes de Madrid,42.55,21.566666666666663,7.0,1616.85,0.0,2026-07-29T18:00:00+02:00,2026-07-29T18:41:12+02:00,BUS,35,Información oficial: Consorcio Regional de Transportes de Madrid,41.2,13.383333333333333,9.0,1008.62,0.0,83.75,34.95,16.0,0.0,0,complete_route,True,,True,usable
MAD-112,Opañel,Carabanchel,True,True,available,73,63,10,86.3,13.7,0.57,63,288376.03,292000.0,219000.0,313500.0,94500.0,156000.0,543800.0,3497.65,3586.96,2980.56,3885.55,905.0,755.55,25.23,3380.28,3737.5,357.22,9.96,98.21,63,2000,0.95,calculated,86.06,79.0,68.5,89.0,20.5,43.0,314.0,2.67,3.0,61,2,96.83,1.75,1.0,12,51,19.05,0.5079,50.79,63,0,100.0,0.9508,95.08,61,2,96.83,49.21,76.19,75.4,66.55,medium,La estimación presenta una estabilidad intermedia en comparación con el resto de barrios.,residential_sale,asking_price,unknown,3500.89,3794.8,3469.85,66.23,75.27,65.06,100,108.4,99.11,True,True,True,2025,EUR_per_m2,mean_declared_transaction_price,residential_sales,Ayuntamiento de Madrid,Colegio de Registradores de España,504020100060,15,97.7,True,True,66.55,medium,3500.89,registered_transactions_2025,official_price_and_kaggle_features,-86.07000000000016,-2.3995249459152084,0.976004750540848,DEST_002,Opañel,Carabanchel,Nuevos Ministerios,2026-07-29,success,success,2026-07-29T07:45:00+02:00,2026-07-29T08:59:34+02:00,BUS,34|14,Información oficial: Consorcio Regional de Transportes de Madrid,74.56666666666666,9.25,18.0,603.1600000000001,1.0,2026-07-29T18:00:00+02:00,2026-07-29T19:09:05+02:00,BUS,27|34,Información oficial: Consorcio Regional de Transportes de Madrid,69.08333333333333,6.766666666666667,17.0,492.25,1.0,143.64999999999998,16.016666666666666,35.0,2.0,0,complete_route,True,,True,usable
MAD-112,Opañel,Carabanchel,True,True,available,73,63,10,86.3,13.7,0.57,63,288376.03,292000.0,219000.0,313500.0,94500.0,156000.0,543800.0,3497.65,3586.96,2980.56,3885.55,905.0,755.55,25.23,3380.28,3737.5,357.22,9.96,98.21,63,2000,0.95,calculated,86.06,79.0,68.5,89.0,20.5,43.0,314.0,2.67,3.0,61,2,96.83,1.75,1.0,12,51,19.05,0.5079,50.79,63,0,100.0,0.9508,95.08,61,2,96.83,49.21,76.19,75.4,66.55,medium,La estimación presenta una estabilidad intermedia en comparación con el resto de barrios.,residential_sale,asking_price,unknown,3500.89,3794.8,3469.85,66.23,75.27,65.06,100,108.4,99.11,True,True,True,2025,EUR_per_m2,mean_declared_transaction_price,residential_sales,Ayuntamiento de Madrid,Colegio de Registradores de España,504020100060,15,97.7,True,True,66.55,medium,3500.89,registered_transactions_2025,official_price_and_kaggle_features,-86.07000000000016,-2.3995249459152084,0.976004750540848,DEST_003,Opañel,Carabanchel,UC3M Campus de Leganés,2026-07-29,success,success,2026-07-29T08:08:03+02:00,2026-07-29T08:56:51+02:00,BUS,484|482,Consorcio Regional de Transportes de Madrid,48.8,13.716666666666669,7.416666666666667,989.17,1.0,2026-07-29T18:03:27+02:00,2026-07-29T18:44:54+02:00,BUS,485|484,Consorcio Regional de Transportes de Madrid,41.45,12.483333333333333,2.4833333333333334,936.8,1.0,90.25,26.200000000000003,9.9,2.0,0,complete_route,True,,True,usable
MAD-113,San Isidro,Carabanchel,True,True,available,94,80,14,85.11,14.89,0.72,80,301223.72,265000.0,208775.0,365000.0,156225.0,112000.0,820000.0,3530.14,3441.72,2843.07,4137.08,1294.01,1011.9,37.6,3139.53,3636.36,496.83,14.44,120.95,80,2000,0.95,calculated,88.26,78.5,67.0,96.25,29.25,38.0,407.0,2.36,2.0,78,2,97.5,1.94,1.5,16,64,20.0,0.5897,58.97,78,2,97.5,0.9865,98.65,74,6,92.5,65.08,48.41,16.67,46.31,low,La estimación debe interpretarse con precaución por el tamaño de la muestra o la variabilidad de los precios.,residential_sale,asking_price,unknown,3670.03,3814.61,3640.52,69.43,75.66,68.26,100,103.94,99.2,True,True,True,2025,EUR_per_m2,mean_declared_transaction_price,residential_sales,Ayuntamiento de Madrid,Colegio de Registradores de España,504020100060,15,97.7,True,True,46.31,low,3670.03,registered_transactions_2025,official_price_and_kaggle_features,228.3100000000004,6.6336018037493005,1.066336018037493,DEST_001,San Isidro,Carabanchel,Puerta del Sol,2026-07-29,success,success,2026-07-29T08:09:00+02:00,2026-07-29T08:56:21+02:00,BUS,35,Información oficial: Consorcio Regional de Transportes de Madrid,47.35,16.183333333333334,11.0,1206.87,0.0,2026-07-29T18:00:00+02:00,2026-07-29T18:43:31+02:00,BUS,17,Información oficial: Consorcio Regional de Transportes de Madrid,43.516666666666666,20.75,10.0,1478.89,0.0,90.86666666666667,36.93333333333334,21.0,0.0,0,complete_route,True,,True,usable
MAD-113,San Isidro,Carabanchel,True,True,available,94,80,14,85.11,14.89,0.72,80,301223.72,265000.0,208775.0,365000.0,156225.0,112000.0,820000.0,3530.14,3441.72,2843.07,4137.08,1294.01,1011.9,37.6,3139.53,3636.36,496.83,14.44,120.95,80,2000,0.95,calculated,88.26,78.5,67.0,96.25,29.25,38.0,407.0,2.36,2.0,78,2,97.5,1.94,1.5,16,64,20.0,0.5897,58.97,78,2,97.5,0.9865,98.65,74,6,92.5,65.08,48.41,16.67,46.31,low,La estimación debe interpretarse con precaución por el tamaño de la muestra o la variabilidad de los precios.,residential_sale,asking_price,unknown,3670.03,3814.61,3640.52,69.43,75.66,68.26,100,103.94,99.2,True,True,True,2025,EUR_per_m2,mean_declared_transaction_price,residential_sales,Ayuntamiento de Madrid,Colegio de Registradores de España,504020100060,15,97.7,True,True,46.31,low,3670.03,registered_transactions_2025,official_price_and_kaggle_features,228.3100000000004,6.6336018037493005,1.066336018037493,DEST_002,San Isidro,Carabanchel,Nuevos Ministerios,2026-07-29,success,success,2026-07-29T07:33:00+02:00,2026-07-29T08:51:21+02:00,BUS,34|14,Información oficial: Consorcio Regional de Transportes de Madrid,78.35,11.883333333333333,18.0,797.04,1.0,2026-07-29T18:00:00+02:00,2026-07-29T19:12:52+02:00,BUS,27|34,Información oficial: Consorcio Regional de Transportes de Madrid,72.86666666666666,9.3,17.0,678.48,1.0,151.21666666666664,21.183333333333334,35.0,2.0,0,complete_route,True,,True,usable
MAD-113,San Isidro,Carabanchel,True,True,available,94,80,14,85.11,14.89,0.72,80,301223.72,265000.0,208775.0,365000.0,156225.0,112000.0,820000.0,3530.14,3441.72,2843.07,4137.08,1294.01,1011.9,37.6,3139.53,3636.36,496.83,14.44,120.95,80,2000,0.95,calculated,88.26,78.5,67.0,96.25,29.25,38.0,407.0,2.36,2.0,78,2,97.5,1.94,1.5,16,64,20.0,0.5897,58.97,78,2,97.5,0.9865,98.65,74,6,92.5,65.08,48.41,16.67,46.31,low,La estimación debe interpretarse con precaución por el tamaño de la muestra o la variabilidad de los precios.,residential_sale,asking_price,unknown,3670.03,3814.61,3640.52,69.43,75.66,68.26,100,103.94,99.2,True,True,True,2025,EUR_per_m2,mean_declared_transaction_price,residential_sales,Ayuntamiento de Madrid,Colegio de Registradores de España,504020100060,15,97.7,True,True,46.31,low,3670.03,registered_transactions_2025,official_price_and_kaggle_features,228.3100000000004,6.6336018037493005,1.066336018037493,DEST_003,San Isidro,Carabanchel,UC3M Campus de Leganés,2026-07-29,success,success,2026-07-29T08:00:30+02:00,2026-07-29T08:56:51+02:00,BUS,484|482,Consorcio Regional de Transportes de Madrid,56.35,18.366666666666667,7.416666666666667,1357.7199999999998,1.0,2026-07-29T18:03:27+02:00,2026-07-29T18:53:30+02:00,BUS,485|484,Consorcio Regional de Transportes de Madrid,50.05,18.933333333333334,2.4833333333333334,1397.9,1.0,106.4,37.3,9.9,2.0,0,complete_route,True,,True,usable
MAD-114,Vista Alegre,Carabanchel,True,True,available,79,69,10,87.34,12.66,0.62,69,265033.19,245000.0,170000.0,330000.0,160000.0,103000.0,599000.0,3179.1,3125.0,2665.0,3571.43,906.43,727.22,29.01,2972.6,3335.62,363.01,11.62,95.44,69,2000,0.95,calculated,86.48,75.0,63.0,99.0,36.0,32.0,337.0,2.61,3.0,69,0,100.0,1.25,1.0,12,57,17.39,0.5077,50.77,65,4,94.2,0.8615,86.15,65,4,94.2,54.76,64.29,62.7,60.56,medium,La estimación presenta una estabilidad intermedia en comparación con el resto de barrios.,residential_sale,asking_price,unknown,3213.22,3397.75,3199.1,60.79,67.4,59.98,100,105.74,99.56,True,True,True,2025,EUR_per_m2,mean_declared_transaction_price,residential_sales,Ayuntamiento de Madrid,Colegio de Registradores de España,504020100060,15,97.7,True,True,60.56,medium,3213.22,registered_transactions_2025,official_price_and_kaggle_features,88.2199999999998,2.8230399999999936,1.0282304,DEST_001,Vista Alegre,Carabanchel,Puerta del Sol,2026-07-29,success,success,2026-07-29T08:08:00+02:00,2026-07-29T08:59:21+02:00,BUS,17,Información oficial: Consorcio Regional de Transportes de Madrid,51.35,9.0,10.0,651.29,0.0,2026-07-29T18:00:00+02:00,2026-07-29T18:51:09+02:00,BUS,17,Información oficial: Consorcio Regional de Transportes de Madrid,51.15,9.416666666666666,10.0,686.0799999999999,0.0,102.5,18.416666666666664,20.0,0.0,0,complete_route,True,,True,usable
MAD-114,Vista Alegre,Carabanchel,True,True,available,79,69,10,87.34,12.66,0.62,69,265033.19,245000.0,170000.0,330000.0,160000.0,103000.0,599000.0,3179.1,3125.0,2665.0,3571.43,906.43,727.22,29.01,2972.6,3335.62,363.01,11.62,95.44,69,2000,0.95,calculated,86.48,75.0,63.0,99.0,36.0,32.0,337.0,2.61,3.0,69,0,100.0,1.25,1.0,12,57,17.39,0.5077,50.77,65,4,94.2,0.8615,86.15,65,4,94.2,54.76,64.29,62.7,60.56,medium,La estimación presenta una estabilidad intermedia en comparación con el resto de barrios.,residential_sale,asking_price,unknown,3213.22,3397.75,3199.1,60.79,67.4,59.98,100,105.74,99.56,True,True,True,2025,EUR_per_m2,mean_declared_transaction_price,residential_sales,Ayuntamiento de Madrid,Colegio de Registradores de España,504020100060,15,97.7,True,True,60.56,medium,3213.22,registered_transactions_2025,official_price_and_kaggle_features,88.2199999999998,2.8230399999999936,1.0282304,DEST_002,Vista Alegre,Carabanchel,Nuevos Ministerios,2026-07-29,success,success,2026-07-29T07:36:00+02:00,2026-07-29T08:59:58+02:00,BUS,34|27,Información oficial: Consorcio Regional de Transportes de Madrid,83.96666666666667,8.933333333333334,15.0,583.47,1.0,2026-07-29T18:00:00+02:00,2026-07-29T19:23:03+02:00,BUS,27|34,Información oficial: Consorcio Regional de Transportes de Madrid,83.05,7.2,17.0,519.15,1.0,167.01666666666665,16.133333333333333,32.0,2.0,0,complete_route,True,,True,usable
MAD-114,Vista Alegre,Carabanchel,True,True,available,79,69,10,87.34,12.66,0.62,69,265033.19,245000.0,170000.0,330000.0,160000.0,103000.0,599000.0,3179.1,3125.0,2665.0,3571.43,906.43,727.22,29.01,2972.6,3335.62,363.01,11.62,95.44,69,2000,0.95,calculated,86.48,75.0,63.0,99.0,36.0,32.0,337.0,2.61,3.0,69,0,100.0,1.25,1.0,12,57,17.39,0.5077,50.77,65,4,94.2,0.8615,86.15,65,4,94.2,54.76,64.29,62.7,60.56,medium,La estimación presenta una estabilidad intermedia en comparación con el resto de barrios.,residential_sale,asking_price,unknown,3213.22,3397.75,3199.1,60.79,67.4,59.98,100,105.74,99.56,True,True,True,2025,EUR_per_m2,mean_declared_transaction_price,residential_sales,Ayuntamiento de Madrid,Colegio de Registradores de España,504020100060,15,97.7,True,True,60.56,medium,3213.22,registered_transactions_2025,official_price_and_kaggle_features,88.2199999999998,2.8230399999999936,1.0282304,DEST_003,Vista Alegre,Carabanchel,UC3M Campus de Leganés,2026-07-29,success,success,2026-07-29T08:17:28+02:00,2026-07-29T08:56:51+02:00,BUS,482,Consorcio Regional de Transportes de Madrid,39.38333333333333,19.28333333333333,0.0,1390.15,0.0,2026-07-29T18:00:58+02:00,2026-07-29T18:35:52+02:00,BUS,493|486,Consorcio Regional de Transportes de Madrid,34.9,8.25,5.033333333333333,622.36,1.0,74.28333333333333,27.53333333333333,5.033333333333333,1.0,0,complete_route,True,,True,usable
MAD-115,Puerta Bonita,Carabanchel,True,True,available,101,75,26,74.26,25.74,0.68,75,271263.64,215000.0,175500.0,299815.0,124315.0,60600.0,1795000.0,3234.84,3015.15,2668.68,3577.78,909.1,973.26,30.15,2776.93,3253.33,476.4,15.8,127.43,75,2000,0.95,calculated,81.52,72.0,63.5,88.5,25.0,27.0,377.0,2.6,3.0,73,2,97.33,1.39,1.0,23,52,30.67,0.4,40.0,70,5,93.33,0.9412,94.12,68,7,90.67,61.11,41.27,54.76,51.59,medium,La estimación presenta una estabilidad intermedia en comparación con el resto de barrios.,residential_sale,asking_price,unknown,2905.06,3002.39,2894.81,54.96,59.55,54.28,100,103.35,99.65,True,True,True,2025,EUR_per_m2,mean_declared_transaction_price,residential_sales,Ayuntamiento de Madrid,Colegio de Registradores de España,504020100060,15,97.7,True,True,51.59,medium,2905.06,registered_transactions_2025,official_price_and_kaggle_features,-110.09000000000016,-3.6512279654411937,0.963487720345588,DEST_001,Puerta Bonita,Carabanchel,Puerta del Sol,2026-07-29,success,success,2026-07-29T07:58:00+02:00,2026-07-29T08:59:10+02:00,BUS,35,Información oficial: Consorcio Regional de Transportes de Madrid,61.16666666666666,19.133333333333333,11.0,1415.98,0.0,2026-07-29T18:00:00+02:00,2026-07-29T18:59:31+02:00,BUS,35,Información oficial: Consorcio Regional de Transportes de Madrid,59.516666666666666,19.666666666666668,9.0,1441.0500000000002,0.0,120.68333333333332,38.8,20.0,0.0,0,complete_route,True,,True,usable
MAD-115,Puerta Bonita,Carabanchel,True,True,available,101,75,26,74.26,25.74,0.68,75,271263.64,215000.0,175500.0,299815.0,124315.0,60600.0,1795000.0,3234.84,3015.15,2668.68,3577.78,909.1,973.26,30.15,2776.93,3253.33,476.4,15.8,127.43,75,2000,0.95,calculated,81.52,72.0,63.5,88.5,25.0,27.0,377.0,2.6,3.0,73,2,97.33,1.39,1.0,23,52,30.67,0.4,40.0,70,5,93.33,0.9412,94.12,68,7,90.67,61.11,41.27,54.76,51.59,medium,La estimación presenta una estabilidad intermedia en comparación con el resto de barrios.,residential_sale,asking_price,unknown,2905.06,3002.39,2894.81,54.96,59.55,54.28,100,103.35,99.65,True,True,True,2025,EUR_per_m2,mean_declared_transaction_price,residential_sales,Ayuntamiento de Madrid,Colegio de Registradores de España,504020100060,15,97.7,True,True,51.59,medium,2905.06,registered_transactions_2025,official_price_and_kaggle_features,-110.09000000000016,-3.6512279654411937,0.963487720345588,DEST_002,Puerta Bonita,Carabanchel,Nuevos Ministerios,2026-07-29,success,success,2026-07-29T07:34:00+02:00,2026-07-29T08:59:54+02:00,BUS,34|27,Información oficial: Consorcio Regional de Transportes de Madrid,85.9,10.866666666666667,15.0,768.58,1.0,2026-07-29T18:00:00+02:00,2026-07-29T19:25:43+02:00,BUS,27|34,Información oficial: Consorcio Regional de Transportes de Madrid,85.71666666666667,9.866666666666667,17.0,705.0400000000001,1.0,171.61666666666667,20.73333333333333,32.0,2.0,0,complete_route,True,,True,usable
MAD-115,Puerta Bonita,Carabanchel,True,True,available,101,75,26,74.26,25.74,0.68,75,271263.64,215000.0,175500.0,299815.0,124315.0,60600.0,1795000.0,3234.84,3015.15,2668.68,3577.78,909.1,973.26,30.15,2776.93,3253.33,476.4,15.8,127.43,75,2000,0.95,calculated,81.52,72.0,63.5,88.5,25.0,27.0,377.0,2.6,3.0,73,2,97.33,1.39,1.0,23,52,30.67,0.4,40.0,70,5,93.33,0.9412,94.12,68,7,90.67,61.11,41.27,54.76,51.59,medium,La estimación presenta una estabilidad intermedia en comparación con el resto de barrios.,residential_sale,asking_price,unknown,2905.06,3002.39,2894.81,54.96,59.55,54.28,100,103.35,99.65,True,True,True,2025,EUR_per_m2,mean_declared_transaction_price,residential_sales,Ayuntamiento de Madrid,Colegio de Registradores de España,504020100060,15,97.7,True,True,51.59,medium,2905.06,registered_transactions_2025,official_price_and_kaggle_features,-110.09000000000016,-3.6512279654411937,0.963487720345588,DEST_003,Puerta Bonita,Carabanchel,UC3M Campus de Leganés,2026-07-29,success,success,2026-07-29T08:15:16+02:00,2026-07-29T08:56:51+02:00,BUS,482,Consorcio Regional de Transportes de Madrid,41.583333333333336,21.48333333333333,0.0,1570.66,0.0,2026-07-29T18:03:27+02:00,2026-07-29T18:39:37+02:00,BUS,485,Consorcio Regional de Transportes de Madrid,36.16666666666666,14.683333333333334,0.0,1126.8,0.0,77.75,36.16666666666666,0.0,0.0,0,complete_route,True,,True,usable
MAD-116,Buenavista,Carabanchel,True,True,available,110,98,12,89.09,10.91,0.88,98,332312.14,280000.0,214425.0,381125.0,166700.0,70050.0,1590000.0,3537.75,3401.74,2813.08,4163.85,1350.77,1018.82,39.71,3251.54,3644.79,393.25,11.56,108.34,98,2000,0.95,calculated,97.7,77.5,63.5,105.0,41.5,27.0,586.0,2.42,2.0,97,1,98.98,1.3,1.0,20,78,20.41,0.7083,70.83,96,2,97.96,0.9574,95.74,94,4,95.92,74.6,65.87,14.29,56.03,medium,La estimación presenta una estabilidad intermedia en comparación con el resto de barrios.,residential_sale,asking_price,unknown,3291.57,3407.81,3269.2,62.27,67.6,61.29,100,103.53,99.32,True,True,True,2025,EUR_per_m2,mean_declared_transaction_price,residential_sales,Ayuntamiento de Madrid,Colegio de Registradores de España,504020100060,15,97.7,True,True,56.03,medium,3291.57,registered_transactions_2025,official_price_and_kaggle_features,-110.16999999999962,-3.238636697689995,0.9676136330231,DEST_001,Buenavista,Carabanchel,Puerta del Sol,2026-07-29,success,success,2026-07-29T07:54:40+02:00,2026-07-29T08:56:50+02:00,BUS,484|35,Consorcio Regional de Transportes de Madrid|Información oficial: Consorcio Regional de Transportes de Madrid,62.16666666666666,12.883333333333333,13.0,904.45,1.0,2026-07-29T18:00:00+02:00,2026-07-29T19:03:11+02:00,BUS,35|484,Información oficial: Consorcio Regional de Transportes de Madrid|Consorcio Regional de Transportes de Madrid,63.18333333333333,13.366666666666667,11.266666666666667,949.96,1.0,125.35,26.25,24.266666666666666,2.0,0,complete_route,True,,True,usable
MAD-116,Buenavista,Carabanchel,True,True,available,110,98,12,89.09,10.91,0.88,98,332312.14,280000.0,214425.0,381125.0,166700.0,70050.0,1590000.0,3537.75,3401.74,2813.08,4163.85,1350.77,1018.82,39.71,3251.54,3644.79,393.25,11.56,108.34,98,2000,0.95,calculated,97.7,77.5,63.5,105.0,41.5,27.0,586.0,2.42,2.0,97,1,98.98,1.3,1.0,20,78,20.41,0.7083,70.83,96,2,97.96,0.9574,95.74,94,4,95.92,74.6,65.87,14.29,56.03,medium,La estimación presenta una estabilidad intermedia en comparación con el resto de barrios.,residential_sale,asking_price,unknown,3291.57,3407.81,3269.2,62.27,67.6,61.29,100,103.53,99.32,True,True,True,2025,EUR_per_m2,mean_declared_transaction_price,residential_sales,Ayuntamiento de Madrid,Colegio de Registradores de España,504020100060,15,97.7,True,True,56.03,medium,3291.57,registered_transactions_2025,official_price_and_kaggle_features,-110.16999999999962,-3.238636697689995,0.9676136330231,DEST_002,Buenavista,Carabanchel,Nuevos Ministerios,2026-07-29,success,success,2026-07-29T07:38:19+02:00,2026-07-29T08:59:09+02:00,BUS,480|E1|27,Consorcio Regional de Transportes de Madrid|Información oficial: Consorcio Regional de Transportes de Madrid,80.83333333333333,10.95,19.0,720.22,2.0,2026-07-29T18:00:00+02:00,2026-07-29T19:21:04+02:00,BUS,27|E1,Información oficial: Consorcio Regional de Transportes de Madrid,81.06666666666666,7.966666666666667,20.0,573.4200000000001,1.0,161.89999999999998,18.916666666666664,39.0,3.0,0,complete_route,True,,True,usable
MAD-116,Buenavista,Carabanchel,True,True,available,110,98,12,89.09,10.91,0.88,98,332312.14,280000.0,214425.0,381125.0,166700.0,70050.0,1590000.0,3537.75,3401.74,2813.08,4163.85,1350.77,1018.82,39.71,3251.54,3644.79,393.25,11.56,108.34,98,2000,0.95,calculated,97.7,77.5,63.5,105.0,41.5,27.0,586.0,2.42,2.0,97,1,98.98,1.3,1.0,20,78,20.41,0.7083,70.83,96,2,97.96,0.9574,95.74,94,4,95.92,74.6,65.87,14.29,56.03,medium,La estimación presenta una estabilidad intermedia en comparación con el resto de barrios.,residential_sale,asking_price,unknown,3291.57,3407.81,3269.2,62.27,67.6,61.29,100,103.53,99.32,True,True,True,2025,EUR_per_m2,mean_declared_transaction_price,residential_sales,Ayuntamiento de Madrid,Colegio de Registradores de España,504020100060,15,97.7,True,True,56.03,medium,3291.57,registered_transactions_2025,official_price_and_kaggle_features,-110.16999999999962,-3.238636697689995,0.9676136330231,DEST_003,Buenavista,Carabanchel,UC3M Campus de Leganés,2026-07-29,success,success,2026-07-29T08:28:21+02:00,2026-07-29T08:56:51+02:00,BUS,484|482,Consorcio Regional de Transportes de Madrid,28.5,3.283333333333333,7.416666666666667,225.07,1.0,2026-07-29T18:03:27+02:00,2026-07-29T18:26:34+02:00,BUS,485,Consorcio Regional de Transportes de Madrid,23.116666666666667,4.083333333333333,0.0,261.62,0.0,51.61666666666667,7.366666666666666,7.416666666666667,1.0,0,complete_route,True,,True,usable
MAD-117,Abrantes,Carabanchel,True,True,available,55,40,15,72.73,27.27,0.36,40,234710.55,221500.0,186250.0,290000.0,103750.0,120000.0,435000.0,2960.7,2890.36,2614.29,3330.48,716.2,511.57,24.78,2655.82,3087.02,431.2,14.92,98.94,40,2000,0.95,calculated,80.68,77.0,64.75,101.0,36.25,33.0,161.0,3.03,3.0,39,1,97.5,1.57,1.0,7,33,17.5,0.525,52.5,40,0,100.0,1.0,100.0,38,2,95.0,35.32,46.83,76.98,50.34,medium,La estimación presenta una estabilidad intermedia en comparación con el resto de barrios.,residential_sale,asking_price,unknown,2912.9,,2885.23,55.11,,54.1,100,,99.05,True,False,True,2025,EUR_per_m2,mean_declared_transaction_price,residential_sales,Ayuntamiento de Madrid,Colegio de Registradores de España,504020100060,15,97.7,True,True,50.34,medium,2912.9,registered_transactions_2025,official_price_and_kaggle_features,22.539999999999964,0.7798336539393004,1.007798336539393,DEST_001,Abrantes,Carabanchel,Puerta del Sol,2026-07-29,success,success,2026-07-29T07:57:00+02:00,2026-07-29T08:59:16+02:00,BUS,E1,Información oficial: Consorcio Regional de Transportes de Madrid,62.266666666666666,28.4,10.0,2051.74,0.0,2026-07-29T18:00:00+02:00,2026-07-29T19:03:39+02:00,BUS,35|484,Información oficial: Consorcio Regional de Transportes de Madrid|Consorcio Regional de Transportes de Madrid,63.65,23.7,11.266666666666667,1724.96,1.0,125.91666666666666,52.1,21.266666666666666,1.0,0,complete_route,True,,True,usable
MAD-117,Abrantes,Carabanchel,True,True,available,55,40,15,72.73,27.27,0.36,40,234710.55,221500.0,186250.0,290000.0,103750.0,120000.0,435000.0,2960.7,2890.36,2614.29,3330.48,716.2,511.57,24.78,2655.82,3087.02,431.2,14.92,98.94,40,2000,0.95,calculated,80.68,77.0,64.75,101.0,36.25,33.0,161.0,3.03,3.0,39,1,97.5,1.57,1.0,7,33,17.5,0.525,52.5,40,0,100.0,1.0,100.0,38,2,95.0,35.32,46.83,76.98,50.34,medium,La estimación presenta una estabilidad intermedia en comparación con el resto de barrios.,residential_sale,asking_price,unknown,2912.9,,2885.23,55.11,,54.1,100,,99.05,True,False,True,2025,EUR_per_m2,mean_declared_transaction_price,residential_sales,Ayuntamiento de Madrid,Colegio de Registradores de España,504020100060,15,97.7,True,True,50.34,medium,2912.9,registered_transactions_2025,official_price_and_kaggle_features,22.539999999999964,0.7798336539393004,1.007798336539393,DEST_002,Abrantes,Carabanchel,Nuevos Ministerios,2026-07-29,success,success,2026-07-29T07:41:00+02:00,2026-07-29T08:59:57+02:00,BUS,E1|27,Información oficial: Consorcio Regional de Transportes de Madrid,78.95,17.466666666666665,17.0,1223.52,1.0,2026-07-29T18:00:00+02:00,2026-07-29T19:18:41+02:00,BUS,27|E1,Información oficial: Consorcio Regional de Transportes de Madrid,78.68333333333334,12.95,20.0,918.21,1.0,157.63333333333333,30.416666666666664,37.0,2.0,0,complete_route,True,,True,usable
MAD-117,Abrantes,Carabanchel,True,True,available,55,40,15,72.73,27.27,0.36,40,234710.55,221500.0,186250.0,290000.0,103750.0,120000.0,435000.0,2960.7,2890.36,2614.29,3330.48,716.2,511.57,24.78,2655.82,3087.02,431.2,14.92,98.94,40,2000,0.95,calculated,80.68,77.0,64.75,101.0,36.25,33.0,161.0,3.03,3.0,39,1,97.5,1.57,1.0,7,33,17.5,0.525,52.5,40,0,100.0,1.0,100.0,38,2,95.0,35.32,46.83,76.98,50.34,medium,La estimación presenta una estabilidad intermedia en comparación con el resto de barrios.,residential_sale,asking_price,unknown,2912.9,,2885.23,55.11,,54.1,100,,99.05,True,False,True,2025,EUR_per_m2,mean_declared_transaction_price,residential_sales,Ayuntamiento de Madrid,Colegio de Registradores de España,504020100060,15,97.7,True,True,50.34,medium,2912.9,registered_transactions_2025,official_price_and_kaggle_features,22.539999999999964,0.7798336539393004,1.007798336539393,DEST_003,Abrantes,Carabanchel,UC3M Campus de Leganés,2026-07-29,success,success,2026-07-29T08:09:32+02:00,2026-07-29T08:56:51+02:00,BUS,484|482,Consorcio Regional de Transportes de Madrid,47.31666666666667,13.316666666666666,7.416666666666667,1001.76,1.0,2026-07-29T18:03:27+02:00,2026-07-29T18:44:57+02:00,BUS,485|484,Consorcio Regional de Transportes de Madrid,41.5,13.7,2.4833333333333334,1028.24,1.0,88.81666666666666,27.016666666666666,9.9,2.0,0,complete_route,True,,True,usable
MAD-121,Orcasitas,Usera,True,True,available,26,19,7,73.08,26.92,0.17,19,272768.42,275000.0,240000.0,320000.0,80000.0,138000.0,380000.0,2907.24,2726.19,2328.1,3336.4,1008.3,871.71,36.99,2339.13,3235.29,896.16,32.87,311.47,19,2000,0.95,calculated,98.63,100.0,84.5,109.0,24.5,35.0,164.0,2.74,3.0,19,0,100.0,1.5,1.5,6,13,31.58,0.875,87.5,16,3,84.21,1.0,100.0,16,3,84.21,12.3,4.76,17.46,10.58,low,La estimación debe interpretarse con precaución por el tamaño de la muestra o la variabilidad de los precios.,residential_sale,asking_price,unknown,2357.51,,2366.82,44.6,,44.38,100,,100.39,True,False,True,2025,EUR_per_m2,mean_declared_transaction_price,residential_sales,Ayuntamiento de Madrid,Colegio de Registradores de España,504020100060,15,97.7,True,True,10.58,low,2357.51,registered_transactions_2025,official_price_and_kaggle_features,-368.67999999999984,-13.523635549980003,0.8647636445001999,DEST_001,Orcasitas,Usera,Puerta del Sol,2026-07-29,success,success,2026-07-29T07:55:00+02:00,2026-07-29T08:59:50+02:00,BUS,6,Información oficial: Consorcio Regional de Transportes de Madrid,64.83333333333333,14.65,9.0,1095.27,0.0,2026-07-29T18:00:00+02:00,2026-07-29T19:10:17+02:00,BUS,60,Información oficial: Consorcio Regional de Transportes de Madrid,70.28333333333333,18.8,10.0,1362.76,0.0,135.11666666666667,33.45,19.0,0.0,0,complete_route,True,,True,usable
MAD-121,Orcasitas,Usera,True,True,available,26,19,7,73.08,26.92,0.17,19,272768.42,275000.0,240000.0,320000.0,80000.0,138000.0,380000.0,2907.24,2726.19,2328.1,3336.4,1008.3,871.71,36.99,2339.13,3235.29,896.16,32.87,311.47,19,2000,0.95,calculated,98.63,100.0,84.5,109.0,24.5,35.0,164.0,2.74,3.0,19,0,100.0,1.5,1.5,6,13,31.58,0.875,87.5,16,3,84.21,1.0,100.0,16,3,84.21,12.3,4.76,17.46,10.58,low,La estimación debe interpretarse con precaución por el tamaño de la muestra o la variabilidad de los precios.,residential_sale,asking_price,unknown,2357.51,,2366.82,44.6,,44.38,100,,100.39,True,False,True,2025,EUR_per_m2,mean_declared_transaction_price,residential_sales,Ayuntamiento de Madrid,Colegio de Registradores de España,504020100060,15,97.7,True,True,10.58,low,2357.51,registered_transactions_2025,official_price_and_kaggle_features,-368.67999999999984,-13.523635549980003,0.8647636445001999,DEST_002,Orcasitas,Usera,Nuevos Ministerios,2026-07-29,success,success,2026-07-29T07:31:10+02:00,2026-07-29T08:59:34+02:00,BUS,464|E1|27,Consorcio Regional de Transportes de Madrid|Información oficial: Consorcio Regional de Transportes de Madrid,88.4,21.383333333333333,19.0,1512.35,2.0,2026-07-29T18:01:00+02:00,2026-07-29T19:32:18+02:00,BUS,19|422,Información oficial: Consorcio Regional de Transportes de Madrid|Consorcio Regional de Transportes de Madrid,91.3,40.81666666666667,7.583333333333333,2944.54,1.0,179.7,62.2,26.58333333333333,3.0,0,complete_route,True,,True,usable
MAD-121,Orcasitas,Usera,True,True,available,26,19,7,73.08,26.92,0.17,19,272768.42,275000.0,240000.0,320000.0,80000.0,138000.0,380000.0,2907.24,2726.19,2328.1,3336.4,1008.3,871.71,36.99,2339.13,3235.29,896.16,32.87,311.47,19,2000,0.95,calculated,98.63,100.0,84.5,109.0,24.5,35.0,164.0,2.74,3.0,19,0,100.0,1.5,1.5,6,13,31.58,0.875,87.5,16,3,84.21,1.0,100.0,16,3,84.21,12.3,4.76,17.46,10.58,low,La estimación debe interpretarse con precaución por el tamaño de la muestra o la variabilidad de los precios.,residential_sale,asking_price,unknown,2357.51,,2366.82,44.6,,44.38,100,,100.39,True,False,True,2025,EUR_per_m2,mean_declared_transaction_price,residential_sales,Ayuntamiento de Madrid,Colegio de Registradores de España,504020100060,15,97.7,True,True,10.58,low,2357.51,registered_transactions_2025,official_price_and_kaggle_features,-368.67999999999984,-13.523635549980003,0.8647636445001999,DEST_003,Orcasitas,Usera,UC3M Campus de Leganés,2026-07-29,success,success,2026-07-29T07:58:00+02:00,2026-07-29T08:56:51+02:00,BUS,131|485|482,Información oficial: Consorcio Regional de Transportes de Madrid|Consorcio Regional de Transportes de Madrid,58.85,3.85,17.083333333333332,248.45,2.0,2026-07-29T18:03:27+02:00,2026-07-29T18:57:38+02:00,BUS,485|131,Consorcio Regional de Transportes de Madrid|Información oficial: Consorcio Regional de Transportes de Madrid,54.18333333333333,4.65,17.0,308.02,1.0,113.03333333333332,8.5,34.08333333333333,3.0,0,complete_route,True,,True,usable
MAD-122,Orcasur,Usera,True,True,available,47,38,9,80.85,19.15,0.34,38,286485.53,270000.0,197550.0,335750.0,138200.0,141000.0,540000.0,3547.71,3411.29,2584.56,4234.23,1649.67,1274.17,48.36,2995.97,4008.93,1012.96,29.69,334.38,38,2000,0.95,calculated,86.16,86.0,57.25,110.25,53.0,40.0,171.0,2.4,2.0,35,3,92.11,1.56,2.0,18,20,47.37,0.6757,67.57,37,1,97.37,1.0,100.0,35,3,92.11,32.14,7.94,5.56,15.81,low,La estimación debe interpretarse con precaución por el tamaño de la muestra o la variabilidad de los precios.,residential_sale,asking_price,unknown,3403.28,,3399.29,64.39,,63.73,100,,99.88,True,False,True,2025,EUR_per_m2,mean_declared_transaction_price,residential_sales,Ayuntamiento de Madrid,Colegio de Registradores de España,504020100060,15,97.7,True,True,15.81,low,3403.28,registered_transactions_2025,official_price_and_kaggle_features,-8.009999999999764,-0.2348085328424075,0.997651914671576,DEST_001,Orcasur,Usera,Puerta del Sol,2026-07-29,success,success,2026-07-29T08:03:39+02:00,2026-07-29T08:55:06+02:00,BUS,423|6,Consorcio Regional de Transportes de Madrid|Información oficial: Consorcio Regional de Transportes de Madrid,51.45,17.433333333333334,11.0,1248.05,1.0,2026-07-29T18:01:00+02:00,2026-07-29T18:54:33+02:00,BUS,23|424,Información oficial: Consorcio Regional de Transportes de Madrid|Consorcio Regional de Transportes de Madrid,53.55,16.516666666666666,11.066666666666666,1190.62,1.0,105.0,33.95,22.066666666666663,2.0,0,complete_route,True,,True,usable
MAD-122,Orcasur,Usera,True,True,available,47,38,9,80.85,19.15,0.34,38,286485.53,270000.0,197550.0,335750.0,138200.0,141000.0,540000.0,3547.71,3411.29,2584.56,4234.23,1649.67,1274.17,48.36,2995.97,4008.93,1012.96,29.69,334.38,38,2000,0.95,calculated,86.16,86.0,57.25,110.25,53.0,40.0,171.0,2.4,2.0,35,3,92.11,1.56,2.0,18,20,47.37,0.6757,67.57,37,1,97.37,1.0,100.0,35,3,92.11,32.14,7.94,5.56,15.81,low,La estimación debe interpretarse con precaución por el tamaño de la muestra o la variabilidad de los precios.,residential_sale,asking_price,unknown,3403.28,,3399.29,64.39,,63.73,100,,99.88,True,False,True,2025,EUR_per_m2,mean_declared_transaction_price,residential_sales,Ayuntamiento de Madrid,Colegio de Registradores de España,504020100060,15,97.7,True,True,15.81,low,3403.28,registered_transactions_2025,official_price_and_kaggle_features,-8.009999999999764,-0.2348085328424075,0.997651914671576,DEST_002,Orcasur,Usera,Nuevos Ministerios,2026-07-29,success,success,2026-07-29T07:44:00+02:00,2026-07-29T08:59:47+02:00,BUS,85|27,Información oficial: Consorcio Regional de Transportes de Madrid,75.78333333333333,11.6,16.0,768.55,1.0,2026-07-29T18:00:00+02:00,2026-07-29T19:11:01+02:00,BUS,19|411,Información oficial: Consorcio Regional de Transportes de Madrid|Consorcio Regional de Transportes de Madrid,71.01666666666667,21.75,7.566666666666666,1522.83,1.0,146.8,33.35,23.566666666666663,2.0,0,complete_route,True,,True,usable
MAD-122,Orcasur,Usera,True,True,available,47,38,9,80.85,19.15,0.34,38,286485.53,270000.0,197550.0,335750.0,138200.0,141000.0,540000.0,3547.71,3411.29,2584.56,4234.23,1649.67,1274.17,48.36,2995.97,4008.93,1012.96,29.69,334.38,38,2000,0.95,calculated,86.16,86.0,57.25,110.25,53.0,40.0,171.0,2.4,2.0,35,3,92.11,1.56,2.0,18,20,47.37,0.6757,67.57,37,1,97.37,1.0,100.0,35,3,92.11,32.14,7.94,5.56,15.81,low,La estimación debe interpretarse con precaución por el tamaño de la muestra o la variabilidad de los precios.,residential_sale,asking_price,unknown,3403.28,,3399.29,64.39,,63.73,100,,99.88,True,False,True,2025,EUR_per_m2,mean_declared_transaction_price,residential_sales,Ayuntamiento de Madrid,Colegio de Registradores de España,504020100060,15,97.7,True,True,15.81,low,3403.28,registered_transactions_2025,official_price_and_kaggle_features,-8.009999999999764,-0.2348085328424075,0.997651914671576,DEST_003,Orcasur,Usera,UC3M Campus de Leganés,2026-07-29,success,success,2026-07-29T07:45:00+02:00,2026-07-29T08:56:51+02:00,BUS,121|485|482,Información oficial: Consorcio Regional de Transportes de Madrid|Consorcio Regional de Transportes de Madrid,71.85,13.0,18.48333333333333,961.44,2.0,2026-07-29T18:04:55+02:00,2026-07-29T19:10:07+02:00,BUS,485|432|422,Consorcio Regional de Transportes de Madrid,65.2,11.633333333333333,13.583333333333334,829.08,2.0,137.05,24.633333333333333,32.06666666666666,4.0,0,complete_route,True,,True,usable
MAD-123,San Fermín,Usera,True,True,available,49,40,9,81.63,18.37,0.36,40,228987.22,197400.0,168750.0,241000.0,72250.0,114000.0,690000.0,2869.28,2726.67,2345.99,3322.92,976.93,909.97,35.83,2539.41,3070.45,531.04,19.48,134.9,40,2000,0.95,calculated,79.92,75.5,65.0,90.0,25.0,47.0,133.0,2.61,3.0,38,2,95.0,1.33,1.0,6,34,15.0,0.5135,51.35,37,3,92.5,0.8649,86.49,37,3,92.5,35.32,29.37,21.43,29.46,low,La estimación debe interpretarse con precaución por el tamaño de la muestra o la variabilidad de los precios.,residential_sale,asking_price,unknown,2755.18,,2725.91,52.12,,51.11,100,,98.94,True,False,True,2025,EUR_per_m2,mean_declared_transaction_price,residential_sales,Ayuntamiento de Madrid,Colegio de Registradores de España,504020100060,15,97.7,True,True,29.46,low,2755.18,registered_transactions_2025,official_price_and_kaggle_features,28.509999999999764,1.0455977437680306,1.0104559774376802,DEST_001,San Fermín,Usera,Puerta del Sol,2026-07-29,success,success,2026-07-29T08:06:00+02:00,2026-07-29T08:59:22+02:00,BUS,23,Información oficial: Consorcio Regional de Transportes de Madrid,53.36666666666667,10.2,7.0,748.38,0.0,2026-07-29T18:00:00+02:00,2026-07-29T18:58:19+02:00,BUS,23,Información oficial: Consorcio Regional de Transportes de Madrid,58.31666666666667,10.416666666666666,9.0,774.21,0.0,111.68333333333334,20.616666666666667,16.0,0.0,0,complete_route,True,,True,usable
MAD-123,San Fermín,Usera,True,True,available,49,40,9,81.63,18.37,0.36,40,228987.22,197400.0,168750.0,241000.0,72250.0,114000.0,690000.0,2869.28,2726.67,2345.99,3322.92,976.93,909.97,35.83,2539.41,3070.45,531.04,19.48,134.9,40,2000,0.95,calculated,79.92,75.5,65.0,90.0,25.0,47.0,133.0,2.61,3.0,38,2,95.0,1.33,1.0,6,34,15.0,0.5135,51.35,37,3,92.5,0.8649,86.49,37,3,92.5,35.32,29.37,21.43,29.46,low,La estimación debe interpretarse con precaución por el tamaño de la muestra o la variabilidad de los precios.,residential_sale,asking_price,unknown,2755.18,,2725.91,52.12,,51.11,100,,98.94,True,False,True,2025,EUR_per_m2,mean_declared_transaction_price,residential_sales,Ayuntamiento de Madrid,Colegio de Registradores de España,504020100060,15,97.7,True,True,29.46,low,2755.18,registered_transactions_2025,official_price_and_kaggle_features,28.509999999999764,1.0455977437680306,1.0104559774376802,DEST_002,San Fermín,Usera,Nuevos Ministerios,2026-07-29,success,success,2026-07-29T07:44:06+02:00,2026-07-29T08:52:35+02:00,BUS,422|45,Consorcio Regional de Transportes de Madrid|Información oficial: Consorcio Regional de Transportes de Madrid,68.48333333333333,20.8,11.0,1491.32,1.0,2026-07-29T18:01:00+02:00,2026-07-29T19:11:33+02:00,BUS,19|422,Información oficial: Consorcio Regional de Transportes de Madrid|Consorcio Regional de Transportes de Madrid,70.55,20.066666666666663,7.583333333333333,1420.9,1.0,139.03333333333333,40.86666666666666,18.58333333333333,2.0,0,complete_route,True,,True,usable
MAD-123,San Fermín,Usera,True,True,available,49,40,9,81.63,18.37,0.36,40,228987.22,197400.0,168750.0,241000.0,72250.0,114000.0,690000.0,2869.28,2726.67,2345.99,3322.92,976.93,909.97,35.83,2539.41,3070.45,531.04,19.48,134.9,40,2000,0.95,calculated,79.92,75.5,65.0,90.0,25.0,47.0,133.0,2.61,3.0,38,2,95.0,1.33,1.0,6,34,15.0,0.5135,51.35,37,3,92.5,0.8649,86.49,37,3,92.5,35.32,29.37,21.43,29.46,low,La estimación debe interpretarse con precaución por el tamaño de la muestra o la variabilidad de los precios.,residential_sale,asking_price,unknown,2755.18,,2725.91,52.12,,51.11,100,,98.94,True,False,True,2025,EUR_per_m2,mean_declared_transaction_price,residential_sales,Ayuntamiento de Madrid,Colegio de Registradores de España,504020100060,15,97.7,True,True,29.46,low,2755.18,registered_transactions_2025,official_price_and_kaggle_features,28.509999999999764,1.0455977437680306,1.0104559774376802,DEST_003,San Fermín,Usera,UC3M Campus de Leganés,2026-07-29,success,success,2026-07-29T07:40:00+02:00,2026-07-29T08:56:51+02:00,BUS,121|485|482,Información oficial: Consorcio Regional de Transportes de Madrid|Consorcio Regional de Transportes de Madrid,76.85,13.0,19.416666666666668,868.67,2.0,2026-07-29T18:04:55+02:00,2026-07-29T19:07:02+02:00,BUS,485|432|422,Consorcio Regional de Transportes de Madrid,62.11666666666667,9.9,13.583333333333334,740.0699999999999,2.0,138.96666666666667,22.9,33.0,4.0,0,complete_route,True,,True,usable
MAD-124,Almendrales,Usera,True,True,available,44,40,4,90.91,9.09,0.36,40,302464.5,237875.0,195000.0,362000.0,167000.0,92000.0,798000.0,3581.18,3362.07,3128.33,4080.87,952.53,819.43,28.33,3270.39,3805.54,535.15,15.92,152.69,40,2000,0.95,calculated,86.4,72.0,59.5,100.75,41.25,20.0,261.0,2.54,2.0,37,3,92.5,1.6,2.0,10,30,25.0,0.641,64.1,39,1,97.5,0.7778,77.78,36,4,90.0,35.32,39.68,65.08,44.5,low,La estimación debe interpretarse con precaución por el tamaño de la muestra o la variabilidad de los precios.,residential_sale,asking_price,unknown,4323.83,4988.05,3674.06,81.8,98.94,68.89,100,115.36,84.97,True,True,True,2025,EUR_per_m2,mean_declared_transaction_price,residential_sales,Ayuntamiento de Madrid,Colegio de Registradores de España,504020100060,15,97.7,True,True,44.5,low,4323.83,registered_transactions_2025,official_price_and_kaggle_features,961.7599999999998,28.60618606989146,1.2860618606989145,DEST_001,Almendrales,Usera,Puerta del Sol,2026-07-29,success,success,2026-07-29T08:13:00+02:00,2026-07-29T08:59:25+02:00,BUS,6,Información oficial: Consorcio Regional de Transportes de Madrid,46.41666666666666,8.883333333333333,9.0,649.44,0.0,2026-07-29T18:00:00+02:00,2026-07-29T18:48:59+02:00,BUS,23,Información oficial: Consorcio Regional de Transportes de Madrid,48.98333333333333,15.066666666666666,9.0,1090.77,0.0,95.39999999999998,23.95,18.0,0.0,0,complete_route,True,,True,usable
MAD-124,Almendrales,Usera,True,True,available,44,40,4,90.91,9.09,0.36,40,302464.5,237875.0,195000.0,362000.0,167000.0,92000.0,798000.0,3581.18,3362.07,3128.33,4080.87,952.53,819.43,28.33,3270.39,3805.54,535.15,15.92,152.69,40,2000,0.95,calculated,86.4,72.0,59.5,100.75,41.25,20.0,261.0,2.54,2.0,37,3,92.5,1.6,2.0,10,30,25.0,0.641,64.1,39,1,97.5,0.7778,77.78,36,4,90.0,35.32,39.68,65.08,44.5,low,La estimación debe interpretarse con precaución por el tamaño de la muestra o la variabilidad de los precios.,residential_sale,asking_price,unknown,4323.83,4988.05,3674.06,81.8,98.94,68.89,100,115.36,84.97,True,True,True,2025,EUR_per_m2,mean_declared_transaction_price,residential_sales,Ayuntamiento de Madrid,Colegio de Registradores de España,504020100060,15,97.7,True,True,44.5,low,4323.83,registered_transactions_2025,official_price_and_kaggle_features,961.7599999999998,28.60618606989146,1.2860618606989145,DEST_002,Almendrales,Usera,Nuevos Ministerios,2026-07-29,success,success,2026-07-29T07:53:00+02:00,2026-07-29T08:59:17+02:00,BUS,85|27,Información oficial: Consorcio Regional de Transportes de Madrid,66.28333333333333,6.433333333333334,16.0,366.82,1.0,2026-07-29T18:00:00+02:00,2026-07-29T19:06:27+02:00,BUS,27|85,Información oficial: Consorcio Regional de Transportes de Madrid,66.45,4.916666666666667,19.0,310.41,1.0,132.73333333333335,11.35,35.0,2.0,0,complete_route,True,,True,usable
MAD-124,Almendrales,Usera,True,True,available,44,40,4,90.91,9.09,0.36,40,302464.5,237875.0,195000.0,362000.0,167000.0,92000.0,798000.0,3581.18,3362.07,3128.33,4080.87,952.53,819.43,28.33,3270.39,3805.54,535.15,15.92,152.69,40,2000,0.95,calculated,86.4,72.0,59.5,100.75,41.25,20.0,261.0,2.54,2.0,37,3,92.5,1.6,2.0,10,30,25.0,0.641,64.1,39,1,97.5,0.7778,77.78,36,4,90.0,35.32,39.68,65.08,44.5,low,La estimación debe interpretarse con precaución por el tamaño de la muestra o la variabilidad de los precios.,residential_sale,asking_price,unknown,4323.83,4988.05,3674.06,81.8,98.94,68.89,100,115.36,84.97,True,True,True,2025,EUR_per_m2,mean_declared_transaction_price,residential_sales,Ayuntamiento de Madrid,Colegio de Registradores de España,504020100060,15,97.7,True,True,44.5,low,4323.83,registered_transactions_2025,official_price_and_kaggle_features,961.7599999999998,28.60618606989146,1.2860618606989145,DEST_003,Almendrales,Usera,UC3M Campus de Leganés,2026-07-29,success,success,2026-07-29T07:49:26+02:00,2026-07-29T08:59:59+02:00,BUS,480,Consorcio Regional de Transportes de Madrid,70.55,28.433333333333334,0.0,2090.91,0.0,2026-07-29T18:00:58+02:00,2026-07-29T19:03:50+02:00,BUS,480,Consorcio Regional de Transportes de Madrid,62.86666666666667,29.0,0.0,2131.09,0.0,133.41666666666666,57.43333333333334,0.0,0.0,0,complete_route,True,,True,usable
MAD-125,Moscardó,Usera,True,True,available,63,58,5,92.06,7.94,0.52,58,284055.17,261000.0,225000.0,340000.0,115000.0,111400.0,625000.0,4002.68,3935.97,3307.43,4581.82,1274.39,976.18,32.38,3565.96,4314.52,748.56,19.02,168.98,58,2000,0.95,calculated,72.03,69.0,56.5,79.0,22.5,40.0,127.0,2.43,3.0,56,2,96.55,1.56,2.0,18,40,31.03,0.5357,53.57,56,2,96.55,0.8679,86.79,53,5,91.38,47.62,32.94,44.44,40.95,low,La estimación debe interpretarse con precaución por el tamaño de la muestra o la variabilidad de los precios.,residential_sale,asking_price,unknown,3739.18,4123.27,3701.66,70.74,81.79,69.4,100,110.27,99.0,True,True,True,2025,EUR_per_m2,mean_declared_transaction_price,residential_sales,Ayuntamiento de Madrid,Colegio de Registradores de España,504020100060,15,97.7,True,True,40.95,low,3739.18,registered_transactions_2025,official_price_and_kaggle_features,-196.79,-4.999784043069433,0.9500021595693056,DEST_001,Moscardó,Usera,Puerta del Sol,2026-07-29,success,success,2026-07-29T08:20:00+02:00,2026-07-29T08:59:06+02:00,BUS,23,Información oficial: Consorcio Regional de Transportes de Madrid,39.1,12.266666666666667,7.0,851.5899999999999,0.0,2026-07-29T18:00:00+02:00,2026-07-29T18:40:24+02:00,BUS,23,Información oficial: Consorcio Regional de Transportes de Madrid,40.4,10.583333333333334,9.0,781.44,0.0,79.5,22.85,16.0,0.0,0,complete_route,True,,True,usable
MAD-125,Moscardó,Usera,True,True,available,63,58,5,92.06,7.94,0.52,58,284055.17,261000.0,225000.0,340000.0,115000.0,111400.0,625000.0,4002.68,3935.97,3307.43,4581.82,1274.39,976.18,32.38,3565.96,4314.52,748.56,19.02,168.98,58,2000,0.95,calculated,72.03,69.0,56.5,79.0,22.5,40.0,127.0,2.43,3.0,56,2,96.55,1.56,2.0,18,40,31.03,0.5357,53.57,56,2,96.55,0.8679,86.79,53,5,91.38,47.62,32.94,44.44,40.95,low,La estimación debe interpretarse con precaución por el tamaño de la muestra o la variabilidad de los precios.,residential_sale,asking_price,unknown,3739.18,4123.27,3701.66,70.74,81.79,69.4,100,110.27,99.0,True,True,True,2025,EUR_per_m2,mean_declared_transaction_price,residential_sales,Ayuntamiento de Madrid,Colegio de Registradores de España,504020100060,15,97.7,True,True,40.95,low,3739.18,registered_transactions_2025,official_price_and_kaggle_features,-196.79,-4.999784043069433,0.9500021595693056,DEST_002,Moscardó,Usera,Nuevos Ministerios,2026-07-29,success,success,2026-07-29T07:50:00+02:00,2026-07-29T08:59:52+02:00,BUS,27,Información oficial: Consorcio Regional de Transportes de Madrid,69.86666666666666,31.933333333333334,5.0,2235.3700000000003,0.0,2026-07-29T18:00:00+02:00,2026-07-29T19:10:04+02:00,BUS,27,Información oficial: Consorcio Regional de Transportes de Madrid,70.06666666666666,33.483333333333334,7.0,2406.72,0.0,139.93333333333334,65.41666666666667,12.0,0.0,0,complete_route,True,,True,usable
MAD-125,Moscardó,Usera,True,True,available,63,58,5,92.06,7.94,0.52,58,284055.17,261000.0,225000.0,340000.0,115000.0,111400.0,625000.0,4002.68,3935.97,3307.43,4581.82,1274.39,976.18,32.38,3565.96,4314.52,748.56,19.02,168.98,58,2000,0.95,calculated,72.03,69.0,56.5,79.0,22.5,40.0,127.0,2.43,3.0,56,2,96.55,1.56,2.0,18,40,31.03,0.5357,53.57,56,2,96.55,0.8679,86.79,53,5,91.38,47.62,32.94,44.44,40.95,low,La estimación debe interpretarse con precaución por el tamaño de la muestra o la variabilidad de los precios.,residential_sale,asking_price,unknown,3739.18,4123.27,3701.66,70.74,81.79,69.4,100,110.27,99.0,True,True,True,2025,EUR_per_m2,mean_declared_transaction_price,residential_sales,Ayuntamiento de Madrid,Colegio de Registradores de España,504020100060,15,97.7,True,True,40.95,low,3739.18,registered_transactions_2025,official_price_and_kaggle_features,-196.79,-4.999784043069433,0.9500021595693056,DEST_003,Moscardó,Usera,UC3M Campus de Leganés,2026-07-29,success,success,2026-07-29T07:55:43+02:00,2026-07-29T08:59:59+02:00,BUS,480,Consorcio Regional de Transportes de Madrid,64.26666666666667,22.15,0.0,1638.81,0.0,2026-07-29T18:00:58+02:00,2026-07-29T18:57:33+02:00,BUS,480,Consorcio Regional de Transportes de Madrid,56.583333333333336,22.716666666666665,0.0,1678.99,0.0,120.85,44.86666666666666,0.0,0.0,0,complete_route,True,,True,usable
MAD-126,Zofío,Usera,True,True,available,32,27,5,84.38,15.62,0.24,27,237655.56,225000.0,194000.0,280000.0,86000.0,65400.0,499000.0,3147.7,3326.67,2818.56,3609.09,790.53,593.6,23.76,2907.69,3600.0,692.31,20.81,191.33,27,2000,0.95,calculated,76.74,69.0,57.5,86.0,28.5,40.0,150.0,2.78,3.0,27,0,100.0,1.25,1.0,4,23,14.81,0.3704,37.04,27,0,100.0,0.96,96.0,25,2,92.59,22.22,25.4,81.75,38.37,low,La estimación debe interpretarse con precaución por el tamaño de la muestra o la variabilidad de los precios.,residential_sale,asking_price,unknown,3089.05,,3088.21,58.44,,57.9,100,,99.97,True,False,True,2025,EUR_per_m2,mean_declared_transaction_price,residential_sales,Ayuntamiento de Madrid,Colegio de Registradores de España,504020100060,15,97.7,True,True,38.37,low,3089.05,registered_transactions_2025,official_price_and_kaggle_features,-237.6199999999999,-7.142878614350083,0.9285712138564992,DEST_001,Zofío,Usera,Puerta del Sol,2026-07-29,success,success,2026-07-29T08:02:00+02:00,2026-07-29T08:59:54+02:00,BUS,6,Información oficial: Consorcio Regional de Transportes de Madrid,57.9,12.95,9.0,976.29,0.0,2026-07-29T18:00:00+02:00,2026-07-29T19:03:43+02:00,BUS,23,Información oficial: Consorcio Regional de Transportes de Madrid,63.71666666666667,36.16666666666666,9.0,2717.9100000000003,0.0,121.61666666666667,49.11666666666666,18.0,0.0,0,complete_route,True,,True,usable
MAD-126,Zofío,Usera,True,True,available,32,27,5,84.38,15.62,0.24,27,237655.56,225000.0,194000.0,280000.0,86000.0,65400.0,499000.0,3147.7,3326.67,2818.56,3609.09,790.53,593.6,23.76,2907.69,3600.0,692.31,20.81,191.33,27,2000,0.95,calculated,76.74,69.0,57.5,86.0,28.5,40.0,150.0,2.78,3.0,27,0,100.0,1.25,1.0,4,23,14.81,0.3704,37.04,27,0,100.0,0.96,96.0,25,2,92.59,22.22,25.4,81.75,38.37,low,La estimación debe interpretarse con precaución por el tamaño de la muestra o la variabilidad de los precios.,residential_sale,asking_price,unknown,3089.05,,3088.21,58.44,,57.9,100,,99.97,True,False,True,2025,EUR_per_m2,mean_declared_transaction_price,residential_sales,Ayuntamiento de Madrid,Colegio de Registradores de España,504020100060,15,97.7,True,True,38.37,low,3089.05,registered_transactions_2025,official_price_and_kaggle_features,-237.6199999999999,-7.142878614350083,0.9285712138564992,DEST_002,Zofío,Usera,Nuevos Ministerios,2026-07-29,success,success,2026-07-29T07:39:00+02:00,2026-07-29T08:59:21+02:00,BUS,E1|27,Información oficial: Consorcio Regional de Transportes de Madrid,80.35,17.5,17.0,1252.29,1.0,2026-07-29T18:00:00+02:00,2026-07-29T19:24:21+02:00,BUS,27|E1,Información oficial: Consorcio Regional de Transportes de Madrid,84.35,18.616666666666667,20.0,1332.45,1.0,164.7,36.11666666666667,37.0,2.0,0,complete_route,True,,True,usable
MAD-126,Zofío,Usera,True,True,available,32,27,5,84.38,15.62,0.24,27,237655.56,225000.0,194000.0,280000.0,86000.0,65400.0,499000.0,3147.7,3326.67,2818.56,3609.09,790.53,593.6,23.76,2907.69,3600.0,692.31,20.81,191.33,27,2000,0.95,calculated,76.74,69.0,57.5,86.0,28.5,40.0,150.0,2.78,3.0,27,0,100.0,1.25,1.0,4,23,14.81,0.3704,37.04,27,0,100.0,0.96,96.0,25,2,92.59,22.22,25.4,81.75,38.37,low,La estimación debe interpretarse con precaución por el tamaño de la muestra o la variabilidad de los precios.,residential_sale,asking_price,unknown,3089.05,,3088.21,58.44,,57.9,100,,99.97,True,False,True,2025,EUR_per_m2,mean_declared_transaction_price,residential_sales,Ayuntamiento de Madrid,Colegio de Registradores de España,504020100060,15,97.7,True,True,38.37,low,3089.05,registered_transactions_2025,official_price_and_kaggle_features,-237.6199999999999,-7.142878614350083,0.9285712138564992,DEST_003,Zofío,Usera,UC3M Campus de Leganés,2026-07-29,success,success,2026-07-29T08:04:25+02:00,2026-07-29T08:56:51+02:00,BUS,484|482,Consorcio Regional de Transportes de Madrid,52.43333333333333,18.433333333333334,7.416666666666667,1380.48,1.0,2026-07-29T18:03:27+02:00,2026-07-29T18:50:05+02:00,BUS,485|484,Consorcio Regional de Transportes de Madrid,46.63333333333333,18.83333333333333,2.4833333333333334,1406.96,1.0,99.06666666666666,37.266666666666666,9.9,2.0,0,complete_route,True,,True,usable
MAD-127,Pradolongo,Usera,True,True,available,41,34,7,82.93,17.07,0.31,34,263964.71,215000.0,171625.0,277500.0,105875.0,90500.0,887000.0,3410.94,3074.07,2268.12,3531.25,1263.13,2793.56,41.09,2710.17,3389.67,679.51,22.1,186.48,34,2000,0.95,calculated,90.5,69.5,54.5,90.0,35.5,40.0,383.0,2.76,3.0,33,1,97.06,1.75,2.0,12,22,35.29,0.1515,15.15,33,1,97.06,0.9062,90.62,32,2,94.12,28.57,20.63,13.49,21.63,low,La estimación debe interpretarse con precaución por el tamaño de la muestra o la variabilidad de los precios.,residential_sale,asking_price,unknown,3390.16,,3333.54,64.14,,62.5,100,,,True,False,True,2025,EUR_per_m2,mean_declared_transaction_price,residential_sales,Ayuntamiento de Madrid,Colegio de Registradores de España,504020100060,15,97.7,True,True,21.63,low,3390.16,registered_transactions_2025,official_price_and_kaggle_features,316.0899999999997,10.282459410488364,1.1028245941048835,DEST_001,Pradolongo,Usera,Puerta del Sol,2026-07-29,success,success,2026-07-29T08:05:00+02:00,2026-07-29T08:59:51+02:00,BUS,6,Información oficial: Consorcio Regional de Transportes de Madrid,54.85,17.316666666666666,9.0,1326.86,0.0,2026-07-29T18:00:00+02:00,2026-07-29T19:00:37+02:00,BUS,23,Información oficial: Consorcio Regional de Transportes de Madrid,60.61666666666667,22.716666666666665,9.0,1723.52,0.0,115.46666666666668,40.03333333333333,18.0,0.0,0,complete_route,True,,True,usable
MAD-127,Pradolongo,Usera,True,True,available,41,34,7,82.93,17.07,0.31,34,263964.71,215000.0,171625.0,277500.0,105875.0,90500.0,887000.0,3410.94,3074.07,2268.12,3531.25,1263.13,2793.56,41.09,2710.17,3389.67,679.51,22.1,186.48,34,2000,0.95,calculated,90.5,69.5,54.5,90.0,35.5,40.0,383.0,2.76,3.0,33,1,97.06,1.75,2.0,12,22,35.29,0.1515,15.15,33,1,97.06,0.9062,90.62,32,2,94.12,28.57,20.63,13.49,21.63,low,La estimación debe interpretarse con precaución por el tamaño de la muestra o la variabilidad de los precios.,residential_sale,asking_price,unknown,3390.16,,3333.54,64.14,,62.5,100,,,True,False,True,2025,EUR_per_m2,mean_declared_transaction_price,residential_sales,Ayuntamiento de Madrid,Colegio de Registradores de España,504020100060,15,97.7,True,True,21.63,low,3390.16,registered_transactions_2025,official_price_and_kaggle_features,316.0899999999997,10.282459410488364,1.1028245941048835,DEST_002,Pradolongo,Usera,Nuevos Ministerios,2026-07-29,success,success,2026-07-29T07:41:00+02:00,2026-07-29T08:59:17+02:00,BUS,85|27,Información oficial: Consorcio Regional de Transportes de Madrid,78.28333333333333,17.283333333333335,16.0,1214.83,1.0,2026-07-29T18:00:00+02:00,2026-07-29T19:19:02+02:00,BUS,27|85,Información oficial: Consorcio Regional de Transportes de Madrid,79.03333333333333,16.45,19.0,1213.95,1.0,157.31666666666666,33.733333333333334,35.0,2.0,0,complete_route,True,,True,usable
MAD-127,Pradolongo,Usera,True,True,available,41,34,7,82.93,17.07,0.31,34,263964.71,215000.0,171625.0,277500.0,105875.0,90500.0,887000.0,3410.94,3074.07,2268.12,3531.25,1263.13,2793.56,41.09,2710.17,3389.67,679.51,22.1,186.48,34,2000,0.95,calculated,90.5,69.5,54.5,90.0,35.5,40.0,383.0,2.76,3.0,33,1,97.06,1.75,2.0,12,22,35.29,0.1515,15.15,33,1,97.06,0.9062,90.62,32,2,94.12,28.57,20.63,13.49,21.63,low,La estimación debe interpretarse con precaución por el tamaño de la muestra o la variabilidad de los precios.,residential_sale,asking_price,unknown,3390.16,,3333.54,64.14,,62.5,100,,,True,False,True,2025,EUR_per_m2,mean_declared_transaction_price,residential_sales,Ayuntamiento de Madrid,Colegio de Registradores de España,504020100060,15,97.7,True,True,21.63,low,3390.16,registered_transactions_2025,official_price_and_kaggle_features,316.0899999999997,10.282459410488364,1.1028245941048835,DEST_003,Pradolongo,Usera,UC3M Campus de Leganés,2026-07-29,success,success,2026-07-29T07:54:03+02:00,2026-07-29T08:59:59+02:00,BUS,480,Consorcio Regional de Transportes de Madrid,65.93333333333334,23.816666666666663,0.0,1711.19,0.0,2026-07-29T18:00:58+02:00,2026-07-29T18:59:13+02:00,BUS,480,Consorcio Regional de Transportes de Madrid,58.25,24.383333333333333,0.0,1751.37,0.0,124.18333333333334,48.2,0.0,0.0,0,complete_route,True,,True,usable
MAD-131,Entrevías,Puente de Vallecas,True,True,available,83,67,16,80.72,19.28,0.6,67,189897.91,184900.0,164000.0,199500.0,35500.0,103000.0,293000.0,2534.13,2352.94,2061.43,2991.89,930.46,640.11,39.54,2212.77,2681.16,468.39,19.91,114.37,67,2000,0.95,calculated,78.78,74.0,61.0,95.5,34.5,48.0,142.0,2.9,3.0,67,0,100.0,1.32,1.0,22,45,32.84,0.3051,30.51,59,8,88.06,0.8947,89.47,57,10,85.07,51.59,26.59,15.08,32.46,low,La estimación debe interpretarse con precaución por el tamaño de la muestra o la variabilidad de los precios.,residential_sale,asking_price,unknown,2430.16,2472.77,2390.0,45.98,49.05,44.81,100,101.75,98.35,True,True,True,2025,EUR_per_m2,mean_declared_transaction_price,residential_sales,Ayuntamiento de Madrid,Colegio de Registradores de España,504020100060,15,97.7,True,True,32.46,low,2430.16,registered_transactions_2025,official_price_and_kaggle_features,77.2199999999998,3.281851640925812,1.032818516409258,DEST_001,Entrevías,Puente de Vallecas,Puerta del Sol,2026-07-29,success,success,2026-07-29T07:57:00+02:00,2026-07-29T08:58:12+02:00,BUS,102|6,Información oficial: Consorcio Regional de Transportes de Madrid,61.2,11.55,18.0,863.28,1.0,2026-07-29T18:00:00+02:00,2026-07-29T19:01:30+02:00,BUS,102,Información oficial: Consorcio Regional de Transportes de Madrid,61.5,30.133333333333333,8.0,2261.29,0.0,122.7,41.68333333333334,26.0,1.0,0,complete_route,True,,True,usable
MAD-131,Entrevías,Puente de Vallecas,True,True,available,83,67,16,80.72,19.28,0.6,67,189897.91,184900.0,164000.0,199500.0,35500.0,103000.0,293000.0,2534.13,2352.94,2061.43,2991.89,930.46,640.11,39.54,2212.77,2681.16,468.39,19.91,114.37,67,2000,0.95,calculated,78.78,74.0,61.0,95.5,34.5,48.0,142.0,2.9,3.0,67,0,100.0,1.32,1.0,22,45,32.84,0.3051,30.51,59,8,88.06,0.8947,89.47,57,10,85.07,51.59,26.59,15.08,32.46,low,La estimación debe interpretarse con precaución por el tamaño de la muestra o la variabilidad de los precios.,residential_sale,asking_price,unknown,2430.16,2472.77,2390.0,45.98,49.05,44.81,100,101.75,98.35,True,True,True,2025,EUR_per_m2,mean_declared_transaction_price,residential_sales,Ayuntamiento de Madrid,Colegio de Registradores de España,504020100060,15,97.7,True,True,32.46,low,2430.16,registered_transactions_2025,official_price_and_kaggle_features,77.2199999999998,3.281851640925812,1.032818516409258,DEST_002,Entrevías,Puente de Vallecas,Nuevos Ministerios,2026-07-29,success,success,2026-07-29T07:23:00+02:00,2026-07-29T08:36:39+02:00,BUS,102|27,Información oficial: Consorcio Regional de Transportes de Madrid,73.65,11.483333333333333,13.0,840.39,1.0,2026-07-29T18:00:00+02:00,2026-07-29T19:16:31+02:00,BUS,14|102,Información oficial: Consorcio Regional de Transportes de Madrid,76.51666666666667,6.15,20.0,445.75,1.0,150.16666666666669,17.633333333333333,33.0,2.0,0,complete_route,True,,True,usable
MAD-131,Entrevías,Puente de Vallecas,True,True,available,83,67,16,80.72,19.28,0.6,67,189897.91,184900.0,164000.0,199500.0,35500.0,103000.0,293000.0,2534.13,2352.94,2061.43,2991.89,930.46,640.11,39.54,2212.77,2681.16,468.39,19.91,114.37,67,2000,0.95,calculated,78.78,74.0,61.0,95.5,34.5,48.0,142.0,2.9,3.0,67,0,100.0,1.32,1.0,22,45,32.84,0.3051,30.51,59,8,88.06,0.8947,89.47,57,10,85.07,51.59,26.59,15.08,32.46,low,La estimación debe interpretarse con precaución por el tamaño de la muestra o la variabilidad de los precios.,residential_sale,asking_price,unknown,2430.16,2472.77,2390.0,45.98,49.05,44.81,100,101.75,98.35,True,True,True,2025,EUR_per_m2,mean_declared_transaction_price,residential_sales,Ayuntamiento de Madrid,Colegio de Registradores de España,504020100060,15,97.7,True,True,32.46,low,2430.16,registered_transactions_2025,official_price_and_kaggle_features,77.2199999999998,3.281851640925812,1.032818516409258,DEST_003,Entrevías,Puente de Vallecas,UC3M Campus de Leganés,2026-07-29,success,success,2026-07-29T07:16:00+02:00,2026-07-29T08:56:51+02:00,BUS,102|E1|482,Información oficial: Consorcio Regional de Transportes de Madrid|Consorcio Regional de Transportes de Madrid,100.85,11.516666666666667,21.15,760.89,2.0,2026-07-29T18:04:55+02:00,2026-07-29T19:37:07+02:00,BUS,485|432|423|102,Consorcio Regional de Transportes de Madrid|Información oficial: Consorcio Regional de Transportes de Madrid,92.2,11.166666666666666,24.866666666666667,792.84,3.0,193.05,22.683333333333334,46.016666666666666,5.0,0,complete_route,True,,True,usable
MAD-132,San Diego,Puente de Vallecas,True,True,available,167,134,33,80.24,19.76,1.21,134,190366.57,167450.0,129250.0,224250.0,95000.0,70900.0,780000.0,3062.94,2880.61,2432.46,3364.58,932.13,1131.96,32.36,2700.0,3000.0,300.0,10.41,85.88,134,2000,0.95,calculated,66.28,59.0,42.25,77.0,34.75,20.0,443.0,2.01,2.0,128,6,95.52,1.13,1.0,38,96,28.36,0.2403,24.03,129,5,96.27,0.8279,82.79,122,12,91.04,84.92,74.6,45.24,70.87,medium,La estimación presenta una estabilidad intermedia en comparación con el resto de barrios.,residential_sale,asking_price,unknown,3078.32,3199.39,3025.25,58.24,63.46,56.72,100,103.93,98.28,True,True,True,2025,EUR_per_m2,mean_declared_transaction_price,residential_sales,Ayuntamiento de Madrid,Colegio de Registradores de España,504020100060,15,97.7,True,True,70.87,medium,3078.32,registered_transactions_2025,official_price_and_kaggle_features,197.71000000000004,6.863476833031894,1.068634768330319,DEST_001,San Diego,Puente de Vallecas,Puerta del Sol,2026-07-29,success,success,2026-07-29T08:05:00+02:00,2026-07-29T08:59:58+02:00,BUS,24|32,Información oficial: Consorcio Regional de Transportes de Madrid,54.96666666666667,7.916666666666667,18.0,572.16,1.0,2026-07-29T18:00:00+02:00,2026-07-29T18:54:57+02:00,BUS,10,Información oficial: Consorcio Regional de Transportes de Madrid,54.95,20.066666666666663,9.0,1484.9699999999998,0.0,109.91666666666669,27.98333333333333,27.0,1.0,0,complete_route,True,,True,usable
MAD-132,San Diego,Puente de Vallecas,True,True,available,167,134,33,80.24,19.76,1.21,134,190366.57,167450.0,129250.0,224250.0,95000.0,70900.0,780000.0,3062.94,2880.61,2432.46,3364.58,932.13,1131.96,32.36,2700.0,3000.0,300.0,10.41,85.88,134,2000,0.95,calculated,66.28,59.0,42.25,77.0,34.75,20.0,443.0,2.01,2.0,128,6,95.52,1.13,1.0,38,96,28.36,0.2403,24.03,129,5,96.27,0.8279,82.79,122,12,91.04,84.92,74.6,45.24,70.87,medium,La estimación presenta una estabilidad intermedia en comparación con el resto de barrios.,residential_sale,asking_price,unknown,3078.32,3199.39,3025.25,58.24,63.46,56.72,100,103.93,98.28,True,True,True,2025,EUR_per_m2,mean_declared_transaction_price,residential_sales,Ayuntamiento de Madrid,Colegio de Registradores de España,504020100060,15,97.7,True,True,70.87,medium,3078.32,registered_transactions_2025,official_price_and_kaggle_features,197.71000000000004,6.863476833031894,1.068634768330319,DEST_002,San Diego,Puente de Vallecas,Nuevos Ministerios,2026-07-29,success,success,2026-07-29T07:43:00+02:00,2026-07-29T08:56:38+02:00,BUS,24|14,Información oficial: Consorcio Regional de Transportes de Madrid,73.63333333333334,5.716666666666667,17.0,313.22,1.0,2026-07-29T18:00:00+02:00,2026-07-29T19:12:09+02:00,BUS,14|24,Información oficial: Consorcio Regional de Transportes de Madrid,72.15,4.516666666666667,21.0,297.89,1.0,145.78333333333336,10.233333333333334,38.0,2.0,0,complete_route,True,,True,usable
MAD-132,San Diego,Puente de Vallecas,True,True,available,167,134,33,80.24,19.76,1.21,134,190366.57,167450.0,129250.0,224250.0,95000.0,70900.0,780000.0,3062.94,2880.61,2432.46,3364.58,932.13,1131.96,32.36,2700.0,3000.0,300.0,10.41,85.88,134,2000,0.95,calculated,66.28,59.0,42.25,77.0,34.75,20.0,443.0,2.01,2.0,128,6,95.52,1.13,1.0,38,96,28.36,0.2403,24.03,129,5,96.27,0.8279,82.79,122,12,91.04,84.92,74.6,45.24,70.87,medium,La estimación presenta una estabilidad intermedia en comparación con el resto de barrios.,residential_sale,asking_price,unknown,3078.32,3199.39,3025.25,58.24,63.46,56.72,100,103.93,98.28,True,True,True,2025,EUR_per_m2,mean_declared_transaction_price,residential_sales,Ayuntamiento de Madrid,Colegio de Registradores de España,504020100060,15,97.7,True,True,70.87,medium,3078.32,registered_transactions_2025,official_price_and_kaggle_features,197.71000000000004,6.863476833031894,1.068634768330319,DEST_003,San Diego,Puente de Vallecas,UC3M Campus de Leganés,2026-07-29,success,success,2026-07-29T07:21:00+02:00,2026-07-29T08:56:51+02:00,BUS,102|E1|482,Información oficial: Consorcio Regional de Transportes de Madrid|Consorcio Regional de Transportes de Madrid,95.85,13.316666666666666,21.33333333333333,854.79,2.0,2026-07-29T18:04:55+02:00,2026-07-29T19:23:40+02:00,BUS,485|432|423,Consorcio Regional de Transportes de Madrid,78.75,20.1,14.866666666666667,1460.14,2.0,174.6,33.41666666666667,36.2,4.0,0,complete_route,True,,True,usable
MAD-133,Palomeras Bajas,Puente de Vallecas,True,True,available,61,48,13,78.69,21.31,0.43,48,205289.58,202500.0,163500.0,252750.0,89250.0,73000.0,475000.0,2866.76,2783.05,2538.46,3166.67,628.21,554.37,22.57,2667.55,3000.0,332.45,11.95,97.86,48,2000,0.95,calculated,73.4,70.5,57.75,88.5,30.75,17.0,150.0,2.3,2.0,46,2,95.83,1.17,1.0,23,25,47.92,0.3636,36.36,44,4,91.67,0.8636,86.36,44,4,91.67,40.87,62.7,84.13,60.42,medium,La estimación presenta una estabilidad intermedia en comparación con el resto de barrios.,residential_sale,asking_price,unknown,2985.52,3055.18,2976.81,56.48,60.6,55.81,100,102.33,99.71,True,True,True,2025,EUR_per_m2,mean_declared_transaction_price,residential_sales,Ayuntamiento de Madrid,Colegio de Registradores de España,504020100060,15,97.7,True,True,60.42,medium,2985.52,registered_transactions_2025,official_price_and_kaggle_features,202.4699999999998,7.275111837731978,1.0727511183773195,DEST_001,Palomeras Bajas,Puente de Vallecas,Puerta del Sol,2026-07-29,success,success,2026-07-29T07:57:00+02:00,2026-07-29T08:59:53+02:00,BUS,10,Información oficial: Consorcio Regional de Transportes de Madrid,62.88333333333333,23.85,8.0,1730.74,0.0,2026-07-29T18:00:00+02:00,2026-07-29T19:01:02+02:00,BUS,10,Información oficial: Consorcio Regional de Transportes de Madrid,61.03333333333333,20.966666666666665,9.0,1539.86,0.0,123.91666666666666,44.81666666666666,17.0,0.0,0,complete_route,True,,True,usable
MAD-133,Palomeras Bajas,Puente de Vallecas,True,True,available,61,48,13,78.69,21.31,0.43,48,205289.58,202500.0,163500.0,252750.0,89250.0,73000.0,475000.0,2866.76,2783.05,2538.46,3166.67,628.21,554.37,22.57,2667.55,3000.0,332.45,11.95,97.86,48,2000,0.95,calculated,73.4,70.5,57.75,88.5,30.75,17.0,150.0,2.3,2.0,46,2,95.83,1.17,1.0,23,25,47.92,0.3636,36.36,44,4,91.67,0.8636,86.36,44,4,91.67,40.87,62.7,84.13,60.42,medium,La estimación presenta una estabilidad intermedia en comparación con el resto de barrios.,residential_sale,asking_price,unknown,2985.52,3055.18,2976.81,56.48,60.6,55.81,100,102.33,99.71,True,True,True,2025,EUR_per_m2,mean_declared_transaction_price,residential_sales,Ayuntamiento de Madrid,Colegio de Registradores de España,504020100060,15,97.7,True,True,60.42,medium,2985.52,registered_transactions_2025,official_price_and_kaggle_features,202.4699999999998,7.275111837731978,1.0727511183773195,DEST_002,Palomeras Bajas,Puente de Vallecas,Nuevos Ministerios,2026-07-29,success,success,2026-07-29T07:34:00+02:00,2026-07-29T08:59:40+02:00,BUS,10|C2,Información oficial: Consorcio Regional de Transportes de Madrid,85.66666666666667,12.883333333333333,16.0,924.51,1.0,2026-07-29T18:00:00+02:00,2026-07-29T19:21:20+02:00,BUS,27|10,Información oficial: Consorcio Regional de Transportes de Madrid,81.33333333333333,10.683333333333334,18.0,774.1400000000001,1.0,167.0,23.566666666666663,34.0,2.0,0,complete_route,True,,True,usable
MAD-133,Palomeras Bajas,Puente de Vallecas,True,True,available,61,48,13,78.69,21.31,0.43,48,205289.58,202500.0,163500.0,252750.0,89250.0,73000.0,475000.0,2866.76,2783.05,2538.46,3166.67,628.21,554.37,22.57,2667.55,3000.0,332.45,11.95,97.86,48,2000,0.95,calculated,73.4,70.5,57.75,88.5,30.75,17.0,150.0,2.3,2.0,46,2,95.83,1.17,1.0,23,25,47.92,0.3636,36.36,44,4,91.67,0.8636,86.36,44,4,91.67,40.87,62.7,84.13,60.42,medium,La estimación presenta una estabilidad intermedia en comparación con el resto de barrios.,residential_sale,asking_price,unknown,2985.52,3055.18,2976.81,56.48,60.6,55.81,100,102.33,99.71,True,True,True,2025,EUR_per_m2,mean_declared_transaction_price,residential_sales,Ayuntamiento de Madrid,Colegio de Registradores de España,504020100060,15,97.7,True,True,60.42,medium,2985.52,registered_transactions_2025,official_price_and_kaggle_features,202.4699999999998,7.275111837731978,1.0727511183773195,DEST_003,Palomeras Bajas,Puente de Vallecas,UC3M Campus de Leganés,2026-07-29,success,success,2026-07-29T07:07:00+02:00,2026-07-29T08:56:51+02:00,BUS,10|E1|482,Información oficial: Consorcio Regional de Transportes de Madrid|Consorcio Regional de Transportes de Madrid,109.85,14.45,22.116666666666667,1016.01,2.0,2026-07-29T18:04:55+02:00,2026-07-29T19:39:09+02:00,BUS,485|432|423,Consorcio Regional de Transportes de Madrid,94.23333333333332,35.583333333333336,14.866666666666667,2593.23,2.0,204.0833333333333,50.03333333333333,36.98333333333333,4.0,0,complete_route,True,,True,usable
MAD-134,Palomeras Sureste,Puente de Vallecas,True,True,available,61,48,13,78.69,21.31,0.43,48,256093.75,236500.0,174125.0,319000.0,144875.0,75000.0,550000.0,2984.7,2884.39,2631.13,3268.15,637.02,672.52,22.09,2733.33,3090.91,357.58,12.4,110.34,48,2000,0.95,calculated,84.71,84.5,63.0,105.25,42.25,34.0,158.0,2.52,3.0,48,0,100.0,1.58,2.0,19,29,39.58,0.5957,59.57,47,1,97.92,0.9756,97.56,41,7,85.42,40.87,57.94,86.51,59.11,medium,La estimación presenta una estabilidad intermedia en comparación con el resto de barrios.,residential_sale,asking_price,unknown,2701.36,2664.74,2703.43,51.11,52.86,50.69,100,98.64,100.08,True,True,True,2025,EUR_per_m2,mean_declared_transaction_price,residential_sales,Ayuntamiento de Madrid,Colegio de Registradores de España,504020100060,15,97.7,True,True,59.11,medium,2701.36,registered_transactions_2025,official_price_and_kaggle_features,-183.02999999999972,-6.345535797863665,0.9365446420213632,DEST_001,Palomeras Sureste,Puente de Vallecas,Puerta del Sol,2026-07-29,success,success,2026-07-29T07:45:00+02:00,2026-07-29T08:59:28+02:00,BUS,10,Información oficial: Consorcio Regional de Transportes de Madrid,74.46666666666667,26.48333333333333,8.0,1957.93,0.0,2026-07-29T18:00:00+02:00,2026-07-29T19:13:27+02:00,BUS,10,Información oficial: Consorcio Regional de Transportes de Madrid,73.45,24.6,9.0,1842.06,0.0,147.91666666666669,51.08333333333333,17.0,0.0,0,complete_route,True,,True,usable
MAD-134,Palomeras Sureste,Puente de Vallecas,True,True,available,61,48,13,78.69,21.31,0.43,48,256093.75,236500.0,174125.0,319000.0,144875.0,75000.0,550000.0,2984.7,2884.39,2631.13,3268.15,637.02,672.52,22.09,2733.33,3090.91,357.58,12.4,110.34,48,2000,0.95,calculated,84.71,84.5,63.0,105.25,42.25,34.0,158.0,2.52,3.0,48,0,100.0,1.58,2.0,19,29,39.58,0.5957,59.57,47,1,97.92,0.9756,97.56,41,7,85.42,40.87,57.94,86.51,59.11,medium,La estimación presenta una estabilidad intermedia en comparación con el resto de barrios.,residential_sale,asking_price,unknown,2701.36,2664.74,2703.43,51.11,52.86,50.69,100,98.64,100.08,True,True,True,2025,EUR_per_m2,mean_declared_transaction_price,residential_sales,Ayuntamiento de Madrid,Colegio de Registradores de España,504020100060,15,97.7,True,True,59.11,medium,2701.36,registered_transactions_2025,official_price_and_kaggle_features,-183.02999999999972,-6.345535797863665,0.9365446420213632,DEST_002,Palomeras Sureste,Puente de Vallecas,Nuevos Ministerios,2026-07-29,success,success,2026-07-29T07:36:00+02:00,2026-07-29T08:59:34+02:00,BUS,143|C2,Información oficial: Consorcio Regional de Transportes de Madrid,83.56666666666666,4.55,17.0,321.26,1.0,2026-07-29T18:00:00+02:00,2026-07-29T19:20:40+02:00,BUS,C1|143,Información oficial: Consorcio Regional de Transportes de Madrid,80.66666666666667,5.366666666666666,19.0,371.76,1.0,164.23333333333335,9.916666666666666,36.0,2.0,0,complete_route,True,,True,usable
MAD-134,Palomeras Sureste,Puente de Vallecas,True,True,available,61,48,13,78.69,21.31,0.43,48,256093.75,236500.0,174125.0,319000.0,144875.0,75000.0,550000.0,2984.7,2884.39,2631.13,3268.15,637.02,672.52,22.09,2733.33,3090.91,357.58,12.4,110.34,48,2000,0.95,calculated,84.71,84.5,63.0,105.25,42.25,34.0,158.0,2.52,3.0,48,0,100.0,1.58,2.0,19,29,39.58,0.5957,59.57,47,1,97.92,0.9756,97.56,41,7,85.42,40.87,57.94,86.51,59.11,medium,La estimación presenta una estabilidad intermedia en comparación con el resto de barrios.,residential_sale,asking_price,unknown,2701.36,2664.74,2703.43,51.11,52.86,50.69,100,98.64,100.08,True,True,True,2025,EUR_per_m2,mean_declared_transaction_price,residential_sales,Ayuntamiento de Madrid,Colegio de Registradores de España,504020100060,15,97.7,True,True,59.11,medium,2701.36,registered_transactions_2025,official_price_and_kaggle_features,-183.02999999999972,-6.345535797863665,0.9365446420213632,DEST_003,Palomeras Sureste,Puente de Vallecas,UC3M Campus de Leganés,2026-07-29,success,success,2026-07-29T07:00:14+02:00,2026-07-29T08:56:51+02:00,BUS,352|102|E1|482,Consorcio Regional de Transportes de Madrid|Información oficial: Consorcio Regional de Transportes de Madrid,116.61666666666666,31.85,23.433333333333334,2259.12,3.0,2026-07-29T18:04:55+02:00,2026-07-29T19:46:35+02:00,BUS,485|432|423|331,Consorcio Regional de Transportes de Madrid,101.66666666666669,27.816666666666663,18.066666666666663,2073.56,3.0,218.28333333333336,59.66666666666666,41.5,6.0,0,complete_route,True,,True,usable
MAD-135,Portazgo,Puente de Vallecas,True,True,available,28,23,5,82.14,17.86,0.21,23,229042.3,215000.0,181000.0,274450.0,93450.0,119073.0,355000.0,2850.47,2847.62,2457.11,3155.54,698.43,588.75,24.53,2509.62,3140.35,630.74,22.15,107.26,23,2000,0.95,calculated,82.61,76.0,61.0,100.5,39.5,50.0,143.0,2.74,3.0,23,0,100.0,1.25,1.0,12,11,52.17,0.4348,43.48,23,0,100.0,0.913,91.3,23,0,100.0,17.46,19.84,80.16,34.09,low,La estimación debe interpretarse con precaución por el tamaño de la muestra o la variabilidad de los precios.,residential_sale,asking_price,unknown,2703.76,2621.25,2720.65,51.15,51.99,51.01,100,96.95,100.62,True,True,True,2025,EUR_per_m2,mean_declared_transaction_price,residential_sales,Ayuntamiento de Madrid,Colegio de Registradores de España,504020100060,15,97.7,True,True,34.09,low,2703.76,registered_transactions_2025,official_price_and_kaggle_features,-143.85999999999967,-5.051938109719685,0.9494806189028032,DEST_001,Portazgo,Puente de Vallecas,Puerta del Sol,2026-07-29,success,success,2026-07-29T07:55:00+02:00,2026-07-29T09:00:00+02:00,BUS,10,Información oficial: Consorcio Regional de Transportes de Madrid,65.0,22.58333333333333,8.0,1638.9499999999998,0.0,2026-07-29T18:00:00+02:00,2026-07-29T19:04:42+02:00,BUS,10,Información oficial: Consorcio Regional de Transportes de Madrid,64.7,19.8,9.0,1469.46,0.0,129.7,42.383333333333326,17.0,0.0,0,complete_route,True,,True,usable
MAD-135,Portazgo,Puente de Vallecas,True,True,available,28,23,5,82.14,17.86,0.21,23,229042.3,215000.0,181000.0,274450.0,93450.0,119073.0,355000.0,2850.47,2847.62,2457.11,3155.54,698.43,588.75,24.53,2509.62,3140.35,630.74,22.15,107.26,23,2000,0.95,calculated,82.61,76.0,61.0,100.5,39.5,50.0,143.0,2.74,3.0,23,0,100.0,1.25,1.0,12,11,52.17,0.4348,43.48,23,0,100.0,0.913,91.3,23,0,100.0,17.46,19.84,80.16,34.09,low,La estimación debe interpretarse con precaución por el tamaño de la muestra o la variabilidad de los precios.,residential_sale,asking_price,unknown,2703.76,2621.25,2720.65,51.15,51.99,51.01,100,96.95,100.62,True,True,True,2025,EUR_per_m2,mean_declared_transaction_price,residential_sales,Ayuntamiento de Madrid,Colegio de Registradores de España,504020100060,15,97.7,True,True,34.09,low,2703.76,registered_transactions_2025,official_price_and_kaggle_features,-143.85999999999967,-5.051938109719685,0.9494806189028032,DEST_002,Portazgo,Puente de Vallecas,Nuevos Ministerios,2026-07-29,success,success,2026-07-29T07:42:00+02:00,2026-07-29T08:59:34+02:00,BUS,143|C2,Información oficial: Consorcio Regional de Transportes de Madrid,77.56666666666666,6.016666666666667,17.0,419.77,1.0,2026-07-29T18:00:00+02:00,2026-07-29T19:16:16+02:00,BUS,C1|143,Información oficial: Consorcio Regional de Transportes de Madrid,76.26666666666667,5.083333333333333,19.0,353.08000000000004,1.0,153.83333333333331,11.1,36.0,2.0,0,complete_route,True,,True,usable
MAD-135,Portazgo,Puente de Vallecas,True,True,available,28,23,5,82.14,17.86,0.21,23,229042.3,215000.0,181000.0,274450.0,93450.0,119073.0,355000.0,2850.47,2847.62,2457.11,3155.54,698.43,588.75,24.53,2509.62,3140.35,630.74,22.15,107.26,23,2000,0.95,calculated,82.61,76.0,61.0,100.5,39.5,50.0,143.0,2.74,3.0,23,0,100.0,1.25,1.0,12,11,52.17,0.4348,43.48,23,0,100.0,0.913,91.3,23,0,100.0,17.46,19.84,80.16,34.09,low,La estimación debe interpretarse con precaución por el tamaño de la muestra o la variabilidad de los precios.,residential_sale,asking_price,unknown,2703.76,2621.25,2720.65,51.15,51.99,51.01,100,96.95,100.62,True,True,True,2025,EUR_per_m2,mean_declared_transaction_price,residential_sales,Ayuntamiento de Madrid,Colegio de Registradores de España,504020100060,15,97.7,True,True,34.09,low,2703.76,registered_transactions_2025,official_price_and_kaggle_features,-143.85999999999967,-5.051938109719685,0.9494806189028032,DEST_003,Portazgo,Puente de Vallecas,UC3M Campus de Leganés,2026-07-29,success,success,2026-07-29T07:07:35+02:00,2026-07-29T08:56:51+02:00,BUS,352|102|E1|482,Consorcio Regional de Transportes de Madrid|Información oficial: Consorcio Regional de Transportes de Madrid,109.26666666666668,24.5,23.433333333333334,1630.58,3.0,2026-07-29T18:04:55+02:00,2026-07-29T19:39:36+02:00,BUS,485|432|423|331,Consorcio Regional de Transportes de Madrid,94.68333333333334,22.83333333333333,18.066666666666663,1630.52,3.0,203.95,47.33333333333333,41.5,6.0,0,complete_route,True,,True,usable
MAD-136,Numancia,Puente de Vallecas,True,True,available,126,106,20,84.13,15.87,0.95,106,208066.77,189500.0,146000.0,263750.0,117750.0,50000.0,600000.0,3189.85,3240.78,2628.67,3679.73,1051.06,835.96,32.43,2973.68,3400.0,426.32,13.15,99.62,106,2000,0.95,calculated,67.02,61.5,46.25,81.75,35.5,18.0,159.0,2.18,2.0,101,5,95.28,1.32,1.0,31,75,29.25,0.4563,45.63,103,3,97.17,0.8588,85.88,85,21,80.19,79.37,55.56,43.65,60.91,medium,La estimación presenta una estabilidad intermedia en comparación con el resto de barrios.,residential_sale,asking_price,unknown,3239.46,3122.09,3257.48,61.29,61.93,61.07,100,96.38,100.56,True,True,True,2025,EUR_per_m2,mean_declared_transaction_price,residential_sales,Ayuntamiento de Madrid,Colegio de Registradores de España,504020100060,15,97.7,True,True,60.91,medium,3239.46,registered_transactions_2025,official_price_and_kaggle_features,-1.3200000000001637,-0.0407309351452478,0.9995926906485476,DEST_001,Numancia,Puente de Vallecas,Puerta del Sol,2026-07-29,success,success,2026-07-29T08:01:00+02:00,2026-07-29T08:59:50+02:00,BUS,10,Información oficial: Consorcio Regional de Transportes de Madrid,58.833333333333336,26.78333333333333,8.0,1958.02,0.0,2026-07-29T18:00:00+02:00,2026-07-29T18:59:20+02:00,BUS,37,Información oficial: Consorcio Regional de Transportes de Madrid,59.333333333333336,27.966666666666665,11.0,2060.88,0.0,118.16666666666669,54.75,19.0,0.0,0,complete_route,True,,True,usable
MAD-136,Numancia,Puente de Vallecas,True,True,available,126,106,20,84.13,15.87,0.95,106,208066.77,189500.0,146000.0,263750.0,117750.0,50000.0,600000.0,3189.85,3240.78,2628.67,3679.73,1051.06,835.96,32.43,2973.68,3400.0,426.32,13.15,99.62,106,2000,0.95,calculated,67.02,61.5,46.25,81.75,35.5,18.0,159.0,2.18,2.0,101,5,95.28,1.32,1.0,31,75,29.25,0.4563,45.63,103,3,97.17,0.8588,85.88,85,21,80.19,79.37,55.56,43.65,60.91,medium,La estimación presenta una estabilidad intermedia en comparación con el resto de barrios.,residential_sale,asking_price,unknown,3239.46,3122.09,3257.48,61.29,61.93,61.07,100,96.38,100.56,True,True,True,2025,EUR_per_m2,mean_declared_transaction_price,residential_sales,Ayuntamiento de Madrid,Colegio de Registradores de España,504020100060,15,97.7,True,True,60.91,medium,3239.46,registered_transactions_2025,official_price_and_kaggle_features,-1.3200000000001637,-0.0407309351452478,0.9995926906485476,DEST_002,Numancia,Puente de Vallecas,Nuevos Ministerios,2026-07-29,success,success,2026-07-29T07:44:00+02:00,2026-07-29T08:52:32+02:00,BUS,56|C2,Información oficial: Consorcio Regional de Transportes de Madrid,68.53333333333333,6.55,15.0,454.93,1.0,2026-07-29T18:00:00+02:00,2026-07-29T19:11:40+02:00,BUS,C1|143,Información oficial: Consorcio Regional de Transportes de Madrid,71.66666666666667,13.266666666666667,19.0,963.39,1.0,140.2,19.816666666666663,34.0,2.0,0,complete_route,True,,True,usable
MAD-136,Numancia,Puente de Vallecas,True,True,available,126,106,20,84.13,15.87,0.95,106,208066.77,189500.0,146000.0,263750.0,117750.0,50000.0,600000.0,3189.85,3240.78,2628.67,3679.73,1051.06,835.96,32.43,2973.68,3400.0,426.32,13.15,99.62,106,2000,0.95,calculated,67.02,61.5,46.25,81.75,35.5,18.0,159.0,2.18,2.0,101,5,95.28,1.32,1.0,31,75,29.25,0.4563,45.63,103,3,97.17,0.8588,85.88,85,21,80.19,79.37,55.56,43.65,60.91,medium,La estimación presenta una estabilidad intermedia en comparación con el resto de barrios.,residential_sale,asking_price,unknown,3239.46,3122.09,3257.48,61.29,61.93,61.07,100,96.38,100.56,True,True,True,2025,EUR_per_m2,mean_declared_transaction_price,residential_sales,Ayuntamiento de Madrid,Colegio de Registradores de España,504020100060,15,97.7,True,True,60.91,medium,3239.46,registered_transactions_2025,official_price_and_kaggle_features,-1.3200000000001637,-0.0407309351452478,0.9995926906485476,DEST_003,Numancia,Puente de Vallecas,UC3M Campus de Leganés,2026-07-29,success,success,2026-07-29T07:11:00+02:00,2026-07-29T08:56:51+02:00,BUS,10|E1|482,Información oficial: Consorcio Regional de Transportes de Madrid|Consorcio Regional de Transportes de Madrid,105.85,17.383333333333333,22.166666666666668,1243.29,2.0,2026-07-29T18:04:55+02:00,2026-07-29T19:37:37+02:00,BUS,485|432|423,Consorcio Regional de Transportes de Madrid,92.7,34.05,14.866666666666667,2498.9,2.0,198.55,51.43333333333333,37.03333333333333,4.0,0,complete_route,True,,True,usable
MAD-141,Pavones,Moratalaz,True,True,available,5,4,1,80.0,20.0,0.04,4,331000.0,294500.0,265000.0,360500.0,95500.0,250000.0,485000.0,3712.77,3709.27,3495.19,3926.85,431.65,264.63,11.64,,,,,,4,2000,0.95,insufficient_sample,90.75,80.0,67.5,103.25,35.75,63.0,140.0,2.75,3.0,4,0,100.0,1.0,1.0,2,2,50.0,0.5,50.0,4,0,100.0,1.0,100.0,4,0,100.0,,,,,insufficient_sample,No se calcula una fiabilidad completa porque hay menos de cinco anuncios.,residential_sale,asking_price,unknown,3721.75,,3775.66,70.41,,70.79,100,,101.45,True,False,True,2025,EUR_per_m2,mean_declared_transaction_price,residential_sales,Ayuntamiento de Madrid,Colegio de Registradores de España,504020100060,15,97.7,True,True,,insufficient_sample,3721.75,registered_transactions_2025,official_price_and_kaggle_features,12.480000000000018,0.3364543427682541,1.0033645434276826,DEST_001,Pavones,Moratalaz,Puerta del Sol,2026-07-29,success,success,2026-07-29T07:55:00+02:00,2026-07-29T08:59:31+02:00,BUS,20,Información oficial: Consorcio Regional de Transportes de Madrid,64.51666666666667,9.35,7.0,663.79,0.0,2026-07-29T18:00:00+02:00,2026-07-29T19:09:06+02:00,BUS,20,Información oficial: Consorcio Regional de Transportes de Madrid,69.1,10.5,9.0,780.96,0.0,133.61666666666667,19.85,16.0,0.0,0,complete_route,True,,True,usable
MAD-141,Pavones,Moratalaz,True,True,available,5,4,1,80.0,20.0,0.04,4,331000.0,294500.0,265000.0,360500.0,95500.0,250000.0,485000.0,3712.77,3709.27,3495.19,3926.85,431.65,264.63,11.64,,,,,,4,2000,0.95,insufficient_sample,90.75,80.0,67.5,103.25,35.75,63.0,140.0,2.75,3.0,4,0,100.0,1.0,1.0,2,2,50.0,0.5,50.0,4,0,100.0,1.0,100.0,4,0,100.0,,,,,insufficient_sample,No se calcula una fiabilidad completa porque hay menos de cinco anuncios.,residential_sale,asking_price,unknown,3721.75,,3775.66,70.41,,70.79,100,,101.45,True,False,True,2025,EUR_per_m2,mean_declared_transaction_price,residential_sales,Ayuntamiento de Madrid,Colegio de Registradores de España,504020100060,15,97.7,True,True,,insufficient_sample,3721.75,registered_transactions_2025,official_price_and_kaggle_features,12.480000000000018,0.3364543427682541,1.0033645434276826,DEST_002,Pavones,Moratalaz,Nuevos Ministerios,2026-07-29,success,success,2026-07-29T07:46:00+02:00,2026-07-29T08:59:11+02:00,BUS,E4|C2,Información oficial: Consorcio Regional de Transportes de Madrid,73.18333333333334,9.216666666666669,15.0,672.35,1.0,2026-07-29T18:00:00+02:00,2026-07-29T19:09:17+02:00,BUS,C1|E4,Información oficial: Consorcio Regional de Transportes de Madrid,69.28333333333333,14.733333333333333,16.0,1038.86,1.0,142.46666666666667,23.950000000000003,31.0,2.0,0,complete_route,True,,True,usable
MAD-141,Pavones,Moratalaz,True,True,available,5,4,1,80.0,20.0,0.04,4,331000.0,294500.0,265000.0,360500.0,95500.0,250000.0,485000.0,3712.77,3709.27,3495.19,3926.85,431.65,264.63,11.64,,,,,,4,2000,0.95,insufficient_sample,90.75,80.0,67.5,103.25,35.75,63.0,140.0,2.75,3.0,4,0,100.0,1.0,1.0,2,2,50.0,0.5,50.0,4,0,100.0,1.0,100.0,4,0,100.0,,,,,insufficient_sample,No se calcula una fiabilidad completa porque hay menos de cinco anuncios.,residential_sale,asking_price,unknown,3721.75,,3775.66,70.41,,70.79,100,,101.45,True,False,True,2025,EUR_per_m2,mean_declared_transaction_price,residential_sales,Ayuntamiento de Madrid,Colegio de Registradores de España,504020100060,15,97.7,True,True,,insufficient_sample,3721.75,registered_transactions_2025,official_price_and_kaggle_features,12.480000000000018,0.3364543427682541,1.0033645434276826,DEST_003,Pavones,Moratalaz,UC3M Campus de Leganés,2026-07-29,success,success,2026-07-29T07:09:10+02:00,2026-07-29T08:56:51+02:00,BUS,352|102|E1|482,Consorcio Regional de Transportes de Madrid|Información oficial: Consorcio Regional de Transportes de Madrid,107.68333333333334,22.916666666666668,23.433333333333334,1542.15,3.0,2026-07-29T18:04:55+02:00,2026-07-29T19:39:47+02:00,BUS,485|432|423|331,Consorcio Regional de Transportes de Madrid,94.86666666666666,23.016666666666666,18.066666666666663,1665.38,3.0,202.55,45.93333333333334,41.5,6.0,0,complete_route,True,,True,usable
MAD-142,Horcajo,Moratalaz,True,True,available,2,2,0,100.0,0.0,0.02,2,575000.0,575000.0,517500.0,632500.0,115000.0,460000.0,690000.0,3747.77,3747.77,3505.09,3990.45,485.36,686.4,12.95,,,,,,2,2000,0.95,insufficient_sample,152.0,152.0,146.5,157.5,11.0,141.0,163.0,3.5,3.5,2,0,100.0,2.0,2.0,1,1,50.0,1.0,100.0,2,0,100.0,1.0,100.0,2,0,100.0,,,,,insufficient_sample,No se calcula una fiabilidad completa porque hay menos de cinco anuncios.,residential_sale,asking_price,unknown,4736.6,,4770.22,89.61,,89.44,100,,1.69,True,False,True,2025,EUR_per_m2,mean_declared_transaction_price,residential_sales,Ayuntamiento de Madrid,Colegio de Registradores de España,504020100060,15,97.7,True,True,,insufficient_sample,4736.6,registered_transactions_2025,official_price_and_kaggle_features,988.8300000000004,26.38448997670616,1.2638448997670615,DEST_001,Horcajo,Moratalaz,Puerta del Sol,2026-07-29,success,success,2026-07-29T07:53:00+02:00,2026-07-29T08:59:14+02:00,BUS,E4|20,Información oficial: Consorcio Regional de Transportes de Madrid,66.23333333333333,19.466666666666665,16.0,1393.14,1.0,2026-07-29T18:00:00+02:00,2026-07-29T19:05:14+02:00,BUS,146|E4,Información oficial: Consorcio Regional de Transportes de Madrid,65.23333333333333,14.983333333333333,19.0,1064.03,1.0,131.46666666666667,34.45,35.0,2.0,0,complete_route,True,,True,usable
MAD-142,Horcajo,Moratalaz,True,True,available,2,2,0,100.0,0.0,0.02,2,575000.0,575000.0,517500.0,632500.0,115000.0,460000.0,690000.0,3747.77,3747.77,3505.09,3990.45,485.36,686.4,12.95,,,,,,2,2000,0.95,insufficient_sample,152.0,152.0,146.5,157.5,11.0,141.0,163.0,3.5,3.5,2,0,100.0,2.0,2.0,1,1,50.0,1.0,100.0,2,0,100.0,1.0,100.0,2,0,100.0,,,,,insufficient_sample,No se calcula una fiabilidad completa porque hay menos de cinco anuncios.,residential_sale,asking_price,unknown,4736.6,,4770.22,89.61,,89.44,100,,1.69,True,False,True,2025,EUR_per_m2,mean_declared_transaction_price,residential_sales,Ayuntamiento de Madrid,Colegio de Registradores de España,504020100060,15,97.7,True,True,,insufficient_sample,4736.6,registered_transactions_2025,official_price_and_kaggle_features,988.8300000000004,26.38448997670616,1.2638448997670615,DEST_002,Horcajo,Moratalaz,Nuevos Ministerios,2026-07-29,success,success,2026-07-29T07:48:00+02:00,2026-07-29T08:52:43+02:00,BUS,E4|C2,Información oficial: Consorcio Regional de Transportes de Madrid,64.71666666666667,10.7,14.0,796.86,1.0,2026-07-29T18:00:00+02:00,2026-07-29T19:05:31+02:00,BUS,C1|E4,Información oficial: Consorcio Regional de Transportes de Madrid,65.51666666666667,15.116666666666667,16.0,1044.8200000000002,1.0,130.23333333333335,25.816666666666663,30.0,2.0,0,complete_route,True,,True,usable
MAD-142,Horcajo,Moratalaz,True,True,available,2,2,0,100.0,0.0,0.02,2,575000.0,575000.0,517500.0,632500.0,115000.0,460000.0,690000.0,3747.77,3747.77,3505.09,3990.45,485.36,686.4,12.95,,,,,,2,2000,0.95,insufficient_sample,152.0,152.0,146.5,157.5,11.0,141.0,163.0,3.5,3.5,2,0,100.0,2.0,2.0,1,1,50.0,1.0,100.0,2,0,100.0,1.0,100.0,2,0,100.0,,,,,insufficient_sample,No se calcula una fiabilidad completa porque hay menos de cinco anuncios.,residential_sale,asking_price,unknown,4736.6,,4770.22,89.61,,89.44,100,,1.69,True,False,True,2025,EUR_per_m2,mean_declared_transaction_price,residential_sales,Ayuntamiento de Madrid,Colegio de Registradores de España,504020100060,15,97.7,True,True,,insufficient_sample,4736.6,registered_transactions_2025,official_price_and_kaggle_features,988.8300000000004,26.38448997670616,1.2638448997670615,DEST_003,Horcajo,Moratalaz,UC3M Campus de Leganés,2026-07-29,success,success,2026-07-29T06:53:00+02:00,2026-07-29T08:56:51+02:00,BUS,E4|C1|E1|482,Información oficial: Consorcio Regional de Transportes de Madrid|Consorcio Regional de Transportes de Madrid,123.85,12.583333333333334,32.31666666666667,830.5000000000001,3.0,2026-07-29T18:04:55+02:00,2026-07-29T19:57:21+02:00,BUS,485|432|423|331,Consorcio Regional de Transportes de Madrid,112.43333333333334,40.583333333333336,18.066666666666663,2997.15,3.0,236.28333333333333,53.16666666666667,50.38333333333333,6.0,0,complete_route,True,,True,usable
MAD-143,Marroquina,Moratalaz,True,True,available,23,18,5,78.26,21.74,0.16,18,343138.89,359500.0,238750.0,418250.0,179500.0,135000.0,585000.0,4055.64,4199.44,3630.36,4472.91,842.55,569.91,20.06,3634.35,4470.59,836.23,19.91,235.43,18,2000,0.95,calculated,85.17,90.5,58.75,94.75,36.0,30.0,137.0,2.76,3.0,17,1,94.44,1.57,2.0,7,11,38.89,0.9412,94.12,17,1,94.44,1.0,100.0,17,1,94.44,9.92,26.59,91.27,36.92,low,La estimación debe interpretarse con precaución por el tamaño de la muestra o la variabilidad de los precios.,residential_sale,asking_price,unknown,4301.17,,4304.77,81.37,,80.71,100,,100.08,True,False,True,2025,EUR_per_m2,mean_declared_transaction_price,residential_sales,Ayuntamiento de Madrid,Colegio de Registradores de España,504020100060,15,97.7,True,True,36.92,low,4301.17,registered_transactions_2025,official_price_and_kaggle_features,101.73000000000047,2.422465852589881,1.0242246585258987,DEST_001,Marroquina,Moratalaz,Puerta del Sol,2026-07-29,success,success,2026-07-29T08:02:00+02:00,2026-07-29T08:59:23+02:00,BUS,32,Información oficial: Consorcio Regional de Transportes de Madrid,57.38333333333333,8.683333333333334,9.0,610.65,0.0,2026-07-29T18:00:00+02:00,2026-07-29T19:05:24+02:00,BUS,20,Información oficial: Consorcio Regional de Transportes de Madrid,65.4,24.85,9.0,1850.23,0.0,122.78333333333332,33.53333333333333,18.0,0.0,0,complete_route,True,,True,usable
MAD-143,Marroquina,Moratalaz,True,True,available,23,18,5,78.26,21.74,0.16,18,343138.89,359500.0,238750.0,418250.0,179500.0,135000.0,585000.0,4055.64,4199.44,3630.36,4472.91,842.55,569.91,20.06,3634.35,4470.59,836.23,19.91,235.43,18,2000,0.95,calculated,85.17,90.5,58.75,94.75,36.0,30.0,137.0,2.76,3.0,17,1,94.44,1.57,2.0,7,11,38.89,0.9412,94.12,17,1,94.44,1.0,100.0,17,1,94.44,9.92,26.59,91.27,36.92,low,La estimación debe interpretarse con precaución por el tamaño de la muestra o la variabilidad de los precios.,residential_sale,asking_price,unknown,4301.17,,4304.77,81.37,,80.71,100,,100.08,True,False,True,2025,EUR_per_m2,mean_declared_transaction_price,residential_sales,Ayuntamiento de Madrid,Colegio de Registradores de España,504020100060,15,97.7,True,True,36.92,low,4301.17,registered_transactions_2025,official_price_and_kaggle_features,101.73000000000047,2.422465852589881,1.0242246585258987,DEST_002,Marroquina,Moratalaz,Nuevos Ministerios,2026-07-29,success,success,2026-07-29T07:43:00+02:00,2026-07-29T08:59:59+02:00,BUS,71|C2,Información oficial: Consorcio Regional de Transportes de Madrid,76.98333333333333,8.616666666666667,21.0,627.86,1.0,2026-07-29T18:00:00+02:00,2026-07-29T19:11:26+02:00,BUS,C1|30,Información oficial: Consorcio Regional de Transportes de Madrid,71.43333333333334,6.85,16.0,439.34,1.0,148.41666666666669,15.466666666666669,37.0,2.0,0,complete_route,True,,True,usable
MAD-143,Marroquina,Moratalaz,True,True,available,23,18,5,78.26,21.74,0.16,18,343138.89,359500.0,238750.0,418250.0,179500.0,135000.0,585000.0,4055.64,4199.44,3630.36,4472.91,842.55,569.91,20.06,3634.35,4470.59,836.23,19.91,235.43,18,2000,0.95,calculated,85.17,90.5,58.75,94.75,36.0,30.0,137.0,2.76,3.0,17,1,94.44,1.57,2.0,7,11,38.89,0.9412,94.12,17,1,94.44,1.0,100.0,17,1,94.44,9.92,26.59,91.27,36.92,low,La estimación debe interpretarse con precaución por el tamaño de la muestra o la variabilidad de los precios.,residential_sale,asking_price,unknown,4301.17,,4304.77,81.37,,80.71,100,,100.08,True,False,True,2025,EUR_per_m2,mean_declared_transaction_price,residential_sales,Ayuntamiento de Madrid,Colegio de Registradores de España,504020100060,15,97.7,True,True,36.92,low,4301.17,registered_transactions_2025,official_price_and_kaggle_features,101.73000000000047,2.422465852589881,1.0242246585258987,DEST_003,Marroquina,Moratalaz,UC3M Campus de Leganés,2026-07-29,success,success,2026-07-29T07:09:00+02:00,2026-07-29T08:56:51+02:00,BUS,32|E1|482,Información oficial: Consorcio Regional de Transportes de Madrid|Consorcio Regional de Transportes de Madrid,107.85,7.416666666666667,24.766666666666666,471.27,2.0,2026-07-29T18:04:55+02:00,2026-07-29T19:46:29+02:00,BUS,485|432|423|331,Consorcio Regional de Transportes de Madrid,101.56666666666666,32.71666666666667,18.066666666666663,2414.25,3.0,209.41666666666663,40.13333333333333,42.83333333333333,5.0,0,complete_route,True,,True,usable
MAD-144,Media Legua,Moratalaz,True,True,available,19,18,1,94.74,5.26,0.16,18,385277.72,289500.0,261625.0,448625.0,187000.0,170000.0,1350000.0,3687.23,3886.39,2936.95,4550.07,1613.12,1040.24,41.51,3030.76,4485.98,1455.22,37.44,417.19,18,2000,0.95,calculated,104.17,98.5,80.5,107.75,27.25,51.0,270.0,3.0,3.0,18,0,100.0,1.8,2.0,5,13,27.78,0.8824,88.24,17,1,94.44,1.0,100.0,17,1,94.44,9.92,2.38,12.7,7.6,low,La estimación debe interpretarse con precaución por el tamaño de la muestra o la variabilidad de los precios.,residential_sale,asking_price,unknown,3876.72,,3874.56,73.34,,72.64,100,,99.94,True,False,True,2025,EUR_per_m2,mean_declared_transaction_price,residential_sales,Ayuntamiento de Madrid,Colegio de Registradores de España,504020100060,15,97.7,True,True,7.6,low,3876.72,registered_transactions_2025,official_price_and_kaggle_features,-9.670000000000073,-0.2488170255687173,0.9975118297443129,DEST_001,Media Legua,Moratalaz,Puerta del Sol,2026-07-29,success,success,2026-07-29T08:07:00+02:00,2026-07-29T08:50:57+02:00,BUS,20,Información oficial: Consorcio Regional de Transportes de Madrid,43.95,12.083333333333334,9.0,848.5699999999999,0.0,2026-07-29T18:00:00+02:00,2026-07-29T18:46:28+02:00,BUS,20,Información oficial: Consorcio Regional de Transportes de Madrid,46.46666666666667,14.85,9.0,1105.91,0.0,90.41666666666669,26.933333333333334,18.0,0.0,0,complete_route,True,,True,usable
MAD-144,Media Legua,Moratalaz,True,True,available,19,18,1,94.74,5.26,0.16,18,385277.72,289500.0,261625.0,448625.0,187000.0,170000.0,1350000.0,3687.23,3886.39,2936.95,4550.07,1613.12,1040.24,41.51,3030.76,4485.98,1455.22,37.44,417.19,18,2000,0.95,calculated,104.17,98.5,80.5,107.75,27.25,51.0,270.0,3.0,3.0,18,0,100.0,1.8,2.0,5,13,27.78,0.8824,88.24,17,1,94.44,1.0,100.0,17,1,94.44,9.92,2.38,12.7,7.6,low,La estimación debe interpretarse con precaución por el tamaño de la muestra o la variabilidad de los precios.,residential_sale,asking_price,unknown,3876.72,,3874.56,73.34,,72.64,100,,99.94,True,False,True,2025,EUR_per_m2,mean_declared_transaction_price,residential_sales,Ayuntamiento de Madrid,Colegio de Registradores de España,504020100060,15,97.7,True,True,7.6,low,3876.72,registered_transactions_2025,official_price_and_kaggle_features,-9.670000000000073,-0.2488170255687173,0.9975118297443129,DEST_002,Media Legua,Moratalaz,Nuevos Ministerios,2026-07-29,success,success,2026-07-29T07:52:00+02:00,2026-07-29T08:50:53+02:00,BUS,30|C2,Información oficial: Consorcio Regional de Transportes de Madrid,58.88333333333333,7.0,17.0,484.37,1.0,2026-07-29T18:00:00+02:00,2026-07-29T18:57:50+02:00,BUS,C1|30,Información oficial: Consorcio Regional de Transportes de Madrid,57.833333333333336,7.866666666666666,16.0,539.19,1.0,116.71666666666668,14.866666666666667,33.0,2.0,0,complete_route,True,,True,usable
MAD-144,Media Legua,Moratalaz,True,True,available,19,18,1,94.74,5.26,0.16,18,385277.72,289500.0,261625.0,448625.0,187000.0,170000.0,1350000.0,3687.23,3886.39,2936.95,4550.07,1613.12,1040.24,41.51,3030.76,4485.98,1455.22,37.44,417.19,18,2000,0.95,calculated,104.17,98.5,80.5,107.75,27.25,51.0,270.0,3.0,3.0,18,0,100.0,1.8,2.0,5,13,27.78,0.8824,88.24,17,1,94.44,1.0,100.0,17,1,94.44,9.92,2.38,12.7,7.6,low,La estimación debe interpretarse con precaución por el tamaño de la muestra o la variabilidad de los precios.,residential_sale,asking_price,unknown,3876.72,,3874.56,73.34,,72.64,100,,99.94,True,False,True,2025,EUR_per_m2,mean_declared_transaction_price,residential_sales,Ayuntamiento de Madrid,Colegio de Registradores de España,504020100060,15,97.7,True,True,7.6,low,3876.72,registered_transactions_2025,official_price_and_kaggle_features,-9.670000000000073,-0.2488170255687173,0.9975118297443129,DEST_003,Media Legua,Moratalaz,UC3M Campus de Leganés,2026-07-29,success,success,2026-07-29T07:18:00+02:00,2026-07-29T08:56:51+02:00,BUS,32|E1|482,Información oficial: Consorcio Regional de Transportes de Madrid|Consorcio Regional de Transportes de Madrid,98.85,9.533333333333331,24.716666666666665,633.14,2.0,2026-07-29T18:04:55+02:00,2026-07-29T19:44:17+02:00,BUS,485|432|423|113,Consorcio Regional de Transportes de Madrid|Información oficial: Consorcio Regional de Transportes de Madrid,99.36666666666666,11.966666666666669,25.866666666666667,857.1200000000001,3.0,198.21666666666664,21.5,50.58333333333333,5.0,0,complete_route,True,,True,usable
MAD-145,Fontarrón,Moratalaz,True,True,available,25,22,3,88.0,12.0,0.2,22,265495.45,236000.0,221975.0,294250.0,72275.0,130000.0,557000.0,3331.78,3209.2,3049.83,3663.76,613.93,487.05,19.13,3084.88,3578.12,493.25,15.37,123.36,22,2000,0.95,calculated,79.36,74.0,63.0,85.75,22.75,55.0,140.0,2.82,3.0,22,0,100.0,1.75,2.0,4,18,18.18,0.3182,31.82,22,0,100.0,1.0,100.0,21,1,95.45,15.87,44.44,92.86,46.55,low,La estimación debe interpretarse con precaución por el tamaño de la muestra o la variabilidad de los precios.,residential_sale,asking_price,unknown,3770.04,,3769.61,71.33,,70.68,100,,99.99,True,False,True,2025,EUR_per_m2,mean_declared_transaction_price,residential_sales,Ayuntamiento de Madrid,Colegio de Registradores de España,504020100060,15,97.7,True,True,46.55,low,3770.04,registered_transactions_2025,official_price_and_kaggle_features,560.8400000000001,17.476006481366078,1.174760064813661,DEST_001,Fontarrón,Moratalaz,Puerta del Sol,2026-07-29,success,success,2026-07-29T08:02:00+02:00,2026-07-29T08:59:34+02:00,BUS,20,Información oficial: Consorcio Regional de Transportes de Madrid,57.56666666666667,11.75,7.0,833.36,0.0,2026-07-29T18:00:00+02:00,2026-07-29T18:56:35+02:00,BUS,20,Información oficial: Consorcio Regional de Transportes de Madrid,56.583333333333336,11.75,9.0,876.55,0.0,114.15,23.5,16.0,0.0,0,complete_route,True,,True,usable
MAD-145,Fontarrón,Moratalaz,True,True,available,25,22,3,88.0,12.0,0.2,22,265495.45,236000.0,221975.0,294250.0,72275.0,130000.0,557000.0,3331.78,3209.2,3049.83,3663.76,613.93,487.05,19.13,3084.88,3578.12,493.25,15.37,123.36,22,2000,0.95,calculated,79.36,74.0,63.0,85.75,22.75,55.0,140.0,2.82,3.0,22,0,100.0,1.75,2.0,4,18,18.18,0.3182,31.82,22,0,100.0,1.0,100.0,21,1,95.45,15.87,44.44,92.86,46.55,low,La estimación debe interpretarse con precaución por el tamaño de la muestra o la variabilidad de los precios.,residential_sale,asking_price,unknown,3770.04,,3769.61,71.33,,70.68,100,,99.99,True,False,True,2025,EUR_per_m2,mean_declared_transaction_price,residential_sales,Ayuntamiento de Madrid,Colegio de Registradores de España,504020100060,15,97.7,True,True,46.55,low,3770.04,registered_transactions_2025,official_price_and_kaggle_features,560.8400000000001,17.476006481366078,1.174760064813661,DEST_002,Fontarrón,Moratalaz,Nuevos Ministerios,2026-07-29,success,success,2026-07-29T07:49:00+02:00,2026-07-29T08:59:54+02:00,BUS,143|C2,Información oficial: Consorcio Regional de Transportes de Madrid,70.9,7.116666666666666,17.0,530.33,1.0,2026-07-29T18:00:00+02:00,2026-07-29T19:07:35+02:00,BUS,C1|30,Información oficial: Consorcio Regional de Transportes de Madrid,67.58333333333333,8.716666666666667,16.0,610.58,1.0,138.48333333333335,15.833333333333332,33.0,2.0,0,complete_route,True,,True,usable
MAD-145,Fontarrón,Moratalaz,True,True,available,25,22,3,88.0,12.0,0.2,22,265495.45,236000.0,221975.0,294250.0,72275.0,130000.0,557000.0,3331.78,3209.2,3049.83,3663.76,613.93,487.05,19.13,3084.88,3578.12,493.25,15.37,123.36,22,2000,0.95,calculated,79.36,74.0,63.0,85.75,22.75,55.0,140.0,2.82,3.0,22,0,100.0,1.75,2.0,4,18,18.18,0.3182,31.82,22,0,100.0,1.0,100.0,21,1,95.45,15.87,44.44,92.86,46.55,low,La estimación debe interpretarse con precaución por el tamaño de la muestra o la variabilidad de los precios.,residential_sale,asking_price,unknown,3770.04,,3769.61,71.33,,70.68,100,,99.99,True,False,True,2025,EUR_per_m2,mean_declared_transaction_price,residential_sales,Ayuntamiento de Madrid,Colegio de Registradores de España,504020100060,15,97.7,True,True,46.55,low,3770.04,registered_transactions_2025,official_price_and_kaggle_features,560.8400000000001,17.476006481366078,1.174760064813661,DEST_003,Fontarrón,Moratalaz,UC3M Campus de Leganés,2026-07-29,success,success,2026-07-29T07:10:04+02:00,2026-07-29T08:56:51+02:00,BUS,352|102|E1|482,Consorcio Regional de Transportes de Madrid|Información oficial: Consorcio Regional de Transportes de Madrid,106.78333333333332,22.016666666666666,23.433333333333334,1512.92,3.0,2026-07-29T18:04:55+02:00,2026-07-29T19:30:10+02:00,BUS,485|432|423|331,Consorcio Regional de Transportes de Madrid,85.25,16.4,18.066666666666663,1214.69,3.0,192.0333333333333,38.41666666666666,41.5,6.0,0,complete_route,True,,True,usable
MAD-146,Vinateros,Moratalaz,True,True,available,23,19,4,82.61,17.39,0.17,19,259789.47,269500.0,230500.0,269750.0,39250.0,160000.0,370000.0,3722.91,3691.78,3251.96,3826.59,574.63,672.02,15.57,3333.33,3698.63,365.3,9.89,106.08,19,2000,0.95,calculated,71.84,73.0,67.5,74.5,7.0,32.0,131.0,2.21,2.0,19,0,100.0,1.0,1.0,6,13,31.58,0.2941,29.41,17,2,89.47,0.8125,81.25,16,3,84.21,12.3,77.78,96.03,59.42,medium,La estimación presenta una estabilidad intermedia en comparación con el resto de barrios.,residential_sale,asking_price,unknown,3899.66,,3903.82,73.78,,73.19,100,,100.11,True,False,True,2025,EUR_per_m2,mean_declared_transaction_price,residential_sales,Ayuntamiento de Madrid,Colegio de Registradores de España,504020100060,15,97.7,True,True,59.42,medium,3899.66,registered_transactions_2025,official_price_and_kaggle_features,207.87999999999963,5.630888081088246,1.0563088808108825,DEST_001,Vinateros,Moratalaz,Puerta del Sol,2026-07-29,success,success,2026-07-29T08:03:00+02:00,2026-07-29T08:59:41+02:00,BUS,20,Información oficial: Consorcio Regional de Transportes de Madrid,56.68333333333333,10.866666666666667,7.0,787.29,0.0,2026-07-29T18:00:00+02:00,2026-07-29T18:56:54+02:00,BUS,20,Información oficial: Consorcio Regional de Transportes de Madrid,56.9,13.6,9.0,1002.88,0.0,113.58333333333331,24.46666666666667,16.0,0.0,0,complete_route,True,,True,usable
MAD-146,Vinateros,Moratalaz,True,True,available,23,19,4,82.61,17.39,0.17,19,259789.47,269500.0,230500.0,269750.0,39250.0,160000.0,370000.0,3722.91,3691.78,3251.96,3826.59,574.63,672.02,15.57,3333.33,3698.63,365.3,9.89,106.08,19,2000,0.95,calculated,71.84,73.0,67.5,74.5,7.0,32.0,131.0,2.21,2.0,19,0,100.0,1.0,1.0,6,13,31.58,0.2941,29.41,17,2,89.47,0.8125,81.25,16,3,84.21,12.3,77.78,96.03,59.42,medium,La estimación presenta una estabilidad intermedia en comparación con el resto de barrios.,residential_sale,asking_price,unknown,3899.66,,3903.82,73.78,,73.19,100,,100.11,True,False,True,2025,EUR_per_m2,mean_declared_transaction_price,residential_sales,Ayuntamiento de Madrid,Colegio de Registradores de España,504020100060,15,97.7,True,True,59.42,medium,3899.66,registered_transactions_2025,official_price_and_kaggle_features,207.87999999999963,5.630888081088246,1.0563088808108825,DEST_002,Vinateros,Moratalaz,Nuevos Ministerios,2026-07-29,success,success,2026-07-29T07:47:00+02:00,2026-07-29T08:59:09+02:00,BUS,30|C2,Información oficial: Consorcio Regional de Transportes de Madrid,72.15,5.783333333333333,18.0,423.09,1.0,2026-07-29T18:00:00+02:00,2026-07-29T19:07:42+02:00,BUS,C1|30,Información oficial: Consorcio Regional de Transportes de Madrid,67.7,8.833333333333334,16.0,612.1,1.0,139.85000000000002,14.616666666666667,34.0,2.0,0,complete_route,True,,True,usable
MAD-146,Vinateros,Moratalaz,True,True,available,23,19,4,82.61,17.39,0.17,19,259789.47,269500.0,230500.0,269750.0,39250.0,160000.0,370000.0,3722.91,3691.78,3251.96,3826.59,574.63,672.02,15.57,3333.33,3698.63,365.3,9.89,106.08,19,2000,0.95,calculated,71.84,73.0,67.5,74.5,7.0,32.0,131.0,2.21,2.0,19,0,100.0,1.0,1.0,6,13,31.58,0.2941,29.41,17,2,89.47,0.8125,81.25,16,3,84.21,12.3,77.78,96.03,59.42,medium,La estimación presenta una estabilidad intermedia en comparación con el resto de barrios.,residential_sale,asking_price,unknown,3899.66,,3903.82,73.78,,73.19,100,,100.11,True,False,True,2025,EUR_per_m2,mean_declared_transaction_price,residential_sales,Ayuntamiento de Madrid,Colegio de Registradores de España,504020100060,15,97.7,True,True,59.42,medium,3899.66,registered_transactions_2025,official_price_and_kaggle_features,207.87999999999963,5.630888081088246,1.0563088808108825,DEST_003,Vinateros,Moratalaz,UC3M Campus de Leganés,2026-07-29,success,success,2026-07-29T07:08:00+02:00,2026-07-29T08:56:51+02:00,BUS,32|E1|482,Información oficial: Consorcio Regional de Transportes de Madrid|Consorcio Regional de Transportes de Madrid,108.85,11.333333333333334,24.23333333333333,764.64,2.0,2026-07-29T18:04:55+02:00,2026-07-29T19:36:41+02:00,BUS,485|432|423|331,Consorcio Regional de Transportes de Madrid,91.76666666666668,22.916666666666668,18.066666666666663,1705.95,3.0,200.61666666666667,34.25,42.3,5.0,0,complete_route,True,,True,usable
MAD-151,Ventas,Ciudad Lineal,True,True,available,80,70,10,87.5,12.5,0.63,70,306588.84,275000.0,240000.0,353750.0,113750.0,170000.0,835000.0,4275.18,4000.0,3504.12,4905.44,1401.32,1081.36,35.03,3797.89,4544.55,746.66,18.67,195.08,70,2000,0.95,calculated,72.31,69.5,62.0,79.5,17.5,48.0,140.0,2.41,2.0,68,2,97.14,1.56,2.0,18,52,25.71,0.6176,61.76,68,2,97.14,0.9552,95.52,67,3,95.71,55.56,34.13,27.38,39.94,low,La estimación debe interpretarse con precaución por el tamaño de la muestra o la variabilidad de los precios.,residential_sale,asking_price,unknown,4133.07,4698.96,4105.16,78.19,93.21,76.97,100,113.69,99.32,True,True,True,2025,EUR_per_m2,mean_declared_transaction_price,residential_sales,Ayuntamiento de Madrid,Colegio de Registradores de España,504020100060,15,97.7,True,True,39.94,low,4133.07,registered_transactions_2025,official_price_and_kaggle_features,133.0699999999997,3.326749999999993,1.0332675,DEST_001,Ventas,Ciudad Lineal,Puerta del Sol,2026-07-29,success,success,2026-07-29T08:01:00+02:00,2026-07-29T08:58:34+02:00,BUS,28|20,Información oficial: Consorcio Regional de Transportes de Madrid,57.56666666666667,15.783333333333331,16.0,1087.06,1.0,2026-07-29T18:00:00+02:00,2026-07-29T18:56:08+02:00,BUS,28,Información oficial: Consorcio Regional de Transportes de Madrid,56.13333333333333,29.633333333333333,6.0,2062.06,0.0,113.7,45.41666666666666,22.0,1.0,0,complete_route,True,,True,usable
MAD-151,Ventas,Ciudad Lineal,True,True,available,80,70,10,87.5,12.5,0.63,70,306588.84,275000.0,240000.0,353750.0,113750.0,170000.0,835000.0,4275.18,4000.0,3504.12,4905.44,1401.32,1081.36,35.03,3797.89,4544.55,746.66,18.67,195.08,70,2000,0.95,calculated,72.31,69.5,62.0,79.5,17.5,48.0,140.0,2.41,2.0,68,2,97.14,1.56,2.0,18,52,25.71,0.6176,61.76,68,2,97.14,0.9552,95.52,67,3,95.71,55.56,34.13,27.38,39.94,low,La estimación debe interpretarse con precaución por el tamaño de la muestra o la variabilidad de los precios.,residential_sale,asking_price,unknown,4133.07,4698.96,4105.16,78.19,93.21,76.97,100,113.69,99.32,True,True,True,2025,EUR_per_m2,mean_declared_transaction_price,residential_sales,Ayuntamiento de Madrid,Colegio de Registradores de España,504020100060,15,97.7,True,True,39.94,low,4133.07,registered_transactions_2025,official_price_and_kaggle_features,133.0699999999997,3.326749999999993,1.0332675,DEST_002,Ventas,Ciudad Lineal,Nuevos Ministerios,2026-07-29,success,success,2026-07-29T07:48:00+02:00,2026-07-29T08:50:11+02:00,BUS,210|C2,Información oficial: Consorcio Regional de Transportes de Madrid,62.18333333333333,3.1166666666666667,17.0,224.94,1.0,2026-07-29T18:00:00+02:00,2026-07-29T19:00:14+02:00,BUS,C1,Información oficial: Consorcio Regional de Transportes de Madrid,60.23333333333333,35.016666666666666,6.0,2567.05,0.0,122.41666666666666,38.13333333333333,23.0,1.0,0,complete_route,True,,True,usable
MAD-151,Ventas,Ciudad Lineal,True,True,available,80,70,10,87.5,12.5,0.63,70,306588.84,275000.0,240000.0,353750.0,113750.0,170000.0,835000.0,4275.18,4000.0,3504.12,4905.44,1401.32,1081.36,35.03,3797.89,4544.55,746.66,18.67,195.08,70,2000,0.95,calculated,72.31,69.5,62.0,79.5,17.5,48.0,140.0,2.41,2.0,68,2,97.14,1.56,2.0,18,52,25.71,0.6176,61.76,68,2,97.14,0.9552,95.52,67,3,95.71,55.56,34.13,27.38,39.94,low,La estimación debe interpretarse con precaución por el tamaño de la muestra o la variabilidad de los precios.,residential_sale,asking_price,unknown,4133.07,4698.96,4105.16,78.19,93.21,76.97,100,113.69,99.32,True,True,True,2025,EUR_per_m2,mean_declared_transaction_price,residential_sales,Ayuntamiento de Madrid,Colegio de Registradores de España,504020100060,15,97.7,True,True,39.94,low,4133.07,registered_transactions_2025,official_price_and_kaggle_features,133.0699999999997,3.326749999999993,1.0332675,DEST_003,Ventas,Ciudad Lineal,UC3M Campus de Leganés,2026-07-29,success,success,2026-07-29T07:06:00+02:00,2026-07-29T08:56:51+02:00,BUS,28|E1|482,Información oficial: Consorcio Regional de Transportes de Madrid|Consorcio Regional de Transportes de Madrid,110.85,20.45,22.53333333333333,1396.96,2.0,2026-07-29T18:00:58+02:00,2026-07-29T19:56:46+02:00,BUS,480|E1|28,Consorcio Regional de Transportes de Madrid|Información oficial: Consorcio Regional de Transportes de Madrid,115.8,20.016666666666666,22.0,1401.39,2.0,226.65,40.46666666666667,44.53333333333333,4.0,0,complete_route,True,,True,usable
MAD-152,Pueblo Nuevo,Ciudad Lineal,True,True,available,124,112,12,90.32,9.68,1.01,112,316712.5,279950.0,230000.0,372375.0,142375.0,142000.0,1300000.0,3904.91,3730.84,3311.51,4600.77,1289.26,925.06,34.56,3575.84,3928.57,352.73,9.45,97.91,112,2000,0.95,calculated,82.52,74.0,60.0,92.0,32.0,32.0,244.0,2.3,2.0,107,5,95.54,1.34,1.0,32,80,28.57,0.5364,53.64,110,2,98.21,0.9813,98.13,107,5,95.54,80.16,79.37,30.95,67.54,medium,La estimación presenta una estabilidad intermedia en comparación con el resto de barrios.,residential_sale,asking_price,unknown,3794.82,,3796.24,71.79,,71.18,100,,100.04,True,False,True,2025,EUR_per_m2,mean_declared_transaction_price,residential_sales,Ayuntamiento de Madrid,Colegio de Registradores de España,504020100060,15,97.7,True,True,67.54,medium,3794.82,registered_transactions_2025,official_price_and_kaggle_features,63.98000000000002,1.7148953050787494,1.0171489530507876,DEST_001,Pueblo Nuevo,Ciudad Lineal,Puerta del Sol,2026-07-29,success,success,2026-07-29T07:53:00+02:00,2026-07-29T08:58:09+02:00,BUS,28|20,Información oficial: Consorcio Regional de Transportes de Madrid,65.15,18.45,14.3,1388.15,1.0,2026-07-29T18:00:00+02:00,2026-07-29T19:06:19+02:00,BUS,28,Información oficial: Consorcio Regional de Transportes de Madrid,66.31666666666666,29.466666666666665,6.0,2106.78,0.0,131.46666666666667,47.91666666666666,20.3,1.0,0,complete_route,True,,True,usable
MAD-152,Pueblo Nuevo,Ciudad Lineal,True,True,available,124,112,12,90.32,9.68,1.01,112,316712.5,279950.0,230000.0,372375.0,142375.0,142000.0,1300000.0,3904.91,3730.84,3311.51,4600.77,1289.26,925.06,34.56,3575.84,3928.57,352.73,9.45,97.91,112,2000,0.95,calculated,82.52,74.0,60.0,92.0,32.0,32.0,244.0,2.3,2.0,107,5,95.54,1.34,1.0,32,80,28.57,0.5364,53.64,110,2,98.21,0.9813,98.13,107,5,95.54,80.16,79.37,30.95,67.54,medium,La estimación presenta una estabilidad intermedia en comparación con el resto de barrios.,residential_sale,asking_price,unknown,3794.82,,3796.24,71.79,,71.18,100,,100.04,True,False,True,2025,EUR_per_m2,mean_declared_transaction_price,residential_sales,Ayuntamiento de Madrid,Colegio de Registradores de España,504020100060,15,97.7,True,True,67.54,medium,3794.82,registered_transactions_2025,official_price_and_kaggle_features,63.98000000000002,1.7148953050787494,1.0171489530507876,DEST_002,Pueblo Nuevo,Ciudad Lineal,Nuevos Ministerios,2026-07-29,success,success,2026-07-29T07:47:00+02:00,2026-07-29T08:47:48+02:00,BUS,106|C2,Información oficial: Consorcio Regional de Transportes de Madrid,60.8,7.1,20.0,504.67,1.0,2026-07-29T18:00:00+02:00,2026-07-29T19:07:08+02:00,BUS,C1|223|70,Información oficial: Consorcio Regional de Transportes de Madrid|Consorcio Regional de Transportes de Madrid,67.13333333333334,23.383333333333333,17.966666666666665,1652.96,2.0,127.93333333333334,30.48333333333333,37.96666666666667,3.0,0,complete_route,True,,True,usable
MAD-152,Pueblo Nuevo,Ciudad Lineal,True,True,available,124,112,12,90.32,9.68,1.01,112,316712.5,279950.0,230000.0,372375.0,142375.0,142000.0,1300000.0,3904.91,3730.84,3311.51,4600.77,1289.26,925.06,34.56,3575.84,3928.57,352.73,9.45,97.91,112,2000,0.95,calculated,82.52,74.0,60.0,92.0,32.0,32.0,244.0,2.3,2.0,107,5,95.54,1.34,1.0,32,80,28.57,0.5364,53.64,110,2,98.21,0.9813,98.13,107,5,95.54,80.16,79.37,30.95,67.54,medium,La estimación presenta una estabilidad intermedia en comparación con el resto de barrios.,residential_sale,asking_price,unknown,3794.82,,3796.24,71.79,,71.18,100,,100.04,True,False,True,2025,EUR_per_m2,mean_declared_transaction_price,residential_sales,Ayuntamiento de Madrid,Colegio de Registradores de España,504020100060,15,97.7,True,True,67.54,medium,3794.82,registered_transactions_2025,official_price_and_kaggle_features,63.98000000000002,1.7148953050787494,1.0171489530507876,DEST_003,Pueblo Nuevo,Ciudad Lineal,UC3M Campus de Leganés,2026-07-29,success,success,2026-07-29T06:58:00+02:00,2026-07-29T08:56:51+02:00,BUS,28|E1|482,Información oficial: Consorcio Regional de Transportes de Madrid|Consorcio Regional de Transportes de Madrid,118.85,23.116666666666667,23.183333333333334,1698.0499999999995,2.0,2026-07-29T18:00:58+02:00,2026-07-29T20:05:41+02:00,BUS,480|E1|28,Consorcio Regional de Transportes de Madrid|Información oficial: Consorcio Regional de Transportes de Madrid,124.71666666666668,19.85,22.0,1446.11,2.0,243.56666666666663,42.96666666666667,45.18333333333334,4.0,0,complete_route,True,,True,usable
MAD-153,Quintana,Ciudad Lineal,True,True,available,74,68,6,91.89,8.11,0.61,68,316660.29,285000.0,239000.0,359250.0,120250.0,143000.0,886000.0,4446.01,4289.01,3497.54,4742.79,1245.25,1314.01,29.03,4071.43,4598.39,526.96,12.29,159.29,68,2000,0.95,calculated,74.25,64.0,54.5,78.25,23.75,36.0,243.0,2.13,2.0,67,1,98.53,1.42,1.0,12,56,17.65,0.4394,43.94,66,2,97.06,0.9231,92.31,65,3,95.59,53.17,58.73,61.9,57.58,medium,La estimación presenta una estabilidad intermedia en comparación con el resto de barrios.,residential_sale,asking_price,unknown,4436.01,,4420.93,83.92,,82.89,100,,99.66,True,False,True,2025,EUR_per_m2,mean_declared_transaction_price,residential_sales,Ayuntamiento de Madrid,Colegio de Registradores de España,504020100060,15,97.7,True,True,57.58,medium,4436.01,registered_transactions_2025,official_price_and_kaggle_features,147.0,3.4273643568096133,1.034273643568096,DEST_001,Quintana,Ciudad Lineal,Puerta del Sol,2026-07-29,success,success,2026-07-29T07:51:00+02:00,2026-07-29T08:51:20+02:00,BUS,146,Información oficial: Consorcio Regional de Transportes de Madrid,60.333333333333336,12.916666666666666,10.0,939.04,0.0,2026-07-29T18:00:00+02:00,2026-07-29T18:55:17+02:00,BUS,146,Información oficial: Consorcio Regional de Transportes de Madrid,55.28333333333333,12.183333333333334,9.0,934.54,0.0,115.61666666666667,25.1,19.0,0.0,0,complete_route,True,,True,usable
MAD-153,Quintana,Ciudad Lineal,True,True,available,74,68,6,91.89,8.11,0.61,68,316660.29,285000.0,239000.0,359250.0,120250.0,143000.0,886000.0,4446.01,4289.01,3497.54,4742.79,1245.25,1314.01,29.03,4071.43,4598.39,526.96,12.29,159.29,68,2000,0.95,calculated,74.25,64.0,54.5,78.25,23.75,36.0,243.0,2.13,2.0,67,1,98.53,1.42,1.0,12,56,17.65,0.4394,43.94,66,2,97.06,0.9231,92.31,65,3,95.59,53.17,58.73,61.9,57.58,medium,La estimación presenta una estabilidad intermedia en comparación con el resto de barrios.,residential_sale,asking_price,unknown,4436.01,,4420.93,83.92,,82.89,100,,99.66,True,False,True,2025,EUR_per_m2,mean_declared_transaction_price,residential_sales,Ayuntamiento de Madrid,Colegio de Registradores de España,504020100060,15,97.7,True,True,57.58,medium,4436.01,registered_transactions_2025,official_price_and_kaggle_features,147.0,3.4273643568096133,1.034273643568096,DEST_002,Quintana,Ciudad Lineal,Nuevos Ministerios,2026-07-29,success,success,2026-07-29T08:05:54+02:00,2026-07-29T08:57:44+02:00,BUS,223|C2,Consorcio Regional de Transportes de Madrid|Información oficial: Consorcio Regional de Transportes de Madrid,51.833333333333336,30.78333333333333,8.0,2245.8,1.0,2026-07-29T18:00:00+02:00,2026-07-29T18:52:30+02:00,BUS,C1|223,Información oficial: Consorcio Regional de Transportes de Madrid|Consorcio Regional de Transportes de Madrid,52.5,31.3,8.966666666666667,2269.43,1.0,104.33333333333334,62.08333333333333,16.96666666666667,2.0,0,complete_route,True,,True,usable
MAD-153,Quintana,Ciudad Lineal,True,True,available,74,68,6,91.89,8.11,0.61,68,316660.29,285000.0,239000.0,359250.0,120250.0,143000.0,886000.0,4446.01,4289.01,3497.54,4742.79,1245.25,1314.01,29.03,4071.43,4598.39,526.96,12.29,159.29,68,2000,0.95,calculated,74.25,64.0,54.5,78.25,23.75,36.0,243.0,2.13,2.0,67,1,98.53,1.42,1.0,12,56,17.65,0.4394,43.94,66,2,97.06,0.9231,92.31,65,3,95.59,53.17,58.73,61.9,57.58,medium,La estimación presenta una estabilidad intermedia en comparación con el resto de barrios.,residential_sale,asking_price,unknown,4436.01,,4420.93,83.92,,82.89,100,,99.66,True,False,True,2025,EUR_per_m2,mean_declared_transaction_price,residential_sales,Ayuntamiento de Madrid,Colegio de Registradores de España,504020100060,15,97.7,True,True,57.58,medium,4436.01,registered_transactions_2025,official_price_and_kaggle_features,147.0,3.4273643568096133,1.034273643568096,DEST_003,Quintana,Ciudad Lineal,UC3M Campus de Leganés,2026-07-29,success,success,2026-07-29T06:56:00+02:00,2026-07-29T08:56:51+02:00,BUS,28|E1|482,Información oficial: Consorcio Regional de Transportes de Madrid|Consorcio Regional de Transportes de Madrid,120.85,25.933333333333334,23.53333333333333,1912.2499999999995,2.0,2026-07-29T18:00:58+02:00,2026-07-29T19:57:54+02:00,BUS,480|E1|146,Consorcio Regional de Transportes de Madrid|Información oficial: Consorcio Regional de Transportes de Madrid,116.93333333333334,11.95,23.0,824.09,2.0,237.78333333333333,37.88333333333333,46.53333333333333,4.0,0,complete_route,True,,True,usable
MAD-154,La Concepción,Ciudad Lineal,True,True,available,78,75,3,96.15,3.85,0.68,75,616985.57,395000.0,266000.0,720950.0,454950.0,145000.0,2600000.0,4784.84,4487.18,3459.91,6084.49,2624.59,1384.77,58.49,3999.44,5232.56,1233.11,27.48,329.31,75,2000,0.95,calculated,123.53,83.0,75.5,138.5,63.0,51.0,474.0,2.77,3.0,74,1,98.67,1.36,1.0,14,61,18.67,0.6667,66.67,66,9,88.0,0.9231,92.31,65,10,86.67,61.11,11.11,1.59,26.23,low,La estimación debe interpretarse con precaución por el tamaño de la muestra o la variabilidad de los precios.,residential_sale,asking_price,unknown,5658.13,,5654.88,107.05,,106.02,100,,99.94,True,False,True,2025,EUR_per_m2,mean_declared_transaction_price,residential_sales,Ayuntamiento de Madrid,Colegio de Registradores de España,504020100060,15,97.7,True,True,26.23,low,5658.13,registered_transactions_2025,official_price_and_kaggle_features,1170.9499999999998,26.09545416051952,1.2609545416051953,DEST_001,La Concepción,Ciudad Lineal,Puerta del Sol,2026-07-29,success,success,2026-07-29T07:55:00+02:00,2026-07-29T08:49:40+02:00,BUS,146,Información oficial: Consorcio Regional de Transportes de Madrid,54.66666666666666,9.5,10.0,675.8800000000001,0.0,2026-07-29T18:00:00+02:00,2026-07-29T18:54:35+02:00,BUS,146,Información oficial: Consorcio Regional de Transportes de Madrid,54.583333333333336,11.483333333333333,9.0,844.9200000000001,0.0,109.25,20.98333333333333,19.0,0.0,0,complete_route,True,,True,usable
MAD-154,La Concepción,Ciudad Lineal,True,True,available,78,75,3,96.15,3.85,0.68,75,616985.57,395000.0,266000.0,720950.0,454950.0,145000.0,2600000.0,4784.84,4487.18,3459.91,6084.49,2624.59,1384.77,58.49,3999.44,5232.56,1233.11,27.48,329.31,75,2000,0.95,calculated,123.53,83.0,75.5,138.5,63.0,51.0,474.0,2.77,3.0,74,1,98.67,1.36,1.0,14,61,18.67,0.6667,66.67,66,9,88.0,0.9231,92.31,65,10,86.67,61.11,11.11,1.59,26.23,low,La estimación debe interpretarse con precaución por el tamaño de la muestra o la variabilidad de los precios.,residential_sale,asking_price,unknown,5658.13,,5654.88,107.05,,106.02,100,,99.94,True,False,True,2025,EUR_per_m2,mean_declared_transaction_price,residential_sales,Ayuntamiento de Madrid,Colegio de Registradores de España,504020100060,15,97.7,True,True,26.23,low,5658.13,registered_transactions_2025,official_price_and_kaggle_features,1170.9499999999998,26.09545416051952,1.2609545416051953,DEST_002,La Concepción,Ciudad Lineal,Nuevos Ministerios,2026-07-29,success,success,2026-07-29T08:08:34+02:00,2026-07-29T08:57:44+02:00,BUS,223|C2,Consorcio Regional de Transportes de Madrid|Información oficial: Consorcio Regional de Transportes de Madrid,49.16666666666666,28.116666666666667,8.0,2010.15,1.0,2026-07-29T18:01:29+02:00,2026-07-29T18:52:50+02:00,BUS,223,Consorcio Regional de Transportes de Madrid,51.35,50.38333333333333,0.0,3618.43,0.0,100.51666666666664,78.5,8.0,1.0,0,complete_route,True,,True,usable
MAD-154,La Concepción,Ciudad Lineal,True,True,available,78,75,3,96.15,3.85,0.68,75,616985.57,395000.0,266000.0,720950.0,454950.0,145000.0,2600000.0,4784.84,4487.18,3459.91,6084.49,2624.59,1384.77,58.49,3999.44,5232.56,1233.11,27.48,329.31,75,2000,0.95,calculated,123.53,83.0,75.5,138.5,63.0,51.0,474.0,2.77,3.0,74,1,98.67,1.36,1.0,14,61,18.67,0.6667,66.67,66,9,88.0,0.9231,92.31,65,10,86.67,61.11,11.11,1.59,26.23,low,La estimación debe interpretarse con precaución por el tamaño de la muestra o la variabilidad de los precios.,residential_sale,asking_price,unknown,5658.13,,5654.88,107.05,,106.02,100,,99.94,True,False,True,2025,EUR_per_m2,mean_declared_transaction_price,residential_sales,Ayuntamiento de Madrid,Colegio de Registradores de España,504020100060,15,97.7,True,True,26.23,low,5658.13,registered_transactions_2025,official_price_and_kaggle_features,1170.9499999999998,26.09545416051952,1.2609545416051953,DEST_003,La Concepción,Ciudad Lineal,UC3M Campus de Leganés,2026-07-29,success,success,2026-07-29T07:00:00+02:00,2026-07-29T08:56:51+02:00,BUS,21|27|E1|482,Información oficial: Consorcio Regional de Transportes de Madrid|Consorcio Regional de Transportes de Madrid,116.85,10.833333333333334,28.5,701.46,3.0,2026-07-29T18:00:58+02:00,2026-07-29T19:57:12+02:00,BUS,480|E1|146,Consorcio Regional de Transportes de Madrid|Información oficial: Consorcio Regional de Transportes de Madrid,116.23333333333332,11.25,23.0,734.47,2.0,233.0833333333333,22.083333333333336,51.5,5.0,0,complete_route,True,,True,usable
MAD-155,San Pascual,Ciudad Lineal,True,True,available,40,37,3,92.5,7.5,0.33,37,821375.68,841000.0,580500.0,980000.0,399500.0,238000.0,2190000.0,5682.38,5466.67,4426.32,6800.0,2373.68,1623.01,43.42,4684.21,6166.96,1482.75,27.12,364.83,37,2000,0.95,calculated,159.65,120.0,100.0,190.0,90.0,35.0,489.0,3.31,3.0,36,1,97.3,1.75,2.0,8,29,21.62,0.973,97.3,37,0,100.0,1.0,100.0,37,0,100.0,30.95,12.7,10.32,18.49,low,La estimación debe interpretarse con precaución por el tamaño de la muestra o la variabilidad de los precios.,residential_sale,asking_price,unknown,5566.9,,5566.9,105.32,,104.37,100,,100.0,True,False,True,2025,EUR_per_m2,mean_declared_transaction_price,residential_sales,Ayuntamiento de Madrid,Colegio de Registradores de España,504020100060,15,97.7,True,True,18.49,low,5566.9,registered_transactions_2025,official_price_and_kaggle_features,100.22999999999956,1.8334744917838384,1.0183347449178384,DEST_001,San Pascual,Ciudad Lineal,Puerta del Sol,2026-07-29,success,success,2026-07-29T07:52:00+02:00,2026-07-29T08:45:30+02:00,BUS,53,Información oficial: Consorcio Regional de Transportes de Madrid,53.5,8.55,10.0,600.94,0.0,2026-07-29T18:00:00+02:00,2026-07-29T19:01:03+02:00,BUS,146,Información oficial: Consorcio Regional de Transportes de Madrid,61.05,19.83333333333333,9.0,1442.73,0.0,114.55,28.38333333333333,19.0,0.0,0,complete_route,True,,True,usable
MAD-155,San Pascual,Ciudad Lineal,True,True,available,40,37,3,92.5,7.5,0.33,37,821375.68,841000.0,580500.0,980000.0,399500.0,238000.0,2190000.0,5682.38,5466.67,4426.32,6800.0,2373.68,1623.01,43.42,4684.21,6166.96,1482.75,27.12,364.83,37,2000,0.95,calculated,159.65,120.0,100.0,190.0,90.0,35.0,489.0,3.31,3.0,36,1,97.3,1.75,2.0,8,29,21.62,0.973,97.3,37,0,100.0,1.0,100.0,37,0,100.0,30.95,12.7,10.32,18.49,low,La estimación debe interpretarse con precaución por el tamaño de la muestra o la variabilidad de los precios.,residential_sale,asking_price,unknown,5566.9,,5566.9,105.32,,104.37,100,,100.0,True,False,True,2025,EUR_per_m2,mean_declared_transaction_price,residential_sales,Ayuntamiento de Madrid,Colegio de Registradores de España,504020100060,15,97.7,True,True,18.49,low,5566.9,registered_transactions_2025,official_price_and_kaggle_features,100.22999999999956,1.8334744917838384,1.0183347449178384,DEST_002,San Pascual,Ciudad Lineal,Nuevos Ministerios,2026-07-29,success,success,2026-07-29T08:18:53+02:00,2026-07-29T08:57:44+02:00,BUS,223|C2,Consorcio Regional de Transportes de Madrid|Información oficial: Consorcio Regional de Transportes de Madrid,38.85,17.8,8.0,1278.75,1.0,2026-07-29T18:00:00+02:00,2026-07-29T18:43:04+02:00,BUS,C1|223,Información oficial: Consorcio Regional de Transportes de Madrid|Consorcio Regional de Transportes de Madrid,43.06666666666667,21.866666666666667,8.966666666666667,1549.2600000000002,1.0,81.91666666666667,39.66666666666667,16.96666666666667,2.0,0,complete_route,True,,True,usable
MAD-155,San Pascual,Ciudad Lineal,True,True,available,40,37,3,92.5,7.5,0.33,37,821375.68,841000.0,580500.0,980000.0,399500.0,238000.0,2190000.0,5682.38,5466.67,4426.32,6800.0,2373.68,1623.01,43.42,4684.21,6166.96,1482.75,27.12,364.83,37,2000,0.95,calculated,159.65,120.0,100.0,190.0,90.0,35.0,489.0,3.31,3.0,36,1,97.3,1.75,2.0,8,29,21.62,0.973,97.3,37,0,100.0,1.0,100.0,37,0,100.0,30.95,12.7,10.32,18.49,low,La estimación debe interpretarse con precaución por el tamaño de la muestra o la variabilidad de los precios.,residential_sale,asking_price,unknown,5566.9,,5566.9,105.32,,104.37,100,,100.0,True,False,True,2025,EUR_per_m2,mean_declared_transaction_price,residential_sales,Ayuntamiento de Madrid,Colegio de Registradores de España,504020100060,15,97.7,True,True,18.49,low,5566.9,registered_transactions_2025,official_price_and_kaggle_features,100.22999999999956,1.8334744917838384,1.0183347449178384,DEST_003,San Pascual,Ciudad Lineal,UC3M Campus de Leganés,2026-07-29,success,success,2026-07-29T07:00:53+02:00,2026-07-29T08:56:51+02:00,BUS,223|19|E1|482,Consorcio Regional de Transportes de Madrid|Información oficial: Consorcio Regional de Transportes de Madrid,115.96666666666668,37.56666666666667,22.58333333333333,2715.4,3.0,2026-07-29T18:00:58+02:00,2026-07-29T20:03:53+02:00,BUS,480|E1|146,Consorcio Regional de Transportes de Madrid|Información oficial: Consorcio Regional de Transportes de Madrid,122.91666666666669,19.6,23.0,1332.28,2.0,238.88333333333335,57.16666666666667,45.58333333333333,5.0,0,complete_route,True,,True,usable
MAD-156,San Juan Bautista,Ciudad Lineal,True,True,available,33,33,0,100.0,0.0,0.3,33,907118.18,820000.0,485000.0,1200000.0,715000.0,300000.0,1790000.0,6661.12,6508.47,4845.36,8049.38,3204.02,2092.39,49.23,5304.88,7608.7,2303.82,35.4,665.77,33,2000,0.95,calculated,154.73,97.0,81.0,182.0,101.0,46.0,515.0,2.97,2.0,33,0,100.0,3.0,3.0,8,25,24.24,0.9697,96.97,33,0,100.0,1.0,100.0,32,1,96.97,26.98,3.97,4.76,12.22,low,La estimación debe interpretarse con precaución por el tamaño de la muestra o la variabilidad de los precios.,residential_sale,asking_price,unknown,5764.6,6805.53,5515.88,109.06,134.99,103.42,100,118.06,95.69,True,True,True,2025,EUR_per_m2,mean_declared_transaction_price,residential_sales,Ayuntamiento de Madrid,Colegio de Registradores de España,504020100060,15,97.7,True,True,12.22,low,5764.6,registered_transactions_2025,official_price_and_kaggle_features,-743.8699999999999,-11.429260640365552,0.8857073935963444,DEST_001,San Juan Bautista,Ciudad Lineal,Puerta del Sol,2026-07-29,success,success,2026-07-29T07:50:00+02:00,2026-07-29T08:52:05+02:00,BUS,53,Información oficial: Consorcio Regional de Transportes de Madrid,62.083333333333336,12.166666666666666,10.0,882.1800000000001,0.0,2026-07-29T18:00:00+02:00,2026-07-29T19:01:44+02:00,BUS,52|223,Información oficial: Consorcio Regional de Transportes de Madrid|Consorcio Regional de Transportes de Madrid,61.73333333333333,23.5,12.116666666666667,1650.16,1.0,123.81666666666666,35.666666666666664,22.116666666666667,1.0,0,complete_route,True,,True,usable
MAD-156,San Juan Bautista,Ciudad Lineal,True,True,available,33,33,0,100.0,0.0,0.3,33,907118.18,820000.0,485000.0,1200000.0,715000.0,300000.0,1790000.0,6661.12,6508.47,4845.36,8049.38,3204.02,2092.39,49.23,5304.88,7608.7,2303.82,35.4,665.77,33,2000,0.95,calculated,154.73,97.0,81.0,182.0,101.0,46.0,515.0,2.97,2.0,33,0,100.0,3.0,3.0,8,25,24.24,0.9697,96.97,33,0,100.0,1.0,100.0,32,1,96.97,26.98,3.97,4.76,12.22,low,La estimación debe interpretarse con precaución por el tamaño de la muestra o la variabilidad de los precios.,residential_sale,asking_price,unknown,5764.6,6805.53,5515.88,109.06,134.99,103.42,100,118.06,95.69,True,True,True,2025,EUR_per_m2,mean_declared_transaction_price,residential_sales,Ayuntamiento de Madrid,Colegio de Registradores de España,504020100060,15,97.7,True,True,12.22,low,5764.6,registered_transactions_2025,official_price_and_kaggle_features,-743.8699999999999,-11.429260640365552,0.8857073935963444,DEST_002,San Juan Bautista,Ciudad Lineal,Nuevos Ministerios,2026-07-29,success,success,2026-07-29T08:22:16+02:00,2026-07-29T08:57:44+02:00,BUS,223|C2,Consorcio Regional de Transportes de Madrid|Información oficial: Consorcio Regional de Transportes de Madrid,35.46666666666667,14.416666666666666,8.0,1032.47,1.0,2026-07-29T18:00:00+02:00,2026-07-29T18:38:44+02:00,BUS,C1|223,Información oficial: Consorcio Regional de Transportes de Madrid|Consorcio Regional de Transportes de Madrid,38.73333333333333,17.533333333333335,8.966666666666667,1231.66,1.0,74.19999999999999,31.950000000000003,16.96666666666667,2.0,0,complete_route,True,,True,usable
MAD-156,San Juan Bautista,Ciudad Lineal,True,True,available,33,33,0,100.0,0.0,0.3,33,907118.18,820000.0,485000.0,1200000.0,715000.0,300000.0,1790000.0,6661.12,6508.47,4845.36,8049.38,3204.02,2092.39,49.23,5304.88,7608.7,2303.82,35.4,665.77,33,2000,0.95,calculated,154.73,97.0,81.0,182.0,101.0,46.0,515.0,2.97,2.0,33,0,100.0,3.0,3.0,8,25,24.24,0.9697,96.97,33,0,100.0,1.0,100.0,32,1,96.97,26.98,3.97,4.76,12.22,low,La estimación debe interpretarse con precaución por el tamaño de la muestra o la variabilidad de los precios.,residential_sale,asking_price,unknown,5764.6,6805.53,5515.88,109.06,134.99,103.42,100,118.06,95.69,True,True,True,2025,EUR_per_m2,mean_declared_transaction_price,residential_sales,Ayuntamiento de Madrid,Colegio de Registradores de España,504020100060,15,97.7,True,True,12.22,low,5764.6,registered_transactions_2025,official_price_and_kaggle_features,-743.8699999999999,-11.429260640365552,0.8857073935963444,DEST_003,San Juan Bautista,Ciudad Lineal,UC3M Campus de Leganés,2026-07-29,success,success,2026-07-29T07:04:16+02:00,2026-07-29T08:56:51+02:00,BUS,223|19|E1|482,Consorcio Regional de Transportes de Madrid|Información oficial: Consorcio Regional de Transportes de Madrid,112.58333333333331,34.18333333333333,22.58333333333333,2469.12,3.0,2026-07-29T18:00:58+02:00,2026-07-29T20:06:26+02:00,BUS,480|E1|19|224A,Consorcio Regional de Transportes de Madrid|Información oficial: Consorcio Regional de Transportes de Madrid,125.46666666666668,26.53333333333333,22.08333333333333,1898.79,3.0,238.05,60.71666666666666,44.66666666666666,6.0,0,complete_route,True,,True,usable
MAD-157,Colina,Ciudad Lineal,True,True,available,42,42,0,100.0,0.0,0.38,42,1099369.81,1122828.0,688675.0,1390000.0,701325.0,331000.0,2280000.0,6462.6,6425.91,5242.08,7497.96,2255.88,1775.19,35.11,5802.28,7296.31,1494.03,23.25,344.01,42,2000,0.95,calculated,180.17,165.5,110.0,224.75,114.75,50.0,377.0,3.02,3.0,41,1,97.62,2.1,2.0,10,32,23.81,0.9487,94.87,39,3,92.86,1.0,100.0,40,2,95.24,38.1,17.46,26.19,26.87,low,La estimación debe interpretarse con precaución por el tamaño de la muestra o la variabilidad de los precios.,residential_sale,asking_price,unknown,6519.78,,6437.39,123.35,,120.7,100,,98.74,True,False,True,2025,EUR_per_m2,mean_declared_transaction_price,residential_sales,Ayuntamiento de Madrid,Colegio de Registradores de España,504020100060,15,97.7,True,True,26.87,low,6519.78,registered_transactions_2025,official_price_and_kaggle_features,93.86999999999988,1.4608047731760931,1.014608047731761,DEST_001,Colina,Ciudad Lineal,Puerta del Sol,2026-07-29,success,success,2026-07-29T07:51:00+02:00,2026-07-29T08:45:26+02:00,BUS,9,Información oficial: Consorcio Regional de Transportes de Madrid,54.43333333333333,11.583333333333334,7.0,816.27,0.0,2026-07-29T18:00:00+02:00,2026-07-29T19:00:04+02:00,BUS,9,Información oficial: Consorcio Regional de Transportes de Madrid,60.06666666666667,13.033333333333331,9.0,960.73,0.0,114.5,24.616666666666667,16.0,0.0,0,complete_route,True,,True,usable
MAD-157,Colina,Ciudad Lineal,True,True,available,42,42,0,100.0,0.0,0.38,42,1099369.81,1122828.0,688675.0,1390000.0,701325.0,331000.0,2280000.0,6462.6,6425.91,5242.08,7497.96,2255.88,1775.19,35.11,5802.28,7296.31,1494.03,23.25,344.01,42,2000,0.95,calculated,180.17,165.5,110.0,224.75,114.75,50.0,377.0,3.02,3.0,41,1,97.62,2.1,2.0,10,32,23.81,0.9487,94.87,39,3,92.86,1.0,100.0,40,2,95.24,38.1,17.46,26.19,26.87,low,La estimación debe interpretarse con precaución por el tamaño de la muestra o la variabilidad de los precios.,residential_sale,asking_price,unknown,6519.78,,6437.39,123.35,,120.7,100,,98.74,True,False,True,2025,EUR_per_m2,mean_declared_transaction_price,residential_sales,Ayuntamiento de Madrid,Colegio de Registradores de España,504020100060,15,97.7,True,True,26.87,low,6519.78,registered_transactions_2025,official_price_and_kaggle_features,93.86999999999988,1.4608047731760931,1.014608047731761,DEST_002,Colina,Ciudad Lineal,Nuevos Ministerios,2026-07-29,success,success,2026-07-29T08:10:00+02:00,2026-07-29T08:54:52+02:00,BUS,9|C2,Información oficial: Consorcio Regional de Transportes de Madrid,44.86666666666667,9.033333333333331,14.0,645.5,1.0,2026-07-29T18:00:00+02:00,2026-07-29T18:46:08+02:00,BUS,120,Información oficial: Consorcio Regional de Transportes de Madrid,46.13333333333333,17.733333333333334,12.0,1294.7600000000002,0.0,91.0,26.766666666666666,26.0,1.0,0,complete_route,True,,True,usable
MAD-157,Colina,Ciudad Lineal,True,True,available,42,42,0,100.0,0.0,0.38,42,1099369.81,1122828.0,688675.0,1390000.0,701325.0,331000.0,2280000.0,6462.6,6425.91,5242.08,7497.96,2255.88,1775.19,35.11,5802.28,7296.31,1494.03,23.25,344.01,42,2000,0.95,calculated,180.17,165.5,110.0,224.75,114.75,50.0,377.0,3.02,3.0,41,1,97.62,2.1,2.0,10,32,23.81,0.9487,94.87,39,3,92.86,1.0,100.0,40,2,95.24,38.1,17.46,26.19,26.87,low,La estimación debe interpretarse con precaución por el tamaño de la muestra o la variabilidad de los precios.,residential_sale,asking_price,unknown,6519.78,,6437.39,123.35,,120.7,100,,98.74,True,False,True,2025,EUR_per_m2,mean_declared_transaction_price,residential_sales,Ayuntamiento de Madrid,Colegio de Registradores de España,504020100060,15,97.7,True,True,26.87,low,6519.78,registered_transactions_2025,official_price_and_kaggle_features,93.86999999999988,1.4608047731760931,1.014608047731761,DEST_003,Colina,Ciudad Lineal,UC3M Campus de Leganés,2026-07-29,success,success,2026-07-29T07:00:00+02:00,2026-07-29T08:56:51+02:00,BUS,9|E1|482,Información oficial: Consorcio Regional de Transportes de Madrid|Consorcio Regional de Transportes de Madrid,116.85,12.216666666666669,23.03333333333333,735.19,2.0,2026-07-29T18:00:58+02:00,2026-07-29T20:06:29+02:00,BUS,480|E1|9,Consorcio Regional de Transportes de Madrid|Información oficial: Consorcio Regional de Transportes de Madrid,125.51666666666668,9.283333333333331,24.0,612.98,2.0,242.36666666666667,21.5,47.03333333333333,4.0,0,complete_route,True,,True,usable
MAD-158,Atalaya,Ciudad Lineal,True,True,available,8,8,0,100.0,0.0,0.07,8,1305250.0,1390500.0,809750.0,1712500.0,902750.0,780000.0,1820000.0,7036.92,7637.49,4656.96,8902.78,4245.82,2378.87,55.59,4438.64,9044.44,4605.8,60.31,1407.13,8,2000,0.95,calculated,228.62,164.0,96.0,373.25,277.25,90.0,470.0,3.38,3.5,8,0,100.0,2.8,3.0,5,3,62.5,1.0,100.0,8,0,100.0,1.0,100.0,8,0,100.0,1.59,0.0,3.17,1.35,low,"El intervalo se ha calculado, pero el número de anuncios sigue siendo reducido.",residential_sale,asking_price,unknown,7800.28,,7360.97,147.57,,138.01,100,,94.37,True,False,True,2025,EUR_per_m2,mean_declared_transaction_price,residential_sales,Ayuntamiento de Madrid,Colegio de Registradores de España,504020100060,15,97.7,True,True,1.35,low,7800.28,registered_transactions_2025,official_price_and_kaggle_features,162.78999999999996,2.1314594192594685,1.0213145941925947,DEST_001,Atalaya,Ciudad Lineal,Puerta del Sol,2026-07-29,success,success,2026-07-29T07:44:00+02:00,2026-07-29T08:46:14+02:00,BUS,9,Información oficial: Consorcio Regional de Transportes de Madrid,62.23333333333333,16.05,7.0,1170.8,0.0,2026-07-29T18:00:00+02:00,2026-07-29T19:09:36+02:00,BUS,9,Información oficial: Consorcio Regional de Transportes de Madrid,69.6,20.45,9.0,1462.2,0.0,131.83333333333331,36.5,16.0,0.0,0,complete_route,True,,True,usable
MAD-158,Atalaya,Ciudad Lineal,True,True,available,8,8,0,100.0,0.0,0.07,8,1305250.0,1390500.0,809750.0,1712500.0,902750.0,780000.0,1820000.0,7036.92,7637.49,4656.96,8902.78,4245.82,2378.87,55.59,4438.64,9044.44,4605.8,60.31,1407.13,8,2000,0.95,calculated,228.62,164.0,96.0,373.25,277.25,90.0,470.0,3.38,3.5,8,0,100.0,2.8,3.0,5,3,62.5,1.0,100.0,8,0,100.0,1.0,100.0,8,0,100.0,1.59,0.0,3.17,1.35,low,"El intervalo se ha calculado, pero el número de anuncios sigue siendo reducido.",residential_sale,asking_price,unknown,7800.28,,7360.97,147.57,,138.01,100,,94.37,True,False,True,2025,EUR_per_m2,mean_declared_transaction_price,residential_sales,Ayuntamiento de Madrid,Colegio de Registradores de España,504020100060,15,97.7,True,True,1.35,low,7800.28,registered_transactions_2025,official_price_and_kaggle_features,162.78999999999996,2.1314594192594685,1.0213145941925947,DEST_002,Atalaya,Ciudad Lineal,Nuevos Ministerios,2026-07-29,success,success,2026-07-29T08:08:00+02:00,2026-07-29T08:52:56+02:00,BUS,7,Información oficial: Consorcio Regional de Transportes de Madrid,44.93333333333333,6.483333333333333,12.0,399.44,0.0,2026-07-29T18:00:00+02:00,2026-07-29T18:43:05+02:00,BUS,7,Información oficial: Consorcio Regional de Transportes de Madrid,43.083333333333336,5.55,13.0,392.87,0.0,88.01666666666667,12.033333333333331,25.0,0.0,0,complete_route,True,,True,usable
MAD-158,Atalaya,Ciudad Lineal,True,True,available,8,8,0,100.0,0.0,0.07,8,1305250.0,1390500.0,809750.0,1712500.0,902750.0,780000.0,1820000.0,7036.92,7637.49,4656.96,8902.78,4245.82,2378.87,55.59,4438.64,9044.44,4605.8,60.31,1407.13,8,2000,0.95,calculated,228.62,164.0,96.0,373.25,277.25,90.0,470.0,3.38,3.5,8,0,100.0,2.8,3.0,5,3,62.5,1.0,100.0,8,0,100.0,1.0,100.0,8,0,100.0,1.59,0.0,3.17,1.35,low,"El intervalo se ha calculado, pero el número de anuncios sigue siendo reducido.",residential_sale,asking_price,unknown,7800.28,,7360.97,147.57,,138.01,100,,94.37,True,False,True,2025,EUR_per_m2,mean_declared_transaction_price,residential_sales,Ayuntamiento de Madrid,Colegio de Registradores de España,504020100060,15,97.7,True,True,1.35,low,7800.28,registered_transactions_2025,official_price_and_kaggle_features,162.78999999999996,2.1314594192594685,1.0213145941925947,DEST_003,Atalaya,Ciudad Lineal,UC3M Campus de Leganés,2026-07-29,success,success,2026-07-29T06:53:00+02:00,2026-07-29T08:56:51+02:00,BUS,7|27|E1|482,Información oficial: Consorcio Regional de Transportes de Madrid|Consorcio Regional de Transportes de Madrid,123.85,6.416666666666667,32.416666666666664,403.61,3.0,2026-07-29T18:00:58+02:00,2026-07-29T20:16:01+02:00,BUS,480|E1|9,Consorcio Regional de Transportes de Madrid|Información oficial: Consorcio Regional de Transportes de Madrid,135.05,16.7,24.0,1114.45,2.0,258.9,23.116666666666667,56.41666666666666,5.0,0,complete_route,True,,True,usable
MAD-159,Costillares,Ciudad Lineal,True,True,available,58,55,3,94.83,5.17,0.5,55,739347.27,725000.0,500000.0,909500.0,409500.0,309000.0,1790000.0,6367.66,6200.0,5027.93,7633.88,2605.95,1601.09,42.03,5595.04,6893.2,1298.16,20.94,342.33,55,2000,0.95,calculated,123.36,123.0,76.0,159.0,83.0,44.0,261.0,2.62,3.0,55,0,100.0,1.94,2.0,17,38,30.91,0.9444,94.44,54,1,98.18,1.0,100.0,53,2,96.36,46.83,23.81,11.9,28.89,low,La estimación debe interpretarse con precaución por el tamaño de la muestra o la variabilidad de los precios.,residential_sale,asking_price,unknown,5957.08,6579.7,5866.21,112.7,130.51,109.99,100,110.45,98.47,True,True,True,2025,EUR_per_m2,mean_declared_transaction_price,residential_sales,Ayuntamiento de Madrid,Colegio de Registradores de España,504020100060,15,97.7,True,True,28.89,low,5957.08,registered_transactions_2025,official_price_and_kaggle_features,-242.92000000000007,-3.9180645161290335,0.9608193548387096,DEST_001,Costillares,Ciudad Lineal,Puerta del Sol,2026-07-29,no_route,no_route,,,,,,,,,,,,,,,,,,,,,,,,,2,no_route,False,no_hay_ruta_en_ningun_sentido,False,ruta_incompleta
MAD-159,Costillares,Ciudad Lineal,True,True,available,58,55,3,94.83,5.17,0.5,55,739347.27,725000.0,500000.0,909500.0,409500.0,309000.0,1790000.0,6367.66,6200.0,5027.93,7633.88,2605.95,1601.09,42.03,5595.04,6893.2,1298.16,20.94,342.33,55,2000,0.95,calculated,123.36,123.0,76.0,159.0,83.0,44.0,261.0,2.62,3.0,55,0,100.0,1.94,2.0,17,38,30.91,0.9444,94.44,54,1,98.18,1.0,100.0,53,2,96.36,46.83,23.81,11.9,28.89,low,La estimación debe interpretarse con precaución por el tamaño de la muestra o la variabilidad de los precios.,residential_sale,asking_price,unknown,5957.08,6579.7,5866.21,112.7,130.51,109.99,100,110.45,98.47,True,True,True,2025,EUR_per_m2,mean_declared_transaction_price,residential_sales,Ayuntamiento de Madrid,Colegio de Registradores de España,504020100060,15,97.7,True,True,28.89,low,5957.08,registered_transactions_2025,official_price_and_kaggle_features,-242.92000000000007,-3.9180645161290335,0.9608193548387096,DEST_002,Costillares,Ciudad Lineal,Nuevos Ministerios,2026-07-29,no_route,no_route,,,,,,,,,,,,,,,,,,,,,,,,,2,no_route,False,no_hay_ruta_en_ningun_sentido,False,ruta_incompleta
MAD-159,Costillares,Ciudad Lineal,True,True,available,58,55,3,94.83,5.17,0.5,55,739347.27,725000.0,500000.0,909500.0,409500.0,309000.0,1790000.0,6367.66,6200.0,5027.93,7633.88,2605.95,1601.09,42.03,5595.04,6893.2,1298.16,20.94,342.33,55,2000,0.95,calculated,123.36,123.0,76.0,159.0,83.0,44.0,261.0,2.62,3.0,55,0,100.0,1.94,2.0,17,38,30.91,0.9444,94.44,54,1,98.18,1.0,100.0,53,2,96.36,46.83,23.81,11.9,28.89,low,La estimación debe interpretarse con precaución por el tamaño de la muestra o la variabilidad de los precios.,residential_sale,asking_price,unknown,5957.08,6579.7,5866.21,112.7,130.51,109.99,100,110.45,98.47,True,True,True,2025,EUR_per_m2,mean_declared_transaction_price,residential_sales,Ayuntamiento de Madrid,Colegio de Registradores de España,504020100060,15,97.7,True,True,28.89,low,5957.08,registered_transactions_2025,official_price_and_kaggle_features,-242.92000000000007,-3.9180645161290335,0.9608193548387096,DEST_003,Costillares,Ciudad Lineal,UC3M Campus de Leganés,2026-07-29,no_route,no_route,,,,,,,,,,,,,,,,,,,,,,,,,2,no_route,False,no_hay_ruta_en_ningun_sentido,False,ruta_incompleta
MAD-161,Palomas,Hortaleza,True,True,available,51,50,1,98.04,1.96,0.45,50,1316080.0,1100000.0,803750.0,1443750.0,640000.0,460000.0,5950000.0,4913.72,4853.8,3843.61,5445.21,1601.59,1424.32,33.0,4299.06,5227.27,928.21,19.12,258.31,50,2000,0.95,calculated,268.06,246.5,162.0,337.0,175.0,88.0,650.0,4.18,4.0,50,0,100.0,2.5,2.0,10,40,20.0,1.0,100.0,31,19,62.0,1.0,100.0,35,15,70.0,43.25,31.75,40.48,37.96,low,La estimación debe interpretarse con precaución por el tamaño de la muestra o la variabilidad de los precios.,residential_sale,asking_price,unknown,5435.02,,5367.21,102.82,,100.63,100,,98.75,True,False,True,2025,EUR_per_m2,mean_declared_transaction_price,residential_sales,Ayuntamiento de Madrid,Colegio de Registradores de España,504020100060,15,97.7,True,True,37.96,low,5435.02,registered_transactions_2025,official_price_and_kaggle_features,581.2200000000003,11.974535415550708,1.1197453541555071,DEST_001,Palomas,Hortaleza,Puerta del Sol,2026-07-29,success,success,2026-07-29T07:44:02+02:00,2026-07-29T08:50:10+02:00,BUS,223|52,Consorcio Regional de Transportes de Madrid|Información oficial: Consorcio Regional de Transportes de Madrid,66.13333333333334,29.266666666666666,13.0,2016.6,1.0,2026-07-29T18:00:00+02:00,2026-07-29T19:07:43+02:00,BUS,52|223,Información oficial: Consorcio Regional de Transportes de Madrid|Consorcio Regional de Transportes de Madrid,67.71666666666667,28.0,12.116666666666667,1931.02,1.0,133.85000000000002,57.266666666666666,25.116666666666667,2.0,0,complete_route,True,,True,usable
MAD-161,Palomas,Hortaleza,True,True,available,51,50,1,98.04,1.96,0.45,50,1316080.0,1100000.0,803750.0,1443750.0,640000.0,460000.0,5950000.0,4913.72,4853.8,3843.61,5445.21,1601.59,1424.32,33.0,4299.06,5227.27,928.21,19.12,258.31,50,2000,0.95,calculated,268.06,246.5,162.0,337.0,175.0,88.0,650.0,4.18,4.0,50,0,100.0,2.5,2.0,10,40,20.0,1.0,100.0,31,19,62.0,1.0,100.0,35,15,70.0,43.25,31.75,40.48,37.96,low,La estimación debe interpretarse con precaución por el tamaño de la muestra o la variabilidad de los precios.,residential_sale,asking_price,unknown,5435.02,,5367.21,102.82,,100.63,100,,98.75,True,False,True,2025,EUR_per_m2,mean_declared_transaction_price,residential_sales,Ayuntamiento de Madrid,Colegio de Registradores de España,504020100060,15,97.7,True,True,37.96,low,5435.02,registered_transactions_2025,official_price_and_kaggle_features,581.2200000000003,11.974535415550708,1.1197453541555071,DEST_002,Palomas,Hortaleza,Nuevos Ministerios,2026-07-29,success,success,2026-07-29T08:13:43+02:00,2026-07-29T08:58:31+02:00,BUS,224A,Consorcio Regional de Transportes de Madrid,44.8,44.8,0.0,3164.62,0.0,2026-07-29T18:00:00+02:00,2026-07-29T18:44:43+02:00,BUS,C1|223,Información oficial: Consorcio Regional de Transportes de Madrid|Consorcio Regional de Transportes de Madrid,44.71666666666667,22.03333333333333,8.966666666666667,1512.52,1.0,89.51666666666667,66.83333333333333,8.966666666666667,1.0,0,complete_route,True,,True,usable
MAD-161,Palomas,Hortaleza,True,True,available,51,50,1,98.04,1.96,0.45,50,1316080.0,1100000.0,803750.0,1443750.0,640000.0,460000.0,5950000.0,4913.72,4853.8,3843.61,5445.21,1601.59,1424.32,33.0,4299.06,5227.27,928.21,19.12,258.31,50,2000,0.95,calculated,268.06,246.5,162.0,337.0,175.0,88.0,650.0,4.18,4.0,50,0,100.0,2.5,2.0,10,40,20.0,1.0,100.0,31,19,62.0,1.0,100.0,35,15,70.0,43.25,31.75,40.48,37.96,low,La estimación debe interpretarse con precaución por el tamaño de la muestra o la variabilidad de los precios.,residential_sale,asking_price,unknown,5435.02,,5367.21,102.82,,100.63,100,,98.75,True,False,True,2025,EUR_per_m2,mean_declared_transaction_price,residential_sales,Ayuntamiento de Madrid,Colegio de Registradores de España,504020100060,15,97.7,True,True,37.96,low,5435.02,registered_transactions_2025,official_price_and_kaggle_features,581.2200000000003,11.974535415550708,1.1197453541555071,DEST_003,Palomas,Hortaleza,UC3M Campus de Leganés,2026-07-29,success,success,2026-07-29T06:39:02+02:00,2026-07-29T08:49:27+02:00,BUS,223|C1|E1|485,Consorcio Regional de Transportes de Madrid|Información oficial: Consorcio Regional de Transportes de Madrid,130.41666666666666,29.016666666666666,30.266666666666666,2016.06,3.0,2026-07-29T18:00:58+02:00,2026-07-29T20:16:28+02:00,BUS,480|E1|19|224A,Consorcio Regional de Transportes de Madrid|Información oficial: Consorcio Regional de Transportes de Madrid,135.5,31.03333333333333,22.08333333333333,2179.65,3.0,265.91666666666663,60.05,52.35,6.0,0,complete_route,True,,True,usable
MAD-162,Piovera,Hortaleza,True,True,available,105,103,2,98.1,1.9,0.93,103,2552383.5,1995000.0,1250000.0,3575000.0,2325000.0,190000.0,6950000.0,5796.0,5500.0,4782.61,6429.26,1646.65,1642.52,29.94,5095.54,5965.52,869.98,15.82,206.59,103,2000,0.95,calculated,487.18,400.0,200.0,670.0,470.0,27.0,1403.0,5.09,5.0,96,7,93.2,2.53,2.0,15,88,14.56,0.9429,94.29,35,68,33.98,0.9211,92.11,38,65,36.89,78.17,40.48,56.35,57.64,medium,La estimación presenta una estabilidad intermedia en comparación con el resto de barrios.,residential_sale,asking_price,unknown,6502.07,,6595.85,123.01,,123.67,100,,101.44,True,False,True,2025,EUR_per_m2,mean_declared_transaction_price,residential_sales,Ayuntamiento de Madrid,Colegio de Registradores de España,504020100060,15,97.7,True,True,57.64,medium,6502.07,registered_transactions_2025,official_price_and_kaggle_features,1002.0699999999996,18.219454545454543,1.1821945454545455,DEST_001,Piovera,Hortaleza,Puerta del Sol,2026-07-29,success,success,2026-07-29T07:44:40+02:00,2026-07-29T08:44:42+02:00,BUS,223|9,Consorcio Regional de Transportes de Madrid|Información oficial: Consorcio Regional de Transportes de Madrid,60.03333333333333,27.883333333333333,9.0,2088.49,1.0,2026-07-29T18:00:00+02:00,2026-07-29T19:11:51+02:00,BUS,52|223|224A,Información oficial: Consorcio Regional de Transportes de Madrid|Consorcio Regional de Transportes de Madrid,71.85,27.933333333333334,15.333333333333334,2033.52,2.0,131.88333333333333,55.81666666666666,24.333333333333336,3.0,0,complete_route,True,,True,usable
MAD-162,Piovera,Hortaleza,True,True,available,105,103,2,98.1,1.9,0.93,103,2552383.5,1995000.0,1250000.0,3575000.0,2325000.0,190000.0,6950000.0,5796.0,5500.0,4782.61,6429.26,1646.65,1642.52,29.94,5095.54,5965.52,869.98,15.82,206.59,103,2000,0.95,calculated,487.18,400.0,200.0,670.0,470.0,27.0,1403.0,5.09,5.0,96,7,93.2,2.53,2.0,15,88,14.56,0.9429,94.29,35,68,33.98,0.9211,92.11,38,65,36.89,78.17,40.48,56.35,57.64,medium,La estimación presenta una estabilidad intermedia en comparación con el resto de barrios.,residential_sale,asking_price,unknown,6502.07,,6595.85,123.01,,123.67,100,,101.44,True,False,True,2025,EUR_per_m2,mean_declared_transaction_price,residential_sales,Ayuntamiento de Madrid,Colegio de Registradores de España,504020100060,15,97.7,True,True,57.64,medium,6502.07,registered_transactions_2025,official_price_and_kaggle_features,1002.0699999999996,18.219454545454543,1.1821945454545455,DEST_002,Piovera,Hortaleza,Nuevos Ministerios,2026-07-29,success,success,2026-07-29T08:18:09+02:00,2026-07-29T08:58:31+02:00,BUS,224A,Consorcio Regional de Transportes de Madrid,40.36666666666667,40.36666666666667,0.0,2934.57,0.0,2026-07-29T18:03:00+02:00,2026-07-29T18:53:22+02:00,BUS,C1|224|223,Información oficial: Consorcio Regional de Transportes de Madrid|Consorcio Regional de Transportes de Madrid,50.36666666666667,21.966666666666665,13.4,1615.02,2.0,90.73333333333332,62.33333333333333,13.4,2.0,0,complete_route,True,,True,usable
MAD-162,Piovera,Hortaleza,True,True,available,105,103,2,98.1,1.9,0.93,103,2552383.5,1995000.0,1250000.0,3575000.0,2325000.0,190000.0,6950000.0,5796.0,5500.0,4782.61,6429.26,1646.65,1642.52,29.94,5095.54,5965.52,869.98,15.82,206.59,103,2000,0.95,calculated,487.18,400.0,200.0,670.0,470.0,27.0,1403.0,5.09,5.0,96,7,93.2,2.53,2.0,15,88,14.56,0.9429,94.29,35,68,33.98,0.9211,92.11,38,65,36.89,78.17,40.48,56.35,57.64,medium,La estimación presenta una estabilidad intermedia en comparación con el resto de barrios.,residential_sale,asking_price,unknown,6502.07,,6595.85,123.01,,123.67,100,,101.44,True,False,True,2025,EUR_per_m2,mean_declared_transaction_price,residential_sales,Ayuntamiento de Madrid,Colegio de Registradores de España,504020100060,15,97.7,True,True,57.64,medium,6502.07,registered_transactions_2025,official_price_and_kaggle_features,1002.0699999999996,18.219454545454543,1.1821945454545455,DEST_003,Piovera,Hortaleza,UC3M Campus de Leganés,2026-07-29,success,success,2026-07-29T06:44:40+02:00,2026-07-29T08:49:27+02:00,BUS,223|C1|E1|485,Consorcio Regional de Transportes de Madrid|Información oficial: Consorcio Regional de Transportes de Madrid,124.78333333333332,24.58333333333333,30.266666666666666,1786.0099999999998,3.0,2026-07-29T18:03:27+02:00,2026-07-29T20:23:22+02:00,BUS,485|E1|52|224|223,Consorcio Regional de Transportes de Madrid|Información oficial: Consorcio Regional de Transportes de Madrid,139.91666666666666,30.7,34.983333333333334,2221.2200000000003,4.0,264.7,55.28333333333333,65.25,7.0,0,complete_route,True,,True,usable
MAD-163,Canillas,Hortaleza,True,True,available,71,68,3,95.77,4.23,0.61,68,831391.18,530000.0,395000.0,990000.0,595000.0,219000.0,2500000.0,5017.1,5000.0,4355.16,5506.01,1150.85,979.77,23.02,4718.25,5110.99,392.74,7.85,97.78,68,2000,0.95,calculated,172.22,101.0,75.0,222.5,147.5,37.0,545.0,3.37,3.0,67,1,98.53,1.88,2.0,16,52,23.53,0.9524,95.24,42,26,61.76,1.0,100.0,42,26,61.76,53.17,85.71,83.33,73.73,medium,La estimación presenta una estabilidad intermedia en comparación con el resto de barrios.,residential_sale,asking_price,unknown,4785.95,5127.87,4731.96,90.54,101.71,88.72,100,107.14,98.87,True,True,True,2025,EUR_per_m2,mean_declared_transaction_price,residential_sales,Ayuntamiento de Madrid,Colegio de Registradores de España,504020100060,15,97.7,True,True,73.73,medium,4785.95,registered_transactions_2025,official_price_and_kaggle_features,-214.05000000000015,-4.281000000000003,0.95719,DEST_001,Canillas,Hortaleza,Puerta del Sol,2026-07-29,success,success,2026-07-29T07:29:00+02:00,2026-07-29T08:48:32+02:00,BUS,120|9,Información oficial: Consorcio Regional de Transportes de Madrid,79.53333333333333,11.166666666666666,22.0,790.87,1.0,2026-07-29T18:00:00+02:00,2026-07-29T19:22:31+02:00,BUS,9,Información oficial: Consorcio Regional de Transportes de Madrid,82.51666666666667,30.25,9.0,2275.77,0.0,162.05,41.41666666666666,31.0,1.0,0,complete_route,True,,True,usable
MAD-163,Canillas,Hortaleza,True,True,available,71,68,3,95.77,4.23,0.61,68,831391.18,530000.0,395000.0,990000.0,595000.0,219000.0,2500000.0,5017.1,5000.0,4355.16,5506.01,1150.85,979.77,23.02,4718.25,5110.99,392.74,7.85,97.78,68,2000,0.95,calculated,172.22,101.0,75.0,222.5,147.5,37.0,545.0,3.37,3.0,67,1,98.53,1.88,2.0,16,52,23.53,0.9524,95.24,42,26,61.76,1.0,100.0,42,26,61.76,53.17,85.71,83.33,73.73,medium,La estimación presenta una estabilidad intermedia en comparación con el resto de barrios.,residential_sale,asking_price,unknown,4785.95,5127.87,4731.96,90.54,101.71,88.72,100,107.14,98.87,True,True,True,2025,EUR_per_m2,mean_declared_transaction_price,residential_sales,Ayuntamiento de Madrid,Colegio de Registradores de España,504020100060,15,97.7,True,True,73.73,medium,4785.95,registered_transactions_2025,official_price_and_kaggle_features,-214.05000000000015,-4.281000000000003,0.95719,DEST_002,Canillas,Hortaleza,Nuevos Ministerios,2026-07-29,success,success,2026-07-29T08:01:00+02:00,2026-07-29T08:55:47+02:00,BUS,120,Información oficial: Consorcio Regional de Transportes de Madrid,54.78333333333333,13.4,13.0,974.29,0.0,2026-07-29T18:00:00+02:00,2026-07-29T18:54:20+02:00,BUS,120,Información oficial: Consorcio Regional de Transportes de Madrid,54.333333333333336,13.983333333333333,12.0,1022.19,0.0,109.11666666666667,27.383333333333333,25.0,0.0,0,complete_route,True,,True,usable
MAD-163,Canillas,Hortaleza,True,True,available,71,68,3,95.77,4.23,0.61,68,831391.18,530000.0,395000.0,990000.0,595000.0,219000.0,2500000.0,5017.1,5000.0,4355.16,5506.01,1150.85,979.77,23.02,4718.25,5110.99,392.74,7.85,97.78,68,2000,0.95,calculated,172.22,101.0,75.0,222.5,147.5,37.0,545.0,3.37,3.0,67,1,98.53,1.88,2.0,16,52,23.53,0.9524,95.24,42,26,61.76,1.0,100.0,42,26,61.76,53.17,85.71,83.33,73.73,medium,La estimación presenta una estabilidad intermedia en comparación con el resto de barrios.,residential_sale,asking_price,unknown,4785.95,5127.87,4731.96,90.54,101.71,88.72,100,107.14,98.87,True,True,True,2025,EUR_per_m2,mean_declared_transaction_price,residential_sales,Ayuntamiento de Madrid,Colegio de Registradores de España,504020100060,15,97.7,True,True,73.73,medium,4785.95,registered_transactions_2025,official_price_and_kaggle_features,-214.05000000000015,-4.281000000000003,0.95719,DEST_003,Canillas,Hortaleza,UC3M Campus de Leganés,2026-07-29,success,success,2026-07-29T06:43:00+02:00,2026-07-29T08:56:51+02:00,BUS,120|19|E1|482,Información oficial: Consorcio Regional de Transportes de Madrid|Consorcio Regional de Transportes de Madrid,133.85,19.316666666666663,39.266666666666666,1368.63,3.0,2026-07-29T18:00:58+02:00,2026-07-29T20:28:56+02:00,BUS,480|E1|9,Consorcio Regional de Transportes de Madrid|Información oficial: Consorcio Regional de Transportes de Madrid,147.96666666666667,26.5,24.0,1928.02,2.0,281.81666666666666,45.81666666666666,63.266666666666666,5.0,0,complete_route,True,,True,usable
MAD-164,Pinar del Rey,Hortaleza,True,True,available,59,53,6,89.83,10.17,0.48,53,584045.26,432000.0,250000.0,750000.0,500000.0,135000.0,1595000.0,4491.58,4244.68,3461.54,5000.0,1538.46,1606.46,36.24,3753.62,4578.31,824.69,19.43,206.61,53,2000,0.95,calculated,138.79,100.0,70.0,159.0,89.0,30.0,452.0,2.86,2.0,51,2,96.23,2.1,2.0,10,43,18.87,0.7609,76.09,46,7,86.79,1.0,100.0,37,16,69.81,46.03,30.16,19.84,33.13,low,La estimación debe interpretarse con precaución por el tamaño de la muestra o la variabilidad de los precios.,residential_sale,asking_price,unknown,4266.54,4332.88,4251.86,80.72,85.94,79.72,100,101.55,99.66,True,True,True,2025,EUR_per_m2,mean_declared_transaction_price,residential_sales,Ayuntamiento de Madrid,Colegio de Registradores de España,504020100060,15,97.7,True,True,33.13,low,4266.54,registered_transactions_2025,official_price_and_kaggle_features,21.859999999999676,0.5149975969919917,1.0051499759699198,DEST_001,Pinar del Rey,Hortaleza,Puerta del Sol,2026-07-29,success,success,2026-07-29T07:35:00+02:00,2026-07-29T08:46:03+02:00,BUS,9,Información oficial: Consorcio Regional de Transportes de Madrid,71.05,13.75,7.0,943.94,0.0,2026-07-29T18:00:00+02:00,2026-07-29T19:17:57+02:00,BUS,9,Información oficial: Consorcio Regional de Transportes de Madrid,77.95,17.033333333333335,9.0,1259.58,0.0,149.0,30.78333333333333,16.0,0.0,0,complete_route,True,,True,usable
MAD-164,Pinar del Rey,Hortaleza,True,True,available,59,53,6,89.83,10.17,0.48,53,584045.26,432000.0,250000.0,750000.0,500000.0,135000.0,1595000.0,4491.58,4244.68,3461.54,5000.0,1538.46,1606.46,36.24,3753.62,4578.31,824.69,19.43,206.61,53,2000,0.95,calculated,138.79,100.0,70.0,159.0,89.0,30.0,452.0,2.86,2.0,51,2,96.23,2.1,2.0,10,43,18.87,0.7609,76.09,46,7,86.79,1.0,100.0,37,16,69.81,46.03,30.16,19.84,33.13,low,La estimación debe interpretarse con precaución por el tamaño de la muestra o la variabilidad de los precios.,residential_sale,asking_price,unknown,4266.54,4332.88,4251.86,80.72,85.94,79.72,100,101.55,99.66,True,True,True,2025,EUR_per_m2,mean_declared_transaction_price,residential_sales,Ayuntamiento de Madrid,Colegio de Registradores de España,504020100060,15,97.7,True,True,33.13,low,4266.54,registered_transactions_2025,official_price_and_kaggle_features,21.859999999999676,0.5149975969919917,1.0051499759699198,DEST_002,Pinar del Rey,Hortaleza,Nuevos Ministerios,2026-07-29,success,success,2026-07-29T07:53:00+02:00,2026-07-29T08:56:57+02:00,BUS,87|40,Información oficial: Consorcio Regional de Transportes de Madrid,63.95,6.533333333333333,26.0,461.05,1.0,2026-07-29T18:00:00+02:00,2026-07-29T19:03:17+02:00,BUS,40|87,Información oficial: Consorcio Regional de Transportes de Madrid,63.28333333333333,8.833333333333334,25.0,557.02,1.0,127.23333333333332,15.366666666666667,51.0,2.0,0,complete_route,True,,True,usable
MAD-164,Pinar del Rey,Hortaleza,True,True,available,59,53,6,89.83,10.17,0.48,53,584045.26,432000.0,250000.0,750000.0,500000.0,135000.0,1595000.0,4491.58,4244.68,3461.54,5000.0,1538.46,1606.46,36.24,3753.62,4578.31,824.69,19.43,206.61,53,2000,0.95,calculated,138.79,100.0,70.0,159.0,89.0,30.0,452.0,2.86,2.0,51,2,96.23,2.1,2.0,10,43,18.87,0.7609,76.09,46,7,86.79,1.0,100.0,37,16,69.81,46.03,30.16,19.84,33.13,low,La estimación debe interpretarse con precaución por el tamaño de la muestra o la variabilidad de los precios.,residential_sale,asking_price,unknown,4266.54,4332.88,4251.86,80.72,85.94,79.72,100,101.55,99.66,True,True,True,2025,EUR_per_m2,mean_declared_transaction_price,residential_sales,Ayuntamiento de Madrid,Colegio de Registradores de España,504020100060,15,97.7,True,True,33.13,low,4266.54,registered_transactions_2025,official_price_and_kaggle_features,21.859999999999676,0.5149975969919917,1.0051499759699198,DEST_003,Pinar del Rey,Hortaleza,UC3M Campus de Leganés,2026-07-29,success,success,2026-07-29T06:45:00+02:00,2026-07-29T08:56:51+02:00,BUS,9|E1|482,Información oficial: Consorcio Regional de Transportes de Madrid|Consorcio Regional de Transportes de Madrid,131.85,15.566666666666666,23.183333333333334,1003.34,2.0,2026-07-29T18:00:58+02:00,2026-07-29T20:24:37+02:00,BUS,480|E1|9,Consorcio Regional de Transportes de Madrid|Información oficial: Consorcio Regional de Transportes de Madrid,143.65,11.7,24.0,757.87,2.0,275.5,27.266666666666666,47.18333333333334,4.0,0,complete_route,True,,True,usable
MAD-165,Apóstol Santiago,Hortaleza,True,True,available,12,12,0,100.0,0.0,0.11,12,433875.0,413500.0,335000.0,504250.0,169250.0,230000.0,890000.0,4835.21,4203.28,3500.72,5822.16,2321.44,1663.26,55.23,3486.59,6000.49,2513.9,59.81,817.2,12,2000,0.95,calculated,91.42,83.0,71.75,105.75,34.0,65.0,140.0,3.08,3.0,12,0,100.0,2.0,2.0,7,5,58.33,0.8182,81.82,11,1,91.67,1.0,100.0,11,1,91.67,3.57,0.79,3.97,2.56,low,"El intervalo se ha calculado, pero el número de anuncios sigue siendo reducido.",residential_sale,asking_price,unknown,4162.46,4605.35,4096.02,78.75,91.35,76.8,100,110.64,98.4,True,True,True,2025,EUR_per_m2,mean_declared_transaction_price,residential_sales,Ayuntamiento de Madrid,Colegio de Registradores de España,504020100060,15,97.7,True,True,2.56,low,4162.46,registered_transactions_2025,official_price_and_kaggle_features,-40.81999999999971,-0.9711463428560484,0.9902885365714396,DEST_001,Apóstol Santiago,Hortaleza,Puerta del Sol,2026-07-29,success,success,2026-07-29T07:37:00+02:00,2026-07-29T08:56:48+02:00,BUS,150,Información oficial: Consorcio Regional de Transportes de Madrid,79.8,19.683333333333334,10.0,1410.65,0.0,2026-07-29T18:00:00+02:00,2026-07-29T19:24:59+02:00,BUS,7,Información oficial: Consorcio Regional de Transportes de Madrid,84.98333333333333,23.016666666666666,13.0,1695.7199999999998,0.0,164.78333333333333,42.7,23.0,0.0,0,complete_route,True,,True,usable
MAD-165,Apóstol Santiago,Hortaleza,True,True,available,12,12,0,100.0,0.0,0.11,12,433875.0,413500.0,335000.0,504250.0,169250.0,230000.0,890000.0,4835.21,4203.28,3500.72,5822.16,2321.44,1663.26,55.23,3486.59,6000.49,2513.9,59.81,817.2,12,2000,0.95,calculated,91.42,83.0,71.75,105.75,34.0,65.0,140.0,3.08,3.0,12,0,100.0,2.0,2.0,7,5,58.33,0.8182,81.82,11,1,91.67,1.0,100.0,11,1,91.67,3.57,0.79,3.97,2.56,low,"El intervalo se ha calculado, pero el número de anuncios sigue siendo reducido.",residential_sale,asking_price,unknown,4162.46,4605.35,4096.02,78.75,91.35,76.8,100,110.64,98.4,True,True,True,2025,EUR_per_m2,mean_declared_transaction_price,residential_sales,Ayuntamiento de Madrid,Colegio de Registradores de España,504020100060,15,97.7,True,True,2.56,low,4162.46,registered_transactions_2025,official_price_and_kaggle_features,-40.81999999999971,-0.9711463428560484,0.9902885365714396,DEST_002,Apóstol Santiago,Hortaleza,Nuevos Ministerios,2026-07-29,success,success,2026-07-29T08:04:00+02:00,2026-07-29T08:58:32+02:00,BUS,150,Información oficial: Consorcio Regional de Transportes de Madrid,54.53333333333333,24.8,10.0,1876.08,0.0,2026-07-29T18:00:00+02:00,2026-07-29T18:54:51+02:00,BUS,7,Información oficial: Consorcio Regional de Transportes de Madrid,54.85,6.133333333333334,13.0,429.62,0.0,109.38333333333333,30.933333333333334,23.0,0.0,0,complete_route,True,,True,usable
MAD-165,Apóstol Santiago,Hortaleza,True,True,available,12,12,0,100.0,0.0,0.11,12,433875.0,413500.0,335000.0,504250.0,169250.0,230000.0,890000.0,4835.21,4203.28,3500.72,5822.16,2321.44,1663.26,55.23,3486.59,6000.49,2513.9,59.81,817.2,12,2000,0.95,calculated,91.42,83.0,71.75,105.75,34.0,65.0,140.0,3.08,3.0,12,0,100.0,2.0,2.0,7,5,58.33,0.8182,81.82,11,1,91.67,1.0,100.0,11,1,91.67,3.57,0.79,3.97,2.56,low,"El intervalo se ha calculado, pero el número de anuncios sigue siendo reducido.",residential_sale,asking_price,unknown,4162.46,4605.35,4096.02,78.75,91.35,76.8,100,110.64,98.4,True,True,True,2025,EUR_per_m2,mean_declared_transaction_price,residential_sales,Ayuntamiento de Madrid,Colegio de Registradores de España,504020100060,15,97.7,True,True,2.56,low,4162.46,registered_transactions_2025,official_price_and_kaggle_features,-40.81999999999971,-0.9711463428560484,0.9902885365714396,DEST_003,Apóstol Santiago,Hortaleza,UC3M Campus de Leganés,2026-07-29,success,success,2026-07-29T06:46:00+02:00,2026-07-29T08:56:51+02:00,BUS,29|19|E1|482,Información oficial: Consorcio Regional de Transportes de Madrid|Consorcio Regional de Transportes de Madrid,130.85,16.55,39.36666666666667,1150.69,3.0,2026-07-29T18:00:58+02:00,2026-07-29T20:31:06+02:00,BUS,480|E1|14,Consorcio Regional de Transportes de Madrid|Información oficial: Consorcio Regional de Transportes de Madrid,150.13333333333333,35.93333333333333,25.0,2696.37,2.0,280.9833333333333,52.48333333333333,64.36666666666667,5.0,0,complete_route,True,,True,usable
MAD-166,Valdefuentes,Hortaleza,True,True,available,146,143,3,97.95,2.05,1.29,143,693171.54,705000.0,467500.0,895000.0,427500.0,178000.0,1600000.0,5685.46,5528.85,4714.36,6300.68,1586.31,1592.54,28.69,5200.0,5714.29,514.29,9.3,126.17,143,2000,0.95,calculated,134.44,129.0,86.5,165.5,79.0,21.0,518.0,2.79,3.0,128,15,89.51,2.18,2.0,39,104,27.27,0.9848,98.48,132,11,92.31,1.0,100.0,131,12,91.61,87.3,80.95,63.49,78.81,high,La estimación presenta una estabilidad alta en comparación con el resto de barrios.,residential_sale,asking_price,unknown,5977.26,5655.9,6072.64,113.08,112.19,113.86,100,94.62,101.6,True,True,True,2025,EUR_per_m2,mean_declared_transaction_price,residential_sales,Ayuntamiento de Madrid,Colegio de Registradores de España,504020100060,15,97.7,True,True,78.81,high,5977.26,registered_transactions_2025,official_price_and_kaggle_features,448.4099999999999,8.110366531918931,1.0811036653191892,DEST_001,Valdefuentes,Hortaleza,Puerta del Sol,2026-07-29,success,success,2026-07-29T07:18:26+02:00,2026-07-29T08:59:21+02:00,BUS,183|27,Consorcio Regional de Transportes de Madrid|Información oficial: Consorcio Regional de Transportes de Madrid,100.91666666666669,54.73333333333333,7.0,4069.95,1.0,2026-07-29T18:05:00+02:00,2026-07-29T19:36:09+02:00,BUS,27|171,Información oficial: Consorcio Regional de Transportes de Madrid|Consorcio Regional de Transportes de Madrid,91.15,51.48333333333333,9.183333333333334,3929.52,1.0,192.0666666666667,106.21666666666664,16.183333333333334,2.0,0,complete_route,True,,True,usable
MAD-166,Valdefuentes,Hortaleza,True,True,available,146,143,3,97.95,2.05,1.29,143,693171.54,705000.0,467500.0,895000.0,427500.0,178000.0,1600000.0,5685.46,5528.85,4714.36,6300.68,1586.31,1592.54,28.69,5200.0,5714.29,514.29,9.3,126.17,143,2000,0.95,calculated,134.44,129.0,86.5,165.5,79.0,21.0,518.0,2.79,3.0,128,15,89.51,2.18,2.0,39,104,27.27,0.9848,98.48,132,11,92.31,1.0,100.0,131,12,91.61,87.3,80.95,63.49,78.81,high,La estimación presenta una estabilidad alta en comparación con el resto de barrios.,residential_sale,asking_price,unknown,5977.26,5655.9,6072.64,113.08,112.19,113.86,100,94.62,101.6,True,True,True,2025,EUR_per_m2,mean_declared_transaction_price,residential_sales,Ayuntamiento de Madrid,Colegio de Registradores de España,504020100060,15,97.7,True,True,78.81,high,5977.26,registered_transactions_2025,official_price_and_kaggle_features,448.4099999999999,8.110366531918931,1.0811036653191892,DEST_002,Valdefuentes,Hortaleza,Nuevos Ministerios,2026-07-29,success,success,2026-07-29T07:47:39+02:00,2026-07-29T08:55:47+02:00,TRAM|BUS,ML1|185|147,Consorcio Regional de Transportes de Madrid|Información oficial: Consorcio Regional de Transportes de Madrid,68.13333333333334,34.0,11.75,2515.24,2.0,2026-07-29T18:04:00+02:00,2026-07-29T19:11:14+02:00,BUS,S10|182,Información oficial: Consorcio Regional de Transportes de Madrid|Consorcio Regional de Transportes de Madrid,67.23333333333333,44.31666666666667,5.4,3262.08,1.0,135.36666666666667,78.31666666666666,17.15,3.0,0,complete_route,True,,True,usable
MAD-166,Valdefuentes,Hortaleza,True,True,available,146,143,3,97.95,2.05,1.29,143,693171.54,705000.0,467500.0,895000.0,427500.0,178000.0,1600000.0,5685.46,5528.85,4714.36,6300.68,1586.31,1592.54,28.69,5200.0,5714.29,514.29,9.3,126.17,143,2000,0.95,calculated,134.44,129.0,86.5,165.5,79.0,21.0,518.0,2.79,3.0,128,15,89.51,2.18,2.0,39,104,27.27,0.9848,98.48,132,11,92.31,1.0,100.0,131,12,91.61,87.3,80.95,63.49,78.81,high,La estimación presenta una estabilidad alta en comparación con el resto de barrios.,residential_sale,asking_price,unknown,5977.26,5655.9,6072.64,113.08,112.19,113.86,100,94.62,101.6,True,True,True,2025,EUR_per_m2,mean_declared_transaction_price,residential_sales,Ayuntamiento de Madrid,Colegio de Registradores de España,504020100060,15,97.7,True,True,78.81,high,5977.26,registered_transactions_2025,official_price_and_kaggle_features,448.4099999999999,8.110366531918931,1.0811036653191892,DEST_003,Valdefuentes,Hortaleza,UC3M Campus de Leganés,2026-07-29,success,success,2026-07-29T06:26:39+02:00,2026-07-29T08:56:51+02:00,TRAM|BUS,ML1|181|27|E1|482,Consorcio Regional de Transportes de Madrid|Información oficial: Consorcio Regional de Transportes de Madrid,150.2,38.46666666666667,25.166666666666668,2758.44,4.0,2026-07-29T18:03:27+02:00,2026-07-29T20:36:09+02:00,BUS,485|E1|27|171,Consorcio Regional de Transportes de Madrid|Información oficial: Consorcio Regional de Transportes de Madrid,152.7,43.8,26.75,3424.51,3.0,302.9,82.26666666666667,51.91666666666667,7.0,0,complete_route,True,,True,usable
MAD-171,Villaverde Alto - Casco Histórico de Villaverde,Villaverde,True,True,available,152,126,26,82.89,17.11,1.13,126,230042.58,211000.0,173148.75,270000.0,96851.25,82600.0,520000.0,2791.64,2734.78,2428.91,3201.32,772.41,607.88,28.24,2666.67,2894.9,228.23,8.35,70.26,126,2000,0.95,calculated,84.45,74.0,65.0,98.0,33.0,38.0,214.0,2.3,2.0,122,4,96.83,1.37,1.0,38,88,30.16,0.4715,47.15,123,3,97.62,0.9464,94.64,112,14,88.89,83.33,84.13,65.87,79.29,high,La estimación presenta una estabilidad alta en comparación con el resto de barrios.,residential_sale,asking_price,unknown,2928.26,,2901.12,55.4,,54.39,100,,99.07,True,False,True,2025,EUR_per_m2,mean_declared_transaction_price,residential_sales,Ayuntamiento de Madrid,Colegio de Registradores de España,504020100060,15,97.7,True,True,79.29,high,2928.26,registered_transactions_2025,official_price_and_kaggle_features,193.48,7.07479212221824,1.0707479212221824,DEST_001,Villaverde Alto - Casco Histórico de Villaverde,Villaverde,Puerta del Sol,2026-07-29,success,success,2026-07-29T07:40:29+02:00,2026-07-29T08:55:06+02:00,BUS,423|6,Consorcio Regional de Transportes de Madrid|Información oficial: Consorcio Regional de Transportes de Madrid,74.61666666666666,36.833333333333336,11.0,2620.43,1.0,2026-07-29T18:01:00+02:00,2026-07-29T19:14:09+02:00,BUS,23|424,Información oficial: Consorcio Regional de Transportes de Madrid|Consorcio Regional de Transportes de Madrid,73.15,33.53333333333333,11.066666666666666,2494.56,1.0,147.76666666666665,70.36666666666667,22.066666666666663,2.0,0,complete_route,True,,True,usable
MAD-171,Villaverde Alto - Casco Histórico de Villaverde,Villaverde,True,True,available,152,126,26,82.89,17.11,1.13,126,230042.58,211000.0,173148.75,270000.0,96851.25,82600.0,520000.0,2791.64,2734.78,2428.91,3201.32,772.41,607.88,28.24,2666.67,2894.9,228.23,8.35,70.26,126,2000,0.95,calculated,84.45,74.0,65.0,98.0,33.0,38.0,214.0,2.3,2.0,122,4,96.83,1.37,1.0,38,88,30.16,0.4715,47.15,123,3,97.62,0.9464,94.64,112,14,88.89,83.33,84.13,65.87,79.29,high,La estimación presenta una estabilidad alta en comparación con el resto de barrios.,residential_sale,asking_price,unknown,2928.26,,2901.12,55.4,,54.39,100,,99.07,True,False,True,2025,EUR_per_m2,mean_declared_transaction_price,residential_sales,Ayuntamiento de Madrid,Colegio de Registradores de España,504020100060,15,97.7,True,True,79.29,high,2928.26,registered_transactions_2025,official_price_and_kaggle_features,193.48,7.07479212221824,1.0707479212221824,DEST_002,Villaverde Alto - Casco Histórico de Villaverde,Villaverde,Nuevos Ministerios,2026-07-29,success,success,2026-07-29T07:27:49+02:00,2026-07-29T08:51:10+02:00,BUS,432|423|45,Consorcio Regional de Transportes de Madrid|Información oficial: Consorcio Regional de Transportes de Madrid,83.35,17.433333333333334,17.266666666666666,1208.88,2.0,2026-07-29T18:03:00+02:00,2026-07-29T19:30:23+02:00,BUS,19|423|448,Información oficial: Consorcio Regional de Transportes de Madrid|Consorcio Regional de Transportes de Madrid,87.38333333333334,20.15,15.216666666666669,1420.21,2.0,170.73333333333335,37.58333333333333,32.483333333333334,4.0,0,complete_route,True,,True,usable
MAD-171,Villaverde Alto - Casco Histórico de Villaverde,Villaverde,True,True,available,152,126,26,82.89,17.11,1.13,126,230042.58,211000.0,173148.75,270000.0,96851.25,82600.0,520000.0,2791.64,2734.78,2428.91,3201.32,772.41,607.88,28.24,2666.67,2894.9,228.23,8.35,70.26,126,2000,0.95,calculated,84.45,74.0,65.0,98.0,33.0,38.0,214.0,2.3,2.0,122,4,96.83,1.37,1.0,38,88,30.16,0.4715,47.15,123,3,97.62,0.9464,94.64,112,14,88.89,83.33,84.13,65.87,79.29,high,La estimación presenta una estabilidad alta en comparación con el resto de barrios.,residential_sale,asking_price,unknown,2928.26,,2901.12,55.4,,54.39,100,,99.07,True,False,True,2025,EUR_per_m2,mean_declared_transaction_price,residential_sales,Ayuntamiento de Madrid,Colegio de Registradores de España,504020100060,15,97.7,True,True,79.29,high,2928.26,registered_transactions_2025,official_price_and_kaggle_features,193.48,7.07479212221824,1.0707479212221824,DEST_003,Villaverde Alto - Casco Histórico de Villaverde,Villaverde,UC3M Campus de Leganés,2026-07-29,success,success,2026-07-29T07:48:10+02:00,2026-07-29T08:32:11+02:00,BUS,432,Consorcio Regional de Transportes de Madrid,44.016666666666666,4.15,0.0,308.51,0.0,2026-07-29T18:04:55+02:00,2026-07-29T18:41:35+02:00,BUS,485|432,Consorcio Regional de Transportes de Madrid,36.66666666666666,3.316666666666667,8.6,244.04,1.0,80.68333333333332,7.466666666666667,8.6,1.0,0,complete_route,True,,True,usable
MAD-172,San Cristóbal,Villaverde,True,True,available,40,22,18,55.0,45.0,0.2,22,140040.91,131250.0,118000.0,174000.0,56000.0,68400.0,214900.0,2395.76,2237.9,1956.42,2652.88,696.46,731.5,31.12,2020.86,2360.79,339.93,15.19,107.07,22,2000,0.95,calculated,59.95,60.0,50.25,64.5,14.25,44.0,91.0,2.55,3.0,22,0,100.0,1.0,1.0,8,14,36.36,0.1905,19.05,21,1,95.45,1.0,100.0,19,3,86.36,15.87,46.03,50.79,36.67,low,La estimación debe interpretarse con precaución por el tamaño de la muestra o la variabilidad de los precios.,residential_sale,asking_price,unknown,1909.6,1746.72,1942.18,36.13,34.65,36.41,100,91.47,101.71,True,True,True,2025,EUR_per_m2,mean_declared_transaction_price,residential_sales,Ayuntamiento de Madrid,Colegio de Registradores de España,504020100060,15,97.7,True,True,36.67,low,1909.6,registered_transactions_2025,official_price_and_kaggle_features,-328.3000000000002,-14.670003127932445,0.8532999687206756,DEST_001,San Cristóbal,Villaverde,Puerta del Sol,2026-07-29,success,success,2026-07-29T07:44:49+02:00,2026-07-29T08:55:06+02:00,BUS,423|6,Consorcio Regional de Transportes de Madrid|Información oficial: Consorcio Regional de Transportes de Madrid,70.28333333333333,32.5,11.0,2427.86,1.0,2026-07-29T18:01:00+02:00,2026-07-29T19:10:26+02:00,BUS,23|424,Información oficial: Consorcio Regional de Transportes de Madrid|Consorcio Regional de Transportes de Madrid,69.43333333333334,29.816666666666663,11.066666666666666,2130.89,1.0,139.71666666666667,62.31666666666666,22.066666666666663,2.0,0,complete_route,True,,True,usable
MAD-172,San Cristóbal,Villaverde,True,True,available,40,22,18,55.0,45.0,0.2,22,140040.91,131250.0,118000.0,174000.0,56000.0,68400.0,214900.0,2395.76,2237.9,1956.42,2652.88,696.46,731.5,31.12,2020.86,2360.79,339.93,15.19,107.07,22,2000,0.95,calculated,59.95,60.0,50.25,64.5,14.25,44.0,91.0,2.55,3.0,22,0,100.0,1.0,1.0,8,14,36.36,0.1905,19.05,21,1,95.45,1.0,100.0,19,3,86.36,15.87,46.03,50.79,36.67,low,La estimación debe interpretarse con precaución por el tamaño de la muestra o la variabilidad de los precios.,residential_sale,asking_price,unknown,1909.6,1746.72,1942.18,36.13,34.65,36.41,100,91.47,101.71,True,True,True,2025,EUR_per_m2,mean_declared_transaction_price,residential_sales,Ayuntamiento de Madrid,Colegio de Registradores de España,504020100060,15,97.7,True,True,36.67,low,1909.6,registered_transactions_2025,official_price_and_kaggle_features,-328.3000000000002,-14.670003127932445,0.8532999687206756,DEST_002,San Cristóbal,Villaverde,Nuevos Ministerios,2026-07-29,success,success,2026-07-29T07:25:01+02:00,2026-07-29T08:51:10+02:00,BUS,423|45,Consorcio Regional de Transportes de Madrid|Información oficial: Consorcio Regional de Transportes de Madrid,86.15,36.81666666666667,11.0,2692.8500000000004,1.0,2026-07-29T18:01:00+02:00,2026-07-29T19:29:08+02:00,BUS,19|422,Información oficial: Consorcio Regional de Transportes de Madrid|Consorcio Regional de Transportes de Madrid,88.13333333333334,34.03333333333333,7.583333333333333,2420.15,1.0,174.28333333333336,70.85,18.58333333333333,2.0,0,complete_route,True,,True,usable
MAD-172,San Cristóbal,Villaverde,True,True,available,40,22,18,55.0,45.0,0.2,22,140040.91,131250.0,118000.0,174000.0,56000.0,68400.0,214900.0,2395.76,2237.9,1956.42,2652.88,696.46,731.5,31.12,2020.86,2360.79,339.93,15.19,107.07,22,2000,0.95,calculated,59.95,60.0,50.25,64.5,14.25,44.0,91.0,2.55,3.0,22,0,100.0,1.0,1.0,8,14,36.36,0.1905,19.05,21,1,95.45,1.0,100.0,19,3,86.36,15.87,46.03,50.79,36.67,low,La estimación debe interpretarse con precaución por el tamaño de la muestra o la variabilidad de los precios.,residential_sale,asking_price,unknown,1909.6,1746.72,1942.18,36.13,34.65,36.41,100,91.47,101.71,True,True,True,2025,EUR_per_m2,mean_declared_transaction_price,residential_sales,Ayuntamiento de Madrid,Colegio de Registradores de España,504020100060,15,97.7,True,True,36.67,low,1909.6,registered_transactions_2025,official_price_and_kaggle_features,-328.3000000000002,-14.670003127932445,0.8532999687206756,DEST_003,San Cristóbal,Villaverde,UC3M Campus de Leganés,2026-07-29,success,success,2026-07-29T07:40:00+02:00,2026-07-29T08:48:47+02:00,BUS,447|450,Consorcio Regional de Transportes de Madrid,68.78333333333333,10.316666666666666,3.1333333333333333,738.1,1.0,2026-07-29T18:04:55+02:00,2026-07-29T19:12:28+02:00,BUS,485|432,Consorcio Regional de Transportes de Madrid,67.55,23.883333333333333,8.6,1771.21,1.0,136.33333333333331,34.2,11.733333333333333,2.0,0,complete_route,True,,True,usable
MAD-173,Butarque,Villaverde,True,True,available,24,18,6,75.0,25.0,0.16,18,282461.11,286000.0,225625.0,339900.0,114275.0,169000.0,435000.0,2784.38,2954.2,2536.62,3131.85,595.23,634.27,20.15,2547.5,3116.7,569.2,19.27,156.21,18,2000,0.95,calculated,107.83,113.5,73.0,135.0,62.0,55.0,179.0,2.39,2.5,18,0,100.0,1.86,2.0,7,11,38.89,0.7647,76.47,17,1,94.44,1.0,100.0,16,2,88.89,9.92,30.95,89.68,38.27,low,La estimación debe interpretarse con precaución por el tamaño de la muestra o la variabilidad de los precios.,residential_sale,asking_price,unknown,3143.01,2580.54,3236.76,59.46,51.19,60.69,100,82.1,102.98,True,True,True,2025,EUR_per_m2,mean_declared_transaction_price,residential_sales,Ayuntamiento de Madrid,Colegio de Registradores de España,504020100060,15,97.7,True,True,38.27,low,3143.01,registered_transactions_2025,official_price_and_kaggle_features,188.8100000000004,6.391239591090664,1.0639123959109067,DEST_001,Butarque,Villaverde,Puerta del Sol,2026-07-29,success,success,2026-07-29T07:34:00+02:00,2026-07-29T08:55:06+02:00,BUS,85|423|6,Información oficial: Consorcio Regional de Transportes de Madrid|Consorcio Regional de Transportes de Madrid,81.1,15.916666666666666,22.48333333333333,1160.58,2.0,2026-07-29T18:01:00+02:00,2026-07-29T19:25:06+02:00,BUS,23|424|85,Información oficial: Consorcio Regional de Transportes de Madrid|Consorcio Regional de Transportes de Madrid,84.1,16.85,23.066666666666663,1176.6,2.0,165.2,32.766666666666666,45.55,4.0,0,complete_route,True,,True,usable
MAD-173,Butarque,Villaverde,True,True,available,24,18,6,75.0,25.0,0.16,18,282461.11,286000.0,225625.0,339900.0,114275.0,169000.0,435000.0,2784.38,2954.2,2536.62,3131.85,595.23,634.27,20.15,2547.5,3116.7,569.2,19.27,156.21,18,2000,0.95,calculated,107.83,113.5,73.0,135.0,62.0,55.0,179.0,2.39,2.5,18,0,100.0,1.86,2.0,7,11,38.89,0.7647,76.47,17,1,94.44,1.0,100.0,16,2,88.89,9.92,30.95,89.68,38.27,low,La estimación debe interpretarse con precaución por el tamaño de la muestra o la variabilidad de los precios.,residential_sale,asking_price,unknown,3143.01,2580.54,3236.76,59.46,51.19,60.69,100,82.1,102.98,True,True,True,2025,EUR_per_m2,mean_declared_transaction_price,residential_sales,Ayuntamiento de Madrid,Colegio de Registradores de España,504020100060,15,97.7,True,True,38.27,low,3143.01,registered_transactions_2025,official_price_and_kaggle_features,188.8100000000004,6.391239591090664,1.0639123959109067,DEST_002,Butarque,Villaverde,Nuevos Ministerios,2026-07-29,success,success,2026-07-29T07:18:00+02:00,2026-07-29T08:59:42+02:00,BUS,85|27,Información oficial: Consorcio Regional de Transportes de Madrid,101.7,5.833333333333333,16.0,375.47,1.0,2026-07-29T18:00:00+02:00,2026-07-29T19:26:38+02:00,BUS,19|411,Información oficial: Consorcio Regional de Transportes de Madrid|Consorcio Regional de Transportes de Madrid,86.63333333333334,20.366666666666667,7.566666666666666,1478.13,1.0,188.33333333333331,26.2,23.566666666666663,2.0,0,complete_route,True,,True,usable
MAD-173,Butarque,Villaverde,True,True,available,24,18,6,75.0,25.0,0.16,18,282461.11,286000.0,225625.0,339900.0,114275.0,169000.0,435000.0,2784.38,2954.2,2536.62,3131.85,595.23,634.27,20.15,2547.5,3116.7,569.2,19.27,156.21,18,2000,0.95,calculated,107.83,113.5,73.0,135.0,62.0,55.0,179.0,2.39,2.5,18,0,100.0,1.86,2.0,7,11,38.89,0.7647,76.47,17,1,94.44,1.0,100.0,16,2,88.89,9.92,30.95,89.68,38.27,low,La estimación debe interpretarse con precaución por el tamaño de la muestra o la variabilidad de los precios.,residential_sale,asking_price,unknown,3143.01,2580.54,3236.76,59.46,51.19,60.69,100,82.1,102.98,True,True,True,2025,EUR_per_m2,mean_declared_transaction_price,residential_sales,Ayuntamiento de Madrid,Colegio de Registradores de España,504020100060,15,97.7,True,True,38.27,low,3143.01,registered_transactions_2025,official_price_and_kaggle_features,188.8100000000004,6.391239591090664,1.0639123959109067,DEST_003,Butarque,Villaverde,UC3M Campus de Leganés,2026-07-29,success,success,2026-07-29T07:23:11+02:00,2026-07-29T08:48:47+02:00,BUS,447|450,Consorcio Regional de Transportes de Madrid,85.6,27.133333333333333,3.1333333333333333,2015.1,1.0,2026-07-29T18:04:55+02:00,2026-07-29T19:23:48+02:00,BUS,485|432|85,Consorcio Regional de Transportes de Madrid|Información oficial: Consorcio Regional de Transportes de Madrid,78.88333333333334,7.583333333333333,20.6,557.28,2.0,164.48333333333335,34.71666666666667,23.73333333333333,3.0,0,complete_route,True,,True,usable
MAD-174,Los Rosales,Villaverde,True,True,available,58,40,18,68.97,31.03,0.36,40,194104.85,177500.0,150000.0,209875.0,59875.0,63000.0,450000.0,2742.03,2643.31,2221.06,3104.25,883.19,923.32,33.41,2299.55,2970.59,671.04,25.39,151.27,40,2000,0.95,calculated,73.97,71.5,58.0,84.0,26.0,35.0,150.0,2.69,3.0,39,1,97.5,1.43,1.0,7,33,17.5,0.2895,28.95,38,2,95.0,0.9714,97.14,35,5,87.5,35.32,14.29,38.1,27.6,low,La estimación debe interpretarse con precaución por el tamaño de la muestra o la variabilidad de los precios.,residential_sale,asking_price,unknown,2807.4,2788.24,2812.21,53.11,55.31,52.73,100,99.32,100.17,True,True,True,2025,EUR_per_m2,mean_declared_transaction_price,residential_sales,Ayuntamiento de Madrid,Colegio de Registradores de España,504020100060,15,97.7,True,True,27.6,low,2807.4,registered_transactions_2025,official_price_and_kaggle_features,164.09000000000017,6.207747104955534,1.0620774710495553,DEST_001,Los Rosales,Villaverde,Puerta del Sol,2026-07-29,success,success,2026-07-29T07:56:42+02:00,2026-07-29T08:55:06+02:00,BUS,423|6,Consorcio Regional de Transportes de Madrid|Información oficial: Consorcio Regional de Transportes de Madrid,58.4,20.616666666666667,11.0,1426.68,1.0,2026-07-29T18:08:00+02:00,2026-07-29T19:11:54+02:00,BUS,45|423,Información oficial: Consorcio Regional de Transportes de Madrid|Consorcio Regional de Transportes de Madrid,63.9,26.55,12.666666666666666,1785.66,1.0,122.3,47.16666666666667,23.666666666666664,2.0,0,complete_route,True,,True,usable
MAD-174,Los Rosales,Villaverde,True,True,available,58,40,18,68.97,31.03,0.36,40,194104.85,177500.0,150000.0,209875.0,59875.0,63000.0,450000.0,2742.03,2643.31,2221.06,3104.25,883.19,923.32,33.41,2299.55,2970.59,671.04,25.39,151.27,40,2000,0.95,calculated,73.97,71.5,58.0,84.0,26.0,35.0,150.0,2.69,3.0,39,1,97.5,1.43,1.0,7,33,17.5,0.2895,28.95,38,2,95.0,0.9714,97.14,35,5,87.5,35.32,14.29,38.1,27.6,low,La estimación debe interpretarse con precaución por el tamaño de la muestra o la variabilidad de los precios.,residential_sale,asking_price,unknown,2807.4,2788.24,2812.21,53.11,55.31,52.73,100,99.32,100.17,True,True,True,2025,EUR_per_m2,mean_declared_transaction_price,residential_sales,Ayuntamiento de Madrid,Colegio de Registradores de España,504020100060,15,97.7,True,True,27.6,low,2807.4,registered_transactions_2025,official_price_and_kaggle_features,164.09000000000017,6.207747104955534,1.0620774710495553,DEST_002,Los Rosales,Villaverde,Nuevos Ministerios,2026-07-29,success,success,2026-07-29T07:36:54+02:00,2026-07-29T08:51:10+02:00,BUS,423|45,Consorcio Regional de Transportes de Madrid|Información oficial: Consorcio Regional de Transportes de Madrid,74.26666666666667,24.933333333333334,11.0,1691.67,1.0,2026-07-29T18:00:00+02:00,2026-07-29T19:19:57+02:00,BUS,19|411,Información oficial: Consorcio Regional de Transportes de Madrid|Consorcio Regional de Transportes de Madrid,79.95,19.683333333333334,7.566666666666666,1377.91,1.0,154.21666666666667,44.61666666666667,18.566666666666663,2.0,0,complete_route,True,,True,usable
MAD-174,Los Rosales,Villaverde,True,True,available,58,40,18,68.97,31.03,0.36,40,194104.85,177500.0,150000.0,209875.0,59875.0,63000.0,450000.0,2742.03,2643.31,2221.06,3104.25,883.19,923.32,33.41,2299.55,2970.59,671.04,25.39,151.27,40,2000,0.95,calculated,73.97,71.5,58.0,84.0,26.0,35.0,150.0,2.69,3.0,39,1,97.5,1.43,1.0,7,33,17.5,0.2895,28.95,38,2,95.0,0.9714,97.14,35,5,87.5,35.32,14.29,38.1,27.6,low,La estimación debe interpretarse con precaución por el tamaño de la muestra o la variabilidad de los precios.,residential_sale,asking_price,unknown,2807.4,2788.24,2812.21,53.11,55.31,52.73,100,99.32,100.17,True,True,True,2025,EUR_per_m2,mean_declared_transaction_price,residential_sales,Ayuntamiento de Madrid,Colegio de Registradores de España,504020100060,15,97.7,True,True,27.6,low,2807.4,registered_transactions_2025,official_price_and_kaggle_features,164.09000000000017,6.207747104955534,1.0620774710495553,DEST_003,Los Rosales,Villaverde,UC3M Campus de Leganés,2026-07-29,success,success,2026-07-29T07:33:41+02:00,2026-07-29T08:48:47+02:00,BUS,447|450,Consorcio Regional de Transportes de Madrid,75.1,11.433333333333334,3.1333333333333333,807.98,1.0,2026-07-29T18:04:55+02:00,2026-07-29T19:01:08+02:00,BUS,485|432,Consorcio Regional de Transportes de Madrid,56.21666666666667,12.55,8.6,849.01,1.0,131.31666666666666,23.98333333333333,11.733333333333333,2.0,0,complete_route,True,,True,usable
MAD-175,Ángeles,Villaverde,True,True,available,40,30,10,75.0,25.0,0.27,30,248346.67,260000.0,172475.0,306750.0,134275.0,69600.0,456000.0,2846.65,2787.67,2282.95,3537.51,1254.55,903.14,45.0,2474.62,3060.45,585.83,21.02,143.38,30,2000,0.95,calculated,86.83,87.5,63.5,101.75,38.25,50.0,150.0,2.83,3.0,30,0,100.0,1.5,1.5,6,24,20.0,0.6897,68.97,29,1,96.67,1.0,100.0,29,1,96.67,25.0,23.02,7.94,19.94,low,La estimación debe interpretarse con precaución por el tamaño de la muestra o la variabilidad de los precios.,residential_sale,asking_price,unknown,2956.03,,2898.11,55.92,,54.34,100,,98.04,True,False,True,2025,EUR_per_m2,mean_declared_transaction_price,residential_sales,Ayuntamiento de Madrid,Colegio de Registradores de España,504020100060,15,97.7,True,True,19.94,low,2956.03,registered_transactions_2025,official_price_and_kaggle_features,168.36000000000013,6.039452302460482,1.0603945230246048,DEST_001,Ángeles,Villaverde,Puerta del Sol,2026-07-29,success,success,2026-07-29T07:52:49+02:00,2026-07-29T08:55:06+02:00,BUS,423|6,Consorcio Regional de Transportes de Madrid|Información oficial: Consorcio Regional de Transportes de Madrid,62.28333333333333,24.5,11.0,1722.29,1.0,2026-07-29T18:01:00+02:00,2026-07-29T19:03:33+02:00,BUS,23|424,Información oficial: Consorcio Regional de Transportes de Madrid|Consorcio Regional de Transportes de Madrid,62.55,22.933333333333334,11.066666666666666,1667.04,1.0,124.83333333333331,47.43333333333334,22.066666666666663,2.0,0,complete_route,True,,True,usable
MAD-175,Ángeles,Villaverde,True,True,available,40,30,10,75.0,25.0,0.27,30,248346.67,260000.0,172475.0,306750.0,134275.0,69600.0,456000.0,2846.65,2787.67,2282.95,3537.51,1254.55,903.14,45.0,2474.62,3060.45,585.83,21.02,143.38,30,2000,0.95,calculated,86.83,87.5,63.5,101.75,38.25,50.0,150.0,2.83,3.0,30,0,100.0,1.5,1.5,6,24,20.0,0.6897,68.97,29,1,96.67,1.0,100.0,29,1,96.67,25.0,23.02,7.94,19.94,low,La estimación debe interpretarse con precaución por el tamaño de la muestra o la variabilidad de los precios.,residential_sale,asking_price,unknown,2956.03,,2898.11,55.92,,54.34,100,,98.04,True,False,True,2025,EUR_per_m2,mean_declared_transaction_price,residential_sales,Ayuntamiento de Madrid,Colegio de Registradores de España,504020100060,15,97.7,True,True,19.94,low,2956.03,registered_transactions_2025,official_price_and_kaggle_features,168.36000000000013,6.039452302460482,1.0603945230246048,DEST_002,Ángeles,Villaverde,Nuevos Ministerios,2026-07-29,success,success,2026-07-29T07:33:01+02:00,2026-07-29T08:51:10+02:00,BUS,423|45,Consorcio Regional de Transportes de Madrid|Información oficial: Consorcio Regional de Transportes de Madrid,78.15,28.816666666666663,11.0,1987.28,1.0,2026-07-29T18:00:00+02:00,2026-07-29T19:21:40+02:00,BUS,19|411,Información oficial: Consorcio Regional de Transportes de Madrid|Consorcio Regional de Transportes de Madrid,81.66666666666667,25.4,7.566666666666666,1774.77,1.0,159.81666666666666,54.21666666666666,18.566666666666663,2.0,0,complete_route,True,,True,usable
MAD-175,Ángeles,Villaverde,True,True,available,40,30,10,75.0,25.0,0.27,30,248346.67,260000.0,172475.0,306750.0,134275.0,69600.0,456000.0,2846.65,2787.67,2282.95,3537.51,1254.55,903.14,45.0,2474.62,3060.45,585.83,21.02,143.38,30,2000,0.95,calculated,86.83,87.5,63.5,101.75,38.25,50.0,150.0,2.83,3.0,30,0,100.0,1.5,1.5,6,24,20.0,0.6897,68.97,29,1,96.67,1.0,100.0,29,1,96.67,25.0,23.02,7.94,19.94,low,La estimación debe interpretarse con precaución por el tamaño de la muestra o la variabilidad de los precios.,residential_sale,asking_price,unknown,2956.03,,2898.11,55.92,,54.34,100,,98.04,True,False,True,2025,EUR_per_m2,mean_declared_transaction_price,residential_sales,Ayuntamiento de Madrid,Colegio de Registradores de España,504020100060,15,97.7,True,True,19.94,low,2956.03,registered_transactions_2025,official_price_and_kaggle_features,168.36000000000013,6.039452302460482,1.0603945230246048,DEST_003,Ángeles,Villaverde,UC3M Campus de Leganés,2026-07-29,success,success,2026-07-29T07:36:00+02:00,2026-07-29T08:56:51+02:00,BUS,131|485|482,Información oficial: Consorcio Regional de Transportes de Madrid|Consorcio Regional de Transportes de Madrid,80.85,16.066666666666666,16.783333333333335,1140.9699999999998,2.0,2026-07-29T18:04:55+02:00,2026-07-29T18:57:25+02:00,BUS,485|432,Consorcio Regional de Transportes de Madrid,52.5,13.25,8.6,979.54,1.0,133.35,29.316666666666663,25.383333333333333,3.0,0,complete_route,True,,True,usable
MAD-181,Casco Histórico de Vallecas,Villa de Vallecas,True,True,available,82,74,8,90.24,9.76,0.67,74,226402.8,195175.5,171012.5,244500.0,73487.5,61000.0,679000.0,2834.85,2699.84,2376.6,3213.3,836.7,769.99,30.99,2529.39,2815.34,285.95,10.59,81.0,74,2000,0.95,calculated,79.96,76.5,55.0,89.75,34.75,37.0,154.0,2.53,2.0,72,2,97.3,1.26,1.0,23,51,31.08,0.4,40.0,70,4,94.59,0.9403,94.03,67,7,90.54,59.13,73.02,51.59,62.8,medium,La estimación presenta una estabilidad intermedia en comparación con el resto de barrios.,residential_sale,asking_price,unknown,2915.21,3038.78,2884.21,55.15,60.28,54.08,100,104.24,98.94,True,True,True,2025,EUR_per_m2,mean_declared_transaction_price,residential_sales,Ayuntamiento de Madrid,Colegio de Registradores de España,504020100060,15,97.7,True,True,62.8,medium,2915.21,registered_transactions_2025,official_price_and_kaggle_features,215.3699999999999,7.9771393860376865,1.0797713938603768,DEST_001,Casco Histórico de Vallecas,Villa de Vallecas,Puerta del Sol,2026-07-29,success,success,2026-07-29T06:58:00+02:00,2026-07-29T08:59:02+02:00,BUS,145|32,Información oficial: Consorcio Regional de Transportes de Madrid,121.03333333333332,41.28333333333333,24.0,3157.72,1.0,2026-07-29T18:00:00+02:00,2026-07-29T20:03:29+02:00,BUS,14|145,Información oficial: Consorcio Regional de Transportes de Madrid,123.48333333333332,48.583333333333336,24.0,3757.69,1.0,244.51666666666665,89.86666666666667,48.0,2.0,0,complete_route,True,,True,usable
MAD-181,Casco Histórico de Vallecas,Villa de Vallecas,True,True,available,82,74,8,90.24,9.76,0.67,74,226402.8,195175.5,171012.5,244500.0,73487.5,61000.0,679000.0,2834.85,2699.84,2376.6,3213.3,836.7,769.99,30.99,2529.39,2815.34,285.95,10.59,81.0,74,2000,0.95,calculated,79.96,76.5,55.0,89.75,34.75,37.0,154.0,2.53,2.0,72,2,97.3,1.26,1.0,23,51,31.08,0.4,40.0,70,4,94.59,0.9403,94.03,67,7,90.54,59.13,73.02,51.59,62.8,medium,La estimación presenta una estabilidad intermedia en comparación con el resto de barrios.,residential_sale,asking_price,unknown,2915.21,3038.78,2884.21,55.15,60.28,54.08,100,104.24,98.94,True,True,True,2025,EUR_per_m2,mean_declared_transaction_price,residential_sales,Ayuntamiento de Madrid,Colegio de Registradores de España,504020100060,15,97.7,True,True,62.8,medium,2915.21,registered_transactions_2025,official_price_and_kaggle_features,215.3699999999999,7.9771393860376865,1.0797713938603768,DEST_002,Casco Histórico de Vallecas,Villa de Vallecas,Nuevos Ministerios,2026-07-29,success,success,2026-07-29T06:40:00+02:00,2026-07-29T08:59:56+02:00,BUS,145|C2,Información oficial: Consorcio Regional de Transportes de Madrid,139.93333333333334,39.25,21.0,2924.08,1.0,2026-07-29T18:00:00+02:00,2026-07-29T20:15:51+02:00,BUS,14|145,Información oficial: Consorcio Regional de Transportes de Madrid,135.85,37.53333333333333,24.0,2853.0,1.0,275.7833333333333,76.78333333333333,45.0,2.0,0,complete_route,True,,True,usable
MAD-181,Casco Histórico de Vallecas,Villa de Vallecas,True,True,available,82,74,8,90.24,9.76,0.67,74,226402.8,195175.5,171012.5,244500.0,73487.5,61000.0,679000.0,2834.85,2699.84,2376.6,3213.3,836.7,769.99,30.99,2529.39,2815.34,285.95,10.59,81.0,74,2000,0.95,calculated,79.96,76.5,55.0,89.75,34.75,37.0,154.0,2.53,2.0,72,2,97.3,1.26,1.0,23,51,31.08,0.4,40.0,70,4,94.59,0.9403,94.03,67,7,90.54,59.13,73.02,51.59,62.8,medium,La estimación presenta una estabilidad intermedia en comparación con el resto de barrios.,residential_sale,asking_price,unknown,2915.21,3038.78,2884.21,55.15,60.28,54.08,100,104.24,98.94,True,True,True,2025,EUR_per_m2,mean_declared_transaction_price,residential_sales,Ayuntamiento de Madrid,Colegio de Registradores de España,504020100060,15,97.7,True,True,62.8,medium,2915.21,registered_transactions_2025,official_price_and_kaggle_features,215.3699999999999,7.9771393860376865,1.0797713938603768,DEST_003,Casco Histórico de Vallecas,Villa de Vallecas,UC3M Campus de Leganés,2026-07-29,success,success,2026-07-29T06:14:00+02:00,2026-07-29T08:56:51+02:00,BUS,145|352|102|E1|482,Información oficial: Consorcio Regional de Transportes de Madrid|Consorcio Regional de Transportes de Madrid,162.85,46.63333333333333,40.3,3444.24,4.0,2026-07-29T18:04:55+02:00,2026-07-29T20:38:32+02:00,BUS,485|432|423|331|145,Consorcio Regional de Transportes de Madrid|Información oficial: Consorcio Regional de Transportes de Madrid,153.61666666666667,44.083333333333336,32.06666666666667,3360.2200000000003,4.0,316.4666666666667,90.71666666666668,72.36666666666667,8.0,0,complete_route,True,,True,usable
MAD-182,Santa Eugenia,Villa de Vallecas,True,True,available,28,24,4,85.71,14.29,0.22,24,351808.29,345000.0,284999.75,395250.0,110250.25,190000.0,600000.0,3371.34,3550.48,2696.95,3917.52,1220.57,828.82,34.38,3033.7,3775.67,741.97,20.9,193.43,24,2000,0.95,calculated,106.71,97.5,87.75,117.0,29.25,70.0,236.0,2.71,3.0,24,0,100.0,1.0,1.0,2,22,8.33,0.913,91.3,23,1,95.83,1.0,100.0,23,1,95.83,19.44,24.6,31.75,24.58,low,La estimación debe interpretarse con precaución por el tamaño de la muestra o la variabilidad de los precios.,residential_sale,asking_price,unknown,2899.99,,2896.34,54.86,,54.3,100,,99.87,True,False,True,2025,EUR_per_m2,mean_declared_transaction_price,residential_sales,Ayuntamiento de Madrid,Colegio de Registradores de España,504020100060,15,97.7,True,True,24.58,low,2899.99,registered_transactions_2025,official_price_and_kaggle_features,-650.4900000000002,-18.321184741218097,0.816788152587819,DEST_001,Santa Eugenia,Villa de Vallecas,Puerta del Sol,2026-07-29,success,success,2026-07-29T07:46:40+02:00,2026-07-29T08:59:22+02:00,BUS,333|37,Consorcio Regional de Transportes de Madrid|Información oficial: Consorcio Regional de Transportes de Madrid,72.7,32.05,13.0,2276.49,1.0,2026-07-29T18:00:00+02:00,2026-07-29T19:20:34+02:00,BUS,14|145,Información oficial: Consorcio Regional de Transportes de Madrid,80.56666666666666,13.983333333333333,24.0,1013.56,1.0,153.26666666666665,46.03333333333333,37.0,2.0,0,complete_route,True,,True,usable
MAD-182,Santa Eugenia,Villa de Vallecas,True,True,available,28,24,4,85.71,14.29,0.22,24,351808.29,345000.0,284999.75,395250.0,110250.25,190000.0,600000.0,3371.34,3550.48,2696.95,3917.52,1220.57,828.82,34.38,3033.7,3775.67,741.97,20.9,193.43,24,2000,0.95,calculated,106.71,97.5,87.75,117.0,29.25,70.0,236.0,2.71,3.0,24,0,100.0,1.0,1.0,2,22,8.33,0.913,91.3,23,1,95.83,1.0,100.0,23,1,95.83,19.44,24.6,31.75,24.58,low,La estimación debe interpretarse con precaución por el tamaño de la muestra o la variabilidad de los precios.,residential_sale,asking_price,unknown,2899.99,,2896.34,54.86,,54.3,100,,99.87,True,False,True,2025,EUR_per_m2,mean_declared_transaction_price,residential_sales,Ayuntamiento de Madrid,Colegio de Registradores de España,504020100060,15,97.7,True,True,24.58,low,2899.99,registered_transactions_2025,official_price_and_kaggle_features,-650.4900000000002,-18.321184741218097,0.816788152587819,DEST_002,Santa Eugenia,Villa de Vallecas,Nuevos Ministerios,2026-07-29,success,success,2026-07-29T07:28:49+02:00,2026-07-29T08:58:25+02:00,BUS,313|63|C2,Consorcio Regional de Transportes de Madrid|Información oficial: Consorcio Regional de Transportes de Madrid,89.6,15.45,17.0,1144.26,2.0,2026-07-29T18:00:00+02:00,2026-07-29T19:31:13+02:00,BUS,14|145,Información oficial: Consorcio Regional de Transportes de Madrid,91.21666666666668,3.7,24.0,247.84,1.0,180.81666666666663,19.15,41.0,3.0,0,complete_route,True,,True,usable
MAD-182,Santa Eugenia,Villa de Vallecas,True,True,available,28,24,4,85.71,14.29,0.22,24,351808.29,345000.0,284999.75,395250.0,110250.25,190000.0,600000.0,3371.34,3550.48,2696.95,3917.52,1220.57,828.82,34.38,3033.7,3775.67,741.97,20.9,193.43,24,2000,0.95,calculated,106.71,97.5,87.75,117.0,29.25,70.0,236.0,2.71,3.0,24,0,100.0,1.0,1.0,2,22,8.33,0.913,91.3,23,1,95.83,1.0,100.0,23,1,95.83,19.44,24.6,31.75,24.58,low,La estimación debe interpretarse con precaución por el tamaño de la muestra o la variabilidad de los precios.,residential_sale,asking_price,unknown,2899.99,,2896.34,54.86,,54.3,100,,99.87,True,False,True,2025,EUR_per_m2,mean_declared_transaction_price,residential_sales,Ayuntamiento de Madrid,Colegio de Registradores de España,504020100060,15,97.7,True,True,24.58,low,2899.99,registered_transactions_2025,official_price_and_kaggle_features,-650.4900000000002,-18.321184741218097,0.816788152587819,DEST_003,Santa Eugenia,Villa de Vallecas,UC3M Campus de Leganés,2026-07-29,success,success,2026-07-29T07:07:45+02:00,2026-07-29T08:56:51+02:00,BUS,352|102|E1|482,Consorcio Regional de Transportes de Madrid|Información oficial: Consorcio Regional de Transportes de Madrid,109.1,21.03333333333333,23.433333333333334,1462.65,3.0,2026-07-29T18:04:55+02:00,2026-07-29T19:46:26+02:00,BUS,485|432|423|352,Consorcio Regional de Transportes de Madrid,101.51666666666668,22.73333333333333,27.866666666666667,1748.06,3.0,210.61666666666667,43.766666666666666,51.3,6.0,0,complete_route,True,,True,usable
MAD-183,Ensanche de Vallecas,Villa de Vallecas,True,True,available,102,98,4,96.08,3.92,0.88,98,363676.64,346000.0,266250.0,475000.0,208750.0,129500.0,660000.0,3970.12,3942.71,3274.44,4512.92,1238.48,919.94,31.41,3651.27,4189.32,538.05,13.65,148.64,98,2000,0.95,calculated,94.4,87.5,63.5,116.5,53.0,39.0,204.0,2.12,2.0,94,4,95.92,1.59,2.0,27,71,27.55,0.9691,96.91,97,1,98.98,0.9691,96.91,97,1,98.98,74.6,53.17,50.0,59.88,medium,La estimación presenta una estabilidad intermedia en comparación con el resto de barrios.,residential_sale,asking_price,unknown,3552.31,4156.76,3373.46,67.21,82.45,63.25,100,117.02,94.97,True,True,True,2025,EUR_per_m2,mean_declared_transaction_price,residential_sales,Ayuntamiento de Madrid,Colegio de Registradores de España,504020100060,15,97.7,True,True,59.88,medium,3552.31,registered_transactions_2025,official_price_and_kaggle_features,-390.4000000000001,-9.90181879975956,0.9009818120024043,DEST_001,Ensanche de Vallecas,Villa de Vallecas,Puerta del Sol,2026-07-29,success,success,2026-07-29T07:28:00+02:00,2026-07-29T08:59:40+02:00,BUS,145|32,Información oficial: Consorcio Regional de Transportes de Madrid,91.66666666666669,11.916666666666666,24.0,875.6,1.0,2026-07-29T18:00:00+02:00,2026-07-29T19:33:58+02:00,BUS,14|145,Información oficial: Consorcio Regional de Transportes de Madrid,93.96666666666668,16.583333333333332,24.0,1207.02,1.0,185.63333333333335,28.5,48.0,2.0,0,complete_route,True,,True,usable
MAD-183,Ensanche de Vallecas,Villa de Vallecas,True,True,available,102,98,4,96.08,3.92,0.88,98,363676.64,346000.0,266250.0,475000.0,208750.0,129500.0,660000.0,3970.12,3942.71,3274.44,4512.92,1238.48,919.94,31.41,3651.27,4189.32,538.05,13.65,148.64,98,2000,0.95,calculated,94.4,87.5,63.5,116.5,53.0,39.0,204.0,2.12,2.0,94,4,95.92,1.59,2.0,27,71,27.55,0.9691,96.91,97,1,98.98,0.9691,96.91,97,1,98.98,74.6,53.17,50.0,59.88,medium,La estimación presenta una estabilidad intermedia en comparación con el resto de barrios.,residential_sale,asking_price,unknown,3552.31,4156.76,3373.46,67.21,82.45,63.25,100,117.02,94.97,True,True,True,2025,EUR_per_m2,mean_declared_transaction_price,residential_sales,Ayuntamiento de Madrid,Colegio de Registradores de España,504020100060,15,97.7,True,True,59.88,medium,3552.31,registered_transactions_2025,official_price_and_kaggle_features,-390.4000000000001,-9.90181879975956,0.9009818120024043,DEST_002,Ensanche de Vallecas,Villa de Vallecas,Nuevos Ministerios,2026-07-29,success,success,2026-07-29T07:09:00+02:00,2026-07-29T08:59:34+02:00,BUS,145|C2,Información oficial: Consorcio Regional de Transportes de Madrid,110.56666666666666,9.883333333333333,21.0,641.96,1.0,2026-07-29T18:00:00+02:00,2026-07-29T19:44:37+02:00,BUS,14|145,Información oficial: Consorcio Regional de Transportes de Madrid,104.61666666666666,6.3,24.0,441.3,1.0,215.1833333333333,16.183333333333334,45.0,2.0,0,complete_route,True,,True,usable
MAD-183,Ensanche de Vallecas,Villa de Vallecas,True,True,available,102,98,4,96.08,3.92,0.88,98,363676.64,346000.0,266250.0,475000.0,208750.0,129500.0,660000.0,3970.12,3942.71,3274.44,4512.92,1238.48,919.94,31.41,3651.27,4189.32,538.05,13.65,148.64,98,2000,0.95,calculated,94.4,87.5,63.5,116.5,53.0,39.0,204.0,2.12,2.0,94,4,95.92,1.59,2.0,27,71,27.55,0.9691,96.91,97,1,98.98,0.9691,96.91,97,1,98.98,74.6,53.17,50.0,59.88,medium,La estimación presenta una estabilidad intermedia en comparación con el resto de barrios.,residential_sale,asking_price,unknown,3552.31,4156.76,3373.46,67.21,82.45,63.25,100,117.02,94.97,True,True,True,2025,EUR_per_m2,mean_declared_transaction_price,residential_sales,Ayuntamiento de Madrid,Colegio de Registradores de España,504020100060,15,97.7,True,True,59.88,medium,3552.31,registered_transactions_2025,official_price_and_kaggle_features,-390.4000000000001,-9.90181879975956,0.9009818120024043,DEST_003,Ensanche de Vallecas,Villa de Vallecas,UC3M Campus de Leganés,2026-07-29,success,success,2026-07-29T06:44:00+02:00,2026-07-29T08:56:51+02:00,BUS,145|352|102|E1|482,Información oficial: Consorcio Regional de Transportes de Madrid|Consorcio Regional de Transportes de Madrid,132.85,17.266666666666666,39.66666666666666,1162.12,4.0,2026-07-29T18:04:55+02:00,2026-07-29T20:07:18+02:00,BUS,485|432|423|331|145,Consorcio Regional de Transportes de Madrid|Información oficial: Consorcio Regional de Transportes de Madrid,122.38333333333334,12.85,32.06666666666667,948.52,4.0,255.23333333333332,30.116666666666667,71.73333333333332,8.0,0,complete_route,True,,True,usable
MAD-191,Casco Histórico de Vicálvaro,Vicálvaro,True,True,available,108,103,5,95.37,4.63,0.93,103,332942.45,309000.0,231380.5,393855.0,162474.5,101300.0,990000.0,3464.09,3326.59,2727.87,3887.84,1159.97,1212.31,34.87,3267.51,3458.0,190.49,5.73,51.03,103,2000,0.95,calculated,98.44,91.0,72.5,110.0,37.5,40.0,301.0,2.54,3.0,102,1,99.03,1.59,1.0,17,86,16.5,0.7835,78.35,97,6,94.17,0.9583,95.83,96,7,93.2,78.17,94.44,29.37,72.48,medium,La estimación presenta una estabilidad intermedia en comparación con el resto de barrios.,residential_sale,asking_price,unknown,3355.2,4208.82,3277.82,63.48,83.48,61.46,100,125.44,97.69,True,True,True,2025,EUR_per_m2,mean_declared_transaction_price,residential_sales,Ayuntamiento de Madrid,Colegio de Registradores de España,504020100060,15,97.7,True,True,72.48,medium,3355.2,registered_transactions_2025,official_price_and_kaggle_features,28.609999999999676,0.8600398606380609,1.0086003986063805,DEST_001,Casco Histórico de Vicálvaro,Vicálvaro,Puerta del Sol,2026-07-29,success,success,2026-07-29T07:24:00+02:00,2026-07-29T08:59:27+02:00,BUS,E3|20,Información oficial: Consorcio Regional de Transportes de Madrid,95.45,42.7,14.0,2960.6600000000003,1.0,2026-07-29T18:07:00+02:00,2026-07-29T19:26:29+02:00,BUS,32|102|353|341,Información oficial: Consorcio Regional de Transportes de Madrid|Consorcio Regional de Transportes de Madrid,79.48333333333333,17.116666666666667,23.216666666666665,1243.48,3.0,174.93333333333334,59.81666666666667,37.21666666666667,4.0,0,complete_route,True,,True,usable
MAD-191,Casco Histórico de Vicálvaro,Vicálvaro,True,True,available,108,103,5,95.37,4.63,0.93,103,332942.45,309000.0,231380.5,393855.0,162474.5,101300.0,990000.0,3464.09,3326.59,2727.87,3887.84,1159.97,1212.31,34.87,3267.51,3458.0,190.49,5.73,51.03,103,2000,0.95,calculated,98.44,91.0,72.5,110.0,37.5,40.0,301.0,2.54,3.0,102,1,99.03,1.59,1.0,17,86,16.5,0.7835,78.35,97,6,94.17,0.9583,95.83,96,7,93.2,78.17,94.44,29.37,72.48,medium,La estimación presenta una estabilidad intermedia en comparación con el resto de barrios.,residential_sale,asking_price,unknown,3355.2,4208.82,3277.82,63.48,83.48,61.46,100,125.44,97.69,True,True,True,2025,EUR_per_m2,mean_declared_transaction_price,residential_sales,Ayuntamiento de Madrid,Colegio de Registradores de España,504020100060,15,97.7,True,True,72.48,medium,3355.2,registered_transactions_2025,official_price_and_kaggle_features,28.609999999999676,0.8600398606380609,1.0086003986063805,DEST_002,Casco Histórico de Vicálvaro,Vicálvaro,Nuevos Ministerios,2026-07-29,success,success,2026-07-29T07:24:42+02:00,2026-07-29T08:52:31+02:00,BUS,341|282|224A,Consorcio Regional de Transportes de Madrid,87.81666666666666,35.11666666666667,16.033333333333335,2509.19,2.0,2026-07-29T18:00:00+02:00,2026-07-29T19:34:40+02:00,BUS,C1|E5,Información oficial: Consorcio Regional de Transportes de Madrid,94.66666666666669,33.45,18.0,2527.55,1.0,182.48333333333332,68.56666666666666,34.03333333333333,3.0,0,complete_route,True,,True,usable
MAD-191,Casco Histórico de Vicálvaro,Vicálvaro,True,True,available,108,103,5,95.37,4.63,0.93,103,332942.45,309000.0,231380.5,393855.0,162474.5,101300.0,990000.0,3464.09,3326.59,2727.87,3887.84,1159.97,1212.31,34.87,3267.51,3458.0,190.49,5.73,51.03,103,2000,0.95,calculated,98.44,91.0,72.5,110.0,37.5,40.0,301.0,2.54,3.0,102,1,99.03,1.59,1.0,17,86,16.5,0.7835,78.35,97,6,94.17,0.9583,95.83,96,7,93.2,78.17,94.44,29.37,72.48,medium,La estimación presenta una estabilidad intermedia en comparación con el resto de barrios.,residential_sale,asking_price,unknown,3355.2,4208.82,3277.82,63.48,83.48,61.46,100,125.44,97.69,True,True,True,2025,EUR_per_m2,mean_declared_transaction_price,residential_sales,Ayuntamiento de Madrid,Colegio de Registradores de España,504020100060,15,97.7,True,True,72.48,medium,3355.2,registered_transactions_2025,official_price_and_kaggle_features,28.609999999999676,0.8600398606380609,1.0086003986063805,DEST_003,Casco Histórico de Vicálvaro,Vicálvaro,UC3M Campus de Leganés,2026-07-29,success,success,2026-07-29T06:50:12+02:00,2026-07-29T08:32:11+02:00,BUS,341|352|423|432,Consorcio Regional de Transportes de Madrid,101.98333333333332,14.133333333333333,12.15,1083.44,3.0,2026-07-29T18:04:55+02:00,2026-07-29T19:47:06+02:00,BUS,485|432|423|352|341,Consorcio Regional de Transportes de Madrid,102.18333333333334,9.666666666666666,31.9,734.4300000000001,4.0,204.16666666666663,23.8,44.05,7.0,0,complete_route,True,,True,usable
MAD-192,Valdebernardo,Vicálvaro,False,False,no_listings,0,0,0,,,0.0,0,,,,,,,,,,,,,,,,,,,,0,2000,0.95,no_data,,,,,,,,,,0,0,,,,0,0,,,,0,0,,,,0,0,,,,,,no_data,No hay anuncios elegibles para calcular indicadores inmobiliarios.,residential_sale,asking_price,unknown,4117.97,,3970.75,77.91,,74.45,100,,96.42,True,False,True,2025,EUR_per_m2,mean_declared_transaction_price,residential_sales,Ayuntamiento de Madrid,Colegio de Registradores de España,504020100060,15,97.7,False,False,,no_data,4117.97,registered_transactions_2025,official_price_only,,,,DEST_001,Valdebernardo,Vicálvaro,Puerta del Sol,2026-07-29,success,success,2026-07-29T07:49:06+02:00,2026-07-29T08:59:22+02:00,BUS,333|37,Consorcio Regional de Transportes de Madrid|Información oficial: Consorcio Regional de Transportes de Madrid,70.26666666666667,32.61666666666667,13.0,2336.23,1.0,2026-07-29T18:00:00+02:00,2026-07-29T19:11:03+02:00,BUS,203|E4,Información oficial: Consorcio Regional de Transportes de Madrid,71.05,19.383333333333333,25.0,1376.43,1.0,141.31666666666666,52.0,38.0,2.0,0,complete_route,True,,True,usable
MAD-192,Valdebernardo,Vicálvaro,False,False,no_listings,0,0,0,,,0.0,0,,,,,,,,,,,,,,,,,,,,0,2000,0.95,no_data,,,,,,,,,,0,0,,,,0,0,,,,0,0,,,,0,0,,,,,,no_data,No hay anuncios elegibles para calcular indicadores inmobiliarios.,residential_sale,asking_price,unknown,4117.97,,3970.75,77.91,,74.45,100,,96.42,True,False,True,2025,EUR_per_m2,mean_declared_transaction_price,residential_sales,Ayuntamiento de Madrid,Colegio de Registradores de España,504020100060,15,97.7,False,False,,no_data,4117.97,registered_transactions_2025,official_price_only,,,,DEST_002,Valdebernardo,Vicálvaro,Nuevos Ministerios,2026-07-29,success,success,2026-07-29T07:43:00+02:00,2026-07-29T08:59:40+02:00,BUS,E4|C2,Información oficial: Consorcio Regional de Transportes de Madrid,76.66666666666667,7.883333333333334,15.0,579.9,1.0,2026-07-29T18:00:00+02:00,2026-07-29T19:11:04+02:00,BUS,C1|E4,Información oficial: Consorcio Regional de Transportes de Madrid,71.06666666666666,11.5,16.0,804.76,1.0,147.73333333333335,19.383333333333333,31.0,2.0,0,complete_route,True,,True,usable
MAD-192,Valdebernardo,Vicálvaro,False,False,no_listings,0,0,0,,,0.0,0,,,,,,,,,,,,,,,,,,,,0,2000,0.95,no_data,,,,,,,,,,0,0,,,,0,0,,,,0,0,,,,0,0,,,,,,no_data,No hay anuncios elegibles para calcular indicadores inmobiliarios.,residential_sale,asking_price,unknown,4117.97,,3970.75,77.91,,74.45,100,,96.42,True,False,True,2025,EUR_per_m2,mean_declared_transaction_price,residential_sales,Ayuntamiento de Madrid,Colegio de Registradores de España,504020100060,15,97.7,False,False,,no_data,4117.97,registered_transactions_2025,official_price_only,,,,DEST_003,Valdebernardo,Vicálvaro,UC3M Campus de Leganés,2026-07-29,success,success,2026-07-29T07:08:57+02:00,2026-07-29T08:56:51+02:00,BUS,352|102|E1|482,Consorcio Regional de Transportes de Madrid|Información oficial: Consorcio Regional de Transportes de Madrid,107.9,21.6,23.433333333333334,1522.39,3.0,2026-07-29T18:04:55+02:00,2026-07-29T19:43:32+02:00,BUS,485|432|423|331,Consorcio Regional de Transportes de Madrid,98.61666666666666,23.766666666666666,18.066666666666663,1785.04,3.0,206.51666666666665,45.36666666666667,41.5,6.0,0,complete_route,True,,True,usable
MAD-193,Valderrivas,Vicálvaro,True,True,available,10,10,0,100.0,0.0,0.09,10,399550.0,423750.0,336500.0,446250.0,109750.0,290000.0,525000.0,3848.65,4013.68,3760.53,4091.34,330.81,598.34,8.24,3619.05,4103.77,484.73,12.08,130.07,10,2000,0.95,calculated,106.0,108.5,93.75,119.25,25.5,61.0,140.0,2.8,3.0,10,0,100.0,2.0,2.0,5,5,50.0,1.0,100.0,10,0,100.0,0.8,80.0,10,0,100.0,2.38,61.11,98.41,49.88,low,"El intervalo se ha calculado, pero el número de anuncios sigue siendo reducido.",residential_sale,asking_price,unknown,3546.72,,3547.8,67.1,,66.52,100,,100.03,True,False,True,2025,EUR_per_m2,mean_declared_transaction_price,residential_sales,Ayuntamiento de Madrid,Colegio de Registradores de España,504020100060,15,97.7,True,True,49.88,low,3546.72,registered_transactions_2025,official_price_and_kaggle_features,-466.96,-11.634210998385525,0.8836578900161448,DEST_001,Valderrivas,Vicálvaro,Puerta del Sol,2026-07-29,success,success,2026-07-29T07:49:00+02:00,2026-07-29T08:59:34+02:00,BUS,E3|20,Información oficial: Consorcio Regional de Transportes de Madrid,70.56666666666666,15.15,14.0,1063.84,1.0,2026-07-29T18:00:00+02:00,2026-07-29T19:12:51+02:00,BUS,203|E3,Información oficial: Consorcio Regional de Transportes de Madrid,72.85,17.866666666666667,24.0,1266.46,1.0,143.41666666666666,33.016666666666666,38.0,2.0,0,complete_route,True,,True,usable
MAD-193,Valderrivas,Vicálvaro,True,True,available,10,10,0,100.0,0.0,0.09,10,399550.0,423750.0,336500.0,446250.0,109750.0,290000.0,525000.0,3848.65,4013.68,3760.53,4091.34,330.81,598.34,8.24,3619.05,4103.77,484.73,12.08,130.07,10,2000,0.95,calculated,106.0,108.5,93.75,119.25,25.5,61.0,140.0,2.8,3.0,10,0,100.0,2.0,2.0,5,5,50.0,1.0,100.0,10,0,100.0,0.8,80.0,10,0,100.0,2.38,61.11,98.41,49.88,low,"El intervalo se ha calculado, pero el número de anuncios sigue siendo reducido.",residential_sale,asking_price,unknown,3546.72,,3547.8,67.1,,66.52,100,,100.03,True,False,True,2025,EUR_per_m2,mean_declared_transaction_price,residential_sales,Ayuntamiento de Madrid,Colegio de Registradores de España,504020100060,15,97.7,True,True,49.88,low,3546.72,registered_transactions_2025,official_price_and_kaggle_features,-466.96,-11.634210998385525,0.8836578900161448,DEST_002,Valderrivas,Vicálvaro,Nuevos Ministerios,2026-07-29,success,success,2026-07-29T07:48:00+02:00,2026-07-29T08:59:51+02:00,BUS,E3|C2,Información oficial: Consorcio Regional de Transportes de Madrid,71.85,6.383333333333334,13.0,467.56,1.0,2026-07-29T18:00:00+02:00,2026-07-29T19:11:43+02:00,BUS,C1|E5,Información oficial: Consorcio Regional de Transportes de Madrid,71.71666666666667,11.466666666666669,18.0,849.28,1.0,143.56666666666666,17.85,31.0,2.0,0,complete_route,True,,True,usable
MAD-193,Valderrivas,Vicálvaro,True,True,available,10,10,0,100.0,0.0,0.09,10,399550.0,423750.0,336500.0,446250.0,109750.0,290000.0,525000.0,3848.65,4013.68,3760.53,4091.34,330.81,598.34,8.24,3619.05,4103.77,484.73,12.08,130.07,10,2000,0.95,calculated,106.0,108.5,93.75,119.25,25.5,61.0,140.0,2.8,3.0,10,0,100.0,2.0,2.0,5,5,50.0,1.0,100.0,10,0,100.0,0.8,80.0,10,0,100.0,2.38,61.11,98.41,49.88,low,"El intervalo se ha calculado, pero el número de anuncios sigue siendo reducido.",residential_sale,asking_price,unknown,3546.72,,3547.8,67.1,,66.52,100,,100.03,True,False,True,2025,EUR_per_m2,mean_declared_transaction_price,residential_sales,Ayuntamiento de Madrid,Colegio de Registradores de España,504020100060,15,97.7,True,True,49.88,low,3546.72,registered_transactions_2025,official_price_and_kaggle_features,-466.96,-11.634210998385525,0.8836578900161448,DEST_003,Valderrivas,Vicálvaro,UC3M Campus de Leganés,2026-07-29,success,success,2026-07-29T06:52:56+02:00,2026-07-29T08:56:51+02:00,BUS,352|102|E1|482,Consorcio Regional de Transportes de Madrid|Información oficial: Consorcio Regional de Transportes de Madrid,123.91666666666669,35.85,23.433333333333334,2591.26,3.0,2026-07-29T18:04:55+02:00,2026-07-29T19:56:04+02:00,BUS,485|432|423|352,Consorcio Regional de Transportes de Madrid,111.15,32.36666666666667,27.866666666666667,2466.7200000000003,3.0,235.0666666666667,68.21666666666667,51.3,6.0,0,complete_route,True,,True,usable
MAD-194,El Cañaveral,Vicálvaro,True,True,available,75,75,0,100.0,0.0,0.68,75,398838.68,375000.0,240890.5,491450.0,250559.5,194105.0,720000.0,3462.3,3670.21,2261.84,4356.67,2094.82,1024.9,57.08,2941.18,4054.05,1112.88,30.32,314.52,75,2000,0.95,calculated,121.59,106.0,92.0,125.0,33.0,65.0,256.0,2.88,3.0,75,0,100.0,2.17,2.0,6,69,8.0,1.0,100.0,69,6,92.0,1.0,100.0,68,7,90.67,61.11,7.14,2.38,24.84,low,La estimación debe interpretarse con precaución por el tamaño de la muestra o la variabilidad de los precios.,residential_sale,asking_price,unknown,4587.55,4652.24,4116.01,86.79,92.28,77.17,100,101.41,89.72,True,True,True,2025,EUR_per_m2,mean_declared_transaction_price,residential_sales,Ayuntamiento de Madrid,Colegio de Registradores de España,504020100060,15,97.7,True,True,24.84,low,4587.55,registered_transactions_2025,official_price_and_kaggle_features,917.34,24.994210140564167,1.2499421014056418,DEST_001,El Cañaveral,Vicálvaro,Puerta del Sol,2026-07-29,success,success,2026-07-29T07:22:00+02:00,2026-07-29T08:59:32+02:00,BUS,E5|20,Información oficial: Consorcio Regional de Transportes de Madrid,97.53333333333332,20.35,18.0,1453.62,1.0,2026-07-29T18:00:00+02:00,2026-07-29T19:33:13+02:00,BUS,203|E5,Información oficial: Consorcio Regional de Transportes de Madrid,93.21666666666668,23.08333333333333,27.0,1653.87,1.0,190.75,43.43333333333333,45.0,2.0,0,complete_route,True,,True,usable
MAD-194,El Cañaveral,Vicálvaro,True,True,available,75,75,0,100.0,0.0,0.68,75,398838.68,375000.0,240890.5,491450.0,250559.5,194105.0,720000.0,3462.3,3670.21,2261.84,4356.67,2094.82,1024.9,57.08,2941.18,4054.05,1112.88,30.32,314.52,75,2000,0.95,calculated,121.59,106.0,92.0,125.0,33.0,65.0,256.0,2.88,3.0,75,0,100.0,2.17,2.0,6,69,8.0,1.0,100.0,69,6,92.0,1.0,100.0,68,7,90.67,61.11,7.14,2.38,24.84,low,La estimación debe interpretarse con precaución por el tamaño de la muestra o la variabilidad de los precios.,residential_sale,asking_price,unknown,4587.55,4652.24,4116.01,86.79,92.28,77.17,100,101.41,89.72,True,True,True,2025,EUR_per_m2,mean_declared_transaction_price,residential_sales,Ayuntamiento de Madrid,Colegio de Registradores de España,504020100060,15,97.7,True,True,24.84,low,4587.55,registered_transactions_2025,official_price_and_kaggle_features,917.34,24.994210140564167,1.2499421014056418,DEST_002,El Cañaveral,Vicálvaro,Nuevos Ministerios,2026-07-29,success,success,2026-07-29T07:28:29+02:00,2026-07-29T08:58:31+02:00,BUS,281|224A,Consorcio Regional de Transportes de Madrid,90.03333333333333,68.18333333333334,6.183333333333334,5029.4,1.0,2026-07-29T18:00:00+02:00,2026-07-29T19:25:25+02:00,BUS,C1|223|283,Información oficial: Consorcio Regional de Transportes de Madrid|Consorcio Regional de Transportes de Madrid,85.41666666666667,47.46666666666667,12.466666666666669,3540.96,2.0,175.45,115.65,18.65,3.0,0,complete_route,True,,True,usable
MAD-194,El Cañaveral,Vicálvaro,True,True,available,75,75,0,100.0,0.0,0.68,75,398838.68,375000.0,240890.5,491450.0,250559.5,194105.0,720000.0,3462.3,3670.21,2261.84,4356.67,2094.82,1024.9,57.08,2941.18,4054.05,1112.88,30.32,314.52,75,2000,0.95,calculated,121.59,106.0,92.0,125.0,33.0,65.0,256.0,2.88,3.0,75,0,100.0,2.17,2.0,6,69,8.0,1.0,100.0,69,6,92.0,1.0,100.0,68,7,90.67,61.11,7.14,2.38,24.84,low,La estimación debe interpretarse con precaución por el tamaño de la muestra o la variabilidad de los precios.,residential_sale,asking_price,unknown,4587.55,4652.24,4116.01,86.79,92.28,77.17,100,101.41,89.72,True,True,True,2025,EUR_per_m2,mean_declared_transaction_price,residential_sales,Ayuntamiento de Madrid,Colegio de Registradores de España,504020100060,15,97.7,True,True,24.84,low,4587.55,registered_transactions_2025,official_price_and_kaggle_features,917.34,24.994210140564167,1.2499421014056418,DEST_003,El Cañaveral,Vicálvaro,UC3M Campus de Leganés,2026-07-29,success,success,2026-07-29T06:28:42+02:00,2026-07-29T08:32:11+02:00,BUS,341|352|423|432,Consorcio Regional de Transportes de Madrid,123.48333333333332,24.75,12.15,1904.78,3.0,2026-07-29T18:04:55+02:00,2026-07-29T20:11:59+02:00,BUS,485|432|423|352|341,Consorcio Regional de Transportes de Madrid,127.06666666666666,25.016666666666666,31.9,1925.92,4.0,250.55,49.766666666666666,44.05,7.0,0,complete_route,True,,True,usable
MAD-201,Simancas,San Blas - Canillejas,True,True,available,94,91,3,96.81,3.19,0.82,91,399069.22,320000.0,262500.0,425000.0,162500.0,125000.0,1399900.0,4177.98,4193.55,3242.65,4887.03,1644.38,1171.86,39.21,3787.88,4359.38,571.5,13.63,141.47,91,2000,0.95,calculated,98.14,80.0,63.5,103.5,40.0,33.0,431.0,2.23,2.0,87,4,95.6,1.5,1.5,12,79,13.19,0.9167,91.67,84,7,92.31,0.9524,95.24,84,7,92.31,69.84,53.97,15.87,50.0,medium,La estimación presenta una estabilidad intermedia en comparación con el resto de barrios.,residential_sale,asking_price,unknown,3690.7,4476.19,3642.33,69.82,88.79,68.29,100,121.28,98.69,True,True,True,2025,EUR_per_m2,mean_declared_transaction_price,residential_sales,Ayuntamiento de Madrid,Colegio de Registradores de España,504020100060,15,97.7,True,True,50.0,medium,3690.7,registered_transactions_2025,official_price_and_kaggle_features,-502.8500000000004,-11.991033849602374,0.8800896615039763,DEST_001,Simancas,San Blas - Canillejas,Puerta del Sol,2026-07-29,success,success,2026-07-29T07:52:00+02:00,2026-07-29T08:58:02+02:00,BUS,28|20,Información oficial: Consorcio Regional de Transportes de Madrid,66.03333333333333,9.433333333333334,16.0,677.8,1.0,2026-07-29T18:00:00+02:00,2026-07-29T19:06:54+02:00,BUS,28,Información oficial: Consorcio Regional de Transportes de Madrid,66.9,23.7,6.0,1661.94,0.0,132.93333333333334,33.13333333333333,22.0,1.0,0,complete_route,True,,True,usable
MAD-201,Simancas,San Blas - Canillejas,True,True,available,94,91,3,96.81,3.19,0.82,91,399069.22,320000.0,262500.0,425000.0,162500.0,125000.0,1399900.0,4177.98,4193.55,3242.65,4887.03,1644.38,1171.86,39.21,3787.88,4359.38,571.5,13.63,141.47,91,2000,0.95,calculated,98.14,80.0,63.5,103.5,40.0,33.0,431.0,2.23,2.0,87,4,95.6,1.5,1.5,12,79,13.19,0.9167,91.67,84,7,92.31,0.9524,95.24,84,7,92.31,69.84,53.97,15.87,50.0,medium,La estimación presenta una estabilidad intermedia en comparación con el resto de barrios.,residential_sale,asking_price,unknown,3690.7,4476.19,3642.33,69.82,88.79,68.29,100,121.28,98.69,True,True,True,2025,EUR_per_m2,mean_declared_transaction_price,residential_sales,Ayuntamiento de Madrid,Colegio de Registradores de España,504020100060,15,97.7,True,True,50.0,medium,3690.7,registered_transactions_2025,official_price_and_kaggle_features,-502.8500000000004,-11.991033849602374,0.8800896615039763,DEST_002,Simancas,San Blas - Canillejas,Nuevos Ministerios,2026-07-29,success,success,2026-07-29T07:56:00+02:00,2026-07-29T08:58:31+02:00,BUS,28|224A,Información oficial: Consorcio Regional de Transportes de Madrid|Consorcio Regional de Transportes de Madrid,62.516666666666666,46.41666666666666,8.1,3294.1800000000003,1.0,2026-07-29T18:00:00+02:00,2026-07-29T19:01:10+02:00,BUS,C1|223|77,Información oficial: Consorcio Regional de Transportes de Madrid|Consorcio Regional de Transportes de Madrid,61.16666666666666,19.366666666666667,18.966666666666665,1361.9700000000005,2.0,123.68333333333332,65.78333333333333,27.066666666666663,3.0,0,complete_route,True,,True,usable
MAD-201,Simancas,San Blas - Canillejas,True,True,available,94,91,3,96.81,3.19,0.82,91,399069.22,320000.0,262500.0,425000.0,162500.0,125000.0,1399900.0,4177.98,4193.55,3242.65,4887.03,1644.38,1171.86,39.21,3787.88,4359.38,571.5,13.63,141.47,91,2000,0.95,calculated,98.14,80.0,63.5,103.5,40.0,33.0,431.0,2.23,2.0,87,4,95.6,1.5,1.5,12,79,13.19,0.9167,91.67,84,7,92.31,0.9524,95.24,84,7,92.31,69.84,53.97,15.87,50.0,medium,La estimación presenta una estabilidad intermedia en comparación con el resto de barrios.,residential_sale,asking_price,unknown,3690.7,4476.19,3642.33,69.82,88.79,68.29,100,121.28,98.69,True,True,True,2025,EUR_per_m2,mean_declared_transaction_price,residential_sales,Ayuntamiento de Madrid,Colegio de Registradores de España,504020100060,15,97.7,True,True,50.0,medium,3690.7,registered_transactions_2025,official_price_and_kaggle_features,-502.8500000000004,-11.991033849602374,0.8800896615039763,DEST_003,Simancas,San Blas - Canillejas,UC3M Campus de Leganés,2026-07-29,success,success,2026-07-29T07:01:00+02:00,2026-07-29T08:56:51+02:00,BUS,28|E1|482,Información oficial: Consorcio Regional de Transportes de Madrid|Consorcio Regional de Transportes de Madrid,115.85,14.1,23.266666666666666,987.7,2.0,2026-07-29T18:00:58+02:00,2026-07-29T20:05:31+02:00,BUS,480|E1|28,Consorcio Regional de Transportes de Madrid|Información oficial: Consorcio Regional de Transportes de Madrid,124.55,14.083333333333334,22.0,1001.27,2.0,240.4,28.183333333333334,45.266666666666666,4.0,0,complete_route,True,,True,usable
MAD-202,Hellín,San Blas - Canillejas,True,True,available,21,18,3,85.71,14.29,0.16,18,181410.89,149750.0,145500.0,169000.0,23500.0,128000.0,399000.0,2819.19,2659.74,2622.81,3057.98,435.17,382.6,16.36,2622.81,3052.98,430.17,16.17,151.2,18,2000,0.95,calculated,63.44,58.0,57.0,62.75,5.75,45.0,120.0,2.56,3.0,16,2,88.89,1.0,1.0,5,13,27.78,0.1875,18.75,16,2,88.89,1.0,100.0,16,2,88.89,9.92,38.1,94.44,42.32,low,La estimación debe interpretarse con precaución por el tamaño de la muestra o la variabilidad de los precios.,residential_sale,asking_price,unknown,2498.86,,2486.9,47.28,,46.63,100,,99.52,True,False,True,2025,EUR_per_m2,mean_declared_transaction_price,residential_sales,Ayuntamiento de Madrid,Colegio de Registradores de España,504020100060,15,97.7,True,True,42.32,low,2498.86,registered_transactions_2025,official_price_and_kaggle_features,-160.87999999999963,-6.048711528194472,0.9395128847180552,DEST_001,Hellín,San Blas - Canillejas,Puerta del Sol,2026-07-29,success,success,2026-07-29T07:44:08+02:00,2026-07-29T08:58:33+02:00,BUS,288|28|20,Consorcio Regional de Transportes de Madrid|Información oficial: Consorcio Regional de Transportes de Madrid,74.41666666666667,13.35,18.0,943.02,2.0,2026-07-29T18:00:00+02:00,2026-07-29T19:14:33+02:00,BUS,28|288,Información oficial: Consorcio Regional de Transportes de Madrid|Consorcio Regional de Transportes de Madrid,74.55,26.966666666666665,8.016666666666667,1915.89,1.0,148.96666666666667,40.31666666666666,26.016666666666666,3.0,0,complete_route,True,,True,usable
MAD-202,Hellín,San Blas - Canillejas,True,True,available,21,18,3,85.71,14.29,0.16,18,181410.89,149750.0,145500.0,169000.0,23500.0,128000.0,399000.0,2819.19,2659.74,2622.81,3057.98,435.17,382.6,16.36,2622.81,3052.98,430.17,16.17,151.2,18,2000,0.95,calculated,63.44,58.0,57.0,62.75,5.75,45.0,120.0,2.56,3.0,16,2,88.89,1.0,1.0,5,13,27.78,0.1875,18.75,16,2,88.89,1.0,100.0,16,2,88.89,9.92,38.1,94.44,42.32,low,La estimación debe interpretarse con precaución por el tamaño de la muestra o la variabilidad de los precios.,residential_sale,asking_price,unknown,2498.86,,2486.9,47.28,,46.63,100,,99.52,True,False,True,2025,EUR_per_m2,mean_declared_transaction_price,residential_sales,Ayuntamiento de Madrid,Colegio de Registradores de España,504020100060,15,97.7,True,True,42.32,low,2498.86,registered_transactions_2025,official_price_and_kaggle_features,-160.87999999999963,-6.048711528194472,0.9395128847180552,DEST_002,Hellín,San Blas - Canillejas,Nuevos Ministerios,2026-07-29,success,success,2026-07-29T07:52:48+02:00,2026-07-29T08:52:31+02:00,BUS,165|224A,Información oficial: Consorcio Regional de Transportes de Madrid|Consorcio Regional de Transportes de Madrid,59.71666666666667,34.9,15.85,2449.46,1.0,2026-07-29T18:00:00+02:00,2026-07-29T19:00:56+02:00,BUS,C1|223|165,Información oficial: Consorcio Regional de Transportes de Madrid|Consorcio Regional de Transportes de Madrid,60.93333333333333,12.733333333333333,26.966666666666665,855.0800000000002,2.0,120.65,47.63333333333333,42.81666666666666,3.0,0,complete_route,True,,True,usable
MAD-202,Hellín,San Blas - Canillejas,True,True,available,21,18,3,85.71,14.29,0.16,18,181410.89,149750.0,145500.0,169000.0,23500.0,128000.0,399000.0,2819.19,2659.74,2622.81,3057.98,435.17,382.6,16.36,2622.81,3052.98,430.17,16.17,151.2,18,2000,0.95,calculated,63.44,58.0,57.0,62.75,5.75,45.0,120.0,2.56,3.0,16,2,88.89,1.0,1.0,5,13,27.78,0.1875,18.75,16,2,88.89,1.0,100.0,16,2,88.89,9.92,38.1,94.44,42.32,low,La estimación debe interpretarse con precaución por el tamaño de la muestra o la variabilidad de los precios.,residential_sale,asking_price,unknown,2498.86,,2486.9,47.28,,46.63,100,,99.52,True,False,True,2025,EUR_per_m2,mean_declared_transaction_price,residential_sales,Ayuntamiento de Madrid,Colegio de Registradores de España,504020100060,15,97.7,True,True,42.32,low,2498.86,registered_transactions_2025,official_price_and_kaggle_features,-160.87999999999963,-6.048711528194472,0.9395128847180552,DEST_003,Hellín,San Blas - Canillejas,UC3M Campus de Leganés,2026-07-29,success,success,2026-07-29T06:51:58+02:00,2026-07-29T08:56:51+02:00,BUS,289|28|E1|482,Consorcio Regional de Transportes de Madrid|Información oficial: Consorcio Regional de Transportes de Madrid,124.88333333333334,18.016666666666666,26.83333333333333,1252.9199999999996,3.0,2026-07-29T18:03:27+02:00,2026-07-29T20:14:33+02:00,BUS,485|E1|28|288,Consorcio Regional de Transportes de Madrid|Información oficial: Consorcio Regional de Transportes de Madrid,131.1,20.433333333333334,24.53333333333333,1531.79,3.0,255.98333333333332,38.45,51.36666666666666,6.0,0,complete_route,True,,True,usable
MAD-203,Amposta,San Blas - Canillejas,True,True,available,25,16,9,64.0,36.0,0.14,16,199353.69,167499.5,148750.0,243425.0,94675.0,70600.0,345000.0,2925.47,2920.35,2712.32,3300.47,588.15,635.83,20.14,2719.3,3300.0,580.7,19.88,129.47,16,2000,0.95,calculated,68.56,57.5,53.75,77.75,24.0,41.0,113.0,2.62,3.0,16,0,100.0,1.17,1.0,6,10,37.5,0.0625,6.25,16,0,100.0,1.0,100.0,15,1,93.75,5.56,27.78,90.48,35.67,low,La estimación debe interpretarse con precaución por el tamaño de la muestra o la variabilidad de los precios.,residential_sale,asking_price,unknown,2544.1,2502.63,2601.57,48.13,49.64,48.78,100,98.37,102.26,True,True,True,2025,EUR_per_m2,mean_declared_transaction_price,residential_sales,Ayuntamiento de Madrid,Colegio de Registradores de España,504020100060,15,97.7,True,True,35.67,low,2544.1,registered_transactions_2025,official_price_and_kaggle_features,-376.25,-12.883729689934423,0.8711627031006557,DEST_001,Amposta,San Blas - Canillejas,Puerta del Sol,2026-07-29,success,success,2026-07-29T07:44:00+02:00,2026-07-29T08:59:44+02:00,BUS,28|20,Información oficial: Consorcio Regional de Transportes de Madrid,75.73333333333333,22.916666666666668,14.0,1653.55,1.0,2026-07-29T18:00:00+02:00,2026-07-29T19:19:09+02:00,BUS,28,Información oficial: Consorcio Regional de Transportes de Madrid,79.15,35.95,6.0,2566.26,0.0,154.88333333333333,58.866666666666674,20.0,1.0,0,complete_route,True,,True,usable
MAD-203,Amposta,San Blas - Canillejas,True,True,available,25,16,9,64.0,36.0,0.14,16,199353.69,167499.5,148750.0,243425.0,94675.0,70600.0,345000.0,2925.47,2920.35,2712.32,3300.47,588.15,635.83,20.14,2719.3,3300.0,580.7,19.88,129.47,16,2000,0.95,calculated,68.56,57.5,53.75,77.75,24.0,41.0,113.0,2.62,3.0,16,0,100.0,1.17,1.0,6,10,37.5,0.0625,6.25,16,0,100.0,1.0,100.0,15,1,93.75,5.56,27.78,90.48,35.67,low,La estimación debe interpretarse con precaución por el tamaño de la muestra o la variabilidad de los precios.,residential_sale,asking_price,unknown,2544.1,2502.63,2601.57,48.13,49.64,48.78,100,98.37,102.26,True,True,True,2025,EUR_per_m2,mean_declared_transaction_price,residential_sales,Ayuntamiento de Madrid,Colegio de Registradores de España,504020100060,15,97.7,True,True,35.67,low,2544.1,registered_transactions_2025,official_price_and_kaggle_features,-376.25,-12.883729689934423,0.8711627031006557,DEST_002,Amposta,San Blas - Canillejas,Nuevos Ministerios,2026-07-29,success,success,2026-07-29T07:48:00+02:00,2026-07-29T08:52:31+02:00,BUS,165|224A,Información oficial: Consorcio Regional de Transportes de Madrid|Consorcio Regional de Transportes de Madrid,64.51666666666667,34.016666666666666,20.133333333333333,2373.61,1.0,2026-07-29T18:00:00+02:00,2026-07-29T19:03:30+02:00,BUS,C1|223|165,Información oficial: Consorcio Regional de Transportes de Madrid|Consorcio Regional de Transportes de Madrid,63.5,11.65,26.966666666666665,771.3000000000001,2.0,128.01666666666665,45.66666666666666,47.1,3.0,0,complete_route,True,,True,usable
MAD-203,Amposta,San Blas - Canillejas,True,True,available,25,16,9,64.0,36.0,0.14,16,199353.69,167499.5,148750.0,243425.0,94675.0,70600.0,345000.0,2925.47,2920.35,2712.32,3300.47,588.15,635.83,20.14,2719.3,3300.0,580.7,19.88,129.47,16,2000,0.95,calculated,68.56,57.5,53.75,77.75,24.0,41.0,113.0,2.62,3.0,16,0,100.0,1.17,1.0,6,10,37.5,0.0625,6.25,16,0,100.0,1.0,100.0,15,1,93.75,5.56,27.78,90.48,35.67,low,La estimación debe interpretarse con precaución por el tamaño de la muestra o la variabilidad de los precios.,residential_sale,asking_price,unknown,2544.1,2502.63,2601.57,48.13,49.64,48.78,100,98.37,102.26,True,True,True,2025,EUR_per_m2,mean_declared_transaction_price,residential_sales,Ayuntamiento de Madrid,Colegio de Registradores de España,504020100060,15,97.7,True,True,35.67,low,2544.1,registered_transactions_2025,official_price_and_kaggle_features,-376.25,-12.883729689934423,0.8711627031006557,DEST_003,Amposta,San Blas - Canillejas,UC3M Campus de Leganés,2026-07-29,success,success,2026-07-29T06:48:00+02:00,2026-07-29T08:56:51+02:00,BUS,28|E1|482,Información oficial: Consorcio Regional de Transportes de Madrid|Consorcio Regional de Transportes de Madrid,128.85,26.816666666666663,23.55,1917.54,2.0,2026-07-29T18:03:27+02:00,2026-07-29T20:17:30+02:00,BUS,485|E1|28,Consorcio Regional de Transportes de Madrid|Información oficial: Consorcio Regional de Transportes de Madrid,134.05,31.6,22.0,2294.82,2.0,262.9,58.41666666666666,45.55,4.0,0,complete_route,True,,True,usable
MAD-204,Arcos,San Blas - Canillejas,True,True,available,29,21,8,72.41,27.59,0.19,21,308860.0,255000.0,193000.0,370000.0,177000.0,150000.0,848000.0,3454.33,3319.44,2868.22,3758.0,889.78,910.84,26.81,2884.62,3719.3,834.68,25.15,206.51,21,2000,0.95,calculated,89.48,83.0,60.0,92.0,32.0,50.0,228.0,2.67,3.0,21,0,100.0,1.17,1.0,6,15,28.57,0.65,65.0,20,1,95.24,1.0,100.0,20,1,95.24,13.89,15.87,69.05,28.47,low,La estimación debe interpretarse con precaución por el tamaño de la muestra o la variabilidad de los precios.,residential_sale,asking_price,unknown,3145.08,2752.75,3795.76,59.5,54.6,71.17,100,87.53,120.69,True,True,True,2025,EUR_per_m2,mean_declared_transaction_price,residential_sales,Ayuntamiento de Madrid,Colegio de Registradores de España,504020100060,15,97.7,True,True,28.47,low,3145.08,registered_transactions_2025,official_price_and_kaggle_features,-174.36000000000013,-5.252693225363318,0.9474730677463667,DEST_001,Arcos,San Blas - Canillejas,Puerta del Sol,2026-07-29,success,success,2026-07-29T07:52:00+02:00,2026-07-29T08:59:55+02:00,BUS,E2|20,Información oficial: Consorcio Regional de Transportes de Madrid,67.91666666666667,18.316666666666663,19.0,1307.0,1.0,2026-07-29T18:00:00+02:00,2026-07-29T19:10:26+02:00,BUS,203|E2,Información oficial: Consorcio Regional de Transportes de Madrid,70.43333333333334,22.23333333333333,27.0,1532.2,1.0,138.35000000000002,40.55,46.0,2.0,0,complete_route,True,,True,usable
MAD-204,Arcos,San Blas - Canillejas,True,True,available,29,21,8,72.41,27.59,0.19,21,308860.0,255000.0,193000.0,370000.0,177000.0,150000.0,848000.0,3454.33,3319.44,2868.22,3758.0,889.78,910.84,26.81,2884.62,3719.3,834.68,25.15,206.51,21,2000,0.95,calculated,89.48,83.0,60.0,92.0,32.0,50.0,228.0,2.67,3.0,21,0,100.0,1.17,1.0,6,15,28.57,0.65,65.0,20,1,95.24,1.0,100.0,20,1,95.24,13.89,15.87,69.05,28.47,low,La estimación debe interpretarse con precaución por el tamaño de la muestra o la variabilidad de los precios.,residential_sale,asking_price,unknown,3145.08,2752.75,3795.76,59.5,54.6,71.17,100,87.53,120.69,True,True,True,2025,EUR_per_m2,mean_declared_transaction_price,residential_sales,Ayuntamiento de Madrid,Colegio de Registradores de España,504020100060,15,97.7,True,True,28.47,low,3145.08,registered_transactions_2025,official_price_and_kaggle_features,-174.36000000000013,-5.252693225363318,0.9474730677463667,DEST_002,Arcos,San Blas - Canillejas,Nuevos Ministerios,2026-07-29,success,success,2026-07-29T07:45:00+02:00,2026-07-29T08:51:25+02:00,BUS,106|C2,Información oficial: Consorcio Regional de Transportes de Madrid,66.41666666666667,4.933333333333334,20.0,337.03,1.0,2026-07-29T18:01:29+02:00,2026-07-29T19:10:58+02:00,BUS,223|165,Consorcio Regional de Transportes de Madrid|Información oficial: Consorcio Regional de Transportes de Madrid,69.48333333333333,37.86666666666667,18.0,2726.33,1.0,135.9,42.8,38.0,2.0,0,complete_route,True,,True,usable
MAD-204,Arcos,San Blas - Canillejas,True,True,available,29,21,8,72.41,27.59,0.19,21,308860.0,255000.0,193000.0,370000.0,177000.0,150000.0,848000.0,3454.33,3319.44,2868.22,3758.0,889.78,910.84,26.81,2884.62,3719.3,834.68,25.15,206.51,21,2000,0.95,calculated,89.48,83.0,60.0,92.0,32.0,50.0,228.0,2.67,3.0,21,0,100.0,1.17,1.0,6,15,28.57,0.65,65.0,20,1,95.24,1.0,100.0,20,1,95.24,13.89,15.87,69.05,28.47,low,La estimación debe interpretarse con precaución por el tamaño de la muestra o la variabilidad de los precios.,residential_sale,asking_price,unknown,3145.08,2752.75,3795.76,59.5,54.6,71.17,100,87.53,120.69,True,True,True,2025,EUR_per_m2,mean_declared_transaction_price,residential_sales,Ayuntamiento de Madrid,Colegio de Registradores de España,504020100060,15,97.7,True,True,28.47,low,3145.08,registered_transactions_2025,official_price_and_kaggle_features,-174.36000000000013,-5.252693225363318,0.9474730677463667,DEST_003,Arcos,San Blas - Canillejas,UC3M Campus de Leganés,2026-07-29,success,success,2026-07-29T06:50:00+02:00,2026-07-29T08:56:51+02:00,BUS,E2|C1|E1|482,Información oficial: Consorcio Regional de Transportes de Madrid|Consorcio Regional de Transportes de Madrid,126.85,11.433333333333334,35.25,744.36,3.0,2026-07-29T18:00:58+02:00,2026-07-29T20:10:48+02:00,BUS,480|E1|203|E2,Consorcio Regional de Transportes de Madrid|Información oficial: Consorcio Regional de Transportes de Madrid,129.83333333333334,10.9,42.0,728.9000000000001,3.0,256.68333333333334,22.333333333333336,77.25,6.0,0,complete_route,True,,True,usable
MAD-205,Rosas,San Blas - Canillejas,True,True,available,24,22,2,91.67,8.33,0.2,22,466086.36,442000.0,317500.0,582500.0,265000.0,250000.0,700000.0,4873.97,4734.55,4339.44,5327.81,988.37,921.02,20.88,4482.76,5258.62,775.86,16.39,237.49,22,2000,0.95,calculated,97.59,102.5,67.5,112.75,45.25,55.0,178.0,2.23,2.0,22,0,100.0,1.5,1.5,12,10,54.55,0.9545,95.45,22,0,100.0,1.0,100.0,20,2,90.91,15.87,37.3,88.89,42.7,low,La estimación debe interpretarse con precaución por el tamaño de la muestra o la variabilidad de los precios.,residential_sale,asking_price,unknown,4493.65,,4534.04,85.01,,85.01,100,,100.9,True,False,True,2025,EUR_per_m2,mean_declared_transaction_price,residential_sales,Ayuntamiento de Madrid,Colegio de Registradores de España,504020100060,15,97.7,True,True,42.7,low,4493.65,registered_transactions_2025,official_price_and_kaggle_features,-240.90000000000052,-5.088128755636767,0.9491187124436324,DEST_001,Rosas,San Blas - Canillejas,Puerta del Sol,2026-07-29,success,success,2026-07-29T07:30:06+02:00,2026-07-29T08:58:33+02:00,BUS,288|28|20,Consorcio Regional de Transportes de Madrid|Información oficial: Consorcio Regional de Transportes de Madrid,88.45,21.6,18.0,1634.88,2.0,2026-07-29T18:00:00+02:00,2026-07-29T19:27:41+02:00,BUS,28|288,Información oficial: Consorcio Regional de Transportes de Madrid|Consorcio Regional de Transportes de Madrid,87.68333333333334,34.13333333333333,8.016666666666667,2466.02,1.0,176.13333333333333,55.73333333333333,26.016666666666666,3.0,0,complete_route,True,,True,usable
MAD-205,Rosas,San Blas - Canillejas,True,True,available,24,22,2,91.67,8.33,0.2,22,466086.36,442000.0,317500.0,582500.0,265000.0,250000.0,700000.0,4873.97,4734.55,4339.44,5327.81,988.37,921.02,20.88,4482.76,5258.62,775.86,16.39,237.49,22,2000,0.95,calculated,97.59,102.5,67.5,112.75,45.25,55.0,178.0,2.23,2.0,22,0,100.0,1.5,1.5,12,10,54.55,0.9545,95.45,22,0,100.0,1.0,100.0,20,2,90.91,15.87,37.3,88.89,42.7,low,La estimación debe interpretarse con precaución por el tamaño de la muestra o la variabilidad de los precios.,residential_sale,asking_price,unknown,4493.65,,4534.04,85.01,,85.01,100,,100.9,True,False,True,2025,EUR_per_m2,mean_declared_transaction_price,residential_sales,Ayuntamiento de Madrid,Colegio de Registradores de España,504020100060,15,97.7,True,True,42.7,low,4493.65,registered_transactions_2025,official_price_and_kaggle_features,-240.90000000000052,-5.088128755636767,0.9491187124436324,DEST_002,Rosas,San Blas - Canillejas,Nuevos Ministerios,2026-07-29,success,success,2026-07-29T07:47:30+02:00,2026-07-29T08:58:31+02:00,BUS,224A,Consorcio Regional de Transportes de Madrid,71.01666666666667,71.01666666666667,0.0,5270.77,0.0,2026-07-29T18:00:00+02:00,2026-07-29T19:12:07+02:00,BUS,C1|223,Información oficial: Consorcio Regional de Transportes de Madrid|Consorcio Regional de Transportes de Madrid,72.11666666666666,49.43333333333333,8.966666666666667,3691.43,1.0,143.13333333333333,120.45,8.966666666666667,1.0,0,complete_route,True,,True,usable
MAD-205,Rosas,San Blas - Canillejas,True,True,available,24,22,2,91.67,8.33,0.2,22,466086.36,442000.0,317500.0,582500.0,265000.0,250000.0,700000.0,4873.97,4734.55,4339.44,5327.81,988.37,921.02,20.88,4482.76,5258.62,775.86,16.39,237.49,22,2000,0.95,calculated,97.59,102.5,67.5,112.75,45.25,55.0,178.0,2.23,2.0,22,0,100.0,1.5,1.5,12,10,54.55,0.9545,95.45,22,0,100.0,1.0,100.0,20,2,90.91,15.87,37.3,88.89,42.7,low,La estimación debe interpretarse con precaución por el tamaño de la muestra o la variabilidad de los precios.,residential_sale,asking_price,unknown,4493.65,,4534.04,85.01,,85.01,100,,100.9,True,False,True,2025,EUR_per_m2,mean_declared_transaction_price,residential_sales,Ayuntamiento de Madrid,Colegio de Registradores de España,504020100060,15,97.7,True,True,42.7,low,4493.65,registered_transactions_2025,official_price_and_kaggle_features,-240.90000000000052,-5.088128755636767,0.9491187124436324,DEST_003,Rosas,San Blas - Canillejas,UC3M Campus de Leganés,2026-07-29,success,success,2026-07-29T06:39:32+02:00,2026-07-29T08:56:51+02:00,BUS,289|28|E1|482,Consorcio Regional de Transportes de Madrid|Información oficial: Consorcio Regional de Transportes de Madrid,137.31666666666666,26.266666666666666,26.83333333333333,1944.78,3.0,2026-07-29T18:03:27+02:00,2026-07-29T20:27:41+02:00,BUS,485|E1|28|288,Consorcio Regional de Transportes de Madrid|Información oficial: Consorcio Regional de Transportes de Madrid,144.23333333333332,27.6,24.53333333333333,2081.92,3.0,281.54999999999995,53.86666666666667,51.36666666666666,6.0,0,complete_route,True,,True,usable
MAD-206,Rejas,San Blas - Canillejas,True,True,available,54,51,3,94.44,5.56,0.46,51,425682.35,383500.0,235000.0,569950.0,334950.0,172000.0,895000.0,3898.64,3891.3,3235.5,4438.68,1203.18,976.48,30.92,3625.0,4166.67,541.67,13.92,181.35,51,2000,0.95,calculated,119.88,102.0,55.0,155.0,100.0,39.0,340.0,2.54,2.0,46,5,90.2,1.67,1.0,9,42,17.65,0.9333,93.33,45,6,88.24,0.9556,95.56,45,6,88.24,44.44,52.38,52.38,49.6,low,La estimación debe interpretarse con precaución por el tamaño de la muestra o la variabilidad de los precios.,residential_sale,asking_price,unknown,3580.16,3298.72,3623.35,67.73,65.43,67.93,100,92.14,101.21,True,True,True,2025,EUR_per_m2,mean_declared_transaction_price,residential_sales,Ayuntamiento de Madrid,Colegio de Registradores de España,504020100060,15,97.7,True,True,49.6,low,3580.16,registered_transactions_2025,official_price_and_kaggle_features,-311.1400000000003,-7.995785470151372,0.9200421452984864,DEST_001,Rejas,San Blas - Canillejas,Puerta del Sol,2026-07-29,success,success,2026-07-29T07:41:17+02:00,2026-07-29T08:44:42+02:00,BUS,223|9,Consorcio Regional de Transportes de Madrid|Información oficial: Consorcio Regional de Transportes de Madrid,63.41666666666666,28.433333333333334,9.0,2111.92,1.0,2026-07-29T18:00:00+02:00,2026-07-29T19:04:21+02:00,BUS,52|223,Información oficial: Consorcio Regional de Transportes de Madrid|Consorcio Regional de Transportes de Madrid,64.35,23.15,12.116666666666667,1632.27,1.0,127.76666666666664,51.58333333333333,21.116666666666667,2.0,0,complete_route,True,,True,usable
MAD-206,Rejas,San Blas - Canillejas,True,True,available,54,51,3,94.44,5.56,0.46,51,425682.35,383500.0,235000.0,569950.0,334950.0,172000.0,895000.0,3898.64,3891.3,3235.5,4438.68,1203.18,976.48,30.92,3625.0,4166.67,541.67,13.92,181.35,51,2000,0.95,calculated,119.88,102.0,55.0,155.0,100.0,39.0,340.0,2.54,2.0,46,5,90.2,1.67,1.0,9,42,17.65,0.9333,93.33,45,6,88.24,0.9556,95.56,45,6,88.24,44.44,52.38,52.38,49.6,low,La estimación debe interpretarse con precaución por el tamaño de la muestra o la variabilidad de los precios.,residential_sale,asking_price,unknown,3580.16,3298.72,3623.35,67.73,65.43,67.93,100,92.14,101.21,True,True,True,2025,EUR_per_m2,mean_declared_transaction_price,residential_sales,Ayuntamiento de Madrid,Colegio de Registradores de España,504020100060,15,97.7,True,True,49.6,low,3580.16,registered_transactions_2025,official_price_and_kaggle_features,-311.1400000000003,-7.995785470151372,0.9200421452984864,DEST_002,Rejas,San Blas - Canillejas,Nuevos Ministerios,2026-07-29,success,success,2026-07-29T08:17:36+02:00,2026-07-29T08:58:31+02:00,BUS,224A,Consorcio Regional de Transportes de Madrid,40.91666666666666,40.91666666666666,0.0,2958.0,0.0,2026-07-29T18:00:00+02:00,2026-07-29T18:41:21+02:00,BUS,C1|223,Información oficial: Consorcio Regional de Transportes de Madrid|Consorcio Regional de Transportes de Madrid,41.35,17.183333333333334,8.966666666666667,1213.77,1.0,82.26666666666665,58.1,8.966666666666667,1.0,0,complete_route,True,,True,usable
MAD-206,Rejas,San Blas - Canillejas,True,True,available,54,51,3,94.44,5.56,0.46,51,425682.35,383500.0,235000.0,569950.0,334950.0,172000.0,895000.0,3898.64,3891.3,3235.5,4438.68,1203.18,976.48,30.92,3625.0,4166.67,541.67,13.92,181.35,51,2000,0.95,calculated,119.88,102.0,55.0,155.0,100.0,39.0,340.0,2.54,2.0,46,5,90.2,1.67,1.0,9,42,17.65,0.9333,93.33,45,6,88.24,0.9556,95.56,45,6,88.24,44.44,52.38,52.38,49.6,low,La estimación debe interpretarse con precaución por el tamaño de la muestra o la variabilidad de los precios.,residential_sale,asking_price,unknown,3580.16,3298.72,3623.35,67.73,65.43,67.93,100,92.14,101.21,True,True,True,2025,EUR_per_m2,mean_declared_transaction_price,residential_sales,Ayuntamiento de Madrid,Colegio de Registradores de España,504020100060,15,97.7,True,True,49.6,low,3580.16,registered_transactions_2025,official_price_and_kaggle_features,-311.1400000000003,-7.995785470151372,0.9200421452984864,DEST_003,Rejas,San Blas - Canillejas,UC3M Campus de Leganés,2026-07-29,success,success,2026-07-29T06:36:17+02:00,2026-07-29T08:39:25+02:00,BUS,223|C1|E1|492,Consorcio Regional de Transportes de Madrid|Información oficial: Consorcio Regional de Transportes de Madrid,123.13333333333334,27.316666666666663,23.95,1970.74,3.0,2026-07-29T18:03:27+02:00,2026-07-29T20:14:04+02:00,BUS,485|E1|52|224,Consorcio Regional de Transportes de Madrid|Información oficial: Consorcio Regional de Transportes de Madrid,130.61666666666667,25.916666666666668,30.55,1819.97,3.0,253.75,53.23333333333333,54.5,6.0,0,complete_route,True,,True,usable
MAD-207,Canillejas,San Blas - Canillejas,True,True,available,59,49,10,83.05,16.95,0.44,49,440197.86,290000.0,225000.0,415000.0,190000.0,140000.0,1280000.0,3600.27,3565.46,3058.25,4117.65,1059.39,762.53,29.71,3310.81,3771.93,461.12,12.93,99.99,49,2000,0.95,calculated,122.12,83.0,70.0,132.0,62.0,35.0,359.0,3.16,3.0,44,5,89.8,1.5,1.0,12,37,24.49,0.3846,38.46,39,10,79.59,0.9231,92.31,39,10,79.59,42.06,56.35,58.73,51.94,medium,La estimación presenta una estabilidad intermedia en comparación con el resto de barrios.,residential_sale,asking_price,unknown,3409.64,,3396.99,64.51,,63.69,100,,99.63,True,False,True,2025,EUR_per_m2,mean_declared_transaction_price,residential_sales,Ayuntamiento de Madrid,Colegio de Registradores de España,504020100060,15,97.7,True,True,51.94,medium,3409.64,registered_transactions_2025,official_price_and_kaggle_features,-155.82000000000016,-4.370263584502425,0.9562973641549758,DEST_001,Canillejas,San Blas - Canillejas,Puerta del Sol,2026-07-29,success,success,2026-07-29T07:43:14+02:00,2026-07-29T08:47:22+02:00,BUS,224|52,Consorcio Regional de Transportes de Madrid|Información oficial: Consorcio Regional de Transportes de Madrid,64.13333333333334,26.433333333333334,13.2,1811.02,1.0,2026-07-29T18:00:00+02:00,2026-07-29T19:05:54+02:00,BUS,52|223,Información oficial: Consorcio Regional de Transportes de Madrid|Consorcio Regional de Transportes de Madrid,65.9,26.183333333333334,12.116666666666667,1792.89,1.0,130.03333333333336,52.61666666666667,25.316666666666663,2.0,0,complete_route,True,,True,usable
MAD-207,Canillejas,San Blas - Canillejas,True,True,available,59,49,10,83.05,16.95,0.44,49,440197.86,290000.0,225000.0,415000.0,190000.0,140000.0,1280000.0,3600.27,3565.46,3058.25,4117.65,1059.39,762.53,29.71,3310.81,3771.93,461.12,12.93,99.99,49,2000,0.95,calculated,122.12,83.0,70.0,132.0,62.0,35.0,359.0,3.16,3.0,44,5,89.8,1.5,1.0,12,37,24.49,0.3846,38.46,39,10,79.59,0.9231,92.31,39,10,79.59,42.06,56.35,58.73,51.94,medium,La estimación presenta una estabilidad intermedia en comparación con el resto de barrios.,residential_sale,asking_price,unknown,3409.64,,3396.99,64.51,,63.69,100,,99.63,True,False,True,2025,EUR_per_m2,mean_declared_transaction_price,residential_sales,Ayuntamiento de Madrid,Colegio de Registradores de España,504020100060,15,97.7,True,True,51.94,medium,3409.64,registered_transactions_2025,official_price_and_kaggle_features,-155.82000000000016,-4.370263584502425,0.9562973641549758,DEST_002,Canillejas,San Blas - Canillejas,Nuevos Ministerios,2026-07-29,success,success,2026-07-29T08:15:24+02:00,2026-07-29T08:58:31+02:00,BUS,224A,Consorcio Regional de Transportes de Madrid,43.11666666666667,43.11666666666667,0.0,2972.76,0.0,2026-07-29T18:00:00+02:00,2026-07-29T18:42:54+02:00,BUS,C1|223,Información oficial: Consorcio Regional de Transportes de Madrid|Consorcio Regional de Transportes de Madrid,42.9,20.216666666666665,8.966666666666667,1374.39,1.0,86.01666666666667,63.33333333333333,8.966666666666667,1.0,0,complete_route,True,,True,usable
MAD-207,Canillejas,San Blas - Canillejas,True,True,available,59,49,10,83.05,16.95,0.44,49,440197.86,290000.0,225000.0,415000.0,190000.0,140000.0,1280000.0,3600.27,3565.46,3058.25,4117.65,1059.39,762.53,29.71,3310.81,3771.93,461.12,12.93,99.99,49,2000,0.95,calculated,122.12,83.0,70.0,132.0,62.0,35.0,359.0,3.16,3.0,44,5,89.8,1.5,1.0,12,37,24.49,0.3846,38.46,39,10,79.59,0.9231,92.31,39,10,79.59,42.06,56.35,58.73,51.94,medium,La estimación presenta una estabilidad intermedia en comparación con el resto de barrios.,residential_sale,asking_price,unknown,3409.64,,3396.99,64.51,,63.69,100,,99.63,True,False,True,2025,EUR_per_m2,mean_declared_transaction_price,residential_sales,Ayuntamiento de Madrid,Colegio de Registradores de España,504020100060,15,97.7,True,True,51.94,medium,3409.64,registered_transactions_2025,official_price_and_kaggle_features,-155.82000000000016,-4.370263584502425,0.9562973641549758,DEST_003,Canillejas,San Blas - Canillejas,UC3M Campus de Leganés,2026-07-29,success,success,2026-07-29T06:51:00+02:00,2026-07-29T08:56:51+02:00,BUS,28|E1|482,Información oficial: Consorcio Regional de Transportes de Madrid|Consorcio Regional de Transportes de Madrid,125.85,16.95,23.466666666666665,1200.0899999999997,2.0,2026-07-29T18:00:58+02:00,2026-07-29T20:14:39+02:00,BUS,480|E1|19|224A,Consorcio Regional de Transportes de Madrid|Información oficial: Consorcio Regional de Transportes de Madrid,133.68333333333334,29.216666666666665,22.08333333333333,2041.52,3.0,259.5333333333333,46.16666666666666,45.55,5.0,0,complete_route,True,,True,usable
MAD-208,El Salvador,San Blas - Canillejas,True,True,available,29,29,0,100.0,0.0,0.26,29,894502.76,929000.0,484900.0,1190000.0,705100.0,240000.0,1750000.0,5662.69,4951.92,4117.65,6333.33,2215.69,2112.19,44.74,4166.67,5615.38,1448.72,29.26,433.93,29,2000,0.95,calculated,182.1,137.0,102.0,280.0,178.0,38.0,498.0,3.76,4.0,29,0,100.0,2.0,1.5,4,25,13.79,1.0,100.0,21,8,72.41,1.0,100.0,21,8,72.41,23.81,8.73,8.73,14.01,low,La estimación debe interpretarse con precaución por el tamaño de la muestra o la variabilidad de los precios.,residential_sale,asking_price,unknown,4735.53,,4522.39,89.59,,84.79,100,,95.5,True,False,True,2025,EUR_per_m2,mean_declared_transaction_price,residential_sales,Ayuntamiento de Madrid,Colegio de Registradores de España,504020100060,15,97.7,True,True,14.01,low,4735.53,registered_transactions_2025,official_price_and_kaggle_features,-216.39000000000036,-4.369820190956242,0.9563017980904376,DEST_001,El Salvador,San Blas - Canillejas,Puerta del Sol,2026-07-29,success,success,2026-07-29T07:38:00+02:00,2026-07-29T08:54:22+02:00,BUS,146,Información oficial: Consorcio Regional de Transportes de Madrid,76.36666666666666,15.516666666666667,10.0,1117.9,0.0,2026-07-29T18:00:00+02:00,2026-07-29T19:13:46+02:00,BUS,146,Información oficial: Consorcio Regional de Transportes de Madrid,73.76666666666667,13.133333333333333,9.0,1004.12,0.0,150.13333333333333,28.65,19.0,0.0,0,complete_route,True,,True,usable
MAD-208,El Salvador,San Blas - Canillejas,True,True,available,29,29,0,100.0,0.0,0.26,29,894502.76,929000.0,484900.0,1190000.0,705100.0,240000.0,1750000.0,5662.69,4951.92,4117.65,6333.33,2215.69,2112.19,44.74,4166.67,5615.38,1448.72,29.26,433.93,29,2000,0.95,calculated,182.1,137.0,102.0,280.0,178.0,38.0,498.0,3.76,4.0,29,0,100.0,2.0,1.5,4,25,13.79,1.0,100.0,21,8,72.41,1.0,100.0,21,8,72.41,23.81,8.73,8.73,14.01,low,La estimación debe interpretarse con precaución por el tamaño de la muestra o la variabilidad de los precios.,residential_sale,asking_price,unknown,4735.53,,4522.39,89.59,,84.79,100,,95.5,True,False,True,2025,EUR_per_m2,mean_declared_transaction_price,residential_sales,Ayuntamiento de Madrid,Colegio de Registradores de España,504020100060,15,97.7,True,True,14.01,low,4735.53,registered_transactions_2025,official_price_and_kaggle_features,-216.39000000000036,-4.369820190956242,0.9563017980904376,DEST_002,El Salvador,San Blas - Canillejas,Nuevos Ministerios,2026-07-29,success,success,2026-07-29T08:01:00+02:00,2026-07-29T08:57:55+02:00,BUS,114|C2,Información oficial: Consorcio Regional de Transportes de Madrid,56.91666666666666,13.066666666666666,14.0,927.82,1.0,2026-07-29T18:00:00+02:00,2026-07-29T18:56:02+02:00,BUS,C1|223|77,Información oficial: Consorcio Regional de Transportes de Madrid|Consorcio Regional de Transportes de Madrid,56.03333333333333,14.233333333333333,18.966666666666665,987.24,2.0,112.95,27.3,32.96666666666667,3.0,0,complete_route,True,,True,usable
MAD-208,El Salvador,San Blas - Canillejas,True,True,available,29,29,0,100.0,0.0,0.26,29,894502.76,929000.0,484900.0,1190000.0,705100.0,240000.0,1750000.0,5662.69,4951.92,4117.65,6333.33,2215.69,2112.19,44.74,4166.67,5615.38,1448.72,29.26,433.93,29,2000,0.95,calculated,182.1,137.0,102.0,280.0,178.0,38.0,498.0,3.76,4.0,29,0,100.0,2.0,1.5,4,25,13.79,1.0,100.0,21,8,72.41,1.0,100.0,21,8,72.41,23.81,8.73,8.73,14.01,low,La estimación debe interpretarse con precaución por el tamaño de la muestra o la variabilidad de los precios.,residential_sale,asking_price,unknown,4735.53,,4522.39,89.59,,84.79,100,,95.5,True,False,True,2025,EUR_per_m2,mean_declared_transaction_price,residential_sales,Ayuntamiento de Madrid,Colegio de Registradores de España,504020100060,15,97.7,True,True,14.01,low,4735.53,registered_transactions_2025,official_price_and_kaggle_features,-216.39000000000036,-4.369820190956242,0.9563017980904376,DEST_003,El Salvador,San Blas - Canillejas,UC3M Campus de Leganés,2026-07-29,success,success,2026-07-29T06:44:00+02:00,2026-07-29T08:56:51+02:00,BUS,28|E1|482,Información oficial: Consorcio Regional de Transportes de Madrid|Consorcio Regional de Transportes de Madrid,132.85,29.9,23.416666666666668,2196.34,2.0,2026-07-29T18:00:58+02:00,2026-07-29T20:14:20+02:00,BUS,480|E1|146,Consorcio Regional de Transportes de Madrid|Información oficial: Consorcio Regional de Transportes de Madrid,133.36666666666667,12.9,23.0,893.67,2.0,266.2166666666667,42.8,46.41666666666667,4.0,0,complete_route,True,,True,usable
MAD-211,Alameda de Osuna,Barajas,True,True,available,28,25,3,89.29,10.71,0.23,25,644119.96,550000.0,450000.0,870000.0,420000.0,320000.0,1225000.0,4470.59,4786.32,4000.0,5250.0,1250.0,1038.44,26.12,4090.91,5166.67,1075.76,22.48,249.3,25,2000,0.95,calculated,158.8,118.0,95.0,149.0,54.0,80.0,363.0,3.44,3.0,25,0,100.0,2.33,2.0,6,19,24.0,1.0,100.0,20,5,80.0,1.0,100.0,20,5,80.0,21.43,19.05,73.02,33.37,low,La estimación debe interpretarse con precaución por el tamaño de la muestra o la variabilidad de los precios.,residential_sale,asking_price,unknown,5052.01,6007.94,4710.05,95.58,119.17,88.31,100,118.92,93.23,True,True,True,2025,EUR_per_m2,mean_declared_transaction_price,residential_sales,Ayuntamiento de Madrid,Colegio de Registradores de España,504020100060,15,97.7,True,True,33.37,low,5052.01,registered_transactions_2025,official_price_and_kaggle_features,265.6900000000005,5.5510287653144905,1.0555102876531448,DEST_001,Alameda de Osuna,Barajas,Puerta del Sol,2026-07-29,success,success,2026-07-29T07:50:55+02:00,2026-07-29T08:55:10+02:00,BUS,223|52,Consorcio Regional de Transportes de Madrid|Información oficial: Consorcio Regional de Transportes de Madrid,64.25,26.95,13.0,1918.71,1.0,2026-07-29T18:00:00+02:00,2026-07-29T19:13:58+02:00,BUS,52|223|224A,Información oficial: Consorcio Regional de Transportes de Madrid|Consorcio Regional de Transportes de Madrid,73.96666666666667,30.05,15.333333333333334,2165.68,2.0,138.21666666666667,57.0,28.333333333333336,3.0,0,complete_route,True,,True,usable
MAD-211,Alameda de Osuna,Barajas,True,True,available,28,25,3,89.29,10.71,0.23,25,644119.96,550000.0,450000.0,870000.0,420000.0,320000.0,1225000.0,4470.59,4786.32,4000.0,5250.0,1250.0,1038.44,26.12,4090.91,5166.67,1075.76,22.48,249.3,25,2000,0.95,calculated,158.8,118.0,95.0,149.0,54.0,80.0,363.0,3.44,3.0,25,0,100.0,2.33,2.0,6,19,24.0,1.0,100.0,20,5,80.0,1.0,100.0,20,5,80.0,21.43,19.05,73.02,33.37,low,La estimación debe interpretarse con precaución por el tamaño de la muestra o la variabilidad de los precios.,residential_sale,asking_price,unknown,5052.01,6007.94,4710.05,95.58,119.17,88.31,100,118.92,93.23,True,True,True,2025,EUR_per_m2,mean_declared_transaction_price,residential_sales,Ayuntamiento de Madrid,Colegio de Registradores de España,504020100060,15,97.7,True,True,33.37,low,5052.01,registered_transactions_2025,official_price_and_kaggle_features,265.6900000000005,5.5510287653144905,1.0555102876531448,DEST_002,Alameda de Osuna,Barajas,Nuevos Ministerios,2026-07-29,success,success,2026-07-29T08:16:02+02:00,2026-07-29T08:58:31+02:00,BUS,224A,Consorcio Regional de Transportes de Madrid,42.48333333333333,42.48333333333333,0.0,3066.73,0.0,2026-07-29T18:00:00+02:00,2026-07-29T18:49:28+02:00,BUS,C1|223|212,Información oficial: Consorcio Regional de Transportes de Madrid|Consorcio Regional de Transportes de Madrid,49.46666666666667,16.233333333333334,13.533333333333331,1096.16,2.0,91.95,58.71666666666666,13.533333333333331,2.0,0,complete_route,True,,True,usable
MAD-211,Alameda de Osuna,Barajas,True,True,available,28,25,3,89.29,10.71,0.23,25,644119.96,550000.0,450000.0,870000.0,420000.0,320000.0,1225000.0,4470.59,4786.32,4000.0,5250.0,1250.0,1038.44,26.12,4090.91,5166.67,1075.76,22.48,249.3,25,2000,0.95,calculated,158.8,118.0,95.0,149.0,54.0,80.0,363.0,3.44,3.0,25,0,100.0,2.33,2.0,6,19,24.0,1.0,100.0,20,5,80.0,1.0,100.0,20,5,80.0,21.43,19.05,73.02,33.37,low,La estimación debe interpretarse con precaución por el tamaño de la muestra o la variabilidad de los precios.,residential_sale,asking_price,unknown,5052.01,6007.94,4710.05,95.58,119.17,88.31,100,118.92,93.23,True,True,True,2025,EUR_per_m2,mean_declared_transaction_price,residential_sales,Ayuntamiento de Madrid,Colegio de Registradores de España,504020100060,15,97.7,True,True,33.37,low,5052.01,registered_transactions_2025,official_price_and_kaggle_features,265.6900000000005,5.5510287653144905,1.0555102876531448,DEST_003,Alameda de Osuna,Barajas,UC3M Campus de Leganés,2026-07-29,success,success,2026-07-29T06:35:55+02:00,2026-07-29T08:39:25+02:00,BUS,223|C1|E1|492,Consorcio Regional de Transportes de Madrid|Información oficial: Consorcio Regional de Transportes de Madrid,123.5,28.883333333333333,23.95,2079.4700000000003,3.0,2026-07-29T18:03:27+02:00,2026-07-29T20:16:36+02:00,BUS,485|E1|19|229|213,Consorcio Regional de Transportes de Madrid|Información oficial: Consorcio Regional de Transportes de Madrid,133.15,28.316666666666663,26.65,2039.86,4.0,256.65,57.2,50.6,7.0,0,complete_route,True,,True,usable
MAD-212,Aeropuerto,Barajas,True,True,available,4,3,1,75.0,25.0,0.03,3,214333.33,269000.0,187000.0,269000.0,82000.0,105000.0,269000.0,4853.44,6560.98,3999.67,6560.98,2561.31,2957.55,39.04,,,,,,3,2000,0.95,insufficient_sample,51.67,41.0,41.0,57.0,16.0,41.0,73.0,2.0,2.0,2,1,66.67,,,0,3,0.0,0.3333,33.33,3,0,100.0,1.0,100.0,2,1,66.67,,,,,insufficient_sample,No se calcula una fiabilidad completa porque hay menos de cinco anuncios.,residential_sale,asking_price,unknown,,,,,,,100,,,False,False,False,2025,EUR_per_m2,mean_declared_transaction_price,residential_sales,Ayuntamiento de Madrid,Colegio de Registradores de España,504020100060,15,97.7,True,True,,insufficient_sample,,,kaggle_features_only,,,,DEST_001,Aeropuerto,Barajas,Puerta del Sol,2026-07-29,success,success,2026-07-29T07:03:46+02:00,2026-07-29T08:58:10+02:00,BUS,212|223|52,Consorcio Regional de Transportes de Madrid|Información oficial: Consorcio Regional de Transportes de Madrid,114.4,56.16666666666666,17.116666666666667,4208.34,2.0,2026-07-29T18:00:00+02:00,2026-07-29T19:58:28+02:00,BUS,52|223|212,Información oficial: Consorcio Regional de Transportes de Madrid|Consorcio Regional de Transportes de Madrid,118.46666666666668,51.266666666666666,18.683333333333334,3888.06,2.0,232.86666666666667,107.43333333333332,35.8,4.0,0,complete_route,True,,False,precio_no_disponible
MAD-212,Aeropuerto,Barajas,True,True,available,4,3,1,75.0,25.0,0.03,3,214333.33,269000.0,187000.0,269000.0,82000.0,105000.0,269000.0,4853.44,6560.98,3999.67,6560.98,2561.31,2957.55,39.04,,,,,,3,2000,0.95,insufficient_sample,51.67,41.0,41.0,57.0,16.0,41.0,73.0,2.0,2.0,2,1,66.67,,,0,3,0.0,0.3333,33.33,3,0,100.0,1.0,100.0,2,1,66.67,,,,,insufficient_sample,No se calcula una fiabilidad completa porque hay menos de cinco anuncios.,residential_sale,asking_price,unknown,,,,,,,100,,,False,False,False,2025,EUR_per_m2,mean_declared_transaction_price,residential_sales,Ayuntamiento de Madrid,Colegio de Registradores de España,504020100060,15,97.7,True,True,,insufficient_sample,,,kaggle_features_only,,,,DEST_002,Aeropuerto,Barajas,Nuevos Ministerios,2026-07-29,success,success,2026-07-29T07:31:30+02:00,2026-07-29T08:58:31+02:00,BUS,213|224A,Consorcio Regional de Transportes de Madrid,87.01666666666667,71.7,3.1666666666666665,5356.360000000001,1.0,2026-07-29T18:00:00+02:00,2026-07-29T19:33:28+02:00,BUS,C1|223|212,Información oficial: Consorcio Regional de Transportes de Madrid|Consorcio Regional de Transportes de Madrid,93.46666666666668,45.3,13.533333333333331,3469.56,2.0,180.48333333333332,117.0,16.7,3.0,0,complete_route,True,,False,precio_no_disponible
MAD-212,Aeropuerto,Barajas,True,True,available,4,3,1,75.0,25.0,0.03,3,214333.33,269000.0,187000.0,269000.0,82000.0,105000.0,269000.0,4853.44,6560.98,3999.67,6560.98,2561.31,2957.55,39.04,,,,,,3,2000,0.95,insufficient_sample,51.67,41.0,41.0,57.0,16.0,41.0,73.0,2.0,2.0,2,1,66.67,,,0,3,0.0,0.3333,33.33,3,0,100.0,1.0,100.0,2,1,66.67,,,,,insufficient_sample,No se calcula una fiabilidad completa porque hay menos de cinco anuncios.,residential_sale,asking_price,unknown,,,,,,,100,,,False,False,False,2025,EUR_per_m2,mean_declared_transaction_price,residential_sales,Ayuntamiento de Madrid,Colegio de Registradores de España,504020100060,15,97.7,True,True,,insufficient_sample,,,kaggle_features_only,,,,DEST_003,Aeropuerto,Barajas,UC3M Campus de Leganés,2026-07-29,success,no_route,,,,,,,,,,,2026-07-29T18:03:27+02:00,2026-07-29T20:54:13+02:00,BUS,485|E1|19|229|213,Consorcio Regional de Transportes de Madrid|Información oficial: Consorcio Regional de Transportes de Madrid,170.76666666666668,57.38333333333333,26.65,4413.26,4.0,,,,,1,partial_route,False,falta_una_de_las_dos_rutas,False,ruta_incompleta
MAD-213,Casco Histórico de Barajas,Barajas,True,True,available,29,24,5,82.76,17.24,0.22,24,326904.17,327500.0,280000.0,364175.0,84175.0,188000.0,519000.0,3937.19,3670.06,3359.81,4456.07,1096.26,701.33,29.87,3421.05,4421.05,1000.0,27.25,270.89,24,2000,0.95,calculated,84.38,80.0,73.75,98.0,24.25,51.0,135.0,2.29,2.0,24,0,100.0,1.43,1.0,7,17,29.17,0.6364,63.64,22,2,91.67,0.8636,86.36,22,2,91.67,19.44,11.9,57.94,26.05,low,La estimación debe interpretarse con precaución por el tamaño de la muestra o la variabilidad de los precios.,residential_sale,asking_price,unknown,3962.41,,3896.97,74.96,,73.06,100,,98.35,True,False,True,2025,EUR_per_m2,mean_declared_transaction_price,residential_sales,Ayuntamiento de Madrid,Colegio de Registradores de España,504020100060,15,97.7,True,True,26.05,low,3962.41,registered_transactions_2025,official_price_and_kaggle_features,292.3499999999999,7.965809823272642,1.0796580982327264,DEST_001,Casco Histórico de Barajas,Barajas,Puerta del Sol,2026-07-29,success,success,2026-07-29T07:46:06+02:00,2026-07-29T08:58:10+02:00,BUS,212|223|52,Consorcio Regional de Transportes de Madrid|Información oficial: Consorcio Regional de Transportes de Madrid,72.06666666666666,23.566666666666663,17.116666666666667,1578.09,2.0,2026-07-29T18:00:00+02:00,2026-07-29T19:17:17+02:00,BUS,52|223|212,Información oficial: Consorcio Regional de Transportes de Madrid|Consorcio Regional de Transportes de Madrid,77.28333333333333,20.766666666666666,18.683333333333334,1418.48,2.0,149.35,44.33333333333333,35.8,4.0,0,complete_route,True,,True,usable
MAD-213,Casco Histórico de Barajas,Barajas,True,True,available,29,24,5,82.76,17.24,0.22,24,326904.17,327500.0,280000.0,364175.0,84175.0,188000.0,519000.0,3937.19,3670.06,3359.81,4456.07,1096.26,701.33,29.87,3421.05,4421.05,1000.0,27.25,270.89,24,2000,0.95,calculated,84.38,80.0,73.75,98.0,24.25,51.0,135.0,2.29,2.0,24,0,100.0,1.43,1.0,7,17,29.17,0.6364,63.64,22,2,91.67,0.8636,86.36,22,2,91.67,19.44,11.9,57.94,26.05,low,La estimación debe interpretarse con precaución por el tamaño de la muestra o la variabilidad de los precios.,residential_sale,asking_price,unknown,3962.41,,3896.97,74.96,,73.06,100,,98.35,True,False,True,2025,EUR_per_m2,mean_declared_transaction_price,residential_sales,Ayuntamiento de Madrid,Colegio de Registradores de España,504020100060,15,97.7,True,True,26.05,low,3962.41,registered_transactions_2025,official_price_and_kaggle_features,292.3499999999999,7.965809823272642,1.0796580982327264,DEST_002,Casco Histórico de Barajas,Barajas,Nuevos Ministerios,2026-07-29,success,success,2026-07-29T08:10:23+02:00,2026-07-29T08:58:31+02:00,BUS,213|224A,Consorcio Regional de Transportes de Madrid,48.13333333333333,39.1,3.1666666666666665,2726.11,1.0,2026-07-29T18:00:00+02:00,2026-07-29T18:52:17+02:00,BUS,C1|223|212,Información oficial: Consorcio Regional de Transportes de Madrid|Consorcio Regional de Transportes de Madrid,52.28333333333333,14.8,13.533333333333331,999.98,2.0,100.41666666666666,53.900000000000006,16.7,3.0,0,complete_route,True,,True,usable
MAD-213,Casco Histórico de Barajas,Barajas,True,True,available,29,24,5,82.76,17.24,0.22,24,326904.17,327500.0,280000.0,364175.0,84175.0,188000.0,519000.0,3937.19,3670.06,3359.81,4456.07,1096.26,701.33,29.87,3421.05,4421.05,1000.0,27.25,270.89,24,2000,0.95,calculated,84.38,80.0,73.75,98.0,24.25,51.0,135.0,2.29,2.0,24,0,100.0,1.43,1.0,7,17,29.17,0.6364,63.64,22,2,91.67,0.8636,86.36,22,2,91.67,19.44,11.9,57.94,26.05,low,La estimación debe interpretarse con precaución por el tamaño de la muestra o la variabilidad de los precios.,residential_sale,asking_price,unknown,3962.41,,3896.97,74.96,,73.06,100,,98.35,True,False,True,2025,EUR_per_m2,mean_declared_transaction_price,residential_sales,Ayuntamiento de Madrid,Colegio de Registradores de España,504020100060,15,97.7,True,True,26.05,low,3962.41,registered_transactions_2025,official_price_and_kaggle_features,292.3499999999999,7.965809823272642,1.0796580982327264,DEST_003,Casco Histórico de Barajas,Barajas,UC3M Campus de Leganés,2026-07-29,success,success,2026-07-29T06:42:00+02:00,2026-07-29T08:56:51+02:00,BUS,203|E1|482,Información oficial: Consorcio Regional de Transportes de Madrid|Consorcio Regional de Transportes de Madrid,134.85,26.03333333333333,32.1,1919.86,2.0,2026-07-29T18:03:27+02:00,2026-07-29T20:17:32+02:00,BUS,485|E1|19|229|213,Consorcio Regional de Transportes de Madrid|Información oficial: Consorcio Regional de Transportes de Madrid,134.08333333333334,26.883333333333333,26.65,1943.68,4.0,268.93333333333334,52.91666666666666,58.75,6.0,0,complete_route,True,,True,usable
MAD-214,Timón,Barajas,True,True,available,19,17,2,89.47,10.53,0.15,17,592352.35,520000.0,328000.0,837000.0,509000.0,179990.0,1095000.0,4501.69,4241.25,3639.13,5591.4,1952.27,1317.08,46.03,3639.13,5591.4,1952.27,46.03,511.91,17,2000,0.95,calculated,146.53,103.0,79.0,230.0,151.0,46.0,335.0,3.06,3.0,17,0,100.0,2.25,2.0,4,13,23.53,0.8462,84.62,13,4,76.47,1.0,100.0,12,5,70.59,7.14,1.59,7.14,4.92,low,La estimación debe interpretarse con precaución por el tamaño de la muestra o la variabilidad de los precios.,residential_sale,asking_price,unknown,4418.93,,4309.06,83.6,,80.79,100,,97.51,True,False,True,2025,EUR_per_m2,mean_declared_transaction_price,residential_sales,Ayuntamiento de Madrid,Colegio de Registradores de España,504020100060,15,97.7,True,True,4.92,low,4418.93,registered_transactions_2025,official_price_and_kaggle_features,177.6800000000003,4.189330975537879,1.0418933097553789,DEST_001,Timón,Barajas,Puerta del Sol,2026-07-29,success,success,2026-07-29T07:28:49+02:00,2026-07-29T08:55:10+02:00,BUS,828|223|52,Consorcio Regional de Transportes de Madrid|Información oficial: Consorcio Regional de Transportes de Madrid,86.35,31.53333333333333,16.666666666666668,2227.27,2.0,2026-07-29T18:00:00+02:00,2026-07-29T19:21:40+02:00,BUS,52|223|828,Información oficial: Consorcio Regional de Transportes de Madrid|Consorcio Regional de Transportes de Madrid,81.66666666666667,24.2,18.366666666666667,1722.21,2.0,168.01666666666665,55.73333333333333,35.03333333333333,4.0,0,complete_route,True,,True,usable
MAD-214,Timón,Barajas,True,True,available,19,17,2,89.47,10.53,0.15,17,592352.35,520000.0,328000.0,837000.0,509000.0,179990.0,1095000.0,4501.69,4241.25,3639.13,5591.4,1952.27,1317.08,46.03,3639.13,5591.4,1952.27,46.03,511.91,17,2000,0.95,calculated,146.53,103.0,79.0,230.0,151.0,46.0,335.0,3.06,3.0,17,0,100.0,2.25,2.0,4,13,23.53,0.8462,84.62,13,4,76.47,1.0,100.0,12,5,70.59,7.14,1.59,7.14,4.92,low,La estimación debe interpretarse con precaución por el tamaño de la muestra o la variabilidad de los precios.,residential_sale,asking_price,unknown,4418.93,,4309.06,83.6,,80.79,100,,97.51,True,False,True,2025,EUR_per_m2,mean_declared_transaction_price,residential_sales,Ayuntamiento de Madrid,Colegio de Registradores de España,504020100060,15,97.7,True,True,4.92,low,4418.93,registered_transactions_2025,official_price_and_kaggle_features,177.6800000000003,4.189330975537879,1.0418933097553789,DEST_002,Timón,Barajas,Nuevos Ministerios,2026-07-29,success,success,2026-07-29T07:41:20+02:00,2026-07-29T08:55:48+02:00,BUS,828|161|147,Consorcio Regional de Transportes de Madrid|Información oficial: Consorcio Regional de Transportes de Madrid,74.46666666666667,13.7,14.5,1016.64,2.0,2026-07-29T18:10:00+02:00,2026-07-29T19:21:22+02:00,BUS,C1|223|827,Información oficial: Consorcio Regional de Transportes de Madrid|Consorcio Regional de Transportes de Madrid,71.36666666666666,37.6,13.216666666666669,2840.98,2.0,145.83333333333331,51.3,27.71666666666667,4.0,0,complete_route,True,,True,usable
MAD-214,Timón,Barajas,True,True,available,19,17,2,89.47,10.53,0.15,17,592352.35,520000.0,328000.0,837000.0,509000.0,179990.0,1095000.0,4501.69,4241.25,3639.13,5591.4,1952.27,1317.08,46.03,3639.13,5591.4,1952.27,46.03,511.91,17,2000,0.95,calculated,146.53,103.0,79.0,230.0,151.0,46.0,335.0,3.06,3.0,17,0,100.0,2.25,2.0,4,13,23.53,0.8462,84.62,13,4,76.47,1.0,100.0,12,5,70.59,7.14,1.59,7.14,4.92,low,La estimación debe interpretarse con precaución por el tamaño de la muestra o la variabilidad de los precios.,residential_sale,asking_price,unknown,4418.93,,4309.06,83.6,,80.79,100,,97.51,True,False,True,2025,EUR_per_m2,mean_declared_transaction_price,residential_sales,Ayuntamiento de Madrid,Colegio de Registradores de España,504020100060,15,97.7,True,True,4.92,low,4418.93,registered_transactions_2025,official_price_and_kaggle_features,177.6800000000003,4.189330975537879,1.0418933097553789,DEST_003,Timón,Barajas,UC3M Campus de Leganés,2026-07-29,success,success,2026-07-29T06:15:00+02:00,2026-07-29T08:56:51+02:00,BUS,BR1|185|27|E1|482,Información oficial: Consorcio Regional de Transportes de Madrid|Consorcio Regional de Transportes de Madrid,161.85,26.9,38.266666666666666,1878.47,4.0,2026-07-29T18:04:55+02:00,2026-07-29T20:51:22+02:00,BUS,485|432|422|19|223|827,Consorcio Regional de Transportes de Madrid|Información oficial: Consorcio Regional de Transportes de Madrid,166.45,46.71666666666667,34.9,3534.15,5.0,328.29999999999995,73.61666666666667,73.16666666666666,9.0,0,complete_route,True,,True,usable
MAD-215,Corralejos,Barajas,True,True,available,17,17,0,100.0,0.0,0.15,17,908941.18,999000.0,575000.0,1220000.0,645000.0,250000.0,1375000.0,4491.03,4310.95,3746.59,5102.04,1355.45,1305.63,31.44,3746.59,5102.04,1355.45,31.44,376.45,17,2000,0.95,calculated,228.47,247.0,100.0,350.0,250.0,49.0,415.0,3.53,4.0,17,0,100.0,2.2,2.0,5,12,29.41,0.8571,85.71,7,10,41.18,0.8889,88.89,9,8,52.94,7.14,5.56,49.21,17.02,low,La estimación debe interpretarse con precaución por el tamaño de la muestra o la variabilidad de los precios.,residential_sale,asking_price,unknown,4890.3,,4902.36,92.52,,91.91,100,,100.25,True,False,True,2025,EUR_per_m2,mean_declared_transaction_price,residential_sales,Ayuntamiento de Madrid,Colegio de Registradores de España,504020100060,15,97.7,True,True,17.02,low,4890.3,registered_transactions_2025,official_price_and_kaggle_features,579.3500000000004,13.439033159744382,1.1343903315974435,DEST_001,Corralejos,Barajas,Puerta del Sol,2026-07-29,success,success,2026-07-29T07:41:14+02:00,2026-07-29T08:58:10+02:00,BUS,223|52,Consorcio Regional de Transportes de Madrid|Información oficial: Consorcio Regional de Transportes de Madrid,76.93333333333334,40.06666666666667,13.0,2890.11,1.0,2026-07-29T18:00:00+02:00,2026-07-29T19:17:19+02:00,BUS,52|223|828,Información oficial: Consorcio Regional de Transportes de Madrid|Consorcio Regional de Transportes de Madrid,77.31666666666666,23.85,18.366666666666667,1672.81,2.0,154.25,63.91666666666667,31.366666666666667,3.0,0,complete_route,True,,True,usable
MAD-215,Corralejos,Barajas,True,True,available,17,17,0,100.0,0.0,0.15,17,908941.18,999000.0,575000.0,1220000.0,645000.0,250000.0,1375000.0,4491.03,4310.95,3746.59,5102.04,1355.45,1305.63,31.44,3746.59,5102.04,1355.45,31.44,376.45,17,2000,0.95,calculated,228.47,247.0,100.0,350.0,250.0,49.0,415.0,3.53,4.0,17,0,100.0,2.2,2.0,5,12,29.41,0.8571,85.71,7,10,41.18,0.8889,88.89,9,8,52.94,7.14,5.56,49.21,17.02,low,La estimación debe interpretarse con precaución por el tamaño de la muestra o la variabilidad de los precios.,residential_sale,asking_price,unknown,4890.3,,4902.36,92.52,,91.91,100,,100.25,True,False,True,2025,EUR_per_m2,mean_declared_transaction_price,residential_sales,Ayuntamiento de Madrid,Colegio de Registradores de España,504020100060,15,97.7,True,True,17.02,low,4890.3,registered_transactions_2025,official_price_and_kaggle_features,579.3500000000004,13.439033159744382,1.1343903315974435,DEST_002,Corralejos,Barajas,Nuevos Ministerios,2026-07-29,success,success,2026-07-29T08:05:10+02:00,2026-07-29T08:58:31+02:00,BUS,213|224A,Consorcio Regional de Transportes de Madrid,53.35,48.0,3.1666666666666665,3427.88,1.0,2026-07-29T18:00:00+02:00,2026-07-29T18:58:23+02:00,BUS,C1|223,Información oficial: Consorcio Regional de Transportes de Madrid|Consorcio Regional de Transportes de Madrid,58.38333333333333,35.7,8.966666666666667,2567.96,1.0,111.73333333333332,83.7,12.133333333333333,2.0,0,complete_route,True,,True,usable
MAD-215,Corralejos,Barajas,True,True,available,17,17,0,100.0,0.0,0.15,17,908941.18,999000.0,575000.0,1220000.0,645000.0,250000.0,1375000.0,4491.03,4310.95,3746.59,5102.04,1355.45,1305.63,31.44,3746.59,5102.04,1355.45,31.44,376.45,17,2000,0.95,calculated,228.47,247.0,100.0,350.0,250.0,49.0,415.0,3.53,4.0,17,0,100.0,2.2,2.0,5,12,29.41,0.8571,85.71,7,10,41.18,0.8889,88.89,9,8,52.94,7.14,5.56,49.21,17.02,low,La estimación debe interpretarse con precaución por el tamaño de la muestra o la variabilidad de los precios.,residential_sale,asking_price,unknown,4890.3,,4902.36,92.52,,91.91,100,,100.25,True,False,True,2025,EUR_per_m2,mean_declared_transaction_price,residential_sales,Ayuntamiento de Madrid,Colegio de Registradores de España,504020100060,15,97.7,True,True,17.02,low,4890.3,registered_transactions_2025,official_price_and_kaggle_features,579.3500000000004,13.439033159744382,1.1343903315974435,DEST_003,Corralejos,Barajas,UC3M Campus de Leganés,2026-07-29,success,success,2026-07-29T06:28:14+02:00,2026-07-29T08:49:27+02:00,BUS,223|C1|E1|485,Consorcio Regional de Transportes de Madrid|Información oficial: Consorcio Regional de Transportes de Madrid,141.21666666666667,39.81666666666667,30.266666666666666,2889.57,3.0,2026-07-29T18:03:27+02:00,2026-07-29T20:25:20+02:00,BUS,485|E1|19|229|213,Consorcio Regional de Transportes de Madrid|Información oficial: Consorcio Regional de Transportes de Madrid,141.88333333333333,37.73333333333333,26.65,2762.85,4.0,283.1,77.55,56.91666666666666,7.0,0,complete_route,True,,True,usable
