request_key,zone_key,neighborhood_name,district_name,origin_latitude,origin_longitude,destination_id,destination_name,target_latitude,target_longitude,scenario_id,scenario_name,direction,transport_mode,transport_mode_label,service_date,requested_datetime,calculation_timestamp,request_status,itineraries_found,routing_errors_json,request_error,elapsed_seconds
2026-07-29|MAD-011|DEST_001|evening_departure_1800|TRANSIT,MAD-011,Palacio,Centro,40.416775,-3.70379,DEST_001,Puerta del Sol,40.41497123669304,-3.715595661419112,evening_departure_1800,Salida del destino a las 18:00,from_destination,TRANSIT,Transporte público,2026-07-29,2026-07-29T18:00:00+02:00,2026-08-12T10:35:31.483896+02:00,no_route,0,"[{""code"":""WALKING_BETTER_THAN_TRANSIT"",""description"":""ES-los Origin is within a trivial distance of the destination."",""inputField"":null}]",,2.319080599991139
2026-07-29|MAD-011|DEST_001|morning_arrival_0900|TRANSIT,MAD-011,Palacio,Centro,40.41497123669304,-3.715595661419112,DEST_001,Puerta del Sol,40.416775,-3.70379,morning_arrival_0900,Llegada al destino a las 09:00,to_destination,TRANSIT,Transporte público,2026-07-29,2026-07-29T09:00:00+02:00,2026-08-12T10:35:30.390776+02:00,no_route,0,"[{""code"":""WALKING_BETTER_THAN_TRANSIT"",""description"":""ES-los Origin is within a trivial distance of the destination."",""inputField"":null}]",,1.0266425999579951
2026-07-29|MAD-012|DEST_001|evening_departure_1800|TRANSIT,MAD-012,Embajadores,Centro,40.416775,-3.70379,DEST_001,Puerta del Sol,40.40955819693991,-3.701533658424557,evening_departure_1800,Salida del destino a las 18:00,from_destination,TRANSIT,Transporte público,2026-07-29,2026-07-29T18:00:00+02:00,2026-08-12T11:03:00.079637+02:00,no_route,0,"[{""code"":""WALKING_BETTER_THAN_TRANSIT"",""description"":""ES-los Origin is within a trivial distance of the destination."",""inputField"":null}]",,1.7546582000213675
2026-07-29|MAD-012|DEST_001|morning_arrival_0900|TRANSIT,MAD-012,Embajadores,Centro,40.40955819693991,-3.701533658424557,DEST_001,Puerta del Sol,40.416775,-3.70379,morning_arrival_0900,Llegada al destino a las 09:00,to_destination,TRANSIT,Transporte público,2026-07-29,2026-07-29T09:00:00+02:00,2026-08-12T11:02:58.571580+02:00,no_route,0,"[{""code"":""WALKING_BETTER_THAN_TRANSIT"",""description"":""ES-los Origin is within a trivial distance of the destination."",""inputField"":null}]",,1.3881746000261046
2026-07-29|MAD-013|DEST_001|evening_departure_1800|TRANSIT,MAD-013,Cortes,Centro,40.416775,-3.70379,DEST_001,Puerta del Sol,40.41444487646672,-3.698547352497454,evening_departure_1800,Salida del destino a las 18:00,from_destination,TRANSIT,Transporte público,2026-07-29,2026-07-29T18:00:00+02:00,2026-08-12T11:03:06.302840+02:00,no_route,0,"[{""code"":""WALKING_BETTER_THAN_TRANSIT"",""description"":""ES-los Origin is within a trivial distance of the destination."",""inputField"":null}]",,1.3877592000062575
2026-07-29|MAD-013|DEST_001|morning_arrival_0900|TRANSIT,MAD-013,Cortes,Centro,40.41444487646672,-3.698547352497454,DEST_001,Puerta del Sol,40.416775,-3.70379,morning_arrival_0900,Llegada al destino a las 09:00,to_destination,TRANSIT,Transporte público,2026-07-29,2026-07-29T09:00:00+02:00,2026-08-12T11:03:05.544259+02:00,no_route,0,"[{""code"":""WALKING_BETTER_THAN_TRANSIT"",""description"":""ES-los Origin is within a trivial distance of the destination."",""inputField"":null}]",,0.6936862000147812
2026-07-29|MAD-014|DEST_001|evening_departure_1800|TRANSIT,MAD-014,Justicia,Centro,40.416775,-3.70379,DEST_001,Puerta del Sol,40.423894598841976,-3.695811811388121,evening_departure_1800,Salida del destino a las 18:00,from_destination,TRANSIT,Transporte público,2026-07-29,2026-07-29T18:00:00+02:00,2026-08-12T11:03:12.780364+02:00,no_route,0,"[{""code"":""WALKING_BETTER_THAN_TRANSIT"",""description"":""ES-los Origin is within a trivial distance of the destination."",""inputField"":null}]",,1.5353428999660537
2026-07-29|MAD-014|DEST_001|morning_arrival_0900|TRANSIT,MAD-014,Justicia,Centro,40.423894598841976,-3.695811811388121,DEST_001,Puerta del Sol,40.416775,-3.70379,morning_arrival_0900,Llegada al destino a las 09:00,to_destination,TRANSIT,Transporte público,2026-07-29,2026-07-29T09:00:00+02:00,2026-08-12T11:03:11.845356+02:00,no_route,0,"[{""code"":""WALKING_BETTER_THAN_TRANSIT"",""description"":""ES-los Origin is within a trivial distance of the destination."",""inputField"":null}]",,0.8337592000025325
2026-07-29|MAD-015|DEST_001|evening_departure_1800|TRANSIT,MAD-015,Universidad,Centro,40.416775,-3.70379,DEST_001,Puerta del Sol,40.42536457227763,-3.706674299024391,evening_departure_1800,Salida del destino a las 18:00,from_destination,TRANSIT,Transporte público,2026-07-29,2026-07-29T18:00:00+02:00,2026-08-12T11:03:20.024500+02:00,no_route,0,"[{""code"":""WALKING_BETTER_THAN_TRANSIT"",""description"":""ES-los Origin is within a trivial distance of the destination."",""inputField"":null}]",,1.8558299000142144
2026-07-29|MAD-015|DEST_001|morning_arrival_0900|TRANSIT,MAD-015,Universidad,Centro,40.42536457227763,-3.706674299024391,DEST_001,Puerta del Sol,40.416775,-3.70379,morning_arrival_0900,Llegada al destino a las 09:00,to_destination,TRANSIT,Transporte público,2026-07-29,2026-07-29T09:00:00+02:00,2026-08-12T11:03:19.147041+02:00,no_route,0,"[{""code"":""WALKING_BETTER_THAN_TRANSIT"",""description"":""ES-los Origin is within a trivial distance of the destination."",""inputField"":null}]",,0.8066437999950722
2026-07-29|MAD-016|DEST_001|evening_departure_1800|TRANSIT,MAD-016,Sol,Centro,40.416775,-3.70379,DEST_001,Puerta del Sol,40.41692666103148,-3.704453001491228,evening_departure_1800,Salida del destino a las 18:00,from_destination,TRANSIT,Transporte público,2026-07-29,2026-07-29T18:00:00+02:00,2026-08-12T11:03:28.457906+02:00,no_route,0,"[{""code"":""WALKING_BETTER_THAN_TRANSIT"",""description"":""ES-los Origin is within a trivial distance of the destination."",""inputField"":null}]",,0.975239599996712
2026-07-29|MAD-016|DEST_001|morning_arrival_0900|TRANSIT,MAD-016,Sol,Centro,40.41692666103148,-3.704453001491228,DEST_001,Puerta del Sol,40.416775,-3.70379,morning_arrival_0900,Llegada al destino a las 09:00,to_destination,TRANSIT,Transporte público,2026-07-29,2026-07-29T09:00:00+02:00,2026-08-12T11:03:27.202764+02:00,no_route,0,"[{""code"":""WALKING_BETTER_THAN_TRANSIT"",""description"":""ES-los Origin is within a trivial distance of the destination."",""inputField"":null}]",,1.126620199996978
2026-07-29|MAD-035|DEST_001|evening_departure_1800|CAR,MAD-035,Los Jerónimos,Retiro,40.416775,-3.70379,DEST_001,Puerta del Sol,40.41347896333984,-3.685072645345216,evening_departure_1800,Salida del destino a las 18:00,from_destination,CAR,Coche,2026-07-29,2026-07-29T18:00:00+02:00,2026-08-12T11:04:50.959225+02:00,no_route,0,"[{""code"":""NO_DIRECT_MODE_CONNECTION"",""description"":""No route found for the requested direct mode. The origin and destination may be too far apart or not connected by the requested mode of transport."",""inputField"":null}]",,0.4958244999870658
2026-07-29|MAD-035|DEST_001|evening_departure_1800|TRANSIT,MAD-035,Los Jerónimos,Retiro,40.416775,-3.70379,DEST_001,Puerta del Sol,40.41347896333984,-3.685072645345216,evening_departure_1800,Salida del destino a las 18:00,from_destination,TRANSIT,Transporte público,2026-07-29,2026-07-29T18:00:00+02:00,2026-08-12T11:04:49.725445+02:00,no_route,0,"[{""code"":""WALKING_BETTER_THAN_TRANSIT"",""description"":""ES-los Origin is within a trivial distance of the destination."",""inputField"":null}]",,1.157074399990961
2026-07-29|MAD-035|DEST_001|morning_arrival_0900|CAR,MAD-035,Los Jerónimos,Retiro,40.41347896333984,-3.685072645345216,DEST_001,Puerta del Sol,40.416775,-3.70379,morning_arrival_0900,Llegada al destino a las 09:00,to_destination,CAR,Coche,2026-07-29,2026-07-29T09:00:00+02:00,2026-08-12T11:04:49.229621+02:00,no_route,0,"[{""code"":""NO_DIRECT_MODE_CONNECTION"",""description"":""No route found for the requested direct mode. The origin and destination may be too far apart or not connected by the requested mode of transport."",""inputField"":null}]",,0.4957084000343457
2026-07-29|MAD-035|DEST_001|morning_arrival_0900|TRANSIT,MAD-035,Los Jerónimos,Retiro,40.41347896333984,-3.685072645345216,DEST_001,Puerta del Sol,40.416775,-3.70379,morning_arrival_0900,Llegada al destino a las 09:00,to_destination,TRANSIT,Transporte público,2026-07-29,2026-07-29T09:00:00+02:00,2026-08-12T11:04:47.570899+02:00,no_route,0,"[{""code"":""WALKING_BETTER_THAN_TRANSIT"",""description"":""ES-los Origin is within a trivial distance of the destination."",""inputField"":null}]",,1.5839102999889292
2026-07-29|MAD-035|DEST_002|evening_departure_1800|CAR,MAD-035,Los Jerónimos,Retiro,40.44661,-3.692436,DEST_002,Nuevos Ministerios,40.41347896333984,-3.685072645345216,evening_departure_1800,Salida del destino a las 18:00,from_destination,CAR,Coche,2026-07-29,2026-07-29T18:00:00+02:00,2026-08-12T11:04:55.795574+02:00,no_route,0,"[{""code"":""NO_DIRECT_MODE_CONNECTION"",""description"":""No route found for the requested direct mode. The origin and destination may be too far apart or not connected by the requested mode of transport."",""inputField"":null}]",,0.4434573999606073
2026-07-29|MAD-035|DEST_002|morning_arrival_0900|CAR,MAD-035,Los Jerónimos,Retiro,40.41347896333984,-3.685072645345216,DEST_002,Nuevos Ministerios,40.44661,-3.692436,morning_arrival_0900,Llegada al destino a las 09:00,to_destination,CAR,Coche,2026-07-29,2026-07-29T09:00:00+02:00,2026-08-12T11:04:54.069791+02:00,no_route,0,"[{""code"":""NO_DIRECT_MODE_CONNECTION"",""description"":""No route found for the requested direct mode. The origin and destination may be too far apart or not connected by the requested mode of transport."",""inputField"":null}]",,0.4880529000074602
2026-07-29|MAD-035|DEST_003|evening_departure_1800|CAR,MAD-035,Los Jerónimos,Retiro,40.331755,-3.765697,DEST_003,UC3M Campus de Leganés,40.41347896333984,-3.685072645345216,evening_departure_1800,Salida del destino a las 18:00,from_destination,CAR,Coche,2026-07-29,2026-07-29T18:00:00+02:00,2026-08-12T11:04:58.855845+02:00,no_route,0,"[{""code"":""NO_DIRECT_MODE_CONNECTION"",""description"":""No route found for the requested direct mode. The origin and destination may be too far apart or not connected by the requested mode of transport."",""inputField"":null}]",,0.4476568999816663
2026-07-29|MAD-035|DEST_003|morning_arrival_0900|CAR,MAD-035,Los Jerónimos,Retiro,40.41347896333984,-3.685072645345216,DEST_003,UC3M Campus de Leganés,40.331755,-3.765697,morning_arrival_0900,Llegada al destino a las 09:00,to_destination,CAR,Coche,2026-07-29,2026-07-29T09:00:00+02:00,2026-08-12T11:04:57.411520+02:00,no_route,0,"[{""code"":""NO_DIRECT_MODE_CONNECTION"",""description"":""No route found for the requested direct mode. The origin and destination may be too far apart or not connected by the requested mode of transport."",""inputField"":null}]",,0.8415711999987252
2026-07-29|MAD-051|DEST_002|evening_departure_1800|TRANSIT,MAD-051,El Viso,Chamartín,40.44661,-3.692436,DEST_002,Nuevos Ministerios,40.44523032696901,-3.684832174017108,evening_departure_1800,Salida del destino a las 18:00,from_destination,TRANSIT,Transporte público,2026-07-29,2026-07-29T18:00:00+02:00,2026-08-12T11:06:05.584997+02:00,no_route,0,"[{""code"":""WALKING_BETTER_THAN_TRANSIT"",""description"":""ES-los Origin is within a trivial distance of the destination."",""inputField"":null}]",,1.4038527000229806
2026-07-29|MAD-051|DEST_002|morning_arrival_0900|TRANSIT,MAD-051,El Viso,Chamartín,40.44523032696901,-3.684832174017108,DEST_002,Nuevos Ministerios,40.44661,-3.692436,morning_arrival_0900,Llegada al destino a las 09:00,to_destination,TRANSIT,Transporte público,2026-07-29,2026-07-29T09:00:00+02:00,2026-08-12T11:06:04.609980+02:00,no_route,0,"[{""code"":""WALKING_BETTER_THAN_TRANSIT"",""description"":""ES-los Origin is within a trivial distance of the destination."",""inputField"":null}]",,0.9011188999866137
2026-07-29|MAD-052|DEST_003|evening_departure_1800|WALK,MAD-052,Prosperidad,Chamartín,40.331755,-3.765697,DEST_003,UC3M Campus de Leganés,40.44543196389176,-3.666657616314384,evening_departure_1800,Salida del destino a las 18:00,from_destination,WALK,A pie,2026-07-29,2026-07-29T18:00:00+02:00,2026-08-12T11:06:22.841688+02:00,no_route,0,"[{""code"":""NO_DIRECT_MODE_CONNECTION"",""description"":""No route found for the requested direct mode. The origin and destination may be too far apart or not connected by the requested mode of transport."",""inputField"":null}]",,0.3203821000060998
2026-07-29|MAD-052|DEST_003|morning_arrival_0900|WALK,MAD-052,Prosperidad,Chamartín,40.44543196389176,-3.666657616314384,DEST_003,UC3M Campus de Leganés,40.331755,-3.765697,morning_arrival_0900,Llegada al destino a las 09:00,to_destination,WALK,A pie,2026-07-29,2026-07-29T09:00:00+02:00,2026-08-12T11:06:20.996897+02:00,no_route,0,"[{""code"":""NO_DIRECT_MODE_CONNECTION"",""description"":""No route found for the requested direct mode. The origin and destination may be too far apart or not connected by the requested mode of transport."",""inputField"":null}]",,0.4085213999496773
2026-07-29|MAD-053|DEST_002|evening_departure_1800|TRANSIT,MAD-053,Ciudad Jardín,Chamartín,40.44661,-3.692436,DEST_002,Nuevos Ministerios,40.446888009365466,-3.67402531852014,evening_departure_1800,Salida del destino a las 18:00,from_destination,TRANSIT,Transporte público,2026-07-29,2026-07-29T18:00:00+02:00,2026-08-12T11:06:27.712837+02:00,no_route,0,"[{""code"":""WALKING_BETTER_THAN_TRANSIT"",""description"":""ES-los Origin is within a trivial distance of the destination."",""inputField"":null}]",,1.800910699996166
2026-07-29|MAD-053|DEST_002|morning_arrival_0900|TRANSIT,MAD-053,Ciudad Jardín,Chamartín,40.446888009365466,-3.67402531852014,DEST_002,Nuevos Ministerios,40.44661,-3.692436,morning_arrival_0900,Llegada al destino a las 09:00,to_destination,TRANSIT,Transporte público,2026-07-29,2026-07-29T09:00:00+02:00,2026-08-12T11:06:26.679270+02:00,no_route,0,"[{""code"":""WALKING_BETTER_THAN_TRANSIT"",""description"":""ES-los Origin is within a trivial distance of the destination."",""inputField"":null}]",,0.9606471000006422
2026-07-29|MAD-054|DEST_003|evening_departure_1800|WALK,MAD-054,Hispanoamérica,Chamartín,40.331755,-3.765697,DEST_003,UC3M Campus de Leganés,40.45561062956557,-3.676959707587443,evening_departure_1800,Salida del destino a las 18:00,from_destination,WALK,A pie,2026-07-29,2026-07-29T18:00:00+02:00,2026-08-12T11:06:43.862001+02:00,no_route,0,"[{""code"":""NO_DIRECT_MODE_CONNECTION"",""description"":""No route found for the requested direct mode. The origin and destination may be too far apart or not connected by the requested mode of transport."",""inputField"":null}]",,0.2724484999780543
2026-07-29|MAD-054|DEST_003|morning_arrival_0900|WALK,MAD-054,Hispanoamérica,Chamartín,40.45561062956557,-3.676959707587443,DEST_003,UC3M Campus de Leganés,40.331755,-3.765697,morning_arrival_0900,Llegada al destino a las 09:00,to_destination,WALK,A pie,2026-07-29,2026-07-29T09:00:00+02:00,2026-08-12T11:06:42.337501+02:00,no_route,0,"[{""code"":""NO_DIRECT_MODE_CONNECTION"",""description"":""No route found for the requested direct mode. The origin and destination may be too far apart or not connected by the requested mode of transport."",""inputField"":null}]",,0.3739776000147685
2026-07-29|MAD-055|DEST_003|evening_departure_1800|WALK,MAD-055,Nueva España,Chamartín,40.331755,-3.765697,DEST_003,UC3M Campus de Leganés,40.46277122906753,-3.678034024844448,evening_departure_1800,Salida del destino a las 18:00,from_destination,WALK,A pie,2026-07-29,2026-07-29T18:00:00+02:00,2026-08-12T11:06:54.022950+02:00,no_route,0,"[{""code"":""NO_DIRECT_MODE_CONNECTION"",""description"":""No route found for the requested direct mode. The origin and destination may be too far apart or not connected by the requested mode of transport."",""inputField"":null}]",,0.535130099975504
2026-07-29|MAD-055|DEST_003|morning_arrival_0900|WALK,MAD-055,Nueva España,Chamartín,40.46277122906753,-3.678034024844448,DEST_003,UC3M Campus de Leganés,40.331755,-3.765697,morning_arrival_0900,Llegada al destino a las 09:00,to_destination,WALK,A pie,2026-07-29,2026-07-29T09:00:00+02:00,2026-08-12T11:06:52.300557+02:00,no_route,0,"[{""code"":""NO_DIRECT_MODE_CONNECTION"",""description"":""No route found for the requested direct mode. The origin and destination may be too far apart or not connected by the requested mode of transport."",""inputField"":null}]",,0.2782739999820478
2026-07-29|MAD-056|DEST_003|evening_departure_1800|WALK,MAD-056,Castilla,Chamartín,40.331755,-3.765697,DEST_003,UC3M Campus de Leganés,40.47469790338341,-3.6804616939594816,evening_departure_1800,Salida del destino a las 18:00,from_destination,WALK,A pie,2026-07-29,2026-07-29T18:00:00+02:00,2026-08-12T11:07:04.072401+02:00,no_route,0,"[{""code"":""NO_DIRECT_MODE_CONNECTION"",""description"":""No route found for the requested direct mode. The origin and destination may be too far apart or not connected by the requested mode of transport."",""inputField"":null}]",,0.289230199996382
2026-07-29|MAD-056|DEST_003|morning_arrival_0900|WALK,MAD-056,Castilla,Chamartín,40.47469790338341,-3.6804616939594816,DEST_003,UC3M Campus de Leganés,40.331755,-3.765697,morning_arrival_0900,Llegada al destino a las 09:00,to_destination,WALK,A pie,2026-07-29,2026-07-29T09:00:00+02:00,2026-08-12T11:07:02.203086+02:00,no_route,0,"[{""code"":""NO_DIRECT_MODE_CONNECTION"",""description"":""No route found for the requested direct mode. The origin and destination may be too far apart or not connected by the requested mode of transport."",""inputField"":null}]",,0.4713034000014886
2026-07-29|MAD-062|DEST_002|evening_departure_1800|TRANSIT,MAD-062,Cuatro Caminos,Tetuán,40.44661,-3.692436,DEST_002,Nuevos Ministerios,40.45197019645254,-3.6969660680349614,evening_departure_1800,Salida del destino a las 18:00,from_destination,TRANSIT,Transporte público,2026-07-29,2026-07-29T18:00:00+02:00,2026-08-12T11:07:19.156740+02:00,no_route,0,"[{""code"":""WALKING_BETTER_THAN_TRANSIT"",""description"":""ES-los Origin is within a trivial distance of the destination."",""inputField"":null}]",,1.753911199979484
2026-07-29|MAD-062|DEST_002|morning_arrival_0900|TRANSIT,MAD-062,Cuatro Caminos,Tetuán,40.45197019645254,-3.6969660680349614,DEST_002,Nuevos Ministerios,40.44661,-3.692436,morning_arrival_0900,Llegada al destino a las 09:00,to_destination,TRANSIT,Transporte público,2026-07-29,2026-07-29T09:00:00+02:00,2026-08-12T11:07:17.800848+02:00,no_route,0,"[{""code"":""WALKING_BETTER_THAN_TRANSIT"",""description"":""ES-los Origin is within a trivial distance of the destination."",""inputField"":null}]",,1.2615211000083946
2026-07-29|MAD-063|DEST_003|evening_departure_1800|WALK,MAD-063,Castillejos,Tetuán,40.331755,-3.765697,DEST_003,UC3M Campus de Leganés,40.46098235842083,-3.69404403815722,evening_departure_1800,Salida del destino a las 18:00,from_destination,WALK,A pie,2026-07-29,2026-07-29T18:00:00+02:00,2026-08-12T11:07:34.867368+02:00,no_route,0,"[{""code"":""NO_DIRECT_MODE_CONNECTION"",""description"":""No route found for the requested direct mode. The origin and destination may be too far apart or not connected by the requested mode of transport."",""inputField"":null}]",,0.5310919000185095
2026-07-29|MAD-063|DEST_003|morning_arrival_0900|WALK,MAD-063,Castillejos,Tetuán,40.46098235842083,-3.69404403815722,DEST_003,UC3M Campus de Leganés,40.331755,-3.765697,morning_arrival_0900,Llegada al destino a las 09:00,to_destination,WALK,A pie,2026-07-29,2026-07-29T09:00:00+02:00,2026-08-12T11:07:33.354710+02:00,no_route,0,"[{""code"":""NO_DIRECT_MODE_CONNECTION"",""description"":""No route found for the requested direct mode. The origin and destination may be too far apart or not connected by the requested mode of transport."",""inputField"":null}]",,0.3367049000225961
2026-07-29|MAD-064|DEST_003|evening_departure_1800|WALK,MAD-064,Almenara,Tetuán,40.331755,-3.765697,DEST_003,UC3M Campus de Leganés,40.46982090765559,-3.694008702124533,evening_departure_1800,Salida del destino a las 18:00,from_destination,WALK,A pie,2026-07-29,2026-07-29T18:00:00+02:00,2026-08-12T11:07:43.818592+02:00,no_route,0,"[{""code"":""NO_DIRECT_MODE_CONNECTION"",""description"":""No route found for the requested direct mode. The origin and destination may be too far apart or not connected by the requested mode of transport."",""inputField"":null}]",,0.3105273999972269
2026-07-29|MAD-064|DEST_003|morning_arrival_0900|WALK,MAD-064,Almenara,Tetuán,40.46982090765559,-3.694008702124533,DEST_003,UC3M Campus de Leganés,40.331755,-3.765697,morning_arrival_0900,Llegada al destino a las 09:00,to_destination,WALK,A pie,2026-07-29,2026-07-29T09:00:00+02:00,2026-08-12T11:07:42.292844+02:00,no_route,0,"[{""code"":""NO_DIRECT_MODE_CONNECTION"",""description"":""No route found for the requested direct mode. The origin and destination may be too far apart or not connected by the requested mode of transport."",""inputField"":null}]",,0.2942699999548495
2026-07-29|MAD-065|DEST_003|evening_departure_1800|WALK,MAD-065,Valdeacederas,Tetuán,40.331755,-3.765697,DEST_003,UC3M Campus de Leganés,40.46685967362852,-3.704337334016576,evening_departure_1800,Salida del destino a las 18:00,from_destination,WALK,A pie,2026-07-29,2026-07-29T18:00:00+02:00,2026-08-12T11:07:55.583258+02:00,no_route,0,"[{""code"":""NO_DIRECT_MODE_CONNECTION"",""description"":""No route found for the requested direct mode. The origin and destination may be too far apart or not connected by the requested mode of transport."",""inputField"":null}]",,0.3158737000194378
2026-07-29|MAD-065|DEST_003|morning_arrival_0900|WALK,MAD-065,Valdeacederas,Tetuán,40.46685967362852,-3.704337334016576,DEST_003,UC3M Campus de Leganés,40.331755,-3.765697,morning_arrival_0900,Llegada al destino a las 09:00,to_destination,WALK,A pie,2026-07-29,2026-07-29T09:00:00+02:00,2026-08-12T11:07:54.063335+02:00,no_route,0,"[{""code"":""NO_DIRECT_MODE_CONNECTION"",""description"":""No route found for the requested direct mode. The origin and destination may be too far apart or not connected by the requested mode of transport."",""inputField"":null}]",,0.3000752999796532
2026-07-29|MAD-066|DEST_003|evening_departure_1800|WALK,MAD-066,Berruguete,Tetuán,40.331755,-3.765697,DEST_003,UC3M Campus de Leganés,40.45892667247497,-3.7053588342511823,evening_departure_1800,Salida del destino a las 18:00,from_destination,WALK,A pie,2026-07-29,2026-07-29T18:00:00+02:00,2026-08-12T11:08:06.985647+02:00,no_route,0,"[{""code"":""NO_DIRECT_MODE_CONNECTION"",""description"":""No route found for the requested direct mode. The origin and destination may be too far apart or not connected by the requested mode of transport."",""inputField"":null}]",,0.3004977000528015
2026-07-29|MAD-066|DEST_003|morning_arrival_0900|WALK,MAD-066,Berruguete,Tetuán,40.45892667247497,-3.7053588342511823,DEST_003,UC3M Campus de Leganés,40.331755,-3.765697,morning_arrival_0900,Llegada al destino a las 09:00,to_destination,WALK,A pie,2026-07-29,2026-07-29T09:00:00+02:00,2026-08-12T11:08:05.210039+02:00,no_route,0,"[{""code"":""NO_DIRECT_MODE_CONNECTION"",""description"":""No route found for the requested direct mode. The origin and destination may be too far apart or not connected by the requested mode of transport."",""inputField"":null}]",,0.365833299991209
2026-07-29|MAD-075|DEST_002|evening_departure_1800|TRANSIT,MAD-075,Ríos Rosas,Chamberí,40.44661,-3.692436,DEST_002,Nuevos Ministerios,40.44273595479475,-3.697848888052174,evening_departure_1800,Salida del destino a las 18:00,from_destination,TRANSIT,Transporte público,2026-07-29,2026-07-29T18:00:00+02:00,2026-08-12T11:08:55.440528+02:00,no_route,0,"[{""code"":""WALKING_BETTER_THAN_TRANSIT"",""description"":""ES-los Origin is within a trivial distance of the destination."",""inputField"":null}]",,1.097673199954443
2026-07-29|MAD-075|DEST_002|morning_arrival_0900|TRANSIT,MAD-075,Ríos Rosas,Chamberí,40.44273595479475,-3.697848888052174,DEST_002,Nuevos Ministerios,40.44661,-3.692436,morning_arrival_0900,Llegada al destino a las 09:00,to_destination,TRANSIT,Transporte público,2026-07-29,2026-07-29T09:00:00+02:00,2026-08-12T11:08:54.752394+02:00,no_route,0,"[{""code"":""WALKING_BETTER_THAN_TRANSIT"",""description"":""ES-los Origin is within a trivial distance of the destination."",""inputField"":null}]",,0.5782106999540702
2026-07-29|MAD-081|DEST_001|evening_departure_1800|TRANSIT,MAD-081,El Pardo,Fuencarral - El Pardo,40.416775,-3.70379,DEST_001,Puerta del Sol,40.55585351028824,-3.793384378932627,evening_departure_1800,Salida del destino a las 18:00,from_destination,TRANSIT,Transporte público,2026-07-29,2026-07-29T18:00:00+02:00,2026-08-12T11:09:12.542639+02:00,no_route,0,"[{""code"":""NO_STOPS_IN_RANGE"",""description"":""The location was found, but no stops could be found within the search radius."",""inputField"":""TO""}]",,0.5491739999852143
2026-07-29|MAD-081|DEST_001|evening_departure_1800|WALK,MAD-081,El Pardo,Fuencarral - El Pardo,40.416775,-3.70379,DEST_001,Puerta del Sol,40.55585351028824,-3.793384378932627,evening_departure_1800,Salida del destino a las 18:00,from_destination,WALK,A pie,2026-07-29,2026-07-29T18:00:00+02:00,2026-08-12T11:09:13.091958+02:00,no_route,0,"[{""code"":""NO_DIRECT_MODE_CONNECTION"",""description"":""No route found for the requested direct mode. The origin and destination may be too far apart or not connected by the requested mode of transport."",""inputField"":null}]",,0.9770193000440486
2026-07-29|MAD-081|DEST_001|morning_arrival_0900|TRANSIT,MAD-081,El Pardo,Fuencarral - El Pardo,40.55585351028824,-3.793384378932627,DEST_001,Puerta del Sol,40.416775,-3.70379,morning_arrival_0900,Llegada al destino a las 09:00,to_destination,TRANSIT,Transporte público,2026-07-29,2026-07-29T09:00:00+02:00,2026-08-12T11:09:11.117095+02:00,no_route,0,"[{""code"":""NO_STOPS_IN_RANGE"",""description"":""The location was found, but no stops could be found within the search radius."",""inputField"":""FROM""}]",,0.4455436000134796
2026-07-29|MAD-081|DEST_001|morning_arrival_0900|WALK,MAD-081,El Pardo,Fuencarral - El Pardo,40.55585351028824,-3.793384378932627,DEST_001,Puerta del Sol,40.416775,-3.70379,morning_arrival_0900,Llegada al destino a las 09:00,to_destination,WALK,A pie,2026-07-29,2026-07-29T09:00:00+02:00,2026-08-12T11:09:11.562736+02:00,no_route,0,"[{""code"":""NO_DIRECT_MODE_CONNECTION"",""description"":""No route found for the requested direct mode. The origin and destination may be too far apart or not connected by the requested mode of transport."",""inputField"":null}]",,0.3804604000179097
2026-07-29|MAD-081|DEST_002|evening_departure_1800|TRANSIT,MAD-081,El Pardo,Fuencarral - El Pardo,40.44661,-3.692436,DEST_002,Nuevos Ministerios,40.55585351028824,-3.793384378932627,evening_departure_1800,Salida del destino a las 18:00,from_destination,TRANSIT,Transporte público,2026-07-29,2026-07-29T18:00:00+02:00,2026-08-12T11:09:15.501910+02:00,no_route,0,"[{""code"":""NO_STOPS_IN_RANGE"",""description"":""The location was found, but no stops could be found within the search radius."",""inputField"":""TO""}]",,0.146801900002174
2026-07-29|MAD-081|DEST_002|morning_arrival_0900|TRANSIT,MAD-081,El Pardo,Fuencarral - El Pardo,40.55585351028824,-3.793384378932627,DEST_002,Nuevos Ministerios,40.44661,-3.692436,morning_arrival_0900,Llegada al destino a las 09:00,to_destination,TRANSIT,Transporte público,2026-07-29,2026-07-29T09:00:00+02:00,2026-08-12T11:09:14.676405+02:00,no_route,0,"[{""code"":""NO_STOPS_IN_RANGE"",""description"":""The location was found, but no stops could be found within the search radius."",""inputField"":""FROM""}]",,0.1439239999745041
2026-07-29|MAD-081|DEST_003|evening_departure_1800|TRANSIT,MAD-081,El Pardo,Fuencarral - El Pardo,40.331755,-3.765697,DEST_003,UC3M Campus de Leganés,40.55585351028824,-3.793384378932627,evening_departure_1800,Salida del destino a las 18:00,from_destination,TRANSIT,Transporte público,2026-07-29,2026-07-29T18:00:00+02:00,2026-08-12T11:09:17.153193+02:00,no_route,0,"[{""code"":""NO_STOPS_IN_RANGE"",""description"":""The location was found, but no stops could be found within the search radius."",""inputField"":""TO""}]",,0.0593141999561339
2026-07-29|MAD-081|DEST_003|evening_departure_1800|WALK,MAD-081,El Pardo,Fuencarral - El Pardo,40.331755,-3.765697,DEST_003,UC3M Campus de Leganés,40.55585351028824,-3.793384378932627,evening_departure_1800,Salida del destino a las 18:00,from_destination,WALK,A pie,2026-07-29,2026-07-29T18:00:00+02:00,2026-08-12T11:09:17.212606+02:00,no_route,0,"[{""code"":""NO_DIRECT_MODE_CONNECTION"",""description"":""No route found for the requested direct mode. The origin and destination may be too far apart or not connected by the requested mode of transport."",""inputField"":null}]",,0.016585000033956
2026-07-29|MAD-081|DEST_003|morning_arrival_0900|TRANSIT,MAD-081,El Pardo,Fuencarral - El Pardo,40.55585351028824,-3.793384378932627,DEST_003,UC3M Campus de Leganés,40.331755,-3.765697,morning_arrival_0900,Llegada al destino a las 09:00,to_destination,TRANSIT,Transporte público,2026-07-29,2026-07-29T09:00:00+02:00,2026-08-12T11:09:16.310206+02:00,no_route,0,"[{""code"":""NO_STOPS_IN_RANGE"",""description"":""The location was found, but no stops could be found within the search radius."",""inputField"":""FROM""}]",,0.0541657000430859
2026-07-29|MAD-081|DEST_003|morning_arrival_0900|WALK,MAD-081,El Pardo,Fuencarral - El Pardo,40.55585351028824,-3.793384378932627,DEST_003,UC3M Campus de Leganés,40.331755,-3.765697,morning_arrival_0900,Llegada al destino a las 09:00,to_destination,WALK,A pie,2026-07-29,2026-07-29T09:00:00+02:00,2026-08-12T11:09:16.364489+02:00,no_route,0,"[{""code"":""NO_DIRECT_MODE_CONNECTION"",""description"":""No route found for the requested direct mode. The origin and destination may be too far apart or not connected by the requested mode of transport."",""inputField"":null}]",,0.0313056000159122
2026-07-29|MAD-082|DEST_003|evening_departure_1800|WALK,MAD-082,Fuentelarreina,Fuencarral - El Pardo,40.331755,-3.765697,DEST_003,UC3M Campus de Leganés,40.48035584938764,-3.7399533694135534,evening_departure_1800,Salida del destino a las 18:00,from_destination,WALK,A pie,2026-07-29,2026-07-29T18:00:00+02:00,2026-08-12T11:09:26.401558+02:00,no_route,0,"[{""code"":""NO_DIRECT_MODE_CONNECTION"",""description"":""No route found for the requested direct mode. The origin and destination may be too far apart or not connected by the requested mode of transport."",""inputField"":null}]",,0.3146585000213235
2026-07-29|MAD-082|DEST_003|morning_arrival_0900|WALK,MAD-082,Fuentelarreina,Fuencarral - El Pardo,40.48035584938764,-3.7399533694135534,DEST_003,UC3M Campus de Leganés,40.331755,-3.765697,morning_arrival_0900,Llegada al destino a las 09:00,to_destination,WALK,A pie,2026-07-29,2026-07-29T09:00:00+02:00,2026-08-12T11:09:25.091729+02:00,no_route,0,"[{""code"":""NO_DIRECT_MODE_CONNECTION"",""description"":""No route found for the requested direct mode. The origin and destination may be too far apart or not connected by the requested mode of transport."",""inputField"":null}]",,0.2796333999722264
2026-07-29|MAD-083|DEST_003|evening_departure_1800|WALK,MAD-083,Peñagrande,Fuencarral - El Pardo,40.331755,-3.765697,DEST_003,UC3M Campus de Leganés,40.47774513210239,-3.727665312685572,evening_departure_1800,Salida del destino a las 18:00,from_destination,WALK,A pie,2026-07-29,2026-07-29T18:00:00+02:00,2026-08-12T11:09:35.783863+02:00,no_route,0,"[{""code"":""NO_DIRECT_MODE_CONNECTION"",""description"":""No route found for the requested direct mode. The origin and destination may be too far apart or not connected by the requested mode of transport."",""inputField"":null}]",,0.2599244000157341
2026-07-29|MAD-083|DEST_003|morning_arrival_0900|WALK,MAD-083,Peñagrande,Fuencarral - El Pardo,40.47774513210239,-3.727665312685572,DEST_003,UC3M Campus de Leganés,40.331755,-3.765697,morning_arrival_0900,Llegada al destino a las 09:00,to_destination,WALK,A pie,2026-07-29,2026-07-29T09:00:00+02:00,2026-08-12T11:09:34.495226+02:00,no_route,0,"[{""code"":""NO_DIRECT_MODE_CONNECTION"",""description"":""No route found for the requested direct mode. The origin and destination may be too far apart or not connected by the requested mode of transport."",""inputField"":null}]",,0.3280708999955095
2026-07-29|MAD-084|DEST_003|evening_departure_1800|WALK,MAD-084,Pilar,Fuencarral - El Pardo,40.331755,-3.765697,DEST_003,UC3M Campus de Leganés,40.477002240824845,-3.709837297232115,evening_departure_1800,Salida del destino a las 18:00,from_destination,WALK,A pie,2026-07-29,2026-07-29T18:00:00+02:00,2026-08-12T11:09:46.805498+02:00,no_route,0,"[{""code"":""NO_DIRECT_MODE_CONNECTION"",""description"":""No route found for the requested direct mode. The origin and destination may be too far apart or not connected by the requested mode of transport."",""inputField"":null}]",,0.338166999979876
2026-07-29|MAD-084|DEST_003|morning_arrival_0900|WALK,MAD-084,Pilar,Fuencarral - El Pardo,40.477002240824845,-3.709837297232115,DEST_003,UC3M Campus de Leganés,40.331755,-3.765697,morning_arrival_0900,Llegada al destino a las 09:00,to_destination,WALK,A pie,2026-07-29,2026-07-29T09:00:00+02:00,2026-08-12T11:09:45.138692+02:00,no_route,0,"[{""code"":""NO_DIRECT_MODE_CONNECTION"",""description"":""No route found for the requested direct mode. The origin and destination may be too far apart or not connected by the requested mode of transport."",""inputField"":null}]",,0.34296350000659
2026-07-29|MAD-085|DEST_003|evening_departure_1800|WALK,MAD-085,La Paz,Fuencarral - El Pardo,40.331755,-3.765697,DEST_003,UC3M Campus de Leganés,40.481958679938536,-3.69512568319084,evening_departure_1800,Salida del destino a las 18:00,from_destination,WALK,A pie,2026-07-29,2026-07-29T18:00:00+02:00,2026-08-12T11:09:57.982810+02:00,no_route,0,"[{""code"":""NO_DIRECT_MODE_CONNECTION"",""description"":""No route found for the requested direct mode. The origin and destination may be too far apart or not connected by the requested mode of transport."",""inputField"":null}]",,0.3255082000396214
2026-07-29|MAD-085|DEST_003|morning_arrival_0900|WALK,MAD-085,La Paz,Fuencarral - El Pardo,40.481958679938536,-3.69512568319084,DEST_003,UC3M Campus de Leganés,40.331755,-3.765697,morning_arrival_0900,Llegada al destino a las 09:00,to_destination,WALK,A pie,2026-07-29,2026-07-29T09:00:00+02:00,2026-08-12T11:09:55.926392+02:00,no_route,0,"[{""code"":""NO_DIRECT_MODE_CONNECTION"",""description"":""No route found for the requested direct mode. The origin and destination may be too far apart or not connected by the requested mode of transport."",""inputField"":null}]",,0.2684688000008464
2026-07-29|MAD-086|DEST_003|evening_departure_1800|WALK,MAD-086,Valverde,Fuencarral - El Pardo,40.331755,-3.765697,DEST_003,UC3M Campus de Leganés,40.50097863594304,-3.6787354481495713,evening_departure_1800,Salida del destino a las 18:00,from_destination,WALK,A pie,2026-07-29,2026-07-29T18:00:00+02:00,2026-08-12T11:10:09.011398+02:00,no_route,0,"[{""code"":""NO_DIRECT_MODE_CONNECTION"",""description"":""No route found for the requested direct mode. The origin and destination may be too far apart or not connected by the requested mode of transport."",""inputField"":null}]",,0.0206715999520383
2026-07-29|MAD-086|DEST_003|morning_arrival_0900|WALK,MAD-086,Valverde,Fuencarral - El Pardo,40.50097863594304,-3.6787354481495713,DEST_003,UC3M Campus de Leganés,40.331755,-3.765697,morning_arrival_0900,Llegada al destino a las 09:00,to_destination,WALK,A pie,2026-07-29,2026-07-29T09:00:00+02:00,2026-08-12T11:10:07.632955+02:00,no_route,0,"[{""code"":""NO_DIRECT_MODE_CONNECTION"",""description"":""No route found for the requested direct mode. The origin and destination may be too far apart or not connected by the requested mode of transport."",""inputField"":null}]",,0.0318210999830625
2026-07-29|MAD-087|DEST_003|evening_departure_1800|WALK,MAD-087,Mirasierra,Fuencarral - El Pardo,40.331755,-3.765697,DEST_003,UC3M Campus de Leganés,40.498270261850784,-3.717903364654304,evening_departure_1800,Salida del destino a las 18:00,from_destination,WALK,A pie,2026-07-29,2026-07-29T18:00:00+02:00,2026-08-12T11:10:19.325569+02:00,no_route,0,"[{""code"":""NO_DIRECT_MODE_CONNECTION"",""description"":""No route found for the requested direct mode. The origin and destination may be too far apart or not connected by the requested mode of transport."",""inputField"":null}]",,0.4742707999539561
2026-07-29|MAD-087|DEST_003|morning_arrival_0900|WALK,MAD-087,Mirasierra,Fuencarral - El Pardo,40.498270261850784,-3.717903364654304,DEST_003,UC3M Campus de Leganés,40.331755,-3.765697,morning_arrival_0900,Llegada al destino a las 09:00,to_destination,WALK,A pie,2026-07-29,2026-07-29T09:00:00+02:00,2026-08-12T11:10:17.155164+02:00,no_route,0,"[{""code"":""NO_DIRECT_MODE_CONNECTION"",""description"":""No route found for the requested direct mode. The origin and destination may be too far apart or not connected by the requested mode of transport."",""inputField"":null}]",,0.2858775000204332
2026-07-29|MAD-088|DEST_003|evening_departure_1800|WALK,MAD-088,El Goloso,Fuencarral - El Pardo,40.331755,-3.765697,DEST_003,UC3M Campus de Leganés,40.54012475675707,-3.6907914303875975,evening_departure_1800,Salida del destino a las 18:00,from_destination,WALK,A pie,2026-07-29,2026-07-29T18:00:00+02:00,2026-08-12T11:10:26.031266+02:00,no_route,0,"[{""code"":""NO_DIRECT_MODE_CONNECTION"",""description"":""No route found for the requested direct mode. The origin and destination may be too far apart or not connected by the requested mode of transport."",""inputField"":null}]",,0.0196358999819494
2026-07-29|MAD-088|DEST_003|morning_arrival_0900|WALK,MAD-088,El Goloso,Fuencarral - El Pardo,40.54012475675707,-3.6907914303875975,DEST_003,UC3M Campus de Leganés,40.331755,-3.765697,morning_arrival_0900,Llegada al destino a las 09:00,to_destination,WALK,A pie,2026-07-29,2026-07-29T09:00:00+02:00,2026-08-12T11:10:24.533273+02:00,no_route,0,"[{""code"":""NO_DIRECT_MODE_CONNECTION"",""description"":""No route found for the requested direct mode. The origin and destination may be too far apart or not connected by the requested mode of transport."",""inputField"":null}]",,0.0308860000222921
2026-07-29|MAD-091|DEST_001|evening_departure_1800|CAR,MAD-091,Casa de Campo,Moncloa - Aravaca,40.416775,-3.70379,DEST_001,Puerta del Sol,40.42391084424862,-3.747420356204335,evening_departure_1800,Salida del destino a las 18:00,from_destination,CAR,Coche,2026-07-29,2026-07-29T18:00:00+02:00,2026-08-12T11:10:28.742344+02:00,no_route,0,"[{""code"":""NO_DIRECT_MODE_CONNECTION"",""description"":""No route found for the requested direct mode. The origin and destination may be too far apart or not connected by the requested mode of transport."",""inputField"":null}]",,0.531284999975469
2026-07-29|MAD-091|DEST_001|morning_arrival_0900|CAR,MAD-091,Casa de Campo,Moncloa - Aravaca,40.42391084424862,-3.747420356204335,DEST_001,Puerta del Sol,40.416775,-3.70379,morning_arrival_0900,Llegada al destino a las 09:00,to_destination,CAR,Coche,2026-07-29,2026-07-29T09:00:00+02:00,2026-08-12T11:10:27.670171+02:00,no_route,0,"[{""code"":""NO_DIRECT_MODE_CONNECTION"",""description"":""No route found for the requested direct mode. The origin and destination may be too far apart or not connected by the requested mode of transport."",""inputField"":null}]",,0.5691434000036679
2026-07-29|MAD-091|DEST_002|evening_departure_1800|CAR,MAD-091,Casa de Campo,Moncloa - Aravaca,40.44661,-3.692436,DEST_002,Nuevos Ministerios,40.42391084424862,-3.747420356204335,evening_departure_1800,Salida del destino a las 18:00,from_destination,CAR,Coche,2026-07-29,2026-07-29T18:00:00+02:00,2026-08-12T11:10:32.535305+02:00,no_route,0,"[{""code"":""NO_DIRECT_MODE_CONNECTION"",""description"":""No route found for the requested direct mode. The origin and destination may be too far apart or not connected by the requested mode of transport."",""inputField"":null}]",,0.4982446000212803
2026-07-29|MAD-091|DEST_002|morning_arrival_0900|CAR,MAD-091,Casa de Campo,Moncloa - Aravaca,40.42391084424862,-3.747420356204335,DEST_002,Nuevos Ministerios,40.44661,-3.692436,morning_arrival_0900,Llegada al destino a las 09:00,to_destination,CAR,Coche,2026-07-29,2026-07-29T09:00:00+02:00,2026-08-12T11:10:29.976702+02:00,no_route,0,"[{""code"":""NO_DIRECT_MODE_CONNECTION"",""description"":""No route found for the requested direct mode. The origin and destination may be too far apart or not connected by the requested mode of transport."",""inputField"":null}]",,0.9254029000294396
2026-07-29|MAD-091|DEST_003|evening_departure_1800|CAR,MAD-091,Casa de Campo,Moncloa - Aravaca,40.331755,-3.765697,DEST_003,UC3M Campus de Leganés,40.42391084424862,-3.747420356204335,evening_departure_1800,Salida del destino a las 18:00,from_destination,CAR,Coche,2026-07-29,2026-07-29T18:00:00+02:00,2026-08-12T11:10:35.178079+02:00,no_route,0,"[{""code"":""NO_DIRECT_MODE_CONNECTION"",""description"":""No route found for the requested direct mode. The origin and destination may be too far apart or not connected by the requested mode of transport."",""inputField"":null}]",,0.5302405999973416
2026-07-29|MAD-091|DEST_003|morning_arrival_0900|CAR,MAD-091,Casa de Campo,Moncloa - Aravaca,40.42391084424862,-3.747420356204335,DEST_003,UC3M Campus de Leganés,40.331755,-3.765697,morning_arrival_0900,Llegada al destino a las 09:00,to_destination,CAR,Coche,2026-07-29,2026-07-29T09:00:00+02:00,2026-08-12T11:10:33.734534+02:00,no_route,0,"[{""code"":""NO_DIRECT_MODE_CONNECTION"",""description"":""No route found for the requested direct mode. The origin and destination may be too far apart or not connected by the requested mode of transport."",""inputField"":null}]",,0.7362393000512384
2026-07-29|MAD-092|DEST_001|evening_departure_1800|TRANSIT,MAD-092,Argüelles,Moncloa - Aravaca,40.416775,-3.70379,DEST_001,Puerta del Sol,40.42803216904544,-3.717598084599489,evening_departure_1800,Salida del destino a las 18:00,from_destination,TRANSIT,Transporte público,2026-07-29,2026-07-29T18:00:00+02:00,2026-08-12T11:10:36.768539+02:00,no_route,0,"[{""code"":""WALKING_BETTER_THAN_TRANSIT"",""description"":""ES-los Origin is within a trivial distance of the destination."",""inputField"":null}]",,3.4023308999603614
2026-07-29|MAD-093|DEST_001|evening_departure_1800|CAR,MAD-093,Ciudad Universitaria,Moncloa - Aravaca,40.416775,-3.70379,DEST_001,Puerta del Sol,40.45682782463693,-3.735862032518402,evening_departure_1800,Salida del destino a las 18:00,from_destination,CAR,Coche,2026-07-29,2026-07-29T18:00:00+02:00,2026-08-12T11:10:49.276748+02:00,no_route,0,"[{""code"":""NO_DIRECT_MODE_CONNECTION"",""description"":""No route found for the requested direct mode. The origin and destination may be too far apart or not connected by the requested mode of transport."",""inputField"":null}]",,0.7488856000127271
2026-07-29|MAD-093|DEST_001|morning_arrival_0900|CAR,MAD-093,Ciudad Universitaria,Moncloa - Aravaca,40.45682782463693,-3.735862032518402,DEST_001,Puerta del Sol,40.416775,-3.70379,morning_arrival_0900,Llegada al destino a las 09:00,to_destination,CAR,Coche,2026-07-29,2026-07-29T09:00:00+02:00,2026-08-12T11:10:47.507112+02:00,no_route,0,"[{""code"":""NO_DIRECT_MODE_CONNECTION"",""description"":""No route found for the requested direct mode. The origin and destination may be too far apart or not connected by the requested mode of transport."",""inputField"":null}]",,0.5599727000226267
2026-07-29|MAD-093|DEST_002|evening_departure_1800|CAR,MAD-093,Ciudad Universitaria,Moncloa - Aravaca,40.44661,-3.692436,DEST_002,Nuevos Ministerios,40.45682782463693,-3.735862032518402,evening_departure_1800,Salida del destino a las 18:00,from_destination,CAR,Coche,2026-07-29,2026-07-29T18:00:00+02:00,2026-08-12T11:10:51.884343+02:00,no_route,0,"[{""code"":""NO_DIRECT_MODE_CONNECTION"",""description"":""No route found for the requested direct mode. The origin and destination may be too far apart or not connected by the requested mode of transport."",""inputField"":null}]",,0.5078423999948427
2026-07-29|MAD-093|DEST_002|morning_arrival_0900|CAR,MAD-093,Ciudad Universitaria,Moncloa - Aravaca,40.45682782463693,-3.735862032518402,DEST_002,Nuevos Ministerios,40.44661,-3.692436,morning_arrival_0900,Llegada al destino a las 09:00,to_destination,CAR,Coche,2026-07-29,2026-07-29T09:00:00+02:00,2026-08-12T11:10:50.449493+02:00,no_route,0,"[{""code"":""NO_DIRECT_MODE_CONNECTION"",""description"":""No route found for the requested direct mode. The origin and destination may be too far apart or not connected by the requested mode of transport."",""inputField"":null}]",,0.4690467999898828
2026-07-29|MAD-093|DEST_003|evening_departure_1800|CAR,MAD-093,Ciudad Universitaria,Moncloa - Aravaca,40.331755,-3.765697,DEST_003,UC3M Campus de Leganés,40.45682782463693,-3.735862032518402,evening_departure_1800,Salida del destino a las 18:00,from_destination,CAR,Coche,2026-07-29,2026-07-29T18:00:00+02:00,2026-08-12T11:10:59.812940+02:00,no_route,0,"[{""code"":""NO_DIRECT_MODE_CONNECTION"",""description"":""No route found for the requested direct mode. The origin and destination may be too far apart or not connected by the requested mode of transport."",""inputField"":null}]",,0.5001392999547534
2026-07-29|MAD-093|DEST_003|evening_departure_1800|WALK,MAD-093,Ciudad Universitaria,Moncloa - Aravaca,40.331755,-3.765697,DEST_003,UC3M Campus de Leganés,40.45682782463693,-3.735862032518402,evening_departure_1800,Salida del destino a las 18:00,from_destination,WALK,A pie,2026-07-29,2026-07-29T18:00:00+02:00,2026-08-12T11:10:58.977010+02:00,no_route,0,"[{""code"":""NO_DIRECT_MODE_CONNECTION"",""description"":""No route found for the requested direct mode. The origin and destination may be too far apart or not connected by the requested mode of transport."",""inputField"":null}]",,0.3458708000252954
2026-07-29|MAD-093|DEST_003|morning_arrival_0900|CAR,MAD-093,Ciudad Universitaria,Moncloa - Aravaca,40.45682782463693,-3.735862032518402,DEST_003,UC3M Campus de Leganés,40.331755,-3.765697,morning_arrival_0900,Llegada al destino a las 09:00,to_destination,CAR,Coche,2026-07-29,2026-07-29T09:00:00+02:00,2026-08-12T11:10:57.252268+02:00,no_route,0,"[{""code"":""NO_DIRECT_MODE_CONNECTION"",""description"":""No route found for the requested direct mode. The origin and destination may be too far apart or not connected by the requested mode of transport."",""inputField"":null}]",,0.855407600000035
2026-07-29|MAD-093|DEST_003|morning_arrival_0900|WALK,MAD-093,Ciudad Universitaria,Moncloa - Aravaca,40.45682782463693,-3.735862032518402,DEST_003,UC3M Campus de Leganés,40.331755,-3.765697,morning_arrival_0900,Llegada al destino a las 09:00,to_destination,WALK,A pie,2026-07-29,2026-07-29T09:00:00+02:00,2026-08-12T11:10:56.276931+02:00,no_route,0,"[{""code"":""NO_DIRECT_MODE_CONNECTION"",""description"":""No route found for the requested direct mode. The origin and destination may be too far apart or not connected by the requested mode of transport."",""inputField"":null}]",,0.3645129000069573
2026-07-29|MAD-094|DEST_003|evening_departure_1800|WALK,MAD-094,Valdezarza,Moncloa - Aravaca,40.331755,-3.765697,DEST_003,UC3M Campus de Leganés,40.46512683125214,-3.716945272936079,evening_departure_1800,Salida del destino a las 18:00,from_destination,WALK,A pie,2026-07-29,2026-07-29T18:00:00+02:00,2026-08-12T11:11:12.801224+02:00,no_route,0,"[{""code"":""NO_DIRECT_MODE_CONNECTION"",""description"":""No route found for the requested direct mode. The origin and destination may be too far apart or not connected by the requested mode of transport."",""inputField"":null}]",,0.2891914000501856
2026-07-29|MAD-094|DEST_003|morning_arrival_0900|WALK,MAD-094,Valdezarza,Moncloa - Aravaca,40.46512683125214,-3.716945272936079,DEST_003,UC3M Campus de Leganés,40.331755,-3.765697,morning_arrival_0900,Llegada al destino a las 09:00,to_destination,WALK,A pie,2026-07-29,2026-07-29T09:00:00+02:00,2026-08-12T11:11:11.254560+02:00,no_route,0,"[{""code"":""NO_DIRECT_MODE_CONNECTION"",""description"":""No route found for the requested direct mode. The origin and destination may be too far apart or not connected by the requested mode of transport."",""inputField"":null}]",,0.3102089999592863
2026-07-29|MAD-095|DEST_003|evening_departure_1800|WALK,MAD-095,Valdemarín,Moncloa - Aravaca,40.331755,-3.765697,DEST_003,UC3M Campus de Leganés,40.46823519636445,-3.782679485467604,evening_departure_1800,Salida del destino a las 18:00,from_destination,WALK,A pie,2026-07-29,2026-07-29T18:00:00+02:00,2026-08-12T11:11:21.819902+02:00,no_route,0,"[{""code"":""NO_DIRECT_MODE_CONNECTION"",""description"":""No route found for the requested direct mode. The origin and destination may be too far apart or not connected by the requested mode of transport."",""inputField"":null}]",,0.3154082000255584
2026-07-29|MAD-095|DEST_003|morning_arrival_0900|WALK,MAD-095,Valdemarín,Moncloa - Aravaca,40.46823519636445,-3.782679485467604,DEST_003,UC3M Campus de Leganés,40.331755,-3.765697,morning_arrival_0900,Llegada al destino a las 09:00,to_destination,WALK,A pie,2026-07-29,2026-07-29T09:00:00+02:00,2026-08-12T11:11:20.522822+02:00,no_route,0,"[{""code"":""NO_DIRECT_MODE_CONNECTION"",""description"":""No route found for the requested direct mode. The origin and destination may be too far apart or not connected by the requested mode of transport."",""inputField"":null}]",,0.3783316999906674
2026-07-29|MAD-096|DEST_003|evening_departure_1800|WALK,MAD-096,El Plantío,Moncloa - Aravaca,40.331755,-3.765697,DEST_003,UC3M Campus de Leganés,40.46919306562863,-3.819408117875228,evening_departure_1800,Salida del destino a las 18:00,from_destination,WALK,A pie,2026-07-29,2026-07-29T18:00:00+02:00,2026-08-12T11:11:30.986336+02:00,no_route,0,"[{""code"":""NO_DIRECT_MODE_CONNECTION"",""description"":""No route found for the requested direct mode. The origin and destination may be too far apart or not connected by the requested mode of transport."",""inputField"":null}]",,0.3212917000055313
2026-07-29|MAD-096|DEST_003|morning_arrival_0900|WALK,MAD-096,El Plantío,Moncloa - Aravaca,40.46919306562863,-3.819408117875228,DEST_003,UC3M Campus de Leganés,40.331755,-3.765697,morning_arrival_0900,Llegada al destino a las 09:00,to_destination,WALK,A pie,2026-07-29,2026-07-29T09:00:00+02:00,2026-08-12T11:11:29.689616+02:00,no_route,0,"[{""code"":""NO_DIRECT_MODE_CONNECTION"",""description"":""No route found for the requested direct mode. The origin and destination may be too far apart or not connected by the requested mode of transport."",""inputField"":null}]",,0.3524222000269219
2026-07-29|MAD-105|DEST_001|morning_arrival_0900|TRANSIT,MAD-105,Campamento,Latina,40.38192386717164,-3.80540811108744,DEST_001,Puerta del Sol,40.416775,-3.70379,morning_arrival_0900,Llegada al destino a las 09:00,to_destination,TRANSIT,Transporte público,2026-07-29,2026-07-29T09:00:00+02:00,2026-08-12T11:11:59.416137+02:00,no_route,0,"[{""code"":""NO_TRANSIT_CONNECTION_IN_SEARCH_WINDOW"",""description"":""ES-los trip is not possible.  Please check that you plan is within the bound of the map."",""inputField"":""DATE_TIME""}]",,0.502482800045982
2026-07-29|MAD-142|DEST_003|evening_departure_1800|WALK,MAD-142,Horcajo,Moratalaz,40.331755,-3.765697,DEST_003,UC3M Campus de Leganés,40.40842722779663,-3.626810457720151,evening_departure_1800,Salida del destino a las 18:00,from_destination,WALK,A pie,2026-07-29,2026-07-29T18:00:00+02:00,2026-08-12T11:15:29.688264+02:00,no_route,0,"[{""code"":""NO_DIRECT_MODE_CONNECTION"",""description"":""No route found for the requested direct mode. The origin and destination may be too far apart or not connected by the requested mode of transport."",""inputField"":null}]",,0.4836587000172585
2026-07-29|MAD-142|DEST_003|morning_arrival_0900|WALK,MAD-142,Horcajo,Moratalaz,40.40842722779663,-3.626810457720151,DEST_003,UC3M Campus de Leganés,40.331755,-3.765697,morning_arrival_0900,Llegada al destino a las 09:00,to_destination,WALK,A pie,2026-07-29,2026-07-29T09:00:00+02:00,2026-08-12T11:15:28.250209+02:00,no_route,0,"[{""code"":""NO_DIRECT_MODE_CONNECTION"",""description"":""No route found for the requested direct mode. The origin and destination may be too far apart or not connected by the requested mode of transport."",""inputField"":null}]",,0.3447812999947928
2026-07-29|MAD-152|DEST_003|evening_departure_1800|WALK,MAD-152,Pueblo Nuevo,Ciudad Lineal,40.331755,-3.765697,DEST_003,UC3M Campus de Leganés,40.42519992802072,-3.636002926225509,evening_departure_1800,Salida del destino a las 18:00,from_destination,WALK,A pie,2026-07-29,2026-07-29T18:00:00+02:00,2026-08-12T11:16:24.262043+02:00,no_route,0,"[{""code"":""NO_DIRECT_MODE_CONNECTION"",""description"":""No route found for the requested direct mode. The origin and destination may be too far apart or not connected by the requested mode of transport."",""inputField"":null}]",,0.3041876999777742
2026-07-29|MAD-152|DEST_003|morning_arrival_0900|WALK,MAD-152,Pueblo Nuevo,Ciudad Lineal,40.42519992802072,-3.636002926225509,DEST_003,UC3M Campus de Leganés,40.331755,-3.765697,morning_arrival_0900,Llegada al destino a las 09:00,to_destination,WALK,A pie,2026-07-29,2026-07-29T09:00:00+02:00,2026-08-12T11:16:22.388103+02:00,no_route,0,"[{""code"":""NO_DIRECT_MODE_CONNECTION"",""description"":""No route found for the requested direct mode. The origin and destination may be too far apart or not connected by the requested mode of transport."",""inputField"":null}]",,0.4723035999923013
2026-07-29|MAD-153|DEST_003|evening_departure_1800|WALK,MAD-153,Quintana,Ciudad Lineal,40.331755,-3.765697,DEST_003,UC3M Campus de Leganés,40.43757402238119,-3.6431573099197454,evening_departure_1800,Salida del destino a las 18:00,from_destination,WALK,A pie,2026-07-29,2026-07-29T18:00:00+02:00,2026-08-12T11:16:34.173087+02:00,no_route,0,"[{""code"":""NO_DIRECT_MODE_CONNECTION"",""description"":""No route found for the requested direct mode. The origin and destination may be too far apart or not connected by the requested mode of transport."",""inputField"":null}]",,0.2788530000252649
2026-07-29|MAD-153|DEST_003|morning_arrival_0900|WALK,MAD-153,Quintana,Ciudad Lineal,40.43757402238119,-3.6431573099197454,DEST_003,UC3M Campus de Leganés,40.331755,-3.765697,morning_arrival_0900,Llegada al destino a las 09:00,to_destination,WALK,A pie,2026-07-29,2026-07-29T09:00:00+02:00,2026-08-12T11:16:32.901268+02:00,no_route,0,"[{""code"":""NO_DIRECT_MODE_CONNECTION"",""description"":""No route found for the requested direct mode. The origin and destination may be too far apart or not connected by the requested mode of transport."",""inputField"":null}]",,0.3146948000066913
2026-07-29|MAD-154|DEST_003|evening_departure_1800|WALK,MAD-154,La Concepción,Ciudad Lineal,40.331755,-3.765697,DEST_003,UC3M Campus de Leganés,40.43922008562731,-3.648790741188324,evening_departure_1800,Salida del destino a las 18:00,from_destination,WALK,A pie,2026-07-29,2026-07-29T18:00:00+02:00,2026-08-12T11:16:45.493100+02:00,no_route,0,"[{""code"":""NO_DIRECT_MODE_CONNECTION"",""description"":""No route found for the requested direct mode. The origin and destination may be too far apart or not connected by the requested mode of transport."",""inputField"":null}]",,0.3287061000009998
2026-07-29|MAD-154|DEST_003|morning_arrival_0900|WALK,MAD-154,La Concepción,Ciudad Lineal,40.43922008562731,-3.648790741188324,DEST_003,UC3M Campus de Leganés,40.331755,-3.765697,morning_arrival_0900,Llegada al destino a las 09:00,to_destination,WALK,A pie,2026-07-29,2026-07-29T09:00:00+02:00,2026-08-12T11:16:43.703956+02:00,no_route,0,"[{""code"":""NO_DIRECT_MODE_CONNECTION"",""description"":""No route found for the requested direct mode. The origin and destination may be too far apart or not connected by the requested mode of transport."",""inputField"":null}]",,0.2725544999702833
2026-07-29|MAD-155|DEST_003|evening_departure_1800|WALK,MAD-155,San Pascual,Ciudad Lineal,40.331755,-3.765697,DEST_003,UC3M Campus de Leganés,40.442986830647904,-3.653834739843244,evening_departure_1800,Salida del destino a las 18:00,from_destination,WALK,A pie,2026-07-29,2026-07-29T18:00:00+02:00,2026-08-12T11:16:57.892452+02:00,no_route,0,"[{""code"":""NO_DIRECT_MODE_CONNECTION"",""description"":""No route found for the requested direct mode. The origin and destination may be too far apart or not connected by the requested mode of transport."",""inputField"":null}]",,0.5640513999969698
2026-07-29|MAD-155|DEST_003|morning_arrival_0900|WALK,MAD-155,San Pascual,Ciudad Lineal,40.442986830647904,-3.653834739843244,DEST_003,UC3M Campus de Leganés,40.331755,-3.765697,morning_arrival_0900,Llegada al destino a las 09:00,to_destination,WALK,A pie,2026-07-29,2026-07-29T09:00:00+02:00,2026-08-12T11:16:56.171943+02:00,no_route,0,"[{""code"":""NO_DIRECT_MODE_CONNECTION"",""description"":""No route found for the requested direct mode. The origin and destination may be too far apart or not connected by the requested mode of transport."",""inputField"":null}]",,0.3482181000290438
2026-07-29|MAD-156|DEST_003|evening_departure_1800|WALK,MAD-156,San Juan Bautista,Ciudad Lineal,40.331755,-3.765697,DEST_003,UC3M Campus de Leganés,40.45064655429456,-3.655837950556051,evening_departure_1800,Salida del destino a las 18:00,from_destination,WALK,A pie,2026-07-29,2026-07-29T18:00:00+02:00,2026-08-12T11:17:09.812186+02:00,no_route,0,"[{""code"":""NO_DIRECT_MODE_CONNECTION"",""description"":""No route found for the requested direct mode. The origin and destination may be too far apart or not connected by the requested mode of transport."",""inputField"":null}]",,0.6048053000122309
2026-07-29|MAD-156|DEST_003|morning_arrival_0900|WALK,MAD-156,San Juan Bautista,Ciudad Lineal,40.45064655429456,-3.655837950556051,DEST_003,UC3M Campus de Leganés,40.331755,-3.765697,morning_arrival_0900,Llegada al destino a las 09:00,to_destination,WALK,A pie,2026-07-29,2026-07-29T09:00:00+02:00,2026-08-12T11:17:08.124252+02:00,no_route,0,"[{""code"":""NO_DIRECT_MODE_CONNECTION"",""description"":""No route found for the requested direct mode. The origin and destination may be too far apart or not connected by the requested mode of transport."",""inputField"":null}]",,0.2931953999795951
2026-07-29|MAD-157|DEST_003|evening_departure_1800|WALK,MAD-157,Colina,Ciudad Lineal,40.331755,-3.765697,DEST_003,UC3M Campus de Leganés,40.458163952165926,-3.65976399884166,evening_departure_1800,Salida del destino a las 18:00,from_destination,WALK,A pie,2026-07-29,2026-07-29T18:00:00+02:00,2026-08-12T11:17:22.043839+02:00,no_route,0,"[{""code"":""NO_DIRECT_MODE_CONNECTION"",""description"":""No route found for the requested direct mode. The origin and destination may be too far apart or not connected by the requested mode of transport."",""inputField"":null}]",,0.3186273000319488
2026-07-29|MAD-157|DEST_003|morning_arrival_0900|WALK,MAD-157,Colina,Ciudad Lineal,40.458163952165926,-3.65976399884166,DEST_003,UC3M Campus de Leganés,40.331755,-3.765697,morning_arrival_0900,Llegada al destino a las 09:00,to_destination,WALK,A pie,2026-07-29,2026-07-29T09:00:00+02:00,2026-08-12T11:17:20.354625+02:00,no_route,0,"[{""code"":""NO_DIRECT_MODE_CONNECTION"",""description"":""No route found for the requested direct mode. The origin and destination may be too far apart or not connected by the requested mode of transport."",""inputField"":null}]",,0.2943851000163704
2026-07-29|MAD-158|DEST_003|evening_departure_1800|WALK,MAD-158,Atalaya,Ciudad Lineal,40.331755,-3.765697,DEST_003,UC3M Campus de Leganés,40.46370573517556,-3.664553763953936,evening_departure_1800,Salida del destino a las 18:00,from_destination,WALK,A pie,2026-07-29,2026-07-29T18:00:00+02:00,2026-08-12T11:17:36.080384+02:00,no_route,0,"[{""code"":""NO_DIRECT_MODE_CONNECTION"",""description"":""No route found for the requested direct mode. The origin and destination may be too far apart or not connected by the requested mode of transport."",""inputField"":null}]",,0.3263118999893777
2026-07-29|MAD-158|DEST_003|morning_arrival_0900|WALK,MAD-158,Atalaya,Ciudad Lineal,40.46370573517556,-3.664553763953936,DEST_003,UC3M Campus de Leganés,40.331755,-3.765697,morning_arrival_0900,Llegada al destino a las 09:00,to_destination,WALK,A pie,2026-07-29,2026-07-29T09:00:00+02:00,2026-08-12T11:17:34.439950+02:00,no_route,0,"[{""code"":""NO_DIRECT_MODE_CONNECTION"",""description"":""No route found for the requested direct mode. The origin and destination may be too far apart or not connected by the requested mode of transport."",""inputField"":null}]",,0.3638177000102587
2026-07-29|MAD-159|DEST_001|evening_departure_1800|BICYCLE,MAD-159,Costillares,Ciudad Lineal,40.416775,-3.70379,DEST_001,Puerta del Sol,40.47539628405521,-3.6698630154562255,evening_departure_1800,Salida del destino a las 18:00,from_destination,BICYCLE,Bicicleta,2026-07-29,2026-07-29T18:00:00+02:00,2026-08-12T11:17:41.669579+02:00,no_route,0,"[{""code"":""NO_DIRECT_MODE_CONNECTION"",""description"":""No route found for the requested direct mode. The origin and destination may be too far apart or not connected by the requested mode of transport."",""inputField"":null}]",,1.0249858999741264
2026-07-29|MAD-159|DEST_001|evening_departure_1800|CAR,MAD-159,Costillares,Ciudad Lineal,40.416775,-3.70379,DEST_001,Puerta del Sol,40.47539628405521,-3.6698630154562255,evening_departure_1800,Salida del destino a las 18:00,from_destination,CAR,Coche,2026-07-29,2026-07-29T18:00:00+02:00,2026-08-12T11:17:42.694726+02:00,no_route,0,"[{""code"":""NO_DIRECT_MODE_CONNECTION"",""description"":""No route found for the requested direct mode. The origin and destination may be too far apart or not connected by the requested mode of transport."",""inputField"":null}]",,0.5308484999695793
2026-07-29|MAD-159|DEST_001|evening_departure_1800|TRANSIT,MAD-159,Costillares,Ciudad Lineal,40.416775,-3.70379,DEST_001,Puerta del Sol,40.47539628405521,-3.6698630154562255,evening_departure_1800,Salida del destino a las 18:00,from_destination,TRANSIT,Transporte público,2026-07-29,2026-07-29T18:00:00+02:00,2026-08-12T11:17:40.721057+02:00,no_route,0,"[{""code"":""NO_STOPS_IN_RANGE"",""description"":""The location was found, but no stops could be found within the search radius."",""inputField"":""TO""}]",,0.4732892999891191
2026-07-29|MAD-159|DEST_001|evening_departure_1800|WALK,MAD-159,Costillares,Ciudad Lineal,40.416775,-3.70379,DEST_001,Puerta del Sol,40.47539628405521,-3.6698630154562255,evening_departure_1800,Salida del destino a las 18:00,from_destination,WALK,A pie,2026-07-29,2026-07-29T18:00:00+02:00,2026-08-12T11:17:41.194563+02:00,no_route,0,"[{""code"":""NO_DIRECT_MODE_CONNECTION"",""description"":""No route found for the requested direct mode. The origin and destination may be too far apart or not connected by the requested mode of transport."",""inputField"":null}]",,0.4748802999965846
2026-07-29|MAD-159|DEST_001|morning_arrival_0900|BICYCLE,MAD-159,Costillares,Ciudad Lineal,40.47539628405521,-3.6698630154562255,DEST_001,Puerta del Sol,40.416775,-3.70379,morning_arrival_0900,Llegada al destino a las 09:00,to_destination,BICYCLE,Bicicleta,2026-07-29,2026-07-29T09:00:00+02:00,2026-08-12T11:17:38.720588+02:00,no_route,0,"[{""code"":""NO_DIRECT_MODE_CONNECTION"",""description"":""No route found for the requested direct mode. The origin and destination may be too far apart or not connected by the requested mode of transport."",""inputField"":null}]",,1.4016845000442115
2026-07-29|MAD-159|DEST_001|morning_arrival_0900|CAR,MAD-159,Costillares,Ciudad Lineal,40.47539628405521,-3.6698630154562255,DEST_001,Puerta del Sol,40.416775,-3.70379,morning_arrival_0900,Llegada al destino a las 09:00,to_destination,CAR,Coche,2026-07-29,2026-07-29T09:00:00+02:00,2026-08-12T11:17:40.122423+02:00,no_route,0,"[{""code"":""NO_DIRECT_MODE_CONNECTION"",""description"":""No route found for the requested direct mode. The origin and destination may be too far apart or not connected by the requested mode of transport."",""inputField"":null}]",,0.5984942999784835
2026-07-29|MAD-159|DEST_001|morning_arrival_0900|TRANSIT,MAD-159,Costillares,Ciudad Lineal,40.47539628405521,-3.6698630154562255,DEST_001,Puerta del Sol,40.416775,-3.70379,morning_arrival_0900,Llegada al destino a las 09:00,to_destination,TRANSIT,Transporte público,2026-07-29,2026-07-29T09:00:00+02:00,2026-08-12T11:17:37.064006+02:00,no_route,0,"[{""code"":""NO_STOPS_IN_RANGE"",""description"":""The location was found, but no stops could be found within the search radius."",""inputField"":""FROM""}]",,0.8410482000326738
2026-07-29|MAD-159|DEST_001|morning_arrival_0900|WALK,MAD-159,Costillares,Ciudad Lineal,40.47539628405521,-3.6698630154562255,DEST_001,Puerta del Sol,40.416775,-3.70379,morning_arrival_0900,Llegada al destino a las 09:00,to_destination,WALK,A pie,2026-07-29,2026-07-29T09:00:00+02:00,2026-08-12T11:17:37.905262+02:00,no_route,0,"[{""code"":""NO_DIRECT_MODE_CONNECTION"",""description"":""No route found for the requested direct mode. The origin and destination may be too far apart or not connected by the requested mode of transport."",""inputField"":null}]",,0.6056040999828838
2026-07-29|MAD-159|DEST_002|evening_departure_1800|BICYCLE,MAD-159,Costillares,Ciudad Lineal,40.44661,-3.692436,DEST_002,Nuevos Ministerios,40.47539628405521,-3.6698630154562255,evening_departure_1800,Salida del destino a las 18:00,from_destination,BICYCLE,Bicicleta,2026-07-29,2026-07-29T18:00:00+02:00,2026-08-12T11:17:47.048405+02:00,no_route,0,"[{""code"":""NO_DIRECT_MODE_CONNECTION"",""description"":""No route found for the requested direct mode. The origin and destination may be too far apart or not connected by the requested mode of transport."",""inputField"":null}]",,0.8779772000270896
2026-07-29|MAD-159|DEST_002|evening_departure_1800|CAR,MAD-159,Costillares,Ciudad Lineal,40.44661,-3.692436,DEST_002,Nuevos Ministerios,40.47539628405521,-3.6698630154562255,evening_departure_1800,Salida del destino a las 18:00,from_destination,CAR,Coche,2026-07-29,2026-07-29T18:00:00+02:00,2026-08-12T11:17:47.926496+02:00,no_route,0,"[{""code"":""NO_DIRECT_MODE_CONNECTION"",""description"":""No route found for the requested direct mode. The origin and destination may be too far apart or not connected by the requested mode of transport."",""inputField"":null}]",,0.4876491999602876
2026-07-29|MAD-159|DEST_002|evening_departure_1800|TRANSIT,MAD-159,Costillares,Ciudad Lineal,40.44661,-3.692436,DEST_002,Nuevos Ministerios,40.47539628405521,-3.6698630154562255,evening_departure_1800,Salida del destino a las 18:00,from_destination,TRANSIT,Transporte público,2026-07-29,2026-07-29T18:00:00+02:00,2026-08-12T11:17:46.096757+02:00,no_route,0,"[{""code"":""NO_STOPS_IN_RANGE"",""description"":""The location was found, but no stops could be found within the search radius."",""inputField"":""TO""}]",,0.5242840999853797
2026-07-29|MAD-159|DEST_002|evening_departure_1800|WALK,MAD-159,Costillares,Ciudad Lineal,40.44661,-3.692436,DEST_002,Nuevos Ministerios,40.47539628405521,-3.6698630154562255,evening_departure_1800,Salida del destino a las 18:00,from_destination,WALK,A pie,2026-07-29,2026-07-29T18:00:00+02:00,2026-08-12T11:17:46.621254+02:00,no_route,0,"[{""code"":""NO_DIRECT_MODE_CONNECTION"",""description"":""No route found for the requested direct mode. The origin and destination may be too far apart or not connected by the requested mode of transport."",""inputField"":null}]",,0.4269941999809816
2026-07-29|MAD-159|DEST_002|morning_arrival_0900|BICYCLE,MAD-159,Costillares,Ciudad Lineal,40.47539628405521,-3.6698630154562255,DEST_002,Nuevos Ministerios,40.44661,-3.692436,morning_arrival_0900,Llegada al destino a las 09:00,to_destination,BICYCLE,Bicicleta,2026-07-29,2026-07-29T09:00:00+02:00,2026-08-12T11:17:44.025812+02:00,no_route,0,"[{""code"":""NO_DIRECT_MODE_CONNECTION"",""description"":""No route found for the requested direct mode. The origin and destination may be too far apart or not connected by the requested mode of transport."",""inputField"":null}]",,0.8857254000031389
2026-07-29|MAD-159|DEST_002|morning_arrival_0900|CAR,MAD-159,Costillares,Ciudad Lineal,40.47539628405521,-3.6698630154562255,DEST_002,Nuevos Ministerios,40.44661,-3.692436,morning_arrival_0900,Llegada al destino a las 09:00,to_destination,CAR,Coche,2026-07-29,2026-07-29T09:00:00+02:00,2026-08-12T11:17:44.911715+02:00,no_route,0,"[{""code"":""NO_DIRECT_MODE_CONNECTION"",""description"":""No route found for the requested direct mode. The origin and destination may be too far apart or not connected by the requested mode of transport."",""inputField"":null}]",,0.8761516000377014
2026-07-29|MAD-159|DEST_002|morning_arrival_0900|TRANSIT,MAD-159,Costillares,Ciudad Lineal,40.47539628405521,-3.6698630154562255,DEST_002,Nuevos Ministerios,40.44661,-3.692436,morning_arrival_0900,Llegada al destino a las 09:00,to_destination,TRANSIT,Transporte público,2026-07-29,2026-07-29T09:00:00+02:00,2026-08-12T11:17:43.225816+02:00,no_route,0,"[{""code"":""NO_STOPS_IN_RANGE"",""description"":""The location was found, but no stops could be found within the search radius."",""inputField"":""FROM""}]",,0.4403697999659925
2026-07-29|MAD-159|DEST_002|morning_arrival_0900|WALK,MAD-159,Costillares,Ciudad Lineal,40.47539628405521,-3.6698630154562255,DEST_002,Nuevos Ministerios,40.44661,-3.692436,morning_arrival_0900,Llegada al destino a las 09:00,to_destination,WALK,A pie,2026-07-29,2026-07-29T09:00:00+02:00,2026-08-12T11:17:43.666287+02:00,no_route,0,"[{""code"":""NO_DIRECT_MODE_CONNECTION"",""description"":""No route found for the requested direct mode. The origin and destination may be too far apart or not connected by the requested mode of transport."",""inputField"":null}]",,0.3594092999701388
2026-07-29|MAD-159|DEST_003|evening_departure_1800|BICYCLE,MAD-159,Costillares,Ciudad Lineal,40.331755,-3.765697,DEST_003,UC3M Campus de Leganés,40.47539628405521,-3.6698630154562255,evening_departure_1800,Salida del destino a las 18:00,from_destination,BICYCLE,Bicicleta,2026-07-29,2026-07-29T18:00:00+02:00,2026-08-12T11:17:51.420544+02:00,no_route,0,"[{""code"":""NO_DIRECT_MODE_CONNECTION"",""description"":""No route found for the requested direct mode. The origin and destination may be too far apart or not connected by the requested mode of transport."",""inputField"":null}]",,0.9796965999994428
2026-07-29|MAD-159|DEST_003|evening_departure_1800|CAR,MAD-159,Costillares,Ciudad Lineal,40.331755,-3.765697,DEST_003,UC3M Campus de Leganés,40.47539628405521,-3.6698630154562255,evening_departure_1800,Salida del destino a las 18:00,from_destination,CAR,Coche,2026-07-29,2026-07-29T18:00:00+02:00,2026-08-12T11:17:52.400443+02:00,no_route,0,"[{""code"":""NO_DIRECT_MODE_CONNECTION"",""description"":""No route found for the requested direct mode. The origin and destination may be too far apart or not connected by the requested mode of transport."",""inputField"":null}]",,0.876546099956613
2026-07-29|MAD-159|DEST_003|evening_departure_1800|TRANSIT,MAD-159,Costillares,Ciudad Lineal,40.331755,-3.765697,DEST_003,UC3M Campus de Leganés,40.47539628405521,-3.6698630154562255,evening_departure_1800,Salida del destino a las 18:00,from_destination,TRANSIT,Transporte público,2026-07-29,2026-07-29T18:00:00+02:00,2026-08-12T11:17:50.658255+02:00,no_route,0,"[{""code"":""NO_STOPS_IN_RANGE"",""description"":""The location was found, but no stops could be found within the search radius."",""inputField"":""TO""}]",,0.3212087999563664
2026-07-29|MAD-159|DEST_003|evening_departure_1800|WALK,MAD-159,Costillares,Ciudad Lineal,40.331755,-3.765697,DEST_003,UC3M Campus de Leganés,40.47539628405521,-3.6698630154562255,evening_departure_1800,Salida del destino a las 18:00,from_destination,WALK,A pie,2026-07-29,2026-07-29T18:00:00+02:00,2026-08-12T11:17:50.979568+02:00,no_route,0,"[{""code"":""NO_DIRECT_MODE_CONNECTION"",""description"":""No route found for the requested direct mode. The origin and destination may be too far apart or not connected by the requested mode of transport."",""inputField"":null}]",,0.3068077000207267
2026-07-29|MAD-159|DEST_003|morning_arrival_0900|BICYCLE,MAD-159,Costillares,Ciudad Lineal,40.47539628405521,-3.6698630154562255,DEST_003,UC3M Campus de Leganés,40.331755,-3.765697,morning_arrival_0900,Llegada al destino a las 09:00,to_destination,BICYCLE,Bicicleta,2026-07-29,2026-07-29T09:00:00+02:00,2026-08-12T11:17:49.212154+02:00,no_route,0,"[{""code"":""NO_DIRECT_MODE_CONNECTION"",""description"":""No route found for the requested direct mode. The origin and destination may be too far apart or not connected by the requested mode of transport."",""inputField"":null}]",,0.9078924999921584
2026-07-29|MAD-159|DEST_003|morning_arrival_0900|CAR,MAD-159,Costillares,Ciudad Lineal,40.47539628405521,-3.6698630154562255,DEST_003,UC3M Campus de Leganés,40.331755,-3.765697,morning_arrival_0900,Llegada al destino a las 09:00,to_destination,CAR,Coche,2026-07-29,2026-07-29T09:00:00+02:00,2026-08-12T11:17:50.120160+02:00,no_route,0,"[{""code"":""NO_DIRECT_MODE_CONNECTION"",""description"":""No route found for the requested direct mode. The origin and destination may be too far apart or not connected by the requested mode of transport."",""inputField"":null}]",,0.5379877000232227
2026-07-29|MAD-159|DEST_003|morning_arrival_0900|TRANSIT,MAD-159,Costillares,Ciudad Lineal,40.47539628405521,-3.6698630154562255,DEST_003,UC3M Campus de Leganés,40.331755,-3.765697,morning_arrival_0900,Llegada al destino a las 09:00,to_destination,TRANSIT,Transporte público,2026-07-29,2026-07-29T09:00:00+02:00,2026-08-12T11:17:48.414516+02:00,no_route,0,"[{""code"":""NO_STOPS_IN_RANGE"",""description"":""The location was found, but no stops could be found within the search radius."",""inputField"":""FROM""}]",,0.324429800035432
2026-07-29|MAD-159|DEST_003|morning_arrival_0900|WALK,MAD-159,Costillares,Ciudad Lineal,40.47539628405521,-3.6698630154562255,DEST_003,UC3M Campus de Leganés,40.331755,-3.765697,morning_arrival_0900,Llegada al destino a las 09:00,to_destination,WALK,A pie,2026-07-29,2026-07-29T09:00:00+02:00,2026-08-12T11:17:48.739127+02:00,no_route,0,"[{""code"":""NO_DIRECT_MODE_CONNECTION"",""description"":""No route found for the requested direct mode. The origin and destination may be too far apart or not connected by the requested mode of transport."",""inputField"":null}]",,0.4728937999461777
2026-07-29|MAD-161|DEST_003|evening_departure_1800|WALK,MAD-161,Palomas,Hortaleza,40.331755,-3.765697,DEST_003,UC3M Campus de Leganés,40.4540101090425,-3.616167314474427,evening_departure_1800,Salida del destino a las 18:00,from_destination,WALK,A pie,2026-07-29,2026-07-29T18:00:00+02:00,2026-08-12T11:18:01.842873+02:00,no_route,0,"[{""code"":""NO_DIRECT_MODE_CONNECTION"",""description"":""No route found for the requested direct mode. The origin and destination may be too far apart or not connected by the requested mode of transport."",""inputField"":null}]",,0.3023404999985359
2026-07-29|MAD-161|DEST_003|morning_arrival_0900|WALK,MAD-161,Palomas,Hortaleza,40.4540101090425,-3.616167314474427,DEST_003,UC3M Campus de Leganés,40.331755,-3.765697,morning_arrival_0900,Llegada al destino a las 09:00,to_destination,WALK,A pie,2026-07-29,2026-07-29T09:00:00+02:00,2026-08-12T11:17:59.995443+02:00,no_route,0,"[{""code"":""NO_DIRECT_MODE_CONNECTION"",""description"":""No route found for the requested direct mode. The origin and destination may be too far apart or not connected by the requested mode of transport."",""inputField"":null}]",,0.2873877999954857
2026-07-29|MAD-162|DEST_003|evening_departure_1800|WALK,MAD-162,Piovera,Hortaleza,40.331755,-3.765697,DEST_003,UC3M Campus de Leganés,40.4556209070038,-3.636285201329396,evening_departure_1800,Salida del destino a las 18:00,from_destination,WALK,A pie,2026-07-29,2026-07-29T18:00:00+02:00,2026-08-12T11:18:13.939168+02:00,no_route,0,"[{""code"":""NO_DIRECT_MODE_CONNECTION"",""description"":""No route found for the requested direct mode. The origin and destination may be too far apart or not connected by the requested mode of transport."",""inputField"":null}]",,0.2800439000129699
2026-07-29|MAD-162|DEST_003|morning_arrival_0900|WALK,MAD-162,Piovera,Hortaleza,40.4556209070038,-3.636285201329396,DEST_003,UC3M Campus de Leganés,40.331755,-3.765697,morning_arrival_0900,Llegada al destino a las 09:00,to_destination,WALK,A pie,2026-07-29,2026-07-29T09:00:00+02:00,2026-08-12T11:18:11.963646+02:00,no_route,0,"[{""code"":""NO_DIRECT_MODE_CONNECTION"",""description"":""No route found for the requested direct mode. The origin and destination may be too far apart or not connected by the requested mode of transport."",""inputField"":null}]",,0.2923569999984465
2026-07-29|MAD-163|DEST_003|evening_departure_1800|WALK,MAD-163,Canillas,Hortaleza,40.331755,-3.765697,DEST_003,UC3M Campus de Leganés,40.46298463101707,-3.641644084647456,evening_departure_1800,Salida del destino a las 18:00,from_destination,WALK,A pie,2026-07-29,2026-07-29T18:00:00+02:00,2026-08-12T11:18:27.496123+02:00,no_route,0,"[{""code"":""NO_DIRECT_MODE_CONNECTION"",""description"":""No route found for the requested direct mode. The origin and destination may be too far apart or not connected by the requested mode of transport."",""inputField"":null}]",,0.283223700011149
2026-07-29|MAD-163|DEST_003|morning_arrival_0900|WALK,MAD-163,Canillas,Hortaleza,40.46298463101707,-3.641644084647456,DEST_003,UC3M Campus de Leganés,40.331755,-3.765697,morning_arrival_0900,Llegada al destino a las 09:00,to_destination,WALK,A pie,2026-07-29,2026-07-29T09:00:00+02:00,2026-08-12T11:18:25.452398+02:00,no_route,0,"[{""code"":""NO_DIRECT_MODE_CONNECTION"",""description"":""No route found for the requested direct mode. The origin and destination may be too far apart or not connected by the requested mode of transport."",""inputField"":null}]",,0.4816129000391811
2026-07-29|MAD-164|DEST_003|evening_departure_1800|WALK,MAD-164,Pinar del Rey,Hortaleza,40.331755,-3.765697,DEST_003,UC3M Campus de Leganés,40.471774781321294,-3.64434129404993,evening_departure_1800,Salida del destino a las 18:00,from_destination,WALK,A pie,2026-07-29,2026-07-29T18:00:00+02:00,2026-08-12T11:18:41.968144+02:00,no_route,0,"[{""code"":""NO_DIRECT_MODE_CONNECTION"",""description"":""No route found for the requested direct mode. The origin and destination may be too far apart or not connected by the requested mode of transport."",""inputField"":null}]",,0.4916359999915585
2026-07-29|MAD-164|DEST_003|morning_arrival_0900|WALK,MAD-164,Pinar del Rey,Hortaleza,40.471774781321294,-3.64434129404993,DEST_003,UC3M Campus de Leganés,40.331755,-3.765697,morning_arrival_0900,Llegada al destino a las 09:00,to_destination,WALK,A pie,2026-07-29,2026-07-29T09:00:00+02:00,2026-08-12T11:18:40.383735+02:00,no_route,0,"[{""code"":""NO_DIRECT_MODE_CONNECTION"",""description"":""No route found for the requested direct mode. The origin and destination may be too far apart or not connected by the requested mode of transport."",""inputField"":null}]",,0.3248172999592498
2026-07-29|MAD-165|DEST_003|evening_departure_1800|WALK,MAD-165,Apóstol Santiago,Hortaleza,40.331755,-3.765697,DEST_003,UC3M Campus de Leganés,40.47523015786568,-3.660422268260034,evening_departure_1800,Salida del destino a las 18:00,from_destination,WALK,A pie,2026-07-29,2026-07-29T18:00:00+02:00,2026-08-12T11:18:55.359891+02:00,no_route,0,"[{""code"":""NO_DIRECT_MODE_CONNECTION"",""description"":""No route found for the requested direct mode. The origin and destination may be too far apart or not connected by the requested mode of transport."",""inputField"":null}]",,0.4291169999632984
2026-07-29|MAD-165|DEST_003|morning_arrival_0900|WALK,MAD-165,Apóstol Santiago,Hortaleza,40.47523015786568,-3.660422268260034,DEST_003,UC3M Campus de Leganés,40.331755,-3.765697,morning_arrival_0900,Llegada al destino a las 09:00,to_destination,WALK,A pie,2026-07-29,2026-07-29T09:00:00+02:00,2026-08-12T11:18:53.561916+02:00,no_route,0,"[{""code"":""NO_DIRECT_MODE_CONNECTION"",""description"":""No route found for the requested direct mode. The origin and destination may be too far apart or not connected by the requested mode of transport."",""inputField"":null}]",,0.2908456999575719
2026-07-29|MAD-166|DEST_001|evening_departure_1800|CAR,MAD-166,Valdefuentes,Hortaleza,40.416775,-3.70379,DEST_001,Puerta del Sol,40.49088028744424,-3.637004324373653,evening_departure_1800,Salida del destino a las 18:00,from_destination,CAR,Coche,2026-07-29,2026-07-29T18:00:00+02:00,2026-08-12T11:19:01.986258+02:00,no_route,0,"[{""code"":""NO_DIRECT_MODE_CONNECTION"",""description"":""No route found for the requested direct mode. The origin and destination may be too far apart or not connected by the requested mode of transport."",""inputField"":null}]",,0.4534006000030786
2026-07-29|MAD-166|DEST_001|morning_arrival_0900|CAR,MAD-166,Valdefuentes,Hortaleza,40.49088028744424,-3.637004324373653,DEST_001,Puerta del Sol,40.416775,-3.70379,morning_arrival_0900,Llegada al destino a las 09:00,to_destination,CAR,Coche,2026-07-29,2026-07-29T09:00:00+02:00,2026-08-12T11:18:58.357374+02:00,no_route,0,"[{""code"":""NO_DIRECT_MODE_CONNECTION"",""description"":""No route found for the requested direct mode. The origin and destination may be too far apart or not connected by the requested mode of transport."",""inputField"":null}]",,0.5226329000433907
2026-07-29|MAD-166|DEST_002|evening_departure_1800|CAR,MAD-166,Valdefuentes,Hortaleza,40.44661,-3.692436,DEST_002,Nuevos Ministerios,40.49088028744424,-3.637004324373653,evening_departure_1800,Salida del destino a las 18:00,from_destination,CAR,Coche,2026-07-29,2026-07-29T18:00:00+02:00,2026-08-12T11:19:06.108293+02:00,no_route,0,"[{""code"":""NO_DIRECT_MODE_CONNECTION"",""description"":""No route found for the requested direct mode. The origin and destination may be too far apart or not connected by the requested mode of transport."",""inputField"":null}]",,0.5264930999837816
2026-07-29|MAD-166|DEST_002|morning_arrival_0900|CAR,MAD-166,Valdefuentes,Hortaleza,40.49088028744424,-3.637004324373653,DEST_002,Nuevos Ministerios,40.44661,-3.692436,morning_arrival_0900,Llegada al destino a las 09:00,to_destination,CAR,Coche,2026-07-29,2026-07-29T09:00:00+02:00,2026-08-12T11:19:03.535573+02:00,no_route,0,"[{""code"":""NO_DIRECT_MODE_CONNECTION"",""description"":""No route found for the requested direct mode. The origin and destination may be too far apart or not connected by the requested mode of transport."",""inputField"":null}]",,0.5912294000154361
2026-07-29|MAD-166|DEST_003|evening_departure_1800|CAR,MAD-166,Valdefuentes,Hortaleza,40.331755,-3.765697,DEST_003,UC3M Campus de Leganés,40.49088028744424,-3.637004324373653,evening_departure_1800,Salida del destino a las 18:00,from_destination,CAR,Coche,2026-07-29,2026-07-29T18:00:00+02:00,2026-08-12T11:19:12.770618+02:00,no_route,0,"[{""code"":""NO_DIRECT_MODE_CONNECTION"",""description"":""No route found for the requested direct mode. The origin and destination may be too far apart or not connected by the requested mode of transport."",""inputField"":null}]",,0.8044899000087753
2026-07-29|MAD-166|DEST_003|evening_departure_1800|WALK,MAD-166,Valdefuentes,Hortaleza,40.331755,-3.765697,DEST_003,UC3M Campus de Leganés,40.49088028744424,-3.637004324373653,evening_departure_1800,Salida del destino a las 18:00,from_destination,WALK,A pie,2026-07-29,2026-07-29T18:00:00+02:00,2026-08-12T11:19:11.821401+02:00,no_route,0,"[{""code"":""NO_DIRECT_MODE_CONNECTION"",""description"":""No route found for the requested direct mode. The origin and destination may be too far apart or not connected by the requested mode of transport."",""inputField"":null}]",,0.0238274000003002
2026-07-29|MAD-166|DEST_003|morning_arrival_0900|CAR,MAD-166,Valdefuentes,Hortaleza,40.49088028744424,-3.637004324373653,DEST_003,UC3M Campus de Leganés,40.331755,-3.765697,morning_arrival_0900,Llegada al destino a las 09:00,to_destination,CAR,Coche,2026-07-29,2026-07-29T09:00:00+02:00,2026-08-12T11:19:10.630727+02:00,no_route,0,"[{""code"":""NO_DIRECT_MODE_CONNECTION"",""description"":""No route found for the requested direct mode. The origin and destination may be too far apart or not connected by the requested mode of transport."",""inputField"":null}]",,0.5367499999701977
2026-07-29|MAD-166|DEST_003|morning_arrival_0900|WALK,MAD-166,Valdefuentes,Hortaleza,40.49088028744424,-3.637004324373653,DEST_003,UC3M Campus de Leganés,40.331755,-3.765697,morning_arrival_0900,Llegada al destino a las 09:00,to_destination,WALK,A pie,2026-07-29,2026-07-29T09:00:00+02:00,2026-08-12T11:19:09.893862+02:00,no_route,0,"[{""code"":""NO_DIRECT_MODE_CONNECTION"",""description"":""No route found for the requested direct mode. The origin and destination may be too far apart or not connected by the requested mode of transport."",""inputField"":null}]",,0.007370000006631
2026-07-29|MAD-174|DEST_001|evening_departure_1800|CAR,MAD-174,Los Rosales,Villaverde,40.416775,-3.70379,DEST_001,Puerta del Sol,40.355293625663904,-3.688459573503127,evening_departure_1800,Salida del destino a las 18:00,from_destination,CAR,Coche,2026-07-29,2026-07-29T18:00:00+02:00,2026-08-12T11:19:41.060345+02:00,no_route,0,"[{""code"":""NO_DIRECT_MODE_CONNECTION"",""description"":""No route found for the requested direct mode. The origin and destination may be too far apart or not connected by the requested mode of transport."",""inputField"":null}]",,0.5321974999969825
2026-07-29|MAD-174|DEST_002|evening_departure_1800|CAR,MAD-174,Los Rosales,Villaverde,40.44661,-3.692436,DEST_002,Nuevos Ministerios,40.355293625663904,-3.688459573503127,evening_departure_1800,Salida del destino a las 18:00,from_destination,CAR,Coche,2026-07-29,2026-07-29T18:00:00+02:00,2026-08-12T11:19:45.644964+02:00,no_route,0,"[{""code"":""NO_DIRECT_MODE_CONNECTION"",""description"":""No route found for the requested direct mode. The origin and destination may be too far apart or not connected by the requested mode of transport."",""inputField"":null}]",,0.4888245000038296
2026-07-29|MAD-174|DEST_003|evening_departure_1800|CAR,MAD-174,Los Rosales,Villaverde,40.331755,-3.765697,DEST_003,UC3M Campus de Leganés,40.355293625663904,-3.688459573503127,evening_departure_1800,Salida del destino a las 18:00,from_destination,CAR,Coche,2026-07-29,2026-07-29T18:00:00+02:00,2026-08-12T11:19:47.224687+02:00,no_route,0,"[{""code"":""NO_DIRECT_MODE_CONNECTION"",""description"":""No route found for the requested direct mode. The origin and destination may be too far apart or not connected by the requested mode of transport."",""inputField"":null}]",,0.5076278000487946
2026-07-29|MAD-183|DEST_003|evening_departure_1800|WALK,MAD-183,Ensanche de Vallecas,Villa de Vallecas,40.331755,-3.765697,DEST_003,UC3M Campus de Leganés,40.365795538206754,-3.599872570299117,evening_departure_1800,Salida del destino a las 18:00,from_destination,WALK,A pie,2026-07-29,2026-07-29T18:00:00+02:00,2026-08-12T11:20:40.607826+02:00,no_route,0,"[{""code"":""NO_DIRECT_MODE_CONNECTION"",""description"":""No route found for the requested direct mode. The origin and destination may be too far apart or not connected by the requested mode of transport."",""inputField"":null}]",,0.334551099978853
2026-07-29|MAD-183|DEST_003|morning_arrival_0900|WALK,MAD-183,Ensanche de Vallecas,Villa de Vallecas,40.365795538206754,-3.599872570299117,DEST_003,UC3M Campus de Leganés,40.331755,-3.765697,morning_arrival_0900,Llegada al destino a las 09:00,to_destination,WALK,A pie,2026-07-29,2026-07-29T09:00:00+02:00,2026-08-12T11:20:39.095750+02:00,no_route,0,"[{""code"":""NO_DIRECT_MODE_CONNECTION"",""description"":""No route found for the requested direct mode. The origin and destination may be too far apart or not connected by the requested mode of transport."",""inputField"":null}]",,0.4007701000082306
2026-07-29|MAD-191|DEST_003|evening_departure_1800|WALK,MAD-191,Casco Histórico de Vicálvaro,Vicálvaro,40.331755,-3.765697,DEST_003,UC3M Campus de Leganés,40.39300748552181,-3.57955748703396,evening_departure_1800,Salida del destino a las 18:00,from_destination,WALK,A pie,2026-07-29,2026-07-29T18:00:00+02:00,2026-08-12T11:20:56.329672+02:00,no_route,0,"[{""code"":""NO_DIRECT_MODE_CONNECTION"",""description"":""No route found for the requested direct mode. The origin and destination may be too far apart or not connected by the requested mode of transport."",""inputField"":null}]",,0.3243852000450715
2026-07-29|MAD-191|DEST_003|morning_arrival_0900|WALK,MAD-191,Casco Histórico de Vicálvaro,Vicálvaro,40.39300748552181,-3.57955748703396,DEST_003,UC3M Campus de Leganés,40.331755,-3.765697,morning_arrival_0900,Llegada al destino a las 09:00,to_destination,WALK,A pie,2026-07-29,2026-07-29T09:00:00+02:00,2026-08-12T11:20:54.576547+02:00,no_route,0,"[{""code"":""NO_DIRECT_MODE_CONNECTION"",""description"":""No route found for the requested direct mode. The origin and destination may be too far apart or not connected by the requested mode of transport."",""inputField"":null}]",,0.3323006000136956
2026-07-29|MAD-193|DEST_003|evening_departure_1800|WALK,MAD-193,Valderrivas,Vicálvaro,40.331755,-3.765697,DEST_003,UC3M Campus de Leganés,40.398534570203104,-3.6038869824231785,evening_departure_1800,Salida del destino a las 18:00,from_destination,WALK,A pie,2026-07-29,2026-07-29T18:00:00+02:00,2026-08-12T11:21:11.688894+02:00,no_route,0,"[{""code"":""NO_DIRECT_MODE_CONNECTION"",""description"":""No route found for the requested direct mode. The origin and destination may be too far apart or not connected by the requested mode of transport."",""inputField"":null}]",,0.2879433999769389
2026-07-29|MAD-193|DEST_003|morning_arrival_0900|WALK,MAD-193,Valderrivas,Vicálvaro,40.398534570203104,-3.6038869824231785,DEST_003,UC3M Campus de Leganés,40.331755,-3.765697,morning_arrival_0900,Llegada al destino a las 09:00,to_destination,WALK,A pie,2026-07-29,2026-07-29T09:00:00+02:00,2026-08-12T11:21:09.961860+02:00,no_route,0,"[{""code"":""NO_DIRECT_MODE_CONNECTION"",""description"":""No route found for the requested direct mode. The origin and destination may be too far apart or not connected by the requested mode of transport."",""inputField"":null}]",,0.3169912999728694
2026-07-29|MAD-194|DEST_003|evening_departure_1800|WALK,MAD-194,El Cañaveral,Vicálvaro,40.331755,-3.765697,DEST_003,UC3M Campus de Leganés,40.40460495045157,-3.549158562456463,evening_departure_1800,Salida del destino a las 18:00,from_destination,WALK,A pie,2026-07-29,2026-07-29T18:00:00+02:00,2026-08-12T11:21:23.656402+02:00,no_route,0,"[{""code"":""NO_DIRECT_MODE_CONNECTION"",""description"":""No route found for the requested direct mode. The origin and destination may be too far apart or not connected by the requested mode of transport."",""inputField"":null}]",,0.0332849000114947
2026-07-29|MAD-194|DEST_003|morning_arrival_0900|WALK,MAD-194,El Cañaveral,Vicálvaro,40.40460495045157,-3.549158562456463,DEST_003,UC3M Campus de Leganés,40.331755,-3.765697,morning_arrival_0900,Llegada al destino a las 09:00,to_destination,WALK,A pie,2026-07-29,2026-07-29T09:00:00+02:00,2026-08-12T11:21:22.470027+02:00,no_route,0,"[{""code"":""NO_DIRECT_MODE_CONNECTION"",""description"":""No route found for the requested direct mode. The origin and destination may be too far apart or not connected by the requested mode of transport."",""inputField"":null}]",,0.028616499970667
2026-07-29|MAD-201|DEST_003|evening_departure_1800|WALK,MAD-201,Simancas,San Blas - Canillejas,40.331755,-3.765697,DEST_003,UC3M Campus de Leganés,40.43411698986753,-3.624674967231151,evening_departure_1800,Salida del destino a las 18:00,from_destination,WALK,A pie,2026-07-29,2026-07-29T18:00:00+02:00,2026-08-12T11:21:38.774322+02:00,no_route,0,"[{""code"":""NO_DIRECT_MODE_CONNECTION"",""description"":""No route found for the requested direct mode. The origin and destination may be too far apart or not connected by the requested mode of transport."",""inputField"":null}]",,0.3444993000011891
2026-07-29|MAD-201|DEST_003|morning_arrival_0900|WALK,MAD-201,Simancas,San Blas - Canillejas,40.43411698986753,-3.624674967231151,DEST_003,UC3M Campus de Leganés,40.331755,-3.765697,morning_arrival_0900,Llegada al destino a las 09:00,to_destination,WALK,A pie,2026-07-29,2026-07-29T09:00:00+02:00,2026-08-12T11:21:36.870200+02:00,no_route,0,"[{""code"":""NO_DIRECT_MODE_CONNECTION"",""description"":""No route found for the requested direct mode. The origin and destination may be too far apart or not connected by the requested mode of transport."",""inputField"":null}]",,0.3403458999819122
2026-07-29|MAD-202|DEST_003|evening_departure_1800|WALK,MAD-202,Hellín,San Blas - Canillejas,40.331755,-3.765697,DEST_003,UC3M Campus de Leganés,40.431124488825375,-3.616760459088244,evening_departure_1800,Salida del destino a las 18:00,from_destination,WALK,A pie,2026-07-29,2026-07-29T18:00:00+02:00,2026-08-12T11:21:50.154136+02:00,no_route,0,"[{""code"":""NO_DIRECT_MODE_CONNECTION"",""description"":""No route found for the requested direct mode. The origin and destination may be too far apart or not connected by the requested mode of transport."",""inputField"":null}]",,0.3224500999785959
2026-07-29|MAD-202|DEST_003|morning_arrival_0900|WALK,MAD-202,Hellín,San Blas - Canillejas,40.431124488825375,-3.616760459088244,DEST_003,UC3M Campus de Leganés,40.331755,-3.765697,morning_arrival_0900,Llegada al destino a las 09:00,to_destination,WALK,A pie,2026-07-29,2026-07-29T09:00:00+02:00,2026-08-12T11:21:48.576279+02:00,no_route,0,"[{""code"":""NO_DIRECT_MODE_CONNECTION"",""description"":""No route found for the requested direct mode. The origin and destination may be too far apart or not connected by the requested mode of transport."",""inputField"":null}]",,0.3140080000157468
2026-07-29|MAD-203|DEST_003|evening_departure_1800|WALK,MAD-203,Amposta,San Blas - Canillejas,40.331755,-3.765697,DEST_003,UC3M Campus de Leganés,40.425885318554045,-3.6223984424283153,evening_departure_1800,Salida del destino a las 18:00,from_destination,WALK,A pie,2026-07-29,2026-07-29T18:00:00+02:00,2026-08-12T11:22:03.241645+02:00,no_route,0,"[{""code"":""NO_DIRECT_MODE_CONNECTION"",""description"":""No route found for the requested direct mode. The origin and destination may be too far apart or not connected by the requested mode of transport."",""inputField"":null}]",,0.3099246000056155
2026-07-29|MAD-203|DEST_003|morning_arrival_0900|WALK,MAD-203,Amposta,San Blas - Canillejas,40.425885318554045,-3.6223984424283153,DEST_003,UC3M Campus de Leganés,40.331755,-3.765697,morning_arrival_0900,Llegada al destino a las 09:00,to_destination,WALK,A pie,2026-07-29,2026-07-29T09:00:00+02:00,2026-08-12T11:22:01.588691+02:00,no_route,0,"[{""code"":""NO_DIRECT_MODE_CONNECTION"",""description"":""No route found for the requested direct mode. The origin and destination may be too far apart or not connected by the requested mode of transport."",""inputField"":null}]",,0.3469484000233933
2026-07-29|MAD-204|DEST_003|evening_departure_1800|WALK,MAD-204,Arcos,San Blas - Canillejas,40.331755,-3.765697,DEST_003,UC3M Campus de Leganés,40.42084466088115,-3.618401883753516,evening_departure_1800,Salida del destino a las 18:00,from_destination,WALK,A pie,2026-07-29,2026-07-29T18:00:00+02:00,2026-08-12T11:22:18.243984+02:00,no_route,0,"[{""code"":""NO_DIRECT_MODE_CONNECTION"",""description"":""No route found for the requested direct mode. The origin and destination may be too far apart or not connected by the requested mode of transport."",""inputField"":null}]",,0.3538736999616958
2026-07-29|MAD-204|DEST_003|morning_arrival_0900|WALK,MAD-204,Arcos,San Blas - Canillejas,40.42084466088115,-3.618401883753516,DEST_003,UC3M Campus de Leganés,40.331755,-3.765697,morning_arrival_0900,Llegada al destino a las 09:00,to_destination,WALK,A pie,2026-07-29,2026-07-29T09:00:00+02:00,2026-08-12T11:22:16.661197+02:00,no_route,0,"[{""code"":""NO_DIRECT_MODE_CONNECTION"",""description"":""No route found for the requested direct mode. The origin and destination may be too far apart or not connected by the requested mode of transport."",""inputField"":null}]",,0.3012540999916382
2026-07-29|MAD-205|DEST_003|evening_departure_1800|WALK,MAD-205,Rosas,San Blas - Canillejas,40.331755,-3.765697,DEST_003,UC3M Campus de Leganés,40.429347701774375,-3.593694972906924,evening_departure_1800,Salida del destino a las 18:00,from_destination,WALK,A pie,2026-07-29,2026-07-29T18:00:00+02:00,2026-08-12T11:22:34.269975+02:00,no_route,0,"[{""code"":""NO_DIRECT_MODE_CONNECTION"",""description"":""No route found for the requested direct mode. The origin and destination may be too far apart or not connected by the requested mode of transport."",""inputField"":null}]",,0.3301808999967761
2026-07-29|MAD-205|DEST_003|morning_arrival_0900|WALK,MAD-205,Rosas,San Blas - Canillejas,40.429347701774375,-3.593694972906924,DEST_003,UC3M Campus de Leganés,40.331755,-3.765697,morning_arrival_0900,Llegada al destino a las 09:00,to_destination,WALK,A pie,2026-07-29,2026-07-29T09:00:00+02:00,2026-08-12T11:22:32.003213+02:00,no_route,0,"[{""code"":""NO_DIRECT_MODE_CONNECTION"",""description"":""No route found for the requested direct mode. The origin and destination may be too far apart or not connected by the requested mode of transport."",""inputField"":null}]",,0.3158755999756977
2026-07-29|MAD-206|DEST_003|evening_departure_1800|WALK,MAD-206,Rejas,San Blas - Canillejas,40.331755,-3.765697,DEST_003,UC3M Campus de Leganés,40.44401199238057,-3.569077486567472,evening_departure_1800,Salida del destino a las 18:00,from_destination,WALK,A pie,2026-07-29,2026-07-29T18:00:00+02:00,2026-08-12T11:22:41.955797+02:00,no_route,0,"[{""code"":""NO_DIRECT_MODE_CONNECTION"",""description"":""No route found for the requested direct mode. The origin and destination may be too far apart or not connected by the requested mode of transport."",""inputField"":null}]",,0.0255424000206403
2026-07-29|MAD-206|DEST_003|morning_arrival_0900|WALK,MAD-206,Rejas,San Blas - Canillejas,40.44401199238057,-3.569077486567472,DEST_003,UC3M Campus de Leganés,40.331755,-3.765697,morning_arrival_0900,Llegada al destino a las 09:00,to_destination,WALK,A pie,2026-07-29,2026-07-29T09:00:00+02:00,2026-08-12T11:22:40.551318+02:00,no_route,0,"[{""code"":""NO_DIRECT_MODE_CONNECTION"",""description"":""No route found for the requested direct mode. The origin and destination may be too far apart or not connected by the requested mode of transport."",""inputField"":null}]",,0.027656799997203
2026-07-29|MAD-207|DEST_001|evening_departure_1800|CAR,MAD-207,Canillejas,San Blas - Canillejas,40.416775,-3.70379,DEST_001,Puerta del Sol,40.44276641643043,-3.609891985534524,evening_departure_1800,Salida del destino a las 18:00,from_destination,CAR,Coche,2026-07-29,2026-07-29T18:00:00+02:00,2026-08-12T11:22:45.455197+02:00,no_route,0,"[{""code"":""NO_DIRECT_MODE_CONNECTION"",""description"":""No route found for the requested direct mode. The origin and destination may be too far apart or not connected by the requested mode of transport."",""inputField"":null}]",,0.4629034000099636
2026-07-29|MAD-207|DEST_002|evening_departure_1800|CAR,MAD-207,Canillejas,San Blas - Canillejas,40.44661,-3.692436,DEST_002,Nuevos Ministerios,40.44276641643043,-3.609891985534524,evening_departure_1800,Salida del destino a las 18:00,from_destination,CAR,Coche,2026-07-29,2026-07-29T18:00:00+02:00,2026-08-12T11:22:47.098582+02:00,no_route,0,"[{""code"":""NO_DIRECT_MODE_CONNECTION"",""description"":""No route found for the requested direct mode. The origin and destination may be too far apart or not connected by the requested mode of transport."",""inputField"":null}]",,0.517131700005848
2026-07-29|MAD-207|DEST_003|evening_departure_1800|CAR,MAD-207,Canillejas,San Blas - Canillejas,40.331755,-3.765697,DEST_003,UC3M Campus de Leganés,40.44276641643043,-3.609891985534524,evening_departure_1800,Salida del destino a las 18:00,from_destination,CAR,Coche,2026-07-29,2026-07-29T18:00:00+02:00,2026-08-12T11:22:53.024586+02:00,no_route,0,"[{""code"":""NO_DIRECT_MODE_CONNECTION"",""description"":""No route found for the requested direct mode. The origin and destination may be too far apart or not connected by the requested mode of transport."",""inputField"":null}]",,0.5621949000051245
2026-07-29|MAD-207|DEST_003|evening_departure_1800|WALK,MAD-207,Canillejas,San Blas - Canillejas,40.331755,-3.765697,DEST_003,UC3M Campus de Leganés,40.44276641643043,-3.609891985534524,evening_departure_1800,Salida del destino a las 18:00,from_destination,WALK,A pie,2026-07-29,2026-07-29T18:00:00+02:00,2026-08-12T11:22:52.484176+02:00,no_route,0,"[{""code"":""NO_DIRECT_MODE_CONNECTION"",""description"":""No route found for the requested direct mode. The origin and destination may be too far apart or not connected by the requested mode of transport."",""inputField"":null}]",,0.2662525000050664
2026-07-29|MAD-207|DEST_003|morning_arrival_0900|WALK,MAD-207,Canillejas,San Blas - Canillejas,40.44276641643043,-3.609891985534524,DEST_003,UC3M Campus de Leganés,40.331755,-3.765697,morning_arrival_0900,Llegada al destino a las 09:00,to_destination,WALK,A pie,2026-07-29,2026-07-29T09:00:00+02:00,2026-08-12T11:22:51.027170+02:00,no_route,0,"[{""code"":""NO_DIRECT_MODE_CONNECTION"",""description"":""No route found for the requested direct mode. The origin and destination may be too far apart or not connected by the requested mode of transport."",""inputField"":null}]",,0.3593049000483006
2026-07-29|MAD-208|DEST_001|evening_departure_1800|CAR,MAD-208,El Salvador,San Blas - Canillejas,40.416775,-3.70379,DEST_001,Puerta del Sol,40.44417241587986,-3.627928511681246,evening_departure_1800,Salida del destino a las 18:00,from_destination,CAR,Coche,2026-07-29,2026-07-29T18:00:00+02:00,2026-08-12T11:22:56.486888+02:00,no_route,0,"[{""code"":""NO_DIRECT_MODE_CONNECTION"",""description"":""No route found for the requested direct mode. The origin and destination may be too far apart or not connected by the requested mode of transport."",""inputField"":null}]",,0.6346228999900632
2026-07-29|MAD-208|DEST_001|morning_arrival_0900|CAR,MAD-208,El Salvador,San Blas - Canillejas,40.44417241587986,-3.627928511681246,DEST_001,Puerta del Sol,40.416775,-3.70379,morning_arrival_0900,Llegada al destino a las 09:00,to_destination,CAR,Coche,2026-07-29,2026-07-29T09:00:00+02:00,2026-08-12T11:22:54.794636+02:00,no_route,0,"[{""code"":""NO_DIRECT_MODE_CONNECTION"",""description"":""No route found for the requested direct mode. The origin and destination may be too far apart or not connected by the requested mode of transport."",""inputField"":null}]",,0.4736306999693624
2026-07-29|MAD-208|DEST_002|evening_departure_1800|CAR,MAD-208,El Salvador,San Blas - Canillejas,40.44661,-3.692436,DEST_002,Nuevos Ministerios,40.44417241587986,-3.627928511681246,evening_departure_1800,Salida del destino a las 18:00,from_destination,CAR,Coche,2026-07-29,2026-07-29T18:00:00+02:00,2026-08-12T11:22:59.569734+02:00,no_route,0,"[{""code"":""NO_DIRECT_MODE_CONNECTION"",""description"":""No route found for the requested direct mode. The origin and destination may be too far apart or not connected by the requested mode of transport."",""inputField"":null}]",,0.5166345000034198
2026-07-29|MAD-208|DEST_002|morning_arrival_0900|CAR,MAD-208,El Salvador,San Blas - Canillejas,40.44417241587986,-3.627928511681246,DEST_002,Nuevos Ministerios,40.44661,-3.692436,morning_arrival_0900,Llegada al destino a las 09:00,to_destination,CAR,Coche,2026-07-29,2026-07-29T09:00:00+02:00,2026-08-12T11:22:57.880579+02:00,no_route,0,"[{""code"":""NO_DIRECT_MODE_CONNECTION"",""description"":""No route found for the requested direct mode. The origin and destination may be too far apart or not connected by the requested mode of transport."",""inputField"":null}]",,0.5151627999730408
2026-07-29|MAD-208|DEST_003|evening_departure_1800|CAR,MAD-208,El Salvador,San Blas - Canillejas,40.331755,-3.765697,DEST_003,UC3M Campus de Leganés,40.44417241587986,-3.627928511681246,evening_departure_1800,Salida del destino a las 18:00,from_destination,CAR,Coche,2026-07-29,2026-07-29T18:00:00+02:00,2026-08-12T11:23:06.864904+02:00,no_route,0,"[{""code"":""NO_DIRECT_MODE_CONNECTION"",""description"":""No route found for the requested direct mode. The origin and destination may be too far apart or not connected by the requested mode of transport."",""inputField"":null}]",,0.5920101000228897
2026-07-29|MAD-208|DEST_003|evening_departure_1800|WALK,MAD-208,El Salvador,San Blas - Canillejas,40.331755,-3.765697,DEST_003,UC3M Campus de Leganés,40.44417241587986,-3.627928511681246,evening_departure_1800,Salida del destino a las 18:00,from_destination,WALK,A pie,2026-07-29,2026-07-29T18:00:00+02:00,2026-08-12T11:23:05.777597+02:00,no_route,0,"[{""code"":""NO_DIRECT_MODE_CONNECTION"",""description"":""No route found for the requested direct mode. The origin and destination may be too far apart or not connected by the requested mode of transport."",""inputField"":null}]",,0.2921990000177175
2026-07-29|MAD-208|DEST_003|morning_arrival_0900|CAR,MAD-208,El Salvador,San Blas - Canillejas,40.44417241587986,-3.627928511681246,DEST_003,UC3M Campus de Leganés,40.331755,-3.765697,morning_arrival_0900,Llegada al destino a las 09:00,to_destination,CAR,Coche,2026-07-29,2026-07-29T09:00:00+02:00,2026-08-12T11:23:04.661881+02:00,no_route,0,"[{""code"":""NO_DIRECT_MODE_CONNECTION"",""description"":""No route found for the requested direct mode. The origin and destination may be too far apart or not connected by the requested mode of transport."",""inputField"":null}]",,0.4762504999525845
2026-07-29|MAD-208|DEST_003|morning_arrival_0900|WALK,MAD-208,El Salvador,San Blas - Canillejas,40.44417241587986,-3.627928511681246,DEST_003,UC3M Campus de Leganés,40.331755,-3.765697,morning_arrival_0900,Llegada al destino a las 09:00,to_destination,WALK,A pie,2026-07-29,2026-07-29T09:00:00+02:00,2026-08-12T11:23:03.971391+02:00,no_route,0,"[{""code"":""NO_DIRECT_MODE_CONNECTION"",""description"":""No route found for the requested direct mode. The origin and destination may be too far apart or not connected by the requested mode of transport."",""inputField"":null}]",,0.3154992999625392
2026-07-29|MAD-211|DEST_003|evening_departure_1800|WALK,MAD-211,Alameda de Osuna,Barajas,40.331755,-3.765697,DEST_003,UC3M Campus de Leganés,40.45729237498869,-3.591115653365268,evening_departure_1800,Salida del destino a las 18:00,from_destination,WALK,A pie,2026-07-29,2026-07-29T18:00:00+02:00,2026-08-12T11:23:18.158351+02:00,no_route,0,"[{""code"":""NO_DIRECT_MODE_CONNECTION"",""description"":""No route found for the requested direct mode. The origin and destination may be too far apart or not connected by the requested mode of transport."",""inputField"":null}]",,0.0207712000119499
2026-07-29|MAD-211|DEST_003|morning_arrival_0900|WALK,MAD-211,Alameda de Osuna,Barajas,40.45729237498869,-3.591115653365268,DEST_003,UC3M Campus de Leganés,40.331755,-3.765697,morning_arrival_0900,Llegada al destino a las 09:00,to_destination,WALK,A pie,2026-07-29,2026-07-29T09:00:00+02:00,2026-08-12T11:23:16.219898+02:00,no_route,0,"[{""code"":""NO_DIRECT_MODE_CONNECTION"",""description"":""No route found for the requested direct mode. The origin and destination may be too far apart or not connected by the requested mode of transport."",""inputField"":null}]",,0.0161894999910146
2026-07-29|MAD-212|DEST_001|evening_departure_1800|CAR,MAD-212,Aeropuerto,Barajas,40.416775,-3.70379,DEST_001,Puerta del Sol,40.47941943172679,-3.557252067552487,evening_departure_1800,Salida del destino a las 18:00,from_destination,CAR,Coche,2026-07-29,2026-07-29T18:00:00+02:00,2026-08-12T11:23:27.513171+02:00,no_route,0,"[{""code"":""NO_DIRECT_MODE_CONNECTION"",""description"":""No route found for the requested direct mode. The origin and destination may be too far apart or not connected by the requested mode of transport."",""inputField"":null}]",,0.4740225999848917
2026-07-29|MAD-212|DEST_001|evening_departure_1800|WALK,MAD-212,Aeropuerto,Barajas,40.416775,-3.70379,DEST_001,Puerta del Sol,40.47941943172679,-3.557252067552487,evening_departure_1800,Salida del destino a las 18:00,from_destination,WALK,A pie,2026-07-29,2026-07-29T18:00:00+02:00,2026-08-12T11:23:26.543564+02:00,no_route,0,"[{""code"":""NO_DIRECT_MODE_CONNECTION"",""description"":""No route found for the requested direct mode. The origin and destination may be too far apart or not connected by the requested mode of transport."",""inputField"":null}]",,0.501621300005354
2026-07-29|MAD-212|DEST_001|morning_arrival_0900|CAR,MAD-212,Aeropuerto,Barajas,40.47941943172679,-3.557252067552487,DEST_001,Puerta del Sol,40.416775,-3.70379,morning_arrival_0900,Llegada al destino a las 09:00,to_destination,CAR,Coche,2026-07-29,2026-07-29T09:00:00+02:00,2026-08-12T11:23:20.345135+02:00,no_route,0,"[{""code"":""NO_DIRECT_MODE_CONNECTION"",""description"":""No route found for the requested direct mode. The origin and destination may be too far apart or not connected by the requested mode of transport."",""inputField"":null}]",,0.543953699991107
2026-07-29|MAD-212|DEST_001|morning_arrival_0900|WALK,MAD-212,Aeropuerto,Barajas,40.47941943172679,-3.557252067552487,DEST_001,Puerta del Sol,40.416775,-3.70379,morning_arrival_0900,Llegada al destino a las 09:00,to_destination,WALK,A pie,2026-07-29,2026-07-29T09:00:00+02:00,2026-08-12T11:23:19.301357+02:00,no_route,0,"[{""code"":""NO_DIRECT_MODE_CONNECTION"",""description"":""No route found for the requested direct mode. The origin and destination may be too far apart or not connected by the requested mode of transport."",""inputField"":null}]",,0.4325221999897621
2026-07-29|MAD-212|DEST_002|evening_departure_1800|CAR,MAD-212,Aeropuerto,Barajas,40.44661,-3.692436,DEST_002,Nuevos Ministerios,40.47941943172679,-3.557252067552487,evening_departure_1800,Salida del destino a las 18:00,from_destination,CAR,Coche,2026-07-29,2026-07-29T18:00:00+02:00,2026-08-12T11:23:33.794703+02:00,no_route,0,"[{""code"":""NO_DIRECT_MODE_CONNECTION"",""description"":""No route found for the requested direct mode. The origin and destination may be too far apart or not connected by the requested mode of transport."",""inputField"":null}]",,0.49033620004775
2026-07-29|MAD-212|DEST_002|evening_departure_1800|WALK,MAD-212,Aeropuerto,Barajas,40.44661,-3.692436,DEST_002,Nuevos Ministerios,40.47941943172679,-3.557252067552487,evening_departure_1800,Salida del destino a las 18:00,from_destination,WALK,A pie,2026-07-29,2026-07-29T18:00:00+02:00,2026-08-12T11:23:32.477293+02:00,no_route,0,"[{""code"":""NO_DIRECT_MODE_CONNECTION"",""description"":""No route found for the requested direct mode. The origin and destination may be too far apart or not connected by the requested mode of transport."",""inputField"":null}]",,0.4457477999967523
2026-07-29|MAD-212|DEST_002|morning_arrival_0900|CAR,MAD-212,Aeropuerto,Barajas,40.47941943172679,-3.557252067552487,DEST_002,Nuevos Ministerios,40.44661,-3.692436,morning_arrival_0900,Llegada al destino a las 09:00,to_destination,CAR,Coche,2026-07-29,2026-07-29T09:00:00+02:00,2026-08-12T11:23:29.296237+02:00,no_route,0,"[{""code"":""NO_DIRECT_MODE_CONNECTION"",""description"":""No route found for the requested direct mode. The origin and destination may be too far apart or not connected by the requested mode of transport."",""inputField"":null}]",,0.5186508999904618
2026-07-29|MAD-212|DEST_002|morning_arrival_0900|WALK,MAD-212,Aeropuerto,Barajas,40.47941943172679,-3.557252067552487,DEST_002,Nuevos Ministerios,40.44661,-3.692436,morning_arrival_0900,Llegada al destino a las 09:00,to_destination,WALK,A pie,2026-07-29,2026-07-29T09:00:00+02:00,2026-08-12T11:23:28.436852+02:00,no_route,0,"[{""code"":""NO_DIRECT_MODE_CONNECTION"",""description"":""No route found for the requested direct mode. The origin and destination may be too far apart or not connected by the requested mode of transport."",""inputField"":null}]",,0.4100428000092506
2026-07-29|MAD-212|DEST_003|evening_departure_1800|CAR,MAD-212,Aeropuerto,Barajas,40.331755,-3.765697,DEST_003,UC3M Campus de Leganés,40.47941943172679,-3.557252067552487,evening_departure_1800,Salida del destino a las 18:00,from_destination,CAR,Coche,2026-07-29,2026-07-29T18:00:00+02:00,2026-08-12T11:23:38.195862+02:00,no_route,0,"[{""code"":""NO_DIRECT_MODE_CONNECTION"",""description"":""No route found for the requested direct mode. The origin and destination may be too far apart or not connected by the requested mode of transport."",""inputField"":null}]",,0.490262100007385
2026-07-29|MAD-212|DEST_003|evening_departure_1800|WALK,MAD-212,Aeropuerto,Barajas,40.331755,-3.765697,DEST_003,UC3M Campus de Leganés,40.47941943172679,-3.557252067552487,evening_departure_1800,Salida del destino a las 18:00,from_destination,WALK,A pie,2026-07-29,2026-07-29T18:00:00+02:00,2026-08-12T11:23:37.563253+02:00,no_route,0,"[{""code"":""NO_DIRECT_MODE_CONNECTION"",""description"":""No route found for the requested direct mode. The origin and destination may be too far apart or not connected by the requested mode of transport."",""inputField"":null}]",,0.0094551000511273
2026-07-29|MAD-212|DEST_003|morning_arrival_0900|CAR,MAD-212,Aeropuerto,Barajas,40.47941943172679,-3.557252067552487,DEST_003,UC3M Campus de Leganés,40.331755,-3.765697,morning_arrival_0900,Llegada al destino a las 09:00,to_destination,CAR,Coche,2026-07-29,2026-07-29T09:00:00+02:00,2026-08-12T11:23:35.107978+02:00,no_route,0,"[{""code"":""NO_DIRECT_MODE_CONNECTION"",""description"":""No route found for the requested direct mode. The origin and destination may be too far apart or not connected by the requested mode of transport."",""inputField"":null}]",,0.4979727999889292
2026-07-29|MAD-212|DEST_003|morning_arrival_0900|TRANSIT,MAD-212,Aeropuerto,Barajas,40.47941943172679,-3.557252067552487,DEST_003,UC3M Campus de Leganés,40.331755,-3.765697,morning_arrival_0900,Llegada al destino a las 09:00,to_destination,TRANSIT,Transporte público,2026-07-29,2026-07-29T09:00:00+02:00,2026-08-12T11:23:34.285510+02:00,no_route,0,"[{""code"":""NO_TRANSIT_CONNECTION_IN_SEARCH_WINDOW"",""description"":""ES-los trip is not possible.  Please check that you plan is within the bound of the map."",""inputField"":""DATE_TIME""}]",,0.1603638000087812
2026-07-29|MAD-212|DEST_003|morning_arrival_0900|WALK,MAD-212,Aeropuerto,Barajas,40.47941943172679,-3.557252067552487,DEST_003,UC3M Campus de Leganés,40.331755,-3.765697,morning_arrival_0900,Llegada al destino a las 09:00,to_destination,WALK,A pie,2026-07-29,2026-07-29T09:00:00+02:00,2026-08-12T11:23:34.446379+02:00,no_route,0,"[{""code"":""NO_DIRECT_MODE_CONNECTION"",""description"":""No route found for the requested direct mode. The origin and destination may be too far apart or not connected by the requested mode of transport."",""inputField"":null}]",,0.0078929000301286
2026-07-29|MAD-213|DEST_003|evening_departure_1800|WALK,MAD-213,Casco Histórico de Barajas,Barajas,40.331755,-3.765697,DEST_003,UC3M Campus de Leganés,40.47346591539705,-3.578165655434032,evening_departure_1800,Salida del destino a las 18:00,from_destination,WALK,A pie,2026-07-29,2026-07-29T18:00:00+02:00,2026-08-12T11:23:49.788386+02:00,no_route,0,"[{""code"":""NO_DIRECT_MODE_CONNECTION"",""description"":""No route found for the requested direct mode. The origin and destination may be too far apart or not connected by the requested mode of transport."",""inputField"":null}]",,0.0277340999455191
2026-07-29|MAD-213|DEST_003|morning_arrival_0900|WALK,MAD-213,Casco Histórico de Barajas,Barajas,40.47346591539705,-3.578165655434032,DEST_003,UC3M Campus de Leganés,40.331755,-3.765697,morning_arrival_0900,Llegada al destino a las 09:00,to_destination,WALK,A pie,2026-07-29,2026-07-29T09:00:00+02:00,2026-08-12T11:23:47.900286+02:00,no_route,0,"[{""code"":""NO_DIRECT_MODE_CONNECTION"",""description"":""No route found for the requested direct mode. The origin and destination may be too far apart or not connected by the requested mode of transport."",""inputField"":null}]",,0.0095915999845601
2026-07-29|MAD-214|DEST_003|evening_departure_1800|WALK,MAD-214,Timón,Barajas,40.331755,-3.765697,DEST_003,UC3M Campus de Leganés,40.47632085358852,-3.603938522933315,evening_departure_1800,Salida del destino a las 18:00,from_destination,WALK,A pie,2026-07-29,2026-07-29T18:00:00+02:00,2026-08-12T11:24:07.021843+02:00,no_route,0,"[{""code"":""NO_DIRECT_MODE_CONNECTION"",""description"":""No route found for the requested direct mode. The origin and destination may be too far apart or not connected by the requested mode of transport."",""inputField"":null}]",,0.0174675000016577
2026-07-29|MAD-214|DEST_003|morning_arrival_0900|WALK,MAD-214,Timón,Barajas,40.47632085358852,-3.603938522933315,DEST_003,UC3M Campus de Leganés,40.331755,-3.765697,morning_arrival_0900,Llegada al destino a las 09:00,to_destination,WALK,A pie,2026-07-29,2026-07-29T09:00:00+02:00,2026-08-12T11:24:04.043271+02:00,no_route,0,"[{""code"":""NO_DIRECT_MODE_CONNECTION"",""description"":""No route found for the requested direct mode. The origin and destination may be too far apart or not connected by the requested mode of transport."",""inputField"":null}]",,0.017148399958387
2026-07-29|MAD-215|DEST_001|evening_departure_1800|CAR,MAD-215,Corralejos,Barajas,40.416775,-3.70379,DEST_001,Puerta del Sol,40.46267914037393,-3.6058234294253126,evening_departure_1800,Salida del destino a las 18:00,from_destination,CAR,Coche,2026-07-29,2026-07-29T18:00:00+02:00,2026-08-12T11:24:12.475270+02:00,no_route,0,"[{""code"":""NO_DIRECT_MODE_CONNECTION"",""description"":""No route found for the requested direct mode. The origin and destination may be too far apart or not connected by the requested mode of transport."",""inputField"":null}]",,0.4932849999750033
2026-07-29|MAD-215|DEST_001|morning_arrival_0900|CAR,MAD-215,Corralejos,Barajas,40.46267914037393,-3.6058234294253126,DEST_001,Puerta del Sol,40.416775,-3.70379,morning_arrival_0900,Llegada al destino a las 09:00,to_destination,CAR,Coche,2026-07-29,2026-07-29T09:00:00+02:00,2026-08-12T11:24:09.099790+02:00,no_route,0,"[{""code"":""NO_DIRECT_MODE_CONNECTION"",""description"":""No route found for the requested direct mode. The origin and destination may be too far apart or not connected by the requested mode of transport."",""inputField"":null}]",,0.6263356999843381
2026-07-29|MAD-215|DEST_002|evening_departure_1800|CAR,MAD-215,Corralejos,Barajas,40.44661,-3.692436,DEST_002,Nuevos Ministerios,40.46267914037393,-3.6058234294253126,evening_departure_1800,Salida del destino a las 18:00,from_destination,CAR,Coche,2026-07-29,2026-07-29T18:00:00+02:00,2026-08-12T11:24:15.826398+02:00,no_route,0,"[{""code"":""NO_DIRECT_MODE_CONNECTION"",""description"":""No route found for the requested direct mode. The origin and destination may be too far apart or not connected by the requested mode of transport."",""inputField"":null}]",,0.4831975999986753
2026-07-29|MAD-215|DEST_002|morning_arrival_0900|CAR,MAD-215,Corralejos,Barajas,40.46267914037393,-3.6058234294253126,DEST_002,Nuevos Ministerios,40.44661,-3.692436,morning_arrival_0900,Llegada al destino a las 09:00,to_destination,CAR,Coche,2026-07-29,2026-07-29T09:00:00+02:00,2026-08-12T11:24:13.475739+02:00,no_route,0,"[{""code"":""NO_DIRECT_MODE_CONNECTION"",""description"":""No route found for the requested direct mode. The origin and destination may be too far apart or not connected by the requested mode of transport."",""inputField"":null}]",,0.6602111000102013
2026-07-29|MAD-215|DEST_003|evening_departure_1800|CAR,MAD-215,Corralejos,Barajas,40.331755,-3.765697,DEST_003,UC3M Campus de Leganés,40.46267914037393,-3.6058234294253126,evening_departure_1800,Salida del destino a las 18:00,from_destination,CAR,Coche,2026-07-29,2026-07-29T18:00:00+02:00,2026-08-12T11:24:21.384371+02:00,no_route,0,"[{""code"":""NO_DIRECT_MODE_CONNECTION"",""description"":""No route found for the requested direct mode. The origin and destination may be too far apart or not connected by the requested mode of transport."",""inputField"":null}]",,0.510766200022772
2026-07-29|MAD-215|DEST_003|evening_departure_1800|WALK,MAD-215,Corralejos,Barajas,40.331755,-3.765697,DEST_003,UC3M Campus de Leganés,40.46267914037393,-3.6058234294253126,evening_departure_1800,Salida del destino a las 18:00,from_destination,WALK,A pie,2026-07-29,2026-07-29T18:00:00+02:00,2026-08-12T11:24:20.782234+02:00,no_route,0,"[{""code"":""NO_DIRECT_MODE_CONNECTION"",""description"":""No route found for the requested direct mode. The origin and destination may be too far apart or not connected by the requested mode of transport."",""inputField"":null}]",,0.0063151000067591
2026-07-29|MAD-215|DEST_003|morning_arrival_0900|CAR,MAD-215,Corralejos,Barajas,40.46267914037393,-3.6058234294253126,DEST_003,UC3M Campus de Leganés,40.331755,-3.765697,morning_arrival_0900,Llegada al destino a las 09:00,to_destination,CAR,Coche,2026-07-29,2026-07-29T09:00:00+02:00,2026-08-12T11:24:19.453945+02:00,no_route,0,"[{""code"":""NO_DIRECT_MODE_CONNECTION"",""description"":""No route found for the requested direct mode. The origin and destination may be too far apart or not connected by the requested mode of transport."",""inputField"":null}]",,0.5120805999613367
2026-07-29|MAD-215|DEST_003|morning_arrival_0900|WALK,MAD-215,Corralejos,Barajas,40.46267914037393,-3.6058234294253126,DEST_003,UC3M Campus de Leganés,40.331755,-3.765697,morning_arrival_0900,Llegada al destino a las 09:00,to_destination,WALK,A pie,2026-07-29,2026-07-29T09:00:00+02:00,2026-08-12T11:24:18.871418+02:00,no_route,0,"[{""code"":""NO_DIRECT_MODE_CONNECTION"",""description"":""No route found for the requested direct mode. The origin and destination may be too far apart or not connected by the requested mode of transport."",""inputField"":null}]",,0.0220514999818988
